{
"type": "FeatureCollection",
"name": "barcelona_cartogram",
"crs": { "type": "name", "properties": { "name": "urn:ogc:def:crs:OGC:1.3:CRS84" } },
"features": [
{ "type": "Feature", "properties": { "id": 0, "snapped_id": 0.0, "centroid_lon": 2.16375, "centroid_lat": 41.39447, "radius": 192.314, "internal_id": 618000602309853183, "population": 2589, "component": 0, "o_score_pt": 2800.0912210992783, "o_score_car": 2597.1414341810896, "CDI": -0.037602564106557997, "log_population": 3.4132997640812519 }, "geometry": { "type": "Polygon", "coordinates": [ [ [ 2.161580787649739, 41.395040032211682 ], [ 2.163424017286942, 41.396249428023246 ], [ 2.16559606999709, 41.39568070877943 ], [ 2.165924797524907, 41.393902585182126 ], [ 2.16408154250526, 41.392693214742096 ], [ 2.161909585337366, 41.393261942528412 ], [ 2.161580787649739, 41.395040032211682 ] ] ] } },
{ "type": "Feature", "properties": { "id": 1, "snapped_id": 1.0, "centroid_lon": 2.16527, "centroid_lat": 41.39746, "radius": 192.314, "internal_id": 618000602272366591, "population": 2091, "component": 0, "o_score_pt": 2862.2960873134134, "o_score_car": 2561.1386928314487, "CDI": -0.055528904963418897, "log_population": 3.3205616801952367 }, "geometry": { "type": "Polygon", "coordinates": [ [ [ 2.163156176490797, 41.398010432035427 ], [ 2.16495117603376, 41.399188095048011 ], [ 2.167058833892979, 41.398636268843099 ], [ 2.16737849601141, 41.396907123085093 ], [ 2.165583471737277, 41.395729485959052 ], [ 2.163475906836289, 41.396281319700201 ], [ 2.163156176490797, 41.398010432035427 ] ] ] } },
{ "type": "Feature", "properties": { "id": 2, "snapped_id": 2.0, "centroid_lon": 2.1363, "centroid_lat": 41.44225, "radius": 192.213, "internal_id": 618000602839121919, "population": 0, "component": 0, "o_score_pt": 6.5651624481381123, "o_score_car": 1795.6049655345039, "CDI": 0.99271415906167837, "log_population": 0.0 }, "geometry": { "type": "Polygon", "coordinates": [ [ [ 2.136259809238001, 41.442219302612003 ], [ 2.136344781466657, 41.442275062565699 ], [ 2.136344782743557, 41.442275055676852 ], [ 2.136259809861738, 41.442219299247768 ], [ 2.136259809238001, 41.442219302612003 ] ] ] } },
{ "type": "Feature", "properties": { "id": 3, "snapped_id": 904.0, "centroid_lon": 2.14197, "centroid_lat": 41.32233, "radius": 192.355, "internal_id": 618000602689175551, "population": 577, "component": 0, "o_score_pt": 1095.5685444439118, "o_score_car": 1593.3535754282459, "CDI": 0.18512437653196179, "log_population": 2.761927838420529 }, "geometry": { "type": "Polygon", "coordinates": [ [ [ 2.140272998807911, 41.322770508284719 ], [ 2.141740804587878, 41.323734961165862 ], [ 2.143412960429918, 41.323296300759232 ], [ 2.143671888753204, 41.321895594195141 ], [ 2.142204062588426, 41.320931169017577 ], [ 2.140531982166289, 41.321369831347695 ], [ 2.140272998807911, 41.322770508284719 ] ] ] } },
{ "type": "Feature", "properties": { "id": 4, "snapped_id": 4.0, "centroid_lon": 2.16361, "centroid_lat": 41.35051, "radius": 192.362, "internal_id": 618000602651688959, "population": 415, "component": 0, "o_score_pt": 3.558001889204228, "o_score_car": 1638.8173649743144, "CDI": 0.995667248838493, "log_population": 2.6190933306267428 }, "geometry": { "type": "Polygon", "coordinates": [ [ [ 2.162017127752128, 41.350916691770593 ], [ 2.163402921818906, 41.351826446476444 ], [ 2.164965081418635, 41.351416773473559 ], [ 2.165208226194899, 41.350100443548641 ], [ 2.163822412896066, 41.349190716538118 ], [ 2.162260324305033, 41.349600390285531 ], [ 2.162017127752128, 41.350916691770593 ] ] ] } },
{ "type": "Feature", "properties": { "id": 5, "snapped_id": 5.0, "centroid_lon": 2.17686, "centroid_lat": 41.41304, "radius": 192.317, "internal_id": 618000602464255999, "population": 1588, "component": 0, "o_score_pt": 2585.1337100322644, "o_score_car": 2461.0262668246805, "CDI": -0.024594432950357101, "log_population": 3.2011238972073794 }, "geometry": { "type": "Polygon", "coordinates": [ [ [ 2.174834488684956, 41.413563158279061 ], [ 2.176560649198343, 41.414695109572826 ], [ 2.178576104172641, 41.414167523866993 ], [ 2.178882614183144, 41.412508858181198 ], [ 2.177156429896638, 41.411376933401343 ], [ 2.175141064181081, 41.411904525252673 ], [ 2.174834488684956, 41.413563158279061 ] ] ] } },
{ "type": "Feature", "properties": { "id": 6, "snapped_id": null, "centroid_lon": 2.06654, "centroid_lat": 41.42833, "radius": 192.105, "internal_id": 618000603143471103, "population": 0, "component": 1, "o_score_pt": 0.42312639773496907, "o_score_car": 825.77679836729305, "CDI": 0.99897572879141716, "log_population": 0.0 }, "geometry": { "type": "Polygon", "coordinates": [ [ [ 2.066501508898388, 41.428298376346973 ], [ 2.066585901576394, 41.428353863586388 ], [ 2.066585902858396, 41.428353856697406 ], [ 2.066501509527773, 41.42829837296572 ], [ 2.066501508898388, 41.428298376346973 ] ] ] } },
{ "type": "Feature", "properties": { "id": 7, "snapped_id": 7.0, "centroid_lon": 2.12163, "centroid_lat": 41.39872, "radius": 192.235, "internal_id": 618000602351796223, "population": 2113, "component": 0, "o_score_pt": 1686.9837218273135, "o_score_car": 2268.2041748496586, "CDI": 0.14695141373957701, "log_population": 3.3251049829714074 }, "geometry": { "type": "Polygon", "coordinates": [ [ [ 2.119519483983482, 41.399276481469094 ], [ 2.121315858643028, 41.400456333673354 ], [ 2.123426534310474, 41.399904507678514 ], [ 2.123747466422773, 41.398173149142686 ], [ 2.121951066854518, 41.396993322771394 ], [ 2.119840484328696, 41.397545156433182 ], [ 2.119519483983482, 41.399276481469094 ] ] ] } },
{ "type": "Feature", "properties": { "id": 8, "snapped_id": 8.0, "centroid_lon": 2.1745, "centroid_lat": 41.45933, "radius": 192.262, "internal_id": 618000602993524735, "population": 686, "component": 0, "o_score_pt": 1182.1836504331252, "o_score_car": 1735.3502508069721, "CDI": 0.18960074470384841, "log_population": 2.8369567370595505 }, "geometry": { "type": "Polygon", "coordinates": [ [ [ 2.172745187537794, 41.459778870137974 ], [ 2.174260300616409, 41.460771922305227 ], [ 2.17599396570706, 41.460318886513591 ], [ 2.176260994683015, 41.458875402332517 ], [ 2.174745860630485, 41.45788237776096 ], [ 2.17301227353776, 41.458335416058851 ], [ 2.172745187537794, 41.459778870137974 ] ] ] } },
{ "type": "Feature", "properties": { "id": 9, "snapped_id": 9.0, "centroid_lon": 2.17284, "centroid_lat": 41.4124, "radius": 192.311, "internal_id": 618000602276823039, "population": 2188, "component": 0, "o_score_pt": 2516.0771641750152, "o_score_car": 2449.8322286638504, "CDI": -0.0133399404360244, "log_population": 3.3402457615679317 }, "geometry": { "type": "Polygon", "coordinates": [ [ [ 2.1707158895766, 41.412951114292227 ], [ 2.17252289381936, 41.414136208899784 ], [ 2.174646302539656, 41.413580422844795 ], [ 2.17496803104148, 41.411839808476387 ], [ 2.173161001929669, 41.410654739634147 ], [ 2.171037686807514, 41.411210533444034 ], [ 2.1707158895766, 41.412951114292227 ] ] ] } },
{ "type": "Feature", "properties": { "id": 10, "snapped_id": 10.0, "centroid_lon": 2.18292, "centroid_lat": 41.42498, "radius": 192.315, "internal_id": 618000602956038143, "population": 2693, "component": 0, "o_score_pt": 2443.5254482145542, "o_score_car": 2264.6931026760144, "CDI": -0.037983017059544301, "log_population": 3.4303975913869666 }, "geometry": { "type": "Polygon", "coordinates": [ [ [ 2.180748340761436, 41.425553243724842 ], [ 2.182592821130296, 41.426762420287581 ], [ 2.184765896091833, 41.426193709375774 ], [ 2.185094395088083, 41.424415813397438 ], [ 2.183249889382387, 41.423206662198005 ], [ 2.181076910014393, 41.423775381614206 ], [ 2.180748340761436, 41.425553243724842 ] ] ] } },
{ "type": "Feature", "properties": { "id": 11, "snapped_id": 11.0, "centroid_lon": 2.18724, "centroid_lat": 41.36801, "radius": 192.385, "internal_id": 618000602422312959, "population": 634, "component": 0, "o_score_pt": 1660.9113269145359, "o_score_car": 1903.93212740793, "CDI": 0.0681715210239386, "log_population": 2.8027737252919755 }, "geometry": { "type": "Polygon", "coordinates": [ [ [ 2.185510204939649, 41.368453934718275 ], [ 2.1870037999609, 41.369433661816871 ], [ 2.188709130128647, 41.368986388472266 ], [ 2.188971975419104, 41.367561841080565 ], [ 2.187478359782992, 41.366582141658384 ], [ 2.185773106360274, 41.367029417200584 ], [ 2.185510204939649, 41.368453934718275 ] ] ] } },
{ "type": "Feature", "properties": { "id": 12, "snapped_id": 12.0, "centroid_lon": 2.13327, "centroid_lat": 41.43627, "radius": 192.215, "internal_id": 618000602843578367, "population": 0, "component": 0, "o_score_pt": 1061.8310174889971, "o_score_car": 1769.3857384377245, "CDI": 0.2499118866358675, "log_population": 0.0 }, "geometry": { "type": "Polygon", "coordinates": [ [ [ 2.133232137901306, 41.43624568718932 ], [ 2.133316969516717, 41.436301363223244 ], [ 2.133316970793453, 41.43630135633574 ], [ 2.133232138525836, 41.436245683821021 ], [ 2.133232137901306, 41.43624568718932 ] ] ] } },
{ "type": "Feature", "properties": { "id": 13, "snapped_id": 13.0, "centroid_lon": 2.14953, "centroid_lat": 41.33728, "radius": 192.352, "internal_id": 618000602693631999, "population": 339, "component": 0, "o_score_pt": 2.3291425005056312, "o_score_car": 1668.076650757095, "CDI": 0.99721128541351201, "log_population": 2.5314789170422549 }, "geometry": { "type": "Polygon", "coordinates": [ [ [ 2.148003800431242, 41.337665280413276 ], [ 2.149338052370418, 41.338541652800764 ], [ 2.150831817136283, 41.338149905116914 ], [ 2.151065576147953, 41.336885144138414 ], [ 2.149731305636763, 41.336008799344633 ], [ 2.148237609137096, 41.336400547155087 ], [ 2.148003800431242, 41.337665280413276 ] ] ] } },
{ "type": "Feature", "properties": { "id": 14, "snapped_id": 14.0, "centroid_lon": 2.10011, "centroid_lat": 41.4145, "radius": 192.18, "internal_id": 618000603072954367, "population": 183, "component": 0, "o_score_pt": 14.119532003926423, "o_score_car": 1638.6326724161188, "CDI": 0.98291391538772022, "log_population": 2.2648178230095364 }, "geometry": { "type": "Polygon", "coordinates": [ [ [ 2.098773509463254, 41.414829730942444 ], [ 2.099953355407549, 41.415604928297832 ], [ 2.101241013664058, 41.415268694440435 ], [ 2.10144647316798, 41.414162080270096 ], [ 2.100266610584209, 41.413386909737277 ], [ 2.098979012447609, 41.413723142113227 ], [ 2.098773509463254, 41.414829730942444 ] ] ] } },
{ "type": "Feature", "properties": { "id": 15, "snapped_id": 15.0, "centroid_lon": 2.18944, "centroid_lat": 41.42328, "radius": 192.328, "internal_id": 618000602459799551, "population": 2939, "component": 0, "o_score_pt": 2500.2444076604866, "o_score_car": 2097.8523773381612, "CDI": -0.087512736059652901, "log_population": 3.4683473304121573 }, "geometry": { "type": "Polygon", "coordinates": [ [ [ 2.187267440975346, 41.423847017056815 ], [ 2.189112083454753, 41.425056125192206 ], [ 2.191285195843856, 41.42448725191894 ], [ 2.191613570167047, 41.422709262017939 ], [ 2.18976890237357, 41.421500179250977 ], [ 2.187595885568125, 41.422069061017147 ], [ 2.187267440975346, 41.423847017056815 ] ] ] } },
{ "type": "Feature", "properties": { "id": 16, "snapped_id": 16.0, "centroid_lon": 2.10907, "centroid_lat": 41.38848, "radius": 192.224, "internal_id": 618000602356252671, "population": 2311, "component": 0, "o_score_pt": 1760.8727369625783, "o_score_car": 2234.7220624289612, "CDI": 0.11859293778702031, "log_population": 3.3639878297484915 }, "geometry": { "type": "Polygon", "coordinates": [ [ [ 2.106928819545309, 41.389037452887131 ], [ 2.108747199997982, 41.390232288321684 ], [ 2.11088764204155, 41.389672697700917 ], [ 2.111213004389893, 41.387918425643839 ], [ 2.109394598688258, 41.386723615805586 ], [ 2.107254250987139, 41.38728321458288 ], [ 2.106928819545309, 41.389037452887131 ] ] ] } },
{ "type": "Feature", "properties": { "id": 17, "snapped_id": 17.0, "centroid_lon": 2.13071, "centroid_lat": 41.41665, "radius": 192.232, "internal_id": 618000602318766079, "population": 850, "component": 0, "o_score_pt": 1414.1640034266461, "o_score_car": 2222.123843174712, "CDI": 0.22219358693047969, "log_population": 2.929929560084588 }, "geometry": { "type": "Polygon", "coordinates": [ [ [ 2.128886121725882, 41.417119148231201 ], [ 2.130453343348418, 41.418148033546288 ], [ 2.13225776632166, 41.417676441934361 ], [ 2.132535470259361, 41.416177991927121 ], [ 2.130968226844248, 41.415149134037634 ], [ 2.129163884719234, 41.415620729083741 ], [ 2.128886121725882, 41.417119148231201 ] ] ] } },
{ "type": "Feature", "properties": { "id": 18, "snapped_id": 18.0, "centroid_lon": 2.17989, "centroid_lat": 41.41901, "radius": 192.316, "internal_id": 618000602960494591, "population": 1558, "component": 0, "o_score_pt": 2345.3060628574381, "o_score_car": 2398.0593446290118, "CDI": 0.011121488065902199, "log_population": 3.1928461151888419 }, "geometry": { "type": "Polygon", "coordinates": [ [ [ 2.177871533889054, 41.419535788135747 ], [ 2.179593090281434, 41.420664550906686 ], [ 2.181602298834621, 41.420138662306549 ], [ 2.181907877357779, 41.418484926486741 ], [ 2.18018629726242, 41.41735619026695 ], [ 2.178177177720097, 41.417882084914957 ], [ 2.177871533889054, 41.419535788135747 ] ] ] } },
{ "type": "Feature", "properties": { "id": 19, "snapped_id": 19.0, "centroid_lon": 2.16777, "centroid_lat": 41.39511, "radius": 192.321, "internal_id": 618000602497286143, "population": 2015, "component": 0, "o_score_pt": 2732.2537010198625, "o_score_car": 2561.5125504261987, "CDI": -0.032253247023708999, "log_population": 3.3044905277734875 }, "geometry": { "type": "Polygon", "coordinates": [ [ [ 2.165668800268558, 41.395660346486039 ], [ 2.167454470666697, 41.396831848243494 ], [ 2.169549624823154, 41.396283206001684 ], [ 2.169867483599174, 41.394563472568329 ], [ 2.168081788604703, 41.393391996792701 ], [ 2.165986726898138, 41.393940646377388 ], [ 2.165668800268558, 41.395660346486039 ] ] ] } },
{ "type": "Feature", "properties": { "id": 20, "snapped_id": 20.0, "centroid_lon": 2.19255, "centroid_lat": 41.45123, "radius": 192.303, "internal_id": 618000602923007999, "population": 2301, "component": 0, "o_score_pt": 1822.6751888586984, "o_score_car": 2006.1803085043323, "CDI": 0.047926885663879301, "log_population": 3.3621053192937729 }, "geometry": { "type": "Polygon", "coordinates": [ [ [ 2.19040753282958, 41.45178573941844 ], [ 2.19222869748868, 41.452978955606746 ], [ 2.194370308241522, 41.452418834796973 ], [ 2.194694213481443, 41.450665679961304 ], [ 2.192873023824432, 41.449472489392015 ], [ 2.190731507420113, 41.450032618179279 ], [ 2.19040753282958, 41.45178573941844 ] ] ] } },
{ "type": "Feature", "properties": { "id": 21, "snapped_id": 21.0, "centroid_lon": 2.17421, "centroid_lat": 41.37142, "radius": 192.358, "internal_id": 618000602735575039, "population": 2200, "component": 0, "o_score_pt": 2214.3341036100451, "o_score_car": 2304.0410198056816, "CDI": 0.0198538000377049, "log_population": 3.3426200425533481 }, "geometry": { "type": "Polygon", "coordinates": [ [ [ 2.172084804768581, 41.371981146010597 ], [ 2.173892342918776, 41.373167143277321 ], [ 2.176016579980287, 41.372610299545343 ], [ 2.176338387645907, 41.370867700118538 ], [ 2.174530824637364, 41.369681728629239 ], [ 2.172406681155698, 41.370238580146996 ], [ 2.172084804768581, 41.371981146010597 ] ] ] } },
{ "type": "Feature", "properties": { "id": 22, "snapped_id": 22.0, "centroid_lon": 2.13697, "centroid_lat": 41.32703, "radius": 192.341, "internal_id": 618000602698088447, "population": 2038, "component": 0, "o_score_pt": 1136.4669419362565, "o_score_car": 1781.2662039152992, "CDI": 0.22099322650387709, "log_population": 3.30941722577814 }, "geometry": { "type": "Polygon", "coordinates": [ [ [ 2.134873883664495, 41.32757875808062 ], [ 2.136660039739136, 41.328752467566972 ], [ 2.13875694141549, 41.328202564330674 ], [ 2.139075623203964, 41.326479299664143 ], [ 2.137289442436785, 41.325305616154687 ], [ 2.135192633241307, 41.325855526854035 ], [ 2.134873883664495, 41.32757875808062 ] ] ] } },
{ "type": "Feature", "properties": { "id": 23, "snapped_id": 23.0, "centroid_lon": 2.15861, "centroid_lat": 41.3552, "radius": 192.348, "internal_id": 618000602660601855, "population": 1201, "component": 0, "o_score_pt": 961.36454212706144, "o_score_car": 1770.9020127779077, "CDI": 0.29628788201413342, "log_population": 3.0799044676667209 }, "geometry": { "type": "Polygon", "coordinates": [ [ [ 2.156680035679502, 41.355707018521791 ], [ 2.158333912179294, 41.356792838108085 ], [ 2.160253686352458, 41.356289547515708 ], [ 2.16054709795572, 41.354701717461921 ], [ 2.158893198608837, 41.353615924911828 ], [ 2.156973509810267, 41.354119220387048 ], [ 2.156680035679502, 41.355707018521791 ] ] ] } },
{ "type": "Feature", "properties": { "id": 24, "snapped_id": 24.0, "centroid_lon": 2.22302, "centroid_lat": 41.4094, "radius": 192.402, "internal_id": 618000602473168895, "population": 1464, "component": 0, "o_score_pt": 1709.2750620920619, "o_score_car": 2107.8082375878812, "CDI": 0.1044077753108599, "log_population": 3.1658376246901283 }, "geometry": { "type": "Polygon", "coordinates": [ [ [ 2.22102255524552, 41.409924284737713 ], [ 2.222729384954181, 41.411042299799917 ], [ 2.224717914890689, 41.410520931199372 ], [ 2.225019794473106, 41.408882583325337 ], [ 2.223312941409742, 41.407764594965869 ], [ 2.221324499584252, 41.408285969245789 ], [ 2.22102255524552, 41.409924284737713 ] ] ] } },
{ "type": "Feature", "properties": { "id": 25, "snapped_id": 25.0, "centroid_lon": 2.12244, "centroid_lat": 41.32745, "radius": 192.315, "internal_id": 618000605152542719, "population": 953, "component": 0, "o_score_pt": 667.2554760089107, "o_score_car": 1670.2949613890332, "CDI": 0.429098542359865, "log_population": 2.9795483747040952 }, "geometry": { "type": "Polygon", "coordinates": [ [ [ 2.120585103669722, 41.327935796725846 ], [ 2.12217907346475, 41.328983600422404 ], [ 2.124019920838133, 41.328501074592253 ], [ 2.124302882272515, 41.326972333242331 ], [ 2.122708890329261, 41.325924556886392 ], [ 2.120868125177516, 41.326407086652182 ], [ 2.120585103669722, 41.327935796725846 ] ] ] } },
{ "type": "Feature", "properties": { "id": 26, "snapped_id": 26.0, "centroid_lon": 2.11663, "centroid_lat": 41.40342, "radius": 192.221, "internal_id": 618000602360709119, "population": 1815, "component": 0, "o_score_pt": 1473.7334522060858, "o_score_car": 2245.8309976443484, "CDI": 0.20757740747557391, "log_population": 3.2591158441850663 }, "geometry": { "type": "Polygon", "coordinates": [ [ [ 2.114565402970248, 41.403953222646862 ], [ 2.116323366690128, 41.40510792753642 ], [ 2.11838287162064, 41.404569655880685 ], [ 2.118696702833912, 41.402877277705635 ], [ 2.116938714704639, 41.401722599010853 ], [ 2.114879300872754, 41.402260877571834 ], [ 2.114565402970248, 41.403953222646862 ] ] ] } },
{ "type": "Feature", "properties": { "id": 27, "snapped_id": 27.0, "centroid_lon": 2.11867, "centroid_lat": 41.41472, "radius": 192.213, "internal_id": 618000602323222527, "population": 0, "component": 0, "o_score_pt": 704.15065900592481, "o_score_car": 1501.9831073914245, "CDI": 0.36164282535250458, "log_population": 0.0 }, "geometry": { "type": "Polygon", "coordinates": [ [ [ 2.118624942271728, 41.414694355356055 ], [ 2.118709252029604, 41.414749724006072 ], [ 2.118709253306079, 41.414749717123165 ], [ 2.118624942899355, 41.414694351972635 ], [ 2.118624942271728, 41.414694355356055 ] ] ] } },
{ "type": "Feature", "properties": { "id": 28, "snapped_id": 28.0, "centroid_lon": 2.17845, "centroid_lat": 41.438, "radius": 192.292, "internal_id": 618000602964951039, "population": 2865, "component": 0, "o_score_pt": 1800.1312107473773, "o_score_car": 2128.8613004752874, "CDI": 0.083667782208526595, "log_population": 3.4572761860613257 }, "geometry": { "type": "Polygon", "coordinates": [ [ [ 2.176274696784744, 41.43856588796622 ], [ 2.178119324020175, 41.439775105182569 ], [ 2.180292677407946, 41.439206667601688 ], [ 2.180621307930329, 41.437429004294259 ], [ 2.17877665533534, 41.436219812429982 ], [ 2.176603397574638, 41.436788258521673 ], [ 2.176274696784744, 41.43856588796622 ] ] ] } },
{ "type": "Feature", "properties": { "id": 29, "snapped_id": 29.0, "centroid_lon": 2.13664, "centroid_lat": 41.38465, "radius": 192.277, "internal_id": 618000602285735935, "population": 2889, "component": 0, "o_score_pt": 2351.6618624960474, "o_score_car": 2320.802008593223, "CDI": -0.0066046211922084, "log_population": 3.4608978427565478 }, "geometry": { "type": "Polygon", "coordinates": [ [ [ 2.134467332170221, 41.385218301564187 ], [ 2.136309518694802, 41.386427989656092 ], [ 2.1384809805929, 41.385859714168859 ], [ 2.138810160418676, 41.384081741997996 ], [ 2.136967948427276, 41.382872079267379 ], [ 2.134796582074052, 41.383440363346928 ], [ 2.134467332170221, 41.385218301564187 ] ] ] } },
{ "type": "Feature", "properties": { "id": 30, "snapped_id": 30.0, "centroid_lon": 2.18952, "centroid_lat": 41.44525, "radius": 192.304, "internal_id": 618000602927464447, "population": 2726, "component": 0, "o_score_pt": 1978.7906507441817, "o_score_car": 2123.532177384689, "CDI": 0.035282822124100298, "log_population": 3.43568513794163 }, "geometry": { "type": "Polygon", "coordinates": [ [ [ 2.187343701841672, 41.445820887149289 ], [ 2.189188825747062, 41.447029982681791 ], [ 2.191362503494507, 41.446461408188817 ], [ 2.191690961700445, 41.444683729673855 ], [ 2.189845812468099, 41.443474659495472 ], [ 2.187672230353905, 41.4440432424785 ], [ 2.187343701841672, 41.445820887149289 ] ] ] } },
{ "type": "Feature", "properties": { "id": 31, "snapped_id": 31.0, "centroid_lon": 2.16164, "centroid_lat": 41.36118, "radius": 192.347, "internal_id": 618000602740031487, "population": 522, "component": 0, "o_score_pt": 878.11486014037939, "o_score_car": 1846.4525130352599, "CDI": 0.35540969271984918, "log_population": 2.7185016888672742 }, "geometry": { "type": "Polygon", "coordinates": [ [ [ 2.159972213684058, 41.361608801226332 ], [ 2.161416025413278, 41.362556567263994 ], [ 2.163055516397589, 41.362126805644877 ], [ 2.163309542358238, 41.360752022898133 ], [ 2.16186571060893, 41.359804284577329 ], [ 2.16022629375096, 41.360234047724653 ], [ 2.159972213684058, 41.361608801226332 ] ] ] } },
{ "type": "Feature", "properties": { "id": 32, "snapped_id": 32.0, "centroid_lon": 2.14657, "centroid_lat": 41.35328, "radius": 192.329, "internal_id": 618000602665058303, "population": 1814, "component": 0, "o_score_pt": 1445.6801321309313, "o_score_car": 2024.7487160268929, "CDI": 0.16685793290455819, "log_population": 3.2588766293721312 }, "geometry": { "type": "Polygon", "coordinates": [ [ [ 2.144510399345528, 41.353822106396002 ], [ 2.146268009431084, 41.35497640827252 ], [ 2.148326466819108, 41.354436929766464 ], [ 2.148639570743252, 41.352743712926873 ], [ 2.14688193637562, 41.351589437293313 ], [ 2.144823569943355, 41.352128922655702 ], [ 2.144510399345528, 41.353822106396002 ] ] ] } },
{ "type": "Feature", "properties": { "id": 33, "snapped_id": 33.0, "centroid_lon": 2.09511, "centroid_lat": 41.41918, "radius": 192.166, "internal_id": 618000603081867263, "population": 250, "component": 0, "o_score_pt": 10.969844521733132, "o_score_car": 1429.9296719352376, "CDI": 0.98477361620787141, "log_population": 2.399673721481038 }, "geometry": { "type": "Polygon", "coordinates": [ [ [ 2.093670957292957, 41.419545406801589 ], [ 2.094929180654318, 41.42037215759467 ], [ 2.096321562324604, 41.420008697834916 ], [ 2.096541838181652, 41.418822753389243 ], [ 2.09528359710485, 41.417996029867759 ], [ 2.093891279772668, 41.418359488942315 ], [ 2.093670957292957, 41.419545406801589 ] ] ] } },
{ "type": "Feature", "properties": { "id": 34, "snapped_id": 34.0, "centroid_lon": 2.12623, "centroid_lat": 41.42966, "radius": 192.209, "internal_id": 618000602327678975, "population": 20, "component": 0, "o_score_pt": 1162.2149634829927, "o_score_car": 1928.9246943628057, "CDI": 0.24803464603541381, "log_population": 1.3222192947339193 }, "geometry": { "type": "Polygon", "coordinates": [ [ [ 2.125586405189694, 41.429798184421841 ], [ 2.126218894673913, 41.43021340066899 ], [ 2.126775176091496, 41.430068101651621 ], [ 2.126877428151299, 41.429516655822098 ], [ 2.126244929462498, 41.429101458515504 ], [ 2.125688678767077, 41.429246753587826 ], [ 2.125586405189694, 41.429798184421841 ] ] ] } },
{ "type": "Feature", "properties": { "id": 35, "snapped_id": 35.0, "centroid_lon": 2.12407, "centroid_lat": 41.3744, "radius": 192.266, "internal_id": 618000602290192383, "population": 2576, "component": 0, "o_score_pt": 2279.2726712897006, "o_score_car": 2175.219032866612, "CDI": -0.023359261916685099, "log_population": 3.4111144185509046 }, "geometry": { "type": "Polygon", "coordinates": [ [ [ 2.121903791529505, 41.374972002879261 ], [ 2.123745370738389, 41.376181828863906 ], [ 2.125916412621581, 41.375613681096098 ], [ 2.126245779759804, 41.373835698728129 ], [ 2.124404175048482, 41.37262589810372 ], [ 2.122233228698511, 41.373194054487648 ], [ 2.121903791529505, 41.374972002879261 ] ] ] } },
{ "type": "Feature", "properties": { "id": 36, "snapped_id": 36.0, "centroid_lon": 2.18755, "centroid_lat": 41.45592, "radius": 192.289, "internal_id": 618000602931920895, "population": 1444, "component": 0, "o_score_pt": 1443.6376966724249, "o_score_car": 2003.9080981769505, "CDI": 0.1625128235690351, "log_population": 3.1598678470925665 }, "geometry": { "type": "Polygon", "coordinates": [ [ [ 2.185551176621016, 41.456436084826898 ], [ 2.187254542915411, 41.457552199051186 ], [ 2.189239117258984, 41.457033319002711 ], [ 2.189541106040557, 41.455399440002211 ], [ 2.187837716300371, 41.454283352461822 ], [ 2.185853230011429, 41.45480223817966 ], [ 2.185551176621016, 41.456436084826898 ] ] ] } },
{ "type": "Feature", "properties": { "id": 37, "snapped_id": 37.0, "centroid_lon": 2.16921, "centroid_lat": 41.37612, "radius": 192.344, "internal_id": 618000602744487935, "population": 2299, "component": 0, "o_score_pt": 2662.6884168549032, "o_score_car": 2333.9338342491451, "CDI": -0.065795364565155195, "log_population": 3.3617278360175931 }, "geometry": { "type": "Polygon", "coordinates": [ [ [ 2.167070508341274, 41.376680225295402 ], [ 2.16888911832067, 41.377873570017201 ], [ 2.171028242148081, 41.377313007108206 ], [ 2.171352236820819, 41.375559263556504 ], [ 2.169533601814964, 41.374365944489476 ], [ 2.167394572177698, 41.374926515422096 ], [ 2.167070508341274, 41.376680225295402 ] ] ] } },
{ "type": "Feature", "properties": { "id": 38, "snapped_id": 38.0, "centroid_lon": 2.1317, "centroid_lat": 41.41132, "radius": 192.239, "internal_id": 618000602257162239, "population": 1556, "component": 0, "o_score_pt": 1619.4667496504469, "o_score_car": 2307.4348359103783, "CDI": 0.17519361544215489, "log_population": 3.1922886125681202 }, "geometry": { "type": "Polygon", "coordinates": [ [ [ 2.129682068339766, 41.41184058992183 ], [ 2.131401776009191, 41.412969626265067 ], [ 2.13340977861386, 41.412444712517406 ], [ 2.133716084733936, 41.410791655888943 ], [ 2.131996353221724, 41.409662646075958 ], [ 2.12998843963567, 41.410187565949109 ], [ 2.129682068339766, 41.41184058992183 ] ] ] } },
{ "type": "Feature", "properties": { "id": 39, "snapped_id": 39.0, "centroid_lon": 2.09161, "centroid_lat": 41.42686, "radius": 192.151, "internal_id": 618000602823917567, "population": 358, "component": 0, "o_score_pt": 9.1838254839757685, "o_score_car": 1515.1045014680508, "CDI": 0.98795001533293925, "log_population": 2.5550944485783194 }, "geometry": { "type": "Polygon", "coordinates": [ [ [ 2.090064392480042, 41.427251712357531 ], [ 2.091413023146336, 41.428137862324938 ], [ 2.092926177062193, 41.42774303020893 ], [ 2.093163515797065, 41.426465686559055 ], [ 2.091814866177354, 41.425579564170157 ], [ 2.090301781464832, 41.425974396652698 ], [ 2.090064392480042, 41.427251712357531 ] ] ] } },
{ "type": "Feature", "properties": { "id": 40, "snapped_id": 40.0, "centroid_lon": 2.15717, "centroid_lat": 41.3742, "radius": 192.325, "internal_id": 618000602748944383, "population": 2285, "component": 0, "o_score_pt": 2441.3639591211963, "o_score_car": 2304.9524666516986, "CDI": -0.028740496889076299, "log_population": 3.3590762260592628 }, "geometry": { "type": "Polygon", "coordinates": [ [ [ 2.155029727991455, 41.374758184500578 ], [ 2.156846391093232, 41.375950643825895 ], [ 2.158983258658377, 41.375390847467315 ], [ 2.159307172181328, 41.373638765470879 ], [ 2.157490484035415, 41.372446331810636 ], [ 2.155353710584401, 41.373006136182525 ], [ 2.155029727991455, 41.374758184500578 ] ] ] } },
{ "type": "Feature", "properties": { "id": 41, "snapped_id": 41.0, "centroid_lon": 2.19383, "centroid_lat": 41.38828, "radius": 192.374, "internal_id": 618000602486538239, "population": 2278, "component": 0, "o_score_pt": 2318.4424795689361, "o_score_car": 2304.4129412062798, "CDI": -0.0030348209246619999, "log_population": 3.3577443251803754 }, "geometry": { "type": "Polygon", "coordinates": [ [ [ 2.191695344961199, 41.388842424686466 ], [ 2.19351264059849, 41.390033985556968 ], [ 2.195649285665897, 41.389473878818706 ], [ 2.195972453558678, 41.387722396656748 ], [ 2.194155132999377, 41.386530861472785 ], [ 2.192018582002752, 41.387090976141408 ], [ 2.191695344961199, 41.388842424686466 ] ] ] } },
{ "type": "Feature", "properties": { "id": 42, "snapped_id": 42.0, "centroid_lon": 2.15269, "centroid_lat": 41.38721, "radius": 192.303, "internal_id": 618000602299105279, "population": 2095, "component": 0, "o_score_pt": 2711.843246577228, "o_score_car": 2448.5461184094961, "CDI": -0.051022725136635, "log_population": 3.321391278311689 }, "geometry": { "type": "Polygon", "coordinates": [ [ [ 2.150583470749234, 41.38776635077113 ], [ 2.152378358319682, 41.388944463363615 ], [ 2.154486248202611, 41.388392593989522 ], [ 2.15480618395096, 41.386662945512995 ], [ 2.1530112716084, 41.385484858800972 ], [ 2.15090347469813, 41.38603673574454 ], [ 2.150583470749234, 41.38776635077113 ] ] ] } },
{ "type": "Feature", "properties": { "id": 43, "snapped_id": 43.0, "centroid_lon": 2.14861, "centroid_lat": 41.36459, "radius": 192.32, "internal_id": 618000602722205695, "population": 2221, "component": 0, "o_score_pt": 1373.0797892361948, "o_score_car": 2001.938413550849, "CDI": 0.1863274763363798, "log_population": 3.3467440546048488 }, "geometry": { "type": "Polygon", "coordinates": [ [ [ 2.146485021782987, 41.365151360678986 ], [ 2.148294045831357, 41.366339202587334 ], [ 2.150420993903598, 41.365781964238586 ], [ 2.150743679476292, 41.364037104188242 ], [ 2.148934630457992, 41.362849288021302 ], [ 2.146807776101983, 41.363406534251396 ], [ 2.146485021782987, 41.365151360678986 ] ] ] } },
{ "type": "Feature", "properties": { "id": 44, "snapped_id": 44.0, "centroid_lon": 2.12867, "centroid_lat": 41.40534, "radius": 192.24, "internal_id": 618000602261618687, "population": 1826, "component": 0, "o_score_pt": 1569.9891231022164, "o_score_car": 2336.0391804349456, "CDI": 0.19611994532631041, "log_population": 3.2617385473525378 }, "geometry": { "type": "Polygon", "coordinates": [ [ [ 2.126605123149336, 41.405880284606724 ], [ 2.128365002445851, 41.40703586738276 ], [ 2.130426739162536, 41.406496843456026 ], [ 2.130740655585026, 41.40480282824025 ], [ 2.128980751895466, 41.403647271651131 ], [ 2.126919106352849, 41.404186302491972 ], [ 2.126605123149336, 41.405880284606724 ] ] ] } },
{ "type": "Feature", "properties": { "id": 45, "snapped_id": 45.0, "centroid_lon": 2.11105, "centroid_lat": 41.37781, "radius": 192.24, "internal_id": 618000602603454463, "population": 2436, "component": 0, "o_score_pt": 1582.3008841258002, "o_score_car": 2034.4984820865004, "CDI": 0.1250270065254587, "log_population": 3.3868555291847242 }, "geometry": { "type": "Polygon", "coordinates": [ [ [ 2.108890434625209, 41.37837617888475 ], [ 2.110721935671148, 41.379579731743057 ], [ 2.112879879284306, 41.379015314143786 ], [ 2.113207662696146, 41.377247402886638 ], [ 2.111376136234355, 41.376043875487724 ], [ 2.109218287650862, 41.376608301519759 ], [ 2.108890434625209, 41.37837617888475 ] ] ] } },
{ "type": "Feature", "properties": { "id": 46, "snapped_id": 46.0, "centroid_lon": 2.18179, "centroid_lat": 41.38636, "radius": 192.355, "internal_id": 618000602490994687, "population": 2329, "component": 0, "o_score_pt": 2512.5720047673053, "o_score_car": 2135.2179677111162, "CDI": -0.081189993371186306, "log_population": 3.3673559210260189 }, "geometry": { "type": "Polygon", "coordinates": [ [ [ 2.1796406597671, 41.386924781669975 ], [ 2.181463146581287, 41.388120139414887 ], [ 2.183607054700913, 41.38755830482841 ], [ 2.183931476297193, 41.38580125625446 ], [ 2.182108964447861, 41.384605924130391 ], [ 2.179965150705168, 41.385167766784939 ], [ 2.1796406597671, 41.386924781669975 ] ] ] } },
{ "type": "Feature", "properties": { "id": 47, "snapped_id": 47.0, "centroid_lon": 2.13651, "centroid_lat": 41.34069, "radius": 192.325, "internal_id": 618000602759692287, "population": 1067, "component": 0, "o_score_pt": 5.7638229887149253, "o_score_car": 1846.4284761089284, "CDI": 0.99377621536217042, "log_population": 3.0285712526925375 }, "geometry": { "type": "Polygon", "coordinates": [ [ [ 2.13461744691875, 41.341181328435383 ], [ 2.136240567778408, 41.34224774218697 ], [ 2.138119913167762, 41.341755139272415 ], [ 2.138408039968925, 41.340197563007933 ], [ 2.136784896608321, 41.339131176458295 ], [ 2.134905634982946, 41.33962378376993 ], [ 2.13461744691875, 41.341181328435383 ] ] ] } },
{ "type": "Feature", "properties": { "id": 48, "snapped_id": 48.0, "centroid_lon": 2.20346, "centroid_lat": 41.41453, "radius": 192.362, "internal_id": 618000602453508095, "population": 1370, "component": 0, "o_score_pt": 1910.7341568969739, "o_score_car": 2218.3900512556902, "CDI": 0.074508752667519995, "log_population": 3.1370374547895126 }, "geometry": { "type": "Polygon", "coordinates": [ [ [ 2.201486156172678, 41.415043771469186 ], [ 2.203175779171024, 41.416150995527516 ], [ 2.205141831816229, 41.415635934342745 ], [ 2.205440925883249, 41.414014811581275 ], [ 2.203751279690432, 41.412907614334287 ], [ 2.201785314286432, 41.413422680920711 ], [ 2.201486156172678, 41.415043771469186 ] ] ] } },
{ "type": "Feature", "properties": { "id": 49, "snapped_id": 49.0, "centroid_lon": 2.14229, "centroid_lat": 41.43223, "radius": 192.235, "internal_id": 618000602341048319, "population": 1457, "component": 0, "o_score_pt": 2065.8931504467623, "o_score_car": 2002.2031678321689, "CDI": -0.0156559672219212, "log_population": 3.163757523981956 }, "geometry": { "type": "Polygon", "coordinates": [ [ [ 2.140298020490001, 41.432744275348931 ], [ 2.142001880780119, 41.433862320773436 ], [ 2.143988360923472, 41.43334324805798 ], [ 2.144291449132556, 41.431707178147178 ], [ 2.142587565242644, 41.430589159376488 ], [ 2.140601173263657, 41.431108237883748 ], [ 2.140298020490001, 41.432744275348931 ] ] ] } },
{ "type": "Feature", "properties": { "id": 50, "snapped_id": 50.0, "centroid_lon": 2.14967, "centroid_lat": 41.38124, "radius": 192.304, "internal_id": 618000602303561727, "population": 2554, "component": 0, "o_score_pt": 2551.6031047865245, "o_score_car": 2451.4336798411182, "CDI": -0.020021724655950399, "log_population": 3.4073909044707316 }, "geometry": { "type": "Polygon", "coordinates": [ [ [ 2.147495968015941, 41.381807974247643 ], [ 2.149338478919107, 41.383017525929688 ], [ 2.151510016308555, 41.382448926115977 ], [ 2.151838947266687, 41.380670766051452 ], [ 2.149996410942107, 41.379461239740934 ], [ 2.147824969077954, 41.380029848123989 ], [ 2.147495968015941, 41.381807974247643 ] ] ] } },
{ "type": "Feature", "properties": { "id": 51, "snapped_id": 51.0, "centroid_lon": 2.19149, "centroid_lat": 41.43459, "radius": 192.319, "internal_id": 618000602982776831, "population": 2831, "component": 0, "o_score_pt": 2173.6123053309475, "o_score_car": 2058.9466150905787, "CDI": -0.027091339399227799, "log_population": 3.4520932490177314 }, "geometry": { "type": "Polygon", "coordinates": [ [ [ 2.189314680132941, 41.435154587405577 ], [ 2.191159631696002, 41.436363667735833 ], [ 2.193333059980438, 41.4357949053651 ], [ 2.193661441091636, 41.434017054176877 ], [ 2.191816464214582, 41.432807999208904 ], [ 2.18964313153745, 41.433376770067483 ], [ 2.189314680132941, 41.435154587405577 ] ] ] } },
{ "type": "Feature", "properties": { "id": 52, "snapped_id": 52.0, "centroid_lon": 2.16178, "centroid_lat": 41.40514, "radius": 192.299, "internal_id": 618000602266075135, "population": 2264, "component": 0, "o_score_pt": 2386.7038497021808, "o_score_car": 2451.6905698501214, "CDI": 0.0134314639346731, "log_population": 3.3550682063488506 }, "geometry": { "type": "Polygon", "coordinates": [ [ [ 2.159643360664382, 41.405697996089749 ], [ 2.161458502008783, 41.406888866991167 ], [ 2.163593098415363, 41.406330203610487 ], [ 2.163916610915585, 41.404580868500069 ], [ 2.162101444554795, 41.403390023271669 ], [ 2.159966942202287, 41.40394869460544 ], [ 2.159643360664382, 41.405697996089749 ] ] ] } },
{ "type": "Feature", "properties": { "id": 53, "snapped_id": 53.0, "centroid_lon": 2.12047, "centroid_lat": 41.33813, "radius": 192.3, "internal_id": 618000602757857279, "population": 2475, "component": 0, "o_score_pt": 830.32121751733553, "o_score_car": 1721.5091311568283, "CDI": 0.34923478126299451, "log_population": 3.3937506403480802 }, "geometry": { "type": "Polygon", "coordinates": [ [ [ 2.118305491863606, 41.338691751909209 ], [ 2.120140426105633, 41.339897855625928 ], [ 2.122302824931896, 41.339331298050219 ], [ 2.122631037913652, 41.33755866594678 ], [ 2.120796078256663, 41.336352587676501 ], [ 2.118633774577233, 41.336919153757357 ], [ 2.118305491863606, 41.338691751909209 ] ] ] } },
{ "type": "Feature", "properties": { "id": 54, "snapped_id": 54.0, "centroid_lon": 2.11646, "centroid_lat": 41.33748, "radius": 192.293, "internal_id": 618000602570424319, "population": 2442, "component": 0, "o_score_pt": 933.87392124823123, "o_score_car": 1893.8886858129852, "CDI": 0.33949623711958632, "log_population": 3.3879234669734366 }, "geometry": { "type": "Polygon", "coordinates": [ [ [ 2.114299219239799, 41.338049123575914 ], [ 2.11613063003834, 41.339253043197161 ], [ 2.118288441655956, 41.338687746339673 ], [ 2.118616088572123, 41.336918581183042 ], [ 2.116784652391539, 41.335714687043811 ], [ 2.114626935741417, 41.336279992342241 ], [ 2.114299219239799, 41.338049123575914 ] ] ] } },
{ "type": "Feature", "properties": { "id": 55, "snapped_id": 55.0, "centroid_lon": 2.18936, "centroid_lat": 41.4013, "radius": 192.352, "internal_id": 618000602495451135, "population": 1249, "component": 0, "o_score_pt": 2610.6506357528447, "o_score_car": 2444.5304368095958, "CDI": -0.032861374609286502, "log_population": 3.0969100130080562 }, "geometry": { "type": "Polygon", "coordinates": [ [ [ 2.187416260004372, 41.401806658761586 ], [ 2.189081849057501, 41.402898700664068 ], [ 2.191016264816399, 41.402391914114943 ], [ 2.191311181346131, 41.40079439435722 ], [ 2.189645569375933, 41.399702379422642 ], [ 2.187711239591761, 41.400209170974527 ], [ 2.187416260004372, 41.401806658761586 ] ] ] } },
{ "type": "Feature", "properties": { "id": 56, "snapped_id": 56.0, "centroid_lon": 2.19088, "centroid_lat": 41.40429, "radius": 192.351, "internal_id": 618000602457964543, "population": 2026, "component": 0, "o_score_pt": 2476.1465690328027, "o_score_car": 2434.4594532662118, "CDI": -0.0084891998212216994, "log_population": 3.3068537486930087 }, "geometry": { "type": "Polygon", "coordinates": [ [ [ 2.188778045489108, 41.404837168861349 ], [ 2.19056597101475, 41.406009331143892 ], [ 2.192663473495076, 41.405459851660055 ], [ 2.192981217951965, 41.403738618976234 ], [ 2.191193267880467, 41.402566482670281 ], [ 2.189095857923192, 41.40311596948294 ], [ 2.188778045489108, 41.404837168861349 ] ] ] } },
{ "type": "Feature", "properties": { "id": 57, "snapped_id": 57.0, "centroid_lon": 2.20892, "centroid_lat": 41.39618, "radius": 192.392, "internal_id": 618000602382991359, "population": 795, "component": 0, "o_score_pt": 1509.1704258027278, "o_score_car": 2152.5711580401321, "CDI": 0.17570893999630069, "log_population": 2.9009130677376689 }, "geometry": { "type": "Polygon", "coordinates": [ [ [ 2.207112970553361, 41.396642005273421 ], [ 2.208664829653464, 41.397659040771181 ], [ 2.210447197341053, 41.397191712332564 ], [ 2.210720472457116, 41.395709497999256 ], [ 2.209168592020621, 41.394692490035574 ], [ 2.207386304173522, 41.395159821513779 ], [ 2.207112970553361, 41.396642005273421 ] ] ] } },
{ "type": "Feature", "properties": { "id": 58, "snapped_id": 58.0, "centroid_lon": 2.13927, "centroid_lat": 41.42625, "radius": 192.236, "internal_id": 618000602345504767, "population": 1616, "component": 0, "o_score_pt": 2262.5244357071938, "o_score_car": 2240.2652158127848, "CDI": -0.0049434287668523001, "log_population": 3.2087100199064009 }, "geometry": { "type": "Polygon", "coordinates": [ [ [ 2.137237256441614, 41.426779560153079 ], [ 2.138967050559994, 41.427914792886931 ], [ 2.14098825622132, 41.427386584013227 ], [ 2.141296279504836, 41.425723984953244 ], [ 2.139566461429238, 41.424588778668202 ], [ 2.13754534532426, 41.425116993834884 ], [ 2.137237256441614, 41.426779560153079 ] ] ] } },
{ "type": "Feature", "properties": { "id": 59, "snapped_id": 59.0, "centroid_lon": 2.14934, "centroid_lat": 41.43884, "radius": 192.24, "internal_id": 618000603024719871, "population": 1448, "component": 0, "o_score_pt": 1872.7021168540764, "o_score_car": 2163.2722353166469, "CDI": 0.071995035921447098, "log_population": 3.1610683854711747 }, "geometry": { "type": "Polygon", "coordinates": [ [ [ 2.147344855113992, 41.439359316793471 ], [ 2.149047489572655, 41.440476267605568 ], [ 2.15103212501908, 41.439957683918699 ], [ 2.151334825032846, 41.438323221373992 ], [ 2.149632167012809, 41.437206297227945 ], [ 2.147647619654931, 41.437724886664554 ], [ 2.147344855113992, 41.439359316793471 ] ] ] } },
{ "type": "Feature", "properties": { "id": 60, "snapped_id": 60.0, "centroid_lon": 2.14769, "centroid_lat": 41.39191, "radius": 192.289, "internal_id": 618000602308018175, "population": 2334, "component": 0, "o_score_pt": 2556.412085767005, "o_score_car": 2500.4342260958588, "CDI": -0.0110697174125755, "log_population": 3.368286884902131 }, "geometry": { "type": "Polygon", "coordinates": [ [ [ 2.145547619175001, 41.392468873788197 ], [ 2.147369739523494, 41.393664944024884 ], [ 2.149514087110686, 41.393103713367687 ], [ 2.149839241415052, 41.391346551627009 ], [ 2.148017095908637, 41.39015050698108 ], [ 2.145872842770789, 41.390711745777708 ], [ 2.145547619175001, 41.392468873788197 ] ] ] } },
{ "type": "Feature", "properties": { "id": 61, "snapped_id": 61.0, "centroid_lon": 2.15875, "centroid_lat": 41.39916, "radius": 192.3, "internal_id": 618000602270531583, "population": 1829, "component": 0, "o_score_pt": 2665.6918693462626, "o_score_car": 2234.5877201016274, "CDI": -0.0879754188256852, "log_population": 3.2624510897304293 }, "geometry": { "type": "Polygon", "coordinates": [ [ [ 2.156682595760705, 41.399704245584005 ], [ 2.158443628079532, 41.40085979068774 ], [ 2.160506136253947, 41.400319930029411 ], [ 2.160819587174537, 41.398625113963647 ], [ 2.159058530556157, 41.397469595064422 ], [ 2.156996113538108, 41.398009462593294 ], [ 2.156682595760705, 41.399704245584005 ] ] ] } },
{ "type": "Feature", "properties": { "id": 62, "snapped_id": 62.0, "centroid_lon": 2.14559, "centroid_lat": 41.35862, "radius": 192.322, "internal_id": 618000602724827135, "population": 1933, "component": 0, "o_score_pt": 1535.0765926922691, "o_score_car": 2071.5144912645201, "CDI": 0.14873820904135471, "log_population": 3.2864564697469829 }, "geometry": { "type": "Polygon", "coordinates": [ [ [ 2.14350325593748, 41.359163063945182 ], [ 2.145276994099934, 41.360327911084831 ], [ 2.1473569717623, 41.35978291388323 ], [ 2.147673118029506, 41.358073527558211 ], [ 2.145899355362731, 41.356908706509884 ], [ 2.143819469527845, 41.357453710887171 ], [ 2.14350325593748, 41.359163063945182 ] ] ] } },
{ "type": "Feature", "properties": { "id": 63, "snapped_id": 63.0, "centroid_lon": 2.10605, "centroid_lat": 41.3825, "radius": 192.226, "internal_id": 618000602612367359, "population": 2147, "component": 0, "o_score_pt": 1973.804604587172, "o_score_car": 2201.7655987557414, "CDI": 0.054593979520705001, "log_population": 3.332034277027518 }, "geometry": { "type": "Polygon", "coordinates": [ [ [ 2.103929272793826, 41.383055693552834 ], [ 2.105728860291054, 41.38423835751378 ], [ 2.107844313702384, 41.383685234174408 ], [ 2.108166216542294, 41.381949729122283 ], [ 2.106366604041253, 41.380767090954002 ], [ 2.104251243965525, 41.38132022207224 ], [ 2.103929272793826, 41.383055693552834 ] ] ] } },
{ "type": "Feature", "properties": { "id": 64, "snapped_id": 64.0, "centroid_lon": 2.10443, "centroid_lat": 41.33556, "radius": 192.274, "internal_id": 618000602574880767, "population": 1355, "component": 0, "o_score_pt": 0.69975389328417148, "o_score_car": 1791.8428693610997, "CDI": 0.99921926108288162, "log_population": 3.1322596895310446 }, "geometry": { "type": "Polygon", "coordinates": [ [ [ 2.102456218016182, 41.336071686933174 ], [ 2.104138642782269, 41.337178032269399 ], [ 2.106097922893937, 41.336664905432507 ], [ 2.106397866252958, 41.335046452065349 ], [ 2.104715418079734, 41.333940133545639 ], [ 2.102756224977745, 41.334453265910568 ], [ 2.102456218016182, 41.336071686933174 ] ] ] } },
{ "type": "Feature", "properties": { "id": 65, "snapped_id": 65.0, "centroid_lon": 2.07858, "centroid_lat": 41.43026, "radius": 192.125, "internal_id": 618000603141636095, "population": 0, "component": 0, "o_score_pt": 0.0, "o_score_car": 1613.0841201842543, "CDI": 1.0, "log_population": 0.0 }, "geometry": { "type": "Polygon", "coordinates": [ [ [ 2.078540355482378, 41.430230441673601 ], [ 2.078624838126826, 41.430285969781146 ], [ 2.078624839407912, 41.43028596289232 ], [ 2.078540356110829, 41.430230438295013 ], [ 2.078540355482378, 41.430230441673601 ] ] ] } },
{ "type": "Feature", "properties": { "id": 66, "snapped_id": 66.0, "centroid_lon": 2.19482, "centroid_lat": 41.38295, "radius": 192.382, "internal_id": 618000602424934399, "population": 952, "component": 0, "o_score_pt": 1897.8664745561168, "o_score_car": 2227.9667560304551, "CDI": 0.080008149390809899, "log_population": 2.9790929006383262 }, "geometry": { "type": "Polygon", "coordinates": [ [ [ 2.192957776651926, 41.383428984365139 ], [ 2.194554524016469, 41.384475981117689 ], [ 2.196397123021344, 41.383992847830754 ], [ 2.196679075060813, 41.382464490381658 ], [ 2.19508230572212, 41.381417520984094 ], [ 2.193239788978423, 41.381900658077427 ], [ 2.192957776651926, 41.383428984365139 ] ] ] } },
{ "type": "Feature", "properties": { "id": 67, "snapped_id": 67.0, "centroid_lon": 2.17784, "centroid_lat": 41.4077, "radius": 192.325, "internal_id": 618000602267910143, "population": 1052, "component": 0, "o_score_pt": 2513.7961373377707, "o_score_car": 2446.7478680581694, "CDI": -0.013516313776607501, "log_population": 3.0224283711854865 }, "geometry": { "type": "Polygon", "coordinates": [ [ [ 2.175951448178596, 41.408192458879384 ], [ 2.177573508951627, 41.409256189467534 ], [ 2.179450107969191, 41.408764842128988 ], [ 2.179737125659643, 41.40721140038243 ], [ 2.17811504251108, 41.406147697005707 ], [ 2.17623852716957, 41.406639048603338 ], [ 2.175951448178596, 41.408192458879384 ] ] ] } },
{ "type": "Feature", "properties": { "id": 68, "snapped_id": 68.0, "centroid_lon": 2.10558, "centroid_lat": 41.39616, "radius": 192.21, "internal_id": 618000602349961215, "population": 706, "component": 0, "o_score_pt": 1330.2342328724417, "o_score_car": 2086.233036458033, "CDI": 0.22128085650700369, "log_population": 2.8494194137968996 }, "geometry": { "type": "Polygon", "coordinates": [ [ [ 2.103815688316509, 41.396609515373378 ], [ 2.105335046283608, 41.397607864779289 ], [ 2.107076225589491, 41.39715283040816 ], [ 2.107345456498484, 41.395701732563047 ], [ 2.105826077315486, 41.394703410725477 ], [ 2.104084976326068, 41.395158447830362 ], [ 2.103815688316509, 41.396609515373378 ] ] ] } },
{ "type": "Feature", "properties": { "id": 69, "snapped_id": 69.0, "centroid_lon": 2.14467, "centroid_lat": 41.38593, "radius": 192.29, "internal_id": 618000602312474623, "population": 2854, "component": 0, "o_score_pt": 2699.9783034505585, "o_score_car": 2412.500317320977, "CDI": -0.056230648077741398, "log_population": 3.4556061125818669 }, "geometry": { "type": "Polygon", "coordinates": [ [ [ 2.142494832437698, 41.386501007155289 ], [ 2.144337292468834, 41.387710609571144 ], [ 2.146508887680651, 41.387142180501826 ], [ 2.146837927318015, 41.385364140439471 ], [ 2.144995441846005, 41.384154563388968 ], [ 2.14282394217464, 41.384723001036072 ], [ 2.142494832437698, 41.386501007155289 ] ] ] } },
{ "type": "Feature", "properties": { "id": 70, "snapped_id": 70.0, "centroid_lon": 2.15731, "centroid_lat": 41.41815, "radius": 192.277, "internal_id": 618000602274988031, "population": 1669, "component": 0, "o_score_pt": 1929.990581829047, "o_score_car": 2165.5303687660703, "CDI": 0.057511557083549297, "log_population": 3.2227164711475833 }, "geometry": { "type": "Polygon", "coordinates": [ [ [ 2.155265454427279, 41.41868368737623 ], [ 2.157003735650348, 41.419824080994935 ], [ 2.159035841178575, 41.419292564581355 ], [ 2.159345055287786, 41.417621432224138 ], [ 2.157606750059209, 41.416481065001086 ], [ 2.155574734491002, 41.417012587834307 ], [ 2.155265454427279, 41.41868368737623 ] ] ] } },
{ "type": "Feature", "properties": { "id": 71, "snapped_id": 71.0, "centroid_lon": 2.15618, "centroid_lat": 41.37953, "radius": 192.317, "internal_id": 618000602305396735, "population": 1985, "component": 0, "o_score_pt": 2643.3905631241246, "o_score_car": 2422.8374057526039, "CDI": -0.0435339978237144, "log_population": 3.2979792441593623 }, "geometry": { "type": "Polygon", "coordinates": [ [ [ 2.154087949657257, 41.380080386591771 ], [ 2.155869153435282, 41.381249523946515 ], [ 2.157958722854275, 41.380702239803121 ], [ 2.158276017335767, 41.37898624498186 ], [ 2.156494788984491, 41.377817133648243 ], [ 2.154405311788496, 41.378364425080534 ], [ 2.154087949657257, 41.380080386591771 ] ] ] } },
{ "type": "Feature", "properties": { "id": 72, "snapped_id": 72.0, "centroid_lon": 2.1764, "centroid_lat": 41.42669, "radius": 192.301, "internal_id": 618000602954203135, "population": 2802, "component": 0, "o_score_pt": 2347.9003357266511, "o_score_car": 2331.1318460935918, "CDI": -0.0035837517207534999, "log_population": 3.4476230977602862 }, "geometry": { "type": "Polygon", "coordinates": [ [ [ 2.174229352983248, 41.427258983342526 ], [ 2.176073671199154, 41.428468228311999 ], [ 2.17824670867781, 41.427899679754937 ], [ 2.178575332334297, 41.426121877713108 ], [ 2.176730988758804, 41.424912658101832 ], [ 2.174558046883535, 41.425481215174763 ], [ 2.174229352983248, 41.427258983342526 ] ] ] } },
{ "type": "Feature", "properties": { "id": 73, "snapped_id": 73.0, "centroid_lon": 2.15315, "centroid_lat": 41.37356, "radius": 192.319, "internal_id": 618000602729283583, "population": 2606, "component": 0, "o_score_pt": 2269.84061101517, "o_score_car": 2269.6720300557431, "CDI": -3.7136356423301102e-05, "log_population": 3.4161410311683289 }, "geometry": { "type": "Polygon", "coordinates": [ [ [ 2.150983212561882, 41.374126595362711 ], [ 2.152825663014987, 41.375336113775923 ], [ 2.154997047041746, 41.374767334670032 ], [ 2.155325885107739, 41.372989028587504 ], [ 2.153483409249438, 41.37177953555301 ], [ 2.151312120727475, 41.372348323222901 ], [ 2.150983212561882, 41.374126595362711 ] ] ] } },
{ "type": "Feature", "properties": { "id": 74, "snapped_id": 715.0, "centroid_lon": 2.17262, "centroid_lat": 41.34645, "radius": 192.383, "internal_id": 618000602654310399, "population": 296, "component": 0, "o_score_pt": 0.097552818180303799, "o_score_car": 1429.5400872820539, "CDI": 0.99986352791022837, "log_population": 2.4727564493172123 }, "geometry": { "type": "Polygon", "coordinates": [ [ [ 2.171136471072526, 41.346830218063829 ], [ 2.172437217718758, 41.347683988170047 ], [ 2.173885852647429, 41.34730392274146 ], [ 2.174112938875525, 41.346073754492416 ], [ 2.172812174162723, 41.345220011880507 ], [ 2.171363605671802, 41.345600076999673 ], [ 2.171136471072526, 41.346830218063829 ] ] ] } },
{ "type": "Feature", "properties": { "id": 75, "snapped_id": 75.0, "centroid_lon": 2.15237, "centroid_lat": 41.44481, "radius": 192.239, "internal_id": 618000603022098431, "population": 140, "component": 0, "o_score_pt": 1302.7588203626906, "o_score_car": 2038.7783648555412, "CDI": 0.22026375996913591, "log_population": 2.1492191126553797 }, "geometry": { "type": "Polygon", "coordinates": [ [ [ 2.151116544374345, 41.445125307140827 ], [ 2.152230675076904, 41.445856086484596 ], [ 2.153429642952282, 41.445542831772585 ], [ 2.153621941760735, 41.444504422400932 ], [ 2.152507795406493, 41.443773669370458 ], [ 2.151308884061363, 41.444086921945193 ], [ 2.151116544374345, 41.445125307140827 ] ] ] } },
{ "type": "Feature", "properties": { "id": 76, "snapped_id": 76.0, "centroid_lon": 2.19179, "centroid_lat": 41.37697, "radius": 192.383, "internal_id": 618000602429390847, "population": 524, "component": 0, "o_score_pt": 1757.551325908541, "o_score_car": 2141.2332692235805, "CDI": 0.098410654385494997, "log_population": 2.720159303405957 }, "geometry": { "type": "Polygon", "coordinates": [ [ [ 2.190116579889439, 41.377400357296679 ], [ 2.191562374268103, 41.378348516855453 ], [ 2.193203822131144, 41.377918074309321 ], [ 2.193457641882047, 41.376542303748096 ], [ 2.192011827536819, 41.375594171914578 ], [ 2.190370453858968, 41.376024615954947 ], [ 2.190116579889439, 41.377400357296679 ] ] ] } },
{ "type": "Feature", "properties": { "id": 77, "snapped_id": 77.0, "centroid_lon": 2.09359, "centroid_lat": 41.4162, "radius": 192.167, "internal_id": 618000603071119359, "population": 255, "component": 0, "o_score_pt": 10.724595930523083, "o_score_car": 1264.2015609120649, "CDI": 0.98317613004806037, "log_population": 2.4082399653118496 }, "geometry": { "type": "Polygon", "coordinates": [ [ [ 2.09215323388019, 41.416560033420041 ], [ 2.09341634476499, 41.417390057803388 ], [ 2.094815305916379, 41.41702485892958 ], [ 2.095036530486362, 41.415833845748921 ], [ 2.093773401817371, 41.415003848660191 ], [ 2.092374505267202, 41.415369046905134 ], [ 2.09215323388019, 41.416560033420041 ] ] ] } },
{ "type": "Feature", "properties": { "id": 78, "snapped_id": 78.0, "centroid_lon": 2.20392, "centroid_lat": 41.40087, "radius": 192.378, "internal_id": 618000602391904255, "population": 2147, "component": 0, "o_score_pt": 2044.044710281752, "o_score_car": 2204.6886946892801, "CDI": 0.0378098527480153, "log_population": 3.332034277027518 }, "geometry": { "type": "Polygon", "coordinates": [ [ [ 2.201795292381066, 41.401426681023146 ], [ 2.203598191917645, 41.402608318732085 ], [ 2.205715319549269, 41.40205340090192 ], [ 2.206035560000744, 41.400317145780761 ], [ 2.204232635767128, 41.399135533911981 ], [ 2.202115601423981, 41.399690459345585 ], [ 2.201795292381066, 41.401426681023146 ] ] ] } },
{ "type": "Feature", "properties": { "id": 79, "snapped_id": 79.0, "centroid_lon": 2.14434, "centroid_lat": 41.44353, "radius": 192.226, "internal_id": 618000603033632767, "population": 103, "component": 0, "o_score_pt": 1139.62541926722, "o_score_car": 1912.1730215683308, "CDI": 0.25314502817872708, "log_population": 2.0170333392987803 }, "geometry": { "type": "Polygon", "coordinates": [ [ [ 2.143179738753487, 41.443814504785564 ], [ 2.144216815673271, 41.444494893057744 ], [ 2.145313017881318, 41.444208547674904 ], [ 2.145490979508235, 41.443248005054627 ], [ 2.144453887956245, 41.442567642343406 ], [ 2.143357738157091, 41.44285398502754 ], [ 2.143179738753487, 41.443814504785564 ] ] ] } },
{ "type": "Feature", "properties": { "id": 80, "snapped_id": 80.0, "centroid_lon": 2.10256, "centroid_lat": 41.39018, "radius": 192.211, "internal_id": 618000602354417663, "population": 347, "component": 0, "o_score_pt": 1211.1404525433195, "o_score_car": 2076.8190074972522, "CDI": 0.2632874782900303, "log_population": 2.5415792439465807 }, "geometry": { "type": "Polygon", "coordinates": [ [ [ 2.101018498815322, 41.390571458606892 ], [ 2.102358743326505, 41.391452248443969 ], [ 2.103860824994538, 41.391059651668037 ], [ 2.104096445311709, 41.389789790808415 ], [ 2.102756182004035, 41.388909028546209 ], [ 2.101254169044186, 41.389301625580629 ], [ 2.101018498815322, 41.390571458606892 ] ] ] } },
{ "type": "Feature", "properties": { "id": 81, "snapped_id": 81.0, "centroid_lon": 2.11518, "centroid_lat": 41.4224, "radius": 192.198, "internal_id": 618000602316931071, "population": 65, "component": 0, "o_score_pt": 12.917914246307056, "o_score_car": 1420.7145491226145, "CDI": 0.98197876432575903, "log_population": 1.8195439355418688 }, "geometry": { "type": "Polygon", "coordinates": [ [ [ 2.114166094676577, 41.422641153642637 ], [ 2.115087498202453, 41.423246257623362 ], [ 2.116029735350181, 41.423000171411708 ], [ 2.116186387941116, 41.422155791133029 ], [ 2.115264971298853, 41.421550711283722 ], [ 2.114322780383866, 41.421796794171911 ], [ 2.114166094676577, 41.422641153642637 ] ] ] } },
{ "type": "Feature", "properties": { "id": 82, "snapped_id": 82.0, "centroid_lon": 2.16435, "centroid_lat": 41.42477, "radius": 192.282, "internal_id": 618000602958659583, "population": 1903, "component": 0, "o_score_pt": 1769.9123518950139, "o_score_car": 2177.5470172023493, "CDI": 0.1032650692996356, "log_population": 3.2796669440484556 }, "geometry": { "type": "Polygon", "coordinates": [ [ [ 2.162269463938697, 41.425310725976182 ], [ 2.164041230326045, 41.426472785122385 ], [ 2.166117805484134, 41.425929644792518 ], [ 2.166433129554855, 41.424224981596822 ], [ 2.16466133873577, 41.423062948550886 ], [ 2.162584855321876, 41.42360609593679 ], [ 2.162269463938697, 41.425310725976182 ] ] ] } },
{ "type": "Feature", "properties": { "id": 83, "snapped_id": 83.0, "centroid_lon": 2.15428, "centroid_lat": 41.41218, "radius": 192.278, "internal_id": 618000602279444479, "population": 1213, "component": 0, "o_score_pt": 1978.0321536600964, "o_score_car": 2433.7785178595486, "CDI": 0.10330143293353761, "log_population": 3.0842186867392387 }, "geometry": { "type": "Polygon", "coordinates": [ [ [ 2.152338317608135, 41.412680910641164 ], [ 2.153995804918725, 41.413768463672525 ], [ 2.155920198379213, 41.413265060394401 ], [ 2.156214343923295, 41.411675470950719 ], [ 2.154556833683359, 41.410587944909217 ], [ 2.152632525854221, 41.41109135311536 ], [ 2.152338317608135, 41.412680910641164 ] ] ] } },
{ "type": "Feature", "properties": { "id": 84, "snapped_id": 84.0, "centroid_lon": 2.18603, "centroid_lat": 41.45293, "radius": 192.289, "internal_id": 618000602921172991, "population": 878, "component": 0, "o_score_pt": 1603.3818507829922, "o_score_car": 1983.4194753044569, "CDI": 0.10595446749653591, "log_population": 2.9439888750737717 }, "geometry": { "type": "Polygon", "coordinates": [ [ [ 2.184193034769546, 41.453405148513895 ], [ 2.185770606736648, 41.454438916279337 ], [ 2.187587406878744, 41.453963873134484 ], [ 2.187865900311067, 41.45245716336948 ], [ 2.186288306573285, 41.451423423010837 ], [ 2.184471587746465, 41.451898469629619 ], [ 2.184193034769546, 41.453405148513895 ] ] ] } },
{ "type": "Feature", "properties": { "id": 85, "snapped_id": 475.0, "centroid_lon": 2.15854, "centroid_lat": 41.33322, "radius": 192.372, "internal_id": 618000602696253439, "population": 11, "component": 0, "o_score_pt": 0.75, "o_score_car": 1183.9707614613649, "CDI": 0.99873387886091425, "log_population": 1.0791812460476249 }, "geometry": { "type": "Polygon", "coordinates": [ [ [ 2.158078836166544, 41.33331093013615 ], [ 2.158568304712083, 41.333632371451777 ], [ 2.158935384713012, 41.33353606029619 ], [ 2.159010896914984, 41.333127240767887 ], [ 2.158521421168966, 41.332805814998125 ], [ 2.158154364200584, 41.332902122453341 ], [ 2.158078836166544, 41.33331093013615 ] ] ] } },
{ "type": "Feature", "properties": { "id": 86, "snapped_id": 86.0, "centroid_lon": 2.2165, "centroid_lat": 41.41111, "radius": 192.389, "internal_id": 618000602471333887, "population": 2367, "component": 0, "o_score_pt": 2036.8904566040733, "o_score_car": 2193.0644916875422, "CDI": 0.036920968897445103, "log_population": 3.3743816980508821 }, "geometry": { "type": "Polygon", "coordinates": [ [ [ 2.214350229090515, 41.41167614069871 ], [ 2.216178392917711, 41.412873803984688 ], [ 2.218328815001991, 41.412310141140047 ], [ 2.218653472990678, 41.410548935051622 ], [ 2.216825284173422, 41.409351297347555 ], [ 2.214674956708657, 41.409914968280518 ], [ 2.214350229090515, 41.41167614069871 ] ] ] } },
{ "type": "Feature", "properties": { "id": 87, "snapped_id": 87.0, "centroid_lon": 2.18186, "centroid_lat": 41.40834, "radius": 192.331, "internal_id": 618000602455343103, "population": 1761, "component": 0, "o_score_pt": 2602.6320849324889, "o_score_car": 2503.2584759835763, "CDI": -0.0194625418941771, "log_population": 3.246005904076029 }, "geometry": { "type": "Polygon", "coordinates": [ [ [ 2.179803933597162, 41.408878783539031 ], [ 2.181556260860867, 41.410027813891212 ], [ 2.183606510354447, 41.409490944653619 ], [ 2.183917804502095, 41.407805718264754 ], [ 2.182165453134467, 41.406656714210946 ], [ 2.180115294284251, 41.407193590089932 ], [ 2.179803933597162, 41.408878783539031 ] ] ] } },
{ "type": "Feature", "properties": { "id": 88, "snapped_id": null, "centroid_lon": 2.06154, "centroid_lat": 41.43301, "radius": 192.091, "internal_id": 618000603150548991, "population": 0, "component": 1, "o_score_pt": 0.3364343556211028, "o_score_car": 817.6299326750343, "CDI": 0.99917738829081082, "log_population": 0.0 }, "geometry": { "type": "Polygon", "coordinates": [ [ [ 2.06149668862213, 41.43298360028146 ], [ 2.061581161963564, 41.433039144429856 ], [ 2.061581163246341, 41.433039137539438 ], [ 2.061496689251334, 41.43298359690251 ], [ 2.06149668862213, 41.43298360028146 ] ] ] } },
{ "type": "Feature", "properties": { "id": 89, "snapped_id": 89.0, "centroid_lon": 2.20088, "centroid_lat": 41.3949, "radius": 192.379, "internal_id": 618000602396360703, "population": 2191, "component": 0, "o_score_pt": 1967.0448179677207, "o_score_car": 2331.1582877687611, "CDI": 0.084712951166752898, "log_population": 3.3408405498123317 }, "geometry": { "type": "Polygon", "coordinates": [ [ [ 2.198756176303893, 41.395453624458355 ], [ 2.200563984027594, 41.39663865672501 ], [ 2.202687760775762, 41.396081930629038 ], [ 2.203008989993407, 41.394340432227025 ], [ 2.201201157498055, 41.393155425749853 ], [ 2.199077474302286, 41.393712159560259 ], [ 2.198756176303893, 41.395453624458355 ] ] ] } },
{ "type": "Feature", "properties": { "id": 90, "snapped_id": 90.0, "centroid_lon": 2.1011, "centroid_lat": 41.40916, "radius": 192.188, "internal_id": 618000602358874111, "population": 344, "component": 0, "o_score_pt": 15.084315371984164, "o_score_car": 1646.879612075554, "CDI": 0.98184760195710041, "log_population": 2.537819095073274 }, "geometry": { "type": "Polygon", "coordinates": [ [ [ 2.099563301755755, 41.40955417332242 ], [ 2.10090172396008, 41.410433594215839 ], [ 2.102401233699724, 41.410041955029776 ], [ 2.102636511206617, 41.408774530183386 ], [ 2.10129807021918, 41.407895136853831 ], [ 2.099798629105501, 41.408286776271389 ], [ 2.099563301755755, 41.40955417332242 ] ] ] } },
{ "type": "Feature", "properties": { "id": 91, "snapped_id": 91.0, "centroid_lon": 2.17982, "centroid_lat": 41.39703, "radius": 192.34, "internal_id": 618000602492829695, "population": 2674, "component": 0, "o_score_pt": 2464.7832668596561, "o_score_car": 2504.9754716661478, "CDI": 0.0080873553267121999, "log_population": 3.4273237863572472 }, "geometry": { "type": "Polygon", "coordinates": [ [ [ 2.177643136662656, 41.397602019684022 ], [ 2.179486913178871, 41.398811243676377 ], [ 2.181659232012294, 41.398242216980634 ], [ 2.181987678793317, 41.396463957779716 ], [ 2.180143876946646, 41.395254759167038 ], [ 2.177971653646514, 41.395823794376177 ], [ 2.177643136662656, 41.397602019684022 ] ] ] } },
{ "type": "Feature", "properties": { "id": 92, "snapped_id": 92.0, "centroid_lon": 2.11215, "centroid_lat": 41.41642, "radius": 192.199, "internal_id": 618000602321387519, "population": 246, "component": 0, "o_score_pt": 15.453756075937569, "o_score_car": 1586.9916509105783, "CDI": 0.98071228385246645, "log_population": 2.3926969532596658 }, "geometry": { "type": "Polygon", "coordinates": [ [ [ 2.11072084654566, 41.416784392640878 ], [ 2.11197528493937, 41.41760832779692 ], [ 2.113362389711903, 41.417246013124796 ], [ 2.113581683189787, 41.416064068139754 ], [ 2.112327227174528, 41.415240160243258 ], [ 2.11094018650646, 41.415602474164061 ], [ 2.11072084654566, 41.416784392640878 ] ] ] } },
{ "type": "Feature", "properties": { "id": 93, "snapped_id": 93.0, "centroid_lon": 2.17193, "centroid_lat": 41.4397, "radius": 192.279, "internal_id": 618000602963116031, "population": 2614, "component": 0, "o_score_pt": 1897.4679082608411, "o_score_car": 2138.162042729753, "CDI": 0.059642270820650899, "log_population": 3.4174716932032929 }, "geometry": { "type": "Polygon", "coordinates": [ [ [ 2.169754873899321, 41.440270807525643 ], [ 2.171599338907259, 41.441480093154105 ], [ 2.173772654763706, 41.440911817958025 ], [ 2.174101409972401, 41.439134248611744 ], [ 2.172256919582128, 41.437924988330224 ], [ 2.170083699362607, 41.438493272048589 ], [ 2.169754873899321, 41.440270807525643 ] ] ] } },
{ "type": "Feature", "properties": { "id": 94, "snapped_id": 94.0, "centroid_lon": 2.12059, "centroid_lat": 41.38208, "radius": 192.252, "internal_id": 618000602283900927, "population": 2803, "component": 0, "o_score_pt": 1749.0277580149618, "o_score_car": 2078.9188867456401, "CDI": 0.086179656966276594, "log_population": 3.4477780092946211 }, "geometry": { "type": "Polygon", "coordinates": [ [ [ 2.118414773178784, 41.382651455395845 ], [ 2.120256412611325, 41.383861314678619 ], [ 2.122427607673933, 41.383293346257112 ], [ 2.122757067747408, 41.381515509931972 ], [ 2.120915402796173, 41.380305676002251 ], [ 2.118744303287291, 41.380873653045192 ], [ 2.118414773178784, 41.382651455395845 ] ] ] } },
{ "type": "Feature", "properties": { "id": 95, "snapped_id": 95.0, "centroid_lon": 2.17344, "centroid_lat": 41.44269, "radius": 192.278, "internal_id": 618000602925629439, "population": 2522, "component": 0, "o_score_pt": 1701.508095580165, "o_score_car": 2115.070331470823, "CDI": 0.10835942292170089, "log_population": 3.4019172505175748 }, "geometry": { "type": "Polygon", "coordinates": [ [ [ 2.171271789974301, 41.443257249688585 ], [ 2.173115366519005, 41.444465862070089 ], [ 2.175287443766844, 41.44389794424314 ], [ 2.175615995948404, 41.442121413269092 ], [ 2.173772394038028, 41.440912826244912 ], [ 2.17160041237887, 41.441480752569888 ], [ 2.171271789974301, 41.443257249688585 ] ] ] } },
{ "type": "Feature", "properties": { "id": 96, "snapped_id": 96.0, "centroid_lon": 2.16815, "centroid_lat": 41.35947, "radius": 192.361, "internal_id": 618000602663223295, "population": 921, "component": 0, "o_score_pt": 1101.9928719075381, "o_score_car": 2004.0434012981173, "CDI": 0.29041854313555632, "log_population": 2.9647309210536292 }, "geometry": { "type": "Polygon", "coordinates": [ [ [ 2.166305034288094, 41.359951875953776 ], [ 2.167892239243464, 41.360993618132099 ], [ 2.169722849846224, 41.360513630589885 ], [ 2.170003582541811, 41.358993656430791 ], [ 2.168416355663313, 41.357951941640785 ], [ 2.166585826848561, 41.358431932896352 ], [ 2.166305034288094, 41.359951875953776 ] ] ] } },
{ "type": "Feature", "properties": { "id": 97, "snapped_id": 97.0, "centroid_lon": 2.08859, "centroid_lat": 41.42088, "radius": 192.153, "internal_id": 618000603080032255, "population": 0, "component": 0, "o_score_pt": 7.4477637153935117, "o_score_car": 1237.1450062350118, "CDI": 0.98803180623379283, "log_population": 0.0 }, "geometry": { "type": "Polygon", "coordinates": [ [ [ 2.0885489639352, 41.420856918251879 ], [ 2.088633285255521, 41.420912332600842 ], [ 2.088633286535062, 41.420912325714845 ], [ 2.088548964564015, 41.420856914868658 ], [ 2.0885489639352, 41.420856918251879 ] ] ] } },
{ "type": "Feature", "properties": { "id": 98, "snapped_id": 98.0, "centroid_lon": 2.11017, "centroid_lat": 41.42709, "radius": 192.184, "internal_id": 618000602325843967, "population": 19, "component": 0, "o_score_pt": 0.85840313051994166, "o_score_car": 1172.7066461968425, "CDI": 0.99853710174649124, "log_population": 1.3010299956639813 }, "geometry": { "type": "Polygon", "coordinates": [ [ [ 2.109542499966104, 41.427223534281694 ], [ 2.11016251018563, 41.427630736930993 ], [ 2.110702159501477, 41.427489841136115 ], [ 2.110802199790727, 41.4269508233007 ], [ 2.110182180519993, 41.426543639318886 ], [ 2.109642561268674, 41.426684531185821 ], [ 2.109542499966104, 41.427223534281694 ] ] ] } },
{ "type": "Feature", "properties": { "id": 99, "snapped_id": 99.0, "centroid_lon": 2.15935, "centroid_lat": 41.42946, "radius": 192.268, "internal_id": 618000602967572479, "population": 2553, "component": 0, "o_score_pt": 2276.0632471025228, "o_score_car": 2292.1142778653807, "CDI": 0.0035136617776189002, "log_population": 3.4072208929273966 }, "geometry": { "type": "Polygon", "coordinates": [ [ [ 2.157174962752352, 41.430027723756446 ], [ 2.15901881968273, 41.431237148479646 ], [ 2.16119171539764, 41.43066900150793 ], [ 2.161520658553984, 41.428891421267458 ], [ 2.159676776205502, 41.427682021890206 ], [ 2.157503976115897, 41.428250177408032 ], [ 2.157174962752352, 41.430027723756446 ] ] ] } },
{ "type": "Feature", "properties": { "id": 100, "snapped_id": 100.0, "centroid_lon": 2.14572, "centroid_lat": 41.40258, "radius": 192.274, "internal_id": 618000602250870783, "population": 2130, "component": 0, "o_score_pt": 2247.7619242761261, "o_score_car": 2511.6664686458944, "CDI": 0.055448789766904198, "log_population": 3.3285834497142019 }, "geometry": { "type": "Polygon", "coordinates": [ [ [ 2.143602005314416, 41.403127849281503 ], [ 2.14540120244928, 41.404308777831709 ], [ 2.147514973836452, 41.403755795883079 ], [ 2.147835874653688, 41.402022194897633 ], [ 2.146036652658526, 41.400841292172046 ], [ 2.14392297450849, 41.401394281785855 ], [ 2.143602005314416, 41.403127849281503 ] ] ] } },
{ "type": "Feature", "properties": { "id": 101, "snapped_id": 101.0, "centroid_lon": 2.17118, "centroid_lat": 41.36545, "radius": 192.359, "internal_id": 618000602742652927, "population": 1641, "component": 0, "o_score_pt": 1476.5548742578292, "o_score_car": 1891.9482634885685, "CDI": 0.1233169073158847, "log_population": 3.215373152783422 }, "geometry": { "type": "Polygon", "coordinates": [ [ [ 2.169149421873354, 41.365979273826895 ], [ 2.170882689909013, 41.367116710697459 ], [ 2.172907986258334, 41.366585740006691 ], [ 2.173215973868902, 41.364918088130025 ], [ 2.17148268196072, 41.363780677728641 ], [ 2.169457475216796, 41.364311654739161 ], [ 2.169149421873354, 41.365979273826895 ] ] ] } },
{ "type": "Feature", "properties": { "id": 102, "snapped_id": 102.0, "centroid_lon": 2.2115, "centroid_lat": 41.41581, "radius": 192.375, "internal_id": 618000602480246783, "population": 1367, "component": 0, "o_score_pt": 1844.0554458022916, "o_score_car": 2161.4741792936811, "CDI": 0.079245134401866799, "log_population": 3.1360860973840974 }, "geometry": { "type": "Polygon", "coordinates": [ [ [ 2.209522952431777, 41.416322783703286 ], [ 2.211212269994526, 41.417429564647527 ], [ 2.213177711154092, 41.416914555918027 ], [ 2.213476572544971, 41.415293938068565 ], [ 2.211787231818731, 41.414187183943397 ], [ 2.209821877866487, 41.41470219805057 ], [ 2.209522952431777, 41.416322783703286 ] ] ] } },
{ "type": "Feature", "properties": { "id": 103, "snapped_id": 103.0, "centroid_lon": 2.11745, "centroid_lat": 41.33215, "radius": 192.301, "internal_id": 618000605159620607, "population": 1456, "component": 0, "o_score_pt": 974.49983840096525, "o_score_car": 1574.7772354685987, "CDI": 0.2354696565628579, "log_population": 3.1634595517699902 }, "geometry": { "type": "Polygon", "coordinates": [ [ [ 2.115452022130333, 41.332667824815779 ], [ 2.11715286845333, 41.333785960955147 ], [ 2.119136429614287, 41.333266197208665 ], [ 2.119439549360849, 41.331629197926418 ], [ 2.117738679426761, 41.330511088481778 ], [ 2.115755206229153, 41.331030858071387 ], [ 2.115452022130333, 41.332667824815779 ] ] ] } },
{ "type": "Feature", "properties": { "id": 104, "snapped_id": 104.0, "centroid_lon": 2.18406, "centroid_lat": 41.4636, "radius": 192.274, "internal_id": 618000603009515519, "population": 1922, "component": 0, "o_score_pt": 1073.3519019634944, "o_score_car": 1679.0954115653451, "CDI": 0.2200745157316901, "log_population": 3.2839792842384798 }, "geometry": { "type": "Polygon", "coordinates": [ [ [ 2.1819715086157, 41.464139364397617 ], [ 2.183747201445151, 41.465302862279025 ], [ 2.185828330260354, 41.464758948225416 ], [ 2.186143924220339, 41.463052084197528 ], [ 2.184368206964903, 41.461888612381401 ], [ 2.182287170096102, 41.462432533501634 ], [ 2.1819715086157, 41.464139364397617 ] ] ] } },
{ "type": "Feature", "properties": { "id": 105, "snapped_id": 105.0, "centroid_lon": 2.13164, "centroid_lat": 41.38934, "radius": 192.263, "internal_id": 618000602292813823, "population": 2908, "component": 0, "o_score_pt": 2183.812260096407, "o_score_car": 2451.7720805440545, "CDI": 0.057804971446302103, "log_population": 3.463743721247059 }, "geometry": { "type": "Polygon", "coordinates": [ [ [ 2.129465850066189, 41.389910309993084 ], [ 2.131307985627911, 41.391120048798278 ], [ 2.133479505257657, 41.390551944064839 ], [ 2.133808793762754, 41.388774091926074 ], [ 2.131966632714735, 41.387564378475965 ], [ 2.129795208645025, 41.38813249181014 ], [ 2.129465850066189, 41.389910309993084 ] ] ] } },
{ "type": "Feature", "properties": { "id": 106, "snapped_id": 106.0, "centroid_lon": 2.14269, "centroid_lat": 41.3966, "radius": 192.275, "internal_id": 618000602255327231, "population": 1662, "component": 0, "o_score_pt": 2150.5832163907689, "o_score_car": 2438.5893439982951, "CDI": 0.062757746373152096, "log_population": 3.2208922492195193 }, "geometry": { "type": "Polygon", "coordinates": [ [ [ 2.140653944802625, 41.397130944829307 ], [ 2.142390283326149, 41.398270786741712 ], [ 2.144420270137484, 41.397739660407439 ], [ 2.1447294572889, 41.396069450850696 ], [ 2.142993094741775, 41.394929635346571 ], [ 2.140963197799752, 41.39546076810791 ], [ 2.140653944802625, 41.397130944829307 ] ] ] } },
{ "type": "Feature", "properties": { "id": 107, "snapped_id": 107.0, "centroid_lon": 2.17876, "centroid_lat": 41.38039, "radius": 192.356, "internal_id": 618000602747109375, "population": 2074, "component": 0, "o_score_pt": 2525.0687392563968, "o_score_car": 2283.0329108356382, "CDI": -0.050339166272852301, "log_population": 3.3170181010481117 }, "geometry": { "type": "Polygon", "coordinates": [ [ [ 2.176647603909218, 41.380939147057347 ], [ 2.178440570730219, 41.382115319405763 ], [ 2.180545217646474, 41.381563708435117 ], [ 2.180864192169026, 41.379836276728994 ], [ 2.179071200698462, 41.378660130306208 ], [ 2.176966646580154, 41.379211748749483 ], [ 2.176647603909218, 41.380939147057347 ] ] ] } },
{ "type": "Feature", "properties": { "id": 108, "snapped_id": 108.0, "centroid_lon": 2.1783, "centroid_lat": 41.39405, "radius": 192.34, "internal_id": 618000602484703231, "population": 2622, "component": 0, "o_score_pt": 2689.8988106472002, "o_score_car": 2502.0869896509539, "CDI": -0.036173408060064603, "log_population": 3.4187982905903533 }, "geometry": { "type": "Polygon", "coordinates": [ [ [ 2.176127988496646, 41.394614552786486 ], [ 2.177971653646514, 41.395823794376177 ], [ 2.180143876946646, 41.395254759167038 ], [ 2.180472339566097, 41.393476473852367 ], [ 2.178628649082497, 41.392267257643397 ], [ 2.176456521310314, 41.392836301368995 ], [ 2.176127988496646, 41.394614552786486 ] ] ] } },
{ "type": "Feature", "properties": { "id": 109, "snapped_id": 109.0, "centroid_lon": 2.11442, "centroid_lat": 41.32617, "radius": 192.302, "internal_id": 618000605164077055, "population": 1365, "component": 0, "o_score_pt": 834.23585183611272, "o_score_car": 1729.6047194103628, "CDI": 0.3492295416555265, "log_population": 3.1354506993455136 }, "geometry": { "type": "Polygon", "coordinates": [ [ [ 2.112450761420892, 41.326685225577812 ], [ 2.114135115330364, 41.327792685098714 ], [ 2.116096771104396, 41.327278600401897 ], [ 2.11639686445857, 41.325658052257396 ], [ 2.114712487152789, 41.324550619550621 ], [ 2.112750918459682, 41.3250647097938 ], [ 2.112450761420892, 41.326685225577812 ] ] ] } },
{ "type": "Feature", "properties": { "id": 110, "snapped_id": 110.0, "centroid_lon": 2.15632, "centroid_lat": 41.42349, "radius": 192.269, "internal_id": 618000602334756863, "population": 2391, "component": 0, "o_score_pt": 2150.0336521870431, "o_score_car": 2244.2576052509617, "CDI": 0.0214423549882885, "log_population": 3.3787611753163733 }, "geometry": { "type": "Polygon", "coordinates": [ [ [ 2.154163875304092, 41.424048597731321 ], [ 2.155993036654687, 41.425248563517442 ], [ 2.158146426727126, 41.424685450076964 ], [ 2.158472689622585, 41.422922471143636 ], [ 2.156643503041587, 41.421722530867093 ], [ 2.154490207808013, 41.422285652555018 ], [ 2.154163875304092, 41.424048597731321 ] ] ] } },
{ "type": "Feature", "properties": { "id": 111, "snapped_id": 111.0, "centroid_lon": 2.20551, "centroid_lat": 41.42584, "radius": 192.353, "internal_id": 618000602976485375, "population": 2017, "component": 0, "o_score_pt": 2179.8244621644585, "o_score_car": 2068.5837853957964, "CDI": -0.026184083611207599, "log_population": 3.3049211619008916 }, "geometry": { "type": "Polygon", "coordinates": [ [ [ 2.203412123248276, 41.426386941591986 ], [ 2.205199821432128, 41.427558210737637 ], [ 2.207296540773654, 41.427009105266663 ], [ 2.20761389822315, 41.425289162602098 ], [ 2.205826175542631, 41.424117919439745 ], [ 2.203729548698236, 41.424667032188431 ], [ 2.203412123248276, 41.426386941591986 ] ] ] } },
{ "type": "Feature", "properties": { "id": 112, "snapped_id": 112.0, "centroid_lon": 2.14072, "centroid_lat": 41.40727, "radius": 192.26, "internal_id": 618000602259783679, "population": 1774, "component": 0, "o_score_pt": 2088.4046387230692, "o_score_car": 2362.6694132498224, "CDI": 0.061617661563098003, "log_population": 3.249198357391113 }, "geometry": { "type": "Polygon", "coordinates": [ [ [ 2.138657798052534, 41.407803159669172 ], [ 2.140410774178429, 41.40895383098659 ], [ 2.142462971066273, 41.408417132840526 ], [ 2.142775318218244, 41.406730412383851 ], [ 2.141022317834419, 41.405579767324916 ], [ 2.138970211723271, 41.406116472220404 ], [ 2.138657798052534, 41.407803159669172 ] ] ] } },
{ "type": "Feature", "properties": { "id": 113, "snapped_id": 113.0, "centroid_lon": 2.17527, "centroid_lat": 41.38807, "radius": 192.342, "internal_id": 618000602489159679, "population": 2586, "component": 0, "o_score_pt": 2743.9026111866438, "o_score_car": 2449.3743478283222, "CDI": -0.056713374942780899, "log_population": 3.4127964287165433 }, "geometry": { "type": "Polygon", "coordinates": [ [ [ 2.173098073710299, 41.388639487929545 ], [ 2.174941516156355, 41.389848764676607 ], [ 2.177113548405956, 41.389279712431474 ], [ 2.177442042689393, 41.387501374917314 ], [ 2.175598574903107, 41.386292123553048 ], [ 2.173426638170739, 41.386861184320772 ], [ 2.173098073710299, 41.388639487929545 ] ] ] } },
{ "type": "Feature", "properties": { "id": 114, "snapped_id": 114.0, "centroid_lon": 2.18739, "centroid_lat": 41.41197, "radius": 192.337, "internal_id": 618000602451673087, "population": 2626, "component": 0, "o_score_pt": 2676.4935714482449, "o_score_car": 2349.0223884642178, "CDI": -0.065161703911836899, "log_population": 3.4194600727860704 }, "geometry": { "type": "Polygon", "coordinates": [ [ [ 2.185220785777012, 41.41253869799236 ], [ 2.18706511926931, 41.413747833811968 ], [ 2.189237915849322, 41.413178849636864 ], [ 2.189566283374148, 41.411400721144737 ], [ 2.187721924567727, 41.410191610699677 ], [ 2.185549223547737, 41.410760603372772 ], [ 2.185220785777012, 41.41253869799236 ] ] ] } },
{ "type": "Feature", "properties": { "id": 115, "snapped_id": 115.0, "centroid_lon": 2.15329, "centroid_lat": 41.41751, "radius": 192.271, "internal_id": 618000602339213311, "population": 421, "component": 0, "o_score_pt": 1814.2793052374109, "o_score_car": 1927.3306551320395, "CDI": 0.030214627150357901, "log_population": 2.6253124509616739 }, "geometry": { "type": "Polygon", "coordinates": [ [ [ 2.151687806264142, 41.417919781204937 ], [ 2.153078389457952, 41.418832172129974 ], [ 2.15464658208119, 41.418422037594851 ], [ 2.154890726435341, 41.417102877052429 ], [ 2.153500123891253, 41.416190513802498 ], [ 2.151932002600887, 41.416600649136335 ], [ 2.151687806264142, 41.417919781204937 ] ] ] } },
{ "type": "Feature", "properties": { "id": 116, "snapped_id": 116.0, "centroid_lon": 2.16171, "centroid_lat": 41.38316, "radius": 192.323, "internal_id": 618000602301726719, "population": 2493, "component": 0, "o_score_pt": 2660.9549854234137, "o_score_car": 2496.3639558978571, "CDI": -0.031914068413885797, "log_population": 3.396896449142524 }, "geometry": { "type": "Polygon", "coordinates": [ [ [ 2.159543665649654, 41.383729086944143 ], [ 2.161382665721697, 41.384935936903304 ], [ 2.163549172301372, 41.384368476630364 ], [ 2.163877158814598, 41.38259418580995 ], [ 2.162038133412672, 41.381387361272658 ], [ 2.159871722141612, 41.381954830010166 ], [ 2.159543665649654, 41.383729086944143 ] ] ] } },
{ "type": "Feature", "properties": { "id": 117, "snapped_id": 117.0, "centroid_lon": 2.1421, "centroid_lat": 41.3663, "radius": 192.307, "internal_id": 618000602718535679, "population": 2650, "component": 0, "o_score_pt": 2222.2541594911968, "o_score_car": 2163.209332606667, "CDI": -0.0134637597578734, "log_population": 3.4234097277330933 }, "geometry": { "type": "Polygon", "coordinates": [ [ [ 2.139930245530731, 41.366869062893763 ], [ 2.141772200081898, 41.368078701848468 ], [ 2.143943259898425, 41.367510059157247 ], [ 2.144272269662371, 41.36573176892724 ], [ 2.142430289673591, 41.364522155349214 ], [ 2.140259325355589, 41.36509080662514 ], [ 2.139930245530731, 41.366869062893763 ] ] ] } },
{ "type": "Feature", "properties": { "id": 118, "snapped_id": 118.0, "centroid_lon": 2.1733, "centroid_lat": 41.39874, "radius": 192.326, "internal_id": 618000602493616127, "population": 2705, "component": 0, "o_score_pt": 2620.1408394000377, "o_score_car": 2577.3490262595583, "CDI": -0.0082331691348182003, "log_population": 3.4323277922616042 }, "geometry": { "type": "Polygon", "coordinates": [ [ [ 2.171126417180617, 41.399308706885883 ], [ 2.172970031633821, 41.400517999227752 ], [ 2.175142312983498, 41.399949134799208 ], [ 2.175470884333973, 41.398170969504527 ], [ 2.173627244527559, 41.396961702537212 ], [ 2.171455058720995, 41.39753057549062 ], [ 2.171126417180617, 41.399308706885883 ] ] ] } },
{ "type": "Feature", "properties": { "id": 119, "snapped_id": 119.0, "centroid_lon": 2.13954, "centroid_lat": 41.34667, "radius": 192.324, "internal_id": 618000602755235839, "population": 2241, "component": 0, "o_score_pt": 1185.0825182431131, "o_score_car": 1826.7217374275724, "CDI": 0.21304147438412299, "log_population": 3.3506356082589543 }, "geometry": { "type": "Polygon", "coordinates": [ [ [ 2.137405766023197, 41.347223879850638 ], [ 2.139216392996915, 41.348413307720577 ], [ 2.141345796036955, 41.347855228464134 ], [ 2.141668998998481, 41.346107919634733 ], [ 2.139858347005637, 41.344918517488345 ], [ 2.137729037771329, 41.345476604691115 ], [ 2.137405766023197, 41.347223879850638 ] ] ] } },
{ "type": "Feature", "properties": { "id": 120, "snapped_id": 120.0, "centroid_lon": 2.15131, "centroid_lat": 41.42818, "radius": 192.255, "internal_id": 618000602343669759, "population": 2596, "component": 0, "o_score_pt": 1884.1686191466652, "o_score_car": 2263.0714410034789, "CDI": 0.091362645123343994, "log_population": 3.4144719496293026 }, "geometry": { "type": "Polygon", "coordinates": [ [ [ 2.149142068011179, 41.428744808645412 ], [ 2.150985651217042, 41.42995431933241 ], [ 2.153158413615529, 41.429386326128395 ], [ 2.153487497175497, 41.42760881367726 ], [ 2.15164388852551, 41.426399328332039 ], [ 2.149471221756807, 41.426967330096772 ], [ 2.149142068011179, 41.428744808645412 ] ] ] } },
{ "type": "Feature", "properties": { "id": 121, "snapped_id": 121.0, "centroid_lon": 2.17094, "centroid_lat": 41.44504, "radius": 192.271, "internal_id": 618000603022884863, "population": 1498, "component": 0, "o_score_pt": 1723.449492475969, "o_score_car": 2128.24183880994, "CDI": 0.1050947003582524, "log_population": 3.1758016328482794 }, "geometry": { "type": "Polygon", "coordinates": [ [ [ 2.168935514956101, 41.445556470726366 ], [ 2.170647459262003, 41.446678828129109 ], [ 2.17264394786978, 41.446156904826516 ], [ 2.172947913170478, 41.444513645931679 ], [ 2.171235945250634, 41.443391315138676 ], [ 2.169239545185653, 41.443913244313919 ], [ 2.168935514956101, 41.445556470726366 ] ] ] } },
{ "type": "Feature", "properties": { "id": 122, "snapped_id": 122.0, "centroid_lon": 2.15868, "centroid_lat": 41.37719, "radius": 192.324, "internal_id": 618000602306183167, "population": 1842, "component": 0, "o_score_pt": 2555.6158874291732, "o_score_car": 2418.5772716726037, "CDI": -0.027549918423617401, "log_population": 3.2655253352190736 }, "geometry": { "type": "Polygon", "coordinates": [ [ [ 2.156612108891655, 41.377726728859322 ], [ 2.158374453279549, 41.378883447399311 ], [ 2.160438806374659, 41.378342679234827 ], [ 2.160752512824604, 41.376645751510111 ], [ 2.158990144126367, 41.375489059171151 ], [ 2.156925882235571, 41.376029834244257 ], [ 2.156612108891655, 41.377726728859322 ] ] ] } },
{ "type": "Feature", "properties": { "id": 123, "snapped_id": 123.0, "centroid_lon": 2.17133, "centroid_lat": 41.40941, "radius": 192.311, "internal_id": 618000602268696575, "population": 1316, "component": 0, "o_score_pt": 2430.9363123392568, "o_score_car": 2484.205640009025, "CDI": 0.010837800451382201, "log_population": 3.1195857749617839 }, "geometry": { "type": "Polygon", "coordinates": [ [ [ 2.169362694800009, 41.40991855632312 ], [ 2.171041165980892, 41.411019438629609 ], [ 2.172993159435289, 41.410508488236793 ], [ 2.173290869318834, 41.408897872709268 ], [ 2.171612374985298, 41.407797017269253 ], [ 2.169660468244735, 41.408307972932953 ], [ 2.169362694800009, 41.40991855632312 ] ] ] } },
{ "type": "Feature", "properties": { "id": 124, "snapped_id": 124.0, "centroid_lon": 2.13908, "centroid_lat": 41.36032, "radius": 192.308, "internal_id": 618000602722992127, "population": 1819, "component": 0, "o_score_pt": 1970.2857358239428, "o_score_car": 2151.8999692666825, "CDI": 0.0440577515026696, "log_population": 3.2600713879850747 }, "geometry": { "type": "Polygon", "coordinates": [ [ [ 2.137010120137766, 41.360863728268036 ], [ 2.138768359849172, 41.362018564173475 ], [ 2.140827824830149, 41.361479086008544 ], [ 2.141141214361577, 41.359785335035539 ], [ 2.139382950330691, 41.358630525358244 ], [ 2.137323576364617, 41.359170010405442 ], [ 2.137010120137766, 41.360863728268036 ] ] ] } },
{ "type": "Feature", "properties": { "id": 125, "snapped_id": 125.0, "centroid_lon": 2.1475, "centroid_lat": 41.32596, "radius": 192.361, "internal_id": 618000602685505535, "population": 943, "component": 0, "o_score_pt": 0.73634139983029279, "o_score_car": 1437.1865408063284, "CDI": 0.99897582629925119, "log_population": 2.9749719942980688 }, "geometry": { "type": "Polygon", "coordinates": [ [ [ 2.145640063886459, 41.326443165369959 ], [ 2.14723198598274, 41.327488977552825 ], [ 2.149069548346054, 41.327006904736635 ], [ 2.149351612494645, 41.325480637441842 ], [ 2.147759668358021, 41.32443485262548 ], [ 2.145922188050658, 41.32491692929198 ], [ 2.145640063886459, 41.326443165369959 ] ] ] } },
{ "type": "Feature", "properties": { "id": 126, "snapped_id": 126.0, "centroid_lon": 2.19846, "centroid_lat": 41.41922, "radius": 192.348, "internal_id": 618000602460585983, "population": 2551, "component": 0, "o_score_pt": 2301.5616716717823, "o_score_car": 2253.4063338557835, "CDI": -0.010572047434265401, "log_population": 3.4068806700491248 }, "geometry": { "type": "Polygon", "coordinates": [ [ [ 2.196288027566504, 41.419793209240481 ], [ 2.198132857405269, 41.421002223554439 ], [ 2.200305978046951, 41.420433102488879 ], [ 2.200634173280827, 41.418654958632757 ], [ 2.19878931816051, 41.417445969695379 ], [ 2.196616293085, 41.418015099238147 ], [ 2.196288027566504, 41.419793209240481 ] ] ] } },
{ "type": "Feature", "properties": { "id": 127, "snapped_id": 127.0, "centroid_lon": 2.15836, "centroid_lat": 41.43479, "radius": 192.261, "internal_id": 618000603027341311, "population": 1489, "component": 0, "o_score_pt": 1887.0261622644805, "o_score_car": 2063.9344107610123, "CDI": 0.044776009587223602, "log_population": 3.173186268412274 }, "geometry": { "type": "Polygon", "coordinates": [ [ [ 2.156356936744691, 41.435312899012061 ], [ 2.158066786450213, 41.436434381952587 ], [ 2.16006084543567, 41.435913110662902 ], [ 2.16036470125588, 41.434271372034971 ], [ 2.1586548279245, 41.433149915714274 ], [ 2.156660857389189, 41.433671192870818 ], [ 2.156356936744691, 41.435312899012061 ] ] ] } },
{ "type": "Feature", "properties": { "id": 128, "snapped_id": 128.0, "centroid_lon": 2.15724, "centroid_lat": 41.39618, "radius": 192.301, "internal_id": 618000602310639615, "population": 2772, "component": 0, "o_score_pt": 2957.0638519229533, "o_score_car": 2523.6899251097352, "CDI": -0.079071956968636004, "log_population": 3.4429498695778618 }, "geometry": { "type": "Polygon", "coordinates": [ [ [ 2.155064866876213, 41.396745797192459 ], [ 2.156907934371915, 41.397955261291614 ], [ 2.159079949468222, 41.397386704278588 ], [ 2.159408801513878, 41.395608674613001 ], [ 2.157565708612979, 41.394399235880236 ], [ 2.155393789068767, 41.394967801447251 ], [ 2.155064866876213, 41.396745797192459 ] ] ] } },
{ "type": "Feature", "properties": { "id": 129, "snapped_id": 129.0, "centroid_lon": 2.18004, "centroid_lat": 41.46295, "radius": 192.268, "internal_id": 618000602989854719, "population": 2360, "component": 0, "o_score_pt": 1121.6784580657959, "o_score_car": 1882.3004495214905, "CDI": 0.25320483760207391, "log_population": 3.3730959870787269 }, "geometry": { "type": "Polygon", "coordinates": [ [ [ 2.177886862705368, 41.463516607810043 ], [ 2.179714304238138, 41.464714144226406 ], [ 2.18186459533457, 41.464152213549362 ], [ 2.182189966653919, 41.462392879674987 ], [ 2.180362499989458, 41.46119536879354 ], [ 2.178212303622189, 41.461757307601893 ], [ 2.177886862705368, 41.463516607810043 ] ] ] } },
{ "type": "Feature", "properties": { "id": 130, "snapped_id": 130.0, "centroid_lon": 2.1683, "centroid_lat": 41.40343, "radius": 192.313, "internal_id": 618000602273153023, "population": 1567, "component": 0, "o_score_pt": 2604.6301460671521, "o_score_car": 2566.4513936460207, "CDI": -0.0073831271326749003, "log_population": 3.1953460583484197 }, "geometry": { "type": "Polygon", "coordinates": [ [ [ 2.166277317856949, 41.403959504314457 ], [ 2.167999667033731, 41.405089334375148 ], [ 2.17001030019579, 41.404562972759223 ], [ 2.170316291923122, 41.402907663207799 ], [ 2.16859391899765, 41.401777859688515 ], [ 2.166583374901031, 41.402304227401828 ], [ 2.166277317856949, 41.403959504314457 ] ] ] } },
{ "type": "Feature", "properties": { "id": 131, "snapped_id": 131.0, "centroid_lon": 2.1371, "centroid_lat": 41.37099, "radius": 192.293, "internal_id": 618000602727448575, "population": 2102, "component": 0, "o_score_pt": 2298.2307050225058, "o_score_car": 2179.8337255930637, "CDI": -0.0264393202161156, "log_population": 3.3228392726863212 }, "geometry": { "type": "Polygon", "coordinates": [ [ [ 2.134989158783253, 41.371545862229858 ], [ 2.136784074744057, 41.372724692849069 ], [ 2.138892489338065, 41.372172638284724 ], [ 2.139212796939394, 41.370442071046007 ], [ 2.137417856154559, 41.369263266299427 ], [ 2.135309534556401, 41.369815328479874 ], [ 2.134989158783253, 41.371545862229858 ] ] ] } },
{ "type": "Feature", "properties": { "id": 132, "snapped_id": 132.0, "centroid_lon": 2.1571, "centroid_lat": 41.35222, "radius": 192.349, "internal_id": 618000602652475391, "population": 2048, "component": 0, "o_score_pt": 1101.5989677725656, "o_score_car": 2144.4603686416749, "CDI": 0.32126997469525809, "log_population": 3.3115419584011949 }, "geometry": { "type": "Polygon", "coordinates": [ [ [ 2.154996796095841, 41.352766522067661 ], [ 2.156785326553912, 41.353940832184279 ], [ 2.158884752966055, 41.353390412192951 ], [ 2.159203406931902, 41.351666038380891 ], [ 2.157414851814158, 41.350491754225693 ], [ 2.155315517986625, 41.351042181666649 ], [ 2.154996796095841, 41.352766522067661 ] ] ] } },
{ "type": "Feature", "properties": { "id": 133, "snapped_id": 133.0, "centroid_lon": 2.11512, "centroid_lat": 41.40043, "radius": 192.222, "internal_id": 618000602352582655, "population": 1542, "component": 0, "o_score_pt": 1450.0340421230355, "o_score_car": 2307.848482906189, "CDI": 0.2282706910260538, "log_population": 3.1883659260631481 }, "geometry": { "type": "Polygon", "coordinates": [ [ [ 2.113105102478511, 41.400951355442352 ], [ 2.114821827718708, 41.4020790580661 ], [ 2.116826320493213, 41.401555133069039 ], [ 2.117132439799323, 41.399904396694758 ], [ 2.115415690702735, 41.398776720615814 ], [ 2.113411286815392, 41.399300651724865 ], [ 2.113105102478511, 41.400951355442352 ] ] ] } },
{ "type": "Feature", "properties": { "id": 134, "snapped_id": 134.0, "centroid_lon": 2.16594, "centroid_lat": 41.44973, "radius": 192.257, "internal_id": 618000603031797759, "population": 0, "component": 0, "o_score_pt": 971.7122398629034, "o_score_car": 1906.8236614626369, "CDI": 0.32485661240810759, "log_population": 0.0 }, "geometry": { "type": "Polygon", "coordinates": [ [ [ 2.165894489246617, 41.44969815290635 ], [ 2.165979741061163, 41.449754049144808 ], [ 2.165979742336007, 41.44975404225562 ], [ 2.165894489867808, 41.449698149550287 ], [ 2.165894489246617, 41.44969815290635 ] ] ] } },
{ "type": "Feature", "properties": { "id": 135, "snapped_id": 135.0, "centroid_lon": 2.16632, "centroid_lat": 41.4141, "radius": 192.297, "internal_id": 618000602277609471, "population": 2251, "component": 0, "o_score_pt": 2072.3728777886577, "o_score_car": 2189.912491195541, "CDI": 0.027576664449122899, "log_population": 3.3525683861793087 }, "geometry": { "type": "Polygon", "coordinates": [ [ [ 2.164189206935063, 41.414659259002839 ], [ 2.166003224651339, 41.415849125078537 ], [ 2.168136163262028, 41.415290994386226 ], [ 2.168459356512211, 41.413543210497572 ], [ 2.166645313808499, 41.41235337010734 ], [ 2.164512469189826, 41.412911508713542 ], [ 2.164189206935063, 41.414659259002839 ] ] ] } },
{ "type": "Feature", "properties": { "id": 136, "snapped_id": 136.0, "centroid_lon": 2.18595, "centroid_lat": 41.43096, "radius": 192.313, "internal_id": 618000602956824575, "population": 2810, "component": 0, "o_score_pt": 2276.747402409138, "o_score_car": 2171.8073577155642, "CDI": -0.0235896938111721, "log_population": 3.4488608456074408 }, "geometry": { "type": "Polygon", "coordinates": [ [ [ 2.183780322003731, 41.431527224762647 ], [ 2.185625025288543, 41.432736365913563 ], [ 2.18779829145319, 41.432167672001306 ], [ 2.188126758725891, 41.430389828440482 ], [ 2.186282030110785, 41.429180712650798 ], [ 2.184108859550371, 41.429749415061274 ], [ 2.183780322003731, 41.431527224762647 ] ] ] } },
{ "type": "Feature", "properties": { "id": 137, "snapped_id": 137.0, "centroid_lon": 2.13408, "centroid_lat": 41.36502, "radius": 192.294, "internal_id": 618000602731905023, "population": 2662, "component": 0, "o_score_pt": 1973.7400239927167, "o_score_car": 2134.2499152029745, "CDI": 0.039072610592051298, "log_population": 3.425371166438941 }, "geometry": { "type": "Polygon", "coordinates": [ [ [ 2.1319048267827, 41.365586711730799 ], [ 2.133746507943031, 41.366796436255939 ], [ 2.135917434484183, 41.366227947077732 ], [ 2.1362465843592, 41.364449724775717 ], [ 2.134404877735329, 41.363240025623178 ], [ 2.132234046697109, 41.363808523400628 ], [ 2.1319048267827, 41.365586711730799 ] ] ] } },
{ "type": "Feature", "properties": { "id": 138, "snapped_id": 138.0, "centroid_lon": 2.14302, "centroid_lat": 41.33898, "radius": 192.339, "internal_id": 618000602694418431, "population": 1372, "component": 0, "o_score_pt": 1220.5522711259202, "o_score_car": 1955.6041692395909, "CDI": 0.2314281150550257, "log_population": 3.137670537236755 }, "geometry": { "type": "Polygon", "coordinates": [ [ [ 2.141048337918502, 41.33949699518336 ], [ 2.142735044828426, 41.340605025228264 ], [ 2.144699072167235, 41.340090088724317 ], [ 2.144998977502309, 41.338468141120011 ], [ 2.14331224725698, 41.337360137889533 ], [ 2.141348307071128, 41.33787507991358 ], [ 2.141048337918502, 41.33949699518336 ] ] ] } },
{ "type": "Feature", "properties": { "id": 139, "snapped_id": 139.0, "centroid_lon": 2.15407, "centroid_lat": 41.34624, "radius": 192.35, "internal_id": 618000602656931839, "population": 1063, "component": 0, "o_score_pt": 3.8215957308675579, "o_score_car": 1953.4073453396163, "CDI": 0.9960948914552864, "log_population": 3.0269416279590295 }, "geometry": { "type": "Polygon", "coordinates": [ [ [ 2.152179126395947, 41.346731784370689 ], [ 2.153801879685717, 41.347797409996971 ], [ 2.155680297402002, 41.347304874090014 ], [ 2.155967984019382, 41.345748181266082 ], [ 2.154345208288759, 41.344682582853629 ], [ 2.152466874282696, 41.345175123111588 ], [ 2.152179126395947, 41.346731784370689 ] ] ] } },
{ "type": "Feature", "properties": { "id": 140, "snapped_id": 140.0, "centroid_lon": 2.21347, "centroid_lat": 41.40514, "radius": 192.39, "internal_id": 618000602394525695, "population": 1990, "component": 0, "o_score_pt": 1771.9160014474589, "o_score_car": 2236.9122937179882, "CDI": 0.11599306780769419, "log_population": 3.2990712600274095 }, "geometry": { "type": "Polygon", "coordinates": [ [ [ 2.211371246559481, 41.405686081414082 ], [ 2.21315532281772, 41.406855038134339 ], [ 2.215247081981406, 41.406306687076004 ], [ 2.215563586867592, 41.40458982598939 ], [ 2.213779486196141, 41.403420895302673 ], [ 2.211687819294514, 41.40396925355887 ], [ 2.211371246559481, 41.405686081414082 ] ] ] } },
{ "type": "Feature", "properties": { "id": 141, "snapped_id": 141.0, "centroid_lon": 2.10261, "centroid_lat": 41.41215, "radius": 192.187, "internal_id": 618000603073740799, "population": 727, "component": 0, "o_score_pt": 16.908051939625512, "o_score_car": 1676.7602317068049, "CDI": 0.98003380933222317, "log_population": 2.8621313793130372 }, "geometry": { "type": "Polygon", "coordinates": [ [ [ 2.10083711955337, 41.412607840113736 ], [ 2.102364131165955, 41.413611098069346 ], [ 2.104115487764997, 41.413153710212548 ], [ 2.104386201410644, 41.411695345911546 ], [ 2.102859168463733, 41.41069211549722 ], [ 2.101107890611333, 41.411149506205277 ], [ 2.10083711955337, 41.412607840113736 ] ] ] } },
{ "type": "Feature", "properties": { "id": 142, "snapped_id": 142.0, "centroid_lon": 2.11209, "centroid_lat": 41.39445, "radius": 192.223, "internal_id": 618000602357039103, "population": 2044, "component": 0, "o_score_pt": 1549.025897779778, "o_score_car": 2192.328842581649, "CDI": 0.17194385174492319, "log_population": 3.3106933123433606 }, "geometry": { "type": "Polygon", "coordinates": [ [ [ 2.109991390004188, 41.395001566431453 ], [ 2.11177901102901, 41.396176014835419 ], [ 2.113878274679408, 41.395627254568176 ], [ 2.114197784885239, 41.39390442216154 ], [ 2.112410139036716, 41.392729999671154 ], [ 2.110310968077646, 41.393278767452301 ], [ 2.109991390004188, 41.395001566431453 ] ] ] } },
{ "type": "Feature", "properties": { "id": 143, "snapped_id": 143.0, "centroid_lon": 2.19452, "centroid_lat": 41.44056, "radius": 192.318, "internal_id": 618000602980155391, "population": 2550, "component": 0, "o_score_pt": 1911.3274515025728, "o_score_car": 2009.0343254741408, "CDI": 0.0249229228142606, "log_population": 3.40671045860979 }, "geometry": { "type": "Polygon", "coordinates": [ [ [ 2.192347839560176, 41.441128286288453 ], [ 2.194193014109709, 41.44233733110962 ], [ 2.196366633624841, 41.441768585705347 ], [ 2.196694982969514, 41.43999078699877 ], [ 2.194849783112552, 41.438781767537847 ], [ 2.192676259215455, 41.439350521423798 ], [ 2.192347839560176, 41.441128286288453 ] ] ] } },
{ "type": "Feature", "properties": { "id": 144, "snapped_id": 144.0, "centroid_lon": 2.12419, "centroid_lat": 41.41835, "radius": 192.218, "internal_id": 618000602319552511, "population": 0, "component": 0, "o_score_pt": 647.27096701653829, "o_score_car": 1429.449227337828, "CDI": 0.3766411394504024, "log_population": 0.0 }, "geometry": { "type": "Polygon", "coordinates": [ [ [ 2.124152175499612, 41.418323790209456 ], [ 2.124236585438291, 41.418379214416468 ], [ 2.124236586714541, 41.418379207532944 ], [ 2.124152176126531, 41.418323786828957 ], [ 2.124152175499612, 41.418323790209456 ] ] ] } },
{ "type": "Feature", "properties": { "id": 145, "snapped_id": 145.0, "centroid_lon": 2.17337, "centroid_lat": 41.42072, "radius": 192.302, "internal_id": 618000602961281023, "population": 1883, "component": 0, "o_score_pt": 2116.577742348572, "o_score_car": 2372.7823579865371, "CDI": 0.057069294935561198, "log_population": 3.2750808984568587 }, "geometry": { "type": "Polygon", "coordinates": [ [ [ 2.171292778527384, 41.421258477881828 ], [ 2.173062051190662, 41.422418693529295 ], [ 2.175135076095987, 41.42187624753236 ], [ 2.175449728571571, 41.420174141004281 ], [ 2.173680431543546, 41.419013951489703 ], [ 2.171607498222506, 41.419556404474356 ], [ 2.171292778527384, 41.421258477881828 ] ] ] } },
{ "type": "Feature", "properties": { "id": 146, "snapped_id": 146.0, "centroid_lon": 2.1677, "centroid_lat": 41.37313, "radius": 192.345, "internal_id": 618000602736361471, "population": 2316, "component": 0, "o_score_pt": 2569.8356361677302, "o_score_car": 2300.3995379313778, "CDI": -0.055323015953986698, "log_population": 3.3649260337899758 }, "geometry": { "type": "Polygon", "coordinates": [ [ [ 2.165553903553783, 41.373693110183609 ], [ 2.16737426416803, 41.374887693059001 ], [ 2.169515775734358, 41.374326471354756 ], [ 2.169840134289257, 41.372570816918781 ], [ 2.168019748620427, 41.371376259679252 ], [ 2.165878331338572, 41.371937489448854 ], [ 2.165553903553783, 41.373693110183609 ] ] ] } },
{ "type": "Feature", "properties": { "id": 147, "snapped_id": 147.0, "centroid_lon": 2.13473, "centroid_lat": 41.41729, "radius": 192.238, "internal_id": 618000602338426879, "population": 1504, "component": 0, "o_score_pt": 2010.7310491012056, "o_score_car": 2334.0277489076771, "CDI": 0.074410735977940096, "log_population": 3.1775364999298623 }, "geometry": { "type": "Polygon", "coordinates": [ [ [ 2.132719402881134, 41.417811936678255 ], [ 2.13443074482771, 41.418935312415094 ], [ 2.136427474527496, 41.418413407218786 ], [ 2.136732140783562, 41.416769091593196 ], [ 2.135020775115387, 41.415645742452597 ], [ 2.133024133984341, 41.416167653606024 ], [ 2.132719402881134, 41.417811936678255 ] ] ] } },
{ "type": "Feature", "properties": { "id": 148, "snapped_id": 148.0, "centroid_lon": 2.14, "centroid_lat": 41.33301, "radius": 192.34, "internal_id": 618000602698874879, "population": 2292, "component": 0, "o_score_pt": 1180.8077502449512, "o_score_car": 1819.7317578378504, "CDI": 0.2129363755657197, "log_population": 3.3604040547299387 }, "geometry": { "type": "Polygon", "coordinates": [ [ [ 2.137860513333079, 41.333566063787359 ], [ 2.139676539058545, 41.334759222470943 ], [ 2.141813181684687, 41.334198963755583 ], [ 2.142137389059529, 41.332445703116427 ], [ 2.14032133824813, 41.331252570105491 ], [ 2.13818478970114, 41.331812836885611 ], [ 2.137860513333079, 41.333566063787359 ] ] ] } },
{ "type": "Feature", "properties": { "id": 149, "snapped_id": 149.0, "centroid_lon": 2.1521, "centroid_lat": 41.35691, "radius": 192.335, "internal_id": 618000602661388287, "population": 979, "component": 0, "o_score_pt": 9.4943784775889437, "o_score_car": 1204.3485689256354, "CDI": 0.98435649603945841, "log_population": 2.9912260756924951 }, "geometry": { "type": "Polygon", "coordinates": [ [ [ 2.15023235262734, 41.357395871464838 ], [ 2.151834504945815, 41.358447884979988 ], [ 2.153685427545117, 41.357962774089778 ], [ 2.153969289917545, 41.356427282806486 ], [ 2.152367115425049, 41.355375296602958 ], [ 2.150516275446887, 41.355860411491236 ], [ 2.15023235262734, 41.357395871464838 ] ] ] } },
{ "type": "Feature", "properties": { "id": 150, "snapped_id": 150.0, "centroid_lon": 2.22552, "centroid_lat": 41.40706, "radius": 192.409, "internal_id": 618000602473955327, "population": 19, "component": 0, "o_score_pt": 1457.2340381784684, "o_score_car": 2072.7738582233292, "CDI": 0.17437349663503349, "log_population": 1.3010299956639813 }, "geometry": { "type": "Polygon", "coordinates": [ [ [ 2.22489189809942, 41.407192224772082 ], [ 2.2255122972411, 41.407598591870894 ], [ 2.226052850179208, 41.407456840275664 ], [ 2.226152131996462, 41.40691791326033 ], [ 2.225531723925721, 41.406511564828861 ], [ 2.224991200983982, 41.406653312430123 ], [ 2.22489189809942, 41.407192224772082 ] ] ] } },
{ "type": "Feature", "properties": { "id": 151, "snapped_id": 151.0, "centroid_lon": 2.05899, "centroid_lat": 41.41339, "radius": 192.108, "internal_id": 618000603055128575, "population": 0, "component": 1, "o_score_pt": 1.2449053883061167, "o_score_car": 953.90719277763503, "CDI": 0.99739328345569955, "log_population": 0.0 }, "geometry": { "type": "Polygon", "coordinates": [ [ [ 2.058951517195985, 41.41336303967023 ], [ 2.059035558340399, 41.413418316459527 ], [ 2.059035559621989, 41.413418309573871 ], [ 2.058951517827371, 41.413363036278774 ], [ 2.058951517195985, 41.41336303967023 ] ] ] } },
{ "type": "Feature", "properties": { "id": 152, "snapped_id": 152.0, "centroid_lon": 2.13145, "centroid_lat": 41.3234, "radius": 192.335, "internal_id": 618000605153329151, "population": 1672, "component": 0, "o_score_pt": 1056.2734168423149, "o_score_car": 1666.526274786032, "CDI": 0.22412697482669411, "log_population": 3.2234959409623944 }, "geometry": { "type": "Polygon", "coordinates": [ [ [ 2.129414529250278, 41.323931870562397 ], [ 2.131150485940174, 41.325072803948302 ], [ 2.133180579846304, 41.324540444366235 ], [ 2.133489978845249, 41.32286781936218 ], [ 2.131753998121359, 41.321726912406746 ], [ 2.129723994017556, 41.322259278473304 ], [ 2.129414529250278, 41.323931870562397 ] ] ] } },
{ "type": "Feature", "properties": { "id": 153, "snapped_id": 153.0, "centroid_lon": 2.09057, "centroid_lat": 41.41022, "radius": 192.168, "internal_id": 618000603078197247, "population": 0, "component": 0, "o_score_pt": 11.891555451742423, "o_score_car": 1484.6581646050597, "CDI": 0.98410803825309445, "log_population": 0.0 }, "geometry": { "type": "Polygon", "coordinates": [ [ [ 2.090530189826524, 41.410194913758453 ], [ 2.090614289974432, 41.410250187181191 ], [ 2.090614291253034, 41.410250180297972 ], [ 2.090530190456313, 41.410194910368865 ], [ 2.090530189826524, 41.410194913758453 ] ] ] } },
{ "type": "Feature", "properties": { "id": 154, "snapped_id": 154.0, "centroid_lon": 2.11012, "centroid_lat": 41.40512, "radius": 192.208, "internal_id": 618000602361495551, "population": 432, "component": 0, "o_score_pt": 1228.6022877512175, "o_score_car": 1999.0838493408637, "CDI": 0.2387101870703561, "log_population": 2.6364878963533656 }, "geometry": { "type": "Polygon", "coordinates": [ [ [ 2.108507209206462, 41.405528025919359 ], [ 2.10990309061829, 41.406445035818209 ], [ 2.111479220134814, 41.406033207605496 ], [ 2.111725147115004, 41.404707581769209 ], [ 2.110329246168003, 41.403790599536322 ], [ 2.108753188341175, 41.404202428698184 ], [ 2.108507209206462, 41.405528025919359 ] ] ] } },
{ "type": "Feature", "properties": { "id": 155, "snapped_id": 155.0, "centroid_lon": 2.11756, "centroid_lat": 41.37611, "radius": 192.253, "internal_id": 618000602286522367, "population": 2642, "component": 0, "o_score_pt": 1895.6689088856051, "o_score_car": 2113.356950306802, "CDI": 0.054299485477763497, "log_population": 3.4220971631317103 }, "geometry": { "type": "Polygon", "coordinates": [ [ [ 2.115390903995249, 41.376676053868408 ], [ 2.117232320921855, 41.377885947965083 ], [ 2.119403324882409, 41.377317962297653 ], [ 2.119732816370484, 41.375540073906564 ], [ 2.117891373918714, 41.374330205165023 ], [ 2.115720465501164, 41.374898199460034 ], [ 2.115390903995249, 41.376676053868408 ] ] ] } },
{ "type": "Feature", "properties": { "id": 156, "snapped_id": 156.0, "centroid_lon": 2.1392, "centroid_lat": 41.40428, "radius": 192.26, "internal_id": 618000602249035775, "population": 2144, "component": 0, "o_score_pt": 2115.3623008523746, "o_score_car": 2365.4315679198703, "CDI": 0.055809143288266298, "log_population": 3.3314272965207432 }, "geometry": { "type": "Polygon", "coordinates": [ [ [ 2.137084050139709, 41.404832715986842 ], [ 2.138884744451492, 41.406014797972489 ], [ 2.141000685528101, 41.405461396834426 ], [ 2.141322018170572, 41.403726211185159 ], [ 2.139521298954083, 41.402544155002296 ], [ 2.137405451212882, 41.4030975638507 ], [ 2.137084050139709, 41.404832715986842 ] ] ] } },
{ "type": "Feature", "properties": { "id": 157, "snapped_id": 157.0, "centroid_lon": 2.18102, "centroid_lat": 41.45762, "radius": 192.275, "internal_id": 618000602928250879, "population": 1217, "component": 0, "o_score_pt": 1184.5069982154289, "o_score_car": 1698.8253055512471, "CDI": 0.1783763552553177, "log_population": 3.0856472882968564 }, "geometry": { "type": "Polygon", "coordinates": [ [ [ 2.179084102347915, 41.458125624495132 ], [ 2.180744115451944, 41.459213489704069 ], [ 2.182670998286485, 41.458709828512447 ], [ 2.182965016801553, 41.457119759587783 ], [ 2.181304980808007, 41.456031921355667 ], [ 2.179378183721757, 41.456535587439667 ], [ 2.179084102347915, 41.458125624495132 ] ] ] } },
{ "type": "Feature", "properties": { "id": 158, "snapped_id": 158.0, "centroid_lon": 2.16467, "centroid_lat": 41.36716, "radius": 192.346, "internal_id": 618000602740817919, "population": 1170, "component": 0, "o_score_pt": 1535.9819428225201, "o_score_car": 1887.831457002281, "CDI": 0.1027653884986154, "log_population": 3.068556895072363 }, "geometry": { "type": "Polygon", "coordinates": [ [ [ 2.162743130666242, 41.367656554162956 ], [ 2.164390822503445, 41.368737989720834 ], [ 2.166302140063526, 41.368237034308436 ], [ 2.166594257771142, 41.366655994935464 ], [ 2.164946543185824, 41.365574586451039 ], [ 2.163035310666627, 41.366075546617537 ], [ 2.162743130666242, 41.367656554162956 ] ] ] } },
{ "type": "Feature", "properties": { "id": 159, "snapped_id": 159.0, "centroid_lon": 2.19391, "centroid_lat": 41.41026, "radius": 192.35, "internal_id": 618000602450886655, "population": 2560, "component": 0, "o_score_pt": 2174.0133406834711, "o_score_car": 2295.381151819513, "CDI": 0.027155314067627299, "log_population": 3.4084095784684298 }, "geometry": { "type": "Polygon", "coordinates": [ [ [ 2.191739050872441, 41.410831651559072 ], [ 2.193583546400801, 41.412040718956753 ], [ 2.195756380359986, 41.411471572450267 ], [ 2.196084623237799, 41.409693350060195 ], [ 2.194240102418082, 41.408484308042169 ], [ 2.192067364009044, 41.409053463035136 ], [ 2.191739050872441, 41.410831651559072 ] ] ] } },
{ "type": "Feature", "properties": { "id": 160, "snapped_id": 160.0, "centroid_lon": 2.09813, "centroid_lat": 41.42516, "radius": 192.165, "internal_id": 618000603082653695, "population": 515, "component": 0, "o_score_pt": 8.8818377621759996, "o_score_car": 1225.4711694362634, "CDI": 0.98560891785351623, "log_population": 2.7126497016272113 }, "geometry": { "type": "Polygon", "coordinates": [ [ [ 2.096464658348842, 41.425583622798825 ], [ 2.097904958838414, 41.426529868893667 ], [ 2.099540482902296, 41.426102992208079 ], [ 2.099794958421193, 41.424732830757684 ], [ 2.098354637753891, 41.423786612329586 ], [ 2.096719187801701, 41.424213490583767 ], [ 2.096464658348842, 41.425583622798825 ] ] ] } },
{ "type": "Feature", "properties": { "id": 161, "snapped_id": 161.0, "centroid_lon": 2.10715, "centroid_lat": 41.42111, "radius": 192.185, "internal_id": 618000602328465407, "population": 0, "component": 0, "o_score_pt": 9.8593484797311319, "o_score_car": 1560.4312380967062, "CDI": 0.9874426446111142, "log_population": 0.0 }, "geometry": { "type": "Polygon", "coordinates": [ [ [ 2.107105498286304, 41.421085372835464 ], [ 2.107189899098477, 41.421140813154956 ], [ 2.107189900376412, 41.421140806269882 ], [ 2.107105498913969, 41.42108536945463 ], [ 2.107105498286304, 41.421085372835464 ] ] ] } },
{ "type": "Feature", "properties": { "id": 162, "snapped_id": 162.0, "centroid_lon": 2.12512, "centroid_lat": 41.39105, "radius": 192.25, "internal_id": 618000602290978815, "population": 2347, "component": 0, "o_score_pt": 2050.3130511227246, "o_score_car": 2340.0953392490328, "CDI": 0.066003492695988306, "log_population": 3.370698092575577 }, "geometry": { "type": "Polygon", "coordinates": [ [ [ 2.122975685350952, 41.391607477394857 ], [ 2.124798507398063, 41.392804706096136 ], [ 2.126944423367239, 41.392243450014142 ], [ 2.127270241301294, 41.390485093005573 ], [ 2.125447394003659, 41.389287889866701 ], [ 2.123301572577444, 41.389849154157687 ], [ 2.122975685350952, 41.391607477394857 ] ] ] } },
{ "type": "Feature", "properties": { "id": 163, "snapped_id": 163.0, "centroid_lon": 2.17224, "centroid_lat": 41.3821, "radius": 192.343, "internal_id": 618000602488373247, "population": 1403, "component": 0, "o_score_pt": 2900.8923345532439, "o_score_car": 2219.4790677925344, "CDI": -0.13307887518638509, "log_population": 3.1473671077937864 }, "geometry": { "type": "Polygon", "coordinates": [ [ [ 2.170256646988863, 41.382611599552476 ], [ 2.171950725858517, 41.383723063785567 ], [ 2.173923652018769, 41.383206113543601 ], [ 2.174224277341122, 41.381578755979724 ], [ 2.172530175122057, 41.380467318514512 ], [ 2.170557336483073, 41.380984274325968 ], [ 2.170256646988863, 41.382611599552476 ] ] ] } },
{ "type": "Feature", "properties": { "id": 164, "snapped_id": 164.0, "centroid_lon": 2.20203, "centroid_lat": 41.43352, "radius": 192.339, "internal_id": 618000602970193919, "population": 2615, "component": 0, "o_score_pt": 1778.8266126640365, "o_score_car": 2075.3198551399441, "CDI": 0.076928379591355706, "log_population": 3.4176377396522297 }, "geometry": { "type": "Polygon", "coordinates": [ [ [ 2.199853419576751, 41.434088293444368 ], [ 2.201698670019363, 41.435297262175617 ], [ 2.203872202129331, 41.434728260428976 ], [ 2.204200388198656, 41.43295028148259 ], [ 2.202355112477895, 41.431741338120808 ], [ 2.200181675963083, 41.432310348336536 ], [ 2.199853419576751, 41.434088293444368 ] ] ] } },
{ "type": "Feature", "properties": { "id": 165, "snapped_id": 165.0, "centroid_lon": 2.12664, "centroid_lat": 41.39403, "radius": 192.249, "internal_id": 618000602253492223, "population": 2177, "component": 0, "o_score_pt": 1886.1438787470515, "o_score_car": 2326.3483767624016, "CDI": 0.1044997762167072, "log_population": 3.3380578754197563 }, "geometry": { "type": "Polygon", "coordinates": [ [ [ 2.12451213112605, 41.394588288769398 ], [ 2.126316084511949, 41.395773036090603 ], [ 2.128436759090318, 41.395218414480979 ], [ 2.128758998963134, 41.393479309766818 ], [ 2.126955020585941, 41.392294588207626 ], [ 2.124834439538219, 41.392849217630157 ], [ 2.12451213112605, 41.394588288769398 ] ] ] } },
{ "type": "Feature", "properties": { "id": 166, "snapped_id": 166.0, "centroid_lon": 2.17799, "centroid_lat": 41.45165, "radius": 192.277, "internal_id": 618000602932707327, "population": 328, "component": 0, "o_score_pt": 1373.9282320201121, "o_score_car": 1805.1178875166761, "CDI": 0.1356349166646855, "log_population": 2.5171958979499744 }, "geometry": { "type": "Polygon", "coordinates": [ [ [ 2.176468821548462, 41.452035718183566 ], [ 2.177797716963542, 41.45290672419096 ], [ 2.179282889922618, 41.452518472560982 ], [ 2.17951500634915, 41.45126325671913 ], [ 2.178186092462743, 41.450392278265284 ], [ 2.17670098750859, 41.450780529867934 ], [ 2.176468821548462, 41.452035718183566 ] ] ] } },
{ "type": "Feature", "properties": { "id": 167, "snapped_id": 167.0, "centroid_lon": 2.1627, "centroid_lat": 41.37783, "radius": 192.331, "internal_id": 618000602745274367, "population": 2168, "component": 0, "o_score_pt": 2546.7686261742706, "o_score_car": 2326.3462066013312, "CDI": -0.045232346689312898, "log_population": 3.3362595520141931 }, "geometry": { "type": "Polygon", "coordinates": [ [ [ 2.160574474445957, 41.378381863192537 ], [ 2.162378106449536, 41.379565550665504 ], [ 2.164497425267842, 41.379010326282113 ], [ 2.164818768819506, 41.377271683410903 ], [ 2.163015111965823, 41.376088021742547 ], [ 2.160895886553768, 41.376643253855427 ], [ 2.160574474445957, 41.378381863192537 ] ] ] } },
{ "type": "Feature", "properties": { "id": 168, "snapped_id": 168.0, "centroid_lon": 2.12645, "centroid_lat": 41.3281, "radius": 192.321, "internal_id": 618000605162242047, "population": 1040, "component": 0, "o_score_pt": 885.71456354351881, "o_score_car": 1681.8186893482389, "CDI": 0.31006575081669729, "log_population": 3.0174507295105362 }, "geometry": { "type": "Polygon", "coordinates": [ [ [ 2.124567653533337, 41.328584673045867 ], [ 2.126183776287943, 41.329646922554922 ], [ 2.128054087748199, 41.329156622657564 ], [ 2.128341121186206, 41.327605522511419 ], [ 2.126724975996777, 41.326543300238612 ], [ 2.124854747936596, 41.327033604439585 ], [ 2.124567653533337, 41.328584673045867 ] ] ] } },
{ "type": "Feature", "properties": { "id": 169, "snapped_id": 169.0, "centroid_lon": 2.1498, "centroid_lat": 41.42519, "radius": 192.256, "internal_id": 618000602332921855, "population": 2352, "component": 0, "o_score_pt": 2057.3333358697082, "o_score_car": 2129.8761541024842, "CDI": 0.017324860006767299, "log_population": 3.3716219271760215 }, "geometry": { "type": "Polygon", "coordinates": [ [ [ 2.147651237041381, 41.425751233572392 ], [ 2.149476084491495, 41.426948542417868 ], [ 2.151623893197335, 41.426387039179204 ], [ 2.151949501085499, 41.424628358628297 ], [ 2.150124628438228, 41.423431075332694 ], [ 2.147976914358346, 41.423992586743395 ], [ 2.147651237041381, 41.425751233572392 ] ] ] } },
{ "type": "Feature", "properties": { "id": 170, "snapped_id": 170.0, "centroid_lon": 2.19899, "centroid_lat": 41.42755, "radius": 192.34, "internal_id": 618000602974650367, "population": 2545, "component": 0, "o_score_pt": 2131.2005290627358, "o_score_car": 2026.4649497513501, "CDI": -0.025190958687051301, "log_population": 3.4058583993176366 }, "geometry": { "type": "Polygon", "coordinates": [ [ [ 2.196819781809043, 41.428114386279809 ], [ 2.198664809284833, 41.429323390514014 ], [ 2.20083815020982, 41.428754371826138 ], [ 2.20116636807167, 41.426976340429398 ], [ 2.199321315311155, 41.425767361566677 ], [ 2.197148069970652, 41.426336388729823 ], [ 2.196819781809043, 41.428114386279809 ] ] ] } },
{ "type": "Feature", "properties": { "id": 171, "snapped_id": 171.0, "centroid_lon": 2.11256, "centroid_lat": 41.3808, "radius": 192.239, "internal_id": 618000602295435263, "population": 2461, "component": 0, "o_score_pt": 1971.4201241095973, "o_score_car": 1934.7136123271807, "CDI": -0.0093971467080132005, "log_population": 3.3912880485952974 }, "geometry": { "type": "Polygon", "coordinates": [ [ [ 2.110398769046066, 41.381364784039853 ], [ 2.112232957582803, 41.382570012782537 ], [ 2.114394436441908, 41.382004704027281 ], [ 2.114722688258647, 41.380234208055334 ], [ 2.112888474274378, 41.379029004742371 ], [ 2.110727090588482, 41.379594321981635 ], [ 2.110398769046066, 41.381364784039853 ] ] ] } },
{ "type": "Feature", "properties": { "id": 172, "snapped_id": 172.0, "centroid_lon": 2.1342, "centroid_lat": 41.40897, "radius": 192.246, "internal_id": 618000602257948671, "population": 2054, "component": 0, "o_score_pt": 1878.363394344382, "o_score_car": 2387.1688450284241, "CDI": 0.1192829926327916, "log_population": 3.312811826212088 }, "geometry": { "type": "Polygon", "coordinates": [ [ [ 2.132095092179872, 41.40951998146965 ], [ 2.133884912965589, 41.410695007302486 ], [ 2.135986457684212, 41.41014555118177 ], [ 2.136305865139119, 41.408421447408138 ], [ 2.134516019575447, 41.407246447481079 ], [ 2.132414567626627, 41.407795911099932 ], [ 2.132095092179872, 41.40951998146965 ] ] ] } },
{ "type": "Feature", "properties": { "id": 173, "snapped_id": 173.0, "centroid_lon": 2.18732, "centroid_lat": 41.38999, "radius": 192.361, "internal_id": 618000602487324671, "population": 2304, "component": 0, "o_score_pt": 2337.9809993943932, "o_score_car": 2349.7029630258685, "CDI": 0.0025005874383697002, "log_population": 3.3626709297256672 }, "geometry": { "type": "Polygon", "coordinates": [ [ [ 2.18517515956588, 41.390551382189507 ], [ 2.186995164584567, 41.391744891822306 ], [ 2.189135596540261, 41.391183942639046 ], [ 2.189459423260568, 41.389429648452278 ], [ 2.187639393259163, 41.388236164470577 ], [ 2.185499055537502, 41.388797121654953 ], [ 2.18517515956588, 41.390551382189507 ] ] ] } },
{ "type": "Feature", "properties": { "id": 174, "snapped_id": 174.0, "centroid_lon": 2.13723, "centroid_lat": 41.41495, "radius": 192.245, "internal_id": 618000602337378303, "population": 2334, "component": 0, "o_score_pt": 2100.5519833511412, "o_score_car": 2402.8451294777337, "CDI": 0.067125580656755002, "log_population": 3.368286884902131 }, "geometry": { "type": "Polygon", "coordinates": [ [ [ 2.135081064929162, 41.415505802046262 ], [ 2.136903369750158, 41.416701974118389 ], [ 2.139048171915965, 41.416141274745932 ], [ 2.139373601810229, 41.41438454664069 ], [ 2.137551271782977, 41.413188400138289 ], [ 2.135406564127544, 41.413749107665993 ], [ 2.135081064929162, 41.415505802046262 ] ] ] } },
{ "type": "Feature", "properties": { "id": 175, "snapped_id": 175.0, "centroid_lon": 2.1552, "centroid_lat": 41.38487, "radius": 192.31, "internal_id": 618000602299891711, "population": 2355, "component": 0, "o_score_pt": 2586.6072543529522, "o_score_car": 2524.7974077629333, "CDI": -0.0120925363331402, "log_population": 3.372175286115064 }, "geometry": { "type": "Polygon", "coordinates": [ [ [ 2.153046823931463, 41.385430109931768 ], [ 2.154871280046217, 41.386627588462495 ], [ 2.157018560508884, 41.386065314496335 ], [ 2.157343977343805, 41.384305683973849 ], [ 2.155519496069662, 41.383108231018511 ], [ 2.153372310154979, 41.383670513158741 ], [ 2.153046823931463, 41.385430109931768 ] ] ] } },
{ "type": "Feature", "properties": { "id": 176, "snapped_id": 176.0, "centroid_lon": 2.19702, "centroid_lat": 41.43821, "radius": 192.325, "internal_id": 618000602979106815, "population": 2613, "component": 0, "o_score_pt": 1736.7007041220445, "o_score_car": 1892.3949653816023, "CDI": 0.042901669021266797, "log_population": 3.4173055832445254 }, "geometry": { "type": "Polygon", "coordinates": [ [ [ 2.194849783112552, 41.438781767537847 ], [ 2.196694982969514, 41.43999078699877 ], [ 2.198868573357148, 41.439421956143725 ], [ 2.199196868274525, 41.437644097350876 ], [ 2.197351643119863, 41.436435103253281 ], [ 2.195178148342639, 41.437003942585768 ], [ 2.194849783112552, 41.438781767537847 ] ] ] } },
{ "type": "Feature", "properties": { "id": 177, "snapped_id": 177.0, "centroid_lon": 2.12216, "centroid_lat": 41.40704, "radius": 192.227, "internal_id": 618000602262405119, "population": 1286, "component": 0, "o_score_pt": 1371.4438866808669, "o_score_car": 2282.7870376154683, "CDI": 0.24939396820141879, "log_population": 3.1095785469043866 }, "geometry": { "type": "Polygon", "coordinates": [ [ [ 2.120201285735965, 41.40755217406678 ], [ 2.121872541912809, 41.408649724178836 ], [ 2.123816115833109, 41.408141728636274 ], [ 2.12411353718475, 41.406537417918535 ], [ 2.122442257787521, 41.405439894685856 ], [ 2.12049877030549, 41.40594789547675 ], [ 2.120201285735965, 41.40755217406678 ] ] ] } },
{ "type": "Feature", "properties": { "id": 178, "snapped_id": 178.0, "centroid_lon": 2.14204, "centroid_lat": 41.34432, "radius": 192.331, "internal_id": 618000602754187263, "population": 2011, "component": 0, "o_score_pt": 1170.1788789614477, "o_score_car": 1930.0065884430071, "CDI": 0.24509104938089529, "log_population": 3.3036279763838898 }, "geometry": { "type": "Polygon", "coordinates": [ [ [ 2.139939712080989, 41.344866856615369 ], [ 2.141723024241168, 41.346038300545345 ], [ 2.143815927270992, 41.345489697547855 ], [ 2.144133953884731, 41.343770031410358 ], [ 2.142350617083133, 41.342598613482565 ], [ 2.14025780638742, 41.343147223864172 ], [ 2.139939712080989, 41.344866856615369 ] ] ] } },
{ "type": "Feature", "properties": { "id": 179, "snapped_id": 179.0, "centroid_lon": 2.18436, "centroid_lat": 41.406, "radius": 192.338, "internal_id": 618000602454294527, "population": 2354, "component": 0, "o_score_pt": 2561.2718790613349, "o_score_car": 2420.0889475240178, "CDI": -0.028342241498312701, "log_population": 3.3719909114649149 }, "geometry": { "type": "Polygon", "coordinates": [ [ [ 2.182212561606002, 41.40655765576215 ], [ 2.18403825092057, 41.407754748356759 ], [ 2.186186287885985, 41.407192181492263 ], [ 2.186511242892042, 41.405432650079675 ], [ 2.184685528502935, 41.404235583065855 ], [ 2.182537586100505, 41.404798158047583 ], [ 2.182212561606002, 41.40655765576215 ] ] ] } },
{ "type": "Feature", "properties": { "id": 180, "snapped_id": 180.0, "centroid_lon": 2.1448, "centroid_lat": 41.42988, "radius": 192.242, "internal_id": 618000602341834751, "population": 2432, "component": 0, "o_score_pt": 2267.5638569306989, "o_score_car": 2158.9062115520401, "CDI": -0.024547245027662298, "log_population": 3.3861421089308186 }, "geometry": { "type": "Polygon", "coordinates": [ [ [ 2.14263685283741, 41.430444807116686 ], [ 2.144470097658099, 41.431647709116319 ], [ 2.146629238565857, 41.431083428190256 ], [ 2.146956538250436, 41.429316313597134 ], [ 2.145123268099681, 41.428113437048545 ], [ 2.142964222285892, 41.428677726331919 ], [ 2.14263685283741, 41.430444807116686 ] ] ] } },
{ "type": "Feature", "properties": { "id": 181, "snapped_id": 181.0, "centroid_lon": 2.15487, "centroid_lat": 41.44247, "radius": 192.246, "internal_id": 618000603021049855, "population": 323, "component": 0, "o_score_pt": 1495.9623290497275, "o_score_car": 2140.8864052208078, "CDI": 0.1773304647217987, "log_population": 2.510545010206612 }, "geometry": { "type": "Polygon", "coordinates": [ [ [ 2.153353715623847, 41.442854359187471 ], [ 2.154678076419051, 41.443723000316659 ], [ 2.156157649664659, 41.443336369460205 ], [ 2.156389322692382, 41.442085091578221 ], [ 2.155064943430358, 41.441216477984163 ], [ 2.153585437981988, 41.441603108800962 ], [ 2.153353715623847, 41.442854359187471 ] ] ] } },
{ "type": "Feature", "properties": { "id": 182, "snapped_id": 182.0, "centroid_lon": 2.14315, "centroid_lat": 41.38294, "radius": 192.291, "internal_id": 618000602304348159, "population": 2915, "component": 0, "o_score_pt": 2716.2950745686767, "o_score_car": 2383.7950301595115, "CDI": -0.065194935301419704, "log_population": 3.4647875196459372 }, "geometry": { "type": "Polygon", "coordinates": [ [ [ 2.140981593439641, 41.383513381138769 ], [ 2.14282394217464, 41.384723001036072 ], [ 2.144995441846005, 41.384154563388968 ], [ 2.145324497244404, 41.382376497264353 ], [ 2.143482123065265, 41.381166902733462 ], [ 2.141310718929004, 41.381735348961399 ], [ 2.140981593439641, 41.383513381138769 ] ] ] } },
{ "type": "Feature", "properties": { "id": 183, "snapped_id": 183.0, "centroid_lon": 2.19399, "centroid_lat": 41.43224, "radius": 192.326, "internal_id": 618000602983563263, "population": 2855, "component": 0, "o_score_pt": 2124.269969543217, "o_score_car": 2076.1139492033039, "CDI": -0.0114646711518418, "log_population": 3.4557582031041369 }, "geometry": { "type": "Polygon", "coordinates": [ [ [ 2.191816464214582, 41.432807999208904 ], [ 2.193661441091636, 41.434017054176877 ], [ 2.195834840263811, 41.433448206363813 ], [ 2.196163166956363, 41.431670295099721 ], [ 2.194318164775073, 41.430461265497115 ], [ 2.192144861202594, 41.431030121793818 ], [ 2.191816464214582, 41.432807999208904 ] ] ] } },
{ "type": "Feature", "properties": { "id": 184, "snapped_id": 184.0, "centroid_lon": 2.16481, "centroid_lat": 41.41111, "radius": 192.298, "internal_id": 618000602266861567, "population": 2485, "component": 0, "o_score_pt": 2090.4707465799324, "o_score_car": 2499.456892916689, "CDI": 0.0891051403114516, "log_population": 3.3955011243056261 }, "geometry": { "type": "Polygon", "coordinates": [ [ [ 2.162642911395963, 41.411680858933103 ], [ 2.164481802325376, 41.412887130195045 ], [ 2.166647979912586, 41.412320268519508 ], [ 2.166975866664788, 41.41054716215293 ], [ 2.165136950409895, 41.409340916305688 ], [ 2.162970868147961, 41.409907786419737 ], [ 2.162642911395963, 41.411680858933103 ] ] ] } },
{ "type": "Feature", "properties": { "id": 185, "snapped_id": 185.0, "centroid_lon": 2.13901, "centroid_lat": 41.33834, "radius": 192.332, "internal_id": 618000602758643711, "population": 1573, "component": 0, "o_score_pt": 1153.2845192324953, "o_score_car": 1714.3709772920954, "CDI": 0.1956603430013123, "log_population": 3.1970047280230456 }, "geometry": { "type": "Polygon", "coordinates": [ [ [ 2.136993273103378, 41.338868458398494 ], [ 2.138714361082191, 41.339999197440235 ], [ 2.140724357430876, 41.339472263718079 ], [ 2.141030793952837, 41.337815378695112 ], [ 2.139309682161988, 41.336684666206217 ], [ 2.137299774816222, 41.337211606102294 ], [ 2.136993273103378, 41.338868458398494 ] ] ] } },
{ "type": "Feature", "properties": { "id": 186, "snapped_id": 186.0, "centroid_lon": 2.15111, "centroid_lat": 41.36225, "radius": 192.327, "internal_id": 618000602721157119, "population": 1416, "component": 0, "o_score_pt": 967.04805264806805, "o_score_car": 1978.6782357957527, "CDI": 0.34342300814449139, "log_population": 3.1513698502474603 }, "geometry": { "type": "Polygon", "coordinates": [ [ [ 2.149128256437717, 41.362764078996456 ], [ 2.150823653581034, 41.363877273778634 ], [ 2.152798959295129, 41.363359678862246 ], [ 2.153100303728458, 41.361729892381184 ], [ 2.15140488315263, 41.360616724348567 ], [ 2.149429665060492, 41.361134324915966 ], [ 2.149128256437717, 41.362764078996456 ] ] ] } },
{ "type": "Feature", "properties": { "id": 187, "snapped_id": 187.0, "centroid_lon": 2.10995, "centroid_lat": 41.33919, "radius": 192.28, "internal_id": 618000602571210751, "population": 2113, "component": 0, "o_score_pt": 915.96859453505965, "o_score_car": 1897.4979030345339, "CDI": 0.34886831222172571, "log_population": 3.3251049829714074 }, "geometry": { "type": "Polygon", "coordinates": [ [ [ 2.107835506542556, 41.339741319822558 ], [ 2.109630245307767, 41.340921303005153 ], [ 2.11173928510024, 41.340368930749243 ], [ 2.112060198916366, 41.338636866340984 ], [ 2.11026543524091, 41.337456909021071 ], [ 2.108156488468695, 41.338009288971698 ], [ 2.107835506542556, 41.339741319822558 ] ] ] } },
{ "type": "Feature", "properties": { "id": 188, "snapped_id": 188.0, "centroid_lon": 2.17027, "centroid_lat": 41.39276, "radius": 192.328, "internal_id": 618000602496237567, "population": 2417, "component": 0, "o_score_pt": 2726.1918563015784, "o_score_car": 2554.0129078616205, "CDI": -0.032608384736996898, "log_population": 3.383456296524753 }, "geometry": { "type": "Polygon", "coordinates": [ [ [ 2.168111623968117, 41.393329635724577 ], [ 2.169943272340045, 41.394531259330371 ], [ 2.172099698201739, 41.393966480351729 ], [ 2.172426103717599, 41.392200154339832 ], [ 2.170594430143262, 41.390998556241861 ], [ 2.168438099185086, 41.391563343504004 ], [ 2.168111623968117, 41.393329635724577 ] ] ] } },
{ "type": "Feature", "properties": { "id": 189, "snapped_id": 189.0, "centroid_lon": 2.19194, "centroid_lat": 41.42093, "radius": 192.335, "internal_id": 618000602458750975, "population": 2817, "component": 0, "o_score_pt": 2323.1575479805911, "o_score_car": 2274.1607853548749, "CDI": -0.0106576832564404, "log_population": 3.4499409887733377 }, "geometry": { "type": "Polygon", "coordinates": [ [ [ 2.18976890237357, 41.421500179250977 ], [ 2.191613570167047, 41.422709262017939 ], [ 2.193786653459163, 41.422140303318209 ], [ 2.194114973378909, 41.420362253363365 ], [ 2.192270280281134, 41.419153195967873 ], [ 2.190097292565064, 41.419722163156301 ], [ 2.18976890237357, 41.421500179250977 ] ] ] } },
{ "type": "Feature", "properties": { "id": 190, "snapped_id": 190.0, "centroid_lon": 2.05649, "centroid_lat": 41.41573, "radius": 192.101, "internal_id": 618000603062992895, "population": 32, "component": 1, "o_score_pt": 1.4518018901162191, "o_score_car": 925.44626638909756, "CDI": 0.99686739688041082, "log_population": 1.5185139398778875 }, "geometry": { "type": "Polygon", "coordinates": [ [ [ 2.055702693557619, 41.415914175597202 ], [ 2.056448415756257, 41.416404676969051 ], [ 2.057156270108111, 41.416220105377967 ], [ 2.057280478298853, 41.415552900353653 ], [ 2.056534745285085, 41.415062420238847 ], [ 2.055826927792903, 41.415246988001151 ], [ 2.055702693557619, 41.415914175597202 ] ] ] } },
{ "type": "Feature", "properties": { "id": 191, "snapped_id": 191.0, "centroid_lon": 2.15184, "centroid_lat": 41.4365, "radius": 192.247, "internal_id": 618000603025506303, "population": 2350, "component": 0, "o_score_pt": 2056.617930439435, "o_score_car": 2235.5648057384019, "CDI": 0.041691345941696302, "log_population": 3.3712526291249394 }, "geometry": { "type": "Polygon", "coordinates": [ [ [ 2.149692782289641, 41.437057312552554 ], [ 2.151517722527367, 41.43825445444007 ], [ 2.153665557495427, 41.43769313578921 ], [ 2.153991131933442, 41.435934810637477 ], [ 2.152166166501334, 41.434737694296174 ], [ 2.150018426171211, 41.435299021109579 ], [ 2.149692782289641, 41.437057312552554 ] ] ] } },
{ "type": "Feature", "properties": { "id": 192, "snapped_id": 192.0, "centroid_lon": 2.13275, "centroid_lat": 41.42795, "radius": 192.223, "internal_id": 618000602346291199, "population": 442, "component": 0, "o_score_pt": 1759.7098628284771, "o_score_car": 2072.5055552559202, "CDI": 0.081622679912863497, "log_population": 2.6464037262230695 }, "geometry": { "type": "Polygon", "coordinates": [ [ [ 2.131132323636039, 41.428367172233493 ], [ 2.132534943764566, 41.429287822780267 ], [ 2.134119485944725, 41.428873838135402 ], [ 2.134366243995711, 41.427542499750032 ], [ 2.132963604294558, 41.426621876877263 ], [ 2.131379134139228, 41.427035862511701 ], [ 2.131132323636039, 41.428367172233493 ] ] ] } },
{ "type": "Feature", "properties": { "id": 193, "snapped_id": 193.0, "centroid_lon": 2.15072, "centroid_lat": 41.39788, "radius": 192.288, "internal_id": 618000602308804607, "population": 2157, "component": 0, "o_score_pt": 2489.492817685295, "o_score_car": 2498.1800844671334, "CDI": 0.0017417474947262999, "log_population": 3.3340514403468919 }, "geometry": { "type": "Polygon", "coordinates": [ [ [ 2.148600100862794, 41.398436793855218 ], [ 2.150402526032186, 41.399619758867331 ], [ 2.152520486429888, 41.399065499755793 ], [ 2.152841877239549, 41.397328560590431 ], [ 2.151039427186208, 41.396145621376384 ], [ 2.148921560181217, 41.396699888209916 ], [ 2.148600100862794, 41.398436793855218 ] ] ] } },
{ "type": "Feature", "properties": { "id": 194, "snapped_id": 194.0, "centroid_lon": 2.15223, "centroid_lat": 41.40087, "radius": 192.287, "internal_id": 618000602271318015, "population": 2321, "component": 0, "o_score_pt": 2783.4565440731444, "o_score_car": 2444.1388445864081, "CDI": -0.064908944602490207, "log_population": 3.3658622154025553 }, "geometry": { "type": "Polygon", "coordinates": [ [ [ 2.150090641893535, 41.401430730725473 ], [ 2.151911683447299, 41.402625824243394 ], [ 2.154054432803793, 41.402065111243388 ], [ 2.154379275857259, 41.400309456245623 ], [ 2.15255820917405, 41.399114388330695 ], [ 2.150415554207224, 41.399675109431612 ], [ 2.150090641893535, 41.401430730725473 ] ] ] } },
{ "type": "Feature", "properties": { "id": 195, "snapped_id": 195.0, "centroid_lon": 2.1388, "centroid_lat": 41.4399, "radius": 192.22, "internal_id": 618000602838073343, "population": 90, "component": 0, "o_score_pt": 980.50643666886765, "o_score_car": 2006.322345686586, "CDI": 0.34344650589872311, "log_population": 1.9590413923210936 }, "geometry": { "type": "Polygon", "coordinates": [ [ [ 2.13769161809053, 41.440173807700432 ], [ 2.138694808105153, 41.44083208590768 ], [ 2.139745860790375, 41.440557546694855 ], [ 2.139917544075338, 41.439631137040514 ], [ 2.13891433987539, 41.438972884012642 ], [ 2.137863337787416, 41.439247420315994 ], [ 2.13769161809053, 41.440173807700432 ] ] ] } },
{ "type": "Feature", "properties": { "id": 196, "snapped_id": 196.0, "centroid_lon": 2.14809, "centroid_lat": 41.35627, "radius": 192.329, "internal_id": 618000602725613567, "population": 1118, "component": 0, "o_score_pt": 1104.394379403562, "o_score_car": 1995.6580382197424, "CDI": 0.28749954476559442, "log_population": 3.04883008652835 }, "geometry": { "type": "Polygon", "coordinates": [ [ [ 2.146177306621208, 41.356767037901193 ], [ 2.147812847751293, 41.357841092646225 ], [ 2.149708407115258, 41.357344334852186 ], [ 2.149998607737333, 41.355774922751905 ], [ 2.148363043971479, 41.354700895143147 ], [ 2.146467569025065, 41.355197657518268 ], [ 2.146177306621208, 41.356767037901193 ] ] ] } },
{ "type": "Feature", "properties": { "id": 197, "snapped_id": 197.0, "centroid_lon": 2.15703, "centroid_lat": 41.33023, "radius": 192.373, "internal_id": 618000602688126975, "population": 67, "component": 0, "o_score_pt": 0.0, "o_score_car": 1188.7842352836528, "CDI": 1.0, "log_population": 1.8325089127062364 }, "geometry": { "type": "Polygon", "coordinates": [ [ [ 2.156013471034655, 41.33047731836816 ], [ 2.15694111543484, 41.331086559047264 ], [ 2.157892578961924, 41.330836909263823 ], [ 2.158050118552671, 41.32998402667728 ], [ 2.157122461065583, 41.329374810244431 ], [ 2.156171044023964, 41.329624456709716 ], [ 2.156013471034655, 41.33047731836816 ] ] ] } },
{ "type": "Feature", "properties": { "id": 198, "snapped_id": 198.0, "centroid_lon": 2.17936, "centroid_lat": 41.41069, "radius": 192.324, "internal_id": 618000602463207423, "population": 1190, "component": 0, "o_score_pt": 2604.0641717448598, "o_score_car": 2483.9460262250336, "CDI": -0.0236080787667747, "log_population": 3.0759117614827773 }, "geometry": { "type": "Polygon", "coordinates": [ [ [ 2.177427585768275, 41.411190710706961 ], [ 2.179080882026533, 41.412274843537297 ], [ 2.180999093039135, 41.411772630794658 ], [ 2.181291919458645, 41.410187697137829 ], [ 2.179638600411065, 41.40910359134179 ], [ 2.177720474746681, 41.409605808884528 ], [ 2.177427585768275, 41.411190710706961 ] ] ] } },
{ "type": "Feature", "properties": { "id": 199, "snapped_id": 199.0, "centroid_lon": 2.19937, "centroid_lat": 41.39191, "radius": 192.38, "internal_id": 618000602388234239, "population": 2096, "component": 0, "o_score_pt": 1942.7352461681089, "o_score_car": 2290.1556807732482, "CDI": 0.082076396628575798, "log_population": 3.3215984304653436 }, "geometry": { "type": "Polygon", "coordinates": [ [ [ 2.19725415736519, 41.392462168379723 ], [ 2.199050650482634, 41.393639872277234 ], [ 2.20115939540061, 41.393087054010415 ], [ 2.201478547917833, 41.391356872446941 ], [ 2.199682030174954, 41.390179194453715 ], [ 2.197573378204531, 41.390732020209434 ], [ 2.19725415736519, 41.392462168379723 ] ] ] } },
{ "type": "Feature", "properties": { "id": 200, "snapped_id": 200.0, "centroid_lon": 2.1086, "centroid_lat": 41.40213, "radius": 192.209, "internal_id": 618000602350747647, "population": 497, "component": 0, "o_score_pt": 1343.466238544713, "o_score_car": 1988.6781320999896, "CDI": 0.19363263465995659, "log_population": 2.6972293427597176 }, "geometry": { "type": "Polygon", "coordinates": [ [ [ 2.106950745846742, 41.402553135741918 ], [ 2.108381839288442, 41.403493347855637 ], [ 2.110005043307834, 41.403069194567941 ], [ 2.110257619427098, 41.401707772655051 ], [ 2.108826505970757, 41.400767588222394 ], [ 2.107203375530963, 41.40119174294059 ], [ 2.106950745846742, 41.402553135741918 ] ] ] } },
{ "type": "Feature", "properties": { "id": 201, "snapped_id": 201.0, "centroid_lon": 2.13815, "centroid_lat": 41.38764, "radius": 192.277, "internal_id": 618000602313261055, "population": 2892, "component": 0, "o_score_pt": 2280.3125941489425, "o_score_car": 2382.1649137404138, "CDI": 0.0218451069027416, "log_population": 3.4613484336479829 }, "geometry": { "type": "Polygon", "coordinates": [ [ [ 2.135980284530461, 41.388205901814104 ], [ 2.137822582348003, 41.389415572434942 ], [ 2.139994139796372, 41.388847305536942 ], [ 2.140323303874051, 41.387069359429447 ], [ 2.1384809805929, 41.385859714168859 ], [ 2.136309518694802, 41.386427989656092 ], [ 2.135980284530461, 41.388205901814104 ] ] ] } },
{ "type": "Feature", "properties": { "id": 202, "snapped_id": 202.0, "centroid_lon": 2.16988, "centroid_lat": 41.4284, "radius": 192.288, "internal_id": 618000602954989567, "population": 2533, "component": 0, "o_score_pt": 2062.3513342675719, "o_score_car": 2232.4567616394561, "CDI": 0.039607224251531799, "log_population": 3.4038066105474227 }, "geometry": { "type": "Polygon", "coordinates": [ [ [ 2.167710477806708, 41.428964235930117 ], [ 2.1695546338272, 41.430173549285719 ], [ 2.171727633767699, 41.429605163076651 ], [ 2.172056382071584, 41.427827454985191 ], [ 2.170212200668727, 41.426618166982664 ], [ 2.168039296341457, 41.427186561719111 ], [ 2.167710477806708, 41.428964235930117 ] ] ] } },
{ "type": "Feature", "properties": { "id": 203, "snapped_id": 203.0, "centroid_lon": 2.13578, "centroid_lat": 41.43393, "radius": 192.222, "internal_id": 618000602842529791, "population": 0, "component": 0, "o_score_pt": 1238.241246058783, "o_score_car": 1747.5112174183378, "CDI": 0.1705667089248496, "log_population": 0.0 }, "geometry": { "type": "Polygon", "coordinates": [ [ [ 2.135734289860513, 41.433900939360626 ], [ 2.135819081093679, 41.433956586955993 ], [ 2.135819082370031, 41.433956580069186 ], [ 2.135734290485136, 41.433900935991161 ], [ 2.135734289860513, 41.433900939360626 ] ] ] } },
{ "type": "Feature", "properties": { "id": 204, "snapped_id": 204.0, "centroid_lon": 2.14664, "centroid_lat": 41.37526, "radius": 192.305, "internal_id": 618000602730070015, "population": 2781, "component": 0, "o_score_pt": 2542.8945271972689, "o_score_car": 2350.6344414470154, "CDI": -0.039288637501111501, "log_population": 3.4443571256560275 }, "geometry": { "type": "Polygon", "coordinates": [ [ [ 2.144469297954051, 41.375832540162946 ], [ 2.14631158628755, 41.377042126791274 ], [ 2.148482932631762, 41.376473509835783 ], [ 2.148811895125013, 41.374695297677043 ], [ 2.146969581363622, 41.373485736422289 ], [ 2.144798330533999, 41.374054361953291 ], [ 2.144469297954051, 41.375832540162946 ] ] ] } },
{ "type": "Feature", "properties": { "id": 205, "snapped_id": 205.0, "centroid_lon": 2.16611, "centroid_lat": 41.34816, "radius": 192.369, "internal_id": 618000602655096831, "population": 85, "component": 0, "o_score_pt": 0.2866429862343417, "o_score_car": 1702.4767506186508, "CDI": 0.99966332023895876, "log_population": 1.9344984512435677 }, "geometry": { "type": "Polygon", "coordinates": [ [ [ 2.165018617496488, 41.348427966478631 ], [ 2.16600607727621, 41.349076200380424 ], [ 2.167037018160942, 41.34880579283903 ], [ 2.167205600910518, 41.347892942117603 ], [ 2.166218127248825, 41.347244733235755 ], [ 2.165187236046273, 41.347515137763693 ], [ 2.165018617496488, 41.348427966478631 ] ] ] } },
{ "type": "Feature", "properties": { "id": 206, "snapped_id": 206.0, "centroid_lon": 2.20695, "centroid_lat": 41.40685, "radius": 192.377, "internal_id": 618000602392690687, "population": 2279, "component": 0, "o_score_pt": 2043.2569432308464, "o_score_car": 2256.9042345520138, "CDI": 0.049683554287451803, "log_population": 3.357934847000454 }, "geometry": { "type": "Polygon", "coordinates": [ [ [ 2.204809451210195, 41.40740669957362 ], [ 2.206627654988341, 41.40859818884033 ], [ 2.208765080234365, 41.408038016847975 ], [ 2.209088105310856, 41.406286546073289 ], [ 2.20726987664113, 41.405095082488131 ], [ 2.205132545501285, 41.405655262387597 ], [ 2.204809451210195, 41.40740669957362 ] ] ] } },
{ "type": "Feature", "properties": { "id": 207, "snapped_id": 207.0, "centroid_lon": 2.08708, "centroid_lat": 41.4179, "radius": 192.153, "internal_id": 618000603071905791, "population": 0, "component": 0, "o_score_pt": 6.2256361179032496, "o_score_car": 1184.1940467306613, "CDI": 0.98954043484394383, "log_population": 0.0 }, "geometry": { "type": "Polygon", "coordinates": [ [ [ 2.08703777054941, 41.417869824863146 ], [ 2.087122021583564, 41.417925197167136 ], [ 2.087122022863025, 41.4179251902818 ], [ 2.087037771178625, 41.417869821477879 ], [ 2.08703777054941, 41.417869824863146 ] ] ] } },
{ "type": "Feature", "properties": { "id": 208, "snapped_id": 208.0, "centroid_lon": 2.19505, "centroid_lat": 41.44888, "radius": 192.31, "internal_id": 618000602921959423, "population": 2569, "component": 0, "o_score_pt": 1801.3703903378448, "o_score_car": 2147.4580244886924, "CDI": 0.087643117855261493, "log_population": 3.4099331233312946 }, "geometry": { "type": "Polygon", "coordinates": [ [ [ 2.192879321912874, 41.449448112842703 ], [ 2.194724694176784, 41.450657147460326 ], [ 2.196898534079151, 41.450088504472482 ], [ 2.197226906078416, 41.448310818387945 ], [ 2.19538150850385, 41.447101809125492 ], [ 2.193207764237807, 41.447670460593017 ], [ 2.192879321912874, 41.449448112842703 ] ] ] } },
{ "type": "Feature", "properties": { "id": 209, "snapped_id": 209.0, "centroid_lon": 2.1338, "centroid_lat": 41.44459, "radius": 192.206, "internal_id": 618000602846986239, "population": 0, "component": 0, "o_score_pt": 0.87287828939639001, "o_score_car": 1742.7011548658702, "CDI": 0.99899874823460555, "log_population": 0.0 }, "geometry": { "type": "Polygon", "coordinates": [ [ [ 2.133757414139247, 41.44456383526353 ], [ 2.133842426769818, 41.44461962366934 ], [ 2.133842428047107, 41.444619616779761 ], [ 2.133757414762895, 41.444563831900446 ], [ 2.133757414139247, 41.44456383526353 ] ] ] } },
{ "type": "Feature", "properties": { "id": 210, "snapped_id": 210.0, "centroid_lon": 2.15203, "centroid_lat": 41.33493, "radius": 192.359, "internal_id": 618000602697039871, "population": 354, "component": 0, "o_score_pt": 1.0805248365438014, "o_score_car": 1281.4354889795356, "CDI": 0.99831499205482999, "log_population": 2.5502283530550942 }, "geometry": { "type": "Polygon", "coordinates": [ [ [ 2.150489197013767, 41.33532115842776 ], [ 2.151834358378915, 41.336204665579764 ], [ 2.153342652723998, 41.335809042944035 ], [ 2.153578414675404, 41.334533191422103 ], [ 2.152233234599012, 41.333649711892747 ], [ 2.15072500909804, 41.334045334784854 ], [ 2.150489197013767, 41.33532115842776 ] ] ] } },
{ "type": "Feature", "properties": { "id": 211, "snapped_id": 211.0, "centroid_lon": 2.20998, "centroid_lat": 41.41282, "radius": 192.376, "internal_id": 618000602472120319, "population": 1761, "component": 0, "o_score_pt": 1820.92584524067, "o_score_car": 2181.2157812399023, "CDI": 0.090024284401965596, "log_population": 3.246005904076029 }, "geometry": { "type": "Polygon", "coordinates": [ [ [ 2.207925259255702, 41.413358197683259 ], [ 2.209678492375916, 41.414506939294654 ], [ 2.211729195482693, 41.413969558033116 ], [ 2.212040021221483, 41.41228411903856 ], [ 2.210286764083334, 41.411135403739337 ], [ 2.208236151604801, 41.411672791592821 ], [ 2.207925259255702, 41.413358197683259 ] ] ] } },
{ "type": "Feature", "properties": { "id": 212, "snapped_id": 212.0, "centroid_lon": 2.07301, "centroid_lat": 41.40466, "radius": 192.143, "internal_id": 618000603113848831, "population": 0, "component": 0, "o_score_pt": 0.34594577778204327, "o_score_car": 1483.9912157769311, "CDI": 0.99953387170146757, "log_population": 0.0 }, "geometry": { "type": "Polygon", "coordinates": [ [ [ 2.072970258279624, 41.40463389035429 ], [ 2.073054168284322, 41.404689067137333 ], [ 2.07305416956406, 41.404689060254597 ], [ 2.072970258911056, 41.404633886959118 ], [ 2.072970258279624, 41.40463389035429 ] ] ] } },
{ "type": "Feature", "properties": { "id": 213, "snapped_id": 213.0, "centroid_lon": 2.12494, "centroid_lat": 41.32511, "radius": 192.322, "internal_id": 618000605151494143, "population": 1232, "component": 0, "o_score_pt": 816.39805736648361, "o_score_car": 1614.5317824560659, "CDI": 0.32832445923155212, "log_population": 3.0909630765957314 }, "geometry": { "type": "Polygon", "coordinates": [ [ [ 2.123002435838123, 41.325611294607427 ], [ 2.124661193142358, 41.326701647967738 ], [ 2.126588442443596, 41.326196392287201 ], [ 2.126883506421342, 41.324601948918854 ], [ 2.125224726102527, 41.323511622551258 ], [ 2.123297562485725, 41.324016883289758 ], [ 2.123002435838123, 41.325611294607427 ] ] ] } },
{ "type": "Feature", "properties": { "id": 214, "snapped_id": 214.0, "centroid_lon": 2.19437, "centroid_lat": 41.39661, "radius": 192.366, "internal_id": 618000602397147135, "population": 1087, "component": 0, "o_score_pt": 2509.531286860024, "o_score_car": 2333.7961458912359, "CDI": -0.036283968698965503, "log_population": 3.0366288953621612 }, "geometry": { "type": "Polygon", "coordinates": [ [ [ 2.192462026785387, 41.397099211030188 ], [ 2.194092552649119, 41.398168189964686 ], [ 2.195980120353411, 41.39767351501694 ], [ 2.196268381910058, 41.396111421316924 ], [ 2.194637833615352, 41.395042469563784 ], [ 2.19275034999323, 41.395537148887335 ], [ 2.192462026785387, 41.397099211030188 ] ] ] } },
{ "type": "Feature", "properties": { "id": 215, "snapped_id": 215.0, "centroid_lon": 2.11006, "centroid_lat": 41.38315, "radius": 192.232, "internal_id": 618000602296483839, "population": 2389, "component": 0, "o_score_pt": 2116.5447715610298, "o_score_car": 2217.830220542141, "CDI": 0.0233679478969042, "log_population": 3.3783979009481375 }, "geometry": { "type": "Polygon", "coordinates": [ [ [ 2.107907502295161, 41.383707554792636 ], [ 2.109734172967145, 41.38490788551011 ], [ 2.111885676136178, 41.384345277780611 ], [ 2.112212574226366, 41.382582433473864 ], [ 2.110385878198562, 41.381382128265912 ], [ 2.108234469808395, 41.381944744325921 ], [ 2.107907502295161, 41.383707554792636 ] ] ] } },
{ "type": "Feature", "properties": { "id": 216, "snapped_id": 216.0, "centroid_lon": 2.19649, "centroid_lat": 41.42989, "radius": 192.333, "internal_id": 618000602975698943, "population": 2777, "component": 0, "o_score_pt": 2074.6208637542218, "o_score_car": 2028.4469170671769, "CDI": -0.011253517892848799, "log_population": 3.4437322414015967 }, "geometry": { "type": "Polygon", "coordinates": [ [ [ 2.194318164775073, 41.430461265497115 ], [ 2.196163166956363, 41.431670295099721 ], [ 2.198336537008718, 41.431101361847595 ], [ 2.198664809284833, 41.429323390514014 ], [ 2.196819781809043, 41.428114386279809 ], [ 2.194646507348772, 41.428683328011381 ], [ 2.194318164775073, 41.430461265497115 ] ] ] } },
{ "type": "Feature", "properties": { "id": 217, "snapped_id": 217.0, "centroid_lon": 2.08406, "centroid_lat": 41.41192, "radius": 192.154, "internal_id": 618000603076362239, "population": 0, "component": 0, "o_score_pt": 0.25520959067673982, "o_score_car": 1290.1126363870062, "CDI": 0.99960443901098084, "log_population": 0.0 }, "geometry": { "type": "Polygon", "coordinates": [ [ [ 2.084015764653039, 41.411895507406662 ], [ 2.084099875135202, 41.411950795612249 ], [ 2.084099876414497, 41.411950788728255 ], [ 2.084015765283051, 41.41189550401733 ], [ 2.084015764653039, 41.411895507406662 ] ] ] } },
{ "type": "Feature", "properties": { "id": 218, "snapped_id": 218.0, "centroid_lon": 2.12117, "centroid_lat": 41.41238, "radius": 192.22, "internal_id": 618000602322173951, "population": 354, "component": 0, "o_score_pt": 1108.2379229776443, "o_score_car": 2201.5783795906359, "CDI": 0.33033267005320038, "log_population": 2.5502283530550942 }, "geometry": { "type": "Polygon", "coordinates": [ [ [ 2.119622700782874, 41.412769745766319 ], [ 2.120968821822187, 41.413653740159326 ], [ 2.122478254105269, 41.413259303326257 ], [ 2.122714628120394, 41.411984496363779 ], [ 2.12136848824527, 41.411100529559519 ], [ 2.119859124966992, 41.411494966683684 ], [ 2.119622700782874, 41.412769745766319 ] ] ] } },
{ "type": "Feature", "properties": { "id": 219, "snapped_id": 219.0, "centroid_lon": 2.1473, "centroid_lat": 41.42754, "radius": 192.249, "internal_id": 618000602333970431, "population": 2412, "component": 0, "o_score_pt": 2018.4805047309003, "o_score_car": 2264.5080168123859, "CDI": 0.057442953872973303, "log_population": 3.3825573219087857 }, "geometry": { "type": "Polygon", "coordinates": [ [ [ 2.145141390163646, 41.428098847264351 ], [ 2.146972574575414, 41.429300355564884 ], [ 2.149128903181545, 41.428736717307274 ], [ 2.149455757743954, 41.42697165463435 ], [ 2.147624548039885, 41.425770171810953 ], [ 2.145468314408305, 41.426333818377913 ], [ 2.145141390163646, 41.428098847264351 ] ] ] } },
{ "type": "Feature", "properties": { "id": 220, "snapped_id": 220.0, "centroid_lon": 2.18095, "centroid_lat": 41.43565, "radius": 192.299, "internal_id": 618000602963902463, "population": 2885, "component": 0, "o_score_pt": 1917.1465103312628, "o_score_car": 2112.5023289421592, "CDI": 0.048479613584919798, "log_population": 3.4602963267574753 }, "geometry": { "type": "Polygon", "coordinates": [ [ [ 2.17877665533534, 41.436219812429982 ], [ 2.180621307930329, 41.437429004294259 ], [ 2.182794632251269, 41.436860481266287 ], [ 2.183123208354908, 41.435082757868045 ], [ 2.181278530410125, 41.433873591358918 ], [ 2.179105301708625, 41.434442122893472 ], [ 2.17877665533534, 41.436219812429982 ] ] ] } },
{ "type": "Feature", "properties": { "id": 221, "snapped_id": 221.0, "centroid_lon": 2.13914, "centroid_lat": 41.3823, "radius": 192.284, "internal_id": 618000602284687359, "population": 2992, "component": 0, "o_score_pt": 2586.8203116596296, "o_score_car": 2310.1979320446731, "CDI": -0.056487920985507298, "log_population": 3.4761067168401913 }, "geometry": { "type": "Polygon", "coordinates": [ [ [ 2.136967948427276, 41.382872079267379 ], [ 2.138810160418676, 41.384081741997996 ], [ 2.140981593439641, 41.383513381138769 ], [ 2.141310718929004, 41.381735348961399 ], [ 2.139468481480499, 41.380525711595112 ], [ 2.137297143996858, 41.381094081042463 ], [ 2.136967948427276, 41.382872079267379 ] ] ] } },
{ "type": "Feature", "properties": { "id": 222, "snapped_id": 222.0, "centroid_lon": 2.19202, "centroid_lat": 41.44291, "radius": 192.311, "internal_id": 618000602926415871, "population": 2529, "component": 0, "o_score_pt": 2082.2859213249308, "o_score_car": 2031.8390536426959, "CDI": -0.0122618705044641, "log_population": 3.403120521175818 }, "geometry": { "type": "Polygon", "coordinates": [ [ [ 2.189846190188802, 41.443474553757802 ], [ 2.191691039744853, 41.444683427571213 ], [ 2.193864288644361, 41.444114872195726 ], [ 2.194192636393597, 41.44233743685885 ], [ 2.192347761524357, 41.441128588406052 ], [ 2.190174608234432, 41.441697152261078 ], [ 2.189846190188802, 41.443474553757802 ] ] ] } },
{ "type": "Feature", "properties": { "id": 223, "snapped_id": 223.0, "centroid_lon": 2.14907, "centroid_lat": 41.35094, "radius": 192.336, "internal_id": 618000602664009727, "population": 2190, "component": 0, "o_score_pt": 1166.7339112792069, "o_score_car": 2028.3582576581684, "CDI": 0.26967120221308688, "log_population": 3.3406423775607053 }, "geometry": { "type": "Polygon", "coordinates": [ [ [ 2.146950076612707, 41.351491480428088 ], [ 2.148755269257509, 41.352676990086792 ], [ 2.150877144440726, 41.35212080063782 ], [ 2.151199105220995, 41.35037934130817 ], [ 2.149393887663774, 41.349193857436418 ], [ 2.147272105975952, 41.349750054694546 ], [ 2.146950076612707, 41.351491480428088 ] ] ] } },
{ "type": "Feature", "properties": { "id": 224, "snapped_id": 224.0, "centroid_lon": 2.08208, "centroid_lat": 41.42258, "radius": 192.139, "internal_id": 618000603080818687, "population": 0, "component": 0, "o_score_pt": 2.7143087398789616, "o_score_car": 1158.7213102116732, "CDI": 0.99532594197114554, "log_population": 0.0 }, "geometry": { "type": "Polygon", "coordinates": [ [ [ 2.082033792537084, 41.422556947317993 ], [ 2.082118124209668, 41.422612376483016 ], [ 2.082118125489897, 41.422612369596287 ], [ 2.082033793166116, 41.422556943935056 ], [ 2.082033792537084, 41.422556947317993 ] ] ] } },
{ "type": "Feature", "properties": { "id": 225, "snapped_id": 225.0, "centroid_lon": 2.12873, "centroid_lat": 41.42731, "radius": 192.216, "internal_id": 618000602326630399, "population": 51, "component": 0, "o_score_pt": 991.49237151694194, "o_score_car": 2009.1181640909499, "CDI": 0.33913957859507682, "log_population": 1.7160033436347992 }, "geometry": { "type": "Polygon", "coordinates": [ [ [ 2.127799522494971, 41.427534227096757 ], [ 2.12866098253011, 41.428099736737813 ], [ 2.129523029565532, 41.427874536438516 ], [ 2.129668257980235, 41.427091163571248 ], [ 2.128806785657414, 41.42652567717284 ], [ 2.12794478162462, 41.426750873884352 ], [ 2.127799522494971, 41.427534227096757 ] ] ] } },
{ "type": "Feature", "properties": { "id": 226, "snapped_id": 226.0, "centroid_lon": 2.14822, "centroid_lat": 41.40023, "radius": 192.281, "internal_id": 618000602251657215, "population": 2339, "component": 0, "o_score_pt": 2490.1969267376821, "o_score_car": 2498.4994451050884, "CDI": 0.001664266122562, "log_population": 3.369215857410143 }, "geometry": { "type": "Polygon", "coordinates": [ [ [ 2.146073294982246, 41.400790171717105 ], [ 2.14789615239067, 41.401986588126064 ], [ 2.150041438945499, 41.401425269871382 ], [ 2.150366716998923, 41.399667672176143 ], [ 2.148543834422024, 41.398471281347142 ], [ 2.146398642363615, 41.399032607750563 ], [ 2.146073294982246, 41.400790171717105 ] ] ] } },
{ "type": "Feature", "properties": { "id": 227, "snapped_id": 227.0, "centroid_lon": 2.19005, "centroid_lat": 41.45357, "radius": 192.296, "internal_id": 618000602930872319, "population": 2317, "component": 0, "o_score_pt": 1583.3584117985254, "o_score_car": 1957.2067493665552, "CDI": 0.10559001756798871, "log_population": 3.3651134316275773 }, "geometry": { "type": "Polygon", "coordinates": [ [ [ 2.18790297142555, 41.454132370890051 ], [ 2.189725863322411, 41.45532676016763 ], [ 2.191869839195529, 41.454766112596445 ], [ 2.192194125686842, 41.453011244483072 ], [ 2.190371208759031, 41.451816880802717 ], [ 2.188227327335817, 41.4523775363919 ], [ 2.18790297142555, 41.454132370890051 ] ] ] } },
{ "type": "Feature", "properties": { "id": 228, "snapped_id": 228.0, "centroid_lon": 2.20498, "centroid_lat": 41.41752, "radius": 192.362, "internal_id": 618000602481033215, "population": 2315, "component": 0, "o_score_pt": 2079.397468528115, "o_score_car": 2243.9633072115171, "CDI": 0.038064331713156298, "log_population": 3.3647385550553985 }, "geometry": { "type": "Polygon", "coordinates": [ [ [ 2.202835808177286, 41.41807775472806 ], [ 2.204658147139805, 41.41927185736948 ], [ 2.206801101377786, 41.418710485970365 ], [ 2.207124942073027, 41.416955175096071 ], [ 2.205302578153328, 41.415761098086087 ], [ 2.203159718259204, 41.416322477476506 ], [ 2.202835808177286, 41.41807775472806 ] ] ] } },
{ "type": "Feature", "properties": { "id": 229, "snapped_id": 229.0, "centroid_lon": 2.11994, "centroid_lat": 41.3298, "radius": 192.308, "internal_id": 618000605160407039, "population": 1034, "component": 0, "o_score_pt": 859.02494276071536, "o_score_car": 1525.5713148410432, "CDI": 0.27952168840132641, "log_population": 3.0149403497929366 }, "geometry": { "type": "Polygon", "coordinates": [ [ [ 2.118060069718602, 41.330290280184919 ], [ 2.119674598787016, 41.331351635358978 ], [ 2.121542923594258, 41.330861987167133 ], [ 2.121829792531023, 41.329312442619717 ], [ 2.120215241027693, 41.328251114685038 ], [ 2.118346999551137, 41.328740767165939 ], [ 2.118060069718602, 41.330290280184919 ] ] ] } },
{ "type": "Feature", "properties": { "id": 230, "snapped_id": 230.0, "centroid_lon": 2.13414, "centroid_lat": 41.387, "radius": 192.27, "internal_id": 618000602293600255, "population": 2908, "component": 0, "o_score_pt": 2162.1788363216174, "o_score_car": 2310.1106811110976, "CDI": 0.033077430298922003, "log_population": 3.463743721247059 }, "geometry": { "type": "Polygon", "coordinates": [ [ [ 2.131966632714735, 41.387564378475965 ], [ 2.133808793762754, 41.388774091926074 ], [ 2.135980284530461, 41.388205901814104 ], [ 2.136309518694802, 41.386427989656092 ], [ 2.134467332170221, 41.385218301564187 ], [ 2.13229593695498, 41.385786500272708 ], [ 2.131966632714735, 41.387564378475965 ] ] ] } },
{ "type": "Feature", "properties": { "id": 231, "snapped_id": 231.0, "centroid_lon": 2.12396, "centroid_lat": 41.33044, "radius": 192.314, "internal_id": 618000605163290623, "population": 1118, "component": 0, "o_score_pt": 705.8443142258518, "o_score_car": 1688.0292319187963, "CDI": 0.4102910612278417, "log_population": 3.04883008652835 }, "geometry": { "type": "Polygon", "coordinates": [ [ [ 2.122045563726711, 41.330938443870629 ], [ 2.123679913649615, 41.332012710989417 ], [ 2.125574590710628, 41.331516104862899 ], [ 2.125865093944763, 41.329946565975142 ], [ 2.124230721331907, 41.328872325991988 ], [ 2.12233612865508, 41.329368936742753 ], [ 2.122045563726711, 41.330938443870629 ] ] ] } },
{ "type": "Feature", "properties": { "id": 232, "snapped_id": 232.0, "centroid_lon": 2.13618, "centroid_lat": 41.3983, "radius": 192.261, "internal_id": 618000602256113663, "population": 2381, "component": 0, "o_score_pt": 1930.1302085292759, "o_score_car": 2387.131297576575, "CDI": 0.1058543913545584, "log_population": 3.3769417571467586 }, "geometry": { "type": "Polygon", "coordinates": [ [ [ 2.134024188411576, 41.398867296358631 ], [ 2.135851133468684, 41.400066790227086 ], [ 2.138002218480968, 41.39950413123929 ], [ 2.138328547580033, 41.39774208188949 ], [ 2.136501577255467, 41.396542613546046 ], [ 2.134350586987096, 41.397105280798172 ], [ 2.134024188411576, 41.398867296358631 ] ] ] } },
{ "type": "Feature", "properties": { "id": 233, "snapped_id": 233.0, "centroid_lon": 2.15967, "centroid_lat": 41.37185, "radius": 192.332, "internal_id": 618000602747895807, "population": 2290, "component": 0, "o_score_pt": 2307.123038002117, "o_score_car": 2271.0571343367451, "CDI": -0.0078777816310683004, "log_population": 3.3600250891893975 }, "geometry": { "type": "Polygon", "coordinates": [ [ [ 2.157529225095649, 41.372411207735233 ], [ 2.159346464516585, 41.373604003880857 ], [ 2.161484040185602, 41.373043930532354 ], [ 2.161808003511478, 41.371291230414634 ], [ 2.159990739048593, 41.370098459931278 ], [ 2.157853257515776, 41.370658541300358 ], [ 2.157529225095649, 41.372411207735233 ] ] ] } },
{ "type": "Feature", "properties": { "id": 234, "snapped_id": 234.0, "centroid_lon": 2.15882, "centroid_lat": 41.42114, "radius": 192.276, "internal_id": 618000602335543295, "population": 1693, "component": 0, "o_score_pt": 1895.781829097064, "o_score_car": 2223.2872480606461, "CDI": 0.079509571902972503, "log_population": 3.228913405994688 }, "geometry": { "type": "Polygon", "coordinates": [ [ [ 2.156775469172945, 41.421672069587572 ], [ 2.158517463829585, 41.422814813644742 ], [ 2.160554472268167, 41.422282046313008 ], [ 2.160864346769077, 41.420607289106023 ], [ 2.159122328061428, 41.419464571412981 ], [ 2.157085409781304, 41.419997345231103 ], [ 2.156775469172945, 41.421672069587572 ] ] ] } },
{ "type": "Feature", "properties": { "id": 235, "snapped_id": 235.0, "centroid_lon": 2.18482, "centroid_lat": 41.39234, "radius": 192.354, "internal_id": 618000602483916799, "population": 2461, "component": 0, "o_score_pt": 2548.6232943579557, "o_score_car": 2402.2741594145141, "CDI": -0.029560122444452198, "log_population": 3.3912880485952974 }, "geometry": { "type": "Polygon", "coordinates": [ [ [ 2.182653591995062, 41.392904815734582 ], [ 2.184490231554482, 41.394109275455513 ], [ 2.186652907282226, 41.393542589491979 ], [ 2.186979901731143, 41.391771487610718 ], [ 2.185143236956813, 41.390567053356278 ], [ 2.182980656362384, 41.391133747673109 ], [ 2.182653591995062, 41.392904815734582 ] ] ] } },
{ "type": "Feature", "properties": { "id": 236, "snapped_id": 236.0, "centroid_lon": 2.20801, "centroid_lat": 41.42349, "radius": 192.36, "internal_id": 618000602977271807, "population": 2466, "component": 0, "o_score_pt": 2206.4680191739385, "o_score_car": 2193.5392434577925, "CDI": -0.0029383532672655, "log_population": 3.3921691494897361 }, "geometry": { "type": "Polygon", "coordinates": [ [ [ 2.205849540521061, 41.424057597710181 ], [ 2.207688077144177, 41.425262132910426 ], [ 2.209852522127638, 41.424695198596829 ], [ 2.21017931405878, 41.422923771668522 ], [ 2.208340752272292, 41.421719261923016 ], [ 2.206176402498378, 41.422286204555405 ], [ 2.205849540521061, 41.424057597710181 ] ] ] } },
{ "type": "Feature", "properties": { "id": 237, "snapped_id": 237.0, "centroid_lon": 2.14374, "centroid_lat": 41.41324, "radius": 192.258, "internal_id": 618000602260570111, "population": 2020, "component": 0, "o_score_pt": 2366.5286755379584, "o_score_car": 2403.2661615865877, "CDI": 0.0077021103219558004, "log_population": 3.3055663135153042 }, "geometry": { "type": "Polygon", "coordinates": [ [ [ 2.141643691249399, 41.413789217377122 ], [ 2.143429672149931, 41.414961377266771 ], [ 2.145525816364986, 41.414413250888188 ], [ 2.145844281663802, 41.4126933774889 ], [ 2.144058276070205, 41.411521243549686 ], [ 2.141962224399929, 41.41206937732381 ], [ 2.141643691249399, 41.413789217377122 ] ] ] } },
{ "type": "Feature", "properties": { "id": 238, "snapped_id": 238.0, "centroid_lon": 2.13553, "centroid_lat": 41.34603, "radius": 192.318, "internal_id": 618000602752352255, "population": 1441, "component": 0, "o_score_pt": 1020.1638208841406, "o_score_car": 1892.0304877360211, "CDI": 0.29938478496133841, "log_population": 3.1589652603834102 }, "geometry": { "type": "Polygon", "coordinates": [ [ [ 2.133534528665226, 41.34654360198541 ], [ 2.135233562783898, 41.347659846404525 ], [ 2.137214187429897, 41.347140812703451 ], [ 2.137516563295636, 41.345506478562235 ], [ 2.135817505647606, 41.344390260860088 ], [ 2.133836968839078, 41.344909300322918 ], [ 2.133534528665226, 41.34654360198541 ] ] ] } },
{ "type": "Feature", "properties": { "id": 239, "snapped_id": 239.0, "centroid_lon": 2.18429, "centroid_lat": 41.38402, "radius": 192.362, "internal_id": 618000602489946111, "population": 2393, "component": 0, "o_score_pt": 2469.1422195312011, "o_score_car": 2329.1773700061817, "CDI": -0.029169555489844599, "log_population": 3.3791241460703918 }, "geometry": { "type": "Polygon", "coordinates": [ [ [ 2.182132440854231, 41.384579579015814 ], [ 2.183961802475743, 41.385779404149432 ], [ 2.186114816921827, 41.385215091028819 ], [ 2.186440465285967, 41.383451046900262 ], [ 2.184611078547383, 41.382251247316276 ], [ 2.182458158837401, 41.382815568643643 ], [ 2.182132440854231, 41.384579579015814 ] ] ] } },
{ "type": "Feature", "properties": { "id": 240, "snapped_id": 240.0, "centroid_lon": 2.20596, "centroid_lat": 41.41218, "radius": 192.369, "internal_id": 618000602452459519, "population": 1709, "component": 0, "o_score_pt": 1845.3775295761491, "o_score_car": 2195.8782096031041, "CDI": 0.086730635883523297, "log_population": 3.2329961103921536 }, "geometry": { "type": "Polygon", "coordinates": [ [ [ 2.203916864189762, 41.412715966200153 ], [ 2.205662391131515, 41.413859784231285 ], [ 2.207702927732543, 41.413325122948102 ], [ 2.208012405835669, 41.411647382996719 ], [ 2.206266854964579, 41.410503591341786 ], [ 2.204226408588436, 41.411038259076754 ], [ 2.203916864189762, 41.412715966200153 ] ] ] } },
{ "type": "Feature", "properties": { "id": 241, "snapped_id": 241.0, "centroid_lon": 2.07051, "centroid_lat": 41.40701, "radius": 192.136, "internal_id": 618000603056701439, "population": 0, "component": 0, "o_score_pt": 0.5, "o_score_car": 1274.1861544731, "CDI": 0.99921549316552083, "log_population": 0.0 }, "geometry": { "type": "Polygon", "coordinates": [ [ [ 2.070468624941226, 41.406977442106431 ], [ 2.070552575224451, 41.407032647300454 ], [ 2.070552576504574, 41.407032640417007 ], [ 2.070468625572566, 41.40697743871241 ], [ 2.070468624941226, 41.406977442106431 ] ] ] } },
{ "type": "Feature", "properties": { "id": 242, "snapped_id": 242.0, "centroid_lon": 2.14677, "centroid_lat": 41.41922, "radius": 192.257, "internal_id": 618000602339999743, "population": 1940, "component": 0, "o_score_pt": 1857.5010477569328, "o_score_car": 2192.2747508017351, "CDI": 0.082664749777987601, "log_population": 3.2880255353883627 }, "geometry": { "type": "Polygon", "coordinates": [ [ [ 2.144684309598811, 41.419759937875881 ], [ 2.146460305223335, 41.420925369696647 ], [ 2.148543016403816, 41.420380820258636 ], [ 2.148859537711123, 41.418671331790691 ], [ 2.14708351753682, 41.417505926017114 ], [ 2.145000898364601, 41.418050482639636 ], [ 2.144684309598811, 41.419759937875881 ] ] ] } },
{ "type": "Feature", "properties": { "id": 243, "snapped_id": 243.0, "centroid_lon": 2.16474, "centroid_lat": 41.38914, "radius": 192.322, "internal_id": 618000602302513151, "population": 2692, "component": 0, "o_score_pt": 2856.1780618728872, "o_score_car": 2507.128361683569, "CDI": -0.065081066160277201, "log_population": 3.4302363534115106 }, "geometry": { "type": "Polygon", "coordinates": [ [ [ 2.162567142155025, 41.389705677056718 ], [ 2.164410285837044, 41.390915065047473 ], [ 2.166582214029411, 41.390346251879464 ], [ 2.166910903007545, 41.38856804217987 ], [ 2.165067733949579, 41.387358679564699 ], [ 2.162895901286533, 41.387927501274113 ], [ 2.162567142155025, 41.389705677056718 ] ] ] } },
{ "type": "Feature", "properties": { "id": 244, "snapped_id": 244.0, "centroid_lon": 2.20658, "centroid_lat": 41.44248, "radius": 192.337, "internal_id": 618000602981728255, "population": 2787, "component": 0, "o_score_pt": 1551.4340694722302, "o_score_car": 1958.7140197903841, "CDI": 0.1160292785264543, "log_population": 3.4452927694259716 }, "geometry": { "type": "Polygon", "coordinates": [ [ [ 2.204404831630341, 41.443048824191202 ], [ 2.206250416595396, 41.444257739574873 ], [ 2.208424235522913, 41.443688763216883 ], [ 2.208752373871316, 41.441910863016041 ], [ 2.206906763637927, 41.440701972998774 ], [ 2.204733040321596, 41.441270957816528 ], [ 2.204404831630341, 41.443048824191202 ] ] ] } },
{ "type": "Feature", "properties": { "id": 245, "snapped_id": 245.0, "centroid_lon": 2.12297, "centroid_lat": 41.33578, "radius": 192.307, "internal_id": 618000602756808703, "population": 1780, "component": 0, "o_score_pt": 852.91047552589441, "o_score_car": 1664.9176146154828, "CDI": 0.32250301053873531, "log_population": 3.2506639194632436 }, "geometry": { "type": "Polygon", "coordinates": [ [ [ 2.120909723242796, 41.336315395405336 ], [ 2.122661498169647, 41.337466799338841 ], [ 2.124712864452037, 41.336929244411451 ], [ 2.125025416272659, 41.335240860561406 ], [ 2.123273617064405, 41.334089482909881 ], [ 2.121222341464536, 41.334627044642879 ], [ 2.120909723242796, 41.336315395405336 ] ] ] } },
{ "type": "Feature", "properties": { "id": 246, "snapped_id": 246.0, "centroid_lon": 2.1446, "centroid_lat": 41.36395, "radius": 192.314, "internal_id": 618000602719322111, "population": 2389, "component": 0, "o_score_pt": 1790.070296717354, "o_score_car": 2045.3623123751747, "CDI": 0.066561465596503597, "log_population": 3.3783979009481375 }, "geometry": { "type": "Polygon", "coordinates": [ [ [ 2.142448797023488, 41.364516974656098 ], [ 2.144276098075933, 41.365716948878045 ], [ 2.146427544277622, 41.365153351193449 ], [ 2.14675374891781, 41.363389871953466 ], [ 2.144926422634998, 41.362189923274521 ], [ 2.142775071137949, 41.362753529230226 ], [ 2.142448797023488, 41.364516974656098 ] ] ] } },
{ "type": "Feature", "properties": { "id": 247, "snapped_id": 247.0, "centroid_lon": 2.19186, "centroid_lat": 41.39895, "radius": 192.359, "internal_id": 618000602494402559, "population": 1069, "component": 0, "o_score_pt": 2280.0754279159023, "o_score_car": 2344.9237351048951, "CDI": 0.014021258145836501, "log_population": 3.0293837776852097 }, "geometry": { "type": "Polygon", "coordinates": [ [ [ 2.189966614478852, 41.399445323611346 ], [ 2.191592906199091, 41.400511563681007 ], [ 2.19347487299968, 41.400018437111562 ], [ 2.193762394331892, 41.398460665342228 ], [ 2.192136080228194, 41.397394452474238 ], [ 2.190254197290915, 41.397887583350389 ], [ 2.189966614478852, 41.399445323611346 ] ] ] } },
{ "type": "Feature", "properties": { "id": 248, "snapped_id": 248.0, "centroid_lon": 2.19338, "centroid_lat": 41.40194, "radius": 192.358, "internal_id": 618000602456915967, "population": 1119, "component": 0, "o_score_pt": 2297.6566342915244, "o_score_car": 2375.2284910722642, "CDI": 0.016600420232821499, "log_population": 3.0492180226701815 }, "geometry": { "type": "Polygon", "coordinates": [ [ [ 2.191467965914291, 41.402436794901739 ], [ 2.193105909450532, 41.403510593550173 ], [ 2.195003361438871, 41.403013438788307 ], [ 2.195293026023578, 41.40144400224991 ], [ 2.193655059952339, 41.400370230739028 ], [ 2.191757692450304, 41.400867390005146 ], [ 2.191467965914291, 41.402436794901739 ] ] ] } },
{ "type": "Feature", "properties": { "id": 249, "snapped_id": 249.0, "centroid_lon": 2.15434, "centroid_lat": 41.43415, "radius": 192.254, "internal_id": 618000602344456191, "population": 2406, "component": 0, "o_score_pt": 1886.8754485746408, "o_score_car": 2166.2188588680656, "CDI": 0.068921024063137604, "log_population": 3.3814760902750298 }, "geometry": { "type": "Polygon", "coordinates": [ [ [ 2.152187344505387, 41.434714144196079 ], [ 2.154018257698199, 41.435915162469314 ], [ 2.15617400335559, 41.435351684190401 ], [ 2.156500638835704, 41.433587277363266 ], [ 2.15466970037836, 41.432386284574193 ], [ 2.15251404967028, 41.43294977113586 ], [ 2.152187344505387, 41.434714144196079 ] ] ] } },
{ "type": "Feature", "properties": { "id": 250, "snapped_id": 250.0, "centroid_lon": 2.16442, "centroid_lat": 41.44674, "radius": 192.258, "internal_id": 618000603023671295, "population": 200, "component": 0, "o_score_pt": 1356.3889395406911, "o_score_car": 2017.1394115857224, "CDI": 0.1958633226913323, "log_population": 2.3031960574204891 }, "geometry": { "type": "Polygon", "coordinates": [ [ [ 2.163055772208665, 41.44708154778548 ], [ 2.164259747651006, 41.447870997117931 ], [ 2.16557846627447, 41.447526347187519 ], [ 2.165787420189399, 41.446397213436406 ], [ 2.164583427916258, 41.44560779108992 ], [ 2.163264770622348, 41.445952439665632 ], [ 2.163055772208665, 41.44708154778548 ] ] ] } },
{ "type": "Feature", "properties": { "id": 251, "snapped_id": 251.0, "centroid_lon": 2.15217, "centroid_lat": 41.37889, "radius": 192.311, "internal_id": 618000602306969599, "population": 2444, "component": 0, "o_score_pt": 2610.6849707857682, "o_score_car": 2426.975466356359, "CDI": -0.0364672265472556, "log_population": 3.388278863459639 }, "geometry": { "type": "Polygon", "coordinates": [ [ [ 2.150007673849367, 41.379458087077232 ], [ 2.151841276774936, 41.380661749202872 ], [ 2.1540008664779, 41.380096185300857 ], [ 2.154328069584663, 41.378327013822627 ], [ 2.152494441367457, 41.377123377171728 ], [ 2.150334946703659, 41.37768894945021 ], [ 2.150007673849367, 41.379458087077232 ] ] ] } },
{ "type": "Feature", "properties": { "id": 252, "snapped_id": 252.0, "centroid_lon": 2.13229, "centroid_lat": 41.4416, "radius": 192.207, "internal_id": 618000602836238335, "population": 0, "component": 0, "o_score_pt": 2.7593395493502597, "o_score_car": 1691.4927968302693, "CDI": 0.99674270494916239, "log_population": 0.0 }, "geometry": { "type": "Polygon", "coordinates": [ [ [ 2.132243594801764, 41.441577084276709 ], [ 2.132328537114495, 41.44163283071962 ], [ 2.132328538391701, 41.441632823830716 ], [ 2.132243595425808, 41.4415770809116 ], [ 2.132243594801764, 41.441577084276709 ] ] ] } },
{ "type": "Feature", "properties": { "id": 253, "snapped_id": 253.0, "centroid_lon": 2.15052, "centroid_lat": 41.33194, "radius": 192.36, "internal_id": 618000602686291967, "population": 510, "component": 0, "o_score_pt": 0.99920129177309736, "o_score_car": 1328.5688394060558, "CDI": 0.99849695350491641, "log_population": 2.7084209001347128 }, "geometry": { "type": "Polygon", "coordinates": [ [ [ 2.148860507236181, 41.332365283864306 ], [ 2.150297590283039, 41.333309235142174 ], [ 2.151928534524932, 41.332881416935862 ], [ 2.152181538714309, 41.331512303138901 ], [ 2.15074443571709, 41.330568379584051 ], [ 2.149113565240864, 41.330996199256759 ], [ 2.148860507236181, 41.332365283864306 ] ] ] } },
{ "type": "Feature", "properties": { "id": 254, "snapped_id": 254.0, "centroid_lon": 2.10693, "centroid_lat": 41.33321, "radius": 192.281, "internal_id": 618000602573832191, "population": 1672, "component": 0, "o_score_pt": 1001.051054195074, "o_score_car": 1717.0510723593834, "CDI": 0.26341910083854397, "log_population": 3.2234959409623944 }, "geometry": { "type": "Polygon", "coordinates": [ [ [ 2.104888683359968, 41.333743835446832 ], [ 2.106624150736034, 41.334885020656017 ], [ 2.108654181431679, 41.33435327806653 ], [ 2.108964034481095, 41.332681021903518 ], [ 2.10722854298856, 41.33153986310495 ], [ 2.105198602137567, 41.33207161222024 ], [ 2.104888683359968, 41.333743835446832 ] ] ] } },
{ "type": "Feature", "properties": { "id": 255, "snapped_id": 255.0, "centroid_lon": 2.20096, "centroid_lat": 41.41688, "radius": 192.355, "internal_id": 618000602461372415, "population": 2134, "component": 0, "o_score_pt": 2238.9288410610939, "o_score_car": 2187.856814015769, "CDI": -0.0115370453924627, "log_population": 3.3293978793610428 }, "geometry": { "type": "Polygon", "coordinates": [ [ [ 2.198843794150463, 41.417430708126936 ], [ 2.200645417897505, 41.41861136678267 ], [ 2.202760864032796, 41.418057259271812 ], [ 2.203080930300313, 41.41632281148236 ], [ 2.201279281857449, 41.415142178670763 ], [ 2.19916392896662, 41.415696293757051 ], [ 2.198843794150463, 41.417430708126936 ] ] ] } },
{ "type": "Feature", "properties": { "id": 256, "snapped_id": 256.0, "centroid_lon": 2.08108, "centroid_lat": 41.42792, "radius": 192.132, "internal_id": 618000603140587519, "population": 0, "component": 0, "o_score_pt": 1.8591181618690169, "o_score_car": 1460.9236301398955, "CDI": 0.99745810761847264, "log_population": 0.0 }, "geometry": { "type": "Polygon", "coordinates": [ [ [ 2.081042632207442, 41.427887279158924 ], [ 2.081127074514844, 41.427942778819791 ], [ 2.081127075795545, 41.427942771931662 ], [ 2.081042632835986, 41.427887275779177 ], [ 2.081042632207442, 41.427887279158924 ] ] ] } },
{ "type": "Feature", "properties": { "id": 257, "snapped_id": 257.0, "centroid_lon": 2.06603, "centroid_lat": 41.42001, "radius": 192.114, "internal_id": 618000603065614335, "population": 0, "component": 1, "o_score_pt": 0.54297184140025501, "o_score_car": 1085.3112725964677, "CDI": 0.99899991763317864, "log_population": 0.0 }, "geometry": { "type": "Polygon", "coordinates": [ [ [ 2.065983256969196, 41.41998147219924 ], [ 2.066067468703197, 41.420036846828381 ], [ 2.066067469984644, 41.42003683994146 ], [ 2.065983257599469, 41.419981468812757 ], [ 2.065983256969196, 41.41998147219924 ] ] ] } },
{ "type": "Feature", "properties": { "id": 258, "snapped_id": 258.0, "centroid_lon": 2.16139, "centroid_lat": 41.44077, "radius": 192.259, "internal_id": 618000603028127743, "population": 1260, "component": 0, "o_score_pt": 1873.2225189492224, "o_score_car": 2225.6687093006176, "CDI": 0.085985738758401695, "log_population": 3.1007150865730817 }, "geometry": { "type": "Polygon", "coordinates": [ [ [ 2.159440065726015, 41.44127171295677 ], [ 2.161107956317209, 41.4423655113767 ], [ 2.163045912201245, 41.441858965674541 ], [ 2.16334183713436, 41.440259971064272 ], [ 2.161673923488298, 41.439166199562486 ], [ 2.159736053803915, 41.439672750349395 ], [ 2.159440065726015, 41.44127171295677 ] ] ] } },
{ "type": "Feature", "properties": { "id": 259, "snapped_id": 259.0, "centroid_lon": 2.15981, "centroid_lat": 41.41581, "radius": 192.284, "internal_id": 618000602273939455, "population": 2236, "component": 0, "o_score_pt": 1809.0337288014905, "o_score_car": 2304.7560667932007, "CDI": 0.1205025931374912, "log_population": 3.3496659840966299 }, "geometry": { "type": "Polygon", "coordinates": [ [ [ 2.157673807389616, 41.416363790295435 ], [ 2.159485977750742, 41.417552616405416 ], [ 2.161616625031794, 41.41699523478924 ], [ 2.161939624546741, 41.415249252534032 ], [ 2.160127429198482, 41.414060452122293 ], [ 2.157996875828651, 41.414617841628854 ], [ 2.157673807389616, 41.416363790295435 ] ] ] } },
{ "type": "Feature", "properties": { "id": 260, "snapped_id": 260.0, "centroid_lon": 2.14013, "centroid_lat": 41.37697, "radius": 192.292, "internal_id": 618000602728235007, "population": 2852, "component": 0, "o_score_pt": 2491.8572474394973, "o_score_car": 2251.8003834364963, "CDI": -0.050605857901821302, "log_population": 3.4553017716570764 }, "geometry": { "type": "Polygon", "coordinates": [ [ [ 2.137955496546405, 41.377537998546075 ], [ 2.13979762271803, 41.37874765336894 ], [ 2.141968931324557, 41.378179198557106 ], [ 2.142298018232192, 41.376401080335988 ], [ 2.140455866609966, 41.375191450881587 ], [ 2.138284653527831, 41.375759914280408 ], [ 2.137955496546405, 41.377537998546075 ] ] ] } },
{ "type": "Feature", "properties": { "id": 261, "snapped_id": 261.0, "centroid_lon": 2.13796, "centroid_lat": 41.32169, "radius": 192.349, "internal_id": 618000602690748415, "population": 425, "component": 0, "o_score_pt": 1095.4785928754054, "o_score_car": 1596.409985428169, "CDI": 0.18608920019581571, "log_population": 2.6294095991027189 }, "geometry": { "type": "Polygon", "coordinates": [ [ [ 2.136359411293261, 41.322102777527789 ], [ 2.13775004940518, 41.323016626523795 ], [ 2.139319351604696, 41.322604990376867 ], [ 2.139563895844955, 41.321282402916751 ], [ 2.138173238376955, 41.320368581620315 ], [ 2.136604007473073, 41.320780218631214 ], [ 2.136359411293261, 41.322102777527789 ] ] ] } },
{ "type": "Feature", "properties": { "id": 262, "snapped_id": 262.0, "centroid_lon": 2.07806, "centroid_lat": 41.42194, "radius": 192.133, "internal_id": 618000603145043967, "population": 0, "component": 0, "o_score_pt": 2.3002523225953651, "o_score_car": 1096.9381055955689, "CDI": 0.99581482522689324, "log_population": 0.0 }, "geometry": { "type": "Polygon", "coordinates": [ [ [ 2.078020852615154, 41.42191325771212 ], [ 2.078105154310268, 41.421968673253652 ], [ 2.078105155590801, 41.421968666366865 ], [ 2.078020853244495, 41.42191325432831 ], [ 2.078020852615154, 41.42191325771212 ] ] ] } },
{ "type": "Feature", "properties": { "id": 263, "snapped_id": 263.0, "centroid_lon": 2.17573, "centroid_lat": 41.37441, "radius": 192.357, "internal_id": 618000602746322943, "population": 1942, "component": 0, "o_score_pt": 2534.7563418579448, "o_score_car": 2312.6115827909307, "CDI": -0.045827913729718603, "log_population": 3.2884728005997825 }, "geometry": { "type": "Polygon", "coordinates": [ [ [ 2.173639067644581, 41.374957816970166 ], [ 2.175415201997879, 41.376123122090661 ], [ 2.177497506872882, 41.37557730233987 ], [ 2.177813405472071, 41.373866643230464 ], [ 2.176037246685392, 41.372701364198598 ], [ 2.173955033708546, 41.373247191093753 ], [ 2.173639067644581, 41.374957816970166 ] ] ] } },
{ "type": "Feature", "properties": { "id": 264, "snapped_id": 264.0, "centroid_lon": 2.11768, "centroid_lat": 41.42005, "radius": 192.205, "internal_id": 618000602315882495, "population": 317, "component": 0, "o_score_pt": 13.420786362201268, "o_score_car": 1464.2648501498213, "CDI": 0.98183539714999202, "log_population": 2.5024271199844326 }, "geometry": { "type": "Polygon", "coordinates": [ [ [ 2.116167029427477, 41.420436582868255 ], [ 2.117485445147425, 41.421302378897487 ], [ 2.118957872245309, 41.420917760727129 ], [ 2.119189091281156, 41.419671209894489 ], [ 2.117870657087412, 41.418805441376456 ], [ 2.11639829751947, 41.419190059506136 ], [ 2.116167029427477, 41.420436582868255 ] ] ] } },
{ "type": "Feature", "properties": { "id": 265, "snapped_id": 265.0, "centroid_lon": 2.16685, "centroid_lat": 41.42242, "radius": 192.289, "internal_id": 618000602957611007, "population": 703, "component": 0, "o_score_pt": 1421.9171244606302, "o_score_car": 2111.6934871432381, "CDI": 0.19520440662519001, "log_population": 2.847572659142112 }, "geometry": { "type": "Polygon", "coordinates": [ [ [ 2.165088144041682, 41.422876017905608 ], [ 2.166608471142076, 41.423873132035261 ], [ 2.16834949970408, 41.423417679869949 ], [ 2.168617688659818, 41.421967542543236 ], [ 2.167097340506063, 41.420970456005001 ], [ 2.165356390206879, 41.421425910787832 ], [ 2.165088144041682, 41.422876017905608 ] ] ] } },
{ "type": "Feature", "properties": { "id": 266, "snapped_id": 266.0, "centroid_lon": 2.15678, "centroid_lat": 41.40983, "radius": 192.285, "internal_id": 618000602278395903, "population": 1935, "component": 0, "o_score_pt": 2188.2308939248092, "o_score_car": 2437.9967840703216, "CDI": 0.053989104629142103, "log_population": 3.2869053529723748 }, "geometry": { "type": "Polygon", "coordinates": [ [ [ 2.154690954048895, 41.410376485584791 ], [ 2.156466387847322, 41.411541386759616 ], [ 2.158548120092489, 41.41099673684878 ], [ 2.158864309840977, 41.409287678759974 ], [ 2.157088851539251, 41.408122803650038 ], [ 2.155007211237935, 41.408667460715989 ], [ 2.154690954048895, 41.410376485584791 ] ] ] } },
{ "type": "Feature", "properties": { "id": 267, "snapped_id": 267.0, "centroid_lon": 2.18853, "centroid_lat": 41.45059, "radius": 192.296, "internal_id": 618000602920124415, "population": 2399, "component": 0, "o_score_pt": 1750.9906878870711, "o_score_car": 2084.4588106468186, "CDI": 0.0869436875357677, "log_population": 3.3802112417116059 }, "geometry": { "type": "Polygon", "coordinates": [ [ [ 2.186375230891984, 41.451148837065595 ], [ 2.188206802615779, 41.452349003591891 ], [ 2.190362410834923, 41.451785281016932 ], [ 2.190688357022802, 41.450021490730528 ], [ 2.188856760147567, 41.448821349706876 ], [ 2.186701246843966, 41.449385080486032 ], [ 2.186375230891984, 41.451148837065595 ] ] ] } },
{ "type": "Feature", "properties": { "id": 268, "snapped_id": 268.0, "centroid_lon": 2.16308, "centroid_lat": 41.34218, "radius": 192.371, "internal_id": 618000602657718271, "population": 190, "component": 0, "o_score_pt": 0.0, "o_score_car": 1109.5943346792246, "CDI": 1.0, "log_population": 2.2810333672477277 }, "geometry": { "type": "Polygon", "coordinates": [ [ [ 2.161737357646503, 41.342522778419813 ], [ 2.162926277038267, 41.343303378810205 ], [ 2.164225970860846, 41.342962440198846 ], [ 2.164432298618078, 41.341845281137942 ], [ 2.163243362637981, 41.341064707667556 ], [ 2.161943729281832, 41.341405644814863 ], [ 2.161737357646503, 41.342522778419813 ] ] ] } },
{ "type": "Feature", "properties": { "id": 269, "snapped_id": 269.0, "centroid_lon": 2.0961, "centroid_lat": 41.41385, "radius": 192.174, "internal_id": 618000603074527231, "population": 89, "component": 0, "o_score_pt": 16.151342521207358, "o_score_car": 1301.0635171562899, "CDI": 0.97547652548474595, "log_population": 1.9542425094393248 }, "geometry": { "type": "Polygon", "coordinates": [ [ [ 2.094987985882768, 41.41412306849945 ], [ 2.095987258186826, 41.414779696345001 ], [ 2.097033752261001, 41.414506463315753 ], [ 2.097205298629746, 41.413582720171618 ], [ 2.096206012125423, 41.412926117463115 ], [ 2.095159568483941, 41.413199347614722 ], [ 2.094987985882768, 41.41412306849945 ] ] ] } },
{ "type": "Feature", "properties": { "id": 270, "snapped_id": 270.0, "centroid_lon": 2.1036, "centroid_lat": 41.40682, "radius": 192.195, "internal_id": 618000602357825535, "population": 76, "component": 0, "o_score_pt": 16.698820303413033, "o_score_car": 1848.8002701273649, "CDI": 0.98209720884982377, "log_population": 1.8864907251724818 }, "geometry": { "type": "Polygon", "coordinates": [ [ [ 2.102542524328121, 41.407076314993695 ], [ 2.103502383157736, 41.407706978365326 ], [ 2.104496257430671, 41.407447356328191 ], [ 2.104660311890523, 41.406563429170035 ], [ 2.103700439411489, 41.405932790450741 ], [ 2.102706613443547, 41.406192409375265 ], [ 2.102542524328121, 41.407076314993695 ] ] ] } },
{ "type": "Feature", "properties": { "id": 271, "snapped_id": 271.0, "centroid_lon": 2.11465, "centroid_lat": 41.41408, "radius": 192.206, "internal_id": 618000602320338943, "population": 85, "component": 0, "o_score_pt": 7.6585301048207155, "o_score_car": 1779.2614296284726, "CDI": 0.99142823374588762, "log_population": 1.9344984512435677 }, "geometry": { "type": "Polygon", "coordinates": [ [ [ 2.113558615205263, 41.414345914552612 ], [ 2.11454667641008, 41.414994868141186 ], [ 2.115578040019476, 41.414725428749421 ], [ 2.11574724302285, 41.413813278913693 ], [ 2.114759167803713, 41.413164350329325 ], [ 2.113727854001251, 41.413433786754425 ], [ 2.113558615205263, 41.414345914552612 ] ] ] } },
{ "type": "Feature", "properties": { "id": 272, "snapped_id": 272.0, "centroid_lon": 2.17443, "centroid_lat": 41.43736, "radius": 192.286, "internal_id": 618000602962067455, "population": 2857, "component": 0, "o_score_pt": 1914.7632976857749, "o_score_car": 2173.1943198696472, "CDI": 0.063217637353689807, "log_population": 3.4560622244549513 }, "geometry": { "type": "Polygon", "coordinates": [ [ [ 2.172256919582128, 41.437924988330224 ], [ 2.174101409972401, 41.439134248611744 ], [ 2.176274696784744, 41.43856588796622 ], [ 2.176603397574638, 41.436788258521673 ], [ 2.174758881811806, 41.435579023590158 ], [ 2.172585690628751, 41.436147392753767 ], [ 2.172256919582128, 41.437924988330224 ] ] ] } },
{ "type": "Feature", "properties": { "id": 273, "snapped_id": 273.0, "centroid_lon": 2.12309, "centroid_lat": 41.37974, "radius": 192.259, "internal_id": 618000602282852351, "population": 2895, "component": 0, "o_score_pt": 2134.679387946589, "o_score_car": 2068.5325121236897, "CDI": -0.015737221295408201, "log_population": 3.4617985575251091 }, "geometry": { "type": "Polygon", "coordinates": [ [ [ 2.120915402796173, 41.380305676002251 ], [ 2.122757067747408, 41.381515509931972 ], [ 2.124928233993375, 41.380947456142188 ], [ 2.125257639739096, 41.379169559806051 ], [ 2.123415949278903, 41.37795975123246 ], [ 2.121244878579078, 41.378527813639472 ], [ 2.120915402796173, 41.380305676002251 ] ] ] } },
{ "type": "Feature", "properties": { "id": 274, "snapped_id": 274.0, "centroid_lon": 2.17595, "centroid_lat": 41.44034, "radius": 192.285, "internal_id": 618000602924580863, "population": 2745, "component": 0, "o_score_pt": 1803.1756004843037, "o_score_car": 2086.2615224543838, "CDI": 0.072783262210495095, "log_population": 3.4387005329007363 }, "geometry": { "type": "Polygon", "coordinates": [ [ [ 2.173772654763706, 41.440911817958025 ], [ 2.175617256629831, 41.442121060523363 ], [ 2.177790639076832, 41.441552708392848 ], [ 2.178119324020175, 41.439775105182569 ], [ 2.176274696784744, 41.43856588796622 ], [ 2.174101409972401, 41.439134248611744 ], [ 2.173772654763706, 41.440911817958025 ] ] ] } },
{ "type": "Feature", "properties": { "id": 275, "snapped_id": 96.0, "centroid_lon": 2.17065, "centroid_lat": 41.35712, "radius": 192.368, "internal_id": 618000602662174719, "population": 524, "component": 0, "o_score_pt": 0.3127240408500826, "o_score_car": 1927.3425709277656, "CDI": 0.99967553945804921, "log_population": 2.720159303405957 }, "geometry": { "type": "Polygon", "coordinates": [ [ [ 2.168984097052689, 41.357553675844272 ], [ 2.170428994030261, 41.358501984408399 ], [ 2.172069792208118, 41.35807169481631 ], [ 2.172323858248952, 41.356695827930146 ], [ 2.17087894126394, 41.355747547088086 ], [ 2.169238217249701, 41.356177838208787 ], [ 2.168984097052689, 41.357553675844272 ] ] ] } },
{ "type": "Feature", "properties": { "id": 276, "snapped_id": 276.0, "centroid_lon": 2.219, "centroid_lat": 41.40876, "radius": 192.396, "internal_id": 618000602474741759, "population": 2115, "component": 0, "o_score_pt": 1764.6010311130799, "o_score_car": 2163.8721737208029, "CDI": 0.10163519560638209, "log_population": 3.3255156633631482 }, "geometry": { "type": "Polygon", "coordinates": [ [ [ 2.216887037083256, 41.409318043667277 ], [ 2.218686759205103, 41.410497033748726 ], [ 2.220799209738411, 41.409943233240007 ], [ 2.22111850432499, 41.408210776535242 ], [ 2.219318757600906, 41.407031812336513 ], [ 2.217206400156736, 41.407585620343752 ], [ 2.216887037083256, 41.409318043667277 ] ] ] } },
{ "type": "Feature", "properties": { "id": 277, "snapped_id": 277.0, "centroid_lon": 2.13395, "centroid_lat": 41.32105, "radius": 192.342, "internal_id": 618000605154115583, "population": 343, "component": 0, "o_score_pt": 1025.9802703005614, "o_score_car": 1634.1412095665294, "CDI": 0.22862149111188479, "log_population": 2.53655844257153 }, "geometry": { "type": "Polygon", "coordinates": [ [ [ 2.132416943259772, 41.32144307876149 ], [ 2.133753490958435, 41.322321479228435 ], [ 2.135250711445026, 41.321928791083572 ], [ 2.135485189338592, 41.320660940039517 ], [ 2.134148623002726, 41.319782567171714 ], [ 2.132651470922426, 41.320175255503074 ], [ 2.132416943259772, 41.32144307876149 ] ] ] } },
{ "type": "Feature", "properties": { "id": 278, "snapped_id": 278.0, "centroid_lon": 2.11267, "centroid_lat": 41.42474, "radius": 192.191, "internal_id": 618000602324795391, "population": 0, "component": 0, "o_score_pt": 4.2577177436117442, "o_score_car": 1411.5181629925062, "CDI": 0.99398532239241444, "log_population": 0.0 }, "geometry": { "type": "Polygon", "coordinates": [ [ [ 2.112632090738158, 41.424715164135172 ], [ 2.112716591771711, 41.424770660038398 ], [ 2.112716593049427, 41.42477065315267 ], [ 2.11263209136512, 41.424715160757245 ], [ 2.112632090738158, 41.424715164135172 ] ] ] } },
{ "type": "Feature", "properties": { "id": 279, "snapped_id": 279.0, "centroid_lon": 2.16185, "centroid_lat": 41.42711, "radius": 192.275, "internal_id": 618000602966523903, "population": 2278, "component": 0, "o_score_pt": 2038.474019404405, "o_score_car": 2290.3591054310496, "CDI": 0.058187756091017902, "log_population": 3.3577443251803754 }, "geometry": { "type": "Polygon", "coordinates": [ [ [ 2.159710447271931, 41.427672602418362 ], [ 2.161527625327509, 41.428864486827855 ], [ 2.163664856690754, 41.428305573331457 ], [ 2.163988743374944, 41.426554969036005 ], [ 2.16217154026902, 41.425363110269203 ], [ 2.16003440309232, 41.425922031748122 ], [ 2.159710447271931, 41.427672602418362 ] ] ] } },
{ "type": "Feature", "properties": { "id": 280, "snapped_id": 280.0, "centroid_lon": 2.13269, "centroid_lat": 41.40598, "radius": 192.247, "internal_id": 618000602249822207, "population": 2205, "component": 0, "o_score_pt": 1759.4730135120651, "o_score_car": 2426.8907427821041, "CDI": 0.15942659742994861, "log_population": 3.3436055081041718 }, "geometry": { "type": "Polygon", "coordinates": [ [ [ 2.130559361693477, 41.406539010128263 ], [ 2.132366981150481, 41.407725809556339 ], [ 2.134492338371954, 41.407170094833909 ], [ 2.134815121688955, 41.405427826550984 ], [ 2.133007477209581, 41.404241052847716 ], [ 2.1308822137129, 41.404796775437205 ], [ 2.130559361693477, 41.406539010128263 ] ] ] } },
{ "type": "Feature", "properties": { "id": 281, "snapped_id": 281.0, "centroid_lon": 2.18353, "centroid_lat": 41.45528, "radius": 192.282, "internal_id": 618000602929037311, "population": 544, "component": 0, "o_score_pt": 1095.9130197945274, "o_score_car": 1861.4500870703789, "CDI": 0.25885798923331921, "log_population": 2.7363965022766426 }, "geometry": { "type": "Polygon", "coordinates": [ [ [ 2.181842956266144, 41.455708285902844 ], [ 2.183299656638903, 41.456662882007429 ], [ 2.184955228489281, 41.456230065830923 ], [ 2.185211156864669, 41.454845713741939 ], [ 2.183754436326723, 41.453891145327091 ], [ 2.182098939322186, 41.454323963134115 ], [ 2.181842956266144, 41.455708285902844 ] ] ] } },
{ "type": "Feature", "properties": { "id": 282, "snapped_id": 282.0, "centroid_lon": 2.17368, "centroid_lat": 41.3631, "radius": 192.366, "internal_id": 618000602741604351, "population": 665, "component": 0, "o_score_pt": 1101.4151438347988, "o_score_car": 2062.8104275219839, "CDI": 0.30383272684157908, "log_population": 2.823474229170301 }, "geometry": { "type": "Polygon", "coordinates": [ [ [ 2.171936709777959, 41.363550870940294 ], [ 2.173441926627314, 41.364538619921227 ], [ 2.17516306039836, 41.364087316352268 ], [ 2.17542834437321, 41.36265060387035 ], [ 2.173923106714993, 41.361662882538617 ], [ 2.172202050334743, 41.362114188507732 ], [ 2.171936709777959, 41.363550870940294 ] ] ] } },
{ "type": "Feature", "properties": { "id": 283, "snapped_id": 283.0, "centroid_lon": 2.17549, "centroid_lat": 41.454, "radius": 192.27, "internal_id": 618000602933755903, "population": 275, "component": 0, "o_score_pt": 1028.2777895872439, "o_score_car": 1531.340412713678, "CDI": 0.19653814880446421, "log_population": 2.4409090820652177 }, "geometry": { "type": "Polygon", "coordinates": [ [ [ 2.174022363351891, 41.454365612998856 ], [ 2.17530684979787, 41.455207541381938 ], [ 2.17673278376843, 41.454834836756042 ], [ 2.176956626555083, 41.453624603530052 ], [ 2.175672122224232, 41.45278270254704 ], [ 2.174246253884546, 41.453155406637194 ], [ 2.174022363351891, 41.454365612998856 ] ] ] } },
{ "type": "Feature", "properties": { "id": 284, "snapped_id": 284.0, "centroid_lon": 2.12413, "centroid_lat": 41.39638, "radius": 192.242, "internal_id": 618000602254540799, "population": 1968, "component": 0, "o_score_pt": 1751.1256123156486, "o_score_car": 2241.5748127233228, "CDI": 0.1228364635954091, "log_population": 3.2942457161381182 }, "geometry": { "type": "Polygon", "coordinates": [ [ [ 2.122043232106028, 41.39692480210212 ], [ 2.123821687364169, 41.39809284447594 ], [ 2.125908381139001, 41.397547199009786 ], [ 2.126225891652231, 41.395833958735068 ], [ 2.124447411737052, 41.394665942374019 ], [ 2.122360810134273, 41.395211595139706 ], [ 2.122043232106028, 41.39692480210212 ] ] ] } },
{ "type": "Feature", "properties": { "id": 285, "snapped_id": 285.0, "centroid_lon": 2.10965, "centroid_lat": 41.41877, "radius": 192.192, "internal_id": 618000602329251839, "population": 203, "component": 0, "o_score_pt": 12.519360908429302, "o_score_car": 1513.5410585506763, "CDI": 0.98359257503989705, "log_population": 2.3096301674258988 }, "geometry": { "type": "Polygon", "coordinates": [ [ [ 2.108280003910226, 41.419111805844921 ], [ 2.10948615543508, 41.419904053396181 ], [ 2.110808782702562, 41.419558636766169 ], [ 2.111019035794872, 41.418425642531332 ], [ 2.109812867294539, 41.417633421974308 ], [ 2.108490301545912, 41.417978837360309 ], [ 2.108280003910226, 41.419111805844921 ] ] ] } },
{ "type": "Feature", "properties": { "id": 286, "snapped_id": 286.0, "centroid_lon": 2.18656, "centroid_lat": 41.46125, "radius": 192.281, "internal_id": 618000603008466943, "population": 1350, "component": 0, "o_score_pt": 1006.2835599817636, "o_score_car": 1487.2297402524102, "CDI": 0.19287893119538571, "log_population": 3.1306553490220308 }, "geometry": { "type": "Polygon", "coordinates": [ [ [ 2.184586729896639, 41.461762333452008 ], [ 2.186273175120281, 41.462867315783498 ], [ 2.188235172033801, 41.462354452885855 ], [ 2.188534014384184, 41.460737865666047 ], [ 2.186847545935449, 41.459632910138303 ], [ 2.184885636177357, 41.460145778392317 ], [ 2.184586729896639, 41.461762333452008 ] ] ] } },
{ "type": "Feature", "properties": { "id": 287, "snapped_id": 287.0, "centroid_lon": 2.19953, "centroid_lat": 41.43587, "radius": 192.332, "internal_id": 618000602971242495, "population": 2676, "component": 0, "o_score_pt": 1882.2844154956081, "o_score_car": 2017.777080533815, "CDI": 0.034741161178137803, "log_population": 3.4276483711869328 }, "geometry": { "type": "Polygon", "coordinates": [ [ [ 2.197351643119863, 41.436435103253281 ], [ 2.199196868274525, 41.437644097350876 ], [ 2.201370429527107, 41.437075181048399 ], [ 2.201698670019363, 41.435297262175617 ], [ 2.199853419576751, 41.434088293444368 ], [ 2.197679953926968, 41.434657218220138 ], [ 2.197351643119863, 41.436435103253281 ] ] ] } },
{ "type": "Feature", "properties": { "id": 288, "snapped_id": 288.0, "centroid_lon": 2.12262, "centroid_lat": 41.39339, "radius": 192.243, "internal_id": 618000602292027391, "population": 1190, "component": 0, "o_score_pt": 1827.3742719043232, "o_score_car": 2313.0824372086831, "CDI": 0.1173078719155141, "log_population": 3.0759117614827773 }, "geometry": { "type": "Polygon", "coordinates": [ [ [ 2.12069093095334, 41.393892564364862 ], [ 2.122342332880523, 41.394977244107942 ], [ 2.124259459786381, 41.3944759078625 ], [ 2.124553151307989, 41.392891243279784 ], [ 2.122901726434638, 41.391806590548256 ], [ 2.120984684888343, 41.392307931690809 ], [ 2.12069093095334, 41.393892564364862 ] ] ] } },
{ "type": "Feature", "properties": { "id": 289, "snapped_id": 289.0, "centroid_lon": 2.11861, "centroid_lat": 41.39275, "radius": 192.237, "internal_id": 618000602291765247, "population": 1401, "component": 0, "o_score_pt": 1671.1662297732812, "o_score_car": 2264.2865355974568, "CDI": 0.15071208859199731, "log_population": 3.1467480136306398 }, "geometry": { "type": "Polygon", "coordinates": [ [ [ 2.116625719942236, 41.393265001537202 ], [ 2.118318182754265, 41.394376772464732 ], [ 2.120290229729043, 41.393861128540195 ], [ 2.120591718665447, 41.392234768696362 ], [ 2.118899232339455, 41.391123024503322 ], [ 2.116927272934792, 41.391638674080625 ], [ 2.116625719942236, 41.393265001537202 ] ] ] } },
{ "type": "Feature", "properties": { "id": 290, "snapped_id": 290.0, "centroid_lon": 2.20453, "centroid_lat": 41.43117, "radius": 192.346, "internal_id": 618000602970980351, "population": 2510, "component": 0, "o_score_pt": 1746.4123386886306, "o_score_car": 2112.9092616975654, "CDI": 0.094964079431022294, "log_population": 3.3998467127129226 }, "geometry": { "type": "Polygon", "coordinates": [ [ [ 2.202357892822849, 41.431740559320765 ], [ 2.204200962141774, 41.432948057173199 ], [ 2.206371522916459, 41.432379740320449 ], [ 2.206699242495956, 41.430603934166605 ], [ 2.204856147937966, 41.429396461711626 ], [ 2.202685682632721, 41.429964786982666 ], [ 2.202357892822849, 41.431740559320765 ] ] ] } },
{ "type": "Feature", "properties": { "id": 291, "snapped_id": 291.0, "centroid_lon": 2.10465, "centroid_lat": 41.42346, "radius": 192.178, "internal_id": 618000602329513983, "population": 0, "component": 0, "o_score_pt": 4.1963157715241337, "o_score_car": 1172.8789907652867, "CDI": 0.99286992812062225, "log_population": 0.0 }, "geometry": { "type": "Polygon", "coordinates": [ [ [ 2.104603566408464, 41.423429560503223 ], [ 2.104688007556738, 41.423485029249591 ], [ 2.104688008835057, 41.423485022363799 ], [ 2.104603567036039, 41.423429557123555 ], [ 2.104603566408464, 41.423429560503223 ] ] ] } },
{ "type": "Feature", "properties": { "id": 292, "snapped_id": 292.0, "centroid_lon": 2.12966, "centroid_lat": 41.40001, "radius": 192.248, "internal_id": 618000602254278655, "population": 1792, "component": 0, "o_score_pt": 1659.913049268913, "o_score_car": 2339.0777400671327, "CDI": 0.16983402227615069, "log_population": 3.253580289562183 }, "geometry": { "type": "Polygon", "coordinates": [ [ [ 2.127599488258204, 41.400545843077985 ], [ 2.129354536938439, 41.401698300213091 ], [ 2.131409821664098, 41.401160843321762 ], [ 2.131722811046136, 41.39947155083339 ], [ 2.129967738043225, 41.398319119931728 ], [ 2.127912544224762, 41.398856583642633 ], [ 2.127599488258204, 41.400545843077985 ] ] ] } },
{ "type": "Feature", "properties": { "id": 293, "snapped_id": 293.0, "centroid_lon": 2.17147, "centroid_lat": 41.45335, "radius": 192.263, "internal_id": 618000602933493759, "population": 63, "component": 0, "o_score_pt": 1040.6268312147647, "o_score_car": 1479.8338449931059, "CDI": 0.1742566420195632, "log_population": 1.8061799739838871 }, "geometry": { "type": "Polygon", "coordinates": [ [ [ 2.17046975806963, 41.453594146377192 ], [ 2.171384708400832, 41.454193927139293 ], [ 2.172317569224582, 41.45395012429573 ], [ 2.172472285041061, 41.453113828438106 ], [ 2.171557321760342, 41.452514071709267 ], [ 2.170624506766395, 41.452757871134885 ], [ 2.17046975806963, 41.453594146377192 ] ] ] } },
{ "type": "Feature", "properties": { "id": 294, "snapped_id": 294.0, "centroid_lon": 2.1808, "centroid_lat": 41.3917, "radius": 192.347, "internal_id": 618000602483654655, "population": 2603, "component": 0, "o_score_pt": 2822.0996684305001, "o_score_car": 2477.4691665189025, "CDI": -0.065029913308954607, "log_population": 3.4156409798961542 }, "geometry": { "type": "Polygon", "coordinates": [ [ [ 2.178628649082497, 41.392267257643397 ], [ 2.180472339566097, 41.393476473852367 ], [ 2.182644533830116, 41.392907353257861 ], [ 2.182972942087351, 41.391129007942759 ], [ 2.18112922627977, 41.389919817117566 ], [ 2.178957127536082, 41.390488946224309 ], [ 2.178628649082497, 41.392267257643397 ] ] ] } },
{ "type": "Feature", "properties": { "id": 295, "snapped_id": 295.0, "centroid_lon": 2.12948, "centroid_lat": 41.33407, "radius": 192.32, "internal_id": 618000605163028479, "population": 2198, "component": 0, "o_score_pt": 872.6554880869337, "o_score_car": 1692.9873145558558, "CDI": 0.31973734832608952, "log_population": 3.3422252293607904 }, "geometry": { "type": "Polygon", "coordinates": [ [ [ 2.127352590605098, 41.334628129108104 ], [ 2.129157753085103, 41.335814451647529 ], [ 2.131280188919373, 41.33525812478095 ], [ 2.131602605832853, 41.333515701063888 ], [ 2.129797418374468, 41.332329404300687 ], [ 2.127675076065018, 41.332885739032065 ], [ 2.127352590605098, 41.334628129108104 ] ] ] } },
{ "type": "Feature", "properties": { "id": 296, "snapped_id": 296.0, "centroid_lon": 2.14328, "centroid_lat": 41.42689, "radius": 192.243, "internal_id": 618000602333708287, "population": 2421, "component": 0, "o_score_pt": 2333.858978453065, "o_score_car": 2243.4788074945459, "CDI": -0.019745139027315201, "log_population": 3.3841741388070332 }, "geometry": { "type": "Polygon", "coordinates": [ [ [ 2.141124265139232, 41.427457422382311 ], [ 2.142956254148444, 41.428659590541592 ], [ 2.145113771726379, 41.428095700522924 ], [ 2.14544087241356, 41.426329718943705 ], [ 2.143608858086481, 41.425127576249132 ], [ 2.14145143553575, 41.425691474604143 ], [ 2.141124265139232, 41.427457422382311 ] ] ] } },
{ "type": "Feature", "properties": { "id": 297, "snapped_id": 297.0, "centroid_lon": 2.19247, "centroid_lat": 41.42925, "radius": 192.327, "internal_id": 618000602975436799, "population": 2897, "component": 0, "o_score_pt": 2162.2221913062322, "o_score_car": 1963.9824700188756, "CDI": -0.048044083500136697, "log_population": 3.4620983811351556 }, "geometry": { "type": "Polygon", "coordinates": [ [ [ 2.19029999580106, 41.429821049090961 ], [ 2.192144861202594, 41.431030121793818 ], [ 2.194318164775073, 41.430461265497115 ], [ 2.194646507348772, 41.428683328011381 ], [ 2.192801616639728, 41.427474280674907 ], [ 2.190628408661615, 41.428043145458354 ], [ 2.19029999580106, 41.429821049090961 ] ] ] } },
{ "type": "Feature", "properties": { "id": 298, "snapped_id": 298.0, "centroid_lon": 2.11558, "centroid_lat": 41.38677, "radius": 192.238, "internal_id": 618000602296221695, "population": 2647, "component": 0, "o_score_pt": 2124.856334702215, "o_score_car": 2285.646173918587, "CDI": 0.036456126915717799, "log_population": 3.4229179807676622 }, "geometry": { "type": "Polygon", "coordinates": [ [ [ 2.113413264561498, 41.387342578015911 ], [ 2.11525485292747, 41.388552487995575 ], [ 2.117426105600696, 41.387984690320444 ], [ 2.117755674336212, 41.386206974036376 ], [ 2.115914060432097, 41.384997089403612 ], [ 2.113742903327727, 41.385564895708576 ], [ 2.113413264561498, 41.387342578015911 ] ] ] } },
{ "type": "Feature", "properties": { "id": 299, "snapped_id": 299.0, "centroid_lon": 2.08307, "centroid_lat": 41.41725, "radius": 192.147, "internal_id": 618000603083702271, "population": 0, "component": 0, "o_score_pt": 5.4659383105538408, "o_score_car": 1177.5143117332884, "CDI": 0.99075903708392199, "log_population": 0.0 }, "geometry": { "type": "Polygon", "coordinates": [ [ [ 2.083024836678999, 41.417226356707822 ], [ 2.083109057743167, 41.417281715387745 ], [ 2.083109059022928, 41.417281708502379 ], [ 2.083024837308519, 41.417226353321688 ], [ 2.083024836678999, 41.417226356707822 ] ] ] } },
{ "type": "Feature", "properties": { "id": 300, "snapped_id": 300.0, "centroid_lon": 2.12768, "centroid_lat": 41.41067, "radius": 192.233, "internal_id": 618000602258735103, "population": 1817, "component": 0, "o_score_pt": 1389.2623049957172, "o_score_car": 2240.5801807731041, "CDI": 0.23453300773107039, "log_population": 3.2595938788859486 }, "geometry": { "type": "Polygon", "coordinates": [ [ [ 2.125618199079931, 41.411212354783743 ], [ 2.127376917760169, 41.41236712916006 ], [ 2.129437108416999, 41.411828629463898 ], [ 2.129750827410521, 41.410135960217019 ], [ 2.127992084347645, 41.408981212035279 ], [ 2.125931984810482, 41.409519718621979 ], [ 2.125618199079931, 41.411212354783743 ] ] ] } },
{ "type": "Feature", "properties": { "id": 301, "snapped_id": 301.0, "centroid_lon": 2.17777, "centroid_lat": 41.38572, "radius": 192.349, "internal_id": 618000602488111103, "population": 2501, "component": 0, "o_score_pt": 2639.2597616179319, "o_score_car": 2144.7046431453009, "CDI": -0.1033776752143513, "log_population": 3.398287305357401 }, "geometry": { "type": "Polygon", "coordinates": [ [ [ 2.17560249792439, 41.386291024682151 ], [ 2.177442853031422, 41.387498234275412 ], [ 2.179610705049281, 41.386930184386991 ], [ 2.179938562874312, 41.385154938782044 ], [ 2.178098182478407, 41.383947754609721 ], [ 2.175930425803557, 41.384515812950738 ], [ 2.17560249792439, 41.386291024682151 ] ] ] } },
{ "type": "Feature", "properties": { "id": 302, "snapped_id": 302.0, "centroid_lon": 2.18989, "centroid_lat": 41.40962, "radius": 192.344, "internal_id": 618000602450624511, "population": 2654, "component": 0, "o_score_pt": 2486.2063488747285, "o_score_car": 2370.4657630981201, "CDI": -0.023831253810872002, "log_population": 3.4240645254174877 }, "geometry": { "type": "Polygon", "coordinates": [ [ [ 2.187721924567727, 41.410191610699677 ], [ 2.189566283374148, 41.411400721144737 ], [ 2.191739050872441, 41.410831651559072 ], [ 2.192067364009044, 41.409053463035136 ], [ 2.19022297989824, 41.407844377967699 ], [ 2.188050307952344, 41.408413456047128 ], [ 2.187721924567727, 41.410191610699677 ] ] ] } },
{ "type": "Feature", "properties": { "id": 303, "snapped_id": 303.0, "centroid_lon": 2.14025, "centroid_lat": 41.42092, "radius": 192.244, "internal_id": 618000602338164735, "population": 2381, "component": 0, "o_score_pt": 2345.0568591047527, "o_score_car": 2318.5105093592128, "CDI": -0.0056922839637852003, "log_population": 3.3769417571467586 }, "geometry": { "type": "Polygon", "coordinates": [ [ [ 2.138101889301118, 41.421481845507031 ], [ 2.139929449566875, 41.422681287394816 ], [ 2.142081161280472, 41.422118848268084 ], [ 2.142407504243186, 41.420357074450088 ], [ 2.140579918709738, 41.419157658075306 ], [ 2.138428301787123, 41.419720105456335 ], [ 2.138101889301118, 41.421481845507031 ] ] ] } },
{ "type": "Feature", "properties": { "id": 304, "snapped_id": 304.0, "centroid_lon": 2.14868, "centroid_lat": 41.38657, "radius": 192.296, "internal_id": 618000602300678143, "population": 2045, "component": 0, "o_score_pt": 2714.7437911588668, "o_score_car": 2394.9301960920643, "CDI": -0.062589823903592301, "log_population": 3.3109056293761414 }, "geometry": { "type": "Polygon", "coordinates": [ [ [ 2.146576901519324, 41.387123147212279 ], [ 2.148365556553693, 41.388297297761454 ], [ 2.150465241725666, 41.387747633833996 ], [ 2.15078410281036, 41.386024195551599 ], [ 2.148995423073273, 41.384850070941454 ], [ 2.146895830549349, 41.385399742321823 ], [ 2.146576901519324, 41.387123147212279 ] ] ] } },
{ "type": "Feature", "properties": { "id": 305, "snapped_id": 305.0, "centroid_lon": 2.20006, "centroid_lat": 41.44419, "radius": 192.324, "internal_id": 618000602979893247, "population": 2380, "component": 0, "o_score_pt": 1550.8841625134355, "o_score_car": 2068.80436950384, "CDI": 0.14308419147372431, "log_population": 3.3767593954048798 }, "geometry": { "type": "Polygon", "coordinates": [ [ [ 2.197903336913937, 41.444749836716319 ], [ 2.199733108316014, 41.445948567135297 ], [ 2.201886015345679, 41.445385215372383 ], [ 2.202211354013344, 41.443623247289089 ], [ 2.200381557528619, 41.442424542405867 ], [ 2.198228745281893, 41.442987902311224 ], [ 2.197903336913937, 41.444749836716319 ] ] ] } },
{ "type": "Feature", "properties": { "id": 306, "snapped_id": 306.0, "centroid_lon": 2.20157, "centroid_lat": 41.44717, "radius": 192.323, "internal_id": 618000602942406655, "population": 2636, "component": 0, "o_score_pt": 1736.2147668420907, "o_score_car": 2017.6610588510955, "CDI": 0.074974854011595607, "log_population": 3.4211101297934343 }, "geometry": { "type": "Polygon", "coordinates": [ [ [ 2.199400716845605, 41.447742089937698 ], [ 2.201246251244736, 41.448951056044969 ], [ 2.203420128495629, 41.448382250603785 ], [ 2.203748375718086, 41.446604470587715 ], [ 2.201902816031118, 41.445395529840738 ], [ 2.199729034406655, 41.44596434375012 ], [ 2.199400716845605, 41.447742089937698 ] ] ] } },
{ "type": "Feature", "properties": { "id": 307, "snapped_id": 307.0, "centroid_lon": 2.209, "centroid_lat": 41.41816, "radius": 192.368, "internal_id": 618000602479460351, "population": 2294, "component": 0, "o_score_pt": 2053.9726863919363, "o_score_car": 2160.5907241264608, "CDI": 0.025297528438754699, "log_population": 3.3607826898732802 }, "geometry": { "type": "Polygon", "coordinates": [ [ [ 2.206856861633637, 41.418716602541956 ], [ 2.20867703148104, 41.419909152982733 ], [ 2.210816979901225, 41.419348510322799 ], [ 2.211140321017533, 41.417595498262777 ], [ 2.209320126256452, 41.416402973480096 ], [ 2.207180272054551, 41.416963624076367 ], [ 2.206856861633637, 41.418716602541956 ] ] ] } },
{ "type": "Feature", "properties": { "id": 308, "snapped_id": 308.0, "centroid_lon": 2.14454, "centroid_lat": 41.34197, "radius": 192.338, "internal_id": 618000602754973695, "population": 1752, "component": 0, "o_score_pt": 1343.773784310765, "o_score_car": 2008.8065316745851, "CDI": 0.19836444907610271, "log_population": 3.2437819160937948 }, "geometry": { "type": "Polygon", "coordinates": [ [ [ 2.142482988111101, 41.342507049697318 ], [ 2.144231516093106, 41.343655604621517 ], [ 2.146277959644951, 41.34311909201746 ], [ 2.14658941261603, 41.3414346366743 ], [ 2.1448408604706, 41.34028610807632 ], [ 2.142794507381581, 41.340822627369334 ], [ 2.142482988111101, 41.342507049697318 ] ] ] } },
{ "type": "Feature", "properties": { "id": 309, "snapped_id": 309.0, "centroid_lon": 2.1758, "centroid_lat": 41.39639, "radius": 192.333, "internal_id": 618000602492567551, "population": 2656, "component": 0, "o_score_pt": 2588.329373518181, "o_score_car": 2513.8688386605968, "CDI": -0.014593814618931999, "log_population": 3.4243915544102776 }, "geometry": { "type": "Polygon", "coordinates": [ [ [ 2.173627244527559, 41.396961702537212 ], [ 2.175470884333973, 41.398170969504527 ], [ 2.177643136662656, 41.397602019684022 ], [ 2.177971653646514, 41.395823794376177 ], [ 2.176127988496646, 41.394614552786486 ], [ 2.173955831703495, 41.395183511127648 ], [ 2.173627244527559, 41.396961702537212 ] ] ] } },
{ "type": "Feature", "properties": { "id": 310, "snapped_id": 310.0, "centroid_lon": 2.18686, "centroid_lat": 41.40365, "radius": 192.345, "internal_id": 618000602455080959, "population": 1582, "component": 0, "o_score_pt": 2400.1065973943901, "o_score_car": 2439.9766420045921, "CDI": 0.0082374708529089, "log_population": 3.199480914862356 }, "geometry": { "type": "Polygon", "coordinates": [ [ [ 2.184840109751923, 41.404175046987753 ], [ 2.186565394432788, 41.405306266834515 ], [ 2.188579469114003, 41.404778697533004 ], [ 2.188885596927729, 41.40312077869865 ], [ 2.187160288523332, 41.401989585384477 ], [ 2.185146303020783, 41.402517160797174 ], [ 2.184840109751923, 41.404175046987753 ] ] ] } },
{ "type": "Feature", "properties": { "id": 311, "snapped_id": 311.0, "centroid_lon": 2.13828, "centroid_lat": 41.43158, "radius": 192.229, "internal_id": 618000602342621183, "population": 464, "component": 0, "o_score_pt": 1706.588350618046, "o_score_car": 2025.1401098193412, "CDI": 0.085363059659479795, "log_population": 2.667452952889954 }, "geometry": { "type": "Polygon", "coordinates": [ [ [ 2.13664618881151, 41.432000526600412 ], [ 2.1380612495817, 41.432929171219314 ], [ 2.13966227277684, 41.432510861699548 ], [ 2.139911261085164, 41.431167134101536 ], [ 2.138496180588771, 41.430238517165023 ], [ 2.136895230077797, 41.430656827830049 ], [ 2.13664618881151, 41.432000526600412 ] ] ] } },
{ "type": "Feature", "properties": { "id": 312, "snapped_id": 312.0, "centroid_lon": 2.1579, "centroid_lat": 41.44844, "radius": 192.245, "internal_id": 618000603021836287, "population": 0, "component": 0, "o_score_pt": 831.83355675643304, "o_score_car": 1877.4343486945647, "CDI": 0.38593480911740119, "log_population": 0.0 }, "geometry": { "type": "Polygon", "coordinates": [ [ [ 2.157858998710075, 41.448415293004686 ], [ 2.157944190757636, 41.448471162326896 ], [ 2.157944192033088, 41.44847115543763 ], [ 2.157858999331878, 41.448415289646874 ], [ 2.157858998710075, 41.448415293004686 ] ] ] } },
{ "type": "Feature", "properties": { "id": 313, "snapped_id": 313.0, "centroid_lon": 2.18747, "centroid_lat": 41.43395, "radius": 192.313, "internal_id": 618000602984349695, "population": 2418, "component": 0, "o_score_pt": 1924.6165108576245, "o_score_car": 2080.9363296194128, "CDI": 0.039025778709530501, "log_population": 3.3836358683618797 }, "geometry": { "type": "Polygon", "coordinates": [ [ [ 2.185311180063787, 41.434510040831114 ], [ 2.187144351059086, 41.435711532881726 ], [ 2.189302181132351, 41.43514691143055 ], [ 2.189628455253485, 41.433380879081483 ], [ 2.187795259086616, 41.432179412521535 ], [ 2.185637523999258, 41.432744042222609 ], [ 2.185311180063787, 41.434510040831114 ] ] ] } },
{ "type": "Feature", "properties": { "id": 314, "snapped_id": 314.0, "centroid_lon": 2.17383, "centroid_lat": 41.40706, "radius": 192.318, "internal_id": 618000602267647999, "population": 1082, "component": 0, "o_score_pt": 2668.2227899570357, "o_score_car": 2559.817573461009, "CDI": -0.020735344213209401, "log_population": 3.0346284566253203 }, "geometry": { "type": "Polygon", "coordinates": [ [ [ 2.171926177348758, 41.407554455204206 ], [ 2.1735552197437, 41.408622881405904 ], [ 2.175441228231139, 41.408129122070228 ], [ 2.175729636651095, 41.406568516526498 ], [ 2.17410057177435, 41.405500117496445 ], [ 2.1722146473453, 41.405993881220446 ], [ 2.171926177348758, 41.407554455204206 ] ] ] } },
{ "type": "Feature", "properties": { "id": 315, "snapped_id": 315.0, "centroid_lon": 2.1325, "centroid_lat": 41.34005, "radius": 192.319, "internal_id": 618000602759430143, "population": 1263, "component": 0, "o_score_pt": 1109.0987592128724, "o_score_car": 1618.6073380233672, "CDI": 0.18679013084537879, "log_population": 3.1017470739463664 }, "geometry": { "type": "Polygon", "coordinates": [ [ [ 2.130552432639367, 41.340555402434255 ], [ 2.132217983841961, 41.341649812891568 ], [ 2.134154038274676, 41.341142398871277 ], [ 2.134450205355896, 41.339541729228024 ], [ 2.132784631067219, 41.338447345719999 ], [ 2.130848662679673, 41.338954764896762 ], [ 2.130552432639367, 41.340555402434255 ] ] ] } },
{ "type": "Feature", "properties": { "id": 316, "snapped_id": 316.0, "centroid_lon": 2.15414, "centroid_lat": 41.36822, "radius": 192.326, "internal_id": 618000602721943551, "population": 2601, "component": 0, "o_score_pt": 1893.962012534688, "o_score_car": 2097.5503550347744, "CDI": 0.051005314214786303, "log_population": 3.4153072922255676 }, "geometry": { "type": "Polygon", "coordinates": [ [ [ 2.151969898501509, 41.368791692940164 ], [ 2.153812263089538, 41.370001203438513 ], [ 2.155983522689051, 41.369432330416331 ], [ 2.156312322205843, 41.367653938333518 ], [ 2.154469932219104, 41.36644445321798 ], [ 2.152298768111445, 41.36701333480304 ], [ 2.151969898501509, 41.368791692940164 ] ] ] } },
{ "type": "Feature", "properties": { "id": 317, "snapped_id": 317.0, "centroid_lon": 2.17277, "centroid_lat": 41.39042, "radius": 192.335, "internal_id": 618000602497023999, "population": 2463, "component": 0, "o_score_pt": 2810.0239412398591, "o_score_car": 2525.5593137610331, "CDI": -0.053314626327347597, "log_population": 3.3916407034923877 }, "geometry": { "type": "Polygon", "coordinates": [ [ [ 2.170606287967678, 41.390984242921562 ], [ 2.17244272441307, 41.392188965751849 ], [ 2.174605474804673, 41.391622437799327 ], [ 2.174932717453565, 41.389851228956779 ], [ 2.173096255751657, 41.388646531584577 ], [ 2.17093360051108, 41.389213067916515 ], [ 2.170606287967678, 41.390984242921562 ] ] ] } },
{ "type": "Feature", "properties": { "id": 318, "snapped_id": 318.0, "centroid_lon": 2.18542, "centroid_lat": 41.42264, "radius": 192.322, "internal_id": 618000602459537407, "population": 2939, "component": 0, "o_score_pt": 2627.150232872767, "o_score_car": 2328.3471722567115, "CDI": -0.060297289290629399, "log_population": 3.4683473304121573 }, "geometry": { "type": "Polygon", "coordinates": [ [ [ 2.183249889382387, 41.423206662198005 ], [ 2.185094395088083, 41.424415813397438 ], [ 2.187267440975346, 41.423847017056815 ], [ 2.187595885568125, 41.422069061017147 ], [ 2.185751354535345, 41.42085993518409 ], [ 2.183578404234011, 41.421428740024929 ], [ 2.183249889382387, 41.423206662198005 ] ] ] } },
{ "type": "Feature", "properties": { "id": 319, "snapped_id": 319.0, "centroid_lon": 2.2049, "centroid_lat": 41.39554, "radius": 192.386, "internal_id": 618000602384564223, "population": 1516, "component": 0, "o_score_pt": 1796.0237598482131, "o_score_car": 2302.0302151075239, "CDI": 0.12347481471733809, "log_population": 3.1809855807867304 }, "geometry": { "type": "Polygon", "coordinates": [ [ [ 2.202890365412771, 41.396060243126165 ], [ 2.204605213902358, 41.397184217676589 ], [ 2.206604953619885, 41.396659951198203 ], [ 2.206908735684009, 41.395012655526301 ], [ 2.205193863675278, 41.393888707608454 ], [ 2.203194212526946, 41.394412979964194 ], [ 2.202890365412771, 41.396060243126165 ] ] ] } },
{ "type": "Feature", "properties": { "id": 320, "snapped_id": 320.0, "centroid_lon": 2.05951, "centroid_lat": 41.42171, "radius": 192.1, "internal_id": 618000603063779327, "population": 0, "component": 1, "o_score_pt": 0.2116429002121771, "o_score_car": 911.84883722732241, "CDI": 0.99953590160998396, "log_population": 0.0 }, "geometry": { "type": "Polygon", "coordinates": [ [ [ 2.059469004882834, 41.421680094181973 ], [ 2.059553226926659, 41.421735483598603 ], [ 2.059553228208799, 41.421735476710914 ], [ 2.059469005513327, 41.421680090795753 ], [ 2.059469004882834, 41.421680094181973 ] ] ] } },
{ "type": "Feature", "properties": { "id": 321, "snapped_id": 321.0, "centroid_lon": 2.14532, "centroid_lat": 41.4382, "radius": 192.234, "internal_id": 618000603026292735, "population": 635, "component": 0, "o_score_pt": 1759.2292093813276, "o_score_car": 2091.6881027209524, "CDI": 0.086332389504912496, "log_population": 2.8034571156484138 }, "geometry": { "type": "Polygon", "coordinates": [ [ [ 2.143590673382421, 41.438644134494226 ], [ 2.145085147422911, 41.439624639094163 ], [ 2.146792003345755, 41.439178684487125 ], [ 2.147055750237894, 41.437754883780975 ], [ 2.145561255420764, 41.436774406810187 ], [ 2.143854476432165, 41.437220363677277 ], [ 2.143590673382421, 41.438644134494226 ] ] ] } },
{ "type": "Feature", "properties": { "id": 322, "snapped_id": 322.0, "centroid_lon": 2.15974, "centroid_lat": 41.39383, "radius": 192.308, "internal_id": 618000602309591039, "population": 2666, "component": 0, "o_score_pt": 3031.592884640816, "o_score_car": 2551.6466659733346, "CDI": -0.085961960671146004, "log_population": 3.4260230156898763 }, "geometry": { "type": "Polygon", "coordinates": [ [ [ 2.157565708612979, 41.394399235880236 ], [ 2.159408801513878, 41.395608674613001 ], [ 2.161580787649739, 41.395040032211682 ], [ 2.161909585337366, 41.393261942528412 ], [ 2.160066467041049, 41.392052529165106 ], [ 2.157894576449667, 41.392621180116201 ], [ 2.157565708612979, 41.394399235880236 ] ] ] } },
{ "type": "Feature", "properties": { "id": 323, "snapped_id": 323.0, "centroid_lon": 2.1708, "centroid_lat": 41.40109, "radius": 192.32, "internal_id": 618000602272104447, "population": 2513, "component": 0, "o_score_pt": 2755.6630192423404, "o_score_car": 2552.2919766463719, "CDI": -0.038314387132801497, "log_population": 3.400365273349939 }, "geometry": { "type": "Polygon", "coordinates": [ [ [ 2.16862790533372, 41.40165489422079 ], [ 2.170469591401899, 41.402862963654954 ], [ 2.172639363197093, 41.402294849284523 ], [ 2.172967632790352, 41.400518670903224 ], [ 2.171125921384731, 41.399310626862089 ], [ 2.16895624503834, 41.399878749721296 ], [ 2.16862790533372, 41.40165489422079 ] ] ] } },
{ "type": "Feature", "properties": { "id": 324, "snapped_id": 324.0, "centroid_lon": 2.14131, "centroid_lat": 41.43756, "radius": 192.227, "internal_id": 618000602838859775, "population": 442, "component": 0, "o_score_pt": 986.29936073242504, "o_score_car": 1988.362745833092, "CDI": 0.33686628907833449, "log_population": 2.6464037262230695 }, "geometry": { "type": "Polygon", "coordinates": [ [ [ 2.13968953324056, 41.437969982955231 ], [ 2.141092542150362, 41.438890580444607 ], [ 2.142677374069323, 41.438476550230014 ], [ 2.142924039323357, 41.437145271280947 ], [ 2.141521010855638, 41.436224701466479 ], [ 2.139936250973064, 41.436638732656824 ], [ 2.13968953324056, 41.437969982955231 ] ] ] } },
{ "type": "Feature", "properties": { "id": 325, "snapped_id": 325.0, "centroid_lon": 2.14006, "centroid_lat": 41.35499, "radius": 192.316, "internal_id": 618000602763886591, "population": 2092, "component": 0, "o_score_pt": 1522.467713808077, "o_score_car": 2048.4285051719644, "CDI": 0.1472909765812567, "log_population": 3.3207692283386865 }, "geometry": { "type": "Polygon", "coordinates": [ [ [ 2.137952904076504, 41.355541173876098 ], [ 2.139746357643676, 41.356719185374104 ], [ 2.141852802312719, 41.356167278348906 ], [ 2.142172771858979, 41.354437678781437 ], [ 2.140379293503282, 41.353259693179737 ], [ 2.138272941727582, 41.353811607793212 ], [ 2.137952904076504, 41.355541173876098 ] ] ] } },
{ "type": "Feature", "properties": { "id": 326, "snapped_id": 326.0, "centroid_lon": 2.14158, "centroid_lat": 41.35798, "radius": 192.315, "internal_id": 618000602726399999, "population": 2474, "component": 0, "o_score_pt": 1536.2347066789737, "o_score_car": 2072.992755626794, "CDI": 0.14871826576563571, "log_population": 3.3935752032695876 }, "geometry": { "type": "Polygon", "coordinates": [ [ [ 2.139412107076639, 41.35854415246969 ], [ 2.141248013757435, 41.359749958166326 ], [ 2.143411047422605, 41.359183258116829 ], [ 2.143738937780487, 41.357410783748577 ], [ 2.141903005744108, 41.356205003499539 ], [ 2.139740067245746, 41.356771712011877 ], [ 2.139412107076639, 41.35854415246969 ] ] ] } },
{ "type": "Feature", "properties": { "id": 327, "snapped_id": 580.0, "centroid_lon": 2.1596, "centroid_lat": 41.34987, "radius": 192.356, "internal_id": 618000602651426815, "population": 1114, "component": 0, "o_score_pt": 1040.5357552339508, "o_score_car": 2072.399282289919, "CDI": 0.33147608755650299, "log_population": 3.0472748673841794 }, "geometry": { "type": "Polygon", "coordinates": [ [ [ 2.157690131851534, 41.350364453088744 ], [ 2.159324937380227, 41.351437795169353 ], [ 2.161219281180984, 41.35094106093625 ], [ 2.161509105522575, 41.349372384064317 ], [ 2.159874277407916, 41.348299069134399 ], [ 2.157980017953566, 41.348795807914399 ], [ 2.157690131851534, 41.350364453088744 ] ] ] } },
{ "type": "Feature", "properties": { "id": 328, "snapped_id": 328.0, "centroid_lon": 2.18239, "centroid_lat": 41.41666, "radius": 192.323, "internal_id": 618000602463993855, "population": 1617, "component": 0, "o_score_pt": 2614.2526973572794, "o_score_car": 2381.731787508003, "CDI": -0.046541559637278601, "log_population": 3.2089785172762535 }, "geometry": { "type": "Polygon", "coordinates": [ [ [ 2.180361085382433, 41.417192446264735 ], [ 2.182092052876182, 41.418327340042808 ], [ 2.184113761755348, 41.417798093126045 ], [ 2.184421045888603, 41.416134795329548 ], [ 2.182690054575561, 41.414999928029225 ], [ 2.180668435203002, 41.415529181168829 ], [ 2.180361085382433, 41.417192446264735 ] ] ] } },
{ "type": "Feature", "properties": { "id": 329, "snapped_id": 329.0, "centroid_lon": 2.06253, "centroid_lat": 41.42768, "radius": 192.099, "internal_id": 618000603143208959, "population": 0, "component": 1, "o_score_pt": 0.666648055942342, "o_score_car": 844.67152060015678, "CDI": 0.99842276598724478, "log_population": 0.0 }, "geometry": { "type": "Polygon", "coordinates": [ [ [ 2.062488968229638, 41.427654115676731 ], [ 2.062573330909244, 41.427709589279452 ], [ 2.062573332191547, 41.427709582390435 ], [ 2.062488968859329, 41.427654112294611 ], [ 2.062488968229638, 41.427654115676731 ] ] ] } },
{ "type": "Feature", "properties": { "id": 330, "snapped_id": 330.0, "centroid_lon": 2.1908, "centroid_lat": 41.38231, "radius": 192.375, "internal_id": 618000602426507263, "population": 2087, "component": 0, "o_score_pt": 2116.8324977248408, "o_score_car": 2256.5306322975998, "CDI": 0.031942953379231899, "log_population": 3.3197304943302246 }, "geometry": { "type": "Polygon", "coordinates": [ [ [ 2.188692009505966, 41.382859373847793 ], [ 2.190486953335664, 41.384036455822731 ], [ 2.192593902320587, 41.383484068511066 ], [ 2.192912966810311, 41.381754942011604 ], [ 2.19111799834774, 41.380577885952597 ], [ 2.189011142238677, 41.381130280747385 ], [ 2.188692009505966, 41.382859373847793 ] ] ] } },
{ "type": "Feature", "properties": { "id": 331, "snapped_id": 331.0, "centroid_lon": 2.11762, "centroid_lat": 41.39808, "radius": 192.229, "internal_id": 618000602351534079, "population": 2011, "component": 0, "o_score_pt": 1551.8862340218118, "o_score_car": 2312.9678482929926, "CDI": 0.19692376427710839, "log_population": 3.3036279763838898 }, "geometry": { "type": "Polygon", "coordinates": [ [ [ 2.115521769152294, 41.398629884491918 ], [ 2.117305524493033, 41.399801577021655 ], [ 2.11939946284119, 41.399254184025693 ], [ 2.119718118080991, 41.39753550696409 ], [ 2.11793433798765, 41.396363840389384 ], [ 2.115840492113588, 41.39691124080597 ], [ 2.115521769152294, 41.398629884491918 ] ] ] } },
{ "type": "Feature", "properties": { "id": 332, "snapped_id": 332.0, "centroid_lon": 2.17048, "centroid_lat": 41.45869, "radius": 192.256, "internal_id": 618000602993262591, "population": 329, "component": 0, "o_score_pt": 1045.2194686737323, "o_score_car": 1536.5175209600236, "CDI": 0.1902974835387807, "log_population": 2.5185139398778875 }, "geometry": { "type": "Polygon", "coordinates": [ [ [ 2.16896026664475, 41.459072220747792 ], [ 2.170289921078936, 41.459943815002312 ], [ 2.171776167292231, 41.459555473706843 ], [ 2.172008544253074, 41.458299600533444 ], [ 2.17067887131512, 41.4574280338297 ], [ 2.169192693165682, 41.457816375116714 ], [ 2.16896026664475, 41.459072220747792 ] ] ] } },
{ "type": "Feature", "properties": { "id": 333, "snapped_id": 333.0, "centroid_lon": 2.16883, "centroid_lat": 41.41175, "radius": 192.304, "internal_id": 618000602276560895, "population": 2521, "component": 0, "o_score_pt": 2255.6976289377908, "o_score_car": 2473.0948467718163, "CDI": 0.045973093332120102, "log_population": 3.401745082237063 }, "geometry": { "type": "Polygon", "coordinates": [ [ [ 2.166654447822836, 41.412323002797592 ], [ 2.168497108948307, 41.413531614555332 ], [ 2.170668200950044, 41.412963407450114 ], [ 2.170996697872916, 41.411186588232958 ], [ 2.169154011386291, 41.409978001850995 ], [ 2.166983014902244, 41.410546217464201 ], [ 2.166654447822836, 41.412323002797592 ] ] ] } },
{ "type": "Feature", "properties": { "id": 334, "snapped_id": 334.0, "centroid_lon": 2.18846, "centroid_lat": 41.42861, "radius": 192.32, "internal_id": 618000602955775999, "population": 2910, "component": 0, "o_score_pt": 2158.953583782225, "o_score_car": 2078.6052240754834, "CDI": -0.018961001687516799, "log_population": 3.4640422054388109 }, "geometry": { "type": "Polygon", "coordinates": [ [ [ 2.186282030110785, 41.429180712650798 ], [ 2.188126758725891, 41.430389828440482 ], [ 2.19029999580106, 41.429821049090961 ], [ 2.190628408661615, 41.428043145458354 ], [ 2.188783654725954, 41.426834055032998 ], [ 2.186610513247415, 41.427402842876525 ], [ 2.186282030110785, 41.429180712650798 ] ] ] } },
{ "type": "Feature", "properties": { "id": 335, "snapped_id": 335.0, "centroid_lon": 2.12926, "centroid_lat": 41.43563, "radius": 192.208, "internal_id": 618000602843316223, "population": 13, "component": 0, "o_score_pt": 1.096954236041048, "o_score_car": 1769.4350021537759, "CDI": 0.99876087609480058, "log_population": 1.146128035678238 }, "geometry": { "type": "Polygon", "coordinates": [ [ [ 2.128742308160761, 41.435735902618987 ], [ 2.129272528264434, 41.436083929313078 ], [ 2.129692155991076, 41.435974336654638 ], [ 2.129775164387647, 41.435526642293738 ], [ 2.129244936457992, 41.435178632150283 ], [ 2.128825333965121, 41.435288221005266 ], [ 2.128742308160761, 41.435735902618987 ] ] ] } },
{ "type": "Feature", "properties": { "id": 336, "snapped_id": 336.0, "centroid_lon": 2.14552, "centroid_lat": 41.33663, "radius": 192.346, "internal_id": 618000602693369855, "population": 859, "component": 0, "o_score_pt": 2.4837381902889133, "o_score_car": 1650.2619445125097, "CDI": 0.99699440970709163, "log_population": 2.9344984512435679 }, "geometry": { "type": "Polygon", "coordinates": [ [ [ 2.14369653532246, 41.337107570941669 ], [ 2.145265093030954, 41.338137951933618 ], [ 2.147071470536594, 41.337664270671091 ], [ 2.147349190439274, 41.336162007348648 ], [ 2.145780610994906, 41.335131653814301 ], [ 2.143974314307949, 41.335605338540113 ], [ 2.14369653532246, 41.337107570941669 ] ] ] } },
{ "type": "Feature", "properties": { "id": 337, "snapped_id": 337.0, "centroid_lon": 2.21552, "centroid_lat": 41.41645, "radius": 192.381, "internal_id": 618000602468450303, "population": 2075, "component": 0, "o_score_pt": 2045.7568457074888, "o_score_car": 2079.1732249616839, "CDI": 0.0081010777593070998, "log_population": 3.3172273491764201 }, "geometry": { "type": "Polygon", "coordinates": [ [ [ 2.21340837403291, 41.41699946632383 ], [ 2.215203331543834, 41.41817532845031 ], [ 2.217309495811418, 41.417623388754407 ], [ 2.217627980025744, 41.415895960548156 ], [ 2.215832997960804, 41.414720124345983 ], [ 2.213726926544213, 41.415272071447745 ], [ 2.21340837403291, 41.41699946632383 ] ] ] } },
{ "type": "Feature", "properties": { "id": 338, "snapped_id": 338.0, "centroid_lon": 2.21597, "centroid_lat": 41.40279, "radius": 192.397, "internal_id": 618000602393477119, "population": 597, "component": 0, "o_score_pt": 1554.1095648466658, "o_score_car": 2155.6045497168961, "CDI": 0.16214052250249869, "log_population": 2.7767011839884108 }, "geometry": { "type": "Polygon", "coordinates": [ [ [ 2.21425534570642, 41.40323050184471 ], [ 2.215735167443766, 41.404200075361061 ], [ 2.217421322419447, 41.403757978811086 ], [ 2.217681012850079, 41.40234902195278 ], [ 2.216201170753228, 41.401379476136619 ], [ 2.214515091755079, 41.401821574611766 ], [ 2.21425534570642, 41.40323050184471 ] ] ] } },
{ "type": "Feature", "properties": { "id": 339, "snapped_id": 339.0, "centroid_lon": 2.1146, "centroid_lat": 41.39211, "radius": 192.23, "internal_id": 618000602355990527, "population": 2059, "component": 0, "o_score_pt": 1616.0491254507799, "o_score_car": 2209.7699916775755, "CDI": 0.15518790827529769, "log_population": 3.3138672203691533 }, "geometry": { "type": "Polygon", "coordinates": [ [ [ 2.112490104078304, 41.392657051666099 ], [ 2.114279593365821, 41.393832686541501 ], [ 2.116381293103266, 41.393283199548307 ], [ 2.116701097199696, 41.391558439908209 ], [ 2.114911583073029, 41.390382830931024 ], [ 2.112809976118429, 41.390932325471439 ], [ 2.112490104078304, 41.392657051666099 ] ] ] } },
{ "type": "Feature", "properties": { "id": 340, "snapped_id": 340.0, "centroid_lon": 2.1267, "centroid_lat": 41.41601, "radius": 192.225, "internal_id": 618000602318503935, "population": 136, "component": 0, "o_score_pt": 1232.2090516784715, "o_score_car": 2209.4705208275004, "CDI": 0.28394899890040037, "log_population": 2.1367205671564067 }, "geometry": { "type": "Polygon", "coordinates": [ [ [ 2.125453254233077, 41.416314395071893 ], [ 2.126559113062077, 41.417040477616297 ], [ 2.127747634070749, 41.416729884561072 ], [ 2.127938798162417, 41.415698629034949 ], [ 2.126832923751466, 41.414972572735216 ], [ 2.125644458853128, 41.415283163628679 ], [ 2.125453254233077, 41.416314395071893 ] ] ] } },
{ "type": "Feature", "properties": { "id": 341, "snapped_id": 341.0, "centroid_lon": 2.17587, "centroid_lat": 41.41837, "radius": 192.309, "internal_id": 618000602960232447, "population": 2123, "component": 0, "o_score_pt": 2182.0657578193782, "o_score_car": 2374.9672484693192, "CDI": 0.042330501092210003, "log_population": 3.3271545124094315 }, "geometry": { "type": "Polygon", "coordinates": [ [ [ 2.173756046614386, 41.418922775215755 ], [ 2.175555651186898, 41.420102839916069 ], [ 2.177669082883742, 41.41954973045825 ], [ 2.177989354451959, 41.417816882355005 ], [ 2.176189725118607, 41.416636843496143 ], [ 2.174076386622289, 41.417189960546942 ], [ 2.173756046614386, 41.418922775215755 ] ] ] } },
{ "type": "Feature", "properties": { "id": 342, "snapped_id": 342.0, "centroid_lon": 2.19756, "centroid_lat": 41.44653, "radius": 192.317, "internal_id": 618000602922745855, "population": 2523, "component": 0, "o_score_pt": 1805.9873599283133, "o_score_car": 2018.1752591806903, "CDI": 0.055486107780064797, "log_population": 3.4020893505720968 }, "geometry": { "type": "Polygon", "coordinates": [ [ [ 2.195382643071162, 41.447101491484624 ], [ 2.197227140445363, 41.448309910993657 ], [ 2.19939975052774, 41.447741496668868 ], [ 2.199727899853141, 41.445964661425705 ], [ 2.197883377190054, 41.444756267285086 ], [ 2.195710862688174, 41.445324690066322 ], [ 2.195382643071162, 41.447101491484624 ] ] ] } },
{ "type": "Feature", "properties": { "id": 343, "snapped_id": 343.0, "centroid_lon": 2.1702, "centroid_lat": 41.37078, "radius": 192.352, "internal_id": 618000602735312895, "population": 2187, "component": 0, "o_score_pt": 2075.5102934451093, "o_score_car": 2169.3716999150743, "CDI": 0.0221116644978075, "log_population": 3.340047317661393 }, "geometry": { "type": "Polygon", "coordinates": [ [ [ 2.168072253733045, 41.371340460394379 ], [ 2.169878160909648, 41.372525517425615 ], [ 2.172000335398103, 41.37196927240884 ], [ 2.17232193183104, 41.370228221856301 ], [ 2.17051599980344, 41.369043190615912 ], [ 2.168393918816857, 41.369599443394904 ], [ 2.168072253733045, 41.371340460394379 ] ] ] } },
{ "type": "Feature", "properties": { "id": 344, "snapped_id": 344.0, "centroid_lon": 2.1425, "centroid_lat": 41.33066, "radius": 192.347, "internal_id": 618000602697826303, "population": 1527, "component": 0, "o_score_pt": 1134.4991288565986, "o_score_car": 1661.5990410078291, "CDI": 0.18851266305030609, "log_population": 3.184123354239671 }, "geometry": { "type": "Polygon", "coordinates": [ [ [ 2.140488828006907, 41.331182099715022 ], [ 2.142202357953268, 41.33230787901585 ], [ 2.144202219140801, 41.331783400111775 ], [ 2.144507165722838, 41.330133970615101 ], [ 2.142793612080839, 41.329008217932483 ], [ 2.140793839475661, 41.329532702863155 ], [ 2.140488828006907, 41.331182099715022 ] ] ] } },
{ "type": "Feature", "properties": { "id": 345, "snapped_id": 345.0, "centroid_lon": 2.1546, "centroid_lat": 41.35456, "radius": 192.342, "internal_id": 618000602660339711, "population": 1695, "component": 0, "o_score_pt": 1022.6797439874134, "o_score_car": 1757.3862974356646, "CDI": 0.26427665476326773, "log_population": 3.229425847920695 }, "geometry": { "type": "Polygon", "coordinates": [ [ [ 2.152557385736041, 41.355097293518938 ], [ 2.154298123014278, 41.356240263994771 ], [ 2.156333857666076, 41.355706629277869 ], [ 2.156643619575575, 41.354030707394386 ], [ 2.154902858270042, 41.352887763315543 ], [ 2.152867213652395, 41.353421404539965 ], [ 2.152557385736041, 41.355097293518938 ] ] ] } },
{ "type": "Feature", "properties": { "id": 346, "snapped_id": 346.0, "centroid_lon": 2.11843, "centroid_lat": 41.32681, "radius": 192.308, "internal_id": 618000605152280575, "population": 1262, "component": 0, "o_score_pt": 534.11948158471341, "o_score_car": 1552.7107025535636, "CDI": 0.48810450831650248, "log_population": 3.1014033505553309 }, "geometry": { "type": "Polygon", "coordinates": [ [ [ 2.116485645902329, 41.327319580821502 ], [ 2.118150332452063, 41.328413989506373 ], [ 2.120085641328968, 41.32790675653596 ], [ 2.120381956345972, 41.32630624141435 ], [ 2.118717246679264, 41.32521185967898 ], [ 2.116782023820896, 41.325719097827481 ], [ 2.116485645902329, 41.327319580821502 ] ] ] } },
{ "type": "Feature", "properties": { "id": 347, "snapped_id": 347.0, "centroid_lon": 2.11262, "centroid_lat": 41.40277, "radius": 192.215, "internal_id": 618000602360446975, "population": 835, "component": 0, "o_score_pt": 1445.0473864528888, "o_score_car": 2250.7382422725968, "CDI": 0.2180025945112935, "log_population": 2.9222062774390163 }, "geometry": { "type": "Polygon", "coordinates": [ [ [ 2.110799024235757, 41.403241760901274 ], [ 2.112361005442552, 41.404267850834792 ], [ 2.114158911932169, 41.403797998399376 ], [ 2.114436008123033, 41.402304064306648 ], [ 2.11287400514285, 41.401278001811967 ], [ 2.111076179247174, 41.401747857639428 ], [ 2.110799024235757, 41.403241760901274 ] ] ] } },
{ "type": "Feature", "properties": { "id": 348, "snapped_id": 348.0, "centroid_lon": 2.12367, "centroid_lat": 41.41003, "radius": 192.227, "internal_id": 618000602322960383, "population": 1330, "component": 0, "o_score_pt": 1170.1950996329069, "o_score_car": 2194.5508021051787, "CDI": 0.30443775916128851, "log_population": 3.1241780554746752 }, "geometry": { "type": "Polygon", "coordinates": [ [ [ 2.121703230663478, 41.410542436106951 ], [ 2.123383081018122, 41.411645547477008 ], [ 2.125338077502777, 41.411134596699831 ], [ 2.125637078272062, 41.409521713256375 ], [ 2.123957204585138, 41.408418628707459 ], [ 2.122002294999087, 41.40892958488481 ], [ 2.121703230663478, 41.410542436106951 ] ] ] } },
{ "type": "Feature", "properties": { "id": 349, "snapped_id": 349.0, "centroid_lon": 2.18345, "centroid_lat": 41.43331, "radius": 192.306, "internal_id": 618000602964688895, "population": 2868, "component": 0, "o_score_pt": 2191.065054123319, "o_score_car": 2103.9677285379503, "CDI": -0.0202786171823819, "log_population": 3.4577305482459986 }, "geometry": { "type": "Polygon", "coordinates": [ [ [ 2.181278530410125, 41.433873591358918 ], [ 2.183123208354908, 41.435082757868045 ], [ 2.185296503601475, 41.434514149396286 ], [ 2.185625025288543, 41.432736365913563 ], [ 2.183780322003731, 41.431527224762647 ], [ 2.181607122368995, 41.432095841736796 ], [ 2.181278530410125, 41.433873591358918 ] ] ] } },
{ "type": "Feature", "properties": { "id": 350, "snapped_id": 350.0, "centroid_lon": 2.13263, "centroid_lat": 41.38401, "radius": 192.271, "internal_id": 618000602285473791, "population": 2789, "component": 0, "o_score_pt": 2367.4671494976164, "o_score_car": 2320.9074841756601, "CDI": -0.0099308756146643008, "log_population": 3.4456042032735974 }, "geometry": { "type": "Polygon", "coordinates": [ [ [ 2.130453887193545, 41.38457676936293 ], [ 2.13229593695498, 41.385786500272708 ], [ 2.134467332170221, 41.385218301564187 ], [ 2.134796582074052, 41.383440363346928 ], [ 2.132954506832828, 41.382230657796391 ], [ 2.130783207164687, 41.382798865104483 ], [ 2.130453887193545, 41.38457676936293 ] ] ] } },
{ "type": "Feature", "properties": { "id": 351, "snapped_id": 351.0, "centroid_lon": 2.1855, "centroid_lat": 41.44461, "radius": 192.298, "internal_id": 618000602927202303, "population": 2760, "component": 0, "o_score_pt": 1783.6661888175158, "o_score_car": 2053.8723440930253, "CDI": 0.070411320422774801, "log_population": 3.4410664066392633 }, "geometry": { "type": "Polygon", "coordinates": [ [ [ 2.183325103569483, 41.445180246028556 ], [ 2.185170090630276, 41.446389384675925 ], [ 2.187343701841672, 41.445820887149289 ], [ 2.187672230353905, 41.4440432424785 ], [ 2.18582721795314, 41.442834129183233 ], [ 2.183653702377223, 41.443402635207207 ], [ 2.183325103569483, 41.445180246028556 ] ] ] } },
{ "type": "Feature", "properties": { "id": 352, "snapped_id": 352.0, "centroid_lon": 2.16717, "centroid_lat": 41.36481, "radius": 192.353, "internal_id": 618000602739769343, "population": 546, "component": 0, "o_score_pt": 1313.2570200398693, "o_score_car": 1937.2805104610115, "CDI": 0.1919754762299222, "log_population": 2.7379873263334309 }, "geometry": { "type": "Polygon", "coordinates": [ [ [ 2.165485519126561, 41.365241024571603 ], [ 2.166940871371321, 41.366196189910447 ], [ 2.168595622347688, 41.365762408577261 ], [ 2.168851701025142, 41.364376148049374 ], [ 2.167396328619962, 41.363421010422961 ], [ 2.165741652379668, 41.363854793435834 ], [ 2.165485519126561, 41.365241024571603 ] ] ] } },
{ "type": "Feature", "properties": { "id": 353, "snapped_id": 353.0, "centroid_lon": 2.15157, "centroid_lat": 41.34859, "radius": 192.343, "internal_id": 618000602664796159, "population": 1906, "component": 0, "o_score_pt": 1100.9337730727543, "o_score_car": 1950.9309792688221, "CDI": 0.27851732470906448, "log_population": 3.2803506930460058 }, "geometry": { "type": "Polygon", "coordinates": [ [ [ 2.1494938390376, 41.349131539032228 ], [ 2.151263983959158, 41.350293992071009 ], [ 2.153339049763752, 41.349749983323456 ], [ 2.153654389423873, 41.348043997772322 ], [ 2.151884220070976, 41.346881570867751 ], [ 2.1498092458764, 41.347425586710834 ], [ 2.1494938390376, 41.349131539032228 ] ] ] } },
{ "type": "Feature", "properties": { "id": 354, "snapped_id": 354.0, "centroid_lon": 2.10063, "centroid_lat": 41.42281, "radius": 192.172, "internal_id": 618000603081605119, "population": 299, "component": 0, "o_score_pt": 9.1414225569881395, "o_score_car": 1255.1173524905084, "CDI": 0.98553868442535475, "log_population": 2.4771212547196626 }, "geometry": { "type": "Polygon", "coordinates": [ [ [ 2.099139437703324, 41.423191507922986 ], [ 2.100442855076985, 41.424047796195111 ], [ 2.101895494615629, 41.423668590095374 ], [ 2.102124177200636, 41.422437059458659 ], [ 2.10082074151137, 41.421580798642346 ], [ 2.099368168729738, 41.421960004552545 ], [ 2.099139437703324, 41.423191507922986 ] ] ] } },
{ "type": "Feature", "properties": { "id": 355, "snapped_id": 355.0, "centroid_lon": 2.17852, "centroid_lat": 41.45997, "radius": 192.268, "internal_id": 618000602929299455, "population": 1443, "component": 0, "o_score_pt": 1206.9878546788871, "o_score_car": 1730.2876107717204, "CDI": 0.17815821575064761, "log_population": 3.1595671932336202 }, "geometry": { "type": "Polygon", "coordinates": [ [ [ 2.176527241788643, 41.460486273392988 ], [ 2.178230269227099, 41.461602365644282 ], [ 2.18021459725512, 41.461083774302594 ], [ 2.180516718781397, 41.459450209898961 ], [ 2.178813667869366, 41.458334144325583 ], [ 2.176829427902992, 41.458852741348302 ], [ 2.176527241788643, 41.460486273392988 ] ] ] } },
{ "type": "Feature", "properties": { "id": 356, "snapped_id": 356.0, "centroid_lon": 2.1367, "centroid_lat": 41.40663, "radius": 192.253, "internal_id": 618000602250084351, "population": 1945, "component": 0, "o_score_pt": 1943.7738694644488, "o_score_car": 2435.0972437381811, "CDI": 0.1122032052490321, "log_population": 3.2891428359323331 }, "geometry": { "type": "Polygon", "coordinates": [ [ [ 2.134613801979453, 41.407169657132272 ], [ 2.136389880083567, 41.408335620440383 ], [ 2.138473022157123, 41.407790886504316 ], [ 2.138789794377649, 41.406080667086265 ], [ 2.137013691690468, 41.404914729820682 ], [ 2.134930641641287, 41.40545947097349 ], [ 2.134613801979453, 41.407169657132272 ] ] ] } },
{ "type": "Feature", "properties": { "id": 357, "snapped_id": 357.0, "centroid_lon": 2.1296, "centroid_lat": 41.37803, "radius": 192.272, "internal_id": 618000602289930239, "population": 2987, "component": 0, "o_score_pt": 2254.9627016047066, "o_score_car": 2305.493819610831, "CDI": 0.011080276233541599, "log_population": 3.475380593143361 }, "geometry": { "type": "Polygon", "coordinates": [ [ [ 2.127428777160854, 41.378601420651272 ], [ 2.129270604377982, 41.379811186443156 ], [ 2.131441808504372, 41.379242970532388 ], [ 2.131771089874409, 41.37746498022458 ], [ 2.129929237171008, 41.376255239793949 ], [ 2.127758128580997, 41.376823464310455 ], [ 2.127428777160854, 41.378601420651272 ] ] ] } },
{ "type": "Feature", "properties": { "id": 358, "snapped_id": 358.0, "centroid_lon": 2.1417, "centroid_lat": 41.40193, "radius": 192.267, "internal_id": 618000602252443647, "population": 1893, "component": 0, "o_score_pt": 2052.097883653249, "o_score_car": 2419.9840035749367, "CDI": 0.082262831763508903, "log_population": 3.2773799746672547 }, "geometry": { "type": "Polygon", "coordinates": [ [ [ 2.139624876422169, 41.402475867420094 ], [ 2.14139415775512, 41.403637288062221 ], [ 2.143468113702072, 41.403094778691241 ], [ 2.143783498187679, 41.401391373958553 ], [ 2.142014192382613, 41.400229979429255 ], [ 2.139940328078542, 41.400772495872246 ], [ 2.139624876422169, 41.402475867420094 ] ] ] } },
{ "type": "Feature", "properties": { "id": 359, "snapped_id": 359.0, "centroid_lon": 2.11506, "centroid_lat": 41.37845, "radius": 192.246, "internal_id": 618000602287570943, "population": 2578, "component": 0, "o_score_pt": 1712.6337957437122, "o_score_car": 1994.7932548034075, "CDI": 0.076106543760060097, "log_population": 3.4114513421379375 }, "geometry": { "type": "Polygon", "coordinates": [ [ [ 2.112890350966269, 41.379021757204875 ], [ 2.114731742358018, 41.380231676653565 ], [ 2.116902775112515, 41.379663776349261 ], [ 2.117232320921855, 41.377885947965083 ], [ 2.115390903995249, 41.376676053868408 ], [ 2.113219966791275, 41.377243962804485 ], [ 2.112890350966269, 41.379021757204875 ] ] ] } },
{ "type": "Feature", "properties": { "id": 360, "snapped_id": 360.0, "centroid_lon": 2.16587, "centroid_lat": 41.42775, "radius": 192.281, "internal_id": 618000602966786047, "population": 2480, "component": 0, "o_score_pt": 2052.5740643768841, "o_score_car": 2299.3399748188822, "CDI": 0.0567028457408595, "log_population": 3.3946267642722092 }, "geometry": { "type": "Polygon", "coordinates": [ [ [ 2.163700135104445, 41.428321339549044 ], [ 2.165538911793296, 41.429527257819537 ], [ 2.167704849780775, 41.428960778043326 ], [ 2.168032686595187, 41.42718841123299 ], [ 2.166193884581216, 41.425982518372749 ], [ 2.164028041928277, 41.42654900657277 ], [ 2.163700135104445, 41.428321339549044 ] ] ] } },
{ "type": "Feature", "properties": { "id": 361, "snapped_id": 361.0, "centroid_lon": 2.1652, "centroid_lat": 41.37548, "radius": 192.338, "internal_id": 618000602744225791, "population": 2249, "component": 0, "o_score_pt": 2545.8987699937829, "o_score_car": 2365.3851113640203, "CDI": -0.036754881817146499, "log_population": 3.3521825181113627 }, "geometry": { "type": "Polygon", "coordinates": [ [ [ 2.163063064592393, 41.376037885545813 ], [ 2.1648759855763, 41.377227627722014 ], [ 2.167007634824128, 41.376669081806355 ], [ 2.167330659249677, 41.374920996604331 ], [ 2.165517713300975, 41.373731280139616 ], [ 2.163386157948061, 41.374289833971169 ], [ 2.163063064592393, 41.376037885545813 ] ] ] } },
{ "type": "Feature", "properties": { "id": 362, "snapped_id": 362.0, "centroid_lon": 2.05852, "centroid_lat": 41.42704, "radius": 192.093, "internal_id": 618000603123548159, "population": 0, "component": 1, "o_score_pt": 0.61411674921559822, "o_score_car": 816.8735070186674, "CDI": 0.99849755095646575, "log_population": 0.0 }, "geometry": { "type": "Polygon", "coordinates": [ [ [ 2.058476631696782, 41.42700973559527 ], [ 2.058560964373274, 41.427065195554356 ], [ 2.058560965655883, 41.427065188665281 ], [ 2.058476632326784, 41.427009732212255 ], [ 2.058476631696782, 41.42700973559527 ] ] ] } },
{ "type": "Feature", "properties": { "id": 363, "snapped_id": 363.0, "centroid_lon": 2.11669, "centroid_lat": 41.42539, "radius": 192.197, "internal_id": 618000602325057535, "population": 50, "component": 0, "o_score_pt": 11.60893752794121, "o_score_car": 1368.8395040543076, "CDI": 0.98318091834761279, "log_population": 1.7075701760979363 }, "geometry": { "type": "Polygon", "coordinates": [ [ [ 2.115760847730191, 41.425605244886214 ], [ 2.116617228891803, 41.426167605631143 ], [ 2.1174725808779, 41.425944224459535 ], [ 2.11761699098056, 41.425165807205374 ], [ 2.116760597582088, 41.424603469624003 ], [ 2.115905288338914, 41.424826847201381 ], [ 2.115760847730191, 41.425605244886214 ] ] ] } },
{ "type": "Feature", "properties": { "id": 364, "snapped_id": 364.0, "centroid_lon": 2.11344, "centroid_lat": 41.33151, "radius": 192.295, "internal_id": 618000605161193471, "population": 2003, "component": 0, "o_score_pt": 990.705579924924, "o_score_car": 1660.7031283426463, "CDI": 0.25269493395286402, "log_population": 3.301897717195208 }, "geometry": { "type": "Polygon", "coordinates": [ [ [ 2.111340404025023, 41.332054777847482 ], [ 2.113121591229297, 41.333225857292504 ], [ 2.11521247954038, 41.332678027608331 ], [ 2.115530770554555, 41.330959494044556 ], [ 2.113749558638506, 41.329788440602201 ], [ 2.111658762604759, 41.330336277701996 ], [ 2.111340404025023, 41.332054777847482 ] ] ] } },
{ "type": "Feature", "properties": { "id": 365, "snapped_id": 365.0, "centroid_lon": 2.12762, "centroid_lat": 41.3887, "radius": 192.257, "internal_id": 618000602294386687, "population": 2891, "component": 0, "o_score_pt": 2262.528314705889, "o_score_car": 2366.172702081672, "CDI": 0.022391679004515601, "log_population": 3.461198288622493 }, "geometry": { "type": "Polygon", "coordinates": [ [ [ 2.125452398376933, 41.38926855633067 ], [ 2.127294397149573, 41.390478337949624 ], [ 2.129465850066189, 41.389910309993084 ], [ 2.129795208645025, 41.38813249181014 ], [ 2.127953184373134, 41.386922735544239 ], [ 2.12578182701877, 41.387490772108791 ], [ 2.125452398376933, 41.38926855633067 ] ] ] } },
{ "type": "Feature", "properties": { "id": 366, "snapped_id": 366.0, "centroid_lon": 2.09714, "centroid_lat": 41.43049, "radius": 192.157, "internal_id": 618000602823655423, "population": 400, "component": 0, "o_score_pt": 4.7460911390883931, "o_score_car": 1207.3530179122647, "CDI": 0.992168806818441, "log_population": 2.6031443726201822 }, "geometry": { "type": "Polygon", "coordinates": [ [ [ 2.095554608284996, 41.430891895030193 ], [ 2.09693135584401, 41.431796352574743 ], [ 2.098481951232004, 41.431391732548725 ], [ 2.09872448023876, 41.430086110485313 ], [ 2.097347713358449, 41.429181680570949 ], [ 2.095797188675841, 41.429586301308611 ], [ 2.095554608284996, 41.430891895030193 ] ] ] } },
{ "type": "Feature", "properties": { "id": 367, "snapped_id": 367.0, "centroid_lon": 2.16217, "centroid_lat": 41.3695, "radius": 192.339, "internal_id": 618000602748682239, "population": 1824, "component": 0, "o_score_pt": 1986.3416713538184, "o_score_car": 2056.8311421057701, "CDI": 0.0174341968558194, "log_population": 3.2612628687924934 }, "geometry": { "type": "Polygon", "coordinates": [ [ [ 2.160101769588806, 41.370043605155544 ], [ 2.161861569191696, 41.371198659603692 ], [ 2.16392246814822, 41.370658587968144 ], [ 2.164235621793759, 41.368964032751919 ], [ 2.162475797929556, 41.367809004533839 ], [ 2.160414990024738, 41.368349083023944 ], [ 2.160101769588806, 41.370043605155544 ] ] ] } },
{ "type": "Feature", "properties": { "id": 368, "snapped_id": 368.0, "centroid_lon": 2.18982, "centroid_lat": 41.38764, "radius": 192.368, "internal_id": 618000602486276095, "population": 1796, "component": 0, "o_score_pt": 2210.5181681619688, "o_score_car": 2243.2601736785696, "CDI": 0.0073515121327456003, "log_population": 3.2545480771089736 }, "geometry": { "type": "Polygon", "coordinates": [ [ [ 2.18775497041421, 41.38818145833838 ], [ 2.189512052905677, 41.389333665849641 ], [ 2.191568524337932, 41.388794631965453 ], [ 2.191880535383373, 41.387104010633728 ], [ 2.190123428759324, 41.385951829393314 ], [ 2.188067048184596, 41.386490870004863 ], [ 2.18775497041421, 41.38818145833838 ] ] ] } },
{ "type": "Feature", "properties": { "id": 369, "snapped_id": 369.0, "centroid_lon": 2.1523, "centroid_lat": 41.42284, "radius": 192.263, "internal_id": 618000602336329727, "population": 2230, "component": 0, "o_score_pt": 2098.4545212822222, "o_score_car": 2230.0862462571126, "CDI": 0.0304101848738552, "log_population": 3.3484995702838378 }, "geometry": { "type": "Polygon", "coordinates": [ [ [ 2.150169941657837, 41.423400973107661 ], [ 2.151981361262128, 41.42458943060884 ], [ 2.154111187456484, 41.424032537289719 ], [ 2.154434220120109, 41.422287418639378 ], [ 2.152622775508974, 41.421098986834579 ], [ 2.150493043211949, 41.421655888042544 ], [ 2.150169941657837, 41.423400973107661 ] ] ] } },
{ "type": "Feature", "properties": { "id": 370, "snapped_id": 370.0, "centroid_lon": 2.20149, "centroid_lat": 41.4252, "radius": 192.347, "internal_id": 618000602978058239, "population": 2767, "component": 0, "o_score_pt": 2022.155575576556, "o_score_car": 2143.6935100128653, "CDI": 0.0291748289338505, "log_population": 3.4421660857847201 }, "geometry": { "type": "Polygon", "coordinates": [ [ [ 2.199321315311155, 41.425767361566677 ], [ 2.20116636807167, 41.426976340429398 ], [ 2.203339679861717, 41.426407236309032 ], [ 2.203667843311538, 41.424629144855501 ], [ 2.201822765276061, 41.423420191367349 ], [ 2.199649549062859, 41.423989303958763 ], [ 2.199321315311155, 41.425767361566677 ] ] ] } },
{ "type": "Feature", "properties": { "id": 371, "snapped_id": 371.0, "centroid_lon": 2.08609, "centroid_lat": 41.42323, "radius": 192.146, "internal_id": 618000603079245823, "population": 2, "component": 0, "o_score_pt": 2.6659963632071046, "o_score_car": 1315.8033608664132, "CDI": 0.99595592214777162, "log_population": 0.47712125471966244 }, "geometry": { "type": "Polygon", "coordinates": [ [ [ 2.086046936439258, 41.423200517438502 ], [ 2.086131298084601, 41.423255960220068 ], [ 2.08613129936453, 41.423255953333367 ], [ 2.086046937067983, 41.423200514056425 ], [ 2.086046936439258, 41.423200517438502 ] ] ] } },
{ "type": "Feature", "properties": { "id": 372, "snapped_id": 372.0, "centroid_lon": 2.12466, "centroid_lat": 41.4047, "radius": 192.234, "internal_id": 618000602261356543, "population": 1363, "component": 0, "o_score_pt": 1416.2209966881835, "o_score_car": 2275.6237909384222, "CDI": 0.2327841075904839, "log_population": 3.1348143703204601 }, "geometry": { "type": "Polygon", "coordinates": [ [ [ 2.122684133431475, 41.405212206026704 ], [ 2.124370081213877, 41.406319365733324 ], [ 2.126333221092821, 41.405806172285658 ], [ 2.126633348217991, 41.404186944683886 ], [ 2.12494737702616, 41.403079811758523 ], [ 2.12298432436542, 41.40359301071895 ], [ 2.122684133431475, 41.405212206026704 ] ] ] } },
{ "type": "Feature", "properties": { "id": 373, "snapped_id": 373.0, "centroid_lon": 2.18679, "centroid_lat": 41.38167, "radius": 192.369, "internal_id": 618000602490732543, "population": 2240, "component": 0, "o_score_pt": 2445.4680591243018, "o_score_car": 2332.9572933590962, "CDI": -0.023545573586648699, "log_population": 3.3504418565350611 }, "geometry": { "type": "Polygon", "coordinates": [ [ [ 2.184653812181522, 41.382225916757193 ], [ 2.186466501471097, 41.383414765916278 ], [ 2.188597223556342, 41.382856204368942 ], [ 2.18891969760506, 41.381109007355491 ], [ 2.187106983431147, 41.379920183927624 ], [ 2.184976355180826, 41.380478753330877 ], [ 2.184653812181522, 41.382225916757193 ] ] ] } },
{ "type": "Feature", "properties": { "id": 374, "snapped_id": 374.0, "centroid_lon": 2.19945, "centroid_lat": 41.41389, "radius": 192.356, "internal_id": 618000602453245951, "population": 2098, "component": 0, "o_score_pt": 2136.277113080484, "o_score_car": 2290.0309522611642, "CDI": 0.034736361977284198, "log_population": 3.3220124385824006 }, "geometry": { "type": "Polygon", "coordinates": [ [ [ 2.197332679394552, 41.414442013504619 ], [ 2.199129892559876, 41.415619870225619 ], [ 2.201239510341897, 41.415067256802935 ], [ 2.201558788894877, 41.413337135947067 ], [ 2.199761551087875, 41.412159305114464 ], [ 2.197652026314882, 41.412711926028187 ], [ 2.197332679394552, 41.414442013504619 ] ] ] } },
{ "type": "Feature", "properties": { "id": 375, "snapped_id": 375.0, "centroid_lon": 2.12895, "centroid_lat": 41.32575, "radius": 192.328, "internal_id": 618000605154377727, "population": 1355, "component": 0, "o_score_pt": 941.6670663726336, "o_score_car": 1591.824401481663, "CDI": 0.25662503440742601, "log_population": 3.1322596895310446 }, "geometry": { "type": "Polygon", "coordinates": [ [ [ 2.126982492258624, 41.326260761057881 ], [ 2.128665382100069, 41.327366856125167 ], [ 2.130624729079331, 41.326853132277726 ], [ 2.130924232104233, 41.325234326611834 ], [ 2.129241318935626, 41.324128258380028 ], [ 2.127282058924805, 41.324641987715069 ], [ 2.126982492258624, 41.326260761057881 ] ] ] } },
{ "type": "Feature", "properties": { "id": 376, "snapped_id": 376.0, "centroid_lon": 2.14565, "centroid_lat": 41.3806, "radius": 192.298, "internal_id": 618000602303299583, "population": 2854, "component": 0, "o_score_pt": 2568.522452488728, "o_score_car": 2388.3739451426709, "CDI": -0.036343004350895602, "log_population": 3.4556061125818669 }, "geometry": { "type": "Polygon", "coordinates": [ [ [ 2.143482123065265, 41.381166902733462 ], [ 2.145324497244404, 41.382376497264353 ], [ 2.147495968015941, 41.381807974247643 ], [ 2.147824969077954, 41.380029848123989 ], [ 2.145982569464438, 41.3788202789626 ], [ 2.143811194220421, 41.379388810555959 ], [ 2.143482123065265, 41.381166902733462 ] ] ] } },
{ "type": "Feature", "properties": { "id": 377, "snapped_id": 377.0, "centroid_lon": 2.16731, "centroid_lat": 41.40877, "radius": 192.305, "internal_id": 618000602265812991, "population": 1562, "component": 0, "o_score_pt": 2300.3876270832648, "o_score_car": 2503.7207341056883, "CDI": 0.042324837771165698, "log_population": 3.1939589780191868 }, "geometry": { "type": "Polygon", "coordinates": [ [ [ 2.16529201250166, 41.409293085414376 ], [ 2.167013641458456, 41.410422397601749 ], [ 2.169023314179451, 41.409896404477735 ], [ 2.169329190513115, 41.40824199343033 ], [ 2.167607537812104, 41.407112707787306 ], [ 2.165597954125598, 41.407638706994383 ], [ 2.16529201250166, 41.409293085414376 ] ] ] } },
{ "type": "Feature", "properties": { "id": 378, "snapped_id": 378.0, "centroid_lon": 2.12599, "centroid_lat": 41.34175, "radius": 192.305, "internal_id": 618000602757595135, "population": 2250, "component": 0, "o_score_pt": 1116.3024294712452, "o_score_car": 1920.5041861191337, "CDI": 0.2648182312694104, "log_population": 3.35237549500052 }, "geometry": { "type": "Polygon", "coordinates": [ [ [ 2.123858115663694, 41.342312843653481 ], [ 2.125669241572395, 41.343503079179939 ], [ 2.127799702099906, 41.342944864276141 ], [ 2.128123317002726, 41.341196602830749 ], [ 2.126312166020008, 41.340006393012153 ], [ 2.124181799353633, 41.340564615907823 ], [ 2.123858115663694, 41.342312843653481 ] ] ] } },
{ "type": "Feature", "properties": { "id": 379, "snapped_id": 379.0, "centroid_lon": 2.13809, "centroid_lat": 41.36566, "radius": 192.301, "internal_id": 618000602720108543, "population": 2634, "component": 0, "o_score_pt": 2056.7116527603289, "o_score_car": 2184.0169619388498, "CDI": 0.030019678396126601, "log_population": 3.4207806195485655 }, "geometry": { "type": "Polygon", "coordinates": [ [ [ 2.135917434484183, 41.366227947077732 ], [ 2.137759252343237, 41.367437628824376 ], [ 2.139930245530731, 41.366869062893763 ], [ 2.140259325355589, 41.36509080662514 ], [ 2.138417482045962, 41.363881150253128 ], [ 2.1362465843592, 41.364449724775717 ], [ 2.135917434484183, 41.366227947077732 ] ] ] } },
{ "type": "Feature", "properties": { "id": 380, "snapped_id": 380.0, "centroid_lon": 2.11245, "centroid_lat": 41.33684, "radius": 192.287, "internal_id": 618000602570162175, "population": 2398, "component": 0, "o_score_pt": 1054.5906505295457, "o_score_car": 1816.4537310726389, "CDI": 0.26536095555511269, "log_population": 3.3800302479678308 }, "geometry": { "type": "Polygon", "coordinates": [ [ [ 2.110294664335849, 41.337405952509208 ], [ 2.112121351356251, 41.338606898399412 ], [ 2.114272973086763, 41.338043281813277 ], [ 2.114599828204632, 41.336278800542821 ], [ 2.112773115851425, 41.33507788018305 ], [ 2.11062158884472, 41.335641505120854 ], [ 2.110294664335849, 41.337405952509208 ] ] ] } },
{ "type": "Feature", "properties": { "id": 381, "snapped_id": 381.0, "centroid_lon": 2.18535, "centroid_lat": 41.40066, "radius": 192.346, "internal_id": 618000602495188991, "population": 1924, "component": 0, "o_score_pt": 2431.7558786474642, "o_score_car": 2433.3112616165681, "CDI": 0.00031970431738360001, "log_population": 3.2844307338445193 }, "geometry": { "type": "Polygon", "coordinates": [ [ [ 2.183262170927796, 41.401205134651981 ], [ 2.185036801442626, 41.402368795806417 ], [ 2.187116737035349, 41.401823943061203 ], [ 2.187432124895947, 41.400115931485288 ], [ 2.185657469994014, 41.398952296431737 ], [ 2.183577626222469, 41.399497156254341 ], [ 2.183262170927796, 41.401205134651981 ] ] ] } },
{ "type": "Feature", "properties": { "id": 382, "snapped_id": 382.0, "centroid_lon": 2.19641, "centroid_lat": 41.40792, "radius": 192.357, "internal_id": 618000602457702399, "population": 2435, "component": 0, "o_score_pt": 2029.6705969872371, "o_score_car": 2337.8175100471199, "CDI": 0.070554722876880999, "log_population": 3.3866772839608377 }, "geometry": { "type": "Polygon", "coordinates": [ [ [ 2.194252545218984, 41.408480822085721 ], [ 2.196087191827644, 41.409683391904331 ], [ 2.198246830097271, 41.409117609302989 ], [ 2.198573173932546, 41.407349322068221 ], [ 2.19673850217394, 41.406146777742883 ], [ 2.194578958918321, 41.406712568618516 ], [ 2.194252545218984, 41.408480822085721 ] ] ] } },
{ "type": "Feature", "properties": { "id": 383, "snapped_id": 383.0, "centroid_lon": 2.13525, "centroid_lat": 41.42561, "radius": 192.23, "internal_id": 618000602345242623, "population": 678, "component": 0, "o_score_pt": 2028.8086786623508, "o_score_car": 2112.5478209391808, "CDI": 0.0202202206655928, "log_population": 2.8318697742805017 }, "geometry": { "type": "Polygon", "coordinates": [ [ [ 2.133498177974242, 41.426060293835384 ], [ 2.135008672159351, 41.427051715056713 ], [ 2.136737205977933, 41.426600037152141 ], [ 2.137004165376992, 41.425159419853749 ], [ 2.135493650174288, 41.424168026228287 ], [ 2.133765194159537, 41.424619706659684 ], [ 2.133498177974242, 41.426060293835384 ] ] ] } },
{ "type": "Feature", "properties": { "id": 384, "snapped_id": 384.0, "centroid_lon": 2.15322, "centroid_lat": 41.39554, "radius": 192.295, "internal_id": 618000602307756031, "population": 2440, "component": 0, "o_score_pt": 2680.6208036787152, "o_score_car": 2491.830360077392, "CDI": -0.036499222056304202, "log_population": 3.3875677794171888 }, "geometry": { "type": "Polygon", "coordinates": [ [ [ 2.151061773525409, 41.396101472230981 ], [ 2.152895356685537, 41.397304844579999 ], [ 2.155054832465056, 41.396739628907369 ], [ 2.155382003333137, 41.394971099943945 ], [ 2.153548394880421, 41.393767753064111 ], [ 2.151389014154355, 41.394332977100646 ], [ 2.151061773525409, 41.396101472230981 ] ] ] } },
{ "type": "Feature", "properties": { "id": 385, "snapped_id": 385.0, "centroid_lon": 2.15474, "centroid_lat": 41.39852, "radius": 192.294, "internal_id": 618000602270269439, "population": 2193, "component": 0, "o_score_pt": 2668.7239243544241, "o_score_car": 2375.7934211642269, "CDI": -0.058069084339738501, "log_population": 3.3412366232386925 }, "geometry": { "type": "Polygon", "coordinates": [ [ [ 2.152609714165641, 41.399079404352818 ], [ 2.154416453170954, 41.400265070508944 ], [ 2.156540057308212, 41.399709276417006 ], [ 2.156862162597307, 41.397968071428885 ], [ 2.155055398664591, 41.396782431029848 ], [ 2.152931888141832, 41.397338232922301 ], [ 2.152609714165641, 41.399079404352818 ] ] ] } },
{ "type": "Feature", "properties": { "id": 386, "snapped_id": 386.0, "centroid_lon": 2.10204, "centroid_lat": 41.38186, "radius": 192.219, "internal_id": 618000602612105215, "population": 1827, "component": 0, "o_score_pt": 1711.1812745474926, "o_score_car": 2143.9974016062565, "CDI": 0.11226875935373699, "log_population": 3.2619761913978125 }, "geometry": { "type": "Polygon", "coordinates": [ [ [ 2.099968619747177, 41.382398860190158 ], [ 2.101727357730436, 41.383554805617692 ], [ 2.103788373111406, 41.383015972047382 ], [ 2.104102689861236, 41.381321758517402 ], [ 2.102343927413215, 41.380165839273566 ], [ 2.100283003185771, 41.380704679809995 ], [ 2.099968619747177, 41.382398860190158 ] ] ] } },
{ "type": "Feature", "properties": { "id": 387, "snapped_id": 387.0, "centroid_lon": 2.10943, "centroid_lat": 41.33087, "radius": 192.288, "internal_id": 618000602574618623, "population": 1617, "component": 0, "o_score_pt": 1046.0292279989274, "o_score_car": 1763.3692742584196, "CDI": 0.25533581144971451, "log_population": 3.2089785172762535 }, "geometry": { "type": "Polygon", "coordinates": [ [ [ 2.107398587554437, 41.331394153872779 ], [ 2.109125638360868, 41.332529765152849 ], [ 2.111144381352456, 41.332000892821114 ], [ 2.11145259882197, 41.330337133728399 ], [ 2.109725524022598, 41.329201548931898 ], [ 2.107706870416245, 41.32973042762265 ], [ 2.107398587554437, 41.331394153872779 ] ] ] } },
{ "type": "Feature", "properties": { "id": 388, "snapped_id": 388.0, "centroid_lon": 2.19444, "centroid_lat": 41.41858, "radius": 192.342, "internal_id": 618000602462158847, "population": 2521, "component": 0, "o_score_pt": 1883.0764897593081, "o_score_car": 2259.4630150344237, "CDI": 0.090858886158976193, "log_population": 3.401745082237063 }, "geometry": { "type": "Polygon", "coordinates": [ [ [ 2.192271667230908, 41.419152807503941 ], [ 2.194115259778888, 41.420361143585872 ], [ 2.196286846288023, 41.419792483786736 ], [ 2.196614906152083, 41.418015487744519 ], [ 2.194771288324218, 41.416807177049606 ], [ 2.192599797324618, 41.417375845309991 ], [ 2.192271667230908, 41.419152807503941 ] ] ] } },
{ "type": "Feature", "properties": { "id": 389, "snapped_id": 389.0, "centroid_lon": 2.20187, "centroid_lat": 41.38956, "radius": 192.387, "internal_id": 618000602387185663, "population": 753, "component": 0, "o_score_pt": 1880.1532127525093, "o_score_car": 2260.1298707085475, "CDI": 0.091775526044078598, "log_population": 2.8773713458697738 }, "geometry": { "type": "Polygon", "coordinates": [ [ [ 2.200080552573104, 41.390022781775777 ], [ 2.201618387734325, 41.391030888349249 ], [ 2.203382252676221, 41.390568405075506 ], [ 2.203653055828512, 41.389100040132774 ], [ 2.202115199498335, 41.388091961134855 ], [ 2.200351413655965, 41.388554447243962 ], [ 2.200080552573104, 41.390022781775777 ] ] ] } },
{ "type": "Feature", "properties": { "id": 390, "snapped_id": 390.0, "centroid_lon": 2.11111, "centroid_lat": 41.39979, "radius": 192.216, "internal_id": 618000602349699071, "population": 732, "component": 0, "o_score_pt": 1316.6473226259186, "o_score_car": 2151.6135670891172, "CDI": 0.24074493557830429, "log_population": 2.8651039746411278 }, "geometry": { "type": "Polygon", "coordinates": [ [ [ 2.109328913260895, 41.400242685281164 ], [ 2.110857599617478, 41.401246978831985 ], [ 2.11261109691955, 41.400788704643986 ], [ 2.112881969266434, 41.399328373724735 ], [ 2.111353261583166, 41.398324107719681 ], [ 2.109599843089538, 41.398782384773988 ], [ 2.109328913260895, 41.400242685281164 ] ] ] } },
{ "type": "Feature", "properties": { "id": 391, "snapped_id": 391.0, "centroid_lon": 2.14065, "centroid_lat": 41.38529, "radius": 192.284, "internal_id": 618000602312212479, "population": 2883, "component": 0, "o_score_pt": 2506.540151974094, "o_score_car": 2321.231780305759, "CDI": -0.038383828869236802, "log_population": 3.4599952560473914 }, "geometry": { "type": "Polygon", "coordinates": [ [ [ 2.1384809805929, 41.385859714168859 ], [ 2.140323303874051, 41.387069359429447 ], [ 2.142494832437698, 41.386501007155289 ], [ 2.14282394217464, 41.384723001036072 ], [ 2.140981593439641, 41.383513381138769 ], [ 2.138810160418676, 41.384081741997996 ], [ 2.1384809805929, 41.385859714168859 ] ] ] } },
{ "type": "Feature", "properties": { "id": 392, "snapped_id": 392.0, "centroid_lon": 2.17239, "centroid_lat": 41.42605, "radius": 192.295, "internal_id": 618000602953940991, "population": 2449, "component": 0, "o_score_pt": 2191.3296326627542, "o_score_car": 2295.8935849065419, "CDI": 0.023302596544423598, "log_population": 3.3891660843645326 }, "geometry": { "type": "Polygon", "coordinates": [ [ [ 2.170222817418472, 41.426615195893177 ], [ 2.172058577410902, 41.427818961817138 ], [ 2.174220312616693, 41.427253429490044 ], [ 2.174547430262683, 41.425484186588953 ], [ 2.172711645010352, 41.424280446115851 ], [ 2.170550004959005, 41.424845986788384 ], [ 2.170222817418472, 41.426615195893177 ] ] ] } },
{ "type": "Feature", "properties": { "id": 393, "snapped_id": 393.0, "centroid_lon": 2.16231, "centroid_lat": 41.41346, "radius": 192.291, "internal_id": 618000602274725887, "population": 2414, "component": 0, "o_score_pt": 1913.4050565777716, "o_score_car": 2413.4671451183449, "CDI": 0.1155712637744538, "log_population": 3.3829171350875309 }, "geometry": { "type": "Polygon", "coordinates": [ [ [ 2.160150819750826, 41.414024518212649 ], [ 2.161982362898895, 41.415226011331171 ], [ 2.164138798878743, 41.414661791170332 ], [ 2.164465368520956, 41.412896158979891 ], [ 2.162633800135897, 41.411694691354455 ], [ 2.160477459096529, 41.412258919803953 ], [ 2.160150819750826, 41.414024518212649 ] ] ] } },
{ "type": "Feature", "properties": { "id": 394, "snapped_id": 394.0, "centroid_lon": 2.14914, "centroid_lat": 41.37292, "radius": 192.312, "internal_id": 618000602729021439, "population": 2657, "component": 0, "o_score_pt": 2355.0103874750689, "o_score_car": 2305.3295550246148, "CDI": -0.010660345181559099, "log_population": 3.4245549766067134 }, "geometry": { "type": "Polygon", "coordinates": [ [ [ 2.146969581363622, 41.373485736422289 ], [ 2.148811895125013, 41.374695297677043 ], [ 2.150983212561882, 41.374126595362711 ], [ 2.151312120727475, 41.372348323222901 ], [ 2.149469781547886, 41.371138787344819 ], [ 2.147298559618055, 41.371707498230442 ], [ 2.146969581363622, 41.373485736422289 ] ] ] } },
{ "type": "Feature", "properties": { "id": 395, "snapped_id": 395.0, "centroid_lon": 2.18777, "centroid_lat": 41.37633, "radius": 192.377, "internal_id": 618000602429128703, "population": 1335, "component": 0, "o_score_pt": 2103.7152864620471, "o_score_car": 2100.977850200215, "CDI": -0.00065104305423939999, "log_population": 3.1258064581395271 }, "geometry": { "type": "Polygon", "coordinates": [ [ [ 2.185803548026382, 41.376844097626531 ], [ 2.187485381457866, 41.377947171040432 ], [ 2.189441624157969, 41.377434233856597 ], [ 2.1897396250524, 41.375819366876783 ], [ 2.188057768489926, 41.374716320330911 ], [ 2.186101612613932, 41.375229262827858 ], [ 2.185803548026382, 41.376844097626531 ] ] ] } },
{ "type": "Feature", "properties": { "id": 396, "snapped_id": 396.0, "centroid_lon": 2.20945, "centroid_lat": 41.4045, "radius": 192.384, "internal_id": 618000602391642111, "population": 2223, "component": 0, "o_score_pt": 1905.4899384580328, "o_score_car": 2234.4394515349809, "CDI": 0.079457759321229199, "log_population": 3.34713478291002 }, "geometry": { "type": "Polygon", "coordinates": [ [ [ 2.207318252743977, 41.405056621238373 ], [ 2.209130190412993, 41.40624396314621 ], [ 2.211259201775188, 41.405685905037586 ], [ 2.211580999283795, 41.403940741960248 ], [ 2.20976903681656, 41.402753425803091 ], [ 2.207640119216426, 41.403311491684988 ], [ 2.207318252743977, 41.405056621238373 ] ] ] } },
{ "type": "Feature", "properties": { "id": 397, "snapped_id": 397.0, "centroid_lon": 2.08958, "centroid_lat": 41.41555, "radius": 192.16, "internal_id": 618000603070857215, "population": 4, "component": 0, "o_score_pt": 8.4877623890156837, "o_score_car": 1246.2673617547005, "CDI": 0.98647104566349875, "log_population": 0.69897000433601886 }, "geometry": { "type": "Polygon", "coordinates": [ [ [ 2.089393710506222, 41.415566782794109 ], [ 2.089663518738971, 41.415744102392317 ], [ 2.089735457798588, 41.415725324421302 ], [ 2.08976976962132, 41.415540641135635 ], [ 2.089499957075059, 41.415363330723558 ], [ 2.089428029291834, 41.41538210610662 ], [ 2.089393710506222, 41.415566782794109 ] ] ] } },
{ "type": "Feature", "properties": { "id": 398, "snapped_id": 398.0, "centroid_lon": 2.14987, "centroid_lat": 41.44716, "radius": 192.232, "internal_id": 618000603033370623, "population": 11, "component": 0, "o_score_pt": 889.44513933490839, "o_score_car": 2010.9496967350019, "CDI": 0.38667306376801908, "log_population": 1.0791812460476249 }, "geometry": { "type": "Polygon", "coordinates": [ [ [ 2.149399330780905, 41.447250755637128 ], [ 2.14989092352886, 41.447573213903851 ], [ 2.150258848656315, 41.447477100971042 ], [ 2.150334442705457, 41.447068975445646 ], [ 2.149842842660945, 41.446746532745543 ], [ 2.149474940683122, 41.446842641969432 ], [ 2.149399330780905, 41.447250755637128 ] ] ] } },
{ "type": "Feature", "properties": { "id": 399, "snapped_id": 4.0, "centroid_lon": 2.16513, "centroid_lat": 41.3535, "radius": 192.362, "internal_id": 618000602662436863, "population": 1055, "component": 0, "o_score_pt": 0.36210430309315128, "o_score_car": 1984.3757388331069, "CDI": 0.99963511120186921, "log_population": 3.0236639181977933 }, "geometry": { "type": "Polygon", "coordinates": [ [ [ 2.163234105836131, 41.35398791372711 ], [ 2.164855397104919, 41.35505218687576 ], [ 2.166731568878155, 41.354560195355177 ], [ 2.167018745768957, 41.353005434529194 ], [ 2.165397432112329, 41.351941188606915 ], [ 2.163521343953023, 41.352433184426474 ], [ 2.163234105836131, 41.35398791372711 ] ] ] } },
{ "type": "Feature", "properties": { "id": 400, "snapped_id": 400.0, "centroid_lon": 2.12018, "centroid_lat": 41.41771, "radius": 192.212, "internal_id": 618000602316668927, "population": 0, "component": 0, "o_score_pt": 8.5976662869271028, "o_score_car": 1410.0955393149611, "CDI": 0.98787945659713039, "log_population": 0.0 }, "geometry": { "type": "Polygon", "coordinates": [ [ [ 2.120137617474644, 41.417681500090069 ], [ 2.120221997489248, 41.417736910728337 ], [ 2.120221998765804, 41.417736903844762 ], [ 2.120137618101873, 41.417681496708681 ], [ 2.120137617474644, 41.417681500090069 ] ] ] } },
{ "type": "Feature", "properties": { "id": 401, "snapped_id": 401.0, "centroid_lon": 2.16935, "centroid_lat": 41.42008, "radius": 192.296, "internal_id": 618000602958397439, "population": 743, "component": 0, "o_score_pt": 1713.1437845208134, "o_score_car": 2336.7734222652039, "CDI": 0.15398577449915279, "log_population": 2.8715729355458786 }, "geometry": { "type": "Polygon", "coordinates": [ [ [ 2.167572096365503, 41.420534793904046 ], [ 2.169106402450416, 41.421541041120662 ], [ 2.170866045661335, 41.421080644126263 ], [ 2.171136804681044, 41.419616318401395 ], [ 2.169602477363981, 41.418610098741368 ], [ 2.167842913157676, 41.419070498566157 ], [ 2.167572096365503, 41.420534793904046 ] ] ] } },
{ "type": "Feature", "properties": { "id": 402, "snapped_id": 402.0, "centroid_lon": 2.15026, "centroid_lat": 41.41154, "radius": 192.272, "internal_id": 618000602279182335, "population": 1090, "component": 0, "o_score_pt": 2204.5000041564517, "o_score_car": 2315.1337011142059, "CDI": 0.024478465329775899, "log_population": 3.0378247505883418 }, "geometry": { "type": "Polygon", "coordinates": [ [ [ 2.148356835890477, 41.412030067314618 ], [ 2.149987211140472, 41.413099948570675 ], [ 2.151875521499011, 41.412606035772654 ], [ 2.152164671656696, 41.411043804773236 ], [ 2.150534273828504, 41.409973950663769 ], [ 2.148646047656684, 41.410467867920886 ], [ 2.148356835890477, 41.412030067314618 ] ] ] } },
{ "type": "Feature", "properties": { "id": 403, "snapped_id": 403.0, "centroid_lon": 2.18201, "centroid_lat": 41.45229, "radius": 192.283, "internal_id": 618000602920910847, "population": 364, "component": 0, "o_score_pt": 1582.3838450134433, "o_score_car": 1778.0999079898384, "CDI": 0.058240443150924998, "log_population": 2.5622928644564746 }, "geometry": { "type": "Polygon", "coordinates": [ [ [ 2.180454349069137, 41.452685926871681 ], [ 2.181809594238456, 41.453574105648713 ], [ 2.183329853236389, 41.453176640361285 ], [ 2.1835668304736, 41.451894840244911 ], [ 2.182211566491153, 41.451006689087286 ], [ 2.180691376903275, 41.451404154660622 ], [ 2.180454349069137, 41.452685926871681 ] ] ] } },
{ "type": "Feature", "properties": { "id": 404, "snapped_id": 253.0, "centroid_lon": 2.15453, "centroid_lat": 41.33258, "radius": 192.366, "internal_id": 618000602695991295, "population": 641, "component": 0, "o_score_pt": 0.0, "o_score_car": 1257.2218086359951, "CDI": 1.0, "log_population": 2.8075350280688531 }, "geometry": { "type": "Polygon", "coordinates": [ [ [ 2.15279959840518, 41.333025898973183 ], [ 2.154294441707213, 41.334007682104534 ], [ 2.156002338027167, 41.333559632032177 ], [ 2.156266079935835, 41.332132080642161 ], [ 2.154771215918275, 41.331150325179756 ], [ 2.153063396448393, 41.331598377546179 ], [ 2.15279959840518, 41.333025898973183 ] ] ] } },
{ "type": "Feature", "properties": { "id": 405, "snapped_id": 405.0, "centroid_lon": 2.21248, "centroid_lat": 41.41047, "radius": 192.383, "internal_id": 618000602471071743, "population": 2385, "component": 0, "o_score_pt": 1850.2554612587851, "o_score_car": 2155.9882591091441, "CDI": 0.076314078520984305, "log_population": 3.3776704393343229 }, "geometry": { "type": "Polygon", "coordinates": [ [ [ 2.21032967718491, 41.411037487969125 ], [ 2.212159621263207, 41.412236449073674 ], [ 2.214312530898904, 41.411672193228853 ], [ 2.214637616043337, 41.409909081619951 ], [ 2.212807646936641, 41.408710146074476 ], [ 2.210654832025182, 41.409274410054763 ], [ 2.21032967718491, 41.411037487969125 ] ] ] } },
{ "type": "Feature", "properties": { "id": 406, "snapped_id": 406.0, "centroid_lon": 2.19687, "centroid_lat": 41.39426, "radius": 192.373, "internal_id": 618000602396098559, "population": 1765, "component": 0, "o_score_pt": 2029.9352614448703, "o_score_car": 2292.9655329181301, "CDI": 0.060845780179884602, "log_population": 3.2469906992415498 }, "geometry": { "type": "Polygon", "coordinates": [ [ [ 2.194808333497484, 41.394794714534221 ], [ 2.196561361868079, 41.395943965213448 ], [ 2.198612214862411, 41.395406411119772 ], [ 2.198923306352015, 41.393720265937041 ], [ 2.197170253925767, 41.392571041568004 ], [ 2.195119491561637, 41.393108602289892 ], [ 2.194808333497484, 41.394794714534221 ] ] ] } },
{ "type": "Feature", "properties": { "id": 407, "snapped_id": 407.0, "centroid_lon": 2.1061, "centroid_lat": 41.40448, "radius": 192.202, "internal_id": 618000602358611967, "population": 161, "component": 0, "o_score_pt": 860.46973023320288, "o_score_car": 1929.2207209595399, "CDI": 0.38310737675909112, "log_population": 2.2095150145426308 }, "geometry": { "type": "Polygon", "coordinates": [ [ [ 2.104807067467538, 41.404797916379636 ], [ 2.105954670322919, 41.405551906898644 ], [ 2.107199292845425, 41.405226731377859 ], [ 2.107398617132304, 41.404152557200071 ], [ 2.106250998091707, 41.403398593272776 ], [ 2.105006433944041, 41.403723767013737 ], [ 2.104807067467538, 41.404797916379636 ] ] ] } },
{ "type": "Feature", "properties": { "id": 408, "snapped_id": 408.0, "centroid_lon": 2.10814, "centroid_lat": 41.41578, "radius": 192.193, "internal_id": 618000602321125375, "population": 590, "component": 0, "o_score_pt": 14.186992042607503, "o_score_car": 1547.5425671707455, "CDI": 0.98183169171779838, "log_population": 2.7715874808812555 }, "geometry": { "type": "Polygon", "coordinates": [ [ [ 2.106429029527076, 41.416219316273718 ], [ 2.107903621234083, 41.417187955673164 ], [ 2.109584826346905, 41.416748868539948 ], [ 2.109845573211441, 41.41534382481823 ], [ 2.108370960894765, 41.414375213066172 ], [ 2.106689831707042, 41.414814302245489 ], [ 2.106429029527076, 41.416219316273718 ] ] ] } },
{ "type": "Feature", "properties": { "id": 409, "snapped_id": 409.0, "centroid_lon": 2.16791, "centroid_lat": 41.43906, "radius": 192.273, "internal_id": 618000602962853887, "population": 2387, "component": 0, "o_score_pt": 1879.266550275772, "o_score_car": 2172.2752916522622, "CDI": 0.072320304913117694, "log_population": 3.3780343224573315 }, "geometry": { "type": "Polygon", "coordinates": [ [ [ 2.165756082521498, 41.439624421894145 ], [ 2.167585511165405, 41.44082398113617 ], [ 2.16973887820005, 41.440260980983922 ], [ 2.170064913576923, 41.438498527846079 ], [ 2.168235459737232, 41.437298994115388 ], [ 2.166082187543199, 41.437862002483598 ], [ 2.165756082521498, 41.439624421894145 ] ] ] } },
{ "type": "Feature", "properties": { "id": 410, "snapped_id": 410.0, "centroid_lon": 2.12611, "centroid_lat": 41.38571, "radius": 192.258, "internal_id": 618000602283638783, "population": 2873, "component": 0, "o_score_pt": 2122.2433383646371, "o_score_car": 2330.3503215336382, "CDI": 0.046738372971980399, "log_population": 3.4584867637982066 }, "geometry": { "type": "Polygon", "coordinates": [ [ [ 2.123939939529544, 41.386280973040506 ], [ 2.12578182701877, 41.387490772108791 ], [ 2.127953184373134, 41.386922735544239 ], [ 2.128282558678534, 41.385144891300897 ], [ 2.126440645686818, 41.383935117586702 ], [ 2.124269383889336, 41.384503162762329 ], [ 2.123939939529544, 41.386280973040506 ] ] ] } },
{ "type": "Feature", "properties": { "id": 411, "snapped_id": 411.0, "centroid_lon": 2.17898, "centroid_lat": 41.44632, "radius": 192.284, "internal_id": 618000602925367295, "population": 2474, "component": 0, "o_score_pt": 1725.0825334983845, "o_score_car": 2127.1163921290758, "CDI": 0.10436477097693141, "log_population": 3.3935752032695876 }, "geometry": { "type": "Polygon", "coordinates": [ [ [ 2.176811889928565, 41.446883279593358 ], [ 2.178650858591104, 41.448088648274343 ], [ 2.180816618803817, 41.447522356161706 ], [ 2.181144176167664, 41.445750732554401 ], [ 2.179305182220645, 41.444545389286532 ], [ 2.177139517339497, 41.445111689784312 ], [ 2.176811889928565, 41.446883279593358 ] ] ] } },
{ "type": "Feature", "properties": { "id": 412, "snapped_id": 412.0, "centroid_lon": 2.16414, "centroid_lat": 41.35883, "radius": 192.354, "internal_id": 618000602662961151, "population": 821, "component": 0, "o_score_pt": 1107.8319771824602, "o_score_car": 1973.4080673885908, "CDI": 0.28091809715741578, "log_population": 2.9148718175400505 }, "geometry": { "type": "Polygon", "coordinates": [ [ [ 2.162327982090845, 41.359301451009884 ], [ 2.163886060115156, 41.360324188464837 ], [ 2.165677917523875, 41.359854410856975 ], [ 2.165953282263218, 41.358363846949445 ], [ 2.164395182693992, 41.357341136993817 ], [ 2.162603405522131, 41.357810917847402 ], [ 2.162327982090845, 41.359301451009884 ] ] ] } },
{ "type": "Feature", "properties": { "id": 413, "snapped_id": 413.0, "centroid_lon": 2.12744, "centroid_lat": 41.32276, "radius": 192.329, "internal_id": 618000605154902015, "population": 1844, "component": 0, "o_score_pt": 980.90086577880925, "o_score_car": 1681.0945278143265, "CDI": 0.2630333860534606, "log_population": 3.265996370495079 }, "geometry": { "type": "Polygon", "coordinates": [ [ [ 2.125373049397058, 41.323299710376034 ], [ 2.127133587286262, 41.324456925781362 ], [ 2.129196583577742, 41.323915994542894 ], [ 2.129510682530504, 41.322218354914433 ], [ 2.127750120261581, 41.321061165721297 ], [ 2.125687215097936, 41.321602103934808 ], [ 2.125373049397058, 41.323299710376034 ] ] ] } },
{ "type": "Feature", "properties": { "id": 414, "snapped_id": 414.0, "centroid_lon": 2.08458, "centroid_lat": 41.42024, "radius": 192.146, "internal_id": 618000603079770111, "population": 0, "component": 0, "o_score_pt": 4.0740323614411658, "o_score_car": 1230.1619247661552, "CDI": 0.99339829254217715, "log_population": 0.0 }, "geometry": { "type": "Polygon", "coordinates": [ [ [ 2.084535823078181, 41.420213458859735 ], [ 2.084620114429545, 41.420268859591893 ], [ 2.084620115709392, 41.420268852705846 ], [ 2.084535823707306, 41.420213455475626 ], [ 2.084535823078181, 41.420213458859735 ] ] ] } },
{ "type": "Feature", "properties": { "id": 415, "snapped_id": 415.0, "centroid_lon": 2.16488, "centroid_lat": 41.43309, "radius": 192.274, "internal_id": 618000602967310335, "population": 2618, "component": 0, "o_score_pt": 1968.25636424923, "o_score_car": 2029.7555130250632, "CDI": 0.0153824327349825, "log_population": 3.4181354984252321 }, "geometry": { "type": "Polygon", "coordinates": [ [ [ 2.162706781836127, 41.43365593726616 ], [ 2.164550887062662, 41.434865301318716 ], [ 2.166723945038135, 41.434297085986614 ], [ 2.167052802155771, 41.432519498066803 ], [ 2.165208671527377, 41.431310159361196 ], [ 2.16303570918035, 41.431878383229041 ], [ 2.162706781836127, 41.43365593726616 ] ] ] } },
{ "type": "Feature", "properties": { "id": 416, "snapped_id": 416.0, "centroid_lon": 2.17701, "centroid_lat": 41.45698, "radius": 192.269, "internal_id": 618000602929823743, "population": 581, "component": 0, "o_score_pt": 1162.763703358434, "o_score_car": 1697.910098014625, "CDI": 0.1870700512583198, "log_population": 2.7649229846498886 }, "geometry": { "type": "Polygon", "coordinates": [ [ [ 2.175300665181403, 41.457418713481623 ], [ 2.176773857078273, 41.458384256113476 ], [ 2.178451547448793, 41.457945775388708 ], [ 2.178710682995515, 41.456544681335423 ], [ 2.177237470693552, 41.455579166374164 ], [ 2.175559856067019, 41.456017648977571 ], [ 2.175300665181403, 41.457418713481623 ] ] ] } },
{ "type": "Feature", "properties": { "id": 417, "snapped_id": 691.0, "centroid_lon": 2.17618, "centroid_lat": 41.36075, "radius": 192.373, "internal_id": 618000602742390783, "population": 186, "component": 0, "o_score_pt": 0.65750784179017785, "o_score_car": 1852.2591594564035, "CDI": 0.99929029960883364, "log_population": 2.271841606536499 }, "geometry": { "type": "Polygon", "coordinates": [ [ [ 2.174841065634711, 41.361089473981437 ], [ 2.176025247684843, 41.361866530059245 ], [ 2.177318269675549, 41.361527426199878 ], [ 2.177523481724429, 41.360415826282605 ], [ 2.17633928317154, 41.359638797090376 ], [ 2.175046321383198, 41.3599778994164 ], [ 2.174841065634711, 41.361089473981437 ] ] ] } },
{ "type": "Feature", "properties": { "id": 418, "snapped_id": 418.0, "centroid_lon": 2.20748, "centroid_lat": 41.41517, "radius": 192.369, "internal_id": 618000602479984639, "population": 1431, "component": 0, "o_score_pt": 1879.45490008243, "o_score_car": 2204.6146728346489, "CDI": 0.079616609596582094, "log_population": 3.1559430179718366 }, "geometry": { "type": "Polygon", "coordinates": [ [ [ 2.205490230327696, 41.415687323022418 ], [ 2.207190988503917, 41.416801721616565 ], [ 2.209171784907454, 41.416282743690068 ], [ 2.209472869918482, 41.414650449019831 ], [ 2.207772088413072, 41.413536077159449 ], [ 2.205791379837926, 41.414055060683928 ], [ 2.205490230327696, 41.415687323022418 ] ] ] } },
{ "type": "Feature", "properties": { "id": 419, "snapped_id": 419.0, "centroid_lon": 2.08156, "centroid_lat": 41.41427, "radius": 192.147, "internal_id": 618000603084226559, "population": 0, "component": 0, "o_score_pt": 1.9681295921502595, "o_score_car": 1238.0728911876383, "CDI": 0.99682570244182322, "log_population": 0.0 }, "geometry": { "type": "Polygon", "coordinates": [ [ [ 2.081513977227799, 41.414239211004457 ], [ 2.081598128011593, 41.414294527629352 ], [ 2.081598129291272, 41.414294520744676 ], [ 2.081513977857719, 41.414239207616284 ], [ 2.081513977227799, 41.414239211004457 ] ] ] } },
{ "type": "Feature", "properties": { "id": 420, "snapped_id": 420.0, "centroid_lon": 2.10313, "centroid_lat": 41.42047, "radius": 192.179, "internal_id": 618000602330038271, "population": 11, "component": 0, "o_score_pt": 13.692967600799218, "o_score_car": 1520.9305355815982, "CDI": 0.98215462284735799, "log_population": 1.0791812460476249 }, "geometry": { "type": "Polygon", "coordinates": [ [ [ 2.102666730828155, 41.420561137300851 ], [ 2.103157620296029, 41.420883621752729 ], [ 2.103524895951118, 41.420787729104212 ], [ 2.103600726246481, 41.420379276217659 ], [ 2.103109829471963, 41.420056807330745 ], [ 2.102742576955583, 41.420152696292121 ], [ 2.102666730828155, 41.420561137300851 ] ] ] } },
{ "type": "Feature", "properties": { "id": 421, "snapped_id": 421.0, "centroid_lon": 2.19801, "centroid_lat": 41.43288, "radius": 192.332, "internal_id": 618000602971766783, "population": 2462, "component": 0, "o_score_pt": 1688.6163540721814, "o_score_car": 1996.515318526461, "CDI": 0.083551686020803304, "log_population": 3.3914644118391033 }, "geometry": { "type": "Polygon", "coordinates": [ [ [ 2.195843772160116, 41.433445705057288 ], [ 2.197681798460699, 41.434650073004434 ], [ 2.199845812064952, 41.434083622337624 ], [ 2.200172744175378, 41.432312849916293 ], [ 2.198334692678036, 41.431108507416297 ], [ 2.196170774291716, 41.43167496641 ], [ 2.195843772160116, 41.433445705057288 ] ] ] } },
{ "type": "Feature", "properties": { "id": 422, "snapped_id": 422.0, "centroid_lon": 2.13868, "centroid_lat": 41.39596, "radius": 192.268, "internal_id": 618000602255065087, "population": 2581, "component": 0, "o_score_pt": 2026.633548087204, "o_score_car": 2381.4551166491296, "CDI": 0.080493292115563303, "log_population": 3.4119562379304016 }, "geometry": { "type": "Polygon", "coordinates": [ [ [ 2.136505631464252, 41.396526944583051 ], [ 2.138348126429798, 41.397736605579667 ], [ 2.140519903887084, 41.397168441238811 ], [ 2.140849090807395, 41.39539060731466 ], [ 2.139006570374988, 41.394180971673144 ], [ 2.136834888486265, 41.394749144601285 ], [ 2.136505631464252, 41.396526944583051 ] ] ] } },
{ "type": "Feature", "properties": { "id": 423, "snapped_id": 423.0, "centroid_lon": 2.17474, "centroid_lat": 41.37975, "radius": 192.35, "internal_id": 618000602746847231, "population": 1309, "component": 0, "o_score_pt": 2745.9917737940127, "o_score_car": 2336.2459891277831, "CDI": -0.080623104187606001, "log_population": 3.1172712956557644 }, "geometry": { "type": "Polygon", "coordinates": [ [ [ 2.172779063994816, 41.380257975918362 ], [ 2.174455645973221, 41.381357922643168 ], [ 2.17640518685247, 41.380847016292641 ], [ 2.176702486207533, 41.379237342376378 ], [ 2.17502588112324, 41.378137422544341 ], [ 2.173076426820435, 41.378648334139072 ], [ 2.172779063994816, 41.380257975918362 ] ] ] } },
{ "type": "Feature", "properties": { "id": 424, "snapped_id": 424.0, "centroid_lon": 2.1833, "centroid_lat": 41.38935, "radius": 192.354, "internal_id": 618000602484441087, "population": 2506, "component": 0, "o_score_pt": 2503.0268124077847, "o_score_car": 2361.87847524873, "CDI": -0.029013583782850499, "log_population": 3.3991543339582164 }, "geometry": { "type": "Polygon", "coordinates": [ [ [ 2.18113251345199, 41.389918896253477 ], [ 2.182973620924288, 41.391126376449371 ], [ 2.185142307793932, 41.390558081939723 ], [ 2.185470174072621, 41.388782317621683 ], [ 2.183629041320946, 41.387574862842087 ], [ 2.181460449824435, 41.388143165804621 ], [ 2.18113251345199, 41.389918896253477 ] ] ] } },
{ "type": "Feature", "properties": { "id": 425, "snapped_id": 425.0, "centroid_lon": 2.14625, "centroid_lat": 41.4109, "radius": 192.265, "internal_id": 618000602259521535, "population": 1611, "component": 0, "o_score_pt": 2582.1314081779842, "o_score_car": 2441.3132295180426, "CDI": -0.028032194801797701, "log_population": 3.2073650374690716 }, "geometry": { "type": "Polygon", "coordinates": [ [ [ 2.144217150826506, 41.411423412132038 ], [ 2.145946029825007, 41.412558056611758 ], [ 2.147965905016194, 41.41202978718416 ], [ 2.1482736077486, 41.410367706142573 ], [ 2.146544704834563, 41.409233088130684 ], [ 2.144524919118678, 41.409761363826142 ], [ 2.144217150826506, 41.411423412132038 ] ] ] } },
{ "type": "Feature", "properties": { "id": 426, "snapped_id": 426.0, "centroid_lon": 2.10616, "centroid_lat": 41.42644, "radius": 192.178, "internal_id": 618000602826276863, "population": 5, "component": 0, "o_score_pt": 5.0302064459496885, "o_score_car": 1240.2498306646521, "CDI": 0.99192116424250842, "log_population": 0.77815125038364363 }, "geometry": { "type": "Polygon", "coordinates": [ [ [ 2.1059116866011, 41.42647355171961 ], [ 2.106227720988651, 41.426681136320482 ], [ 2.106361341385433, 41.426646253193205 ], [ 2.106404253286878, 41.426415096912514 ], [ 2.106088213957857, 41.42620752293648 ], [ 2.105954607312567, 41.426242403172623 ], [ 2.1059116866011, 41.42647355171961 ] ] ] } },
{ "type": "Feature", "properties": { "id": 427, "snapped_id": 427.0, "centroid_lon": 2.17996, "centroid_lat": 41.44098, "radius": 192.292, "internal_id": 618000602924843007, "population": 2710, "component": 0, "o_score_pt": 1702.2234416458873, "o_score_car": 2057.0327212204279, "CDI": 0.094382841765166994, "log_population": 3.4331295175804857 }, "geometry": { "type": "Polygon", "coordinates": [ [ [ 2.177790639076832, 41.441552708392848 ], [ 2.179635377794506, 41.442761907881618 ], [ 2.18180882681468, 41.442193478808463 ], [ 2.182137441481889, 41.440415841739416 ], [ 2.180292677407946, 41.439206667601688 ], [ 2.178119324020175, 41.439775105182569 ], [ 2.177790639076832, 41.441552708392848 ] ] ] } },
{ "type": "Feature", "properties": { "id": 428, "snapped_id": 428.0, "centroid_lon": 2.17125, "centroid_lat": 41.38743, "radius": 192.335, "internal_id": 618000602488897535, "population": 2692, "component": 0, "o_score_pt": 2968.3279335049947, "o_score_car": 2530.7058406583283, "CDI": -0.079581633941364596, "log_population": 3.4302363534115106 }, "geometry": { "type": "Polygon", "coordinates": [ [ [ 2.169082802216821, 41.387999143633436 ], [ 2.170926107972169, 41.389208463321239 ], [ 2.173098073710299, 41.388639487929545 ], [ 2.173426638170739, 41.386861184320772 ], [ 2.171583307062169, 41.385651890013683 ], [ 2.169411436843522, 41.386220873935237 ], [ 2.169082802216821, 41.387999143633436 ] ] ] } },
{ "type": "Feature", "properties": { "id": 429, "snapped_id": 429.0, "centroid_lon": 2.19293, "centroid_lat": 41.4156, "radius": 192.343, "internal_id": 618000602451410943, "population": 2801, "component": 0, "o_score_pt": 2424.5605148111481, "o_score_car": 2293.8182636074048, "CDI": -0.027709147006540799, "log_population": 3.4474681309497557 }, "geometry": { "type": "Polygon", "coordinates": [ [ [ 2.190754034415814, 41.416166044733515 ], [ 2.192598616073524, 41.417375119824612 ], [ 2.194771574692661, 41.416806067217195 ], [ 2.195099856088155, 41.41502793103168 ], [ 2.193255249132621, 41.413818881316153 ], [ 2.191082386076564, 41.41438794241116 ], [ 2.190754034415814, 41.416166044733515 ] ] ] } },
{ "type": "Feature", "properties": { "id": 430, "snapped_id": 430.0, "centroid_lon": 2.05748, "centroid_lat": 41.4104, "radius": 192.109, "internal_id": 618000603055652863, "population": 1, "component": 1, "o_score_pt": 0.4751543230502977, "o_score_car": 952.54238793707975, "CDI": 0.99900284244102477, "log_population": 0.3010299956639812 }, "geometry": { "type": "Polygon", "coordinates": [ [ [ 2.057441899484324, 41.410375841872174 ], [ 2.057525870342395, 41.410431076563022 ], [ 2.0575258716239, 41.410431069678054 ], [ 2.057441900116108, 41.410375838478686 ], [ 2.057441899484324, 41.410375841872174 ] ] ] } },
{ "type": "Feature", "properties": { "id": 431, "snapped_id": 431.0, "centroid_lon": 2.1271, "centroid_lat": 41.38038, "radius": 192.265, "internal_id": 618000602283114495, "population": 2956, "component": 0, "o_score_pt": 2179.5368890247355, "o_score_car": 2267.5323841821087, "CDI": 0.019787300298544301, "log_population": 3.4708513245261177 }, "geometry": { "type": "Polygon", "coordinates": [ [ [ 2.124928233993375, 41.380947456142188 ], [ 2.126770035714499, 41.38215724729227 ], [ 2.128941268680224, 41.381589116747456 ], [ 2.129270604377982, 41.379811186443156 ], [ 2.127428777160854, 41.378601420651272 ], [ 2.125257639739096, 41.379169559806051 ], [ 2.124928233993375, 41.380947456142188 ] ] ] } },
{ "type": "Feature", "properties": { "id": 432, "snapped_id": 432.0, "centroid_lon": 2.1689, "centroid_lat": 41.43373, "radius": 192.28, "internal_id": 618000602962329599, "population": 2392, "component": 0, "o_score_pt": 1986.9726680686576, "o_score_car": 2120.4651989856143, "CDI": 0.032500194826487597, "log_population": 3.3789426986134372 }, "geometry": { "type": "Polygon", "coordinates": [ [ [ 2.166742063892556, 41.43429201673041 ], [ 2.168571935022344, 41.435491914504446 ], [ 2.170725883821051, 41.434928636803491 ], [ 2.171051979950524, 41.433165562781319 ], [ 2.169222083624347, 41.431965690516812 ], [ 2.167068229681703, 41.432528976443727 ], [ 2.166742063892556, 41.43429201673041 ] ] ] } },
{ "type": "Feature", "properties": { "id": 433, "snapped_id": 433.0, "centroid_lon": 2.14927, "centroid_lat": 41.41687, "radius": 192.264, "internal_id": 618000602338951167, "population": 947, "component": 0, "o_score_pt": 2047.8955776619853, "o_score_car": 2275.0668653836392, "CDI": 0.0525499100939694, "log_population": 2.976808337338066 }, "geometry": { "type": "Polygon", "coordinates": [ [ [ 2.147414206132242, 41.417350492522935 ], [ 2.149009172554686, 41.418397096189246 ], [ 2.15085021832987, 41.417915653104181 ], [ 2.151132748058409, 41.416389444119986 ], [ 2.149537759528511, 41.415342867775436 ], [ 2.147696796049101, 41.41582431471479 ], [ 2.147414206132242, 41.417350492522935 ] ] ] } },
{ "type": "Feature", "properties": { "id": 434, "snapped_id": 434.0, "centroid_lon": 2.16724, "centroid_lat": 41.38679, "radius": 192.329, "internal_id": 618000602301464575, "population": 2710, "component": 0, "o_score_pt": 2943.518901017927, "o_score_car": 2513.0191759415511, "CDI": -0.078896127728712004, "log_population": 3.4331295175804857 }, "geometry": { "type": "Polygon", "coordinates": [ [ [ 2.165067733949579, 41.387358679564699 ], [ 2.166910903007545, 41.38856804217987 ], [ 2.169082802216821, 41.387999143633436 ], [ 2.169411436843522, 41.386220873935237 ], [ 2.167568242419315, 41.385011536698755 ], [ 2.165396438731759, 41.385580443782366 ], [ 2.165067733949579, 41.387358679564699 ] ] ] } },
{ "type": "Feature", "properties": { "id": 435, "snapped_id": 435.0, "centroid_lon": 2.10913, "centroid_lat": 41.41045, "radius": 192.2, "internal_id": 618000602320601087, "population": 563, "component": 0, "o_score_pt": 898.8664981567041, "o_score_car": 1918.0133795539548, "CDI": 0.36179990828204361, "log_population": 2.7512791039833422 }, "geometry": { "type": "Polygon", "coordinates": [ [ [ 2.10743353005119, 41.410883481538661 ], [ 2.108896227886063, 41.411844346636052 ], [ 2.110561567218823, 41.411409306128448 ], [ 2.110820065059085, 41.410016150418912 ], [ 2.109357346780358, 41.409055312984279 ], [ 2.107692082728266, 41.409490355365406 ], [ 2.10743353005119, 41.410883481538661 ] ] ] } },
{ "type": "Feature", "properties": { "id": 436, "snapped_id": 436.0, "centroid_lon": 2.13802, "centroid_lat": 41.34368, "radius": 192.325, "internal_id": 618000602755760127, "population": 1629, "component": 0, "o_score_pt": 1196.9458190956109, "o_score_car": 1882.0193435432045, "CDI": 0.22250122630827501, "log_population": 3.2121876044039577 }, "geometry": { "type": "Polygon", "coordinates": [ [ [ 2.13599498752643, 41.344207261148881 ], [ 2.137724991652401, 41.345343812553104 ], [ 2.139746884081514, 41.344813878089319 ], [ 2.140055011318162, 41.343148127119143 ], [ 2.138324983254857, 41.342011602192521 ], [ 2.13630318031385, 41.342541543000259 ], [ 2.13599498752643, 41.344207261148881 ] ] ] } },
{ "type": "Feature", "properties": { "id": 437, "snapped_id": 437.0, "centroid_lon": 2.17717, "centroid_lat": 41.35542, "radius": 192.381, "internal_id": 618000602680786943, "population": 219, "component": 0, "o_score_pt": 0.33830028314564092, "o_score_car": 1672.2994085248538, "CDI": 0.99959548887202043, "log_population": 2.3424226808222062 }, "geometry": { "type": "Polygon", "coordinates": [ [ [ 2.175774561480538, 41.355767773552977 ], [ 2.176999730130061, 41.356571756774116 ], [ 2.178347442902411, 41.356218231550478 ], [ 2.178560311405518, 41.355064967078263 ], [ 2.177335125709048, 41.354261011000048 ], [ 2.175987475327881, 41.354614535089382 ], [ 2.175774561480538, 41.355767773552977 ] ] ] } },
{ "type": "Feature", "properties": { "id": 438, "snapped_id": 438.0, "centroid_lon": 2.17883, "centroid_lat": 41.40237, "radius": 192.332, "internal_id": 618000602493353983, "population": 2799, "component": 0, "o_score_pt": 2641.5937513945582, "o_score_car": 2549.4706605546376, "CDI": -0.017746474235200101, "log_population": 3.4471580313422194 }, "geometry": { "type": "Polygon", "coordinates": [ [ [ 2.176657508638803, 41.402936523338667 ], [ 2.178501371194057, 41.404145755096899 ], [ 2.180673814609835, 41.403576822308473 ], [ 2.181002299921272, 41.401798649247915 ], [ 2.179158412029086, 41.400589442865275 ], [ 2.17698606415953, 41.401158384168184 ], [ 2.176657508638803, 41.402936523338667 ] ] ] } },
{ "type": "Feature", "properties": { "id": 439, "snapped_id": 439.0, "centroid_lon": 2.10761, "centroid_lat": 41.40746, "radius": 192.201, "internal_id": 618000602358087679, "population": 496, "component": 0, "o_score_pt": 15.194042306252186, "o_score_car": 1921.8674055913104, "CDI": 0.98431227638881202, "log_population": 2.6963563887333324 }, "geometry": { "type": "Polygon", "coordinates": [ [ [ 2.105961851342313, 41.407884968826856 ], [ 2.107392526526494, 41.408824868519716 ], [ 2.10901514985853, 41.408400961519838 ], [ 2.109267659595466, 41.407040122940842 ], [ 2.107836964397503, 41.406100250926904 ], [ 2.106214414628567, 41.406524159351079 ], [ 2.105961851342313, 41.407884968826856 ] ] ] } },
{ "type": "Feature", "properties": { "id": 440, "snapped_id": 440.0, "centroid_lon": 2.18035, "centroid_lat": 41.40535, "radius": 192.332, "internal_id": 618000602455867391, "population": 1835, "component": 0, "o_score_pt": 2559.340961588764, "o_score_car": 2493.1107953391961, "CDI": -0.0131085202661763, "log_population": 3.2638726768652235 }, "geometry": { "type": "Polygon", "coordinates": [ [ [ 2.178275371809532, 41.405895153915253 ], [ 2.180037991067258, 41.407051019454983 ], [ 2.182102020397877, 41.406510510106884 ], [ 2.182415274830479, 41.404814728412745 ], [ 2.18065263132683, 41.403658889079075 ], [ 2.178588693191329, 41.404199405275627 ], [ 2.178275371809532, 41.405895153915253 ] ] ] } },
{ "type": "Feature", "properties": { "id": 441, "snapped_id": 441.0, "centroid_lon": 2.15685, "centroid_lat": 41.43181, "radius": 192.261, "internal_id": 618000602343407615, "population": 2484, "component": 0, "o_score_pt": 1985.6910460156221, "o_score_car": 2168.2929421572303, "CDI": 0.043958257100053501, "log_population": 3.3953263930693511 }, "geometry": { "type": "Polygon", "coordinates": [ [ [ 2.154679162306385, 41.432371575056123 ], [ 2.156518159272896, 41.43357785399882 ], [ 2.158684631754923, 41.433011479214777 ], [ 2.159012723372201, 41.43123885370624 ], [ 2.157173701042663, 41.430032600161042 ], [ 2.155007323934394, 41.430598983393196 ], [ 2.154679162306385, 41.432371575056123 ] ] ] } },
{ "type": "Feature", "properties": { "id": 442, "snapped_id": 442.0, "centroid_lon": 2.16692, "centroid_lat": 41.44439, "radius": 192.265, "internal_id": 618000603022622719, "population": 884, "component": 0, "o_score_pt": 1769.1409202066127, "o_score_car": 2061.5791243885169, "CDI": 0.076340270439369098, "log_population": 2.9469432706978256 }, "geometry": { "type": "Polygon", "coordinates": [ [ [ 2.165085665363438, 41.44486827090477 ], [ 2.166664290716793, 41.445903338988678 ], [ 2.168482969607212, 41.445427947803537 ], [ 2.168762055285476, 41.443919540595246 ], [ 2.167183408090167, 41.442884499904956 ], [ 2.165364810605402, 41.44335989462418 ], [ 2.165085665363438, 41.44486827090477 ] ] ] } },
{ "type": "Feature", "properties": { "id": 443, "snapped_id": 443.0, "centroid_lon": 2.19838, "centroid_lat": 41.39724, "radius": 192.372, "internal_id": 618000602395574271, "population": 1618, "component": 0, "o_score_pt": 2022.8743281256316, "o_score_car": 2344.9792901607857, "CDI": 0.073744449833811399, "log_population": 3.2092468487533736 }, "geometry": { "type": "Polygon", "coordinates": [ [ [ 2.196352084809405, 41.397774418569441 ], [ 2.198083243548725, 41.398909247111263 ], [ 2.200104885769021, 41.398379380563533 ], [ 2.200411857292367, 41.396715509830351 ], [ 2.198680674793366, 41.395580707785037 ], [ 2.196659122032257, 41.39611058053336 ], [ 2.196352084809405, 41.397774418569441 ] ] ] } },
{ "type": "Feature", "properties": { "id": 444, "snapped_id": 444.0, "centroid_lon": 2.15467, "centroid_lat": 41.37655, "radius": 192.318, "internal_id": 618000602305921023, "population": 2474, "component": 0, "o_score_pt": 2571.4445677675249, "o_score_car": 2430.3678301052264, "CDI": -0.0282051237512022, "log_population": 3.3935752032695876 }, "geometry": { "type": "Polygon", "coordinates": [ [ [ 2.152504148961149, 41.377112294310173 ], [ 2.154340858137464, 41.378317953561734 ], [ 2.156504529790411, 41.377751228074992 ], [ 2.156832255927385, 41.375978876022344 ], [ 2.154995521427757, 41.374773242214282 ], [ 2.152831944971452, 41.37533997613825 ], [ 2.152504148961149, 41.377112294310173 ] ] ] } },
{ "type": "Feature", "properties": { "id": 445, "snapped_id": 445.0, "centroid_lon": 2.17633, "centroid_lat": 41.40471, "radius": 192.325, "internal_id": 618000602268434431, "population": 1943, "component": 0, "o_score_pt": 2843.5357021888308, "o_score_car": 2563.1209195958359, "CDI": -0.0518647293899041, "log_population": 3.2886962605902559 }, "geometry": { "type": "Polygon", "coordinates": [ [ [ 2.174240847656646, 41.405259847491386 ], [ 2.176017785124202, 41.406425230096659 ], [ 2.178101021818293, 41.405879748026734 ], [ 2.178417046407862, 41.404169368568517 ], [ 2.176640084488704, 41.403004012032895 ], [ 2.174556939765662, 41.40354950124506 ], [ 2.174240847656646, 41.405259847491386 ] ] ] } },
{ "type": "Feature", "properties": { "id": 446, "snapped_id": 446.0, "centroid_lon": 2.13506, "centroid_lat": 41.35968, "radius": 192.302, "internal_id": 618000602722729983, "population": 1803, "component": 0, "o_score_pt": 1960.7151679182184, "o_score_car": 2078.0845013380526, "CDI": 0.029060449398681701, "log_population": 3.2562365332059229 }, "geometry": { "type": "Polygon", "coordinates": [ [ [ 2.133000532003369, 41.360221811991615 ], [ 2.134756411624302, 41.361375224157186 ], [ 2.136812835715508, 41.360836598707316 ], [ 2.137125874081113, 41.35914513802507 ], [ 2.135369970158509, 41.357991752105754 ], [ 2.133313636964799, 41.358530384401035 ], [ 2.133000532003369, 41.360221811991615 ] ] ] } },
{ "type": "Feature", "properties": { "id": 447, "snapped_id": null, "centroid_lon": 2.15302, "centroid_lat": 41.32959, "radius": 192.367, "internal_id": 618000602685243391, "population": 585, "component": 0, "o_score_pt": 0.64132858093197787, "o_score_car": 1322.0879925960539, "CDI": 0.999030295056344, "log_population": 2.7678976160180908 }, "geometry": { "type": "Polygon", "coordinates": [ [ [ 2.151315881243005, 41.330029353329287 ], [ 2.152787569012613, 41.330996000817571 ], [ 2.154464634854324, 41.330556012731186 ], [ 2.154724073802034, 41.329151798714712 ], [ 2.153252365624841, 41.32818517892899 ], [ 2.151575375394404, 41.328625168971534 ], [ 2.151315881243005, 41.330029353329287 ] ] ] } },
{ "type": "Feature", "properties": { "id": 448, "snapped_id": 448.0, "centroid_lon": 2.16625, "centroid_lat": 41.39212, "radius": 192.321, "internal_id": 618000602497810431, "population": 2719, "component": 0, "o_score_pt": 2966.282521278808, "o_score_car": 2457.7582526468091, "CDI": -0.093753769528534897, "log_population": 3.4345689040341987 }, "geometry": { "type": "Polygon", "coordinates": [ [ [ 2.16408154250526, 41.392693214742096 ], [ 2.165924797524907, 41.393902585182126 ], [ 2.16809682125192, 41.39333378055241 ], [ 2.16842549442175, 41.391555596944919 ], [ 2.166582214029411, 41.390346251879464 ], [ 2.164410285837044, 41.390915065047473 ], [ 2.16408154250526, 41.392693214742096 ] ] ] } },
{ "type": "Feature", "properties": { "id": 449, "snapped_id": 449.0, "centroid_lon": 2.16389, "centroid_lat": 41.43842, "radius": 192.266, "internal_id": 618000603027079167, "population": 2297, "component": 0, "o_score_pt": 1829.4950831089784, "o_score_car": 2116.5463856726865, "CDI": 0.072744117068879802, "log_population": 3.3613500243522663 }, "geometry": { "type": "Polygon", "coordinates": [ [ [ 2.161750950875374, 41.438979747876857 ], [ 2.163570534482404, 41.440172982845517 ], [ 2.16571087792999, 41.4396134462541 ], [ 2.166035164329145, 41.437860855340766 ], [ 2.164215555643528, 41.436667645986574 ], [ 2.162075306518389, 41.437227190598932 ], [ 2.161750950875374, 41.438979747876857 ] ] ] } },
{ "type": "Feature", "properties": { "id": 450, "snapped_id": 450.0, "centroid_lon": 2.16224, "centroid_lat": 41.39148, "radius": 192.315, "internal_id": 618000602310377471, "population": 2751, "component": 0, "o_score_pt": 2824.1965833280547, "o_score_car": 2517.2352834281623, "CDI": -0.057467980039274703, "log_population": 3.4396484295634737 }, "geometry": { "type": "Polygon", "coordinates": [ [ [ 2.160066467041049, 41.392052529165106 ], [ 2.161909585337366, 41.393261942528412 ], [ 2.16408154250526, 41.392693214742096 ], [ 2.164410285837044, 41.390915065047473 ], [ 2.162567142155025, 41.389705677056718 ], [ 2.160395280524054, 41.390274413388596 ], [ 2.160066467041049, 41.392052529165106 ] ] ] } },
{ "type": "Feature", "properties": { "id": 451, "snapped_id": 451.0, "centroid_lon": 2.17602, "centroid_lat": 41.46231, "radius": 192.261, "internal_id": 618000602989592575, "population": 1547, "component": 0, "o_score_pt": 1138.3365246849071, "o_score_car": 1625.52022346495, "CDI": 0.17626951871010199, "log_population": 3.1897709563468739 }, "geometry": { "type": "Polygon", "coordinates": [ [ [ 2.174002382845067, 41.462837798957828 ], [ 2.17572297312559, 41.463965440083442 ], [ 2.177730789330076, 41.463440796343441 ], [ 2.178036252492104, 41.46178949327264 ], [ 2.17631563849384, 41.460661878686473 ], [ 2.174307911300589, 41.461186528441729 ], [ 2.174002382845067, 41.462837798957828 ] ] ] } },
{ "type": "Feature", "properties": { "id": 452, "snapped_id": 452.0, "centroid_lon": 2.16428, "centroid_lat": 41.40279, "radius": 192.306, "internal_id": 618000602272890879, "population": 2168, "component": 0, "o_score_pt": 2610.9957894558984, "o_score_car": 2544.3602627598666, "CDI": -0.0129254945771188, "log_population": 3.3362595520141931 }, "geometry": { "type": "Polygon", "coordinates": [ [ [ 2.162158239660616, 41.403347675505856 ], [ 2.163962460273203, 41.404531340580746 ], [ 2.166082426398765, 41.403976415390062 ], [ 2.16640383620032, 41.402238104066271 ], [ 2.164599590727677, 41.401054464781403 ], [ 2.162479718062377, 41.401609397695772 ], [ 2.162158239660616, 41.403347675505856 ] ] ] } },
{ "type": "Feature", "properties": { "id": 453, "snapped_id": 453.0, "centroid_lon": 2.13479, "centroid_lat": 41.43926, "radius": 192.214, "internal_id": 618000602839646207, "population": 0, "component": 0, "o_score_pt": 1004.3433771347392, "o_score_car": 2007.9214613256736, "CDI": 0.33316396067746468, "log_population": 0.0 }, "geometry": { "type": "Polygon", "coordinates": [ [ [ 2.13474590997824, 41.439232516815842 ], [ 2.134830811896895, 41.439288234811066 ], [ 2.134830813173716, 41.439288227922873 ], [ 2.134745910602377, 41.439232513449561 ], [ 2.13474590997824, 41.439232516815842 ] ] ] } },
{ "type": "Feature", "properties": { "id": 454, "snapped_id": 454.0, "centroid_lon": 2.14263, "centroid_lat": 41.37462, "radius": 192.299, "internal_id": 618000602727186431, "population": 2762, "component": 0, "o_score_pt": 2605.1561205602288, "o_score_car": 2224.6214366616068, "CDI": -0.078789277433619798, "log_population": 3.4413808849165113 }, "geometry": { "type": "Polygon", "coordinates": [ [ [ 2.140455866609966, 41.375191450881587 ], [ 2.142298018232192, 41.376401080335988 ], [ 2.144469297954051, 41.375832540162946 ], [ 2.144798330533999, 41.374054361953291 ], [ 2.142956153470895, 41.372844757870418 ], [ 2.140784969265864, 41.373413306626247 ], [ 2.140455866609966, 41.375191450881587 ] ] ] } },
{ "type": "Feature", "properties": { "id": 455, "snapped_id": 455.0, "centroid_lon": 2.12012, "centroid_lat": 41.39574, "radius": 192.236, "internal_id": 618000602352320511, "population": 1352, "component": 0, "o_score_pt": 1712.0142927250538, "o_score_car": 2318.0149379311979, "CDI": 0.15037127785484139, "log_population": 3.131297796597623 }, "geometry": { "type": "Polygon", "coordinates": [ [ [ 2.118149275868554, 41.396249312096806 ], [ 2.119832861931641, 41.397355169258049 ], [ 2.121793005252602, 41.396842668141531 ], [ 2.122092792559375, 41.395225434185285 ], [ 2.120409183106357, 41.394119603821821 ], [ 2.118449126878845, 41.394632110422279 ], [ 2.118149275868554, 41.396249312096806 ] ] ] } },
{ "type": "Feature", "properties": { "id": 456, "snapped_id": 456.0, "centroid_lon": 2.16192, "centroid_lat": 41.44908, "radius": 192.251, "internal_id": 618000603031535615, "population": 46, "component": 0, "o_score_pt": 1027.5235493152054, "o_score_car": 1842.0166408044813, "CDI": 0.2838409771341463, "log_population": 1.6720978579357175 }, "geometry": { "type": "Polygon", "coordinates": [ [ [ 2.161016517247192, 41.449297306066555 ], [ 2.161853236630689, 41.449845965966603 ], [ 2.162681801080702, 41.449629453326025 ], [ 2.162821979907782, 41.448872112923453 ], [ 2.161985248609386, 41.448323475863837 ], [ 2.16115672580503, 41.448539984798465 ], [ 2.161016517247192, 41.449297306066555 ] ] ] } },
{ "type": "Feature", "properties": { "id": 457, "snapped_id": 457.0, "centroid_lon": 2.17299, "centroid_lat": 41.45634, "radius": 192.263, "internal_id": 618000602994049023, "population": 266, "component": 0, "o_score_pt": 1019.99093406575, "o_score_car": 1624.2937286797689, "CDI": 0.22853167177038369, "log_population": 2.4265112613645754 }, "geometry": { "type": "Polygon", "coordinates": [ [ [ 2.171530401110039, 41.456708070074058 ], [ 2.17280650624627, 41.457544533961332 ], [ 2.174221271959251, 41.45717480898049 ], [ 2.174443583258961, 41.455973095568531 ], [ 2.173167460342785, 41.455136659045088 ], [ 2.171752759817265, 41.455506383400703 ], [ 2.171530401110039, 41.456708070074058 ] ] ] } },
{ "type": "Feature", "properties": { "id": 458, "snapped_id": 458.0, "centroid_lon": 2.17186, "centroid_lat": 41.41773, "radius": 192.303, "internal_id": 618000602277347327, "population": 2380, "component": 0, "o_score_pt": 2029.8519342493771, "o_score_car": 2368.4116748069682, "CDI": 0.076975772861924793, "log_population": 3.3767593954048798 }, "geometry": { "type": "Polygon", "coordinates": [ [ [ 2.169702915131292, 41.418292240241854 ], [ 2.171531257048176, 41.419491280260566 ], [ 2.173683139557236, 41.418928166901345 ], [ 2.174008883162007, 41.417166122314825 ], [ 2.172180516085141, 41.415967107831577 ], [ 2.170028728325428, 41.416530229386829 ], [ 2.169702915131292, 41.418292240241854 ] ] ] } },
{ "type": "Feature", "properties": { "id": 459, "snapped_id": 459.0, "centroid_lon": 2.18194, "centroid_lat": 41.43032, "radius": 192.307, "internal_id": 618000602956562431, "population": 2872, "component": 0, "o_score_pt": 2427.2673631267639, "o_score_car": 2191.2454073703734, "CDI": -0.051103454182066702, "log_population": 3.4583356259919475 }, "geometry": { "type": "Polygon", "coordinates": [ [ [ 2.179762555890275, 41.430886657514534 ], [ 2.181607122368995, 41.432095841736796 ], [ 2.183780322003731, 41.431527224762647 ], [ 2.184108859550371, 41.429749415061274 ], [ 2.182264267728336, 41.428540256198247 ], [ 2.180091163700104, 41.429108881677912 ], [ 2.179762555890275, 41.430886657514534 ] ] ] } },
{ "type": "Feature", "properties": { "id": 460, "snapped_id": 460.0, "centroid_lon": 2.15006, "centroid_lat": 41.3456, "radius": 192.344, "internal_id": 618000602656669695, "population": 1467, "component": 0, "o_score_pt": 1234.864694800016, "o_score_car": 1951.2805570097623, "CDI": 0.22485348456816631, "log_population": 3.1667260555800518 }, "geometry": { "type": "Polygon", "coordinates": [ [ [ 2.148064244566008, 41.346120032855808 ], [ 2.149768188033271, 41.347239095866932 ], [ 2.151755000885798, 41.346718192727117 ], [ 2.152057977625524, 41.345079144895053 ], [ 2.150354010612725, 41.343960108575743 ], [ 2.148367285826088, 41.344481017536943 ], [ 2.148064244566008, 41.346120032855808 ] ] ] } },
{ "type": "Feature", "properties": { "id": 461, "snapped_id": 461.0, "centroid_lon": 2.0986, "centroid_lat": 41.41151, "radius": 192.181, "internal_id": 618000603073478655, "population": 195, "component": 0, "o_score_pt": 12.722748046109276, "o_score_car": 1612.963331479433, "CDI": 0.98434784155890365, "log_population": 2.2922560713564759 }, "geometry": { "type": "Polygon", "coordinates": [ [ [ 2.097241782378713, 41.411848154320865 ], [ 2.098437486960383, 41.412633830012247 ], [ 2.099746378456553, 41.412292031524082 ], [ 2.099954849055949, 41.411169236351185 ], [ 2.098759127617745, 41.410383587588015 ], [ 2.097450297093401, 41.410725384748837 ], [ 2.097241782378713, 41.411848154320865 ] ] ] } },
{ "type": "Feature", "properties": { "id": 462, "snapped_id": 462.0, "centroid_lon": 2.10808, "centroid_lat": 41.39381, "radius": 192.217, "internal_id": 618000602356776959, "population": 1961, "component": 0, "o_score_pt": 1442.741886457, "o_score_car": 2151.3344900443549, "CDI": 0.1971556887939962, "log_population": 3.2926990030439298 }, "geometry": { "type": "Polygon", "coordinates": [ [ [ 2.105991733829543, 41.394355437027954 ], [ 2.107768762978935, 41.395523054836978 ], [ 2.109853993667772, 41.394978019731653 ], [ 2.110171606144874, 41.393265816516298 ], [ 2.108394552300802, 41.392098224720634 ], [ 2.106309413744295, 41.392643267135931 ], [ 2.105991733829543, 41.394355437027954 ] ] ] } },
{ "type": "Feature", "properties": { "id": 463, "snapped_id": 463.0, "centroid_lon": 2.12972, "centroid_lat": 41.42198, "radius": 192.224, "internal_id": 618000602319290367, "population": 2, "component": 0, "o_score_pt": 1191.7681716790055, "o_score_car": 1740.6656836954353, "CDI": 0.18718154921395189, "log_population": 0.47712125471966244 }, "geometry": { "type": "Polygon", "coordinates": [ [ [ 2.129680153476716, 41.421953043873046 ], [ 2.129764663596156, 41.422008523612782 ], [ 2.129764664872185, 41.422008516728631 ], [ 2.129680154102931, 41.421953040495445 ], [ 2.129680153476716, 41.421953043873046 ] ] ] } },
{ "type": "Feature", "properties": { "id": 464, "snapped_id": 464.0, "centroid_lon": 2.1789, "centroid_lat": 41.42434, "radius": 192.308, "internal_id": 618000602961018879, "population": 2823, "component": 0, "o_score_pt": 2386.2322169762651, "o_score_car": 2216.05282398804, "CDI": -0.036977151887264997, "log_population": 3.4508646923797661 }, "geometry": { "type": "Polygon", "coordinates": [ [ [ 2.176730988758804, 41.424912658101832 ], [ 2.178575332334297, 41.426121877713108 ], [ 2.180748340761436, 41.425553243724842 ], [ 2.181076910014393, 41.423775381614206 ], [ 2.17923254108904, 41.42256618736419 ], [ 2.177059628257696, 41.423134829864139 ], [ 2.176730988758804, 41.424912658101832 ] ] ] } },
{ "type": "Feature", "properties": { "id": 465, "snapped_id": 465.0, "centroid_lon": 2.19103, "centroid_lat": 41.44824, "radius": 192.303, "internal_id": 618000602923532287, "population": 2564, "component": 0, "o_score_pt": 1938.2404503024759, "o_score_car": 2025.5738796252413, "CDI": 0.022032674099636201, "log_population": 3.409087369447835 }, "geometry": { "type": "Polygon", "coordinates": [ [ [ 2.188860313107215, 41.448807601091424 ], [ 2.19070554852683, 41.450016678848712 ], [ 2.192879321912874, 41.449448112842703 ], [ 2.193207764237807, 41.447670460593017 ], [ 2.191362503494507, 41.446461408188817 ], [ 2.189188825747062, 41.447029982681791 ], [ 2.188860313107215, 41.448807601091424 ] ] ] } },
{ "type": "Feature", "properties": { "id": 466, "snapped_id": 466.0, "centroid_lon": 2.1727, "centroid_lat": 41.36844, "radius": 192.359, "internal_id": 618000602736099327, "population": 2343, "component": 0, "o_score_pt": 1985.3574091212847, "o_score_car": 2221.3536940097697, "CDI": 0.056099950555870699, "log_population": 3.3699576073460529 }, "geometry": { "type": "Polygon", "coordinates": [ [ [ 2.170550335022892, 41.368998922159854 ], [ 2.172373672543575, 41.370195375388043 ], [ 2.174519032224004, 41.369632961573288 ], [ 2.174843831149469, 41.367874223386067 ], [ 2.173020468554235, 41.366677795768361 ], [ 2.170875203299999, 41.367240217701038 ], [ 2.170550335022892, 41.368998922159854 ] ] ] } },
{ "type": "Feature", "properties": { "id": 467, "snapped_id": 467.0, "centroid_lon": 2.13599, "centroid_lat": 41.33237, "radius": 192.333, "internal_id": 618000602698612735, "population": 2370, "component": 0, "o_score_pt": 1134.5875265892878, "o_score_car": 1814.3530855716281, "CDI": 0.230511783173627, "log_population": 3.3749315539781883 }, "geometry": { "type": "Polygon", "coordinates": [ [ [ 2.133838717725643, 41.332928304263667 ], [ 2.135663056620498, 41.334127055979586 ], [ 2.137810903158725, 41.333563918135084 ], [ 2.138136763073235, 41.331802129485183 ], [ 2.136312398965824, 41.330603403349294 ], [ 2.134164646961348, 41.331166549441811 ], [ 2.133838717725643, 41.332928304263667 ] ] ] } },
{ "type": "Feature", "properties": { "id": 468, "snapped_id": 468.0, "centroid_lon": 2.15763, "centroid_lat": 41.36054, "radius": 192.341, "internal_id": 618000602661126143, "population": 631, "component": 0, "o_score_pt": 968.97951988970999, "o_score_car": 1861.7089142189327, "CDI": 0.31537536366496471, "log_population": 2.8007170782823851 }, "geometry": { "type": "Polygon", "coordinates": [ [ [ 2.155898497403157, 41.360985281957497 ], [ 2.157390035527502, 41.361964483993852 ], [ 2.159093267613269, 41.361518060680694 ], [ 2.159356304087707, 41.360094844142886 ], [ 2.157864745291157, 41.359115669773288 ], [ 2.156161589894688, 41.359562095313109 ], [ 2.155898497403157, 41.360985281957497 ] ] ] } },
{ "type": "Feature", "properties": { "id": 469, "snapped_id": 469.0, "centroid_lon": 2.2215, "centroid_lat": 41.40642, "radius": 192.403, "internal_id": 618000602473693183, "population": 909, "component": 0, "o_score_pt": 1500.7953250960311, "o_score_car": 2113.8802324979561, "CDI": 0.1696099408185914, "log_population": 2.9590413923210934 }, "geometry": { "type": "Polygon", "coordinates": [ [ [ 2.219656831262178, 41.406894448197576 ], [ 2.221243083162669, 41.407933561169642 ], [ 2.223070956283015, 41.407454285950173 ], [ 2.223350385145299, 41.405937832639879 ], [ 2.221764111486972, 41.404898747077354 ], [ 2.219936320028681, 41.405378025862987 ], [ 2.219656831262178, 41.406894448197576 ] ] ] } },
{ "type": "Feature", "properties": { "id": 470, "snapped_id": 470.0, "centroid_lon": 2.11564, "centroid_lat": 41.40875, "radius": 192.214, "internal_id": 618000602361233407, "population": 622, "component": 0, "o_score_pt": 1061.2436331624324, "o_score_car": 2080.8176887114601, "CDI": 0.3244920932800141, "log_population": 2.7944880466591697 }, "geometry": { "type": "Polygon", "coordinates": [ [ [ 2.113917060499776, 41.409190200005376 ], [ 2.115404993859972, 41.410167501144279 ], [ 2.11710391755193, 41.409723568357236 ], [ 2.117367035722207, 41.408304901491235 ], [ 2.115879081596602, 41.407327627986675 ], [ 2.114180234524837, 41.407771563005674 ], [ 2.113917060499776, 41.409190200005376 ] ] ] } },
{ "type": "Feature", "properties": { "id": 471, "snapped_id": 471.0, "centroid_lon": 2.11715, "centroid_lat": 41.41173, "radius": 192.213, "internal_id": 618000602323746815, "population": 103, "component": 0, "o_score_pt": 952.86483909416597, "o_score_car": 2027.1914950646212, "CDI": 0.36050548563663898, "log_population": 2.0170333392987803 }, "geometry": { "type": "Polygon", "coordinates": [ [ [ 2.115999681015184, 41.412018096217537 ], [ 2.117035714490089, 41.412698533722285 ], [ 2.11813114561526, 41.412412310262411 ], [ 2.118309334554903, 41.411451527698091 ], [ 2.117273286423238, 41.410771115749199 ], [ 2.116177907674393, 41.411057336544417 ], [ 2.115999681015184, 41.412018096217537 ] ] ] } },
{ "type": "Feature", "properties": { "id": 472, "snapped_id": 472.0, "centroid_lon": 2.17693, "centroid_lat": 41.43501, "radius": 192.293, "internal_id": 618000602965475327, "population": 2709, "component": 0, "o_score_pt": 1994.5266272226104, "o_score_car": 2106.1899399135291, "CDI": 0.027230195226319202, "log_population": 3.4329692908744058 }, "geometry": { "type": "Polygon", "coordinates": [ [ [ 2.174758881811806, 41.435579023590158 ], [ 2.176603397574638, 41.436788258521673 ], [ 2.17877665533534, 41.436219812429982 ], [ 2.179105301708625, 41.434442122893472 ], [ 2.177260760582965, 41.433232913315052 ], [ 2.175087598443969, 41.433801367920651 ], [ 2.174758881811806, 41.435579023590158 ] ] ] } },
{ "type": "Feature", "properties": { "id": 473, "snapped_id": 473.0, "centroid_lon": 2.13519, "centroid_lat": 41.40364, "radius": 192.254, "internal_id": 618000602248773631, "population": 2001, "component": 0, "o_score_pt": 1834.3599305113321, "o_score_car": 2410.0432893093525, "CDI": 0.13563352230760531, "log_population": 3.3014640731432996 }, "geometry": { "type": "Polygon", "coordinates": [ [ [ 2.133091540835733, 41.40418486299334 ], [ 2.134874675733399, 41.405355546566383 ], [ 2.136967290130072, 41.404808303342712 ], [ 2.137285422049059, 41.403090800019591 ], [ 2.135502262468795, 41.401920142420991 ], [ 2.133409740475431, 41.402467393008322 ], [ 2.133091540835733, 41.40418486299334 ] ] ] } },
{ "type": "Feature", "properties": { "id": 474, "snapped_id": 474.0, "centroid_lon": 2.16065, "centroid_lat": 41.36652, "radius": 192.34, "internal_id": 618000602740555775, "population": 1824, "component": 0, "o_score_pt": 1246.6738704547467, "o_score_car": 1889.31783098085, "CDI": 0.20492527458918749, "log_population": 3.2612628687924934 }, "geometry": { "type": "Polygon", "coordinates": [ [ [ 2.158587969398908, 41.367055737472683 ], [ 2.160347660685757, 41.368210807267005 ], [ 2.162408467664688, 41.367670727871726 ], [ 2.162721636560808, 41.365976146752672 ], [ 2.160961921009672, 41.364821103189335 ], [ 2.158901205077256, 41.365361189442133 ], [ 2.158587969398908, 41.367055737472683 ] ] ] } },
{ "type": "Feature", "properties": { "id": 475, "snapped_id": 475.0, "centroid_lon": 2.15605, "centroid_lat": 41.33557, "radius": 192.365, "internal_id": 618000602695467007, "population": 600, "component": 0, "o_score_pt": 0.0, "o_score_car": 1182.6959872187874, "CDI": 1.0, "log_population": 2.7788744720027396 }, "geometry": { "type": "Polygon", "coordinates": [ [ [ 2.154333518899244, 41.336008370947539 ], [ 2.155811788235184, 41.336979196256607 ], [ 2.157497529681203, 41.336536984298853 ], [ 2.157758137204879, 41.335126351174296 ], [ 2.156279847379488, 41.334155553559299 ], [ 2.154594181895681, 41.334597767561213 ], [ 2.154333518899244, 41.336008370947539 ] ] ] } },
{ "type": "Feature", "properties": { "id": 476, "snapped_id": 476.0, "centroid_lon": 2.14506, "centroid_lat": 41.35029, "radius": 192.33, "internal_id": 618000602665582591, "population": 2325, "component": 0, "o_score_pt": 1208.345004510556, "o_score_car": 2038.4285411908891, "CDI": 0.25566413086595441, "log_population": 3.3666097103924297 }, "geometry": { "type": "Polygon", "coordinates": [ [ [ 2.142918650658234, 41.350856123163126 ], [ 2.144738812857935, 41.352051594422598 ], [ 2.146880770732161, 41.351490199488744 ], [ 2.147205630002754, 41.349733470333639 ], [ 2.145385442674709, 41.348538024700375 ], [ 2.143243579106903, 41.349099427762965 ], [ 2.142918650658234, 41.350856123163126 ] ] ] } },
{ "type": "Feature", "properties": { "id": 477, "snapped_id": 477.0, "centroid_lon": 2.09412, "centroid_lat": 41.42452, "radius": 192.158, "internal_id": 618000603082391551, "population": 502, "component": 0, "o_score_pt": 10.933524641088413, "o_score_car": 1434.9081007553866, "CDI": 0.98487590279731996, "log_population": 2.7015679850559273 }, "geometry": { "type": "Polygon", "coordinates": [ [ [ 2.092459070249623, 41.424938078570236 ], [ 2.093892825838311, 41.425880128242362 ], [ 2.095519686334134, 41.425455557159751 ], [ 2.095773005265532, 41.424091938561482 ], [ 2.094339229576677, 41.423149916556014 ], [ 2.092712442848522, 41.42357448912324 ], [ 2.092459070249623, 41.424938078570236 ] ] ] } },
{ "type": "Feature", "properties": { "id": 478, "snapped_id": 478.0, "centroid_lon": 2.12111, "centroid_lat": 41.3904, "radius": 192.244, "internal_id": 618000602290716671, "population": 2238, "component": 0, "o_score_pt": 1902.5033508846973, "o_score_car": 2314.4656025654763, "CDI": 0.097691554343487794, "log_population": 3.3500540935790304 }, "geometry": { "type": "Polygon", "coordinates": [ [ [ 2.118977573284801, 41.39096126157061 ], [ 2.120788257590018, 41.392150648768471 ], [ 2.122918083497566, 41.391593659069194 ], [ 2.123241717126407, 41.389847494901346 ], [ 2.121431007719933, 41.388658133391843 ], [ 2.119301275713887, 41.389215131057966 ], [ 2.118977573284801, 41.39096126157061 ] ] ] } },
{ "type": "Feature", "properties": { "id": 479, "snapped_id": 479.0, "centroid_lon": 2.13216, "centroid_lat": 41.39766, "radius": 192.255, "internal_id": 618000602253230079, "population": 2551, "component": 0, "o_score_pt": 1817.9443940622159, "o_score_car": 2465.3701557028171, "CDI": 0.15115064609861931, "log_population": 3.4068806700491248 }, "geometry": { "type": "Polygon", "coordinates": [ [ [ 2.129990537008433, 41.398231045024382 ], [ 2.131832869689135, 41.399440774220942 ], [ 2.134004609324683, 41.39887277206995 ], [ 2.134333920698337, 41.397095032124241 ], [ 2.132491562528069, 41.395885328277679 ], [ 2.130319918470861, 41.396453339027438 ], [ 2.129990537008433, 41.398231045024382 ] ] ] } },
{ "type": "Feature", "properties": { "id": 480, "snapped_id": 480.0, "centroid_lon": 2.17397, "centroid_lat": 41.45101, "radius": 192.27, "internal_id": 618000602932445183, "population": 366, "component": 0, "o_score_pt": 1420.1372545075669, "o_score_car": 1760.4061689523346, "CDI": 0.1069845209264936, "log_population": 2.5646660642520893 }, "geometry": { "type": "Polygon", "coordinates": [ [ [ 2.172415562078635, 41.451404395414464 ], [ 2.173771992961396, 41.452293546561961 ], [ 2.175293979670673, 41.451895712973567 ], [ 2.175531320292321, 41.450612545182146 ], [ 2.174174870559721, 41.449723421653808 ], [ 2.172652953337952, 41.450121255556915 ], [ 2.172415562078635, 41.451404395414464 ] ] ] } },
{ "type": "Feature", "properties": { "id": 481, "snapped_id": 481.0, "centroid_lon": 2.16823, "centroid_lat": 41.38145, "radius": 192.337, "internal_id": 618000602745012223, "population": 1353, "component": 0, "o_score_pt": 2568.580665830641, "o_score_car": 2350.49271338169, "CDI": -0.0443351695810386, "log_population": 3.1316186643491255 }, "geometry": { "type": "Polygon", "coordinates": [ [ [ 2.166253336248928, 41.381968009631827 ], [ 2.167938125884069, 41.383073500621983 ], [ 2.169898764442169, 41.382559823577488 ], [ 2.170197739571984, 41.380941775282224 ], [ 2.16851292669848, 41.37983631112305 ], [ 2.166552375172955, 41.380349993575102 ], [ 2.166253336248928, 41.381968009631827 ] ] ] } },
{ "type": "Feature", "properties": { "id": 482, "snapped_id": 482.0, "centroid_lon": 2.13198, "centroid_lat": 41.33172, "radius": 192.327, "internal_id": 618000605161979903, "population": 1645, "component": 0, "o_score_pt": 1074.2379994221446, "o_score_car": 1753.5404130292966, "CDI": 0.2402247681841008, "log_population": 3.2164298308762511 }, "geometry": { "type": "Polygon", "coordinates": [ [ [ 2.12994397743108, 41.332254908319783 ], [ 2.131676019442859, 41.333393138552061 ], [ 2.133700839947995, 41.33286231120104 ], [ 2.134009489672913, 41.331193957329681 ], [ 2.132277423679084, 41.330055753557794 ], [ 2.130252692773703, 41.330586587312098 ], [ 2.12994397743108, 41.332254908319783 ] ] ] } },
{ "type": "Feature", "properties": { "id": 483, "snapped_id": 483.0, "centroid_lon": 2.14578, "centroid_lat": 41.42455, "radius": 192.25, "internal_id": 618000602332659711, "population": 2060, "component": 0, "o_score_pt": 2304.1727608109691, "o_score_car": 2241.0047999562894, "CDI": -0.013897798273037399, "log_population": 3.3140779917792127 }, "geometry": { "type": "Polygon", "coordinates": [ [ [ 2.143677518526567, 41.425097783404098 ], [ 2.145468755957008, 41.426273169639437 ], [ 2.147571816472976, 41.42572342224522 ], [ 2.147891216722332, 41.423998671086856 ], [ 2.146099954531911, 41.422823310747475 ], [ 2.143996986849369, 41.423373065632418 ], [ 2.143677518526567, 41.425097783404098 ] ] ] } },
{ "type": "Feature", "properties": { "id": 484, "snapped_id": 484.0, "centroid_lon": 2.19497, "centroid_lat": 41.42691, "radius": 192.334, "internal_id": 618000602974388223, "population": 2768, "component": 0, "o_score_pt": 2120.9043581860178, "o_score_car": 1987.6487546085521, "CDI": -0.0324337059590371, "log_population": 3.4423229557455746 }, "geometry": { "type": "Polygon", "coordinates": [ [ [ 2.192801616639728, 41.427474280674907 ], [ 2.194646507348772, 41.428683328011381 ], [ 2.196819781809043, 41.428114386279809 ], [ 2.197148069970652, 41.426336388729823 ], [ 2.195303153963826, 41.425127366762759 ], [ 2.193129975090316, 41.425696316976889 ], [ 2.192801616639728, 41.427474280674907 ] ] ] } },
{ "type": "Feature", "properties": { "id": 485, "snapped_id": 485.0, "centroid_lon": 2.11809, "centroid_lat": 41.38443, "radius": 192.245, "internal_id": 618000602295173119, "population": 2709, "component": 0, "o_score_pt": 2077.4604632209644, "o_score_car": 2269.754969587189, "CDI": 0.0442339491424764, "log_population": 3.4329692908744058 }, "geometry": { "type": "Polygon", "coordinates": [ [ [ 2.115914060432097, 41.384997089403612 ], [ 2.117755674336212, 41.386206974036376 ], [ 2.119926898207924, 41.385639090986423 ], [ 2.120256412611325, 41.383861314678619 ], [ 2.118414773178784, 41.382651455395845 ], [ 2.116243644868374, 41.383219347071446 ], [ 2.115914060432097, 41.384997089403612 ] ] ] } },
{ "type": "Feature", "properties": { "id": 486, "snapped_id": 486.0, "centroid_lon": 2.13019, "centroid_lat": 41.40833, "radius": 192.24, "internal_id": 618000602257686527, "population": 1429, "component": 0, "o_score_pt": 1552.8606451381477, "o_score_car": 2277.2587300918358, "CDI": 0.18913198623481289, "log_population": 3.1553360374650619 }, "geometry": { "type": "Polygon", "coordinates": [ [ [ 2.128196107634508, 41.408845760739823 ], [ 2.129894219446981, 41.409960702574288 ], [ 2.131873443972182, 41.409443280977094 ], [ 2.132175731827857, 41.407811963817537 ], [ 2.130477596459496, 41.406697048679312 ], [ 2.128498459795459, 41.407214476000512 ], [ 2.128196107634508, 41.408845760739823 ] ] ] } },
{ "type": "Feature", "properties": { "id": 487, "snapped_id": 487.0, "centroid_lon": 2.15565, "centroid_lat": 41.37121, "radius": 192.326, "internal_id": 618000602749468671, "population": 2636, "component": 0, "o_score_pt": 2197.8554166268732, "o_score_car": 2250.8003199707391, "CDI": 0.011901326260943401, "log_population": 3.4211101297934343 }, "geometry": { "type": "Polygon", "coordinates": [ [ [ 2.153483409249438, 41.37177953555301 ], [ 2.155325885107739, 41.372989028587504 ], [ 2.157497240204478, 41.372420164125138 ], [ 2.157826023942827, 41.370641798069073 ], [ 2.155983522689051, 41.369432330416331 ], [ 2.153812263089538, 41.370001203438513 ], [ 2.153483409249438, 41.37177953555301 ] ] ] } },
{ "type": "Feature", "properties": { "id": 488, "snapped_id": 488.0, "centroid_lon": 2.19285, "centroid_lat": 41.39362, "radius": 192.367, "internal_id": 618000602487062527, "population": 1535, "component": 0, "o_score_pt": 2506.3607266436902, "o_score_car": 2351.8213556205669, "CDI": -0.031810123294328398, "log_population": 3.186391215695493 }, "geometry": { "type": "Polygon", "coordinates": [ [ [ 2.190836295983565, 41.394142525461696 ], [ 2.192553912718863, 41.395268684908046 ], [ 2.194557656647952, 41.394743533322085 ], [ 2.19486222325862, 41.393093138188945 ], [ 2.193144582926213, 41.391967005344753 ], [ 2.191140927741164, 41.392492162888338 ], [ 2.190836295983565, 41.394142525461696 ] ] ] } },
{ "type": "Feature", "properties": { "id": 489, "snapped_id": 489.0, "centroid_lon": 2.14276, "centroid_lat": 41.41857, "radius": 192.251, "internal_id": 618000602337116159, "population": 1984, "component": 0, "o_score_pt": 2367.1165036873804, "o_score_car": 2155.0604122192462, "CDI": -0.046892480195153997, "log_population": 3.2977605110991339 }, "geometry": { "type": "Polygon", "coordinates": [ [ [ 2.140661644915979, 41.419120273785836 ], [ 2.142443171705178, 41.420289463457813 ], [ 2.144533375962151, 41.41974301207064 ], [ 2.144851026981236, 41.418027820560248 ], [ 2.143069475553623, 41.416858656879114 ], [ 2.140979363610641, 41.417405115571462 ], [ 2.140661644915979, 41.419120273785836 ] ] ] } },
{ "type": "Feature", "properties": { "id": 490, "snapped_id": 490.0, "centroid_lon": 2.15118, "centroid_lat": 41.38423, "radius": 192.303, "internal_id": 618000602299629567, "population": 2107, "component": 0, "o_score_pt": 2491.3054998519628, "o_score_car": 2502.2173761899321, "CDI": 0.0021852060376697001, "log_population": 3.3238706065405088 }, "geometry": { "type": "Polygon", "coordinates": [ [ [ 2.14906799786971, 41.384779251889363 ], [ 2.150864218154152, 41.385958327502614 ], [ 2.152973938947934, 41.385405946167225 ], [ 2.153294160390878, 41.383674810828715 ], [ 2.151497915311868, 41.382495761082367 ], [ 2.149388287562786, 41.38304815001959 ], [ 2.14906799786971, 41.384779251889363 ] ] ] } },
{ "type": "Feature", "properties": { "id": 491, "snapped_id": 491.0, "centroid_lon": 2.20256, "centroid_lat": 41.44184, "radius": 192.331, "internal_id": 618000602978844671, "population": 2512, "component": 0, "o_score_pt": 1640.5641982260124, "o_score_car": 2059.6160415865997, "CDI": 0.1132517380779831, "log_population": 3.4001924885925758 }, "geometry": { "type": "Polygon", "coordinates": [ [ [ 2.200388157735908, 41.442408057434214 ], [ 2.202231600912087, 41.443615702527438 ], [ 2.204402679468032, 41.443047502946861 ], [ 2.204730513606019, 41.441271665473081 ], [ 2.202887045175158, 41.440064045766931 ], [ 2.20071606212533, 41.440632253772229 ], [ 2.200388157735908, 41.442408057434214 ] ] ] } },
{ "type": "Feature", "properties": { "id": 492, "snapped_id": 492.0, "centroid_lon": 2.12716, "centroid_lat": 41.40235, "radius": 192.241, "internal_id": 618000602262142975, "population": 1740, "component": 0, "o_score_pt": 1560.177094216712, "o_score_car": 2347.0586491214672, "CDI": 0.20139085701352541, "log_population": 3.2407987711173312 }, "geometry": { "type": "Polygon", "coordinates": [ [ [ 2.12510767161239, 41.402888651707876 ], [ 2.126855266363457, 41.40403625422195 ], [ 2.128900655673486, 41.403501472463077 ], [ 2.129212301653715, 41.401819765019866 ], [ 2.127464682670897, 41.400672188802282 ], [ 2.125419383876808, 41.401206977239184 ], [ 2.12510767161239, 41.402888651707876 ] ] ] } },
{ "type": "Feature", "properties": { "id": 493, "snapped_id": 493.0, "centroid_lon": 2.20408, "centroid_lat": 41.44483, "radius": 192.33, "internal_id": 618000602941358079, "population": 2645, "component": 0, "o_score_pt": 1489.2100508371725, "o_score_car": 2122.2740235199331, "CDI": 0.1752919186817832, "log_population": 3.422589839851482 }, "geometry": { "type": "Polygon", "coordinates": [ [ [ 2.201902816031118, 41.445395529840738 ], [ 2.203748375718086, 41.446604470587715 ], [ 2.20592222381106, 41.446035579686495 ], [ 2.206250416595396, 41.444257739574873 ], [ 2.204404831630341, 41.443048824191202 ], [ 2.202231079156168, 41.443617723556414 ], [ 2.201902816031118, 41.445395529840738 ] ] ] } },
{ "type": "Feature", "properties": { "id": 494, "snapped_id": 494.0, "centroid_lon": 2.18027, "centroid_lat": 41.38338, "radius": 192.356, "internal_id": 618000602491518975, "population": 2461, "component": 0, "o_score_pt": 2584.7494536133959, "o_score_car": 2257.9306806161035, "CDI": -0.067487169075496095, "log_population": 3.3912880485952974 }, "geometry": { "type": "Polygon", "coordinates": [ [ [ 2.178108050125068, 41.383942076447916 ], [ 2.179944356404496, 41.385146588363021 ], [ 2.182106746506815, 41.384579877080121 ], [ 2.182433788342804, 41.382808696949482 ], [ 2.180597456838727, 41.38160421050393 ], [ 2.178435161853753, 41.382170930149336 ], [ 2.178108050125068, 41.383942076447916 ] ] ] } },
{ "type": "Feature", "properties": { "id": 495, "snapped_id": 495.0, "centroid_lon": 2.14078, "centroid_lat": 41.42924, "radius": 192.236, "internal_id": 618000602341572607, "population": 1532, "component": 0, "o_score_pt": 2097.3123537909228, "o_score_car": 2064.5565538502265, "CDI": -0.0078704545163729, "log_population": 3.185542154854375 }, "geometry": { "type": "Polygon", "coordinates": [ [ [ 2.138768081820761, 41.429761797894798 ], [ 2.140484507193726, 41.430888172650427 ], [ 2.142487813599634, 41.430364672319072 ], [ 2.142793293794274, 41.428715745213388 ], [ 2.141076844648255, 41.42758939701455 ], [ 2.139073627081143, 41.42811290337918 ], [ 2.138768081820761, 41.429761797894798 ] ] ] } },
{ "type": "Feature", "properties": { "id": 496, "snapped_id": 496.0, "centroid_lon": 2.1604, "centroid_lat": 41.4461, "radius": 192.252, "internal_id": 618000603020787711, "population": 397, "component": 0, "o_score_pt": 1507.4945797322127, "o_score_car": 2115.2141278435379, "CDI": 0.16775280519807501, "log_population": 2.5998830720736876 }, "geometry": { "type": "Polygon", "coordinates": [ [ [ 2.158820451663779, 41.446500997530222 ], [ 2.160196987968529, 41.447403692892642 ], [ 2.161746077943071, 41.446998878228513 ], [ 2.161987428403584, 41.445694985657525 ], [ 2.160610872945312, 41.444792317945961 ], [ 2.159061853557733, 41.445197133203422 ], [ 2.158820451663779, 41.446500997530222 ] ] ] } },
{ "type": "Feature", "properties": { "id": 497, "snapped_id": 497.0, "centroid_lon": 2.14815, "centroid_lat": 41.37825, "radius": 192.305, "internal_id": 618000602304086015, "population": 2730, "component": 0, "o_score_pt": 2506.6290525393483, "o_score_car": 2275.1511694656392, "CDI": -0.048408306598551901, "log_population": 3.4363217001397333 }, "geometry": { "type": "Polygon", "coordinates": [ [ [ 2.145982569464438, 41.3788202789626 ], [ 2.147824969077954, 41.380029848123989 ], [ 2.149996410942107, 41.379461239740934 ], [ 2.150325357669931, 41.377683053624629 ], [ 2.148482932631762, 41.376473509835783 ], [ 2.14631158628755, 41.377042126791274 ], [ 2.145982569464438, 41.3788202789626 ] ] ] } },
{ "type": "Feature", "properties": { "id": 498, "snapped_id": 498.0, "centroid_lon": 2.18997, "centroid_lat": 41.4316, "radius": 192.32, "internal_id": 618000602983301119, "population": 2719, "component": 0, "o_score_pt": 2084.073077690327, "o_score_car": 2036.3379541481115, "CDI": -0.0115850392529692, "log_population": 3.4345689040341987 }, "geometry": { "type": "Polygon", "coordinates": [ [ [ 2.18779829145319, 41.432167672001306 ], [ 2.18964313153745, 41.433376770067483 ], [ 2.191816464214582, 41.432807999208904 ], [ 2.192144861202594, 41.431030121793818 ], [ 2.19029999580106, 41.429821049090961 ], [ 2.188126758725891, 41.430389828440482 ], [ 2.18779829145319, 41.432167672001306 ] ] ] } },
{ "type": "Feature", "properties": { "id": 499, "snapped_id": 499.0, "centroid_lon": 2.183, "centroid_lat": 41.44696, "radius": 192.291, "internal_id": 618000602920386559, "population": 2412, "component": 0, "o_score_pt": 1737.2141473404563, "o_score_car": 2127.0689737202242, "CDI": 0.1008867140854728, "log_population": 3.3825573219087857 }, "geometry": { "type": "Polygon", "coordinates": [ [ [ 2.180838374697097, 41.447521888544976 ], [ 2.182671065445493, 41.44872301046604 ], [ 2.18482833449702, 41.44815887943048 ], [ 2.185154621795324, 41.446393713914766 ], [ 2.183321905861096, 41.44519261748021 ], [ 2.18116473179521, 41.445756756758946 ], [ 2.180838374697097, 41.447521888544976 ] ] ] } },
{ "type": "Feature", "properties": { "id": 500, "snapped_id": 500.0, "centroid_lon": 2.16079, "centroid_lat": 41.41047, "radius": 192.292, "internal_id": 618000602266599423, "population": 1918, "component": 0, "o_score_pt": 2020.188244619224, "o_score_car": 2437.2812697413765, "CDI": 0.093571705600768801, "log_population": 3.2830749747354715 }, "geometry": { "type": "Polygon", "coordinates": [ [ [ 2.158709476686097, 41.411016797444262 ], [ 2.160482813059409, 41.412180194826298 ], [ 2.162561636801167, 41.411636248987719 ], [ 2.162877341416586, 41.409929416389993 ], [ 2.161103980582304, 41.408766045095931 ], [ 2.1590252486628, 41.409309998038019 ], [ 2.158709476686097, 41.411016797444262 ] ] ] } },
{ "type": "Feature", "properties": { "id": 501, "snapped_id": 956.0, "centroid_lon": 2.135, "centroid_lat": 41.3377, "radius": 192.326, "internal_id": 618000602758381567, "population": 1496, "component": 0, "o_score_pt": 1089.2506649729321, "o_score_car": 1844.7367682642068, "CDI": 0.25749466229230877, "log_population": 3.1752218003430523 }, "geometry": { "type": "Polygon", "coordinates": [ [ [ 2.132997885757435, 41.338223147870124 ], [ 2.134706179993645, 41.339345604601327 ], [ 2.136699212452299, 41.338823172404318 ], [ 2.137003340034975, 41.337179152931348 ], [ 2.135295022145526, 41.336056722850181 ], [ 2.133302078013451, 41.33657916098808 ], [ 2.132997885757435, 41.338223147870124 ] ] ] } },
{ "type": "Feature", "properties": { "id": 502, "snapped_id": 502.0, "centroid_lon": 2.15664, "centroid_lat": 41.36588, "radius": 192.333, "internal_id": 618000602720894975, "population": 2410, "component": 0, "o_score_pt": 1362.9821332541133, "o_score_car": 1906.7604369609401, "CDI": 0.1663061516402686, "log_population": 3.3821972103774538 }, "geometry": { "type": "Polygon", "coordinates": [ [ [ 2.154485654551987, 41.366440050593212 ], [ 2.156315572442694, 41.367641348231842 ], [ 2.158470166062016, 41.367076749412604 ], [ 2.158796575928702, 41.365310931023174 ], [ 2.156966632816508, 41.364109658909491 ], [ 2.154812134013586, 41.36467426602443 ], [ 2.154485654551987, 41.366440050593212 ] ] ] } },
{ "type": "Feature", "properties": { "id": 503, "snapped_id": 503.0, "centroid_lon": 2.15125, "centroid_lat": 41.4062, "radius": 192.279, "internal_id": 618000602278658047, "population": 2093, "component": 0, "o_score_pt": 2715.4124830585806, "o_score_car": 2415.9545792189101, "CDI": -0.058358308849330298, "log_population": 3.3209766773428235 }, "geometry": { "type": "Polygon", "coordinates": [ [ [ 2.149136399778671, 41.406754974468257 ], [ 2.150931414686932, 41.40793294050178 ], [ 2.153039440140198, 41.407381436647988 ], [ 2.153359427577187, 41.405652310942379 ], [ 2.151564387883863, 41.404474370779198 ], [ 2.14945645543366, 41.405025882197826 ], [ 2.149136399778671, 41.406754974468257 ] ] ] } },
{ "type": "Feature", "properties": { "id": 504, "snapped_id": 504.0, "centroid_lon": 2.17087, "centroid_lat": 41.42306, "radius": 192.295, "internal_id": 618000602957873151, "population": 1621, "component": 0, "o_score_pt": 1944.1367892869389, "o_score_car": 2268.1853277162372, "CDI": 0.076928717564420296, "log_population": 3.2100508498751372 }, "geometry": { "type": "Polygon", "coordinates": [ [ [ 2.16883893389409, 41.42359137718956 ], [ 2.170570336575243, 41.424726799155273 ], [ 2.172592892452106, 41.42419764565944 ], [ 2.172900512505481, 41.422533912327054 ], [ 2.171169085956901, 41.421398516823722 ], [ 2.169146619643894, 41.421927676573425 ], [ 2.16883893389409, 41.42359137718956 ] ] ] } },
{ "type": "Feature", "properties": { "id": 505, "snapped_id": 505.0, "centroid_lon": 2.18792, "centroid_lat": 41.42029, "radius": 192.329, "internal_id": 618000602458488831, "population": 2926, "component": 0, "o_score_pt": 2659.8480834134248, "o_score_car": 2368.9667174982178, "CDI": -0.057842926699642, "log_population": 3.466422722433792 }, "geometry": { "type": "Polygon", "coordinates": [ [ [ 2.185751354535345, 41.42085993518409 ], [ 2.187595885568125, 41.422069061017147 ], [ 2.18976890237357, 41.421500179250977 ], [ 2.190097292565064, 41.419722163156301 ], [ 2.188252736214932, 41.418513062692696 ], [ 2.186079814987811, 41.41908195295489 ], [ 2.185751354535345, 41.42085993518409 ] ] ] } },
{ "type": "Feature", "properties": { "id": 506, "snapped_id": 506.0, "centroid_lon": 2.06201, "centroid_lat": 41.41936, "radius": 192.107, "internal_id": 618000603062730751, "population": 0, "component": 1, "o_score_pt": 1.2691841253855569, "o_score_car": 934.10599481995439, "CDI": 0.99728625656537817, "log_population": 0.0 }, "geometry": { "type": "Polygon", "coordinates": [ [ [ 2.06197113320644, 41.419337304868748 ], [ 2.062055314943898, 41.419392665846502 ], [ 2.062055316225651, 41.419392658959524 ], [ 2.061971133837025, 41.419337301481377 ], [ 2.06197113320644, 41.419337304868748 ] ] ] } },
{ "type": "Feature", "properties": { "id": 507, "snapped_id": 507.0, "centroid_lon": 2.12169, "centroid_lat": 41.4207, "radius": 192.211, "internal_id": 618000602316144639, "population": 351, "component": 0, "o_score_pt": 14.657459800809985, "o_score_car": 1465.9677257578844, "CDI": 0.98020098544348477, "log_population": 2.5465426634781312 }, "geometry": { "type": "Polygon", "coordinates": [ [ [ 2.120149194377964, 41.421088083774194 ], [ 2.121493355959926, 41.421970689870101 ], [ 2.123000092531588, 41.421577068551819 ], [ 2.123236078499525, 41.420304523353245 ], [ 2.121891898106317, 41.419421944839144 ], [ 2.120385230439066, 41.419815566420368 ], [ 2.120149194377964, 41.421088083774194 ] ] ] } },
{ "type": "Feature", "properties": { "id": 508, "snapped_id": 508.0, "centroid_lon": 2.14783, "centroid_lat": 41.43585, "radius": 192.241, "internal_id": 618000603025244159, "population": 2054, "component": 0, "o_score_pt": 2091.0883969213905, "o_score_car": 2245.6535876824332, "CDI": 0.0356408546576613, "log_population": 3.312811826212088 }, "geometry": { "type": "Polygon", "coordinates": [ [ [ 2.145719100923797, 41.436403595489566 ], [ 2.147509907247118, 41.437578475282336 ], [ 2.149612292467911, 41.437029091826723 ], [ 2.149931561093011, 41.435305222844335 ], [ 2.148140730019351, 41.434130368949162 ], [ 2.146038437615648, 41.434679759875586 ], [ 2.145719100923797, 41.436403595489566 ] ] ] } },
{ "type": "Feature", "properties": { "id": 509, "snapped_id": 509.0, "centroid_lon": 2.13775, "centroid_lat": 41.42326, "radius": 192.237, "internal_id": 618000602346029055, "population": 1359, "component": 0, "o_score_pt": 2229.9266683303672, "o_score_car": 1946.7338412656609, "CDI": -0.067803649928946996, "log_population": 3.1335389083702174 }, "geometry": { "type": "Polygon", "coordinates": [ [ [ 2.13577870199073, 41.423777110554411 ], [ 2.137464666964894, 41.424883662481605 ], [ 2.139427414347876, 41.424370700095487 ], [ 2.139727249484721, 41.422752351188734 ], [ 2.138041261139067, 41.421645826045754 ], [ 2.136078600962662, 41.422158793906512 ], [ 2.13577870199073, 41.423777110554411 ] ] ] } },
{ "type": "Feature", "properties": { "id": 510, "snapped_id": 510.0, "centroid_lon": 2.14671, "centroid_lat": 41.39724, "radius": 192.281, "internal_id": 618000602308542463, "population": 1683, "component": 0, "o_score_pt": 2301.6067916763291, "o_score_car": 2478.1326271077983, "CDI": 0.036932104444382802, "log_population": 3.2263420871636308 }, "geometry": { "type": "Polygon", "coordinates": [ [ [ 2.144664426420539, 41.397773434943772 ], [ 2.146404063430919, 41.398915316908422 ], [ 2.148438345569319, 41.398383011151616 ], [ 2.148748060709594, 41.396709560959636 ], [ 2.147008399645115, 41.395567705378419 ], [ 2.144974207543836, 41.396100017616526 ], [ 2.144664426420539, 41.397773434943772 ] ] ] } },
{ "type": "Feature", "properties": { "id": 511, "snapped_id": 511.0, "centroid_lon": 2.10006, "centroid_lat": 41.39253, "radius": 192.204, "internal_id": 618000602353631231, "population": 1, "component": 0, "o_score_pt": 800.85944850805799, "o_score_car": 1969.1335266057076, "CDI": 0.42176066459145722, "log_population": 0.3010299956639812 }, "geometry": { "type": "Polygon", "coordinates": [ [ [ 2.1000145785322, 41.392498041181909 ], [ 2.100098336804234, 41.392553088561293 ], [ 2.100098338080745, 41.392553081682969 ], [ 2.100014579163233, 41.392498037782474 ], [ 2.1000145785322, 41.392498041181909 ] ] ] } },
{ "type": "Feature", "properties": { "id": 512, "snapped_id": 512.0, "centroid_lon": 2.15776, "centroid_lat": 41.4045, "radius": 192.293, "internal_id": 618000602271055871, "population": 1332, "component": 0, "o_score_pt": 2465.3054840870782, "o_score_car": 2394.9694944116773, "CDI": -0.014471607056505799, "log_population": 3.1248301494138593 }, "geometry": { "type": "Polygon", "coordinates": [ [ [ 2.155796760027604, 41.405009734024581 ], [ 2.157477806287881, 41.40611275088964 ], [ 2.159433591798091, 41.405600938252512 ], [ 2.159732080445527, 41.403987289735078 ], [ 2.158051010953961, 41.402884299710578 ], [ 2.156095312322214, 41.403396117697817 ], [ 2.155796760027604, 41.405009734024581 ] ] ] } },
{ "type": "Feature", "properties": { "id": 513, "snapped_id": 513.0, "centroid_lon": 2.14256, "centroid_lat": 41.35264, "radius": 192.323, "internal_id": 618000602762838015, "population": 1769, "component": 0, "o_score_pt": 1510.8765695637619, "o_score_car": 2063.9681451411807, "CDI": 0.15471765061634821, "log_population": 3.2479732663618068 }, "geometry": { "type": "Polygon", "coordinates": [ [ [ 2.140506004512174, 41.353179070910414 ], [ 2.142257143260693, 41.354329248843278 ], [ 2.14430707527256, 41.353792060613884 ], [ 2.144619057802629, 41.352105299568656 ], [ 2.142867894845123, 41.350955147933277 ], [ 2.1408180534515, 41.351492342901494 ], [ 2.140506004512174, 41.353179070910414 ] ] ] } },
{ "type": "Feature", "properties": { "id": 514, "snapped_id": 514.0, "centroid_lon": 2.14408, "centroid_lat": 41.35563, "radius": 192.322, "internal_id": 618000602725351423, "population": 2250, "component": 0, "o_score_pt": 1550.1654616008896, "o_score_car": 2061.0607427498512, "CDI": 0.14147418417972379, "log_population": 3.35237549500052 }, "geometry": { "type": "Polygon", "coordinates": [ [ [ 2.14194211980527, 41.35618857211135 ], [ 2.143754089053796, 41.357378614827589 ], [ 2.145885124657252, 41.356820206682215 ], [ 2.146208470614106, 41.35507195035418 ], [ 2.144396476342212, 41.353881933347935 ], [ 2.142265534614538, 41.354440349451451 ], [ 2.14194211980527, 41.35618857211135 ] ] ] } },
{ "type": "Feature", "properties": { "id": 515, "snapped_id": 515.0, "centroid_lon": 2.10506, "centroid_lat": 41.38784, "radius": 192.218, "internal_id": 618000602612891647, "population": 1475, "component": 0, "o_score_pt": 1599.13841502741, "o_score_car": 2182.3826694907648, "CDI": 0.1542353569972674, "log_population": 3.1690863574870227 }, "geometry": { "type": "Polygon", "coordinates": [ [ [ 2.103059305610035, 41.388355052154139 ], [ 2.104764271114546, 41.389475488186164 ], [ 2.106753374427166, 41.38895551664131 ], [ 2.107057512401494, 41.387316060162341 ], [ 2.105352523169177, 41.386195650763213 ], [ 2.103363508124208, 41.386715628227073 ], [ 2.103059305610035, 41.388355052154139 ] ] ] } },
{ "type": "Feature", "properties": { "id": 516, "snapped_id": 516.0, "centroid_lon": 2.18489, "centroid_lat": 41.41432, "radius": 192.33, "internal_id": 618000602462945279, "population": 1524, "component": 0, "o_score_pt": 2538.9694153839905, "o_score_car": 2342.8468133386086, "CDI": -0.040174105877127601, "log_population": 3.1832698436828046 }, "geometry": { "type": "Polygon", "coordinates": [ [ [ 2.182881253906761, 41.414840362923826 ], [ 2.184597275334776, 41.415965418562074 ], [ 2.186598996162434, 41.415441318355178 ], [ 2.186903430858012, 41.413793115640587 ], [ 2.185187385819878, 41.412668086602906 ], [ 2.18318575369014, 41.413192192744233 ], [ 2.182881253906761, 41.414840362923826 ] ] ] } },
{ "type": "Feature", "properties": { "id": 517, "snapped_id": 517.0, "centroid_lon": 2.06503, "centroid_lat": 41.42534, "radius": 192.106, "internal_id": 618000603142160383, "population": 0, "component": 1, "o_score_pt": 0.65801569904662505, "o_score_car": 867.88477878054641, "CDI": 0.99848478231992965, "log_population": 0.0 }, "geometry": { "type": "Polygon", "coordinates": [ [ [ 2.064991256759054, 41.425311396059136 ], [ 2.065075579116725, 41.425366841214121 ], [ 2.065075580398644, 41.425366834325807 ], [ 2.064991257388837, 41.425311392675852 ], [ 2.064991256759054, 41.425311396059136 ] ] ] } },
{ "type": "Feature", "properties": { "id": 518, "snapped_id": 518.0, "centroid_lon": 2.1933, "centroid_lat": 41.37996, "radius": 192.382, "internal_id": 618000602425458687, "population": 798, "component": 0, "o_score_pt": 1774.4165294879983, "o_score_car": 2158.5551360765498, "CDI": 0.0976713384314227, "log_population": 2.9025467793139912 }, "geometry": { "type": "Polygon", "coordinates": [ [ [ 2.191498295215603, 41.380425573088118 ], [ 2.193050374260709, 41.38144335729887 ], [ 2.19483347218843, 41.380975797528997 ], [ 2.195107113856878, 41.379492537326655 ], [ 2.193555013429946, 41.378474780645661 ], [ 2.191771995373927, 41.378942343497172 ], [ 2.191498295215603, 41.380425573088118 ] ] ] } },
{ "type": "Feature", "properties": { "id": 519, "snapped_id": 519.0, "centroid_lon": 2.10459, "centroid_lat": 41.40149, "radius": 192.202, "internal_id": 618000602350485503, "population": 19, "component": 0, "o_score_pt": 1052.8398833468079, "o_score_car": 1907.739876966167, "CDI": 0.2887610072457511, "log_population": 1.3010299956639813 }, "geometry": { "type": "Polygon", "coordinates": [ [ [ 2.103961615909644, 41.401624434557682 ], [ 2.104581095764198, 41.402031473877244 ], [ 2.105120440622752, 41.401890552973839 ], [ 2.105220500066129, 41.401351341861279 ], [ 2.104601011175115, 41.400944321205792 ], [ 2.1040616963545, 41.401085238187342 ], [ 2.103961615909644, 41.401624434557682 ] ] ] } },
{ "type": "Feature", "properties": { "id": 520, "snapped_id": 520.0, "centroid_lon": 2.14368, "centroid_lat": 41.39127, "radius": 192.282, "internal_id": 618000602312998911, "population": 2762, "component": 0, "o_score_pt": 2436.3451005745901, "o_score_car": 2484.0688592410293, "CDI": 0.0096991348809658002, "log_population": 3.4413808849165113 }, "geometry": { "type": "Polygon", "coordinates": [ [ [ 2.141507426051554, 41.391834853349899 ], [ 2.14334997194106, 41.393044463633217 ], [ 2.145521691606135, 41.392476128519903 ], [ 2.14585076982544, 41.390698174544958 ], [ 2.144008198488563, 41.389488589622907 ], [ 2.141836574376881, 41.390056933315115 ], [ 2.141507426051554, 41.391834853349899 ] ] ] } },
{ "type": "Feature", "properties": { "id": 521, "snapped_id": 521.0, "centroid_lon": 2.15579, "centroid_lat": 41.41517, "radius": 192.278, "internal_id": 618000602275512319, "population": 1341, "component": 0, "o_score_pt": 1690.5220948091819, "o_score_car": 2293.4845750261657, "CDI": 0.1513457506942133, "log_population": 3.1277525158329733 }, "geometry": { "type": "Polygon", "coordinates": [ [ [ 2.153820689396965, 41.415677042800375 ], [ 2.155503610540503, 41.416781201053006 ], [ 2.157461892495267, 41.416268963281482 ], [ 2.157760769273021, 41.414653752121211 ], [ 2.15607782486276, 41.413549620690695 ], [ 2.154119629901726, 41.414061863845482 ], [ 2.153820689396965, 41.415677042800375 ] ] ] } },
{ "type": "Feature", "properties": { "id": 522, "snapped_id": 522.0, "centroid_lon": 2.17542, "centroid_lat": 41.43202, "radius": 192.294, "internal_id": 618000602954727423, "population": 2842, "component": 0, "o_score_pt": 2227.8375442737351, "o_score_car": 2188.3985862509958, "CDI": -0.0089304459401843006, "log_population": 3.4537768596904423 }, "geometry": { "type": "Polygon", "coordinates": [ [ [ 2.173243194144096, 41.432592115286383 ], [ 2.175087598443969, 41.433801367920651 ], [ 2.177260760582965, 41.433232913315052 ], [ 2.177589422802873, 41.431455197558812 ], [ 2.175744993136906, 41.430245970278648 ], [ 2.173571926614251, 41.430814433401252 ], [ 2.173243194144096, 41.432592115286383 ] ] ] } },
{ "type": "Feature", "properties": { "id": 523, "snapped_id": 523.0, "centroid_lon": 2.07306, "centroid_lat": 41.42663, "radius": 192.119, "internal_id": 618000603145306111, "population": 0, "component": 0, "o_score_pt": 0.0, "o_score_car": 1023.494514975113, "CDI": 1.0, "log_population": 0.0 }, "geometry": { "type": "Polygon", "coordinates": [ [ [ 2.073016536362724, 41.426599576524254 ], [ 2.073100918704793, 41.426655048946124 ], [ 2.073100919986099, 41.426655042057924 ], [ 2.073016536991885, 41.426599573142752 ], [ 2.073016536362724, 41.426599576524254 ] ] ] } },
{ "type": "Feature", "properties": { "id": 524, "snapped_id": 524.0, "centroid_lon": 2.13176, "centroid_lat": 41.43329, "radius": 192.215, "internal_id": 618000602842267647, "population": 63, "component": 0, "o_score_pt": 659.23143044500512, "o_score_car": 1682.9262519774593, "CDI": 0.43707339997436012, "log_population": 1.8061799739838871 }, "geometry": { "type": "Polygon", "coordinates": [ [ [ 2.130760222687334, 41.433526603425946 ], [ 2.131674279770752, 41.434126550350044 ], [ 2.13260645957451, 41.433883057620889 ], [ 2.132761514285829, 41.43304662576405 ], [ 2.131847444207874, 41.432446702865256 ], [ 2.130915310226601, 41.432690192217443 ], [ 2.130760222687334, 41.433526603425946 ] ] ] } },
{ "type": "Feature", "properties": { "id": 525, "snapped_id": 525.0, "centroid_lon": 2.15164, "centroid_lat": 41.37057, "radius": 192.319, "internal_id": 618000602729807871, "population": 2653, "component": 0, "o_score_pt": 2224.2709247908224, "o_score_car": 2238.5970871827299, "CDI": 0.003210079785795, "log_population": 3.4239009185284166 }, "geometry": { "type": "Polygon", "coordinates": [ [ [ 2.149469781547886, 41.371138787344819 ], [ 2.151312120727475, 41.372348323222901 ], [ 2.153483409249438, 41.37177953555301 ], [ 2.153812263089538, 41.370001203438513 ], [ 2.151969898501509, 41.368791692940164 ], [ 2.149798705478973, 41.369360489177154 ], [ 2.149469781547886, 41.371138787344819 ] ] ] } },
{ "type": "Feature", "properties": { "id": 526, "snapped_id": 526.0, "centroid_lon": 2.14999, "centroid_lat": 41.32361, "radius": 192.368, "internal_id": 618000602692321279, "population": 671, "component": 0, "o_score_pt": 0.0, "o_score_car": 1421.2126197855821, "CDI": 1.0, "log_population": 2.8273692730538253 }, "geometry": { "type": "Polygon", "coordinates": [ [ [ 2.14824710128383, 41.324064634241282 ], [ 2.149753184776002, 41.325054021269608 ], [ 2.151476224931428, 41.324601918394499 ], [ 2.151742167408268, 41.323162600200753 ], [ 2.150236063039194, 41.322173240820433 ], [ 2.1485131003375, 41.322625346171797 ], [ 2.14824710128383, 41.324064634241282 ] ] ] } },
{ "type": "Feature", "properties": { "id": 527, "snapped_id": 527.0, "centroid_lon": 2.21802, "centroid_lat": 41.4141, "radius": 192.388, "internal_id": 618000602467401727, "population": 2259, "component": 0, "o_score_pt": 2046.9441082540145, "o_score_car": 2140.6458332603952, "CDI": 0.022376050739221699, "log_population": 3.3541084391474008 }, "geometry": { "type": "Polygon", "coordinates": [ [ [ 2.21588242018958, 41.414659188298515 ], [ 2.217698885073803, 41.415849098206195 ], [ 2.219833659704171, 41.415289569637196 ], [ 2.220156098823458, 41.413540341217981 ], [ 2.218339609109308, 41.412350457017546 ], [ 2.216204928471879, 41.41290999342705 ], [ 2.21588242018958, 41.414659188298515 ] ] ] } },
{ "type": "Feature", "properties": { "id": 528, "snapped_id": 528.0, "centroid_lon": 2.19027, "centroid_lat": 41.37398, "radius": 192.384, "internal_id": 618000602429915135, "population": 340, "component": 0, "o_score_pt": 1751.0317560213975, "o_score_car": 2120.0000470991649, "CDI": 0.095315231143368595, "log_population": 2.5327543789924976 }, "geometry": { "type": "Polygon", "coordinates": [ [ [ 2.188738664699745, 41.374374067818479 ], [ 2.190075261015319, 41.375250681380919 ], [ 2.191571173448651, 41.374858379449172 ], [ 2.191804624183701, 41.373593056643422 ], [ 2.190468009356536, 41.372716470684125 ], [ 2.188972165266062, 41.373108772689307 ], [ 2.188738664699745, 41.374374067818479 ] ] ] } },
{ "type": "Feature", "properties": { "id": 529, "snapped_id": 529.0, "centroid_lon": 2.20293, "centroid_lat": 41.40621, "radius": 192.371, "internal_id": 618000602392428543, "population": 2369, "component": 0, "o_score_pt": 2022.5670246318543, "o_score_car": 2255.8513154591533, "CDI": 0.054525825266151101, "log_population": 3.374748346010104 }, "geometry": { "type": "Polygon", "coordinates": [ [ [ 2.200779588363767, 41.406770578738907 ], [ 2.202607448912149, 41.407968527510498 ], [ 2.204757862637271, 41.407405010518765 ], [ 2.205082785320419, 41.405643661761651 ], [ 2.203254899737251, 41.404445738564547 ], [ 2.201104580644534, 41.405009263673861 ], [ 2.200779588363767, 41.406770578738907 ] ] ] } },
{ "type": "Feature", "properties": { "id": 530, "snapped_id": 530.0, "centroid_lon": 2.09208, "centroid_lat": 41.41321, "radius": 192.167, "internal_id": 618000603071643647, "population": 9, "component": 0, "o_score_pt": 6.4940752451361359, "o_score_car": 1259.2335789988742, "CDI": 0.98973858993542341, "log_population": 1.0 }, "geometry": { "type": "Polygon", "coordinates": [ [ [ 2.091674718142839, 41.413284503354191 ], [ 2.092119411010556, 41.41357674747119 ], [ 2.092425055321869, 41.413496953435853 ], [ 2.092492281637573, 41.413135036310159 ], [ 2.092047582085811, 41.412842806539928 ], [ 2.091741958439457, 41.412922597049025 ], [ 2.091674718142839, 41.413284503354191 ] ] ] } },
{ "type": "Feature", "properties": { "id": 531, "snapped_id": 531.0, "centroid_lon": 2.10157, "centroid_lat": 41.39551, "radius": 192.203, "internal_id": 618000602354941951, "population": 145, "component": 0, "o_score_pt": 16.48953038779371, "o_score_car": 1938.834614710282, "CDI": 0.98313371168751484, "log_population": 2.1643528557844371 }, "geometry": { "type": "Polygon", "coordinates": [ [ [ 2.100305414753859, 41.395826500828313 ], [ 2.101426510443009, 41.39656324137956 ], [ 2.102635879632976, 41.396247220002643 ], [ 2.102830302025129, 41.395199565781496 ], [ 2.101709190503778, 41.394462851608957 ], [ 2.100499878268579, 41.394778870987935 ], [ 2.100305414753859, 41.395826500828313 ] ] ] } },
{ "type": "Feature", "properties": { "id": 532, "snapped_id": 532.0, "centroid_lon": 2.11366, "centroid_lat": 41.41941, "radius": 192.199, "internal_id": 618000602317455359, "population": 5, "component": 0, "o_score_pt": 9.2985157650795767, "o_score_car": 1441.0280187341923, "CDI": 0.9871773486261286, "log_population": 0.77815125038364363 }, "geometry": { "type": "Polygon", "coordinates": [ [ [ 2.113417475099363, 41.419440676961152 ], [ 2.113733384399104, 41.419648157729036 ], [ 2.113867029714303, 41.419613250939676 ], [ 2.113909915805404, 41.419382095946212 ], [ 2.113594001572412, 41.419174625800075 ], [ 2.113460370000786, 41.419209529697994 ], [ 2.113417475099363, 41.419440676961152 ] ] ] } },
{ "type": "Feature", "properties": { "id": 533, "snapped_id": 533.0, "centroid_lon": 2.16284, "centroid_lat": 41.42178, "radius": 192.283, "internal_id": 618000602959183871, "population": 1000, "component": 0, "o_score_pt": 1684.9996760374772, "o_score_car": 2171.3465366563146, "CDI": 0.12611597449885259, "log_population": 3.0004340774793188 }, "geometry": { "type": "Polygon", "coordinates": [ [ [ 2.160959441792407, 41.422266347813412 ], [ 2.162568609977973, 41.423321843667267 ], [ 2.164428272385904, 41.422835408404083 ], [ 2.164713179434902, 41.421295232483118 ], [ 2.163103988993007, 41.420239763891082 ], [ 2.161244409616538, 41.42072620321759 ], [ 2.160959441792407, 41.422266347813412 ] ] ] } },
{ "type": "Feature", "properties": { "id": 534, "snapped_id": 534.0, "centroid_lon": 2.15756, "centroid_lat": 41.33856, "radius": 192.365, "internal_id": 618000602696777727, "population": 561, "component": 0, "o_score_pt": 0.0, "o_score_car": 1001.0239278632176, "CDI": 1.0, "log_population": 2.7497363155690611 }, "geometry": { "type": "Polygon", "coordinates": [ [ [ 2.15586791772549, 41.338990701268415 ], [ 2.157329334068128, 41.339950387142522 ], [ 2.158992548686362, 41.339514110177923 ], [ 2.159249970034388, 41.33812067678236 ], [ 2.157788533432005, 41.337161018620129 ], [ 2.156125393873197, 41.337597297379993 ], [ 2.15586791772549, 41.338990701268415 ] ] ] } },
{ "type": "Feature", "properties": { "id": 535, "snapped_id": null, "centroid_lon": 2.15907, "centroid_lat": 41.34154, "radius": 192.364, "internal_id": 618000602659291135, "population": 500, "component": 0, "o_score_pt": 0.0, "o_score_car": 1145.5647682285328, "CDI": 1.0, "log_population": 2.6998377258672459 }, "geometry": { "type": "Polygon", "coordinates": [ [ [ 2.15741766773433, 41.341968722945808 ], [ 2.158850152000883, 41.342909339622658 ], [ 2.160474730860984, 41.342483222163885 ], [ 2.160726705781923, 41.34111922484977 ], [ 2.159294201647395, 41.340178635897288 ], [ 2.157669696297366, 41.340604754739054 ], [ 2.15741766773433, 41.341968722945808 ] ] ] } },
{ "type": "Feature", "properties": { "id": 536, "snapped_id": 536.0, "centroid_lon": 2.21498, "centroid_lat": 41.40813, "radius": 192.39, "internal_id": 618000602471858175, "population": 2139, "component": 0, "o_score_pt": 1781.6835768849917, "o_score_car": 2161.8097487878031, "CDI": 0.096393258593371306, "log_population": 3.330413773349191 }, "geometry": { "type": "Polygon", "coordinates": [ [ [ 2.212865307287687, 41.408679834281493 ], [ 2.214667749461327, 41.409860735801054 ], [ 2.216783937623902, 41.409306013467329 ], [ 2.217103833169598, 41.40757070132446 ], [ 2.215301366343126, 41.406389825656781 ], [ 2.213185271424557, 41.406944555554254 ], [ 2.212865307287687, 41.408679834281493 ] ] ] } },
{ "type": "Feature", "properties": { "id": 537, "snapped_id": 537.0, "centroid_lon": 2.06003, "centroid_lat": 41.43002, "radius": 192.092, "internal_id": 618000603151073279, "population": 0, "component": 1, "o_score_pt": 0.67742862795162095, "o_score_car": 817.82698753924035, "CDI": 0.9983447160099056, "log_population": 0.0 }, "geometry": { "type": "Polygon", "coordinates": [ [ [ 2.059986596703938, 41.429996689717321 ], [ 2.060070999709515, 41.430052191772482 ], [ 2.06007100099221, 41.430052184882733 ], [ 2.059986597333542, 41.429996686336338 ], [ 2.059986596703938, 41.429996689717321 ] ] ] } },
{ "type": "Feature", "properties": { "id": 538, "snapped_id": 538.0, "centroid_lon": 2.12093, "centroid_lat": 41.32447, "radius": 192.315, "internal_id": 618000605151231999, "population": 1251, "component": 0, "o_score_pt": 733.13085162841128, "o_score_car": 1696.0463046412226, "CDI": 0.3963957303515534, "log_population": 3.0976043288744108 }, "geometry": { "type": "Polygon", "coordinates": [ [ [ 2.118987440563922, 41.324971547843724 ], [ 2.120649936433719, 41.326064478269828 ], [ 2.122582273946555, 41.325557941387025 ], [ 2.122878125610131, 41.323959611839364 ], [ 2.121215606662109, 41.322866708379571 ], [ 2.119283355042517, 41.323373250396642 ], [ 2.118987440563922, 41.324971547843724 ] ] ] } },
{ "type": "Feature", "properties": { "id": 539, "snapped_id": 539.0, "centroid_lon": 2.1999, "centroid_lat": 41.40023, "radius": 192.372, "internal_id": 618000602396884991, "population": 1154, "component": 0, "o_score_pt": 2294.3624249204154, "o_score_car": 2321.1781552340367, "CDI": 0.0058098785717368004, "log_population": 3.0625819842281632 }, "geometry": { "type": "Polygon", "coordinates": [ [ [ 2.197975882408974, 41.400731683234916 ], [ 2.199621744381782, 41.40181051713607 ], [ 2.201529610480818, 41.401310499859605 ], [ 2.20182061744989, 41.399733107946858 ], [ 2.200174732858531, 41.398654301142784 ], [ 2.198266951653302, 41.399154323049217 ], [ 2.197975882408974, 41.400731683234916 ] ] ] } },
{ "type": "Feature", "properties": { "id": 540, "snapped_id": 540.0, "centroid_lon": 2.08005, "centroid_lat": 41.41128, "radius": 192.148, "internal_id": 618000603076100095, "population": 0, "component": 0, "o_score_pt": 0.29269246367682911, "o_score_car": 1269.8360132042419, "CDI": 0.99953911369395776, "log_population": 0.0 }, "geometry": { "type": "Polygon", "coordinates": [ [ [ 2.080003244710692, 41.411252021771354 ], [ 2.080087325220903, 41.411307296338421 ], [ 2.080087326500502, 41.411307289454392 ], [ 2.080003245341014, 41.411252018381134 ], [ 2.080003244710692, 41.411252021771354 ] ] ] } },
{ "type": "Feature", "properties": { "id": 541, "snapped_id": 541.0, "centroid_lon": 2.13513, "centroid_lat": 41.38166, "radius": 192.278, "internal_id": 618000602284425215, "population": 2908, "component": 0, "o_score_pt": 2567.878543969653, "o_score_car": 2388.0183231040346, "CDI": -0.036292163797956703, "log_population": 3.463743721247059 }, "geometry": { "type": "Polygon", "coordinates": [ [ [ 2.132954506832828, 41.382230657796391 ], [ 2.134796582074052, 41.383440363346928 ], [ 2.136967948427276, 41.382872079267379 ], [ 2.137297143996858, 41.381094081042463 ], [ 2.135455043285574, 41.37988440085423 ], [ 2.133283772471877, 41.380452693529165 ], [ 2.132954506832828, 41.382230657796391 ] ] ] } },
{ "type": "Feature", "properties": { "id": 542, "snapped_id": 542.0, "centroid_lon": 2.188, "centroid_lat": 41.44227, "radius": 192.305, "internal_id": 618000602926153727, "population": 2787, "component": 0, "o_score_pt": 1932.9367269629613, "o_score_car": 2050.3290319897242, "CDI": 0.0294713715154242, "log_population": 3.4452927694259716 }, "geometry": { "type": "Polygon", "coordinates": [ [ [ 2.18582721795314, 41.442834129183233 ], [ 2.187672230353905, 41.4440432424785 ], [ 2.189845812468099, 41.443474659495472 ], [ 2.190174286550752, 41.441696954724598 ], [ 2.188329248819735, 41.440487866784459 ], [ 2.18615576233345, 41.44105645826064 ], [ 2.18582721795314, 41.442834129183233 ] ] ] } },
{ "type": "Feature", "properties": { "id": 543, "snapped_id": 543.0, "centroid_lon": 2.0876, "centroid_lat": 41.42622, "radius": 192.145, "internal_id": 618000603080556543, "population": 360, "component": 0, "o_score_pt": 5.1077879437597176, "o_score_car": 1425.6292895829647, "CDI": 0.9928599209121084, "log_population": 2.5575072019056577 }, "geometry": { "type": "Polygon", "coordinates": [ [ [ 2.086049104765699, 41.426608705288572 ], [ 2.087399039773106, 41.427495809635424 ], [ 2.08891400899423, 41.427100545210592 ], [ 2.089151663777436, 41.425821796336507 ], [ 2.087801709788557, 41.424934719569627 ], [ 2.086286809847696, 41.425329984384234 ], [ 2.086049104765699, 41.426608705288572 ] ] ] } },
{ "type": "Feature", "properties": { "id": 544, "snapped_id": 544.0, "centroid_lon": 2.12472, "centroid_lat": 41.42667, "radius": 192.21, "internal_id": 618000602326368255, "population": 10, "component": 0, "o_score_pt": 12.020577706728821, "o_score_car": 1425.3975565117169, "CDI": 0.9832747654693188, "log_population": 1.0413926851582249 }, "geometry": { "type": "Polygon", "coordinates": [ [ [ 2.124279248625533, 41.426753647097698 ], [ 2.124748373131527, 41.427061641235468 ], [ 2.125086557230872, 41.426973303160949 ], [ 2.125158149790949, 41.426587216758051 ], [ 2.124689018284271, 41.426279237610693 ], [ 2.124350856143709, 41.426367572059284 ], [ 2.124279248625533, 41.426753647097698 ] ] ] } },
{ "type": "Feature", "properties": { "id": 545, "snapped_id": 545.0, "centroid_lon": 2.1321, "centroid_lat": 41.37569, "radius": 192.279, "internal_id": 618000602288881663, "population": 2915, "component": 0, "o_score_pt": 2496.2797106025591, "o_score_car": 2213.8003810041851, "CDI": -0.059973360134946703, "log_population": 3.4647875196459372 }, "geometry": { "type": "Polygon", "coordinates": [ [ [ 2.129929237171008, 41.376255239793949 ], [ 2.131771089874409, 41.37746498022458 ], [ 2.133942265153915, 41.376896678951148 ], [ 2.134271492198371, 41.375118628646142 ], [ 2.132429614018434, 41.373908913579911 ], [ 2.130258534267734, 41.374477223454846 ], [ 2.129929237171008, 41.376255239793949 ] ] ] } },
{ "type": "Feature", "properties": { "id": 546, "snapped_id": 546.0, "centroid_lon": 2.14421, "centroid_lat": 41.39959, "radius": 192.274, "internal_id": 618000602251395071, "population": 2020, "component": 0, "o_score_pt": 2231.1998808015128, "o_score_car": 2499.1542104784021, "CDI": 0.056645723450353298, "log_population": 3.3055663135153042 }, "geometry": { "type": "Polygon", "coordinates": [ [ [ 2.142105299487333, 41.40013574436076 ], [ 2.143890998344554, 41.401307901097795 ], [ 2.145986807993784, 41.400759585609293 ], [ 2.146305214170874, 41.399039518513142 ], [ 2.144519490630376, 41.397867387735062 ], [ 2.142423773495447, 41.398415710620014 ], [ 2.142105299487333, 41.40013574436076 ] ] ] } },
{ "type": "Feature", "properties": { "id": 547, "snapped_id": 547.0, "centroid_lon": 2.16967, "centroid_lat": 41.36246, "radius": 192.36, "internal_id": 618000602743177215, "population": 928, "component": 0, "o_score_pt": 1197.4106241106822, "o_score_car": 1962.7195266895117, "CDI": 0.2421763870659065, "log_population": 2.9680157139936418 }, "geometry": { "type": "Polygon", "coordinates": [ [ [ 2.167816670589578, 41.362940520993824 ], [ 2.169405889175678, 41.363983506724765 ], [ 2.171239133579705, 41.363502856949886 ], [ 2.171520209713109, 41.361980972356463 ], [ 2.169930969180646, 41.360938014005065 ], [ 2.168097806671733, 41.36141866752223 ], [ 2.167816670589578, 41.362940520993824 ] ] ] } },
{ "type": "Feature", "properties": { "id": 548, "snapped_id": 548.0, "centroid_lon": 2.21052, "centroid_lat": 41.42114, "radius": 192.367, "internal_id": 618000602480771071, "population": 2274, "component": 0, "o_score_pt": 2058.7977675479246, "o_score_car": 2211.7047427110201, "CDI": 0.035805382339846398, "log_population": 3.3569814009931314 }, "geometry": { "type": "Polygon", "coordinates": [ [ [ 2.208376726082883, 41.421702934938743 ], [ 2.210194792427122, 41.422894017785502 ], [ 2.21233188347216, 41.422334156642691 ], [ 2.212654795563382, 41.420583411420814 ], [ 2.210836704338124, 41.41939235425469 ], [ 2.208699707398176, 41.41995222328503 ], [ 2.208376726082883, 41.421702934938743 ] ] ] } },
{ "type": "Feature", "properties": { "id": 549, "snapped_id": 549.0, "centroid_lon": 2.11593, "centroid_lat": 41.32916, "radius": 192.301, "internal_id": 618000605160144895, "population": 1770, "component": 0, "o_score_pt": 892.1971853305696, "o_score_car": 1644.8605921671699, "CDI": 0.29666782266935221, "log_population": 3.2482185611900749 }, "geometry": { "type": "Polygon", "coordinates": [ [ [ 2.113878930020989, 41.329696807651253 ], [ 2.11562893805804, 41.330847347978647 ], [ 2.117678159019828, 41.330310347589261 ], [ 2.117990540994801, 41.32862338358715 ], [ 2.116240508677465, 41.327472869554008 ], [ 2.114191378313796, 41.328009876734107 ], [ 2.113878930020989, 41.329696807651253 ] ] ] } },
{ "type": "Feature", "properties": { "id": 550, "snapped_id": 550.0, "centroid_lon": 2.13012, "centroid_lat": 41.38635, "radius": 192.264, "internal_id": 618000602293338111, "population": 2825, "component": 0, "o_score_pt": 2343.4614976633839, "o_score_car": 2297.5420207398961, "CDI": -0.0098942990974688998, "log_population": 3.4511721575125396 }, "geometry": { "type": "Polygon", "coordinates": [ [ [ 2.127953184373134, 41.386922735544239 ], [ 2.129795208645025, 41.38813249181014 ], [ 2.131966632714735, 41.387564378475965 ], [ 2.13229593695498, 41.385786500272708 ], [ 2.130453887193545, 41.38457676936293 ], [ 2.128282558678534, 41.385144891300897 ], [ 2.127953184373134, 41.386922735544239 ] ] ] } },
{ "type": "Feature", "properties": { "id": 551, "snapped_id": 551.0, "centroid_lon": 2.1346, "centroid_lat": 41.37334, "radius": 192.286, "internal_id": 618000602728497151, "population": 2827, "component": 0, "o_score_pt": 2462.6275050886038, "o_score_car": 2089.5340303206749, "CDI": -0.081959629917742804, "log_population": 3.4514794051248616 }, "geometry": { "type": "Polygon", "coordinates": [ [ [ 2.132429614018434, 41.373908913579911 ], [ 2.134271492198371, 41.375118628646142 ], [ 2.136442638623469, 41.37455024201337 ], [ 2.136771811344528, 41.372772131717561 ], [ 2.134929907697788, 41.371562442018757 ], [ 2.132758856793926, 41.372130837248875 ], [ 2.132429614018434, 41.373908913579911 ] ] ] } },
{ "type": "Feature", "properties": { "id": 552, "snapped_id": 552.0, "centroid_lon": 2.14118, "centroid_lat": 41.39361, "radius": 192.275, "internal_id": 618000602255851519, "population": 2497, "component": 0, "o_score_pt": 2268.9173756754049, "o_score_car": 2472.4912559345707, "CDI": 0.0429353165010882, "log_population": 3.3975924340381165 }, "geometry": { "type": "Polygon", "coordinates": [ [ [ 2.13901100257638, 41.394179731806538 ], [ 2.14085000833901, 41.395387060071791 ], [ 2.143017066260916, 41.394820037649545 ], [ 2.143345539793361, 41.393045703635387 ], [ 2.141506508620941, 41.391838400768052 ], [ 2.139339546071636, 41.392405431698954 ], [ 2.13901100257638, 41.394179731806538 ] ] ] } },
{ "type": "Feature", "properties": { "id": 553, "snapped_id": 553.0, "centroid_lon": 2.17679, "centroid_lat": 41.39106, "radius": 192.341, "internal_id": 618000602485227519, "population": 2342, "component": 0, "o_score_pt": 2734.9583265768683, "o_score_car": 2479.5565336817936, "CDI": -0.0489790133386264, "log_population": 3.369772288596963 }, "geometry": { "type": "Polygon", "coordinates": [ [ [ 2.174637808967425, 41.39162008480919 ], [ 2.176461653379324, 41.392816416075235 ], [ 2.178607494293543, 41.39225425871377 ], [ 2.178932286387311, 41.390495904369025 ], [ 2.177108416902186, 41.389299598702642 ], [ 2.174962670455253, 41.389861764169801 ], [ 2.174637808967425, 41.39162008480919 ] ] ] } },
{ "type": "Feature", "properties": { "id": 554, "snapped_id": 554.0, "centroid_lon": 2.1548, "centroid_lat": 41.4205, "radius": 192.27, "internal_id": 618000602335281151, "population": 1311, "component": 0, "o_score_pt": 1923.6149854466955, "o_score_car": 2162.1867922943338, "CDI": 0.058390450595853599, "log_population": 3.1179338350396413 }, "geometry": { "type": "Polygon", "coordinates": [ [ [ 2.152840755913084, 41.421007994292474 ], [ 2.154518051629485, 41.42210841751654 ], [ 2.156468823585286, 41.421598257771812 ], [ 2.156766664674342, 41.419988910598157 ], [ 2.155089345761603, 41.418888514232165 ], [ 2.153138660505439, 41.419398679256815 ], [ 2.152840755913084, 41.421007994292474 ] ] ] } },
{ "type": "Feature", "properties": { "id": 555, "snapped_id": 555.0, "centroid_lon": 2.204, "centroid_lat": 41.42285, "radius": 192.354, "internal_id": 618000602977009663, "population": 2678, "component": 0, "o_score_pt": 2015.9990576533444, "o_score_car": 2236.2690379624319, "CDI": 0.0518005862650553, "log_population": 3.427972713608209 }, "geometry": { "type": "Polygon", "coordinates": [ [ [ 2.201822765276061, 41.423420191367349 ], [ 2.203667843311538, 41.424629144855501 ], [ 2.205841125959143, 41.424059955305971 ], [ 2.206169234999106, 41.422281803802008 ], [ 2.204324131698374, 41.421072875691451 ], [ 2.202150944620042, 41.421642073707851 ], [ 2.201822765276061, 41.423420191367349 ] ] ] } },
{ "type": "Feature", "properties": { "id": 556, "snapped_id": 556.0, "centroid_lon": 2.13973, "centroid_lat": 41.4126, "radius": 192.252, "internal_id": 618000602260307967, "population": 1989, "component": 0, "o_score_pt": 2294.1675789875853, "o_score_car": 2424.941731247126, "CDI": 0.027711617524078101, "log_population": 3.2988530764097064 }, "geometry": { "type": "Polygon", "coordinates": [ [ [ 2.137633507108653, 41.413146160767631 ], [ 2.139415451029499, 41.414315799514426 ], [ 2.141506317531533, 41.413769110362253 ], [ 2.14182411848184, 41.412053223161948 ], [ 2.140042149907946, 41.410883610401633 ], [ 2.137951375743516, 41.411430306877833 ], [ 2.137633507108653, 41.413146160767631 ] ] ] } },
{ "type": "Feature", "properties": { "id": 557, "snapped_id": 557.0, "centroid_lon": 2.09964, "centroid_lat": 41.42815, "radius": 192.164, "internal_id": 618000602827063295, "population": 413, "component": 0, "o_score_pt": 5.3979665143179556, "o_score_car": 1235.7720638557623, "CDI": 0.99130180977265725, "log_population": 2.6170003411208991 }, "geometry": { "type": "Polygon", "coordinates": [ [ [ 2.098046632474552, 41.428551033095538 ], [ 2.099431438265456, 41.429460752755467 ], [ 2.10099277457764, 41.429053263174247 ], [ 2.101236778237847, 41.427739441629662 ], [ 2.099851953024152, 41.426829749612246 ], [ 2.098290687843645, 41.427237240006242 ], [ 2.098046632474552, 41.428551033095538 ] ] ] } },
{ "type": "Feature", "properties": { "id": 558, "snapped_id": 558.0, "centroid_lon": 2.13151, "centroid_lat": 41.34538, "radius": 192.311, "internal_id": 618000602752090111, "population": 1054, "component": 0, "o_score_pt": 3.3440367760595477, "o_score_car": 1881.3656149572428, "CDI": 0.99645140377672059, "log_population": 3.0232524596337114 }, "geometry": { "type": "Polygon", "coordinates": [ [ [ 2.129622460190403, 41.345874699581479 ], [ 2.13124245660328, 41.346939134663977 ], [ 2.133117722367755, 41.346447761546472 ], [ 2.133405364713856, 41.344893421851005 ], [ 2.131785345824316, 41.343829013981832 ], [ 2.12991016367183, 41.34432039145068 ], [ 2.129622460190403, 41.345874699581479 ] ] ] } },
{ "type": "Feature", "properties": { "id": 559, "snapped_id": 559.0, "centroid_lon": 2.20195, "centroid_lat": 41.41154, "radius": 192.363, "internal_id": 618000602452197375, "population": 1588, "component": 0, "o_score_pt": 1913.3406515469824, "o_score_car": 2190.6723018758721, "CDI": 0.067575724900572495, "log_population": 3.2011238972073794 }, "geometry": { "type": "Polygon", "coordinates": [ [ [ 2.199922512730191, 41.41206973734851 ], [ 2.201649350258648, 41.413201432888535 ], [ 2.203665074645063, 41.41267332801084 ], [ 2.203971153197887, 41.411014404659625 ], [ 2.202244291975085, 41.409882735648765 ], [ 2.200228656822325, 41.410410846628928 ], [ 2.199922512730191, 41.41206973734851 ] ] ] } },
{ "type": "Feature", "properties": { "id": 560, "snapped_id": 560.0, "centroid_lon": 2.07603, "centroid_lat": 41.41064, "radius": 192.142, "internal_id": 618000603056439295, "population": 0, "component": 0, "o_score_pt": 0.21328907330559921, "o_score_car": 1273.2115852795398, "CDI": 0.99966501506668959, "log_population": 0.0 }, "geometry": { "type": "Polygon", "coordinates": [ [ [ 2.075990928707731, 41.41060841670361 ], [ 2.076074979241227, 41.410663677625209 ], [ 2.076074980521128, 41.410663670741137 ], [ 2.07599092933836, 41.410608413312524 ], [ 2.075990928707731, 41.41060841670361 ] ] ] } },
{ "type": "Feature", "properties": { "id": 561, "snapped_id": 561.0, "centroid_lon": 2.15177, "centroid_lat": 41.41452, "radius": 192.271, "internal_id": 618000602339737599, "population": 192, "component": 0, "o_score_pt": 1894.4728861164856, "o_score_car": 2272.2624772326631, "CDI": 0.0906680070059733, "log_population": 2.2855573090077739 }, "geometry": { "type": "Polygon", "coordinates": [ [ [ 2.150422817637306, 41.414862898547071 ], [ 2.151615643191602, 41.415645596820816 ], [ 2.152919968419532, 41.415304451370012 ], [ 2.153127080175298, 41.414185422047538 ], [ 2.151934237924121, 41.413402750695191 ], [ 2.150629973430236, 41.413743894712759 ], [ 2.150422817637306, 41.414862898547071 ] ] ] } },
{ "type": "Feature", "properties": { "id": 562, "snapped_id": 562.0, "centroid_lon": 2.16072, "centroid_lat": 41.3885, "radius": 192.316, "internal_id": 618000602302251007, "population": 2539, "component": 0, "o_score_pt": 2637.0525473029502, "o_score_car": 2535.614706366935, "CDI": -0.019610354960305498, "log_population": 3.4048337166199381 }, "geometry": { "type": "Polygon", "coordinates": [ [ [ 2.158552273558979, 41.389064982485934 ], [ 2.160395280524054, 41.390274413388596 ], [ 2.162567142155025, 41.389705677056718 ], [ 2.162895901286533, 41.387927501274113 ], [ 2.161052868932515, 41.386718095745003 ], [ 2.158881102833072, 41.387286840625549 ], [ 2.158552273558979, 41.389064982485934 ] ] ] } },
{ "type": "Feature", "properties": { "id": 563, "snapped_id": 563.0, "centroid_lon": 2.12849, "centroid_lat": 41.33941, "radius": 192.312, "internal_id": 618000602756546559, "population": 1890, "component": 0, "o_score_pt": 799.35059233182278, "o_score_car": 1885.035254612656, "CDI": 0.40444434004024482, "log_population": 3.2766915288450398 }, "geometry": { "type": "Polygon", "coordinates": [ [ [ 2.126413012629189, 41.339950237416943 ], [ 2.128180158184155, 41.341111530037516 ], [ 2.130251873816499, 41.340568618288096 ], [ 2.130567182056284, 41.338864893368864 ], [ 2.128800012030788, 41.337703626894083 ], [ 2.126728387894738, 41.338246545738166 ], [ 2.126413012629189, 41.339950237416943 ] ] ] } },
{ "type": "Feature", "properties": { "id": 564, "snapped_id": 564.0, "centroid_lon": 2.14059, "centroid_lat": 41.36331, "radius": 192.308, "internal_id": 618000602719059967, "population": 1966, "component": 0, "o_score_pt": 1992.4100526415741, "o_score_car": 2072.2900905659035, "CDI": 0.019652135486012801, "log_population": 3.2938043599193367 }, "geometry": { "type": "Polygon", "coordinates": [ [ [ 2.138498022720498, 41.363858607414777 ], [ 2.140275989461411, 41.365026312737207 ], [ 2.142361723621595, 41.364479985764582 ], [ 2.142678775486608, 41.362766384409099 ], [ 2.140900784164997, 41.361598705131591 ], [ 2.138815142075902, 41.362145039373679 ], [ 2.138498022720498, 41.363858607414777 ] ] ] } },
{ "type": "Feature", "properties": { "id": 565, "snapped_id": 565.0, "centroid_lon": 2.18785, "centroid_lat": 41.39831, "radius": 192.353, "internal_id": 618000602494140415, "population": 2020, "component": 0, "o_score_pt": 2398.0502368415014, "o_score_car": 2503.6597062110918, "CDI": 0.021545434266112499, "log_population": 3.3055663135153042 }, "geometry": { "type": "Polygon", "coordinates": [ [ [ 2.185747480363157, 41.398862138933445 ], [ 2.187534437626798, 41.400033842155537 ], [ 2.189630754311297, 41.39948460861352 ], [ 2.189948389665233, 41.397764082633039 ], [ 2.188161407859622, 41.396592405396724 ], [ 2.186065183647576, 41.397141646258497 ], [ 2.185747480363157, 41.398862138933445 ] ] ] } },
{ "type": "Feature", "properties": { "id": 566, "snapped_id": 566.0, "centroid_lon": 2.19891, "centroid_lat": 41.40557, "radius": 192.364, "internal_id": 618000602456653823, "population": 2345, "component": 0, "o_score_pt": 2074.8854126790893, "o_score_car": 2289.1766719468442, "CDI": 0.049103622980680599, "log_population": 3.3703280077795106 }, "geometry": { "type": "Polygon", "coordinates": [ [ [ 2.196765509400496, 41.406129971478961 ], [ 2.198590660621143, 41.407326275889325 ], [ 2.200737576224256, 41.406763734382359 ], [ 2.201062087806176, 41.405005024343403 ], [ 2.199236911572158, 41.403808745533411 ], [ 2.19709009046593, 41.404371295111567 ], [ 2.196765509400496, 41.406129971478961 ] ] ] } },
{ "type": "Feature", "properties": { "id": 567, "snapped_id": 567.0, "centroid_lon": 2.15033, "centroid_lat": 41.43351, "radius": 192.248, "internal_id": 618000602344194047, "population": 2366, "component": 0, "o_score_pt": 2042.0619480966943, "o_score_car": 2242.6426190700217, "CDI": 0.046813185793568503, "log_population": 3.3741982579290828 }, "geometry": { "type": "Polygon", "coordinates": [ [ [ 2.148176127767235, 41.434071032560887 ], [ 2.150002670965517, 41.435269315859131 ], [ 2.152152698529997, 41.434707391001432 ], [ 2.152478609928242, 41.432947304557416 ], [ 2.150652041509377, 41.431749046787729 ], [ 2.14850210866939, 41.432310979846797 ], [ 2.148176127767235, 41.434071032560887 ] ] ] } },
{ "type": "Feature", "properties": { "id": 568, "snapped_id": 568.0, "centroid_lon": 2.16943, "centroid_lat": 41.44205, "radius": 192.272, "internal_id": 618000603023409151, "population": 2240, "component": 0, "o_score_pt": 1841.6659450168395, "o_score_car": 2150.4254300956454, "CDI": 0.077342790048262805, "log_population": 3.3504418565350611 }, "geometry": { "type": "Polygon", "coordinates": [ [ [ 2.167291779347182, 41.442605561666568 ], [ 2.169105259762283, 41.443794574555533 ], [ 2.171237292195942, 41.443237185138301 ], [ 2.171560304802756, 41.44149101384663 ], [ 2.169746799410086, 41.440302026640566 ], [ 2.167614860961673, 41.440859423937169 ], [ 2.167291779347182, 41.442605561666568 ] ] ] } },
{ "type": "Feature", "properties": { "id": 569, "snapped_id": 569.0, "centroid_lon": 2.1577, "centroid_lat": 41.38252, "radius": 192.317, "internal_id": 618000602306707455, "population": 2275, "component": 0, "o_score_pt": 2749.4993845990412, "o_score_car": 2465.9158013564411, "CDI": -0.054374114645034999, "log_population": 3.3571722577230334 }, "geometry": { "type": "Polygon", "coordinates": [ [ [ 2.155558347374784, 41.383080217910354 ], [ 2.157374099213006, 41.384271942083195 ], [ 2.159509706096886, 41.383712633419378 ], [ 2.159833434499448, 41.38196178434611 ], [ 2.158017657628683, 41.38077008584515 ], [ 2.155882144817688, 41.3813294024974 ], [ 2.155558347374784, 41.383080217910354 ] ] ] } },
{ "type": "Feature", "properties": { "id": 570, "snapped_id": 570.0, "centroid_lon": 2.16981, "centroid_lat": 41.40642, "radius": 192.312, "internal_id": 618000602269220863, "population": 1109, "component": 0, "o_score_pt": 2610.340079071223, "o_score_car": 2559.7251935505351, "CDI": -0.0097899896523010004, "log_population": 3.0453229787866576 }, "geometry": { "type": "Polygon", "coordinates": [ [ [ 2.167902214799519, 41.406916021770783 ], [ 2.169537361479804, 41.407988569134965 ], [ 2.171431610278994, 41.407492704359228 ], [ 2.171721245946843, 41.40592582272528 ], [ 2.170086076690078, 41.404853302496491 ], [ 2.168191912284658, 41.405349171775498 ], [ 2.167902214799519, 41.406916021770783 ] ] ] } },
{ "type": "Feature", "properties": { "id": 571, "snapped_id": 571.0, "centroid_lon": 2.13756, "centroid_lat": 41.35734, "radius": 192.309, "internal_id": 618000602723516415, "population": 1796, "component": 0, "o_score_pt": 1522.4619139805322, "o_score_car": 2078.6405989056107, "CDI": 0.15444677926686479, "log_population": 3.2545480771089736 }, "geometry": { "type": "Polygon", "coordinates": [ [ [ 2.135501657694983, 41.357874595833927 ], [ 2.137256577086513, 41.35902733713327 ], [ 2.139311664231393, 41.358488973910035 ], [ 2.139624466772469, 41.356798451546446 ], [ 2.137869523101813, 41.355645736504982 ], [ 2.135814526794539, 41.356184106550195 ], [ 2.135501657694983, 41.357874595833927 ] ] ] } },
{ "type": "Feature", "properties": { "id": 572, "snapped_id": 572.0, "centroid_lon": 2.19694, "centroid_lat": 41.41624, "radius": 192.349, "internal_id": 618000602461110271, "population": 2602, "component": 0, "o_score_pt": 2469.2629584847168, "o_score_car": 2343.5771697965783, "CDI": -0.026114681838189699, "log_population": 3.4154741681092355 }, "geometry": { "type": "Polygon", "coordinates": [ [ [ 2.194771574692661, 41.416806067217195 ], [ 2.196616293085, 41.418015099238147 ], [ 2.19878931816051, 41.417445969695379 ], [ 2.199117529279985, 41.415667799651928 ], [ 2.197272785602841, 41.414458793008606 ], [ 2.195099856088155, 41.41502793103168 ], [ 2.194771574692661, 41.416806067217195 ] ] ] } },
{ "type": "Feature", "properties": { "id": 573, "snapped_id": 573.0, "centroid_lon": 2.15737, "centroid_lat": 41.44012, "radius": 192.253, "internal_id": 618000603027865599, "population": 1409, "component": 0, "o_score_pt": 1909.9104963273576, "o_score_car": 2179.766063900508, "CDI": 0.065984574476499497, "log_population": 3.1492191126553797 }, "geometry": { "type": "Polygon", "coordinates": [ [ [ 2.155387295538473, 41.440640193297533 ], [ 2.15708328650725, 41.441752541677452 ], [ 2.159058847903846, 41.441236220856958 ], [ 2.159360125703832, 41.439608681296775 ], [ 2.157664111289962, 41.438496359637831 ], [ 2.155688637608099, 41.439012686065951 ], [ 2.155387295538473, 41.440640193297533 ] ] ] } },
{ "type": "Feature", "properties": { "id": 574, "snapped_id": 574.0, "centroid_lon": 2.15572, "centroid_lat": 41.39319, "radius": 192.302, "internal_id": 618000602311163903, "population": 2397, "component": 0, "o_score_pt": 2762.500922452853, "o_score_car": 2451.8103612172595, "CDI": -0.059584199011784598, "log_population": 3.37984917876283 }, "geometry": { "type": "Polygon", "coordinates": [ [ [ 2.153568280518899, 41.393753436700102 ], [ 2.155397398018594, 41.394953836582374 ], [ 2.157550853442584, 41.394390104456583 ], [ 2.157877129053119, 41.392626063756289 ], [ 2.156047986330813, 41.391425689395746 ], [ 2.153894625712124, 41.391989429786982 ], [ 2.153568280518899, 41.393753436700102 ] ] ] } },
{ "type": "Feature", "properties": { "id": 575, "snapped_id": 575.0, "centroid_lon": 2.16382, "centroid_lat": 41.41645, "radius": 192.29, "internal_id": 618000602274201599, "population": 948, "component": 0, "o_score_pt": 1779.2059399094787, "o_score_car": 2342.9771600586168, "CDI": 0.13676520583316679, "log_population": 2.9772662124272928 }, "geometry": { "type": "Polygon", "coordinates": [ [ [ 2.161963152342349, 41.416928418991866 ], [ 2.16355875080071, 41.417975056389182 ], [ 2.165400315667739, 41.417493247580794 ], [ 2.165682664994455, 41.415966645252652 ], [ 2.164087044466742, 41.414920035183791 ], [ 2.162245561897091, 41.415401847827255 ], [ 2.161963152342349, 41.416928418991866 ] ] ] } },
{ "type": "Feature", "properties": { "id": 576, "snapped_id": 576.0, "centroid_lon": 2.1739, "centroid_lat": 41.42904, "radius": 192.294, "internal_id": 618000602953416703, "population": 2772, "component": 0, "o_score_pt": 2269.5365666718931, "o_score_car": 2210.8681308850578, "CDI": -0.013094450110461099, "log_population": 3.4429498695778618 }, "geometry": { "type": "Polygon", "coordinates": [ [ [ 2.171727633767699, 41.429605163076651 ], [ 2.173571926614251, 41.430814433401252 ], [ 2.175744993136906, 41.430245970278648 ], [ 2.176073671199154, 41.428468228311999 ], [ 2.174229352983248, 41.427258983342526 ], [ 2.172056382071584, 41.427827454985191 ], [ 2.171727633767699, 41.429605163076651 ] ] ] } },
{ "type": "Feature", "properties": { "id": 577, "snapped_id": 577.0, "centroid_lon": 2.13611, "centroid_lat": 41.37633, "radius": 192.285, "internal_id": 618000602727972863, "population": 2926, "component": 0, "o_score_pt": 2639.1142113415576, "o_score_car": 2250.4554100234027, "CDI": -0.079487323305493199, "log_population": 3.466422722433792 }, "geometry": { "type": "Polygon", "coordinates": [ [ [ 2.133942265153915, 41.376896678951148 ], [ 2.135784254594725, 41.378106376584604 ], [ 2.137955496546405, 41.377537998546075 ], [ 2.138284653527831, 41.375759914280408 ], [ 2.136442638623469, 41.37455024201337 ], [ 2.134271492198371, 41.375118628646142 ], [ 2.133942265153915, 41.376896678951148 ] ] ] } },
{ "type": "Feature", "properties": { "id": 578, "snapped_id": 578.0, "centroid_lon": 2.14348, "centroid_lat": 41.32532, "radius": 192.354, "internal_id": 618000602690486271, "population": 916, "component": 0, "o_score_pt": 1.2697334908993805, "o_score_car": 1506.3046923064464, "CDI": 0.99831552795116196, "log_population": 2.9623693356700209 }, "geometry": { "type": "Polygon", "coordinates": [ [ [ 2.141638161779832, 41.325800178538344 ], [ 2.143222637724489, 41.326841213020252 ], [ 2.145050361767876, 41.326361771085686 ], [ 2.145331113850892, 41.324842955885501 ], [ 2.143746615953597, 41.323801948800032 ], [ 2.141918973575702, 41.324281394469288 ], [ 2.141638161779832, 41.325800178538344 ] ] ] } },
{ "type": "Feature", "properties": { "id": 579, "snapped_id": 579.0, "centroid_lon": 2.14217, "centroid_lat": 41.38828, "radius": 192.283, "internal_id": 618000602311688191, "population": 2957, "component": 0, "o_score_pt": 2396.9925524827768, "o_score_car": 2466.4594472764561, "CDI": 0.0142834543853044, "log_population": 3.4709981696608736 }, "geometry": { "type": "Polygon", "coordinates": [ [ [ 2.139994139796372, 41.388847305536942 ], [ 2.141836574376881, 41.390056933315115 ], [ 2.144008198488563, 41.389488589622907 ], [ 2.144337292468834, 41.387710609571144 ], [ 2.142494832437698, 41.386501007155289 ], [ 2.140323303874051, 41.387069359429447 ], [ 2.139994139796372, 41.388847305536942 ] ] ] } },
{ "type": "Feature", "properties": { "id": 580, "snapped_id": 580.0, "centroid_lon": 2.15559, "centroid_lat": 41.34923, "radius": 192.35, "internal_id": 618000602652999679, "population": 1537, "component": 0, "o_score_pt": 6.4917853450158693, "o_score_car": 1684.5843929058638, "CDI": 0.99232230288793921, "log_population": 3.1869563354654122 }, "geometry": { "type": "Polygon", "coordinates": [ [ [ 2.153574910687044, 41.349752812829308 ], [ 2.155290854927415, 41.350879549520386 ], [ 2.157293518689052, 41.350354466937468 ], [ 2.157598618893708, 41.348703493205441 ], [ 2.155882650964323, 41.347576783116999 ], [ 2.153880075901677, 41.348101871733057 ], [ 2.153574910687044, 41.349752812829308 ] ] ] } },
{ "type": "Feature", "properties": { "id": 581, "snapped_id": 581.0, "centroid_lon": 2.11361, "centroid_lat": 41.39744, "radius": 192.223, "internal_id": 618000602353106943, "population": 940, "component": 0, "o_score_pt": 1426.2363161621397, "o_score_car": 2229.8377327147641, "CDI": 0.2197989990928875, "log_population": 2.973589623427257 }, "geometry": { "type": "Polygon", "coordinates": [ [ [ 2.111750554031483, 41.39791992491395 ], [ 2.11334231758797, 41.398965620881313 ], [ 2.115180003773778, 41.398485265795181 ], [ 2.11546268000842, 41.396960995066713 ], [ 2.113870894280874, 41.395915326419342 ], [ 2.112033290279795, 41.396395685388974 ], [ 2.111750554031483, 41.39791992491395 ] ] ] } },
{ "type": "Feature", "properties": { "id": 582, "snapped_id": 582.0, "centroid_lon": 2.16495, "centroid_lat": 41.45506, "radius": 192.25, "internal_id": 618000603032322047, "population": 0, "component": 0, "o_score_pt": 794.31796103138697, "o_score_car": 1287.3679620295857, "CDI": 0.23685129228005891, "log_population": 0.0 }, "geometry": { "type": "Polygon", "coordinates": [ [ [ 2.164907562625209, 41.45503002560924 ], [ 2.164992925200306, 41.455085992208851 ], [ 2.164992926475619, 41.455085985318277 ], [ 2.164907563245916, 41.455030022256338 ], [ 2.164907562625209, 41.45503002560924 ] ] ] } },
{ "type": "Feature", "properties": { "id": 583, "snapped_id": 583.0, "centroid_lon": 2.15586, "centroid_lat": 41.43714, "radius": 192.254, "internal_id": 618000603028389887, "population": 2168, "component": 0, "o_score_pt": 2053.6017629561825, "o_score_car": 2207.6478410617647, "CDI": 0.036150447033267301, "log_population": 3.3362595520141931 }, "geometry": { "type": "Polygon", "coordinates": [ [ [ 2.153735222310056, 41.437691741527509 ], [ 2.155539937117883, 41.438875486023413 ], [ 2.157660663106325, 41.438321193896037 ], [ 2.157982352101831, 41.436583448857085 ], [ 2.156177612385716, 41.435399730124843 ], [ 2.154056979941459, 41.43595402998659 ], [ 2.153735222310056, 41.437691741527509 ] ] ] } },
{ "type": "Feature", "properties": { "id": 584, "snapped_id": 584.0, "centroid_lon": 2.16647, "centroid_lat": 41.45804, "radius": 192.249, "internal_id": 618000602994835455, "population": 1, "component": 0, "o_score_pt": 999.44837124926437, "o_score_car": 1299.3230206861156, "CDI": 0.1304499657899347, "log_population": 0.3010299956639812 }, "geometry": { "type": "Polygon", "coordinates": [ [ [ 2.166423213827188, 41.45801658093945 ], [ 2.166508646733261, 41.458072589442693 ], [ 2.166508648008653, 41.458072582551459 ], [ 2.166423214447496, 41.458016577588609 ], [ 2.166423213827188, 41.45801658093945 ] ] ] } },
{ "type": "Feature", "properties": { "id": 585, "snapped_id": 585.0, "centroid_lon": 2.15276, "centroid_lat": 41.40919, "radius": 192.279, "internal_id": 618000602278133759, "population": 1893, "component": 0, "o_score_pt": 2283.9171622121053, "o_score_car": 2457.5328521917618, "CDI": 0.036616581309986601, "log_population": 3.2773799746672547 }, "geometry": { "type": "Polygon", "coordinates": [ [ [ 2.150682432701492, 41.409733312679677 ], [ 2.152452193399518, 41.410894619081944 ], [ 2.15452646496036, 41.4103519778334 ], [ 2.154841683922513, 41.408648562878518 ], [ 2.153071898783164, 41.407487282591283 ], [ 2.150997718871302, 41.408029930891615 ], [ 2.150682432701492, 41.409733312679677 ] ] ] } },
{ "type": "Feature", "properties": { "id": 586, "snapped_id": 586.0, "centroid_lon": 2.18451, "centroid_lat": 41.44994, "radius": 192.29, "internal_id": 618000602919862271, "population": 1524, "component": 0, "o_score_pt": 1750.0549911703904, "o_score_car": 1996.4120857093487, "CDI": 0.065757175889595093, "log_population": 3.1832698436828046 }, "geometry": { "type": "Polygon", "coordinates": [ [ [ 2.182500960471962, 41.450467648326445 ], [ 2.184217738376238, 41.451592719300187 ], [ 2.186220310404366, 41.45106907199888 ], [ 2.186524877755705, 41.449421352472726 ], [ 2.184808076218141, 41.448296308079961 ], [ 2.182805592964527, 41.448819961311926 ], [ 2.182500960471962, 41.450467648326445 ] ] ] } },
{ "type": "Feature", "properties": { "id": 587, "snapped_id": 587.0, "centroid_lon": 2.07004, "centroid_lat": 41.42065, "radius": 192.12, "internal_id": 618000603065876479, "population": 0, "component": 1, "o_score_pt": 0.5786028296734449, "o_score_car": 1113.0767726769814, "CDI": 0.99896089429028223, "log_population": 0.0 }, "geometry": { "type": "Polygon", "coordinates": [ [ [ 2.069995584807422, 41.420625520131068 ], [ 2.070079826533218, 41.420680908404648 ], [ 2.07007982781436, 41.420680901517777 ], [ 2.069995585437383, 41.420625516745488 ], [ 2.069995584807422, 41.420625520131068 ] ] ] } },
{ "type": "Feature", "properties": { "id": 588, "snapped_id": 588.0, "centroid_lon": 2.13309, "centroid_lat": 41.37035, "radius": 192.287, "internal_id": 618000602732429311, "population": 2875, "component": 0, "o_score_pt": 2244.2170105828959, "o_score_car": 2063.413334672216, "CDI": -0.041972885651582602, "log_population": 3.458788881710845 }, "geometry": { "type": "Polygon", "coordinates": [ [ [ 2.130917089865241, 41.370921104762218 ], [ 2.132758856793926, 41.372130837248875 ], [ 2.134929907697788, 41.371562442018757 ], [ 2.135259096154218, 41.369784305702169 ], [ 2.133417303755495, 41.36857459858399 ], [ 2.13124634836752, 41.369143002414518 ], [ 2.130917089865241, 41.370921104762218 ] ] ] } },
{ "type": "Feature", "properties": { "id": 589, "snapped_id": 589.0, "centroid_lon": 2.14151, "centroid_lat": 41.33599, "radius": 192.339, "internal_id": 618000602694942719, "population": 2065, "component": 0, "o_score_pt": 1181.0859489584541, "o_score_car": 1906.9897466727743, "CDI": 0.23506671120182479, "log_population": 3.315130317183602 }, "geometry": { "type": "Polygon", "coordinates": [ [ [ 2.139405901861671, 41.336545122010165 ], [ 2.141195708084933, 41.337720966539685 ], [ 2.143297321330751, 41.33716992539955 ], [ 2.143616579560137, 41.33544337138207 ], [ 2.141826748608713, 41.33426755279401 ], [ 2.139725228037381, 41.334818601455439 ], [ 2.139405901861671, 41.336545122010165 ] ] ] } },
{ "type": "Feature", "properties": { "id": 590, "snapped_id": 590.0, "centroid_lon": 2.10162, "centroid_lat": 41.41748, "radius": 192.179, "internal_id": 618000603074265087, "population": 97, "component": 0, "o_score_pt": 19.002799719088571, "o_score_car": 1631.6990327049025, "CDI": 0.97697609665679741, "log_population": 1.9912260756924949 }, "geometry": { "type": "Polygon", "coordinates": [ [ [ 2.100485906670398, 41.417760844850527 ], [ 2.101506825258646, 41.418431572626062 ], [ 2.102582143612575, 41.41815080112724 ], [ 2.102757683337977, 41.417205304838859 ], [ 2.101736750264952, 41.416534602449254 ], [ 2.100661483499763, 41.416815371200165 ], [ 2.100485906670398, 41.417760844850527 ] ] ] } },
{ "type": "Feature", "properties": { "id": 591, "snapped_id": 591.0, "centroid_lon": 2.21195, "centroid_lat": 41.40215, "radius": 192.391, "internal_id": 618000602395049983, "population": 1691, "component": 0, "o_score_pt": 1689.352807014111, "o_score_car": 2250.7431191040992, "CDI": 0.1424813818284548, "log_population": 3.2284003587030048 }, "geometry": { "type": "Polygon", "coordinates": [ [ [ 2.209906169951378, 41.402684195238294 ], [ 2.211648974909342, 41.403826196493192 ], [ 2.213685771840734, 41.403292222011927 ], [ 2.213994611475126, 41.401616997106551 ], [ 2.212251782648335, 41.400475022259883 ], [ 2.210215075771645, 41.401009003132039 ], [ 2.209906169951378, 41.402684195238294 ] ] ] } },
{ "type": "Feature", "properties": { "id": 592, "snapped_id": 592.0, "centroid_lon": 2.11064, "centroid_lat": 41.41344, "radius": 192.2, "internal_id": 618000602320076799, "population": 408, "component": 0, "o_score_pt": 27.295355890754088, "o_score_car": 1904.9319825744069, "CDI": 0.97174726250127919, "log_population": 2.6117233080073419 }, "geometry": { "type": "Polygon", "coordinates": [ [ [ 2.10904797662155, 41.413842101608431 ], [ 2.110429646990508, 41.414749671519786 ], [ 2.11198672189719, 41.414342936860052 ], [ 2.112229958418611, 41.41303198754327 ], [ 2.110848268704913, 41.412124445279801 ], [ 2.109291264730458, 41.412531180698167 ], [ 2.10904797662155, 41.413842101608431 ] ] ] } },
{ "type": "Feature", "properties": { "id": 593, "snapped_id": 593.0, "centroid_lon": 2.17041, "centroid_lat": 41.43672, "radius": 192.28, "internal_id": 618000602961805311, "population": 2644, "component": 0, "o_score_pt": 1840.0361989793323, "o_score_car": 2119.6427837448928, "CDI": 0.070613447702569304, "log_population": 3.4224256763712044 }, "geometry": { "type": "Polygon", "coordinates": [ [ [ 2.168239345824157, 41.437283968715349 ], [ 2.170083699362607, 41.438493272048589 ], [ 2.172256919582128, 41.437924988330224 ], [ 2.172585690628751, 41.436147392753767 ], [ 2.170741311704714, 41.434938114768478 ], [ 2.16856818711675, 41.435506407012248 ], [ 2.168239345824157, 41.437283968715349 ] ] ] } },
{ "type": "Feature", "properties": { "id": 594, "snapped_id": 594.0, "centroid_lon": 2.12861, "centroid_lat": 41.38337, "radius": 192.265, "internal_id": 618000602282590207, "population": 2936, "component": 0, "o_score_pt": 2209.4869090280822, "o_score_car": 2359.4640858077187, "CDI": 0.032825297743213397, "log_population": 3.4679039465228003 }, "geometry": { "type": "Polygon", "coordinates": [ [ [ 2.126440645686818, 41.383935117586702 ], [ 2.128282558678534, 41.385144891300897 ], [ 2.130453887193545, 41.38457676936293 ], [ 2.130783207164687, 41.382798865104483 ], [ 2.128941268680224, 41.381589116747456 ], [ 2.126770035714499, 41.38215724729227 ], [ 2.126440645686818, 41.383935117586702 ] ] ] } },
{ "type": "Feature", "properties": { "id": 595, "snapped_id": 595.0, "centroid_lon": 2.0851, "centroid_lat": 41.42856, "radius": 192.138, "internal_id": 618000603140849663, "population": 142, "component": 0, "o_score_pt": 5.0624562326605069, "o_score_car": 2017.4449124202588, "CDI": 0.99499388104970676, "log_population": 2.1553360374650619 }, "geometry": { "type": "Polygon", "coordinates": [ [ [ 2.083841880420359, 41.428869759059857 ], [ 2.084958134629438, 41.429603328368962 ], [ 2.086160864298437, 41.429289579604379 ], [ 2.086354550794878, 41.428247617108234 ], [ 2.085238280769921, 41.427514074123877 ], [ 2.084035607836839, 41.427827820862923 ], [ 2.083841880420359, 41.428869759059857 ] ] ] } },
{ "type": "Feature", "properties": { "id": 596, "snapped_id": 596.0, "centroid_lon": 2.19596, "centroid_lat": 41.42157, "radius": 192.341, "internal_id": 618000602461634559, "population": 2679, "component": 0, "o_score_pt": 1981.9353072533704, "o_score_car": 2204.9968939229611, "CDI": 0.053275662454462601, "log_population": 3.428134794028789 }, "geometry": { "type": "Polygon", "coordinates": [ [ [ 2.193786653459163, 41.422140303318209 ], [ 2.195631458006635, 41.423349343005697 ], [ 2.197804607768021, 41.422780307364214 ], [ 2.198132857405269, 41.421002223554439 ], [ 2.196288027566504, 41.419793209240481 ], [ 2.194114973378909, 41.420362253363365 ], [ 2.193786653459163, 41.422140303318209 ] ] ] } },
{ "type": "Feature", "properties": { "id": 597, "snapped_id": 597.0, "centroid_lon": 2.18148, "centroid_lat": 41.44397, "radius": 192.291, "internal_id": 618000602924318719, "population": 2623, "component": 0, "o_score_pt": 1705.1307242708569, "o_score_car": 2087.813046426857, "CDI": 0.1008932231245827, "log_population": 3.4189638307036225 }, "geometry": { "type": "Polygon", "coordinates": [ [ [ 2.17930670870201, 41.444539484848313 ], [ 2.18115155891155, 41.445748666597098 ], [ 2.183325103569483, 41.445180246028556 ], [ 2.183653702377223, 41.443402635207207 ], [ 2.18180882681468, 41.442193478808463 ], [ 2.179635377794506, 41.442761907881618 ], [ 2.17930670870201, 41.444539484848313 ] ] ] } },
{ "type": "Feature", "properties": { "id": 598, "snapped_id": 598.0, "centroid_lon": 2.16618, "centroid_lat": 41.37014, "radius": 192.345, "internal_id": 618000602736885759, "population": 2283, "component": 0, "o_score_pt": 2228.6318511983677, "o_score_car": 2238.2126925975963, "CDI": 0.0021448790763348999, "log_population": 3.3586960995738107 }, "geometry": { "type": "Polygon", "coordinates": [ [ [ 2.16404434098845, 41.370704014704295 ], [ 2.165860965986777, 41.371896235431279 ], [ 2.167997547961556, 41.371336272565408 ], [ 2.168321243808647, 41.369584263769006 ], [ 2.166504593801159, 41.368392068717469 ], [ 2.164368105911466, 41.368952039576534 ], [ 2.16404434098845, 41.370704014704295 ] ] ] } },
{ "type": "Feature", "properties": { "id": 599, "snapped_id": 96.0, "centroid_lon": 2.16664, "centroid_lat": 41.35648, "radius": 192.361, "internal_id": 618000602661912575, "population": 985, "component": 0, "o_score_pt": 0.0842024403418659, "o_score_car": 1892.4739974531328, "CDI": 0.9999110173305672, "log_population": 2.9938769149412114 }, "geometry": { "type": "Polygon", "coordinates": [ [ [ 2.164769740980883, 41.356969850835931 ], [ 2.166373803206248, 41.358022735656455 ], [ 2.168226946406725, 41.357536811503145 ], [ 2.168510866198159, 41.355999632937817 ], [ 2.166906781819873, 41.354946775429546 ], [ 2.165053721310401, 41.355432703583226 ], [ 2.164769740980883, 41.356969850835931 ] ] ] } },
{ "type": "Feature", "properties": { "id": 600, "snapped_id": 600.0, "centroid_lon": 2.16738, "centroid_lat": 41.43074, "radius": 192.281, "internal_id": 618000602966261759, "population": 2561, "component": 0, "o_score_pt": 2327.7808052020478, "o_score_car": 2139.9592355348504, "CDI": -0.042039502736201703, "log_population": 3.4085791254086675 }, "geometry": { "type": "Polygon", "coordinates": [ [ [ 2.165208671527377, 41.431310159361196 ], [ 2.167052802155771, 41.432519498066803 ], [ 2.169225831117541, 41.431951197294552 ], [ 2.1695546338272, 41.430173549285719 ], [ 2.167710477806708, 41.428964235930117 ], [ 2.165537544465773, 41.429532545233926 ], [ 2.165208671527377, 41.431310159361196 ] ] ] } },
{ "type": "Feature", "properties": { "id": 601, "snapped_id": 601.0, "centroid_lon": 2.13769, "centroid_lat": 41.40129, "radius": 192.261, "internal_id": 618000602249560063, "population": 2136, "component": 0, "o_score_pt": 1895.898392797056, "o_score_car": 2464.4593418361192, "CDI": 0.1303931887338354, "log_population": 3.3298045221640695 }, "geometry": { "type": "Polygon", "coordinates": [ [ [ 2.135571938006112, 41.401845026823707 ], [ 2.13737157866938, 41.403026505643865 ], [ 2.139486166187691, 41.402473425808651 ], [ 2.139807337279847, 41.400739170052283 ], [ 2.138007671721481, 41.399557717045475 ], [ 2.135893177482726, 41.400110804574744 ], [ 2.135571938006112, 41.401845026823707 ] ] ] } },
{ "type": "Feature", "properties": { "id": 602, "snapped_id": 602.0, "centroid_lon": 2.17951, "centroid_lat": 41.45464, "radius": 192.276, "internal_id": 618000602928775167, "population": 211, "component": 0, "o_score_pt": 914.49285881268759, "o_score_car": 1673.4362861551626, "CDI": 0.29326283094659578, "log_population": 2.3263358609287517 }, "geometry": { "type": "Polygon", "coordinates": [ [ [ 2.178125081851873, 41.45498314474515 ], [ 2.179342962554091, 41.455781328659015 ], [ 2.180679957587405, 41.455431833588634 ], [ 2.180891268530546, 41.454289089000731 ], [ 2.179673370843327, 41.453490932158381 ], [ 2.178336437864868, 41.453840425985668 ], [ 2.178125081851873, 41.45498314474515 ] ] ] } },
{ "type": "Feature", "properties": { "id": 603, "snapped_id": 603.0, "centroid_lon": 2.10564, "centroid_lat": 41.41813, "radius": 192.186, "internal_id": 618000602328989695, "population": 95, "component": 0, "o_score_pt": 13.746912124787222, "o_score_car": 1638.2354196766971, "CDI": 0.98335707124688643, "log_population": 1.9822712330395684 }, "geometry": { "type": "Polygon", "coordinates": [ [ [ 2.104506194386345, 41.418401932638872 ], [ 2.10552197931051, 41.419069214495224 ], [ 2.106590397309308, 41.418790215520971 ], [ 2.106764918164258, 41.417849989476174 ], [ 2.105749118832161, 41.417182732947957 ], [ 2.104680752141467, 41.417461729136136 ], [ 2.104506194386345, 41.418401932638872 ] ] ] } },
{ "type": "Feature", "properties": { "id": 604, "snapped_id": 604.0, "centroid_lon": 2.12361, "centroid_lat": 41.38806, "radius": 192.251, "internal_id": 618000602291503103, "population": 2812, "component": 0, "o_score_pt": 2130.4342958262446, "o_score_car": 2329.0592322267171, "CDI": 0.0445397969861374, "log_population": 3.4491697321652008 }, "geometry": { "type": "Polygon", "coordinates": [ [ [ 2.121439150213798, 41.388626683099218 ], [ 2.123281012190787, 41.389836507518524 ], [ 2.125452398376933, 41.38926855633067 ], [ 2.12578182701877, 41.387490772108791 ], [ 2.123939939529544, 41.386280973040506 ], [ 2.121768648907852, 41.386848932843655 ], [ 2.121439150213798, 41.388626683099218 ] ] ] } },
{ "type": "Feature", "properties": { "id": 605, "snapped_id": 605.0, "centroid_lon": 2.20051, "centroid_lat": 41.43053, "radius": 192.339, "internal_id": 618000602970718207, "population": 2132, "component": 0, "o_score_pt": 1770.5065195406071, "o_score_car": 2051.3617591444063, "CDI": 0.073486373449906703, "log_population": 3.3289908554494287 }, "geometry": { "type": "Polygon", "coordinates": [ [ [ 2.198391316798864, 41.431086019306079 ], [ 2.200192986497303, 41.432266524064502 ], [ 2.202308453938236, 41.431712689964151 ], [ 2.20262853532162, 41.429978677158886 ], [ 2.200826840920786, 41.428798198238326 ], [ 2.198711466742341, 41.429352039908402 ], [ 2.198391316798864, 41.431086019306079 ] ] ] } },
{ "type": "Feature", "properties": { "id": 606, "snapped_id": 606.0, "centroid_lon": 2.12565, "centroid_lat": 41.39937, "radius": 192.242, "internal_id": 618000602254016511, "population": 2215, "component": 0, "o_score_pt": 1539.6233531420498, "o_score_car": 2344.6129052917299, "CDI": 0.20724525970886021, "log_population": 3.345569756056392 }, "geometry": { "type": "Polygon", "coordinates": [ [ [ 2.123518144081955, 41.39992275254378 ], [ 2.125326551467419, 41.401110377390303 ], [ 2.127453179128872, 41.400554322811466 ], [ 2.127776276700703, 41.398810878071949 ], [ 2.125967844258553, 41.397623278938198 ], [ 2.123841310374711, 41.398179341420921 ], [ 2.123518144081955, 41.39992275254378 ] ] ] } },
{ "type": "Feature", "properties": { "id": 607, "snapped_id": 607.0, "centroid_lon": 2.11094, "centroid_lat": 41.33385, "radius": 192.288, "internal_id": 618000602574094335, "population": 2339, "component": 0, "o_score_pt": 1222.6241065461029, "o_score_car": 1804.3658169194421, "CDI": 0.192184885011878, "log_population": 3.369215857410143 }, "geometry": { "type": "Polygon", "coordinates": [ [ [ 2.10879179655132, 41.334415397512302 ], [ 2.110612087403863, 41.335612227693666 ], [ 2.11275522500487, 41.335050800244311 ], [ 2.113080915453117, 41.333292664301567 ], [ 2.111260599349716, 41.332095859719907 ], [ 2.10911755613029, 41.33265729539233 ], [ 2.10879179655132, 41.334415397512302 ] ] ] } },
{ "type": "Feature", "properties": { "id": 608, "snapped_id": 608.0, "centroid_lon": 2.17648, "centroid_lat": 41.44866, "radius": 192.277, "internal_id": 618000602933231615, "population": 1130, "component": 0, "o_score_pt": 1791.8941562933089, "o_score_car": 2066.7102242649639, "CDI": 0.071221623381843999, "log_population": 3.0534626049254552 }, "geometry": { "type": "Polygon", "coordinates": [ [ [ 2.174559208093418, 41.449159163860031 ], [ 2.176200171797901, 41.450234787966501 ], [ 2.178101793079597, 41.449737641728646 ], [ 2.178392348969006, 41.448166456571521 ], [ 2.176751362617583, 41.447090859556759 ], [ 2.174849826065321, 41.44758801036442 ], [ 2.174559208093418, 41.449159163860031 ] ] ] } },
{ "type": "Feature", "properties": { "id": 609, "snapped_id": 609.0, "centroid_lon": 2.17724, "centroid_lat": 41.3774, "radius": 192.357, "internal_id": 618000602745798655, "population": 2140, "component": 0, "o_score_pt": 2629.4976630385454, "o_score_car": 2323.7020006494567, "CDI": -0.061736994902685201, "log_population": 3.3306166672944384 }, "geometry": { "type": "Polygon", "coordinates": [ [ [ 2.175122828401643, 41.377954231109712 ], [ 2.176923600384766, 41.37913561196936 ], [ 2.179038708747808, 41.378581226523494 ], [ 2.179359178809296, 41.376845753859428 ], [ 2.177558382067592, 41.375664398846865 ], [ 2.175443366920931, 41.376218791929375 ], [ 2.175122828401643, 41.377954231109712 ] ] ] } },
{ "type": "Feature", "properties": { "id": 610, "snapped_id": 610.0, "centroid_lon": 2.12547, "centroid_lat": 41.33343, "radius": 192.314, "internal_id": 618000605162766335, "population": 1565, "component": 0, "o_score_pt": 674.01078223069692, "o_score_car": 1675.5403687805945, "CDI": 0.4262642190695955, "log_population": 3.1947917577219247 }, "geometry": { "type": "Polygon", "coordinates": [ [ [ 2.123449933059152, 41.333956783780287 ], [ 2.125169246426258, 41.335086812458613 ], [ 2.12717724233517, 41.334560536483295 ], [ 2.127483649310558, 41.332905017901886 ], [ 2.12576431211001, 41.331775015781616 ], [ 2.123756405136214, 41.332301297930208 ], [ 2.123449933059152, 41.333956783780287 ] ] ] } },
{ "type": "Feature", "properties": { "id": 611, "snapped_id": 611.0, "centroid_lon": 2.10355, "centroid_lat": 41.38485, "radius": 192.219, "internal_id": 618000602611580927, "population": 1484, "component": 0, "o_score_pt": 1616.8947233160934, "o_score_car": 2187.8144314084016, "CDI": 0.1500560712724569, "log_population": 3.171726453653231 }, "geometry": { "type": "Polygon", "coordinates": [ [ [ 2.101546019985105, 41.385368001634362 ], [ 2.103252413511436, 41.38648945996794 ], [ 2.105243476070657, 41.385968945420785 ], [ 2.105547917292054, 41.384327908274798 ], [ 2.103841500014378, 41.383206476563167 ], [ 2.101850525800048, 41.38372699706116 ], [ 2.101546019985105, 41.385368001634362 ] ] ] } },
{ "type": "Feature", "properties": { "id": 612, "snapped_id": 612.0, "centroid_lon": 2.14829, "centroid_lat": 41.4222, "radius": 192.257, "internal_id": 618000602333446143, "population": 2068, "component": 0, "o_score_pt": 2197.0893183171147, "o_score_car": 2213.8336532036624, "CDI": 0.0037961068453603998, "log_population": 3.3157604906657347 }, "geometry": { "type": "Polygon", "coordinates": [ [ [ 2.146178028047148, 41.422752722111532 ], [ 2.147970267438083, 41.423928724926498 ], [ 2.150074606691809, 41.423378553200699 ], [ 2.150394137617514, 41.421652752909999 ], [ 2.148601873462984, 41.420476775984177 ], [ 2.146497627087717, 41.421026955216448 ], [ 2.146178028047148, 41.422752722111532 ] ] ] } },
{ "type": "Feature", "properties": { "id": 613, "snapped_id": 613.0, "centroid_lon": 2.19748, "centroid_lat": 41.42456, "radius": 192.341, "internal_id": 618000602975174655, "population": 2674, "component": 0, "o_score_pt": 1956.0725078727637, "o_score_car": 2193.0190141701419, "CDI": 0.057108045228347198, "log_population": 3.4273237863572472 }, "geometry": { "type": "Polygon", "coordinates": [ [ [ 2.195303153963826, 41.425127366762759 ], [ 2.197148069970652, 41.426336388729823 ], [ 2.199321315311155, 41.425767361566677 ], [ 2.199649549062859, 41.423989303958763 ], [ 2.197804607768021, 41.422780307364214 ], [ 2.195631458006635, 41.423349343005697 ], [ 2.195303153963826, 41.425127366762759 ] ] ] } },
{ "type": "Feature", "properties": { "id": 614, "snapped_id": 614.0, "centroid_lon": 2.11157, "centroid_lat": 41.38613, "radius": 192.231, "internal_id": 618000602295959551, "population": 2342, "component": 0, "o_score_pt": 2026.4390132824624, "o_score_car": 2256.4008258201725, "CDI": 0.053693768895615099, "log_population": 3.369772288596963 }, "geometry": { "type": "Polygon", "coordinates": [ [ [ 2.10942545972949, 41.386693405105447 ], [ 2.111247227167057, 41.387890424356897 ], [ 2.113392130566128, 41.38732957562079 ], [ 2.113718071018619, 41.385571837569309 ], [ 2.111896278296176, 41.384374843880934 ], [ 2.109751469412426, 41.384935700839577 ], [ 2.10942545972949, 41.386693405105447 ] ] ] } },
{ "type": "Feature", "properties": { "id": 615, "snapped_id": 615.0, "centroid_lon": 2.13321, "centroid_lat": 41.4143, "radius": 192.239, "internal_id": 618000602258472959, "population": 1908, "component": 0, "o_score_pt": 1889.930764834261, "o_score_car": 2364.483511080366, "CDI": 0.1115436145776105, "log_population": 3.2808059283936668 }, "geometry": { "type": "Polygon", "coordinates": [ [ [ 2.131130329222581, 41.414845950275236 ], [ 2.132901622697144, 41.416008766386327 ], [ 2.134978439413217, 41.415465896354632 ], [ 2.13529439118854, 41.413760728318131 ], [ 2.133523073180366, 41.412597938288805 ], [ 2.131446348248594, 41.413140815445558 ], [ 2.131130329222581, 41.414845950275236 ] ] ] } },
{ "type": "Feature", "properties": { "id": 616, "snapped_id": 616.0, "centroid_lon": 2.17376, "centroid_lat": 41.38508, "radius": 192.342, "internal_id": 618000602487848959, "population": 2436, "component": 0, "o_score_pt": 2719.2211820951802, "o_score_car": 2415.1124110817182, "CDI": -0.059230426986200603, "log_population": 3.3868555291847242 }, "geometry": { "type": "Polygon", "coordinates": [ [ [ 2.171595615737225, 41.385648442651089 ], [ 2.173429181200144, 41.386851330451599 ], [ 2.175588093161118, 41.386285682183122 ], [ 2.17591477648643, 41.384517207692241 ], [ 2.174081185810748, 41.383314345384797 ], [ 2.1719223688388, 41.38388000197299 ], [ 2.171595615737225, 41.385648442651089 ] ] ] } },
{ "type": "Feature", "properties": { "id": 617, "snapped_id": 617.0, "centroid_lon": 2.19543, "centroid_lat": 41.41325, "radius": 192.35, "internal_id": 618000602450362367, "population": 2654, "component": 0, "o_score_pt": 2386.8692059242062, "o_score_car": 2332.2880945724864, "CDI": -0.011565859723721201, "log_population": 3.4240645254174877 }, "geometry": { "type": "Polygon", "coordinates": [ [ [ 2.193255249132621, 41.413818881316153 ], [ 2.195099856088155, 41.41502793103168 ], [ 2.197272785602841, 41.414458793008606 ], [ 2.197601012603614, 41.412680596787162 ], [ 2.195756380359986, 41.411471572450267 ], [ 2.193583546400801, 41.412040718956753 ], [ 2.193255249132621, 41.413818881316153 ] ] ] } },
{ "type": "Feature", "properties": { "id": 618, "snapped_id": 618.0, "centroid_lon": 2.13624, "centroid_lat": 41.42028, "radius": 192.237, "internal_id": 618000602337902591, "population": 892, "component": 0, "o_score_pt": 1934.1192992672527, "o_score_car": 2200.0997998354719, "CDI": 0.064336333946584098, "log_population": 2.9508514588885464 }, "geometry": { "type": "Polygon", "coordinates": [ [ [ 2.134399144752575, 41.420752568259665 ], [ 2.135978751184935, 41.421789392603934 ], [ 2.137799564393131, 41.421313495801243 ], [ 2.138079477502759, 41.419802724974154 ], [ 2.13649984912703, 41.418765928008618 ], [ 2.134679117422495, 41.419241828435482 ], [ 2.134399144752575, 41.420752568259665 ] ] ] } },
{ "type": "Feature", "properties": { "id": 619, "snapped_id": 619.0, "centroid_lon": 2.145, "centroid_lat": 41.32831, "radius": 192.354, "internal_id": 618000602686554111, "population": 977, "component": 0, "o_score_pt": 1.4722235975106543, "o_score_car": 1442.3603533630842, "CDI": 0.99796067269709365, "log_population": 2.9903388547876015 }, "geometry": { "type": "Polygon", "coordinates": [ [ [ 2.143129891441818, 41.32879438706783 ], [ 2.144730736416384, 41.32984609762962 ], [ 2.146580242492442, 41.329360970658186 ], [ 2.146864027533977, 41.32782569665045 ], [ 2.145263160390156, 41.326774013412034 ], [ 2.143413736855308, 41.327259144387838 ], [ 2.143129891441818, 41.32879438706783 ] ] ] } },
{ "type": "Feature", "properties": { "id": 620, "snapped_id": 620.0, "centroid_lon": 2.15421, "centroid_lat": 41.3902, "radius": 192.302, "internal_id": 618000602300415999, "population": 1507, "component": 0, "o_score_pt": 2589.2633671291355, "o_score_car": 2535.0191040503551, "CDI": -0.0105857285159174, "log_population": 3.1784013415337551 }, "geometry": { "type": "Polygon", "coordinates": [ [ [ 2.152202135781532, 41.390724560764809 ], [ 2.153913944646344, 41.391848059720871 ], [ 2.155910934252242, 41.391325255604528 ], [ 2.156215270783885, 41.389679885044799 ], [ 2.154503438267349, 41.388556412706926 ], [ 2.152506537182577, 41.389079222759868 ], [ 2.152202135781532, 41.390724560764809 ] ] ] } },
{ "type": "Feature", "properties": { "id": 621, "snapped_id": 621.0, "centroid_lon": 2.19604, "centroid_lat": 41.44355, "radius": 192.317, "internal_id": 618000602979631103, "population": 2323, "component": 0, "o_score_pt": 1715.8028042646429, "o_score_car": 1974.1604859106219, "CDI": 0.070016328437161102, "log_population": 3.3662361237182932 }, "geometry": { "type": "Polygon", "coordinates": [ [ [ 2.193892058567508, 41.444107385079214 ], [ 2.195715566520702, 41.445302143437999 ], [ 2.197860233964084, 41.444741006475688 ], [ 2.198184497087988, 41.442985272877472 ], [ 2.196360964120896, 41.441790540118873 ], [ 2.194216391134495, 41.442351685103283 ], [ 2.193892058567508, 41.444107385079214 ] ] ] } },
{ "type": "Feature", "properties": { "id": 622, "snapped_id": 622.0, "centroid_lon": 2.12064, "centroid_lat": 41.40406, "radius": 192.228, "internal_id": 618000602262929407, "population": 1849, "component": 0, "o_score_pt": 1429.3492549567729, "o_score_car": 2265.5675749319239, "CDI": 0.22631587082308979, "log_population": 3.2671717284030137 }, "geometry": { "type": "Polygon", "coordinates": [ [ [ 2.118573172021287, 41.404597168439153 ], [ 2.120335949696484, 41.405754908286738 ], [ 2.12240177361224, 41.405214928704694 ], [ 2.122716417452641, 41.403517775137942 ], [ 2.120953615317105, 41.402360061444433 ], [ 2.118887882749071, 41.402900048017223 ], [ 2.118573172021287, 41.404597168439153 ] ] ] } },
{ "type": "Feature", "properties": { "id": 623, "snapped_id": 623.0, "centroid_lon": 2.13658, "centroid_lat": 41.36267, "radius": 192.301, "internal_id": 618000602724040703, "population": 2580, "component": 0, "o_score_pt": 2015.0350853884884, "o_score_car": 2060.373596169803, "CDI": 0.011124899200042599, "log_population": 3.4117880045438689 }, "geometry": { "type": "Polygon", "coordinates": [ [ [ 2.134404877735329, 41.363240025623178 ], [ 2.1362465843592, 41.364449724775717 ], [ 2.138417482045962, 41.363881150253128 ], [ 2.138746577610594, 41.362102867983516 ], [ 2.136904845532909, 41.360893194206639 ], [ 2.134734043341516, 41.361461777324287 ], [ 2.134404877735329, 41.363240025623178 ] ] ] } },
{ "type": "Feature", "properties": { "id": 624, "snapped_id": 624.0, "centroid_lon": 2.14052, "centroid_lat": 41.34133, "radius": 192.332, "internal_id": 618000602754711551, "population": 1243, "component": 0, "o_score_pt": 1224.4591113552808, "o_score_car": 1938.9888614423253, "CDI": 0.2258705552394932, "log_population": 3.0948203803548 }, "geometry": { "type": "Polygon", "coordinates": [ [ [ 2.138580440300406, 41.341835755149567 ], [ 2.140242208489597, 41.342927440746742 ], [ 2.142173015744048, 41.342421296480325 ], [ 2.142468300679659, 41.340824654135744 ], [ 2.140806509481745, 41.339732995517501 ], [ 2.13887578805269, 41.34023914485411 ], [ 2.138580440300406, 41.341835755149567 ] ] ] } },
{ "type": "Feature", "properties": { "id": 625, "snapped_id": 625.0, "centroid_lon": 2.18133, "centroid_lat": 41.40002, "radius": 192.339, "internal_id": 618000602492305407, "population": 2765, "component": 0, "o_score_pt": 2592.9546378154942, "o_score_car": 2498.4429165922188, "CDI": -0.018563021294900599, "log_population": 3.4418521757732918 }, "geometry": { "type": "Polygon", "coordinates": [ [ [ 2.179158412029086, 41.400589442865275 ], [ 2.181002299921272, 41.401798649247915 ], [ 2.183174714293319, 41.401229631062442 ], [ 2.183503145231662, 41.39945139798462 ], [ 2.181659232012294, 41.398242216980634 ], [ 2.179486913178871, 41.398811243676377 ], [ 2.179158412029086, 41.400589442865275 ] ] ] } },
{ "type": "Feature", "properties": { "id": 626, "snapped_id": 626.0, "centroid_lon": 2.18285, "centroid_lat": 41.40301, "radius": 192.339, "internal_id": 618000602454818815, "population": 2102, "component": 0, "o_score_pt": 2425.167555062284, "o_score_car": 2505.3712873810209, "CDI": 0.016266727609632201, "log_population": 3.3228392726863212 }, "geometry": { "type": "Polygon", "coordinates": [ [ [ 2.18073309233072, 41.403560220801367 ], [ 2.182530058861821, 41.404738568770043 ], [ 2.18463984111946, 41.404185987978813 ], [ 2.184959461893956, 41.402455397762239 ], [ 2.183162470667548, 41.401277075673917 ], [ 2.181052781435577, 41.401829663996601 ], [ 2.18073309233072, 41.403560220801367 ] ] ] } },
{ "type": "Feature", "properties": { "id": 627, "snapped_id": 627.0, "centroid_lon": 2.14381, "centroid_lat": 41.43521, "radius": 192.234, "internal_id": 618000602342359039, "population": 1316, "component": 0, "o_score_pt": 1932.1131488661683, "o_score_car": 2029.7306277600285, "CDI": 0.024639406397035699, "log_population": 3.1195857749617839 }, "geometry": { "type": "Polygon", "coordinates": [ [ [ 2.141844512610826, 41.435722117151712 ], [ 2.143522784030541, 41.436823289265234 ], [ 2.145475051906259, 41.436313186300559 ], [ 2.145773305597471, 41.434703159600105 ], [ 2.144095010926265, 41.4336020143244 ], [ 2.14214282984199, 41.434112122603267 ], [ 2.141844512610826, 41.435722117151712 ] ] ] } },
{ "type": "Feature", "properties": { "id": 628, "snapped_id": 628.0, "centroid_lon": 2.15388, "centroid_lat": 41.4478, "radius": 192.238, "internal_id": 618000603021574143, "population": 2, "component": 0, "o_score_pt": 889.35072848319805, "o_score_car": 1942.2006524213709, "CDI": 0.3718279424623504, "log_population": 0.47712125471966244 }, "geometry": { "type": "Polygon", "coordinates": [ [ [ 2.15384155882169, 41.447773683122449 ], [ 2.153926720978486, 41.447829538976045 ], [ 2.153926722254246, 41.447829532086715 ], [ 2.153841559443802, 41.447773679763742 ], [ 2.15384155882169, 41.447773683122449 ] ] ] } },
{ "type": "Feature", "properties": { "id": 629, "snapped_id": 629.0, "centroid_lon": 2.14164, "centroid_lat": 41.37996, "radius": 192.291, "internal_id": 618000602304872447, "population": 2958, "component": 0, "o_score_pt": 2756.3701697853899, "o_score_car": 2371.7763670008003, "CDI": -0.074996648404203795, "log_population": 3.471144965160633 }, "geometry": { "type": "Polygon", "coordinates": [ [ [ 2.139468481480499, 41.380525711595112 ], [ 2.141310718929004, 41.381735348961399 ], [ 2.143482123065265, 41.381166902733462 ], [ 2.143811194220421, 41.379388810555959 ], [ 2.141968931324557, 41.378179198557106 ], [ 2.13979762271803, 41.37874765336894 ], [ 2.139468481480499, 41.380525711595112 ] ] ] } },
{ "type": "Feature", "properties": { "id": 630, "snapped_id": 630.0, "centroid_lon": 2.193, "centroid_lat": 41.43757, "radius": 192.319, "internal_id": 618000602984087551, "population": 2744, "component": 0, "o_score_pt": 2159.172197461337, "o_score_car": 1992.8778993528977, "CDI": -0.040051129979388297, "log_population": 3.4385423487861106 }, "geometry": { "type": "Polygon", "coordinates": [ [ [ 2.190831196163961, 41.438141458841869 ], [ 2.192676259215455, 41.439350521423798 ], [ 2.194849783112552, 41.438781767537847 ], [ 2.195178148342639, 41.437003942585768 ], [ 2.193333059980438, 41.4357949053651 ], [ 2.191159631696002, 41.436363667735833 ], [ 2.190831196163961, 41.438141458841869 ] ] ] } },
{ "type": "Feature", "properties": { "id": 631, "snapped_id": 631.0, "centroid_lon": 2.1375, "centroid_lat": 41.33535, "radius": 192.333, "internal_id": 618000602759167999, "population": 2343, "component": 0, "o_score_pt": 1159.4498307307356, "o_score_car": 1777.1246485028346, "CDI": 0.210338549946572, "log_population": 3.3699576073460529 }, "geometry": { "type": "Polygon", "coordinates": [ [ [ 2.135354352324188, 41.335915645884469 ], [ 2.137175909319821, 41.337112480290834 ], [ 2.139319991805773, 41.336550362524939 ], [ 2.139645293974798, 41.334791530903381 ], [ 2.137823711808784, 41.333594722107307 ], [ 2.135679723706982, 41.334156848057759 ], [ 2.135354352324188, 41.335915645884469 ] ] ] } },
{ "type": "Feature", "properties": { "id": 632, "snapped_id": 632.0, "centroid_lon": 2.15013, "centroid_lat": 41.36758, "radius": 192.32, "internal_id": 618000602721681407, "population": 2210, "component": 0, "o_score_pt": 1841.5205994703776, "o_score_car": 2114.0747506321213, "CDI": 0.068903446141092506, "log_population": 3.344588742578714 }, "geometry": { "type": "Polygon", "coordinates": [ [ [ 2.147999780582024, 41.368138812880673 ], [ 2.149807660950227, 41.369325815036312 ], [ 2.15193303046513, 41.368769023123988 ], [ 2.152255465617379, 41.367025459091785 ], [ 2.150447560299253, 41.365838482689583 ], [ 2.148322284438672, 41.366395282454441 ], [ 2.147999780582024, 41.368138812880673 ] ] ] } },
{ "type": "Feature", "properties": { "id": 633, "snapped_id": 633.0, "centroid_lon": 2.16875, "centroid_lat": 41.38978, "radius": 192.328, "internal_id": 618000602496761855, "population": 2654, "component": 0, "o_score_pt": 2997.9255547833691, "o_score_car": 2509.0157166590948, "CDI": -0.088780652275997796, "log_population": 3.4240645254174877 }, "geometry": { "type": "Polygon", "coordinates": [ [ [ 2.166582214029411, 41.390346251879464 ], [ 2.16842549442175, 41.391555596944919 ], [ 2.17059748915812, 41.39098670693258 ], [ 2.170926107972169, 41.389208463321239 ], [ 2.169082802216821, 41.387999143633436 ], [ 2.166910903007545, 41.38856804217987 ], [ 2.166582214029411, 41.390346251879464 ] ] ] } },
{ "type": "Feature", "properties": { "id": 634, "snapped_id": 634.0, "centroid_lon": 2.19043, "centroid_lat": 41.41794, "radius": 192.336, "internal_id": 618000602459275263, "population": 2906, "component": 0, "o_score_pt": 2478.631272021079, "o_score_car": 2340.0103035474972, "CDI": -0.0287676446358692, "log_population": 3.4634450317704277 }, "geometry": { "type": "Polygon", "coordinates": [ [ [ 2.188252736214932, 41.418513062692696 ], [ 2.190097292565064, 41.419722163156301 ], [ 2.192270280281134, 41.419153195967873 ], [ 2.192598616073524, 41.417375119824612 ], [ 2.190754034415814, 41.416166044733515 ], [ 2.188581142270444, 41.416735020413739 ], [ 2.188252736214932, 41.418513062692696 ] ] ] } },
{ "type": "Feature", "properties": { "id": 635, "snapped_id": 635.0, "centroid_lon": 2.18876, "centroid_lat": 41.371, "radius": 192.384, "internal_id": 618000602421788671, "population": 641, "component": 0, "o_score_pt": 1534.160935935038, "o_score_car": 2019.410258268116, "CDI": 0.1365525821248923, "log_population": 2.8075350280688531 }, "geometry": { "type": "Polygon", "coordinates": [ [ [ 2.187021842376969, 41.371442760062614 ], [ 2.188518307985397, 41.372424296592854 ], [ 2.190227414244143, 41.371976059266672 ], [ 2.190490763842484, 41.370548730657006 ], [ 2.188994277584269, 41.369567221797993 ], [ 2.187285248223432, 41.37001546136041 ], [ 2.187021842376969, 41.371442760062614 ] ] ] } },
{ "type": "Feature", "properties": { "id": 636, "snapped_id": 636.0, "centroid_lon": 2.21043, "centroid_lat": 41.39916, "radius": 192.391, "internal_id": 618000602384302079, "population": 1354, "component": 0, "o_score_pt": 1717.0688490345769, "o_score_car": 2143.7327304258652, "CDI": 0.1105117350917877, "log_population": 3.1319392952104246 }, "geometry": { "type": "Polygon", "coordinates": [ [ [ 2.208460141297284, 41.399676960986056 ], [ 2.210146657044818, 41.400782161388427 ], [ 2.212108472238131, 41.400267813792176 ], [ 2.212406843009508, 41.398649429177382 ], [ 2.210720304137669, 41.397544255619138 ], [ 2.208758575988242, 41.398058608552631 ], [ 2.208460141297284, 41.399676960986056 ] ] ] } },
{ "type": "Feature", "properties": { "id": 637, "snapped_id": 637.0, "centroid_lon": 2.15085, "centroid_lat": 41.44183, "radius": 192.24, "internal_id": 618000603026030591, "population": 507, "component": 0, "o_score_pt": 1501.3349842869145, "o_score_car": 2085.6737659670321, "CDI": 0.16290419744271559, "log_population": 2.7058637122839193 }, "geometry": { "type": "Polygon", "coordinates": [ [ [ 2.149193409481627, 41.442252740859516 ], [ 2.150631311543959, 41.443195955536069 ], [ 2.152262515794028, 41.442769746880977 ], [ 2.15251554596097, 41.441403435963821 ], [ 2.151077623896826, 41.440460248974276 ], [ 2.149446493539105, 41.440886459061218 ], [ 2.149193409481627, 41.442252740859516 ] ] ] } },
{ "type": "Feature", "properties": { "id": 638, "snapped_id": 638.0, "centroid_lon": 2.13124, "centroid_lat": 41.42497, "radius": 192.223, "internal_id": 618000602346815487, "population": 130, "component": 0, "o_score_pt": 1375.3271634301293, "o_score_car": 2143.9200764424309, "CDI": 0.21839696407352549, "log_population": 2.1172712956557644 }, "geometry": { "type": "Polygon", "coordinates": [ [ [ 2.130007068718661, 41.425271677896802 ], [ 2.131101871797423, 41.42599033995964 ], [ 2.132275484289854, 41.425683697305232 ], [ 2.132464492306931, 41.424663971770578 ], [ 2.131369673800824, 41.42394533585032 ], [ 2.130196116823463, 41.424251976247106 ], [ 2.130007068718661, 41.425271677896802 ] ] ] } },
{ "type": "Feature", "properties": { "id": 639, "snapped_id": 639.0, "centroid_lon": 2.16678, "centroid_lat": 41.40045, "radius": 192.313, "internal_id": 618000602271842303, "population": 2143, "component": 0, "o_score_pt": 2960.4674080286331, "o_score_car": 2563.5377464862518, "CDI": -0.071855411144568296, "log_population": 3.3312247810207323 }, "geometry": { "type": "Polygon", "coordinates": [ [ [ 2.164662930661292, 41.401000037164394 ], [ 2.16646424504126, 41.402181754571522 ], [ 2.168580274489277, 41.401627769250069 ], [ 2.168901082653957, 41.399892366226034 ], [ 2.167099743462769, 41.398710674641841 ], [ 2.164983807310584, 41.399264667622894 ], [ 2.164662930661292, 41.401000037164394 ] ] ] } },
{ "type": "Feature", "properties": { "id": 640, "snapped_id": 640.0, "centroid_lon": 2.13729, "centroid_lat": 41.43692, "radius": 192.221, "internal_id": 618000602838597631, "population": 30, "component": 0, "o_score_pt": 1588.1341271184783, "o_score_car": 1891.3337481238743, "CDI": 0.087139652348213498, "log_population": 1.4913616938342726 }, "geometry": { "type": "Polygon", "coordinates": [ [ [ 2.136520797541056, 41.437091083093776 ], [ 2.137251884229128, 41.437570848547708 ], [ 2.137939693901104, 41.437391178624239 ], [ 2.138060340142702, 41.436740187979495 ], [ 2.137329242930627, 41.436260443492337 ], [ 2.13664146926156, 41.436440109500836 ], [ 2.136520797541056, 41.437091083093776 ] ] ] } },
{ "type": "Feature", "properties": { "id": 641, "snapped_id": 641.0, "centroid_lon": 2.13605, "centroid_lat": 41.35435, "radius": 192.309, "internal_id": 618000602763624447, "population": 1063, "component": 0, "o_score_pt": 1500.9928650537011, "o_score_car": 2001.2931493099452, "CDI": 0.1428496365529264, "log_population": 3.0269416279590295 }, "geometry": { "type": "Polygon", "coordinates": [ [ [ 2.134156165155501, 41.354839840209287 ], [ 2.135778616841244, 41.355905649548788 ], [ 2.137657003444778, 41.355413545965007 ], [ 2.137945005149648, 41.353857109423487 ], [ 2.136322530965745, 41.352791327284187 ], [ 2.134444228103832, 41.353283435247818 ], [ 2.134156165155501, 41.354839840209287 ] ] ] } },
{ "type": "Feature", "properties": { "id": 642, "snapped_id": 642.0, "centroid_lon": 2.1471, "centroid_lat": 41.36161, "radius": 192.321, "internal_id": 618000602726137855, "population": 1656, "component": 0, "o_score_pt": 1454.3422545628605, "o_score_car": 2036.1901779361317, "CDI": 0.16669317206621859, "log_population": 3.2193225084193369 }, "geometry": { "type": "Polygon", "coordinates": [ [ [ 2.145065412737423, 41.362137262389069 ], [ 2.146800210404485, 41.363276451840235 ], [ 2.148828184078336, 41.362745111875455 ], [ 2.149136998746678, 41.361075311380844 ], [ 2.147402177103608, 41.359936148367957 ], [ 2.145374293170824, 41.360467494738756 ], [ 2.145065412737423, 41.362137262389069 ] ] ] } },
{ "type": "Feature", "properties": { "id": 643, "snapped_id": 643.0, "centroid_lon": 2.17837, "centroid_lat": 41.41602, "radius": 192.316, "internal_id": 618000602463731711, "population": 1759, "component": 0, "o_score_pt": 2416.4272378412329, "o_score_car": 2387.338166395944, "CDI": -0.0060554729462080998, "log_population": 3.2455126678141499 }, "geometry": { "type": "Polygon", "coordinates": [ [ [ 2.176317341710645, 41.416559463186339 ], [ 2.178069447365946, 41.417708341835393 ], [ 2.180119459189075, 41.417171741998381 ], [ 2.180430787656279, 41.415486945102145 ], [ 2.178678657885216, 41.414338092747542 ], [ 2.176628736709819, 41.414874699225471 ], [ 2.176317341710645, 41.416559463186339 ] ] ] } },
{ "type": "Feature", "properties": { "id": 644, "snapped_id": 644.0, "centroid_lon": 2.06754, "centroid_lat": 41.423, "radius": 192.113, "internal_id": 618000603142946815, "population": 0, "component": 1, "o_score_pt": 0.53741837516679092, "o_score_car": 1110.9909296917888, "CDI": 0.99903301004225165, "log_population": 0.0 }, "geometry": { "type": "Polygon", "coordinates": [ [ [ 2.067493462286777, 41.422968530874059 ], [ 2.067577744326516, 41.423023947586003 ], [ 2.067577745608049, 41.4230239406984 ], [ 2.067493462916651, 41.422968527489608 ], [ 2.067493462286777, 41.422968530874059 ] ] ] } },
{ "type": "Feature", "properties": { "id": 645, "snapped_id": 645.0, "centroid_lon": 2.19633, "centroid_lat": 41.38593, "radius": 192.381, "internal_id": 618000602426245119, "population": 1578, "component": 0, "o_score_pt": 2180.3222428111226, "o_score_car": 2237.2346895015789, "CDI": 0.012883240117215901, "log_population": 3.1983821300082944 }, "geometry": { "type": "Polygon", "coordinates": [ [ [ 2.194312661053769, 41.386461703109589 ], [ 2.196037192132149, 41.387592402144612 ], [ 2.198050101997205, 41.387064644925204 ], [ 2.198355886451036, 41.385407045443863 ], [ 2.19663133169791, 41.384276372961835 ], [ 2.19461851093103, 41.384804136266077 ], [ 2.194312661053769, 41.386461703109589 ] ] ] } },
{ "type": "Feature", "properties": { "id": 646, "snapped_id": 646.0, "centroid_lon": 2.19785, "centroid_lat": 41.38892, "radius": 192.381, "internal_id": 618000602388758527, "population": 2175, "component": 0, "o_score_pt": 2179.0140873929804, "o_score_car": 2182.0710299343882, "CDI": 0.00070095915561499997, "log_population": 3.3376588910261424 }, "geometry": { "type": "Polygon", "coordinates": [ [ [ 2.195726365001478, 41.389477927700028 ], [ 2.197532099991583, 41.390661778810482 ], [ 2.199653218942758, 41.390105683968834 ], [ 2.199974133460187, 41.388366008984278 ], [ 2.198168373716845, 41.387182183684303 ], [ 2.196047348208395, 41.387738286208538 ], [ 2.195726365001478, 41.389477927700028 ] ] ] } },
{ "type": "Feature", "properties": { "id": 647, "snapped_id": 647.0, "centroid_lon": 2.15625, "centroid_lat": 41.40151, "radius": 192.293, "internal_id": 618000602269745151, "population": 1402, "component": 0, "o_score_pt": 2604.7530449194992, "o_score_car": 2433.3325811206587, "CDI": -0.0340249206787646, "log_population": 3.1470576710283598 }, "geometry": { "type": "Polygon", "coordinates": [ [ [ 2.15426624035951, 41.402026942623159 ], [ 2.155960113344532, 41.403138458875731 ], [ 2.157933065897026, 41.402622123369355 ], [ 2.158233991880498, 41.400995352737105 ], [ 2.15654009548786, 41.399883863234386 ], [ 2.154567230501762, 41.400400204331788 ], [ 2.15426624035951, 41.402026942623159 ] ] ] } },
{ "type": "Feature", "properties": { "id": 648, "snapped_id": 648.0, "centroid_lon": 2.17436, "centroid_lat": 41.41538, "radius": 192.31, "internal_id": 618000602276298751, "population": 2596, "component": 0, "o_score_pt": 2218.0608572746173, "o_score_car": 2352.9164897927271, "CDI": 0.029502581675367599, "log_population": 3.4144719496293026 }, "geometry": { "type": "Polygon", "coordinates": [ [ [ 2.172184592623532, 41.415951329998975 ], [ 2.174028601916434, 41.417160602600667 ], [ 2.176201323572243, 41.416591943068092 ], [ 2.176529940352569, 41.414814002413486 ], [ 2.174685905700037, 41.413604755176131 ], [ 2.172513279623925, 41.414173423229627 ], [ 2.172184592623532, 41.415951329998975 ] ] ] } },
{ "type": "Feature", "properties": { "id": 649, "snapped_id": 649.0, "centroid_lon": 2.18444, "centroid_lat": 41.42797, "radius": 192.314, "internal_id": 618000602955513855, "population": 2913, "component": 0, "o_score_pt": 2322.6215758952603, "o_score_car": 2218.2831153597731, "CDI": -0.0229774610192599, "log_population": 3.4644895474339714 }, "geometry": { "type": "Polygon", "coordinates": [ [ [ 2.182264267728336, 41.428540256198247 ], [ 2.184108859550371, 41.429749415061274 ], [ 2.186282030110785, 41.429180712650798 ], [ 2.186610513247415, 41.427402842876525 ], [ 2.184765896091833, 41.426193709375774 ], [ 2.182592821130296, 41.426762420287581 ], [ 2.182264267728336, 41.428540256198247 ] ] ] } },
{ "type": "Feature", "properties": { "id": 650, "snapped_id": 650.0, "centroid_lon": 2.13426, "centroid_lat": 41.43094, "radius": 192.222, "internal_id": 618000602843054079, "population": 177, "component": 0, "o_score_pt": 1590.2531193696636, "o_score_car": 1695.3050001753156, "CDI": 0.031973831228467399, "log_population": 2.2504200023088941 }, "geometry": { "type": "Polygon", "coordinates": [ [ [ 2.132936386222078, 41.431272940445112 ], [ 2.134108797892321, 41.432042431126241 ], [ 2.135385930083841, 41.431708780555304 ], [ 2.135589450528543, 41.430610685901925 ], [ 2.134417022389346, 41.429841221994387 ], [ 2.133139949874096, 41.430174870961011 ], [ 2.132936386222078, 41.431272940445112 ] ] ] } },
{ "type": "Feature", "properties": { "id": 651, "snapped_id": 651.0, "centroid_lon": 2.14513, "centroid_lat": 41.37228, "radius": 192.306, "internal_id": 618000602730594303, "population": 2294, "component": 0, "o_score_pt": 2342.2504322311711, "o_score_car": 2117.0668219185309, "CDI": -0.050497328958393997, "log_population": 3.3607826898732802 }, "geometry": { "type": "Polygon", "coordinates": [ [ [ 2.142987580559123, 41.372835961823583 ], [ 2.14480483234642, 41.374029199867465 ], [ 2.146942825906394, 41.37346928385243 ], [ 2.147267132910498, 41.37171629523769 ], [ 2.145449856027409, 41.370523082842276 ], [ 2.143311956641321, 41.371083006912876 ], [ 2.142987580559123, 41.372835961823583 ] ] ] } },
{ "type": "Feature", "properties": { "id": 652, "snapped_id": 652.0, "centroid_lon": 2.18376, "centroid_lat": 41.37569, "radius": 192.37, "internal_id": 618000602430701567, "population": 546, "component": 0, "o_score_pt": 2088.7709169744826, "o_score_car": 2176.1011243697203, "CDI": 0.020476630142392899, "log_population": 2.7379873263334309 }, "geometry": { "type": "Polygon", "coordinates": [ [ [ 2.182072768979082, 41.37612459995006 ], [ 2.183528731023078, 41.377079636800346 ], [ 2.185183897798821, 41.376645687358526 ], [ 2.185439768562593, 41.375259445701857 ], [ 2.183983786393684, 41.374304436568075 ], [ 2.182328694362128, 41.374738387663029 ], [ 2.182072768979082, 41.37612459995006 ] ] ] } },
{ "type": "Feature", "properties": { "id": 653, "snapped_id": 653.0, "centroid_lon": 2.08557, "centroid_lat": 41.41491, "radius": 192.154, "internal_id": 618000603072430079, "population": 0, "component": 0, "o_score_pt": 5.4981735677321071, "o_score_car": 1177.5143117332884, "CDI": 0.99070479198478956, "log_population": 0.0 }, "geometry": { "type": "Polygon", "coordinates": [ [ [ 2.085526704126665, 41.4148826879075 ], [ 2.085610884881426, 41.414938018163689 ], [ 2.085610886160802, 41.414938011279034 ], [ 2.085526704756277, 41.414882684520208 ], [ 2.085526704126665, 41.4148826879075 ] ] ] } },
{ "type": "Feature", "properties": { "id": 654, "snapped_id": 654.0, "centroid_lon": 2.11058, "centroid_lat": 41.39147, "radius": 192.224, "internal_id": 618000602355728383, "population": 2289, "component": 0, "o_score_pt": 1636.5447492526089, "o_score_car": 2126.2069242905573, "CDI": 0.13013406610935391, "log_population": 3.3598354823398879 }, "geometry": { "type": "Polygon", "coordinates": [ [ [ 2.108443544059334, 41.392024141988458 ], [ 2.110259621268882, 41.393217374740246 ], [ 2.112396934936928, 41.392658635075989 ], [ 2.112721828189668, 41.390906834555118 ], [ 2.110905725766968, 41.389713627424456 ], [ 2.108768506317196, 41.390272375191991 ], [ 2.108443544059334, 41.392024141988458 ] ] ] } },
{ "type": "Feature", "properties": { "id": 655, "snapped_id": 655.0, "centroid_lon": 2.16844, "centroid_lat": 41.44738, "radius": 192.264, "internal_id": 618000603023933439, "population": 200, "component": 0, "o_score_pt": 1329.6432643425976, "o_score_car": 1944.6852024743312, "CDI": 0.18783758085505509, "log_population": 2.3031960574204891 }, "geometry": { "type": "Polygon", "coordinates": [ [ [ 2.16707358354882, 41.447722858904498 ], [ 2.168277644812719, 41.448512277808412 ], [ 2.169596418559502, 41.448167577358902 ], [ 2.169805325617695, 41.447038434108023 ], [ 2.168601247530863, 41.446249042191397 ], [ 2.167282535112125, 41.446593741280928 ], [ 2.16707358354882, 41.447722858904498 ] ] ] } },
{ "type": "Feature", "properties": { "id": 656, "snapped_id": 656.0, "centroid_lon": 2.14881, "centroid_lat": 41.43052, "radius": 192.248, "internal_id": 618000602344718335, "population": 2478, "component": 0, "o_score_pt": 2050.0053668757723, "o_score_car": 2221.9881365598881, "CDI": 0.0402582001929081, "log_population": 3.3942765267678214 }, "geometry": { "type": "Polygon", "coordinates": [ [ [ 2.146647030519925, 41.431088223488835 ], [ 2.148485143731701, 41.4322941874862 ], [ 2.15065066778691, 41.43172817914995 ], [ 2.150978784934551, 41.429956239485506 ], [ 2.149140646342042, 41.42875030088841 ], [ 2.146975217632331, 41.429316317674406 ], [ 2.146647030519925, 41.431088223488835 ] ] ] } },
{ "type": "Feature", "properties": { "id": 657, "snapped_id": 657.0, "centroid_lon": 2.13222, "centroid_lat": 41.41964, "radius": 192.231, "internal_id": 618000602318241791, "population": 551, "component": 0, "o_score_pt": 1779.3230469458565, "o_score_car": 2074.0926137490242, "CDI": 0.076495658075467599, "log_population": 2.741939077729199 }, "geometry": { "type": "Polygon", "coordinates": [ [ [ 2.130537272358883, 41.420067728625703 ], [ 2.131995267161547, 41.421024835596263 ], [ 2.133653813380556, 41.420591394367953 ], [ 2.133910983881218, 41.419203693513985 ], [ 2.132452968761497, 41.418246614218688 ], [ 2.130794497532037, 41.418680057206053 ], [ 2.130537272358883, 41.420067728625703 ] ] ] } },
{ "type": "Feature", "properties": { "id": 658, "snapped_id": 658.0, "centroid_lon": 2.18141, "centroid_lat": 41.422, "radius": 192.315, "internal_id": 618000602959970303, "population": 2435, "component": 0, "o_score_pt": 2464.3824974650897, "o_score_car": 2296.4767754230411, "CDI": -0.035267944801105199, "log_population": 3.3866772839608377 }, "geometry": { "type": "Polygon", "coordinates": [ [ [ 2.179244984201707, 41.422562703903388 ], [ 2.181079481514286, 41.423765426309458 ], [ 2.18323929285081, 41.423200153202757 ], [ 2.183565961272475, 41.421432223866297 ], [ 2.181731438751731, 41.420229526935259 ], [ 2.17957172247464, 41.420794808341348 ], [ 2.179244984201707, 41.422562703903388 ] ] ] } },
{ "type": "Feature", "properties": { "id": 659, "snapped_id": 659.0, "centroid_lon": 2.19354, "centroid_lat": 41.44589, "radius": 192.31, "internal_id": 618000602922483711, "population": 2627, "component": 0, "o_score_pt": 1880.2776423807904, "o_score_car": 2083.2506826420249, "CDI": 0.0512101904204421, "log_population": 3.4196253608877432 }, "geometry": { "type": "Polygon", "coordinates": [ [ [ 2.191362503494507, 41.446461408188817 ], [ 2.193207764237807, 41.447670460593017 ], [ 2.19538150850385, 41.447101809125492 ], [ 2.195709896392728, 41.445324096771607 ], [ 2.193864610335504, 41.44411506972358 ], [ 2.191690961700445, 41.444683729673855 ], [ 2.191362503494507, 41.446461408188817 ] ] ] } },
{ "type": "Feature", "properties": { "id": 660, "snapped_id": 660.0, "centroid_lon": 2.13849, "centroid_lat": 41.33002, "radius": 192.34, "internal_id": 618000602697564159, "population": 2278, "component": 0, "o_score_pt": 1145.2939482306344, "o_score_car": 1828.9880608205249, "CDI": 0.22986862392648469, "log_population": 3.3577443251803754 }, "geometry": { "type": "Polygon", "coordinates": [ [ [ 2.136350395373602, 41.33057712051496 ], [ 2.138164764139555, 41.331769279601033 ], [ 2.140299249097181, 41.331209553583719 ], [ 2.140623182183893, 41.329457834508879 ], [ 2.138808788349717, 41.328265701112784 ], [ 2.136674397383112, 41.328825435165818 ], [ 2.136350395373602, 41.33057712051496 ] ] ] } },
{ "type": "Feature", "properties": { "id": 661, "snapped_id": 661.0, "centroid_lon": 2.16013, "centroid_lat": 41.35819, "radius": 192.348, "internal_id": 618000602660077567, "population": 690, "component": 0, "o_score_pt": 756.28315016151203, "o_score_car": 1238.1861965631792, "CDI": 0.2416196805396113, "log_population": 2.8394780473741985 }, "geometry": { "type": "Polygon", "coordinates": [ [ [ 2.158369857359491, 41.358645664209597 ], [ 2.159883956839381, 41.359639643089452 ], [ 2.161617247131463, 41.359185267357127 ], [ 2.161884460984655, 41.357739160601213 ], [ 2.160370340537987, 41.356745209345661 ], [ 2.158637128136158, 41.357199587641624 ], [ 2.158369857359491, 41.358645664209597 ] ] ] } },
{ "type": "Feature", "properties": { "id": 662, "snapped_id": 662.0, "centroid_lon": 2.20847, "centroid_lat": 41.40983, "radius": 192.376, "internal_id": 618000602472644607, "population": 2379, "component": 0, "o_score_pt": 2029.9950753641244, "o_score_car": 2139.378023561123, "CDI": 0.026234866873678001, "log_population": 3.3765769570565118 }, "geometry": { "type": "Polygon", "coordinates": [ [ [ 2.206312544127559, 41.410397813780548 ], [ 2.208141715864735, 41.41159640038569 ], [ 2.210293710350393, 41.411032443370011 ], [ 2.210618746368423, 41.409270009614033 ], [ 2.208789549598399, 41.408071448572827 ], [ 2.206637649805147, 41.40863541371796 ], [ 2.206312544127559, 41.410397813780548 ] ] ] } },
{ "type": "Feature", "properties": { "id": 663, "snapped_id": 663.0, "centroid_lon": 2.12343, "centroid_lat": 41.32212, "radius": 192.322, "internal_id": 618000605152018431, "population": 848, "component": 0, "o_score_pt": 740.92780435921532, "o_score_car": 1388.044462621931, "CDI": 0.30395729822273271, "log_population": 2.9289076902439528 }, "geometry": { "type": "Polygon", "coordinates": [ [ [ 2.121610029090615, 41.322589529227301 ], [ 2.123174471413714, 41.323617964150053 ], [ 2.124975930171058, 41.323145657742813 ], [ 2.125253336420101, 41.321646681153481 ], [ 2.123688872352732, 41.320618273695331 ], [ 2.121887494228516, 41.321090583550195 ], [ 2.121610029090615, 41.322589529227301 ] ] ] } },
{ "type": "Feature", "properties": { "id": 664, "snapped_id": 664.0, "centroid_lon": 2.11814, "centroid_lat": 41.4064, "radius": 192.221, "internal_id": 618000602360184831, "population": 1414, "component": 0, "o_score_pt": 1344.7754550362288, "o_score_car": 2179.7529680324369, "CDI": 0.2369047466126622, "log_population": 3.150756439860309 }, "geometry": { "type": "Polygon", "coordinates": [ [ [ 2.116157196308367, 41.406918333462897 ], [ 2.117852269559426, 41.408031646601607 ], [ 2.119827746447354, 41.407515366647992 ], [ 2.120129728650273, 41.405886831936556 ], [ 2.118434631843818, 41.404773545507858 ], [ 2.116459242680369, 41.40528983115663 ], [ 2.116157196308367, 41.406918333462897 ] ] ] } },
{ "type": "Feature", "properties": { "id": 665, "snapped_id": 665.0, "centroid_lon": 2.11966, "centroid_lat": 41.40939, "radius": 192.22, "internal_id": 618000602322698239, "population": 398, "component": 0, "o_score_pt": 1278.8768618652243, "o_score_car": 2191.9218420250249, "CDI": 0.2630648038263968, "log_population": 2.6009728956867484 }, "geometry": { "type": "Polygon", "coordinates": [ [ [ 2.118072895504733, 41.409792915645305 ], [ 2.119448426217853, 41.410696290682871 ], [ 2.120997178492319, 41.410291555149222 ], [ 2.121239106593599, 41.408986837171042 ], [ 2.119863556644675, 41.40808348977788 ], [ 2.11831487495328, 41.408488225976789 ], [ 2.118072895504733, 41.409792915645305 ] ] ] } },
{ "type": "Feature", "properties": { "id": 666, "snapped_id": 666.0, "centroid_lon": 2.17943, "centroid_lat": 41.43266, "radius": 192.3, "internal_id": 618000602964426751, "population": 2833, "component": 0, "o_score_pt": 2184.0542053586819, "o_score_car": 2161.6820567751342, "CDI": -0.0051480686433930996, "log_population": 3.4523998459114416 }, "geometry": { "type": "Polygon", "coordinates": [ [ [ 2.177260760582965, 41.433232913315052 ], [ 2.179105301708625, 41.434442122893472 ], [ 2.181278530410125, 41.433873591358918 ], [ 2.181607122368995, 41.432095841736796 ], [ 2.179762555890275, 41.430886657514534 ], [ 2.177589422802873, 41.431455197558812 ], [ 2.177260760582965, 41.433232913315052 ] ] ] } },
{ "type": "Feature", "properties": { "id": 667, "snapped_id": 667.0, "centroid_lon": 2.1974, "centroid_lat": 41.40258, "radius": 192.365, "internal_id": 618000602457178111, "population": 1582, "component": 0, "o_score_pt": 2099.1153460158207, "o_score_car": 2205.7338317739896, "CDI": 0.024767066476625899, "log_population": 3.199480914862356 }, "geometry": { "type": "Polygon", "coordinates": [ [ [ 2.195374632726058, 41.403107505051409 ], [ 2.197100191968612, 41.404238617432576 ], [ 2.199114369107928, 41.403710824731419 ], [ 2.199420314292317, 41.402052791879029 ], [ 2.197694731359539, 41.40092170603706 ], [ 2.195680643387429, 41.40144950483144 ], [ 2.195374632726058, 41.403107505051409 ] ] ] } },
{ "type": "Feature", "properties": { "id": 668, "snapped_id": 668.0, "centroid_lon": 2.13763, "centroid_lat": 41.37932, "radius": 192.285, "internal_id": 618000602285211647, "population": 2933, "component": 0, "o_score_pt": 2545.3402433269453, "o_score_car": 2270.0548965526841, "CDI": -0.057167758569682599, "log_population": 3.4674601095072637 }, "geometry": { "type": "Polygon", "coordinates": [ [ [ 2.135455043285574, 41.37988440085423 ], [ 2.137297143996858, 41.381094081042463 ], [ 2.139468481480499, 41.380525711595112 ], [ 2.13979762271803, 41.37874765336894 ], [ 2.137955496546405, 41.377537998546075 ], [ 2.135784254594725, 41.378106376584604 ], [ 2.135455043285574, 41.37988440085423 ] ] ] } },
{ "type": "Feature", "properties": { "id": 669, "snapped_id": 669.0, "centroid_lon": 2.1905, "centroid_lat": 41.43992, "radius": 192.312, "internal_id": 618000602926940159, "population": 2465, "component": 0, "o_score_pt": 2060.2054084768611, "o_score_car": 1915.1869792079819, "CDI": -0.036479022729460298, "log_population": 3.3919930722597127 }, "geometry": { "type": "Polygon", "coordinates": [ [ [ 2.188337792849592, 41.44048547498366 ], [ 2.190176051963068, 41.441690120853814 ], [ 2.192340562997626, 41.441123818027577 ], [ 2.192667715289449, 41.439352913485934 ], [ 2.19082943094594, 41.438148293050382 ], [ 2.188665015168569, 41.438714604222568 ], [ 2.188337792849592, 41.44048547498366 ] ] ] } },
{ "type": "Feature", "properties": { "id": 670, "snapped_id": 670.0, "centroid_lon": 2.16315, "centroid_lat": 41.36417, "radius": 192.347, "internal_id": 618000602739507199, "population": 803, "component": 0, "o_score_pt": 1127.3884816286104, "o_score_car": 1886.5058426283977, "CDI": 0.25187258720059019, "log_population": 2.9052560487484511 }, "geometry": { "type": "Polygon", "coordinates": [ [ [ 2.161349011871456, 41.364635107597302 ], [ 2.162901583200042, 41.365654189640495 ], [ 2.164686083718623, 41.365186444754009 ], [ 2.164960433211366, 41.363701622258617 ], [ 2.163407840406796, 41.362682567731134 ], [ 2.161623419836927, 41.363150315774547 ], [ 2.161349011871456, 41.364635107597302 ] ] ] } },
{ "type": "Feature", "properties": { "id": 671, "snapped_id": 671.0, "centroid_lon": 2.18633, "centroid_lat": 41.39533, "radius": 192.353, "internal_id": 618000602494664703, "population": 2585, "component": 0, "o_score_pt": 2682.2770630028022, "o_score_car": 2427.8121067667312, "CDI": -0.0497965784513986, "log_population": 3.4126285205443754 }, "geometry": { "type": "Polygon", "coordinates": [ [ [ 2.184159968583034, 41.395894845694386 ], [ 2.186003907119853, 41.397104001316656 ], [ 2.18817626338177, 41.39653481234695 ], [ 2.188504585580527, 41.394756459253664 ], [ 2.186660621735987, 41.393547329016201 ], [ 2.184488360997513, 41.394116526487785 ], [ 2.184159968583034, 41.395894845694386 ] ] ] } },
{ "type": "Feature", "properties": { "id": 672, "snapped_id": 672.0, "centroid_lon": 2.14756, "centroid_lat": 41.34795, "radius": 192.337, "internal_id": 618000602664534015, "population": 2290, "component": 0, "o_score_pt": 1168.1678725510037, "o_score_car": 2081.604048631877, "CDI": 0.28107701039782301, "log_population": 3.3600250891893975 }, "geometry": { "type": "Polygon", "coordinates": [ [ [ 2.145423034207135, 41.348507323065576 ], [ 2.147239390926795, 41.349700253453229 ], [ 2.149376211387764, 41.349140113532407 ], [ 2.149700299567519, 41.347387205728474 ], [ 2.147883917780673, 41.346194301010897 ], [ 2.145747191413507, 41.346754448976668 ], [ 2.145423034207135, 41.348507323065576 ] ] ] } },
{ "type": "Feature", "properties": { "id": 673, "snapped_id": 673.0, "centroid_lon": 2.09662, "centroid_lat": 41.42217, "radius": 192.165, "internal_id": 618000603081342975, "population": 358, "component": 0, "o_score_pt": 13.381413286485774, "o_score_car": 1299.9988268778529, "CDI": 0.97962294105351955, "log_population": 2.5550944485783194 }, "geometry": { "type": "Polygon", "coordinates": [ [ [ 2.095068530373374, 41.422564317399818 ], [ 2.096417168795272, 41.423450410730112 ], [ 2.097930289179992, 41.423055457879968 ], [ 2.098167548748242, 41.421778033133478 ], [ 2.096818891387877, 41.42089196738511 ], [ 2.095305840194547, 41.4212869205952 ], [ 2.095068530373374, 41.422564317399818 ] ] ] } },
{ "type": "Feature", "properties": { "id": 674, "snapped_id": 674.0, "centroid_lon": 2.12722, "centroid_lat": 41.42433, "radius": 192.217, "internal_id": 618000602327154687, "population": 0, "component": 0, "o_score_pt": 1353.1434520046496, "o_score_car": 2087.5103801153268, "CDI": 0.21343819051339821, "log_population": 0.0 }, "geometry": { "type": "Polygon", "coordinates": [ [ [ 2.127178321143364, 41.424297930814262 ], [ 2.127262871613819, 41.424353438974862 ], [ 2.127262872890235, 41.424353432089994 ], [ 2.12717832176949, 41.424297927437813 ], [ 2.127178321143364, 41.424297930814262 ] ] ] } },
{ "type": "Feature", "properties": { "id": 675, "snapped_id": 675.0, "centroid_lon": 2.12559, "centroid_lat": 41.37739, "radius": 192.266, "internal_id": 618000602289668095, "population": 2947, "component": 0, "o_score_pt": 2299.9366370942416, "o_score_car": 2292.0354261811017, "CDI": -0.0017206574439619, "log_population": 3.4695274791870139 }, "geometry": { "type": "Polygon", "coordinates": [ [ [ 2.123415949278903, 41.37795975123246 ], [ 2.125257639739096, 41.379169559806051 ], [ 2.127428777160854, 41.378601420651272 ], [ 2.127758128580997, 41.376823464310455 ], [ 2.125916412621581, 41.375613681096098 ], [ 2.123745370738389, 41.376181828863906 ], [ 2.123415949278903, 41.37795975123246 ] ] ] } },
{ "type": "Feature", "properties": { "id": 676, "snapped_id": 676.0, "centroid_lon": 2.14723, "centroid_lat": 41.40556, "radius": 192.273, "internal_id": 618000602252181503, "population": 2190, "component": 0, "o_score_pt": 2589.45234114395, "o_score_car": 2463.8557275667326, "CDI": -0.024854335391679801, "log_population": 3.3406423775607053 }, "geometry": { "type": "Polygon", "coordinates": [ [ [ 2.145106875757606, 41.406117662131976 ], [ 2.146913197563252, 41.407303178143664 ], [ 2.149036424522383, 41.406747755400943 ], [ 2.149358624840832, 41.405007076293892 ], [ 2.147552278083698, 41.403821586033949 ], [ 2.145429144742938, 41.404377016582551 ], [ 2.145106875757606, 41.406117662131976 ] ] ] } },
{ "type": "Feature", "properties": { "id": 677, "snapped_id": 677.0, "centroid_lon": 2.18906, "centroid_lat": 41.4589, "radius": 192.288, "internal_id": 618000602931396607, "population": 1573, "component": 0, "o_score_pt": 903.41288170166979, "o_score_car": 1567.7215586451343, "CDI": 0.26882741225938078, "log_population": 3.1970047280230456 }, "geometry": { "type": "Polygon", "coordinates": [ [ [ 2.187040630390618, 41.4594302675061 ], [ 2.188765726322603, 41.460560534646014 ], [ 2.19077923832265, 41.460034119830532 ], [ 2.191085256262358, 41.458378386028635 ], [ 2.189360136598904, 41.457248145403767 ], [ 2.187346713817085, 41.457774566292407 ], [ 2.187040630390618, 41.4594302675061 ] ] ] } },
{ "type": "Feature", "properties": { "id": 678, "snapped_id": 678.0, "centroid_lon": 2.17073, "centroid_lat": 41.37911, "radius": 192.344, "internal_id": 618000602743963647, "population": 1273, "component": 0, "o_score_pt": 2570.0800730863798, "o_score_car": 2202.8116846405392, "CDI": -0.076948819937360399, "log_population": 3.1051694279993316 }, "geometry": { "type": "Polygon", "coordinates": [ [ [ 2.16877308152021, 41.379615246382841 ], [ 2.170442497398076, 41.380710611847576 ], [ 2.172382581606282, 41.380202236788129 ], [ 2.172678627432514, 41.378599722715315 ], [ 2.171009188531466, 41.3775043841882 ], [ 2.169069190524648, 41.37801276437105 ], [ 2.16877308152021, 41.379615246382841 ] ] ] } },
{ "type": "Feature", "properties": { "id": 679, "snapped_id": null, "centroid_lon": 2.11396, "centroid_lat": 41.33983, "radius": 192.286, "internal_id": 618000602569637887, "population": 2188, "component": 0, "o_score_pt": 2.46164290021217, "o_score_car": 1923.339826413827, "CDI": 0.99744351332218162, "log_population": 3.3402457615679317 }, "geometry": { "type": "Polygon", "coordinates": [ [ [ 2.111834752445521, 41.340386086314183 ], [ 2.113638424976354, 41.341571813202989 ], [ 2.115759276849442, 41.341016289488557 ], [ 2.116081774691716, 41.339275272762158 ], [ 2.114278077144113, 41.338089571648446 ], [ 2.112157318760802, 41.338645103230853 ], [ 2.111834752445521, 41.340386086314183 ] ] ] } },
{ "type": "Feature", "properties": { "id": 680, "snapped_id": 680.0, "centroid_lon": 2.11896, "centroid_lat": 41.33514, "radius": 192.3, "internal_id": 618000605160931327, "population": 2016, "component": 0, "o_score_pt": 966.35291766964804, "o_score_car": 1759.2180367400215, "CDI": 0.29089872629718422, "log_population": 3.3047058982127653 }, "geometry": { "type": "Polygon", "coordinates": [ [ [ 2.116859561675057, 41.33568516416782 ], [ 2.118642622260426, 41.336857259438368 ], [ 2.120735847631253, 41.336308792787662 ], [ 2.121054361905712, 41.334588598740432 ], [ 2.119271276601975, 41.333416529457786 ], [ 2.117178143599066, 41.333965003546929 ], [ 2.116859561675057, 41.33568516416782 ] ] ] } },
{ "type": "Feature", "properties": { "id": 681, "snapped_id": 681.0, "centroid_lon": 2.13315, "centroid_lat": 41.39233, "radius": 192.263, "internal_id": 618000602294124543, "population": 2889, "component": 0, "o_score_pt": 1987.448379024064, "o_score_car": 2376.1315024871842, "CDI": 0.089074368756257696, "log_population": 3.4608978427565478 }, "geometry": { "type": "Polygon", "coordinates": [ [ [ 2.130978642779854, 41.392897840911466 ], [ 2.132820889641038, 41.394107562243555 ], [ 2.134992504836192, 41.393539466107768 ], [ 2.135321777601888, 41.391761640042851 ], [ 2.133479505257657, 41.390551944064839 ], [ 2.131307985627911, 41.391120048798278 ], [ 2.130978642779854, 41.392897840911466 ] ] ] } },
{ "type": "Feature", "properties": { "id": 682, "snapped_id": 682.0, "centroid_lon": 2.21006, "centroid_lat": 41.4348, "radius": 192.352, "internal_id": 618000602973339647, "population": 2665, "component": 0, "o_score_pt": 1604.5411360358328, "o_score_car": 2073.3739648435808, "CDI": 0.12747244456394519, "log_population": 3.4258601450778405 }, "geometry": { "type": "Polygon", "coordinates": [ [ [ 2.207891187897371, 41.435368107295936 ], [ 2.209736711878789, 41.436576989736672 ], [ 2.211910376856762, 41.436007834023641 ], [ 2.212238422259847, 41.434229787415994 ], [ 2.210392873026323, 41.433020930348782 ], [ 2.208219303638957, 41.433590094516298 ], [ 2.207891187897371, 41.435368107295936 ] ] ] } },
{ "type": "Feature", "properties": { "id": 683, "snapped_id": 683.0, "centroid_lon": 2.13466, "centroid_lat": 41.39532, "radius": 192.262, "internal_id": 618000602256637951, "population": 2842, "component": 0, "o_score_pt": 1942.9708623819361, "o_score_car": 2436.1242505491559, "CDI": 0.1126153635510177, "log_population": 3.4537768596904423 }, "geometry": { "type": "Polygon", "coordinates": [ [ [ 2.132491562528069, 41.395885328277679 ], [ 2.134333920698337, 41.397095032124241 ], [ 2.136505631464252, 41.396526944583051 ], [ 2.136834888486265, 41.394749144601285 ], [ 2.134992504836192, 41.393539466107768 ], [ 2.132820889641038, 41.394107562243555 ], [ 2.132491562528069, 41.395885328277679 ] ] ] } },
{ "type": "Feature", "properties": { "id": 684, "snapped_id": 684.0, "centroid_lon": 2.09313, "centroid_lat": 41.42985, "radius": 192.151, "internal_id": 618000602823393279, "population": 497, "component": 0, "o_score_pt": 4.883757242772651, "o_score_car": 1403.168116541797, "CDI": 0.99306310039608681, "log_population": 2.6972293427597176 }, "geometry": { "type": "Polygon", "coordinates": [ [ [ 2.091471670109072, 41.430267783342892 ], [ 2.092902993519775, 41.431208197287624 ], [ 2.094526582476413, 41.43078457459108 ], [ 2.094779455928136, 41.429423579679593 ], [ 2.093348112445444, 41.428483193399622 ], [ 2.091724597131832, 41.428906817546526 ], [ 2.091471670109072, 41.430267783342892 ] ] ] } },
{ "type": "Feature", "properties": { "id": 685, "snapped_id": 685.0, "centroid_lon": 2.15815, "centroid_lat": 41.36886, "radius": 192.333, "internal_id": 618000602748420095, "population": 2499, "component": 0, "o_score_pt": 2030.2828360915919, "o_score_car": 2232.8813155602443, "CDI": 0.047523030374083099, "log_population": 3.3979400086720375 }, "geometry": { "type": "Polygon", "coordinates": [ [ [ 2.155987699578716, 41.369431160797411 ], [ 2.157826887396081, 41.37063845346276 ], [ 2.159993793641289, 41.370070661767478 ], [ 2.16032190267586, 41.368295591976924 ], [ 2.158482689517244, 41.367088324733814 ], [ 2.156315878584215, 41.367656124914589 ], [ 2.155987699578716, 41.369431160797411 ] ] ] } },
{ "type": "Feature", "properties": { "id": 686, "snapped_id": 686.0, "centroid_lon": 2.19535, "centroid_lat": 41.39127, "radius": 192.374, "internal_id": 618000602486013951, "population": 2164, "component": 0, "o_score_pt": 2042.5324520439228, "o_score_car": 2309.0637320560791, "CDI": 0.061249083953611401, "log_population": 3.3354579006893843 }, "geometry": { "type": "Polygon", "coordinates": [ [ [ 2.193227497468178, 41.391825395005064 ], [ 2.195031927349504, 41.39300843155425 ], [ 2.197151365828693, 41.392452868017379 ], [ 2.197472094182569, 41.390714548896277 ], [ 2.195667639555534, 41.389531538167731 ], [ 2.193548294457957, 41.390087109365112 ], [ 2.193227497468178, 41.391825395005064 ] ] ] } },
{ "type": "Feature", "properties": { "id": 687, "snapped_id": 687.0, "centroid_lon": 2.15783, "centroid_lat": 41.42647, "radius": 192.269, "internal_id": 618000602336067583, "population": 2536, "component": 0, "o_score_pt": 2007.7169590904052, "o_score_car": 2345.851199460215, "CDI": 0.077668300588265099, "log_population": 3.4043204672217309 }, "geometry": { "type": "Polygon", "coordinates": [ [ [ 2.155660230613338, 41.427040735040066 ], [ 2.157503976115897, 41.428250177408032 ], [ 2.159676776205502, 41.427682021890206 ], [ 2.160005735169709, 41.425904415455761 ], [ 2.158161964245765, 41.424694998434717 ], [ 2.155989259776124, 41.425263162501778 ], [ 2.155660230613338, 41.427040735040066 ] ] ] } },
{ "type": "Feature", "properties": { "id": 688, "snapped_id": 688.0, "centroid_lon": 2.20703, "centroid_lat": 41.42883, "radius": 192.353, "internal_id": 618000602977796095, "population": 1525, "component": 0, "o_score_pt": 1752.7511210995372, "o_score_car": 2104.5249689075576, "CDI": 0.091197477079576497, "log_population": 3.1835545336188615 }, "geometry": { "type": "Polygon", "coordinates": [ [ [ 2.205018237266063, 41.429348989734493 ], [ 2.20673535808167, 41.430473934144814 ], [ 2.20873791725046, 41.429949518468035 ], [ 2.209042060355821, 41.42830113605114 ], [ 2.207324915987226, 41.427176218244838 ], [ 2.205322445537036, 41.427700639819435 ], [ 2.205018237266063, 41.429348989734493 ] ] ] } },
{ "type": "Feature", "properties": { "id": 689, "snapped_id": 689.0, "centroid_lon": 2.13401, "centroid_lat": 41.34304, "radius": 192.318, "internal_id": 618000602752876543, "population": 1248, "component": 0, "o_score_pt": 1132.6636856553041, "o_score_car": 1848.0205800290485, "CDI": 0.23999754103761189, "log_population": 3.0965624383741357 }, "geometry": { "type": "Polygon", "coordinates": [ [ [ 2.132068194953418, 41.343542587572472 ], [ 2.133730836246742, 41.344635004390241 ], [ 2.135662956182653, 41.344128651458007 ], [ 2.135958543429576, 41.342531062550655 ], [ 2.134295879093448, 41.34143867270091 ], [ 2.132363845046198, 41.34194503073229 ], [ 2.132068194953418, 41.343542587572472 ] ] ] } },
{ "type": "Feature", "properties": { "id": 690, "snapped_id": 690.0, "centroid_lon": 2.18573, "centroid_lat": 41.36502, "radius": 192.385, "internal_id": 618000602677903359, "population": 427, "component": 0, "o_score_pt": 1495.3564304689055, "o_score_car": 1795.8036510749434, "CDI": 0.091289154329163194, "log_population": 2.6314437690131722 }, "geometry": { "type": "Polygon", "coordinates": [ [ [ 2.1841208704396, 41.365430821346742 ], [ 2.185514634705865, 41.366345133643435 ], [ 2.187086916888327, 41.365932731261665 ], [ 2.187331139826968, 41.36460915597597 ], [ 2.185937356276693, 41.363694871388304 ], [ 2.184365145498187, 41.364107274574302 ], [ 2.1841208704396, 41.365430821346742 ] ] ] } },
{ "type": "Feature", "properties": { "id": 691, "snapped_id": 691.0, "centroid_lon": 2.17868, "centroid_lat": 41.3584, "radius": 192.38, "internal_id": 618000602682097663, "population": 340, "component": 0, "o_score_pt": 0.35665014157282049, "o_score_car": 1758.653278022176, "CDI": 0.9995944876309536, "log_population": 2.5327543789924976 }, "geometry": { "type": "Polygon", "coordinates": [ [ [ 2.177149391279204, 41.358794923949723 ], [ 2.1784854253692, 41.359671592945368 ], [ 2.179980910446645, 41.359279328504606 ], [ 2.180214475424791, 41.358013893929652 ], [ 2.178878422806591, 41.357137252536411 ], [ 2.177383006052337, 41.357529517068897 ], [ 2.177149391279204, 41.358794923949723 ] ] ] } },
{ "type": "Feature", "properties": { "id": 692, "snapped_id": 692.0, "centroid_lon": 2.18277, "centroid_lat": 41.38103, "radius": 192.363, "internal_id": 618000602490470399, "population": 2259, "component": 0, "o_score_pt": 2473.1483201668875, "o_score_car": 2332.112249984034, "CDI": -0.029350348045418001, "log_population": 3.3541084391474008 }, "geometry": { "type": "Polygon", "coordinates": [ [ [ 2.180635657981052, 41.381586779646597 ], [ 2.182450347371968, 41.382777071047585 ], [ 2.184583849585775, 41.382217839107227 ], [ 2.18490679166953, 41.380468513658428 ], [ 2.183092077353015, 41.379278247964237 ], [ 2.180958669090561, 41.379837487811763 ], [ 2.180635657981052, 41.381586779646597 ] ] ] } },
{ "type": "Feature", "properties": { "id": 693, "snapped_id": 693.0, "centroid_lon": 2.20445, "centroid_lat": 41.40919, "radius": 192.37, "internal_id": 618000602452983807, "population": 2272, "component": 0, "o_score_pt": 1897.8266601841613, "o_score_car": 2094.4414843232803, "CDI": 0.049248902383879502, "log_population": 3.3565994357249709 }, "geometry": { "type": "Polygon", "coordinates": [ [ [ 2.202309470877693, 41.409754136627832 ], [ 2.204126872862245, 41.410945141794329 ], [ 2.2062632897222, 41.410385325552546 ], [ 2.206586223184258, 41.408634700907079 ], [ 2.204768796308926, 41.407443721427434 ], [ 2.202632473521029, 41.408003545564377 ], [ 2.202309470877693, 41.409754136627832 ] ] ] } },
{ "type": "Feature", "properties": { "id": 694, "snapped_id": 694.0, "centroid_lon": 2.14526, "centroid_lat": 41.41623, "radius": 192.258, "internal_id": 618000602340524031, "population": 1324, "component": 0, "o_score_pt": 2136.9852934242854, "o_score_car": 2304.5848156411435, "CDI": 0.037734296228889901, "log_population": 3.1222158782728267 }, "geometry": { "type": "Polygon", "coordinates": [ [ [ 2.1432920093815, 41.416738782859326 ], [ 2.144971443362733, 41.417840933390728 ], [ 2.146925324066924, 41.417330037376516 ], [ 2.147223775131335, 41.415718197010115 ], [ 2.145544317894223, 41.414616073316594 ], [ 2.143590524022315, 41.415126974672873 ], [ 2.1432920093815, 41.416738782859326 ] ] ] } },
{ "type": "Feature", "properties": { "id": 695, "snapped_id": 695.0, "centroid_lon": 2.1396, "centroid_lat": 41.36865, "radius": 192.3, "internal_id": 618000602719584255, "population": 2698, "component": 0, "o_score_pt": 2275.0341338978583, "o_score_car": 2123.7108433397261, "CDI": -0.034401469360281697, "log_population": 3.4312028845565168 }, "geometry": { "type": "Polygon", "coordinates": [ [ [ 2.137430118203677, 41.369215825120172 ], [ 2.139272047307491, 41.370425489448451 ], [ 2.141443136001081, 41.369856932106785 ], [ 2.141772200081898, 41.368078701848468 ], [ 2.139930245530731, 41.366869062893763 ], [ 2.137759252343237, 41.367437628824376 ], [ 2.137430118203677, 41.369215825120172 ] ] ] } },
{ "type": "Feature", "properties": { "id": 696, "snapped_id": 696.0, "centroid_lon": 2.20506, "centroid_lat": 41.43949, "radius": 192.338, "internal_id": 618000602982252543, "population": 2483, "component": 0, "o_score_pt": 1826.4370757543372, "o_score_car": 2009.8719183045685, "CDI": 0.047815450432774499, "log_population": 3.3951515915045425 }, "geometry": { "type": "Polygon", "coordinates": [ [ [ 2.202893793324791, 41.440060280793709 ], [ 2.204734325804008, 41.441265977303821 ], [ 2.206901460098723, 41.440698717165077 ], [ 2.207228691522184, 41.438925790574785 ], [ 2.205388133837119, 41.437720119487835 ], [ 2.203221094883719, 41.438287387985199 ], [ 2.202893793324791, 41.440060280793709 ] ] ] } },
{ "type": "Feature", "properties": { "id": 697, "snapped_id": 697.0, "centroid_lon": 2.16329, "centroid_lat": 41.40813, "radius": 192.299, "internal_id": 618000602265550847, "population": 2044, "component": 0, "o_score_pt": 2063.8236011291392, "o_score_car": 2447.2359317075093, "CDI": 0.084993852949059201, "log_population": 3.3106933123433606 }, "geometry": { "type": "Polygon", "coordinates": [ [ [ 2.161190458889187, 41.408676187742756 ], [ 2.162979888753043, 41.409850102270752 ], [ 2.165080127627097, 41.409300463150302 ], [ 2.165398789320636, 41.407577300275378 ], [ 2.163609334789765, 41.406403411683272 ], [ 2.161509188591638, 41.406953058225739 ], [ 2.161190458889187, 41.408676187742756 ] ] ] } },
{ "type": "Feature", "properties": { "id": 698, "snapped_id": 698.0, "centroid_lon": 2.12198, "centroid_lat": 41.34111, "radius": 192.299, "internal_id": 618000602757332991, "population": 2302, "component": 0, "o_score_pt": 1148.8936175515869, "o_score_car": 1925.4696166732244, "CDI": 0.25259734779434678, "log_population": 3.3622939379642309 }, "geometry": { "type": "Polygon", "coordinates": [ [ [ 2.119839888931778, 41.341673574751326 ], [ 2.121656646679387, 41.342867642096756 ], [ 2.123794736001985, 41.342307486719342 ], [ 2.124119501782257, 41.340553414340221 ], [ 2.122302718870002, 41.339359372639628 ], [ 2.120164723719683, 41.339919536135767 ], [ 2.119839888931778, 41.341673574751326 ] ] ] } },
{ "type": "Feature", "properties": { "id": 699, "snapped_id": 699.0, "centroid_lon": 2.12698, "centroid_lat": 41.33642, "radius": 192.313, "internal_id": 618000602757070847, "population": 2318, "component": 0, "o_score_pt": 871.12622574321006, "o_score_car": 1866.9997423548043, "CDI": 0.36370624588296729, "log_population": 3.3653007486379876 }, "geometry": { "type": "Polygon", "coordinates": [ [ [ 2.124836426812596, 41.336980119140314 ], [ 2.126654981587984, 41.338175284319554 ], [ 2.128795347143122, 41.337614349444834 ], [ 2.129120333714036, 41.335858387418732 ], [ 2.127301753769604, 41.334663247871703 ], [ 2.125161482465443, 41.335224190893165 ], [ 2.124836426812596, 41.336980119140314 ] ] ] } },
{ "type": "Feature", "properties": { "id": 700, "snapped_id": 700.0, "centroid_lon": 2.14361, "centroid_lat": 41.36929, "radius": 192.306, "internal_id": 618000602719846399, "population": 2541, "component": 0, "o_score_pt": 2220.863993843891, "o_score_car": 2217.1287701019019, "CDI": -0.00084164710053919996, "log_population": 3.4051755462179893 }, "geometry": { "type": "Polygon", "coordinates": [ [ [ 2.141443136001081, 41.369856932106785 ], [ 2.143285201803405, 41.371066553631763 ], [ 2.145456357123805, 41.370497919522201 ], [ 2.145785351135123, 41.368719655306599 ], [ 2.143943259898425, 41.367510059157247 ], [ 2.141772200081898, 41.368078701848468 ], [ 2.141443136001081, 41.369856932106785 ] ] ] } },
{ "type": "Feature", "properties": { "id": 701, "snapped_id": 701.0, "centroid_lon": 2.11797, "centroid_lat": 41.34047, "radius": 192.293, "internal_id": 618000602569900031, "population": 2297, "component": 0, "o_score_pt": 793.19834844803472, "o_score_car": 1924.5425017153709, "CDI": 0.41628110097374199, "log_population": 3.3613500243522663 }, "geometry": { "type": "Polygon", "coordinates": [ [ [ 2.115829829262335, 41.341031957675412 ], [ 2.117645903565756, 41.342225706553741 ], [ 2.119783194345145, 41.341665818702872 ], [ 2.120107926231976, 41.339912335529831 ], [ 2.118291826758576, 41.338718612300156 ], [ 2.11615463012422, 41.339278508265544 ], [ 2.115829829262335, 41.341031957675412 ] ] ] } },
{ "type": "Feature", "properties": { "id": 702, "snapped_id": 702.0, "centroid_lon": 2.19035, "centroid_lat": 41.39597, "radius": 192.36, "internal_id": 618000602494926847, "population": 2026, "component": 0, "o_score_pt": 2453.5241123718797, "o_score_car": 2336.0979396156504, "CDI": -0.0245167930750404, "log_population": 3.3068537486930087 }, "geometry": { "type": "Polygon", "coordinates": [ [ [ 2.188247268348118, 41.396514919099921 ], [ 2.190034997950698, 41.397687088040144 ], [ 2.19213228642877, 41.397137510102134 ], [ 2.192450009187242, 41.3954161675425 ], [ 2.190662255042152, 41.3942440245836 ], [ 2.188565059069241, 41.394793609852343 ], [ 2.188247268348118, 41.396514919099921 ] ] ] } },
{ "type": "Feature", "properties": { "id": 703, "snapped_id": 703.0, "centroid_lon": 2.1924, "centroid_lat": 41.40728, "radius": 192.351, "internal_id": 618000602457440255, "population": 2598, "component": 0, "o_score_pt": 2216.0609450465172, "o_score_car": 2253.7198729453407, "CDI": 0.0084252292074900002, "log_population": 3.4148062795010126 }, "geometry": { "type": "Polygon", "coordinates": [ [ [ 2.19022297989824, 41.407844377967699 ], [ 2.192067364009044, 41.409053463035136 ], [ 2.194240102418082, 41.408484308042169 ], [ 2.194568361168656, 41.406706059492791 ], [ 2.192723951763217, 41.405496999806054 ], [ 2.190551308898973, 41.40606616328855 ], [ 2.19022297989824, 41.407844377967699 ] ] ] } },
{ "type": "Feature", "properties": { "id": 704, "snapped_id": 704.0, "centroid_lon": 2.16291, "centroid_lat": 41.44375, "radius": 192.259, "internal_id": 618000603024195583, "population": 822, "component": 0, "o_score_pt": 1599.2713216779316, "o_score_car": 2100.6892850158551, "CDI": 0.1355198113273916, "log_population": 2.9153998352122699 }, "geometry": { "type": "Polygon", "coordinates": [ [ [ 2.161091219508703, 41.444220458518927 ], [ 2.162651372753873, 41.445243527408842 ], [ 2.164445491542779, 41.444774605092157 ], [ 2.16472119892767, 41.443284803519298 ], [ 2.163161024075684, 41.442261762091242 ], [ 2.161366985710361, 41.442730687650169 ], [ 2.161091219508703, 41.444220458518927 ] ] ] } },
{ "type": "Feature", "properties": { "id": 705, "snapped_id": 705.0, "centroid_lon": 2.14921, "centroid_lat": 41.3949, "radius": 192.288, "internal_id": 618000602307493887, "population": 1959, "component": 0, "o_score_pt": 2459.7260910118689, "o_score_car": 2561.2855432024653, "CDI": 0.0202268904335028, "log_population": 3.2922560713564759 }, "geometry": { "type": "Polygon", "coordinates": [ [ [ 2.147117009406513, 41.395440764382457 ], [ 2.148895011222433, 41.396607787609177 ], [ 2.150980433561184, 41.396062011129402 ], [ 2.151297283363549, 41.394349670481233 ], [ 2.149519256987396, 41.393182673294191 ], [ 2.147433926733188, 41.393728457006432 ], [ 2.147117009406513, 41.395440764382457 ] ] ] } },
{ "type": "Feature", "properties": { "id": 706, "snapped_id": 706.0, "centroid_lon": 2.16027, "centroid_lat": 41.40215, "radius": 192.3, "internal_id": 618000602270007295, "population": 1636, "component": 0, "o_score_pt": 2496.22574178995, "o_score_car": 2323.3281558201343, "CDI": -0.035874188699404702, "log_population": 3.2140486794119414 }, "geometry": { "type": "Polygon", "coordinates": [ [ [ 2.158232394278655, 41.402681697743034 ], [ 2.159965371565125, 41.403818748964234 ], [ 2.161990395404596, 41.403288730910646 ], [ 2.16229855666407, 41.401622460127143 ], [ 2.160565555458846, 41.400485435354611 ], [ 2.158540621272046, 41.40101545972756 ], [ 2.158232394278655, 41.402681697743034 ] ] ] } },
{ "type": "Feature", "properties": { "id": 707, "snapped_id": 707.0, "centroid_lon": 2.13077, "centroid_lat": 41.43862, "radius": 192.208, "internal_id": 618000602836762623, "population": 0, "component": 0, "o_score_pt": 1.7447082375483876, "o_score_car": 1769.2872110056207, "CDI": 0.99802972694213898, "log_population": 0.0 }, "geometry": { "type": "Polygon", "coordinates": [ [ [ 2.130729902645981, 41.438590289453316 ], [ 2.130814774647668, 41.438645993930507 ], [ 2.130814775924792, 41.438645987042278 ], [ 2.130729903270421, 41.438590286086182 ], [ 2.130729902645981, 41.438590289453316 ] ] ] } },
{ "type": "Feature", "properties": { "id": 708, "snapped_id": 708.0, "centroid_lon": 2.10756, "centroid_lat": 41.38549, "radius": 192.225, "internal_id": 618000602611843071, "population": 1949, "component": 0, "o_score_pt": 1871.9755314715619, "o_score_car": 2221.0690258541586, "CDI": 0.085289443956281893, "log_population": 3.2900346113625178 }, "geometry": { "type": "Polygon", "coordinates": [ [ [ 2.105471497743046, 41.386034712723401 ], [ 2.10724678303302, 41.38720131864914 ], [ 2.109329732899614, 41.386656726043178 ], [ 2.109647032470638, 41.384945982614511 ], [ 2.107871722510378, 41.38377940272165 ], [ 2.105788864675219, 41.38432400260843 ], [ 2.105471497743046, 41.386034712723401 ] ] ] } },
{ "type": "Feature", "properties": { "id": 709, "snapped_id": 709.0, "centroid_lon": 2.19998, "centroid_lat": 41.42221, "radius": 192.348, "internal_id": 618000602461896703, "population": 2710, "component": 0, "o_score_pt": 2113.160160921333, "o_score_car": 2221.4988013055658, "CDI": 0.0249935788093868, "log_population": 3.4331295175804857 }, "geometry": { "type": "Polygon", "coordinates": [ [ [ 2.197804607768021, 41.422780307364214 ], [ 2.199649549062859, 41.423989303958763 ], [ 2.201822765276061, 41.423420191367349 ], [ 2.202150944620042, 41.421642073707851 ], [ 2.200305978046951, 41.420433102488879 ], [ 2.198132857405269, 41.421002223554439 ], [ 2.197804607768021, 41.422780307364214 ] ] ] } },
{ "type": "Feature", "properties": { "id": 710, "snapped_id": 710.0, "centroid_lon": 2.06452, "centroid_lat": 41.41702, "radius": 192.114, "internal_id": 618000603066138623, "population": 0, "component": 1, "o_score_pt": 1.2589134733294425, "o_score_car": 1041.5653092389823, "CDI": 0.99758556917664398, "log_population": 0.0 }, "geometry": { "type": "Polygon", "coordinates": [ [ [ 2.064473178552184, 41.416994370006904 ], [ 2.064557319987264, 41.417049702550472 ], [ 2.064557321268633, 41.417049695664197 ], [ 2.064473179182858, 41.416994366618368 ], [ 2.064473178552184, 41.416994370006904 ] ] ] } },
{ "type": "Feature", "properties": { "id": 711, "snapped_id": 711.0, "centroid_lon": 2.10709, "centroid_lat": 41.39914, "radius": 192.209, "internal_id": 618000602349436927, "population": 403, "component": 0, "o_score_pt": 1197.0552762743596, "o_score_car": 2012.9336050832903, "CDI": 0.25416858405561171, "log_population": 2.6063813651106051 }, "geometry": { "type": "Polygon", "coordinates": [ [ [ 2.105505584421839, 41.399547139015361 ], [ 2.106883775554664, 41.400452663190201 ], [ 2.108436381934429, 41.40004693318761 ], [ 2.108679045127503, 41.398738986263922 ], [ 2.107300834692932, 41.397833489735397 ], [ 2.10574829905514, 41.398239220463296 ], [ 2.105505584421839, 41.399547139015361 ] ] ] } },
{ "type": "Feature", "properties": { "id": 712, "snapped_id": 712.0, "centroid_lon": 2.14618, "centroid_lat": 41.38892, "radius": 192.289, "internal_id": 618000602311950335, "population": 2746, "component": 0, "o_score_pt": 2521.6773719493194, "o_score_car": 2420.5448880585022, "CDI": -0.0204629574653441, "log_population": 3.4388586594205619 }, "geometry": { "type": "Polygon", "coordinates": [ [ [ 2.144008198488563, 41.389488589622907 ], [ 2.14585076982544, 41.390698174544958 ], [ 2.148022460583085, 41.390129754050335 ], [ 2.148351484455165, 41.388351740059534 ], [ 2.146508887680651, 41.387142180501826 ], [ 2.144337292468834, 41.387710609571144 ], [ 2.144008198488563, 41.389488589622907 ] ] ] } },
{ "type": "Feature", "properties": { "id": 713, "snapped_id": 713.0, "centroid_lon": 2.17792, "centroid_lat": 41.42968, "radius": 192.301, "internal_id": 618000602953678847, "population": 2863, "component": 0, "o_score_pt": 2269.0439679494289, "o_score_car": 2170.6767120659574, "CDI": -0.022156181204428901, "log_population": 3.4569730136358179 }, "geometry": { "type": "Polygon", "coordinates": [ [ [ 2.175744993136906, 41.430245970278648 ], [ 2.177589422802873, 41.431455197558812 ], [ 2.179762555890275, 41.430886657514534 ], [ 2.180091163700104, 41.429108881677912 ], [ 2.17824670867781, 41.427899679754937 ], [ 2.176073671199154, 41.428468228311999 ], [ 2.175744993136906, 41.430245970278648 ] ] ] } },
{ "type": "Feature", "properties": { "id": 714, "snapped_id": 714.0, "centroid_lon": 2.15829, "centroid_lat": 41.41282, "radius": 192.285, "internal_id": 618000602274463743, "population": 2058, "component": 0, "o_score_pt": 1989.4923340861235, "o_score_car": 2424.5082067219041, "CDI": 0.098553651866147299, "log_population": 3.3136563466180315 }, "geometry": { "type": "Polygon", "coordinates": [ [ [ 2.156185714012392, 41.413369209438223 ], [ 2.157976821859017, 41.414544306410626 ], [ 2.160079416588085, 41.413994230774932 ], [ 2.160398506758749, 41.412269438000571 ], [ 2.158607374202959, 41.411094366941178 ], [ 2.156504872257051, 41.411644450042012 ], [ 2.156185714012392, 41.413369209438223 ] ] ] } },
{ "type": "Feature", "properties": { "id": 715, "snapped_id": 715.0, "centroid_lon": 2.17414, "centroid_lat": 41.34944, "radius": 192.382, "internal_id": 618000602653786111, "population": 328, "component": 0, "o_score_pt": 0.26520813710322227, "o_score_car": 1496.9734538765524, "CDI": 0.99964573699059245, "log_population": 2.5171958979499744 }, "geometry": { "type": "Polygon", "coordinates": [ [ [ 2.17261792122963, 41.349827510528542 ], [ 2.173944621509397, 41.350698250437034 ], [ 2.175427811962658, 41.350309142044296 ], [ 2.17565972148439, 41.349052803056786 ], [ 2.174333002793069, 41.348182090726134 ], [ 2.172849880165717, 41.348571199109429 ], [ 2.17261792122963, 41.349827510528542 ] ] ] } },
{ "type": "Feature", "properties": { "id": 716, "snapped_id": 716.0, "centroid_lon": 2.07707, "centroid_lat": 41.42727, "radius": 192.125, "internal_id": 618000603145568255, "population": 0, "component": 0, "o_score_pt": 0.0, "o_score_car": 1039.9383863792259, "CDI": 1.0, "log_population": 0.0 }, "geometry": { "type": "Polygon", "coordinates": [ [ [ 2.077029482266842, 41.427243487581229 ], [ 2.077113894593987, 41.427298973626101 ], [ 2.077113895874992, 41.427298966737922 ], [ 2.077029482895695, 41.427243484200595 ], [ 2.077029482266842, 41.427243487581229 ] ] ] } },
{ "type": "Feature", "properties": { "id": 717, "snapped_id": 717.0, "centroid_lon": 2.20543, "centroid_lat": 41.40386, "radius": 192.377, "internal_id": 618000602391379967, "population": 2234, "component": 0, "o_score_pt": 2134.4198664362293, "o_score_car": 2253.9657303867352, "CDI": 0.027241422001989202, "log_population": 3.3492775274679554 }, "geometry": { "type": "Polygon", "coordinates": [ [ [ 2.203299158415835, 41.404417594977438 ], [ 2.205112209914987, 41.405605797111924 ], [ 2.207242819131233, 41.4050473785652 ], [ 2.207564918687857, 41.403300984986089 ], [ 2.205751842361104, 41.402112808587205 ], [ 2.20362132697593, 41.402671234940087 ], [ 2.203299158415835, 41.404417594977438 ] ] ] } },
{ "type": "Feature", "properties": { "id": 718, "snapped_id": 718.0, "centroid_lon": 2.14585, "centroid_lat": 41.44652, "radius": 192.226, "internal_id": 618000603033108479, "population": 0, "component": 0, "o_score_pt": 2.4617916056647746, "o_score_car": 1929.2418784314721, "CDI": 0.9974511705456176, "log_population": 0.0 }, "geometry": { "type": "Polygon", "coordinates": [ [ [ 2.145807289924806, 41.446490103603416 ], [ 2.145892392285595, 41.446545932498864 ], [ 2.145892393561966, 41.446545925609442 ], [ 2.14580729054753, 41.446490100242976 ], [ 2.145807289924806, 41.446490103603416 ] ] ] } },
{ "type": "Feature", "properties": { "id": 719, "snapped_id": 719.0, "centroid_lon": 2.10407, "centroid_lat": 41.39317, "radius": 192.21, "internal_id": 618000602353893375, "population": 835, "component": 0, "o_score_pt": 1231.0491147506359, "o_score_car": 2038.2955666733685, "CDI": 0.2469138407184176, "log_population": 2.9222062774390163 }, "geometry": { "type": "Polygon", "coordinates": [ [ [ 2.102250780753496, 41.393636961104619 ], [ 2.103812343510938, 41.394663119027719 ], [ 2.105609937077153, 41.394193313942772 ], [ 2.105887134760254, 41.392699326150932 ], [ 2.10432555021186, 41.391673195666336 ], [ 2.102528037227123, 41.392143004158221 ], [ 2.102250780753496, 41.393636961104619 ] ] ] } },
{ "type": "Feature", "properties": { "id": 720, "snapped_id": 720.0, "centroid_lon": 2.11617, "centroid_lat": 41.41707, "radius": 192.206, "internal_id": 618000602316406783, "population": 158, "component": 0, "o_score_pt": 12.889825346951664, "o_score_car": 1544.0760359961605, "CDI": 0.98344237896670084, "log_population": 2.2013971243204513 }, "geometry": { "type": "Polygon", "coordinates": [ [ [ 2.114875282428756, 41.417387771949748 ], [ 2.116018593396634, 41.418138635325349 ], [ 2.117257232236326, 41.417815065965755 ], [ 2.117455580132667, 41.416745765222231 ], [ 2.116312253054224, 41.415994928403087 ], [ 2.115073672350297, 41.41631849592769 ], [ 2.114875282428756, 41.417387771949748 ] ] ] } },
{ "type": "Feature", "properties": { "id": 721, "snapped_id": 721.0, "centroid_lon": 2.16534, "centroid_lat": 41.41943, "radius": 192.29, "internal_id": 618000602958135295, "population": 315, "component": 0, "o_score_pt": 1589.4810510650136, "o_score_car": 1922.6835614249001, "CDI": 0.094870983317511801, "log_population": 2.4996870826184039 }, "geometry": { "type": "Polygon", "coordinates": [ [ [ 2.163828402302373, 41.419817505305986 ], [ 2.165146181367779, 41.420681843962782 ], [ 2.166617004958951, 41.420297053569591 ], [ 2.166847299165249, 41.41905185974116 ], [ 2.165529501757435, 41.418187548610547 ], [ 2.164058745576711, 41.418572338877574 ], [ 2.163828402302373, 41.419817505305986 ] ] ] } },
{ "type": "Feature", "properties": { "id": 722, "snapped_id": 722.0, "centroid_lon": 2.15526, "centroid_lat": 41.40684, "radius": 192.286, "internal_id": 618000602278920191, "population": 1415, "component": 0, "o_score_pt": 2353.0424200749562, "o_score_car": 2398.6825144633176, "CDI": 0.0096049529417460994, "log_population": 3.1510632533537501 }, "geometry": { "type": "Polygon", "coordinates": [ [ [ 2.153276348547122, 41.407361326512302 ], [ 2.154972639184185, 41.408474384467382 ], [ 2.156948816084577, 41.407957320264813 ], [ 2.157250213770544, 41.40632826970613 ], [ 2.15555389968825, 41.405215238480586 ], [ 2.153577810491274, 41.405732308318385 ], [ 2.153276348547122, 41.407361326512302 ] ] ] } },
{ "type": "Feature", "properties": { "id": 723, "snapped_id": 723.0, "centroid_lon": 2.15921, "centroid_lat": 41.38551, "radius": 192.316, "internal_id": 618000602302775295, "population": 2247, "component": 0, "o_score_pt": 2590.8312320337632, "o_score_car": 2414.7384291893204, "CDI": -0.035179373130812701, "log_population": 3.3517963068970236 }, "geometry": { "type": "Polygon", "coordinates": [ [ [ 2.157076230856624, 41.3860667477039 ], [ 2.158888965159819, 41.387256402341556 ], [ 2.161020493575885, 41.386698194740852 ], [ 2.161343620653534, 41.384950539537563 ], [ 2.159530861362892, 41.383760910603797 ], [ 2.157399426857468, 41.384319126125199 ], [ 2.157076230856624, 41.3860667477039 ] ] ] } },
{ "type": "Feature", "properties": { "id": 724, "snapped_id": 724.0, "centroid_lon": 2.18702, "centroid_lat": 41.4476, "radius": 192.297, "internal_id": 618000602920648703, "population": 2532, "component": 0, "o_score_pt": 1840.6847468036124, "o_score_car": 2114.248366900611, "CDI": 0.069170226709795501, "log_population": 3.4036351897905481 }, "geometry": { "type": "Polygon", "coordinates": [ [ [ 2.184841507686272, 41.448166969240226 ], [ 2.18668660625494, 41.449376090123806 ], [ 2.188860313107215, 41.448807601091424 ], [ 2.189188825747062, 41.447029982681791 ], [ 2.187343701841672, 41.445820887149289 ], [ 2.185170090630276, 41.446389384675925 ], [ 2.184841507686272, 41.448166969240226 ] ] ] } },
{ "type": "Feature", "properties": { "id": 725, "snapped_id": 475.0, "centroid_lon": 2.16006, "centroid_lat": 41.33621, "radius": 192.372, "internal_id": 618000602695729151, "population": 69, "component": 0, "o_score_pt": 0.0, "o_score_car": 1171.8705102207273, "CDI": 1.0, "log_population": 1.8450980400142569 }, "geometry": { "type": "Polygon", "coordinates": [ [ [ 2.159030378392448, 41.336456642004599 ], [ 2.15996550404947, 41.337070704259347 ], [ 2.160926848029202, 41.336818491772966 ], [ 2.161085738578244, 41.335958237917225 ], [ 2.160150599736247, 41.335344200009843 ], [ 2.159189302640809, 41.335596409210005 ], [ 2.159030378392448, 41.336456642004599 ] ] ] } },
{ "type": "Feature", "properties": { "id": 726, "snapped_id": null, "centroid_lon": 2.16157, "centroid_lat": 41.3392, "radius": 192.371, "internal_id": 618000602658242559, "population": 568, "component": 0, "o_score_pt": 0.0, "o_score_car": 1101.0321534304803, "CDI": 1.0, "log_population": 2.7551122663950713 }, "geometry": { "type": "Polygon", "coordinates": [ [ [ 2.159876353721667, 41.339631924043623 ], [ 2.161341004100145, 41.340593628288367 ], [ 2.163008449367448, 41.340156196039068 ], [ 2.163266399773879, 41.338759574417914 ], [ 2.161801729103602, 41.337797897883974 ], [ 2.160134359061335, 41.338235331967354 ], [ 2.159876353721667, 41.339631924043623 ] ] ] } },
{ "type": "Feature", "properties": { "id": 727, "snapped_id": 727.0, "centroid_lon": 2.15079, "centroid_lat": 41.41986, "radius": 192.264, "internal_id": 618000602340261887, "population": 1798, "component": 0, "o_score_pt": 2079.0814909673641, "o_score_car": 2111.6531253055441, "CDI": 0.0077722970602104998, "log_population": 3.2550311633455515 }, "geometry": { "type": "Polygon", "coordinates": [ [ [ 2.148724242269494, 41.420394708985015 ], [ 2.150481174100435, 41.421547504608327 ], [ 2.152538332136594, 41.421009579939785 ], [ 2.152851187713353, 41.419319496948866 ], [ 2.15109423160292, 41.418166727552347 ], [ 2.149037164543914, 41.41870465901782 ], [ 2.148724242269494, 41.420394708985015 ] ] ] } },
{ "type": "Feature", "properties": { "id": 728, "snapped_id": 728.0, "centroid_lon": 2.2024, "centroid_lat": 41.39788, "radius": 192.379, "internal_id": 618000602395836415, "population": 1885, "component": 0, "o_score_pt": 2008.4622813317608, "o_score_car": 2268.4146832718038, "CDI": 0.060780893182448302, "log_population": 3.2755416884013098 }, "geometry": { "type": "Polygon", "coordinates": [ [ [ 2.200320350796368, 41.398427652384228 ], [ 2.202090242895169, 41.399587744114449 ], [ 2.204163418171964, 41.399044314382358 ], [ 2.204477531804663, 41.397341334510863 ], [ 2.202707615443969, 41.396181268941611 ], [ 2.200634531690028, 41.396724705618745 ], [ 2.200320350796368, 41.398427652384228 ] ] ] } },
{ "type": "Feature", "properties": { "id": 729, "snapped_id": 729.0, "centroid_lon": 2.08255, "centroid_lat": 41.40894, "radius": 192.155, "internal_id": 618000603075051519, "population": 0, "component": 0, "o_score_pt": 0.21043204606590221, "o_score_car": 1323.2599234896218, "CDI": 0.99968199960779502, "log_population": 0.0 }, "geometry": { "type": "Polygon", "coordinates": [ [ [ 2.082504952114634, 41.408908283382303 ], [ 2.082588992331007, 41.408963529534496 ], [ 2.082588993610221, 41.408963522651156 ], [ 2.082504952745048, 41.408908279990911 ], [ 2.082504952114634, 41.408908283382303 ] ] ] } },
{ "type": "Feature", "properties": { "id": 730, "snapped_id": 730.0, "centroid_lon": 2.11314, "centroid_lat": 41.41109, "radius": 192.207, "internal_id": 618000602320863231, "population": 387, "component": 0, "o_score_pt": 872.92066536601453, "o_score_car": 2033.6293823646049, "CDI": 0.39934241555718281, "log_population": 2.5888317255942073 }, "geometry": { "type": "Polygon", "coordinates": [ [ [ 2.111566375447527, 41.411492803260764 ], [ 2.112934743397437, 41.412391604122341 ], [ 2.114474029171058, 41.411989450352436 ], [ 2.114714724361721, 41.410691940007666 ], [ 2.113346337254615, 41.409793166776055 ], [ 2.111807121693124, 41.410195321130082 ], [ 2.111566375447527, 41.411492803260764 ] ] ] } },
{ "type": "Feature", "properties": { "id": 731, "snapped_id": 731.0, "centroid_lon": 2.07452, "centroid_lat": 41.40765, "radius": 192.142, "internal_id": 618000603056963583, "population": 0, "component": 0, "o_score_pt": 0.57545983127930778, "o_score_car": 1273.9890996088941, "CDI": 0.99909700952059743, "log_population": 0.0 }, "geometry": { "type": "Polygon", "coordinates": [ [ [ 2.074480530048035, 41.407621175264374 ], [ 2.074564510313753, 41.407676394118099 ], [ 2.074564511593571, 41.407676387234702 ], [ 2.074480530679065, 41.407621171871241 ], [ 2.074480530048035, 41.407621175264374 ] ] ] } },
{ "type": "Feature", "properties": { "id": 732, "snapped_id": 732.0, "centroid_lon": 2.17291, "centroid_lat": 41.43437, "radius": 192.287, "internal_id": 618000602962591743, "population": 2855, "component": 0, "o_score_pt": 2043.9517435136679, "o_score_car": 2174.5812832113147, "CDI": 0.030965631623621401, "log_population": 3.4557582031041369 }, "geometry": { "type": "Polygon", "coordinates": [ [ [ 2.170741311704714, 41.434938114768478 ], [ 2.172585690628751, 41.436147392753767 ], [ 2.174758881811806, 41.435579023590158 ], [ 2.175087598443969, 41.433801367920651 ], [ 2.173243194144096, 41.432592115286383 ], [ 2.17107009858499, 41.43316049297119 ], [ 2.170741311704714, 41.434938114768478 ] ] ] } },
{ "type": "Feature", "properties": { "id": 733, "snapped_id": 733.0, "centroid_lon": 2.1221, "centroid_lat": 41.38507, "radius": 192.251, "internal_id": 618000602283376639, "population": 2804, "component": 0, "o_score_pt": 2081.9867216763032, "o_score_car": 2337.3129175318672, "CDI": 0.057775262304076799, "log_population": 3.4479328655921804 }, "geometry": { "type": "Polygon", "coordinates": [ [ [ 2.119926898207924, 41.385639090986423 ], [ 2.121768648907852, 41.386848932843655 ], [ 2.123939939529544, 41.386280973040506 ], [ 2.124269383889336, 41.384503162762329 ], [ 2.122427607673933, 41.383293346257112 ], [ 2.120256412611325, 41.383861314678619 ], [ 2.119926898207924, 41.385639090986423 ] ] ] } },
{ "type": "Feature", "properties": { "id": 734, "snapped_id": 734.0, "centroid_lon": 2.17496, "centroid_lat": 41.44568, "radius": 192.278, "internal_id": 618000602925105151, "population": 2347, "component": 0, "o_score_pt": 1796.7134162719242, "o_score_car": 2141.9048423054551, "CDI": 0.087642773016091496, "log_population": 3.370698092575577 }, "geometry": { "type": "Polygon", "coordinates": [ [ [ 2.172810483298654, 41.446237590903849 ], [ 2.174635999247619, 41.447434273467891 ], [ 2.176783924729847, 41.446872703432639 ], [ 2.177109059582705, 41.445114591605801 ], [ 2.175283518514412, 41.443917934599718 ], [ 2.173135687652369, 41.444479512748401 ], [ 2.172810483298654, 41.446237590903849 ] ] ] } },
{ "type": "Feature", "properties": { "id": 735, "snapped_id": 890.0, "centroid_lon": 2.16914, "centroid_lat": 41.35414, "radius": 192.368, "internal_id": 618000602662699007, "population": 675, "component": 0, "o_score_pt": 0.29832507834789979, "o_score_car": 1893.3585140328189, "CDI": 0.9996849217110656, "log_population": 2.8299466959416359 }, "geometry": { "type": "Polygon", "coordinates": [ [ [ 2.167389578966421, 41.354588188843422 ], [ 2.168898264541511, 41.355578436283899 ], [ 2.170624177371535, 41.355125799566366 ], [ 2.1708902066571, 41.353685195515361 ], [ 2.169381500216344, 41.352694975717441 ], [ 2.167655664964836, 41.353147614900386 ], [ 2.167389578966421, 41.354588188843422 ] ] ] } },
{ "type": "Feature", "properties": { "id": 736, "snapped_id": 736.0, "centroid_lon": 2.13296, "centroid_lat": 41.32639, "radius": 192.335, "internal_id": 618000605154639871, "population": 1912, "component": 0, "o_score_pt": 981.6832940923166, "o_score_car": 1549.6727849884369, "CDI": 0.22438150665171619, "log_population": 3.2817149700272958 }, "geometry": { "type": "Polygon", "coordinates": [ [ [ 2.130883459458411, 41.326932313523841 ], [ 2.132653375566654, 41.328095479017549 ], [ 2.134728722338791, 41.327551284994662 ], [ 2.135044452443827, 41.32584437719931 ], [ 2.13327451184779, 41.324681237834596 ], [ 2.13119925669605, 41.325225439004036 ], [ 2.130883459458411, 41.326932313523841 ] ] ] } },
{ "type": "Feature", "properties": { "id": 737, "snapped_id": 737.0, "centroid_lon": 2.0901, "centroid_lat": 41.42387, "radius": 192.152, "internal_id": 618000603079507967, "population": 205, "component": 0, "o_score_pt": 8.5973321175818516, "o_score_car": 1385.6268612644742, "CDI": 0.98766721713998284, "log_population": 2.3138672203691533 }, "geometry": { "type": "Polygon", "coordinates": [ [ [ 2.088729914588569, 41.424215312304831 ], [ 2.08993827689442, 41.425009356235506 ], [ 2.091264067678439, 41.424663392228787 ], [ 2.091475030822648, 41.423528037301899 ], [ 2.090266651463776, 41.422734020372474 ], [ 2.088940922351825, 41.423079983184167 ], [ 2.088729914588569, 41.424215312304831 ] ] ] } },
{ "type": "Feature", "properties": { "id": 738, "snapped_id": 738.0, "centroid_lon": 2.16086, "centroid_lat": 41.43245, "radius": 192.268, "internal_id": 618000602967048191, "population": 2372, "component": 0, "o_score_pt": 1989.327247241848, "o_score_car": 1920.4187922452704, "CDI": -0.017624790536424999, "log_population": 3.375297738217339 }, "geometry": { "type": "Polygon", "coordinates": [ [ [ 2.158710614567014, 41.433008852711396 ], [ 2.160538093260453, 41.434207444870296 ], [ 2.162689078792455, 41.433645059842078 ], [ 2.163014916988322, 41.431884199782054 ], [ 2.161187413101127, 41.430685633151832 ], [ 2.159036522315966, 41.431248026376124 ], [ 2.158710614567014, 41.433008852711396 ] ] ] } },
{ "type": "Feature", "properties": { "id": 739, "snapped_id": 739.0, "centroid_lon": 2.20043, "centroid_lat": 41.40855, "radius": 192.364, "internal_id": 618000602452721663, "population": 2283, "component": 0, "o_score_pt": 1947.3815846887881, "o_score_car": 2338.7318762851905, "CDI": 0.091306563664199397, "log_population": 3.3586960995738107 }, "geometry": { "type": "Polygon", "coordinates": [ [ [ 2.19829040278177, 41.409114878934218 ], [ 2.200108891188838, 41.410306726830576 ], [ 2.202246870056674, 41.409746559876737 ], [ 2.202570100827286, 41.407994732201274 ], [ 2.200751587500306, 41.406802909976783 ], [ 2.198613702772101, 41.407363084858254 ], [ 2.19829040278177, 41.409114878934218 ] ] ] } },
{ "type": "Feature", "properties": { "id": 740, "snapped_id": 740.0, "centroid_lon": 2.11907, "centroid_lat": 41.3791, "radius": 192.252, "internal_id": 618000602287833087, "population": 2836, "component": 0, "o_score_pt": 1992.5344858952144, "o_score_car": 2225.9827022486252, "CDI": 0.055338927386503901, "log_population": 3.4528593357958521 }, "geometry": { "type": "Polygon", "coordinates": [ [ [ 2.116902775112515, 41.379663776349261 ], [ 2.118744303287291, 41.380873653045192 ], [ 2.120915402796173, 41.380305676002251 ], [ 2.121244878579078, 41.378527813639472 ], [ 2.119403324882409, 41.377317962297653 ], [ 2.117232320921855, 41.377885947965083 ], [ 2.116902775112515, 41.379663776349261 ] ] ] } },
{ "type": "Feature", "properties": { "id": 741, "snapped_id": 741.0, "centroid_lon": 2.13117, "centroid_lat": 41.403, "radius": 192.247, "internal_id": 618000602250346495, "population": 2009, "component": 0, "o_score_pt": 1694.9418388994286, "o_score_car": 2353.445667897176, "CDI": 0.1626582998520332, "log_population": 3.3031960574204886 }, "geometry": { "type": "Polygon", "coordinates": [ [ [ 2.129075986033104, 41.40354339225145 ], [ 2.130859996042821, 41.404714778832741 ], [ 2.132953889330967, 41.404167258397294 ], [ 2.133272278203996, 41.402448766553768 ], [ 2.131488243485581, 41.40127740593509 ], [ 2.1293944426569, 41.401824933761645 ], [ 2.129075986033104, 41.40354339225145 ] ] ] } },
{ "type": "Feature", "properties": { "id": 742, "snapped_id": 742.0, "centroid_lon": 2.18254, "centroid_lat": 41.46061, "radius": 192.275, "internal_id": 618000602929561599, "population": 2055, "component": 0, "o_score_pt": 1188.7180482238889, "o_score_car": 1964.0395474956088, "CDI": 0.2459185255232991, "log_population": 3.3130231103232379 }, "geometry": { "type": "Polygon", "coordinates": [ [ [ 2.180433642009152, 41.461158841915598 ], [ 2.182226134646172, 41.462333435722336 ], [ 2.184329732137649, 41.461783617061386 ], [ 2.184648505434193, 41.460059615672201 ], [ 2.182855988142305, 41.458885047767581 ], [ 2.180752483498167, 41.459434873837566 ], [ 2.180433642009152, 41.461158841915598 ] ] ] } },
{ "type": "Feature", "properties": { "id": 743, "snapped_id": 743.0, "centroid_lon": 2.1883, "centroid_lat": 41.38466, "radius": 192.368, "internal_id": 618000602490208255, "population": 2262, "component": 0, "o_score_pt": 2178.6695351626854, "o_score_car": 2177.8153485805883, "CDI": -0.00019607243107500001, "log_population": 3.3546845539547285 }, "geometry": { "type": "Polygon", "coordinates": [ [ [ 2.186166040552507, 41.385214437672474 ], [ 2.187981309997324, 41.386404889786256 ], [ 2.190115419624467, 41.3858454731714 ], [ 2.190438339578435, 41.384095801377242 ], [ 2.188623045219432, 41.382905374967784 ], [ 2.186489029564679, 41.383464799486447 ], [ 2.186166040552507, 41.385214437672474 ] ] ] } },
{ "type": "Feature", "properties": { "id": 744, "snapped_id": 744.0, "centroid_lon": 2.17217, "centroid_lat": 41.36011, "radius": 192.367, "internal_id": 618000602742128639, "population": 532, "component": 0, "o_score_pt": 1099.996978023207, "o_score_car": 1967.9669800069385, "CDI": 0.28291401524189702, "log_population": 2.7267272090265724 }, "geometry": { "type": "Polygon", "coordinates": [ [ [ 2.170493410237949, 41.360543029134526 ], [ 2.171942226436551, 41.361493838759714 ], [ 2.173588200138316, 41.361062217382326 ], [ 2.17384296781952, 41.359682504616636 ], [ 2.172394131564187, 41.358731722711582 ], [ 2.17074823223509, 41.359163345668733 ], [ 2.170493410237949, 41.360543029134526 ] ] ] } },
{ "type": "Feature", "properties": { "id": 745, "snapped_id": 745.0, "centroid_lon": 2.21302, "centroid_lat": 41.4188, "radius": 192.374, "internal_id": 618000602479722495, "population": 2115, "component": 0, "o_score_pt": 1842.2966460350729, "o_score_car": 2023.6655781762977, "CDI": 0.046914305319737802, "log_population": 3.3255156633631482 }, "geometry": { "type": "Polygon", "coordinates": [ [ [ 2.21090109641974, 41.419348890459503 ], [ 2.212700858674089, 41.420527940956731 ], [ 2.214813487038065, 41.419974397788749 ], [ 2.215132925114291, 41.418242141869435 ], [ 2.213333138232206, 41.417063117245206 ], [ 2.211220602985013, 41.417616667921102 ], [ 2.21090109641974, 41.419348890459503 ] ] ] } },
{ "type": "Feature", "properties": { "id": 746, "snapped_id": 746.0, "centroid_lon": 2.07754, "centroid_lat": 41.41362, "radius": 192.141, "internal_id": 618000603083964415, "population": 0, "component": 0, "o_score_pt": 0.35062708122204889, "o_score_car": 1199.7485782038459, "CDI": 0.99941566983849683, "log_population": 0.0 }, "geometry": { "type": "Polygon", "coordinates": [ [ [ 2.077501454272571, 41.413595614650319 ], [ 2.077585575080676, 41.413650917636986 ], [ 2.077585576360661, 41.413650910752246 ], [ 2.077501454902804, 41.41359561126125 ], [ 2.077501454272571, 41.413595614650319 ] ] ] } },
{ "type": "Feature", "properties": { "id": 747, "snapped_id": 747.0, "centroid_lon": 2.18557, "centroid_lat": 41.46658, "radius": 192.273, "internal_id": 618000603008991231, "population": 816, "component": 0, "o_score_pt": 908.00739657206543, "o_score_car": 1594.0306256681504, "CDI": 0.27418577295713897, "log_population": 2.9122220565324155 }, "geometry": { "type": "Polygon", "coordinates": [ [ [ 2.183761058616963, 41.467049468807296 ], [ 2.18532041378889, 41.468071139968394 ], [ 2.187112833912965, 41.467602707778632 ], [ 2.187387917509573, 41.466114890112976 ], [ 2.185828540803852, 41.46509324642242 ], [ 2.184036201031705, 41.465561681785488 ], [ 2.183761058616963, 41.467049468807296 ] ] ] } },
{ "type": "Feature", "properties": { "id": 748, "snapped_id": 748.0, "centroid_lon": 2.10866, "centroid_lat": 41.4241, "radius": 192.185, "internal_id": 618000602329776127, "population": 0, "component": 0, "o_score_pt": 3.8718630776159766, "o_score_car": 1565.3113144307804, "CDI": 0.99506512288289517, "log_population": 0.0 }, "geometry": { "type": "Polygon", "coordinates": [ [ [ 2.108617726668768, 41.424072422128404 ], [ 2.108702197762108, 41.424127904456697 ], [ 2.108702199040128, 41.424127897570933 ], [ 2.108617727296039, 41.424072418749589 ], [ 2.108617726668768, 41.424072422128404 ] ] ] } },
{ "type": "Feature", "properties": { "id": 749, "snapped_id": 749.0, "centroid_lon": 2.1171, "centroid_lat": 41.38976, "radius": 192.237, "internal_id": 618000602292289535, "population": 1911, "component": 0, "o_score_pt": 1869.5862498915899, "o_score_car": 2236.4828910158003, "CDI": 0.089354715795928005, "log_population": 3.2814878879400813 }, "geometry": { "type": "Polygon", "coordinates": [ [ [ 2.115014808603402, 41.390305102873889 ], [ 2.116785497233804, 41.391468346072443 ], [ 2.118862037271128, 41.390925348067178 ], [ 2.119178253113359, 41.389219601632746 ], [ 2.117407539907679, 41.388056384517263 ], [ 2.115331091636317, 41.388599389686696 ], [ 2.115014808603402, 41.390305102873889 ] ] ] } },
{ "type": "Feature", "properties": { "id": 750, "snapped_id": 750.0, "centroid_lon": 2.20354, "centroid_lat": 41.43651, "radius": 192.338, "internal_id": 618000602971504639, "population": 2633, "component": 0, "o_score_pt": 2041.0267810868163, "o_score_car": 2020.8122585632264, "CDI": -0.00497669216487, "log_population": 3.4206157706257652 }, "geometry": { "type": "Polygon", "coordinates": [ [ [ 2.201370429527107, 41.437075181048399 ], [ 2.203215791467553, 41.438284132009521 ], [ 2.205389419178035, 41.437715138728869 ], [ 2.205717589344678, 41.435937186021668 ], [ 2.203872202129331, 41.434728260428976 ], [ 2.201698670019363, 41.435297262175617 ], [ 2.201370429527107, 41.437075181048399 ] ] ] } },
{ "type": "Feature", "properties": { "id": 751, "snapped_id": 751.0, "centroid_lon": 2.16996, "centroid_lat": 41.45037, "radius": 192.264, "internal_id": 618000602934018047, "population": 7, "component": 0, "o_score_pt": 1217.2895677964721, "o_score_car": 1883.4831032380828, "CDI": 0.2148475899780615, "log_population": 0.90308998699194354 }, "geometry": { "type": "Polygon", "coordinates": [ [ [ 2.169616724460597, 41.450422143248687 ], [ 2.170005972115025, 41.450677328773168 ], [ 2.170237336899154, 41.450616857692381 ], [ 2.170293634605975, 41.450312557678636 ], [ 2.169904381037852, 41.450057384928272 ], [ 2.169673033906127, 41.450117852701688 ], [ 2.169616724460597, 41.450422143248687 ] ] ] } },
{ "type": "Feature", "properties": { "id": 752, "snapped_id": 752.0, "centroid_lon": 2.17929, "centroid_lat": 41.38871, "radius": 192.348, "internal_id": 618000602484178943, "population": 2399, "component": 0, "o_score_pt": 2566.7421329360955, "o_score_car": 2396.320401351094, "CDI": -0.034338018190914803, "log_population": 3.3802112417116059 }, "geometry": { "type": "Polygon", "coordinates": [ [ [ 2.17713073188396, 41.389274899232575 ], [ 2.178960676867028, 41.390475190336126 ], [ 2.181114592563647, 41.389910825417424 ], [ 2.181440467106053, 41.3881462594277 ], [ 2.179610496978094, 41.386945993860813 ], [ 2.177456676066533, 41.387510367007849 ], [ 2.17713073188396, 41.389274899232575 ] ] ] } },
{ "type": "Feature", "properties": { "id": 753, "snapped_id": 753.0, "centroid_lon": 2.14177, "centroid_lat": 41.42391, "radius": 192.243, "internal_id": 618000602334232575, "population": 2436, "component": 0, "o_score_pt": 2412.8853135062222, "o_score_car": 2277.5650539632143, "CDI": -0.028850163404674299, "log_population": 3.3868555291847242 }, "geometry": { "type": "Polygon", "coordinates": [ [ [ 2.139608393613571, 41.424470947532129 ], [ 2.141441831327679, 41.425674156547402 ], [ 2.143601335774944, 41.42510971388181 ], [ 2.143928744716209, 41.423342126731683 ], [ 2.142095281660043, 41.422138943164796 ], [ 2.13993587231828, 41.422703394202607 ], [ 2.139608393613571, 41.424470947532129 ] ] ] } },
{ "type": "Feature", "properties": { "id": 754, "snapped_id": 754.0, "centroid_lon": 2.19096, "centroid_lat": 41.42627, "radius": 192.327, "internal_id": 618000602975961087, "population": 2943, "component": 0, "o_score_pt": 2121.939752944063, "o_score_car": 2197.2006082610937, "CDI": 0.017424961687522202, "log_population": 3.4689378056654614 }, "geometry": { "type": "Polygon", "coordinates": [ [ [ 2.188783654725954, 41.426834055032998 ], [ 2.190628408661615, 41.428043145458354 ], [ 2.192801616639728, 41.427474280674907 ], [ 2.193129975090316, 41.425696316976889 ], [ 2.191285195843856, 41.42448725191894 ], [ 2.189112083454753, 41.425056125192206 ], [ 2.188783654725954, 41.426834055032998 ] ] ] } },
{ "type": "Feature", "properties": { "id": 755, "snapped_id": 755.0, "centroid_lon": 2.14223, "centroid_lat": 41.41025, "radius": 192.259, "internal_id": 618000602259259391, "population": 1675, "component": 0, "o_score_pt": 2310.8524051214818, "o_score_car": 2361.2308819939453, "CDI": 0.0107828721742603, "log_population": 3.2242740142942576 }, "geometry": { "type": "Polygon", "coordinates": [ [ [ 2.14018963997144, 41.410785315049225 ], [ 2.141928226612825, 41.411926455624268 ], [ 2.143961164793723, 41.411394825415201 ], [ 2.144270777969403, 41.409722813277781 ], [ 2.142532167268099, 41.40858169908639 ], [ 2.140499319091843, 41.409113335759656 ], [ 2.14018963997144, 41.410785315049225 ] ] ] } },
{ "type": "Feature", "properties": { "id": 756, "snapped_id": 756.0, "centroid_lon": 2.10214, "centroid_lat": 41.4258, "radius": 192.171, "internal_id": 618000602826014719, "population": 209, "component": 0, "o_score_pt": 4.3016636104520947, "o_score_car": 1180.2676755293523, "CDI": 0.99273716874425277, "log_population": 2.3222192947339191 }, "geometry": { "type": "Polygon", "coordinates": [ [ [ 2.100764958084921, 41.426146814087701 ], [ 2.101978434098783, 41.426943955849865 ], [ 2.103310875926692, 41.426596147134362 ], [ 2.103522611266579, 41.425455845291069 ], [ 2.10230911815769, 41.424658730563259 ], [ 2.10097673825796, 41.425006538116122 ], [ 2.100764958084921, 41.426146814087701 ] ] ] } },
{ "type": "Feature", "properties": { "id": 757, "snapped_id": 757.0, "centroid_lon": 2.17626, "centroid_lat": 41.38274, "radius": 192.349, "internal_id": 618000602488635391, "population": 2175, "component": 0, "o_score_pt": 2746.0483463585638, "o_score_car": 2205.2912042098542, "CDI": -0.10921431193032, "log_population": 3.3376588910261424 }, "geometry": { "type": "Polygon", "coordinates": [ [ [ 2.174132125095722, 41.383290934653878 ], [ 2.175937082116898, 41.384475013462371 ], [ 2.178057778401894, 41.3839192869507 ], [ 2.178379052542646, 41.382179748082301 ], [ 2.176574070701601, 41.380995695075129 ], [ 2.17445346786514, 41.381551429308367 ], [ 2.174132125095722, 41.383290934653878 ] ] ] } },
{ "type": "Feature", "properties": { "id": 758, "snapped_id": 758.0, "centroid_lon": 2.18891, "centroid_lat": 41.41496, "radius": 192.336, "internal_id": 618000602451148799, "population": 2556, "component": 0, "o_score_pt": 2477.6806767672592, "o_score_car": 2326.9175818626131, "CDI": -0.031378918025841099, "log_population": 3.4077307280263356 }, "geometry": { "type": "Polygon", "coordinates": [ [ [ 2.186736697354051, 41.415525902265912 ], [ 2.188581142270444, 41.416735020413739 ], [ 2.190754034415814, 41.416166044733515 ], [ 2.191082386076564, 41.41438794241116 ], [ 2.189237915849322, 41.413178849636864 ], [ 2.18706511926931, 41.413747833811968 ], [ 2.186736697354051, 41.415525902265912 ] ] ] } },
{ "type": "Feature", "properties": { "id": 759, "snapped_id": 759.0, "centroid_lon": 2.06301, "centroid_lat": 41.41403, "radius": 192.115, "internal_id": 618000603055390719, "population": 0, "component": 1, "o_score_pt": 1.1581612989027239, "o_score_car": 1014.5377105084405, "CDI": 0.9977194722730498, "log_population": 0.0 }, "geometry": { "type": "Polygon", "coordinates": [ [ [ 2.062963227021862, 41.414007224318773 ], [ 2.0630472981648, 41.414062514773931 ], [ 2.063047299446082, 41.414062507888339 ], [ 2.062963227652935, 41.414007220928212 ], [ 2.062963227021862, 41.414007224318773 ] ] ] } },
{ "type": "Feature", "properties": { "id": 760, "snapped_id": 760.0, "centroid_lon": 2.16322, "centroid_lat": 41.38615, "radius": 192.323, "internal_id": 618000602301202431, "population": 2706, "component": 0, "o_score_pt": 2840.7576657666345, "o_score_car": 2511.209307506022, "CDI": -0.0615751853302446, "log_population": 3.4324882557705063 }, "geometry": { "type": "Polygon", "coordinates": [ [ [ 2.161052868932515, 41.386718095745003 ], [ 2.162895901286533, 41.387927501274113 ], [ 2.165067733949579, 41.387358679564699 ], [ 2.165396438731759, 41.385580443782366 ], [ 2.163553380998524, 41.384371063629892 ], [ 2.161381643859466, 41.38493989388374 ], [ 2.161052868932515, 41.386718095745003 ] ] ] } },
{ "type": "Feature", "properties": { "id": 761, "snapped_id": 761.0, "centroid_lon": 2.14355, "centroid_lat": 41.34731, "radius": 192.33, "internal_id": 618000602755497983, "population": 2369, "component": 0, "o_score_pt": 1230.7161744237801, "o_score_car": 2020.596901311776, "CDI": 0.24294206940046781, "log_population": 3.374748346010104 }, "geometry": { "type": "Polygon", "coordinates": [ [ [ 2.141400060454302, 41.347869647800366 ], [ 2.143224845689481, 41.349068244971065 ], [ 2.145373023756238, 41.34850518654067 ], [ 2.145698785568558, 41.34674363539964 ], [ 2.143873975138142, 41.345545063805091 ], [ 2.141725891625996, 41.346108130466035 ], [ 2.141400060454302, 41.347869647800366 ] ] ] } },
{ "type": "Feature", "properties": { "id": 762, "snapped_id": 762.0, "centroid_lon": 2.17481, "centroid_lat": 41.40173, "radius": 192.326, "internal_id": 618000602493091839, "population": 2673, "component": 0, "o_score_pt": 2760.955158960779, "o_score_car": 2530.3525957196957, "CDI": -0.043581393094571402, "log_population": 3.4271614029259654 }, "geometry": { "type": "Polygon", "coordinates": [ [ [ 2.172641405914573, 41.402296104502916 ], [ 2.174485131740646, 41.403505379245431 ], [ 2.176657508638803, 41.402936523338667 ], [ 2.17698606415953, 41.401158384168184 ], [ 2.175142312983498, 41.399949134799208 ], [ 2.172970031633821, 41.400517999227752 ], [ 2.172641405914573, 41.402296104502916 ] ] ] } },
{ "type": "Feature", "properties": { "id": 763, "snapped_id": 763.0, "centroid_lon": 2.18588, "centroid_lat": 41.40898, "radius": 192.337, "internal_id": 618000602455605247, "population": 2774, "component": 0, "o_score_pt": 2620.9241061867187, "o_score_car": 2437.0157379175143, "CDI": -0.036360331268782499, "log_population": 3.4432629874586951 }, "geometry": { "type": "Polygon", "coordinates": [ [ [ 2.183705001469897, 41.409551449893748 ], [ 2.185549223547737, 41.410760603372772 ], [ 2.187721924567727, 41.410191610699677 ], [ 2.188050307952344, 41.408413456047128 ], [ 2.186206060557121, 41.407204327943717 ], [ 2.184033455091785, 41.407773329117852 ], [ 2.183705001469897, 41.409551449893748 ] ] ] } },
{ "type": "Feature", "properties": { "id": 764, "snapped_id": 764.0, "centroid_lon": 2.15283, "centroid_lat": 41.43116, "radius": 192.255, "internal_id": 618000602343145471, "population": 2572, "component": 0, "o_score_pt": 1881.4435137915127, "o_score_car": 2272.9392250262681, "CDI": 0.094236794211735003, "log_population": 3.4104397862103464 }, "geometry": { "type": "Polygon", "coordinates": [ [ [ 2.150656513257729, 41.431731771690089 ], [ 2.152500207888267, 41.432941264742674 ], [ 2.154673065921901, 41.432373280096265 ], [ 2.155002133686954, 41.430595793840233 ], [ 2.153158413615529, 41.429386326128395 ], [ 2.150985651217042, 41.42995431933241 ], [ 2.150656513257729, 41.431731771690089 ] ] ] } },
{ "type": "Feature", "properties": { "id": 765, "snapped_id": 765.0, "centroid_lon": 2.1602, "centroid_lat": 41.38017, "radius": 192.324, "internal_id": 618000602305658879, "population": 2080, "component": 0, "o_score_pt": 2583.2753852499054, "o_score_car": 2475.592958045233, "CDI": -0.021285872629476701, "log_population": 3.318272080211627 }, "geometry": { "type": "Polygon", "coordinates": [ [ [ 2.158087315366633, 41.380725272310954 ], [ 2.15988045799561, 41.381902116852778 ], [ 2.161985843522219, 41.381350632790486 ], [ 2.162305280747392, 41.379622648106874 ], [ 2.16051211339919, 41.378445829472433 ], [ 2.158406820725746, 41.378997321054911 ], [ 2.158087315366633, 41.380725272310954 ] ] ] } },
{ "type": "Feature", "properties": { "id": 766, "snapped_id": 766.0, "centroid_lon": 2.17231, "centroid_lat": 41.40407, "radius": 192.319, "internal_id": 618000602268172287, "population": 1413, "component": 0, "o_score_pt": 2884.6409418283874, "o_score_car": 2540.0845368471169, "CDI": -0.063515915475486295, "log_population": 3.1504494094608804 }, "geometry": { "type": "Polygon", "coordinates": [ [ [ 2.170326162612954, 41.404590926324353 ], [ 2.172022509051095, 41.405703577291298 ], [ 2.173998350401546, 41.405186269543549 ], [ 2.174299386843211, 41.403557387348805 ], [ 2.172603017018252, 41.402444763125089 ], [ 2.17062726333161, 41.402962076472775 ], [ 2.170326162612954, 41.404590926324353 ] ] ] } },
{ "type": "Feature", "properties": { "id": 767, "snapped_id": 767.0, "centroid_lon": 2.13099, "centroid_lat": 41.33706, "radius": 192.319, "internal_id": 618000602759954431, "population": 2354, "component": 0, "o_score_pt": 857.65280642192863, "o_score_car": 1776.2385810998869, "CDI": 0.34875613285718671, "log_population": 3.3719909114649149 }, "geometry": { "type": "Polygon", "coordinates": [ [ [ 2.128842470268387, 41.337622575025684 ], [ 2.13066504988804, 41.33882025415199 ], [ 2.132810671913278, 41.338257883156409 ], [ 2.133136318750473, 41.336497945784721 ], [ 2.131313713922063, 41.335300292250913 ], [ 2.12916818635396, 41.33586267146714 ], [ 2.128842470268387, 41.337622575025684 ] ] ] } },
{ "type": "Feature", "properties": { "id": 768, "snapped_id": 768.0, "centroid_lon": 2.14901, "centroid_lat": 41.32895, "radius": 192.36, "internal_id": 618000602684981247, "population": 759, "component": 0, "o_score_pt": 0.92150586724116201, "o_score_car": 1377.7928891266124, "CDI": 0.9986632389266592, "log_population": 2.8808135922807914 }, "geometry": { "type": "Polygon", "coordinates": [ [ [ 2.147221539835151, 41.329412281345753 ], [ 2.148758797450386, 41.330422106888292 ], [ 2.15052339978088, 41.329959201673972 ], [ 2.15079519408173, 41.328488455957306 ], [ 2.149257915165296, 41.327478657982404 ], [ 2.147493391963781, 41.327941566154763 ], [ 2.147221539835151, 41.329412281345753 ] ] ] } },
{ "type": "Feature", "properties": { "id": 769, "snapped_id": 769.0, "centroid_lon": 2.17178, "centroid_lat": 41.39575, "radius": 192.327, "internal_id": 618000602497548287, "population": 2315, "component": 0, "o_score_pt": 2765.4616099321493, "o_score_car": 2458.8802150051515, "CDI": -0.058683257183439898, "log_population": 3.3647385550553985 }, "geometry": { "type": "Polygon", "coordinates": [ [ [ 2.169640090009959, 41.396313275866156 ], [ 2.171460955898007, 41.397507736418831 ], [ 2.17360294618994, 41.396946771194813 ], [ 2.173927297670827, 41.395191501695486 ], [ 2.172106406729446, 41.393997066767938 ], [ 2.16996451076299, 41.394558040045048 ], [ 2.169640090009959, 41.396313275866156 ] ] ] } },
{ "type": "Feature", "properties": { "id": 770, "snapped_id": 770.0, "centroid_lon": 2.18391, "centroid_lat": 41.41965, "radius": 192.322, "internal_id": 618000602460061695, "population": 2734, "component": 0, "o_score_pt": 2501.1856645965649, "o_score_car": 2372.4855896094564, "CDI": -0.026407213017504799, "log_population": 3.4369573306694496 }, "geometry": { "type": "Polygon", "coordinates": [ [ [ 2.181734009968558, 41.420219571139221 ], [ 2.183578404234011, 41.421428740024929 ], [ 2.185751354535345, 41.42085993518409 ], [ 2.186079814987811, 41.41908195295489 ], [ 2.184235395392024, 41.417872809436609 ], [ 2.182062540671252, 41.418441622780698 ], [ 2.181734009968558, 41.420219571139221 ] ] ] } },
{ "type": "Feature", "properties": { "id": 771, "snapped_id": 771.0, "centroid_lon": 2.13, "centroid_lat": 41.3424, "radius": 192.312, "internal_id": 618000602752614399, "population": 1324, "component": 0, "o_score_pt": 1225.1105074327679, "o_score_car": 1780.3113942415066, "CDI": 0.18473309404561289, "log_population": 3.1222158782728267 }, "geometry": { "type": "Polygon", "coordinates": [ [ [ 2.128038020287464, 41.342906794537889 ], [ 2.129715455229455, 41.344009051870771 ], [ 2.13166741473451, 41.343497552945905 ], [ 2.131965862873461, 41.341884875451314 ], [ 2.130288404675863, 41.340782644986014 ], [ 2.128336531860561, 41.341294149287656 ], [ 2.128038020287464, 41.342906794537889 ] ] ] } },
{ "type": "Feature", "properties": { "id": 772, "snapped_id": 772.0, "centroid_lon": 2.07358, "centroid_lat": 41.43494, "radius": 192.111, "internal_id": 618000603139276799, "population": 24, "component": 0, "o_score_pt": 0.0, "o_score_car": 1758.6391240277314, "CDI": 1.0, "log_population": 1.3979400086720377 }, "geometry": { "type": "Polygon", "coordinates": [ [ [ 2.072876967185147, 41.435100025192952 ], [ 2.073553178712928, 41.4355445087376 ], [ 2.074167801525537, 41.435384270580784 ], [ 2.074278695156273, 41.434788195569439 ], [ 2.073602473771542, 41.434343731902047 ], [ 2.072987884071507, 41.434503966144504 ], [ 2.072876967185147, 41.435100025192952 ] ] ] } },
{ "type": "Feature", "properties": { "id": 773, "snapped_id": 773.0, "centroid_lon": 2.15988, "centroid_lat": 41.43778, "radius": 192.26, "internal_id": 618000603026817023, "population": 1976, "component": 0, "o_score_pt": 2080.7709499939274, "o_score_car": 2073.1263031010485, "CDI": -0.0018403553162473999, "log_population": 3.2960066693136723 }, "geometry": { "type": "Polygon", "coordinates": [ [ [ 2.157781726623954, 41.438324969191491 ], [ 2.159563152071255, 41.439493309784758 ], [ 2.161652683555718, 41.43894711357968 ], [ 2.161969915126856, 41.437233048708471 ], [ 2.160188465098067, 41.436064734114574 ], [ 2.158099025899974, 41.436610937571899 ], [ 2.157781726623954, 41.438324969191491 ] ] ] } },
{ "type": "Feature", "properties": { "id": 774, "snapped_id": 774.0, "centroid_lon": 2.15822, "centroid_lat": 41.39084, "radius": 192.309, "internal_id": 618000602310115327, "population": 2361, "component": 0, "o_score_pt": 2650.366859038309, "o_score_car": 2512.9318967599074, "CDI": -0.026617666104264501, "log_population": 3.3732798932774961 }, "geometry": { "type": "Polygon", "coordinates": [ [ [ 2.156073861127424, 41.391405491362327 ], [ 2.157899181261398, 41.392603357545717 ], [ 2.160047508692037, 41.392040875844977 ], [ 2.160373014549906, 41.390280646550046 ], [ 2.158547669254274, 41.389082805933086 ], [ 2.156399436416673, 41.389645295815185 ], [ 2.156073861127424, 41.391405491362327 ] ] ] } },
{ "type": "Feature", "properties": { "id": 775, "snapped_id": 775.0, "centroid_lon": 2.18155, "centroid_lat": 41.46594, "radius": 192.267, "internal_id": 618000602989330431, "population": 1527, "component": 0, "o_score_pt": 906.28953637840846, "o_score_car": 1599.1569516536083, "CDI": 0.27654448761323769, "log_population": 3.184123354239671 }, "geometry": { "type": "Polygon", "coordinates": [ [ [ 2.179542034686386, 41.466464260861194 ], [ 2.181259571130289, 41.467589692322029 ], [ 2.18326315481665, 41.467066130497244 ], [ 2.183567921861791, 41.465418151582526 ], [ 2.181850361758949, 41.464292746688415 ], [ 2.179846866910569, 41.464816314456279 ], [ 2.179542034686386, 41.466464260861194 ] ] ] } },
{ "type": "Feature", "properties": { "id": 776, "snapped_id": 776.0, "centroid_lon": 2.16928, "centroid_lat": 41.3981, "radius": 192.32, "internal_id": 618000602272628735, "population": 2494, "component": 0, "o_score_pt": 2831.0942866101518, "o_score_car": 2567.2173532060028, "CDI": -0.048881381996896997, "log_population": 3.3970705499594089 }, "geometry": { "type": "Polygon", "coordinates": [ [ [ 2.167115540451746, 41.398666810875788 ], [ 2.168955197830737, 41.39987364005043 ], [ 2.171122316410418, 41.399306186892616 ], [ 2.171450242972111, 41.397531923909085 ], [ 2.169610560278095, 41.396325120150074 ], [ 2.167443537039176, 41.396892581759232 ], [ 2.167115540451746, 41.398666810875788 ] ] ] } },
{ "type": "Feature", "properties": { "id": 777, "snapped_id": 777.0, "centroid_lon": 2.14032, "centroid_lat": 41.44289, "radius": 192.22, "internal_id": 618000602839384063, "population": 17, "component": 0, "o_score_pt": 11.832498933274231, "o_score_car": 1858.9353009393888, "CDI": 0.98735011482015056, "log_population": 1.255272505103306 }, "geometry": { "type": "Polygon", "coordinates": [ [ [ 2.13972206600273, 41.443016276715234 ], [ 2.140315966897127, 41.44340595798797 ], [ 2.140820523707752, 41.443274172808849 ], [ 2.140915385465446, 41.442762277631417 ], [ 2.140321475893464, 41.442372614426205 ], [ 2.139816947725611, 41.442504395683471 ], [ 2.13972206600273, 41.443016276715234 ] ] ] } },
{ "type": "Feature", "properties": { "id": 778, "snapped_id": 778.0, "centroid_lon": 2.13861, "centroid_lat": 41.37398, "radius": 192.292, "internal_id": 618000602726924287, "population": 2806, "component": 0, "o_score_pt": 2476.6145788147828, "o_score_car": 2247.4406410706424, "CDI": -0.048512120853172101, "log_population": 3.4482424126344391 }, "geometry": { "type": "Polygon", "coordinates": [ [ [ 2.136442638623469, 41.37455024201337 ], [ 2.138284653527831, 41.375759914280408 ], [ 2.140455866609966, 41.375191450881587 ], [ 2.140784969265864, 41.373413306626247 ], [ 2.138942928907644, 41.37220365972869 ], [ 2.136771811344528, 41.372772131717561 ], [ 2.136442638623469, 41.37455024201337 ] ] ] } },
{ "type": "Feature", "properties": { "id": 779, "snapped_id": 779.0, "centroid_lon": 2.14598, "centroid_lat": 41.32297, "radius": 192.361, "internal_id": 618000602689437695, "population": 682, "component": 0, "o_score_pt": 0.0, "o_score_car": 1540.5619712607879, "CDI": 1.0, "log_population": 2.8344207036815323 }, "geometry": { "type": "Polygon", "coordinates": [ [ [ 2.144230791006486, 41.323425798760702 ], [ 2.145740865746739, 41.324417916308413 ], [ 2.147469315321449, 41.323964441294819 ], [ 2.147736083697292, 41.322520988252478 ], [ 2.14622598801465, 41.321528898342315 ], [ 2.144497616115081, 41.321982375900959 ], [ 2.144230791006486, 41.323425798760702 ] ] ] } },
{ "type": "Feature", "properties": { "id": 780, "snapped_id": 780.0, "centroid_lon": 2.15809, "centroid_lat": 41.34688, "radius": 192.357, "internal_id": 618000602651951103, "population": 571, "component": 0, "o_score_pt": 4.7360610161399652, "o_score_car": 1931.8519060370809, "CDI": 0.99510886043214797, "log_population": 2.7573960287930244 }, "geometry": { "type": "Polygon", "coordinates": [ [ [ 2.156389369494125, 41.347316752430118 ], [ 2.157855428600205, 41.348279376635006 ], [ 2.159524764760159, 41.347841617062308 ], [ 2.159783036552666, 41.346443764799623 ], [ 2.158316957122923, 41.345481168299898 ], [ 2.156647696276381, 41.345918929730296 ], [ 2.156389369494125, 41.347316752430118 ] ] ] } },
{ "type": "Feature", "properties": { "id": 781, "snapped_id": 781.0, "centroid_lon": 2.06102, "centroid_lat": 41.42469, "radius": 192.1, "internal_id": 618000603143733247, "population": 0, "component": 1, "o_score_pt": 0.56270731602587787, "o_score_car": 877.48371951673471, "CDI": 0.99871827434443161, "log_population": 0.0 }, "geometry": { "type": "Polygon", "coordinates": [ [ [ 2.060978923107096, 41.424667126694345 ], [ 2.061063215465412, 41.424722558205417 ], [ 2.061063216747633, 41.42472255131706 ], [ 2.060978923737188, 41.424667123310172 ], [ 2.060978923107096, 41.424667126694345 ] ] ] } },
{ "type": "Feature", "properties": { "id": 782, "snapped_id": 782.0, "centroid_lon": 2.11611, "centroid_lat": 41.3951, "radius": 192.23, "internal_id": 618000602352058367, "population": 1693, "component": 0, "o_score_pt": 1457.4554938380363, "o_score_car": 2237.4534629194318, "CDI": 0.21110072757134879, "log_population": 3.228913405994688 }, "geometry": { "type": "Polygon", "coordinates": [ [ [ 2.114064422642669, 41.395627124693682 ], [ 2.115804633396012, 41.396770300245969 ], [ 2.117840483814068, 41.396238060663613 ], [ 2.11815099532861, 41.394563362119804 ], [ 2.11641076040664, 41.393420212921519 ], [ 2.114375000127786, 41.3939524590674 ], [ 2.114064422642669, 41.395627124693682 ] ] ] } },
{ "type": "Feature", "properties": { "id": 783, "snapped_id": 783.0, "centroid_lon": 2.16745, "centroid_lat": 41.45271, "radius": 192.257, "internal_id": 618000603031273471, "population": 0, "component": 0, "o_score_pt": 816.01933056591997, "o_score_car": 1681.47704581068, "CDI": 0.34653011849425669, "log_population": 0.0 }, "geometry": { "type": "Polygon", "coordinates": [ [ [ 2.167410092968522, 41.452684787046344 ], [ 2.167495415099435, 41.452740725186842 ], [ 2.167495416374357, 41.452740718297008 ], [ 2.167410093589316, 41.452684783692305 ], [ 2.167410092968522, 41.452684787046344 ] ] ] } },
{ "type": "Feature", "properties": { "id": 784, "snapped_id": 784.0, "centroid_lon": 2.16897, "centroid_lat": 41.4557, "radius": 192.256, "internal_id": 618000602993786879, "population": 59, "component": 0, "o_score_pt": 1028.3870385000448, "o_score_car": 1479.0317425187129, "CDI": 0.17972454678495001, "log_population": 1.7781512503836436 }, "geometry": { "type": "Polygon", "coordinates": [ [ [ 2.167987797478794, 41.455933710962398 ], [ 2.168886449883653, 41.456522828439418 ], [ 2.169797545783672, 41.456284752808159 ], [ 2.169949232899608, 41.45546499161685 ], [ 2.169050567758118, 41.454875897937463 ], [ 2.168139516817994, 41.455113970081811 ], [ 2.167987797478794, 41.455933710962398 ] ] ] } },
{ "type": "Feature", "properties": { "id": 785, "snapped_id": 785.0, "centroid_lon": 2.16784, "centroid_lat": 41.41709, "radius": 192.297, "internal_id": 618000602277085183, "population": 1413, "component": 0, "o_score_pt": 1506.679205741867, "o_score_car": 2313.6118422293571, "CDI": 0.211222816888785, "log_population": 3.1504494094608804 }, "geometry": { "type": "Polygon", "coordinates": [ [ [ 2.165852424905792, 41.417604929614726 ], [ 2.167548926879429, 41.418717631673481 ], [ 2.169525023157554, 41.418200571985118 ], [ 2.169826179771938, 41.416571904278022 ], [ 2.168129654389774, 41.415459228953097 ], [ 2.166153645806915, 41.415976294247415 ], [ 2.165852424905792, 41.417604929614726 ] ] ] } },
{ "type": "Feature", "properties": { "id": 786, "snapped_id": 786.0, "centroid_lon": 2.18694, "centroid_lat": 41.42562, "radius": 192.321, "internal_id": 618000602956300287, "population": 2940, "component": 0, "o_score_pt": 2447.699958196386, "o_score_car": 2296.8140733098071, "CDI": -0.031802179081906599, "log_population": 3.4684950245070691 }, "geometry": { "type": "Polygon", "coordinates": [ [ [ 2.184765896091833, 41.426193709375774 ], [ 2.186610513247415, 41.427402842876525 ], [ 2.188783654725954, 41.426834055032998 ], [ 2.189112083454753, 41.425056125192206 ], [ 2.187267440975346, 41.423847017056815 ], [ 2.185094395088083, 41.424415813397438 ], [ 2.184765896091833, 41.426193709375774 ] ] ] } },
{ "type": "Feature", "properties": { "id": 787, "snapped_id": 787.0, "centroid_lon": 2.12775, "centroid_lat": 41.43264, "radius": 192.209, "internal_id": 618000602843840511, "population": 39, "component": 0, "o_score_pt": 3.4557525826637923, "o_score_car": 1620.2700786221101, "CDI": 0.99574342845787001, "log_population": 1.6020599913279625 }, "geometry": { "type": "Polygon", "coordinates": [ [ [ 2.126894400464927, 41.432842478240055 ], [ 2.127689693268166, 41.433364531459596 ], [ 2.128463320285973, 41.43316247481436 ], [ 2.128596122067449, 41.43244625080753 ], [ 2.127800817864576, 41.431924219734334 ], [ 2.127027230302267, 41.432126272591546 ], [ 2.126894400464927, 41.432842478240055 ] ] ] } },
{ "type": "Feature", "properties": { "id": 788, "snapped_id": 788.0, "centroid_lon": 2.13559, "centroid_lat": 41.36801, "radius": 192.294, "internal_id": 618000602731380735, "population": 2747, "component": 0, "o_score_pt": 2093.8473043689823, "o_score_car": 2186.6900440770264, "CDI": 0.021689505814439201, "log_population": 3.4390167283875126 }, "geometry": { "type": "Polygon", "coordinates": [ [ [ 2.133417303755495, 41.36857459858399 ], [ 2.135259096154218, 41.369784305702169 ], [ 2.137430118203677, 41.369215825120172 ], [ 2.137759252343237, 41.367437628824376 ], [ 2.135917434484183, 41.366227947077732 ], [ 2.133746507943031, 41.366796436255939 ], [ 2.133417303755495, 41.36857459858399 ] ] ] } },
{ "type": "Feature", "properties": { "id": 789, "snapped_id": 789.0, "centroid_lon": 2.14401, "centroid_lat": 41.33365, "radius": 192.346, "internal_id": 618000602693894143, "population": 1343, "component": 0, "o_score_pt": 1.6295820772945149, "o_score_car": 1679.4163917356998, "CDI": 0.9980612284224466, "log_population": 3.1283992687178066 }, "geometry": { "type": "Polygon", "coordinates": [ [ [ 2.142041961706024, 41.334159044623561 ], [ 2.143723189479318, 41.335263519457122 ], [ 2.145679910254495, 41.334750384546837 ], [ 2.145978770527055, 41.333133821421136 ], [ 2.144297519497258, 41.332029373442914 ], [ 2.142340885574225, 41.332542513773134 ], [ 2.142041961706024, 41.334159044623561 ] ] ] } },
{ "type": "Feature", "properties": { "id": 790, "snapped_id": 790.0, "centroid_lon": 2.10412, "centroid_lat": 41.41514, "radius": 192.186, "internal_id": 618000603073216511, "population": 666, "component": 0, "o_score_pt": 19.689087933094559, "o_score_car": 1688.1336508963975, "CDI": 0.97694246892790637, "log_population": 2.8241258339165491 }, "geometry": { "type": "Polygon", "coordinates": [ [ [ 2.102376792798747, 41.415587244851125 ], [ 2.10388181421106, 41.416575981268899 ], [ 2.105603747397931, 41.416126304222253 ], [ 2.105870293379339, 41.414690344336556 ], [ 2.104365250933903, 41.413701635512915 ], [ 2.102643395312827, 41.414151315067805 ], [ 2.102376792798747, 41.415587244851125 ] ] ] } },
{ "type": "Feature", "properties": { "id": 791, "snapped_id": 791.0, "centroid_lon": 2.13822, "centroid_lat": 41.40961, "radius": 192.253, "internal_id": 618000602260832255, "population": 2159, "component": 0, "o_score_pt": 2086.1126986419936, "o_score_car": 2410.5302782250224, "CDI": 0.072146617210215494, "log_population": 3.3344537511509307 }, "geometry": { "type": "Polygon", "coordinates": [ [ [ 2.1360939149458, 41.41016622912035 ], [ 2.137896455719574, 41.411349475711098 ], [ 2.140014868099628, 41.410795551663035 ], [ 2.140336568560218, 41.409058667720792 ], [ 2.138534002851586, 41.407875446910936 ], [ 2.136415683914049, 41.408429378706479 ], [ 2.1360939149458, 41.41016622912035 ] ] ] } },
{ "type": "Feature", "properties": { "id": 792, "snapped_id": 792.0, "centroid_lon": 2.21445, "centroid_lat": 41.3998, "radius": 192.398, "internal_id": 618000602394001407, "population": 596, "component": 0, "o_score_pt": 1301.7511399873692, "o_score_car": 2115.8443962301985, "CDI": 0.23820643713264819, "log_population": 2.775974331129369 }, "geometry": { "type": "Polygon", "coordinates": [ [ [ 2.21273885559001, 41.400242970535409 ], [ 2.214218155597666, 41.401212274950083 ], [ 2.215903666178452, 41.400770321373692 ], [ 2.21616329113184, 41.399361767438975 ], [ 2.214683970768284, 41.398392490725413 ], [ 2.212998536137812, 41.398834446223503 ], [ 2.21273885559001, 41.400242970535409 ] ] ] } },
{ "type": "Feature", "properties": { "id": 793, "snapped_id": 793.0, "centroid_lon": 2.11308, "centroid_lat": 41.38912, "radius": 192.231, "internal_id": 618000602356514815, "population": 1795, "component": 0, "o_score_pt": 1871.0122637131103, "o_score_car": 2182.3130522539423, "CDI": 0.076801333294058693, "log_population": 3.2543063323312857 }, "geometry": { "type": "Polygon", "coordinates": [ [ [ 2.111021895696727, 41.389657311662276 ], [ 2.112776652278315, 41.390810214991028 ], [ 2.114832029346057, 41.390272806941844 ], [ 2.115145344127575, 41.388583100891715 ], [ 2.113390563171992, 41.387430223789174 ], [ 2.111335277024831, 41.387967638696438 ], [ 2.111021895696727, 41.389657311662276 ] ] ] } },
{ "type": "Feature", "properties": { "id": 794, "snapped_id": 794.0, "centroid_lon": 2.12571, "centroid_lat": 41.42134, "radius": 192.218, "internal_id": 618000602319028223, "population": 0, "component": 0, "o_score_pt": 697.97391739636964, "o_score_car": 1981.8247073537025, "CDI": 0.47908480066373238, "log_population": 0.0 }, "geometry": { "type": "Polygon", "coordinates": [ [ [ 2.125665184771809, 41.421310882361851 ], [ 2.125749664972981, 41.42136634854706 ], [ 2.125749666249315, 41.421366341662868 ], [ 2.125665185398331, 41.421310878983377 ], [ 2.125665184771809, 41.421310882361851 ] ] ] } },
{ "type": "Feature", "properties": { "id": 795, "snapped_id": 795.0, "centroid_lon": 2.20301, "centroid_lat": 41.42819, "radius": 192.346, "internal_id": 618000602977533951, "population": 2433, "component": 0, "o_score_pt": 1955.9867517307691, "o_score_car": 2135.3376105723505, "CDI": 0.043836871134954297, "log_population": 3.3863205738940461 }, "geometry": { "type": "Polygon", "coordinates": [ [ [ 2.200850856961877, 41.428750812521912 ], [ 2.202685937559385, 41.429953166915666 ], [ 2.204845898581404, 41.429387592048371 ], [ 2.205172162771738, 41.427619731746873 ], [ 2.203337057036775, 41.426417402839647 ], [ 2.201177191057148, 41.426982985962567 ], [ 2.200850856961877, 41.428750812521912 ] ] ] } },
{ "type": "Feature", "properties": { "id": 796, "snapped_id": 796.0, "centroid_lon": 2.17489, "centroid_lat": 41.4237, "radius": 192.302, "internal_id": 618000602960756735, "population": 2387, "component": 0, "o_score_pt": 2364.2102774100213, "o_score_car": 2330.2111143992802, "CDI": -0.0072424608217026001, "log_population": 3.3780343224573315 }, "geometry": { "type": "Polygon", "coordinates": [ [ [ 2.172732624743728, 41.424266695012285 ], [ 2.174561930468123, 41.42546618709541 ], [ 2.176714992845129, 41.424902831447866 ], [ 2.177040843850103, 41.423140087954586 ], [ 2.175211512962225, 41.421940621396836 ], [ 2.17305854538498, 41.422503985249818 ], [ 2.172732624743728, 41.424266695012285 ] ] ] } },
{ "type": "Feature", "properties": { "id": 797, "snapped_id": 797.0, "centroid_lon": 2.19657, "centroid_lat": 41.45187, "radius": 192.309, "internal_id": 618000602923270143, "population": 2605, "component": 0, "o_score_pt": 1807.737094153794, "o_score_car": 1854.8126257377417, "CDI": 0.012853212975724899, "log_population": 3.415974411376566 }, "geometry": { "type": "Polygon", "coordinates": [ [ [ 2.194396267737134, 41.452434773435456 ], [ 2.196241751531287, 41.45364379025407 ], [ 2.198415687075338, 41.453075155742816 ], [ 2.198744043180688, 41.451297495936956 ], [ 2.196898534079151, 41.450088504472482 ], [ 2.194724694176784, 41.450657147460326 ], [ 2.194396267737134, 41.452434773435456 ] ] ] } },
{ "type": "Feature", "properties": { "id": 798, "snapped_id": 798.0, "centroid_lon": 2.16868, "centroid_lat": 41.3678, "radius": 192.352, "internal_id": 618000602735837183, "population": 1644, "component": 0, "o_score_pt": 1238.6362221535464, "o_score_car": 2004.9165795656579, "CDI": 0.23624722773310611, "log_population": 3.2161659022859932 }, "geometry": { "type": "Polygon", "coordinates": [ [ [ 2.166648901266949, 41.368327158548269 ], [ 2.1683826100701, 41.369464924201615 ], [ 2.170408547970454, 41.368933872038156 ], [ 2.170716672933796, 41.367265808550826 ], [ 2.16898294024271, 41.366128069360059 ], [ 2.166957091979679, 41.366659127856181 ], [ 2.166648901266949, 41.368327158548269 ] ] ] } },
{ "type": "Feature", "properties": { "id": 799, "snapped_id": 799.0, "centroid_lon": 2.15382, "centroid_lat": 41.42583, "radius": 192.262, "internal_id": 618000602335805439, "population": 2447, "component": 0, "o_score_pt": 2182.0440317335729, "o_score_car": 2315.3477095410531, "CDI": 0.029640219370727899, "log_population": 3.3888114134735234 }, "geometry": { "type": "Polygon", "coordinates": [ [ [ 2.151654764505584, 41.426396286485875 ], [ 2.153489748446582, 41.427600113765621 ], [ 2.15565097117583, 41.427035044633186 ], [ 2.155978383927954, 41.425266204680504 ], [ 2.154143374668382, 41.424062402842694 ], [ 2.151982247098985, 41.424627480349464 ], [ 2.151654764505584, 41.426396286485875 ] ] ] } },
{ "type": "Feature", "properties": { "id": 800, "snapped_id": 800.0, "centroid_lon": 2.14099, "centroid_lat": 41.32767, "radius": 192.347, "internal_id": 618000602698350591, "population": 1308, "component": 0, "o_score_pt": 1134.6369623731696, "o_score_car": 1330.1091001709499, "CDI": 0.079307211711706002, "log_population": 3.1169396465507559 }, "geometry": { "type": "Polygon", "coordinates": [ [ [ 2.139025931406288, 41.328179873331869 ], [ 2.14070028391495, 41.329279995887262 ], [ 2.142647937681177, 41.328769178355827 ], [ 2.142945578681687, 41.327159317551185 ], [ 2.141271203000933, 41.326059221897879 ], [ 2.139323635719984, 41.326570044733238 ], [ 2.139025931406288, 41.328179873331869 ] ] ] } },
{ "type": "Feature", "properties": { "id": 801, "snapped_id": 801.0, "centroid_lon": 2.15361, "centroid_lat": 41.3599, "radius": 192.334, "internal_id": 618000602660863999, "population": 1199, "component": 0, "o_score_pt": 959.38562358556919, "o_score_car": 1949.8817107030109, "CDI": 0.34046238220993652, "log_population": 3.0791812460476247 }, "geometry": { "type": "Polygon", "coordinates": [ [ [ 2.151681069120441, 41.360401939481115 ], [ 2.153334490646802, 41.361487535868378 ], [ 2.155253752260214, 41.360984543932915 ], [ 2.155547182418923, 41.359397245064102 ], [ 2.1538937380334, 41.358311675710517 ], [ 2.151974561785996, 41.358814672529171 ], [ 2.151681069120441, 41.360401939481115 ] ] ] } },
{ "type": "Feature", "properties": { "id": 802, "snapped_id": 802.0, "centroid_lon": 2.11692, "centroid_lat": 41.32382, "radius": 192.309, "internal_id": 618000605152804863, "population": 524, "component": 0, "o_score_pt": 479.13654462266425, "o_score_car": 1618.753205764026, "CDI": 0.54322047234908499, "log_population": 2.720159303405957 }, "geometry": { "type": "Polygon", "coordinates": [ [ [ 2.115254194537336, 41.324252879707096 ], [ 2.116697168687169, 41.325201601831822 ], [ 2.118336665489079, 41.324771872806728 ], [ 2.118591405444661, 41.323395965904645 ], [ 2.117148411172592, 41.322447271488102 ], [ 2.115508988511468, 41.322877002127072 ], [ 2.115254194537336, 41.324252879707096 ] ] ] } },
{ "type": "Feature", "properties": { "id": 803, "snapped_id": 803.0, "centroid_lon": 2.11163, "centroid_lat": 41.40811, "radius": 192.207, "internal_id": 618000602360971263, "population": 574, "component": 0, "o_score_pt": 1106.7544140879984, "o_score_car": 2060.9788812697079, "CDI": 0.30123257806461162, "log_population": 2.7596678446896306 }, "geometry": { "type": "Polygon", "coordinates": [ [ [ 2.109928906609102, 41.408540562069881 ], [ 2.111396489811322, 41.409504602813342 ], [ 2.113068321834555, 41.409067794693911 ], [ 2.113327693134834, 41.407669653831242 ], [ 2.11186008943079, 41.406705640747674 ], [ 2.110188332943539, 41.40714245080769 ], [ 2.109928906609102, 41.408540562069881 ] ] ] } },
{ "type": "Feature", "properties": { "id": 804, "snapped_id": 804.0, "centroid_lon": 2.12268, "centroid_lat": 41.41536, "radius": 192.219, "internal_id": 618000602323484671, "population": 103, "component": 0, "o_score_pt": 1063.1796130614982, "o_score_car": 2195.4963777815001, "CDI": 0.3474775546577365, "log_population": 2.0170333392987803 }, "geometry": { "type": "Polygon", "coordinates": [ [ [ 2.121526521509195, 41.415647633748911 ], [ 2.122562710113299, 41.416328047506255 ], [ 2.123658254862705, 41.416041781374339 ], [ 2.123836392605155, 41.415081020527964 ], [ 2.12280018935132, 41.414400632327727 ], [ 2.121704696980582, 41.414686895788378 ], [ 2.121526521509195, 41.415647633748911 ] ] ] } },
{ "type": "Feature", "properties": { "id": 805, "snapped_id": 805.0, "centroid_lon": 2.18247, "centroid_lat": 41.43864, "radius": 192.299, "internal_id": 618000602965213183, "population": 2849, "component": 0, "o_score_pt": 1805.5943721826079, "o_score_car": 1923.372515645257, "CDI": 0.031584657897366003, "log_population": 3.4548448600085102 }, "geometry": { "type": "Polygon", "coordinates": [ [ [ 2.180292677407946, 41.439206667601688 ], [ 2.182137441481889, 41.440415841739416 ], [ 2.184310861427621, 41.439847327214984 ], [ 2.184639421671752, 41.438069630049924 ], [ 2.182794632251269, 41.436860481266287 ], [ 2.180621307930329, 41.437429004294259 ], [ 2.180292677407946, 41.439206667601688 ] ] ] } },
{ "type": "Feature", "properties": { "id": 806, "snapped_id": 806.0, "centroid_lon": 2.13111, "centroid_lat": 41.38102, "radius": 192.272, "internal_id": 618000602285998079, "population": 2881, "component": 0, "o_score_pt": 2282.3060886733147, "o_score_car": 2278.2820889866448, "CDI": -0.00088234226154889999, "log_population": 3.4596939764779706 }, "geometry": { "type": "Polygon", "coordinates": [ [ [ 2.128941268680224, 41.381589116747456 ], [ 2.130783207164687, 41.382798865104483 ], [ 2.132954506832828, 41.382230657796391 ], [ 2.133283772471877, 41.380452693529165 ], [ 2.131441808504372, 41.379242970532388 ], [ 2.129270604377982, 41.379811186443156 ], [ 2.128941268680224, 41.381589116747456 ] ] ] } },
{ "type": "Feature", "properties": { "id": 807, "snapped_id": 807.0, "centroid_lon": 2.18398, "centroid_lat": 41.44162, "radius": 192.298, "internal_id": 618000602927726591, "population": 2809, "component": 0, "o_score_pt": 1770.5882046499723, "o_score_car": 2109.107578573813, "CDI": 0.087254102599393105, "log_population": 3.4487063199050798 }, "geometry": { "type": "Polygon", "coordinates": [ [ [ 2.18180882681468, 41.442193478808463 ], [ 2.183653702377223, 41.443402635207207 ], [ 2.18582721795314, 41.442834129183233 ], [ 2.18615576233345, 41.44105645826064 ], [ 2.184310861427621, 41.439847327214984 ], [ 2.182137441481889, 41.440415841739416 ], [ 2.18180882681468, 41.442193478808463 ] ] ] } },
{ "type": "Feature", "properties": { "id": 808, "snapped_id": 808.0, "centroid_lon": 2.16565, "centroid_lat": 41.36182, "radius": 192.354, "internal_id": 618000602740293631, "population": 650, "component": 0, "o_score_pt": 1159.6671453086117, "o_score_car": 1951.240382198004, "CDI": 0.25445090536774539, "log_population": 2.8135809885681917 }, "geometry": { "type": "Polygon", "coordinates": [ [ [ 2.163916108376308, 41.36226862024435 ], [ 2.165415349099214, 41.363252663305516 ], [ 2.167128684492602, 41.362803498244809 ], [ 2.16739300693664, 41.36137265880329 ], [ 2.165893745461494, 41.360388643399091 ], [ 2.164180487154451, 41.360837810785831 ], [ 2.163916108376308, 41.36226862024435 ] ] ] } },
{ "type": "Feature", "properties": { "id": 809, "snapped_id": 809.0, "centroid_lon": 2.15059, "centroid_lat": 41.35392, "radius": 192.336, "internal_id": 618000602665320447, "population": 1476, "component": 0, "o_score_pt": 1138.339683083206, "o_score_car": 1890.6097393870475, "CDI": 0.24836005868012451, "log_population": 3.1693804953119495 }, "geometry": { "type": "Polygon", "coordinates": [ [ [ 2.148588620334675, 41.354444406079466 ], [ 2.150294301106959, 41.355564481523828 ], [ 2.152283378457282, 41.355043131378217 ], [ 2.152586664842352, 41.353402625251555 ], [ 2.150880960500249, 41.352282576483148 ], [ 2.148891971315714, 41.352803932477194 ], [ 2.148588620334675, 41.354444406079466 ] ] ] } },
{ "type": "Feature", "properties": { "id": 810, "snapped_id": 810.0, "centroid_lon": 2.09912, "centroid_lat": 41.41983, "radius": 192.172, "internal_id": 618000603082129407, "population": 193, "component": 0, "o_score_pt": 13.0640346267738, "o_score_car": 1481.4619404564949, "CDI": 0.98251748735776123, "log_population": 2.287801729930226 }, "geometry": { "type": "Polygon", "coordinates": [ [ [ 2.097766522047176, 41.420165659437345 ], [ 2.098959817216492, 41.42094966185676 ], [ 2.10026539995711, 41.420608823687367 ], [ 2.100473395512935, 41.419488735944007 ], [ 2.099280083517432, 41.418704760434913 ], [ 2.097974561623162, 41.419045597250346 ], [ 2.097766522047176, 41.420165659437345 ] ] ] } },
{ "type": "Feature", "properties": { "id": 811, "snapped_id": 811.0, "centroid_lon": 2.11192, "centroid_lat": 41.32852, "radius": 192.295, "internal_id": 618000605165125631, "population": 2016, "component": 0, "o_score_pt": 936.06627191727898, "o_score_car": 1716.0332118055121, "CDI": 0.2940941486830585, "log_population": 3.3047058982127653 }, "geometry": { "type": "Polygon", "coordinates": [ [ [ 2.109827595559473, 41.329066939503171 ], [ 2.111610305934849, 41.330239107850446 ], [ 2.113703279644679, 41.329690699328623 ], [ 2.11402189239215, 41.327970485474495 ], [ 2.11223915727989, 41.32679834311498 ], [ 2.110146275929632, 41.327346759088421 ], [ 2.109827595559473, 41.329066939503171 ] ] ] } },
{ "type": "Feature", "properties": { "id": 812, "snapped_id": 812.0, "centroid_lon": 2.12815, "centroid_lat": 41.39702, "radius": 192.249, "internal_id": 618000602252967935, "population": 2439, "component": 0, "o_score_pt": 1758.2593682563661, "o_score_car": 2331.8679727892072, "CDI": 0.14024223617111331, "log_population": 3.3873898263387296 }, "geometry": { "type": "Polygon", "coordinates": [ [ [ 2.125988583293447, 41.397585866824507 ], [ 2.127821332647113, 41.398789435439831 ], [ 2.129980395100373, 41.398224807836733 ], [ 2.130308003552523, 41.396456670921062 ], [ 2.128475228823746, 41.395253127759752 ], [ 2.126316261444531, 41.395817763769209 ], [ 2.125988583293447, 41.397585866824507 ] ] ] } },
{ "type": "Feature", "properties": { "id": 813, "snapped_id": 813.0, "centroid_lon": 2.16421, "centroid_lat": 41.38081, "radius": 192.33, "internal_id": 618000602744750079, "population": 2034, "component": 0, "o_score_pt": 2639.5305481185874, "o_score_car": 2132.2694845324081, "CDI": -0.1063039230720589, "log_population": 3.3085644135612386 }, "geometry": { "type": "Polygon", "coordinates": [ [ [ 2.162108888717343, 41.381363877791017 ], [ 2.163896515390173, 41.382536973643063 ], [ 2.16599443169528, 41.381987388654345 ], [ 2.166312743281512, 41.380265092740238 ], [ 2.164525091977843, 41.37909202285342 ], [ 2.162427268221233, 41.379641615240828 ], [ 2.162108888717343, 41.381363877791017 ] ] ] } },
{ "type": "Feature", "properties": { "id": 814, "snapped_id": 814.0, "centroid_lon": 2.12797, "centroid_lat": 41.33108, "radius": 192.321, "internal_id": 618000605161717759, "population": 1384, "component": 0, "o_score_pt": 847.04998683592385, "o_score_car": 1722.4456303151828, "CDI": 0.34068773561475929, "log_population": 3.1414497734004674 }, "geometry": { "type": "Polygon", "coordinates": [ [ [ 2.12598820460111, 41.33159854347528 ], [ 2.127676524612149, 41.332708163309114 ], [ 2.129643114514143, 41.332192655089955 ], [ 2.129943654478745, 41.33056851344071 ], [ 2.128255311062095, 41.329458920401436 ], [ 2.126288808426799, 41.329974434207777 ], [ 2.12598820460111, 41.33159854347528 ] ] ] } },
{ "type": "Feature", "properties": { "id": 815, "snapped_id": 815.0, "centroid_lon": 2.19133, "centroid_lat": 41.39063, "radius": 192.367, "internal_id": 618000602485751807, "population": 2282, "component": 0, "o_score_pt": 2343.0254147472451, "o_score_car": 2308.875074310381, "CDI": -0.0073411588483446996, "log_population": 3.3585059114902354 }, "geometry": { "type": "Polygon", "coordinates": [ [ [ 2.189194300071372, 41.391190389802986 ], [ 2.19101201498624, 41.392382266952907 ], [ 2.19314927969437, 41.39182208928748 ], [ 2.193472583994415, 41.390070217146189 ], [ 2.191654844142043, 41.388878365675147 ], [ 2.189517673535915, 41.389438551284236 ], [ 2.189194300071372, 41.391190389802986 ] ] ] } },
{ "type": "Feature", "properties": { "id": 816, "snapped_id": 816.0, "centroid_lon": 2.05701, "centroid_lat": 41.42405, "radius": 192.093, "internal_id": 618000603124072447, "population": 0, "component": 1, "o_score_pt": 0.2116429002121771, "o_score_car": 893.3802223124577, "CDI": 0.99952630969808176, "log_population": 0.0 }, "geometry": { "type": "Polygon", "coordinates": [ [ [ 2.056966793586767, 41.424022737937008 ], [ 2.057051055940954, 41.42407815579719 ], [ 2.057051057223478, 41.424078148908805 ], [ 2.056966794217167, 41.424022734551968 ], [ 2.056966793586767, 41.424022737937008 ] ] ] } },
{ "type": "Feature", "properties": { "id": 817, "snapped_id": 817.0, "centroid_lon": 2.11407, "centroid_lat": 41.38379, "radius": 192.238, "internal_id": 618000602294910975, "population": 2737, "component": 0, "o_score_pt": 1984.6908765188648, "o_score_car": 2227.054300341525, "CDI": 0.057544655159628699, "log_population": 3.4374334437979712 }, "geometry": { "type": "Polygon", "coordinates": [ [ [ 2.111901426225967, 41.384354968313723 ], [ 2.113742903327727, 41.385564895708576 ], [ 2.115914060432097, 41.384997089403612 ], [ 2.116243644868374, 41.383219347071446 ], [ 2.114402142225252, 41.382009445024501 ], [ 2.112231080684347, 41.382577259962403 ], [ 2.111901426225967, 41.384354968313723 ] ] ] } },
{ "type": "Feature", "properties": { "id": 818, "snapped_id": 818.0, "centroid_lon": 2.13571, "centroid_lat": 41.41196, "radius": 192.246, "internal_id": 618000602257424383, "population": 1974, "component": 0, "o_score_pt": 2022.3177103448093, "o_score_car": 2388.5525468273559, "CDI": 0.083030063259521406, "log_population": 3.2955670999624789 }, "geometry": { "type": "Polygon", "coordinates": [ [ [ 2.133621012227255, 41.412503687747446 ], [ 2.135400913057336, 41.413672113655139 ], [ 2.137489162803185, 41.413126165770777 ], [ 2.137806673094509, 41.411412245716235 ], [ 2.136026747624632, 41.410243845811458 ], [ 2.133938590116072, 41.410789800988567 ], [ 2.133621012227255, 41.412503687747446 ] ] ] } },
{ "type": "Feature", "properties": { "id": 819, "snapped_id": 819.0, "centroid_lon": 2.09563, "centroid_lat": 41.4275, "radius": 192.158, "internal_id": 618000602824179711, "population": 588, "component": 0, "o_score_pt": 5.0029096764778389, "o_score_car": 1248.3667457870797, "CDI": 0.99201686484961604, "log_population": 2.7701152947871015 }, "geometry": { "type": "Polygon", "coordinates": [ [ [ 2.093920400473838, 41.42793912087776 ], [ 2.09539408956865, 41.428907335942171 ], [ 2.097074250842598, 41.428468880889817 ], [ 2.097335053478171, 41.427064931560601 ], [ 2.095861343745034, 41.426096744134384 ], [ 2.094181258382139, 41.426535201238082 ], [ 2.093920400473838, 41.42793912087776 ] ] ] } },
{ "type": "Feature", "properties": { "id": 820, "snapped_id": 820.0, "centroid_lon": 2.16118, "centroid_lat": 41.37484, "radius": 192.331, "internal_id": 618000602749206527, "population": 1726, "component": 0, "o_score_pt": 2721.7832555678528, "o_score_car": 2254.6577533291265, "CDI": -0.093867384623587402, "log_population": 3.2372923375674589 }, "geometry": { "type": "Polygon", "coordinates": [ [ [ 2.159133088832291, 41.375373791073649 ], [ 2.160879028049779, 41.376519702406171 ], [ 2.162921441706219, 41.375984593860359 ], [ 2.16323202101111, 41.374304247311279 ], [ 2.161486057713055, 41.373158362328645 ], [ 2.159443734373919, 41.373693477457017 ], [ 2.159133088832291, 41.375373791073649 ] ] ] } },
{ "type": "Feature", "properties": { "id": 821, "snapped_id": 821.0, "centroid_lon": 2.18883, "centroid_lat": 41.39298, "radius": 192.36, "internal_id": 618000602486800383, "population": 2467, "component": 0, "o_score_pt": 2588.8334232592383, "o_score_car": 2407.2258226874687, "CDI": -0.036350169529936499, "log_population": 3.3923451553612041 }, "geometry": { "type": "Polygon", "coordinates": [ [ [ 2.186668904581953, 41.393545008419068 ], [ 2.188506295666117, 41.394749828826725 ], [ 2.190669858358772, 41.394182851224642 ], [ 2.190996897862937, 41.392411092655941 ], [ 2.189159481568582, 41.391206297709964 ], [ 2.186996014039928, 41.391773283671036 ], [ 2.186668904581953, 41.393545008419068 ] ] ] } },
{ "type": "Feature", "properties": { "id": 822, "snapped_id": 822.0, "centroid_lon": 2.13874, "centroid_lat": 41.41793, "radius": 192.244, "internal_id": 618000602336854015, "population": 2285, "component": 0, "o_score_pt": 2323.9104328596059, "o_score_car": 2340.7890510056959, "CDI": 0.0036183720311397001, "log_population": 3.3590762260592628 }, "geometry": { "type": "Polygon", "coordinates": [ [ [ 2.136601345047737, 41.418491068877792 ], [ 2.138418403264178, 41.41968370772036 ], [ 2.140556148815042, 41.419124886113202 ], [ 2.140880558079488, 41.417373609467298 ], [ 2.139063474732047, 41.416180996250958 ], [ 2.136925823409631, 41.416739825898922 ], [ 2.136601345047737, 41.418491068877792 ] ] ] } },
{ "type": "Feature", "properties": { "id": 823, "snapped_id": 823.0, "centroid_lon": 2.15671, "centroid_lat": 41.38786, "radius": 192.309, "internal_id": 618000602299367423, "population": 2186, "component": 0, "o_score_pt": 2518.78206854672, "o_score_car": 2566.616637944745, "CDI": 0.0094062574360128, "log_population": 3.3398487830376369 }, "geometry": { "type": "Polygon", "coordinates": [ [ [ 2.154584395598985, 41.388411071980002 ], [ 2.156390154719951, 41.389596190252433 ], [ 2.158512437436854, 41.389040494718138 ], [ 2.158834316066546, 41.387299938263318 ], [ 2.157028532041938, 41.386114845764162 ], [ 2.154906342870771, 41.386670549080172 ], [ 2.154584395598985, 41.388411071980002 ] ] ] } },
{ "type": "Feature", "properties": { "id": 824, "snapped_id": 824.0, "centroid_lon": 2.19854, "centroid_lat": 41.4412, "radius": 192.324, "internal_id": 618000602978582527, "population": 2493, "component": 0, "o_score_pt": 1605.5233010111797, "o_score_car": 1970.8011633796996, "CDI": 0.1021377858764093, "log_population": 3.396896449142524 }, "geometry": { "type": "Polygon", "coordinates": [ [ [ 2.196371579356449, 41.441767200884506 ], [ 2.198212966463883, 41.442973631550231 ], [ 2.200381418611939, 41.442406178765651 ], [ 2.200708964341485, 41.440632317442372 ], [ 2.198867551991931, 41.439425912183296 ], [ 2.196699195249451, 41.439993373359378 ], [ 2.196371579356449, 41.441767200884506 ] ] ] } },
{ "type": "Feature", "properties": { "id": 825, "snapped_id": 825.0, "centroid_lon": 2.12315, "centroid_lat": 41.40171, "radius": 192.235, "internal_id": 618000602261880831, "population": 2124, "component": 0, "o_score_pt": 1646.6921185768874, "o_score_car": 2317.2228530138573, "CDI": 0.1691587078034324, "log_population": 3.3273589343863303 }, "geometry": { "type": "Polygon", "coordinates": [ [ [ 2.121030305736667, 41.402264335396858 ], [ 2.122828100612431, 41.403445031971792 ], [ 2.124940619631252, 41.402892756742069 ], [ 2.125261782390985, 41.401160096681032 ], [ 2.123463962591873, 41.399979425924855 ], [ 2.121351536790273, 41.400531708845236 ], [ 2.121030305736667, 41.402264335396858 ] ] ] } },
{ "type": "Feature", "properties": { "id": 826, "snapped_id": 826.0, "centroid_lon": 2.1275, "centroid_lat": 41.34474, "radius": 192.305, "internal_id": 618000602753662975, "population": 1129, "component": 0, "o_score_pt": 1110.3029942465555, "o_score_car": 1842.6491321999524, "CDI": 0.2480047446060967, "log_population": 3.0530784434834199 }, "geometry": { "type": "Polygon", "coordinates": [ [ [ 2.12558922160056, 41.345239653521737 ], [ 2.127226440387269, 41.346315522373501 ], [ 2.12912478412748, 41.345818154101195 ], [ 2.129415741327609, 41.34424626629017 ], [ 2.127778499818975, 41.343170424555055 ], [ 2.125880240621842, 41.343667797487377 ], [ 2.12558922160056, 41.345239653521737 ] ] ] } },
{ "type": "Feature", "properties": { "id": 827, "snapped_id": 827.0, "centroid_lon": 2.1858, "centroid_lat": 41.387, "radius": 192.361, "internal_id": 618000602491256831, "population": 2328, "component": 0, "o_score_pt": 2282.2333852185425, "o_score_car": 2340.3378025417551, "CDI": 0.0125697182289073, "log_population": 3.3671694885346808 }, "geometry": { "type": "Polygon", "coordinates": [ [ [ 2.183656471343159, 41.387564736230026 ], [ 2.185478984612776, 41.388759980247968 ], [ 2.187622814096464, 41.388198107589162 ], [ 2.18794714597826, 41.386441135811324 ], [ 2.186124607687798, 41.385245917417407 ], [ 2.183980872573004, 41.385807798134792 ], [ 2.183656471343159, 41.387564736230026 ] ] ] } },
{ "type": "Feature", "properties": { "id": 828, "snapped_id": 828.0, "centroid_lon": 2.19793, "centroid_lat": 41.4109, "radius": 192.357, "internal_id": 618000602453770239, "population": 2252, "component": 0, "o_score_pt": 2069.3929606371867, "o_score_car": 2292.7731206655008, "CDI": 0.051208540863626403, "log_population": 3.3527611917238307 }, "geometry": { "type": "Polygon", "coordinates": [ [ [ 2.195793710027766, 41.411461114304679 ], [ 2.197608718415091, 41.412650722694501 ], [ 2.199742117591074, 41.412091846977766 ], [ 2.200064756400509, 41.41034357638712 ], [ 2.198249723129749, 41.409153993702709 ], [ 2.196116417915927, 41.409712877279844 ], [ 2.195793710027766, 41.411461114304679 ] ] ] } },
{ "type": "Feature", "properties": { "id": 829, "snapped_id": 829.0, "centroid_lon": 2.14631, "centroid_lat": 41.43287, "radius": 192.241, "internal_id": 618000602341310463, "population": 2324, "component": 0, "o_score_pt": 2066.049507794909, "o_score_car": 2245.5423596002161, "CDI": 0.041630297422781702, "log_population": 3.3664229572259727 }, "geometry": { "type": "Polygon", "coordinates": [ [ [ 2.144165479347805, 41.433427699451698 ], [ 2.145987363823512, 41.434623057721751 ], [ 2.148131287123589, 41.434062786879537 ], [ 2.148456419849234, 41.432307313522251 ], [ 2.146634510200861, 41.431111980827765 ], [ 2.144490681384978, 41.431672259784278 ], [ 2.144165479347805, 41.433427699451698 ] ] ] } },
{ "type": "Feature", "properties": { "id": 830, "snapped_id": 830.0, "centroid_lon": 2.15639, "centroid_lat": 41.44546, "radius": 192.245, "internal_id": 618000603020525567, "population": 126, "component": 0, "o_score_pt": 1406.9045054290611, "o_score_car": 2074.8070670524762, "CDI": 0.19183167465746659, "log_population": 2.1038037209559568 }, "geometry": { "type": "Polygon", "coordinates": [ [ [ 2.155167073322224, 41.445757655625528 ], [ 2.156254856919763, 41.446471075256035 ], [ 2.157418606258719, 41.44616699014594 ], [ 2.15760590860201, 41.445155326372294 ], [ 2.156518109714518, 41.444441932816815 ], [ 2.155354415487515, 41.444746015576861 ], [ 2.155167073322224, 41.445757655625528 ] ] ] } },
{ "type": "Feature", "properties": { "id": 831, "snapped_id": 831.0, "centroid_lon": 2.14414, "centroid_lat": 41.37761, "radius": 192.298, "internal_id": 618000602303823871, "population": 2777, "component": 0, "o_score_pt": 2620.1719639071548, "o_score_car": 2375.4324301016759, "CDI": -0.048990975766414098, "log_population": 3.4437322414015967 }, "geometry": { "type": "Polygon", "coordinates": [ [ [ 2.141968931324557, 41.378179198557106 ], [ 2.143811194220421, 41.379388810555959 ], [ 2.145982569464438, 41.3788202789626 ], [ 2.14631158628755, 41.377042126791274 ], [ 2.144469297954051, 41.375832540162946 ], [ 2.142298018232192, 41.376401080335988 ], [ 2.141968931324557, 41.378179198557106 ] ] ] } },
{ "type": "Feature", "properties": { "id": 832, "snapped_id": 832.0, "centroid_lon": 2.19551, "centroid_lat": 41.43523, "radius": 192.326, "internal_id": 618000602983038975, "population": 2674, "component": 0, "o_score_pt": 1955.6297218117695, "o_score_car": 2017.294276563028, "CDI": 0.0155212017084855, "log_population": 3.4273237863572472 }, "geometry": { "type": "Polygon", "coordinates": [ [ [ 2.193333059980438, 41.4357949053651 ], [ 2.195178148342639, 41.437003942585768 ], [ 2.197351643119863, 41.436435103253281 ], [ 2.197679953926968, 41.434657218220138 ], [ 2.195834840263811, 41.433448206363813 ], [ 2.193661441091636, 41.434017054176877 ], [ 2.193333059980438, 41.4357949053651 ] ] ] } },
{ "type": "Feature", "properties": { "id": 833, "snapped_id": 833.0, "centroid_lon": 2.1658, "centroid_lat": 41.40578, "radius": 192.306, "internal_id": 618000602266337279, "population": 1983, "component": 0, "o_score_pt": 2345.2525373795802, "o_score_car": 2518.7701348859582, "CDI": 0.035673681887991297, "log_population": 3.2975416678181597 }, "geometry": { "type": "Polygon", "coordinates": [ [ [ 2.163701267787044, 41.406327062271693 ], [ 2.165483067361296, 41.40749593060346 ], [ 2.167573068038304, 41.406948881331438 ], [ 2.167890244175558, 41.405233409945971 ], [ 2.166108420046331, 41.404064567627678 ], [ 2.164018511627863, 41.404611624163422 ], [ 2.163701267787044, 41.406327062271693 ] ] ] } },
{ "type": "Feature", "properties": { "id": 834, "snapped_id": 834.0, "centroid_lon": 2.15263, "centroid_lat": 41.36523, "radius": 192.327, "internal_id": 618000602720632831, "population": 2391, "component": 0, "o_score_pt": 1294.4207182348723, "o_score_car": 1964.2233175250949, "CDI": 0.20554641499344181, "log_population": 3.3787611753163733 }, "geometry": { "type": "Polygon", "coordinates": [ [ [ 2.150474756617719, 41.365798699300896 ], [ 2.152302539998982, 41.366998727216654 ], [ 2.15445440076474, 41.366434903327821 ], [ 2.15478050589748, 41.364671143227959 ], [ 2.152952697308713, 41.363471140856952 ], [ 2.150800931254488, 41.364034973006866 ], [ 2.150474756617719, 41.365798699300896 ] ] ] } },
{ "type": "Feature", "properties": { "id": 835, "snapped_id": 835.0, "centroid_lon": 2.18383, "centroid_lat": 41.39767, "radius": 192.346, "internal_id": 618000602495713279, "population": 2652, "component": 0, "o_score_pt": 2452.2135635895265, "o_score_car": 2503.0588382714627, "CDI": 0.0102608435134344, "log_population": 3.4237372499823291 }, "geometry": { "type": "Polygon", "coordinates": [ [ [ 2.181659232012294, 41.398242216980634 ], [ 2.183503145231662, 41.39945139798462 ], [ 2.185675530552396, 41.398882294405375 ], [ 2.186003907119853, 41.397104001316656 ], [ 2.184159968583034, 41.395894845694386 ], [ 2.181987678793317, 41.396463957779716 ], [ 2.181659232012294, 41.398242216980634 ] ] ] } },
{ "type": "Feature", "properties": { "id": 836, "snapped_id": 836.0, "centroid_lon": 2.058, "centroid_lat": 41.41872, "radius": 192.101, "internal_id": 618000603062468607, "population": 19, "component": 1, "o_score_pt": 1.243365391183247, "o_score_car": 958.9857148724592, "CDI": 0.99741027340925381, "log_population": 1.3010299956639813 }, "geometry": { "type": "Polygon", "coordinates": [ [ [ 2.05737181786945, 41.418856825047754 ], [ 2.057991315364232, 41.419264271736871 ], [ 2.058530383130532, 41.419123719039966 ], [ 2.058630755149132, 41.418584536333533 ], [ 2.058011248561536, 41.418177108309592 ], [ 2.057472210870785, 41.418317657110308 ], [ 2.05737181786945, 41.418856825047754 ] ] ] } },
{ "type": "Feature", "properties": { "id": 837, "snapped_id": 837.0, "centroid_lon": 2.15336, "centroid_lat": 41.43948, "radius": 192.247, "internal_id": 618000603024982015, "population": 1747, "component": 0, "o_score_pt": 1774.2377527923702, "o_score_car": 2151.1361028085003, "CDI": 0.096015911829228001, "log_population": 3.2425414282983844 }, "geometry": { "type": "Polygon", "coordinates": [ [ [ 2.151301845078654, 41.440017746049882 ], [ 2.153052008415361, 41.441165749812221 ], [ 2.15509998041997, 41.440630560616071 ], [ 2.155411501258274, 41.438948078287119 ], [ 2.153661313735726, 41.437800100806413 ], [ 2.1516134323592, 41.438335296650287 ], [ 2.151301845078654, 41.440017746049882 ] ] ] } },
{ "type": "Feature", "properties": { "id": 838, "snapped_id": 838.0, "centroid_lon": 2.13374, "centroid_lat": 41.42262, "radius": 192.23, "internal_id": 618000602345766911, "population": 264, "component": 0, "o_score_pt": 1746.1090592755136, "o_score_car": 1838.7515773405569, "CDI": 0.0258427111834654, "log_population": 2.4232458739368079 }, "geometry": { "type": "Polygon", "coordinates": [ [ [ 2.132284440896969, 41.422989462165155 ], [ 2.133557186464058, 41.423824900475907 ], [ 2.134968362446493, 41.423456127440261 ], [ 2.135190734997734, 41.422256157266851 ], [ 2.133917971612392, 41.421420746303717 ], [ 2.132506860683631, 41.421789518750764 ], [ 2.132284440896969, 41.422989462165155 ] ] ] } },
{ "type": "Feature", "properties": { "id": 839, "snapped_id": null, "centroid_lon": 2.1721, "centroid_lat": 41.33813, "radius": 192.391, "internal_id": 618000602710671359, "population": 42, "component": 2, "o_score_pt": 0.0, "o_score_car": 1082.8125079331332, "CDI": 1.0, "log_population": 1.6334684555795866 }, "geometry": { "type": "Polygon", "coordinates": [ [ [ 2.17122334697995, 41.338332727205589 ], [ 2.172035514989999, 41.338865873237907 ], [ 2.172832813023123, 41.338656633167552 ], [ 2.172968565862641, 41.337921136956027 ], [ 2.172156386335059, 41.337388013386665 ], [ 2.171359128593222, 41.337597249689544 ], [ 2.17122334697995, 41.338332727205589 ] ] ] } },
{ "type": "Feature", "properties": { "id": 840, "snapped_id": 840.0, "centroid_lon": 2.15171, "centroid_lat": 41.39255, "radius": 192.295, "internal_id": 618000602308280319, "population": 2102, "component": 0, "o_score_pt": 2554.3207894046632, "o_score_car": 2542.279585476223, "CDI": -0.0023625952679723998, "log_population": 3.3228392726863212 }, "geometry": { "type": "Polygon", "coordinates": [ [ [ 2.149595424867259, 41.393100699484208 ], [ 2.151391241101213, 41.394279374320632 ], [ 2.153500376273497, 41.393727301801071 ], [ 2.153820507304091, 41.391996884304682 ], [ 2.15202466628027, 41.390818235336404 ], [ 2.14991562413848, 41.391370315443666 ], [ 2.149595424867259, 41.393100699484208 ] ] ] } },
{ "type": "Feature", "properties": { "id": 841, "snapped_id": 841.0, "centroid_lon": 2.15375, "centroid_lat": 41.40386, "radius": 192.286, "internal_id": 618000602270793727, "population": 1544, "component": 0, "o_score_pt": 2658.8896850781875, "o_score_car": 2322.0266954467656, "CDI": -0.067630725733227204, "log_population": 3.1889284837608534 }, "geometry": { "type": "Polygon", "coordinates": [ [ [ 2.15173443776863, 41.404381778820131 ], [ 2.153452651854809, 41.405509306561058 ], [ 2.155458135595428, 41.404984543420618 ], [ 2.15576367574235, 41.403333158008849 ], [ 2.154045437912326, 41.402205656830496 ], [ 2.152040043050588, 41.402730426022359 ], [ 2.15173443776863, 41.404381778820131 ] ] ] } },
{ "type": "Feature", "properties": { "id": 842, "snapped_id": 842.0, "centroid_lon": 2.13855, "centroid_lat": 41.352, "radius": 192.316, "internal_id": 618000602762575871, "population": 1045, "component": 0, "o_score_pt": 1499.4847059585547, "o_score_car": 1981.4820848365591, "CDI": 0.13846652606757781, "log_population": 3.0195316845312554 }, "geometry": { "type": "Polygon", "coordinates": [ [ [ 2.136661322498903, 41.352491264130244 ], [ 2.138279480730472, 41.353554216099496 ], [ 2.14015209425877, 41.353063544795695 ], [ 2.140439240443084, 41.351511423286901 ], [ 2.138821059780131, 41.350448498542917 ], [ 2.136948529755747, 41.350939174148365 ], [ 2.136661322498903, 41.352491264130244 ] ] ] } },
{ "type": "Feature", "properties": { "id": 843, "snapped_id": 843.0, "centroid_lon": 2.16368, "centroid_lat": 41.37249, "radius": 192.338, "internal_id": 618000602748157951, "population": 1979, "component": 0, "o_score_pt": 2352.718125497765, "o_score_car": 2219.7320310812383, "CDI": -0.0290842086545616, "log_population": 3.2966651902615309 }, "geometry": { "type": "Polygon", "coordinates": [ [ [ 2.161589731138011, 41.373038701078656 ], [ 2.163370238387454, 41.37420725938594 ], [ 2.165458705589972, 41.37365999574768 ], [ 2.165775699484145, 41.371944602705781 ], [ 2.163995167700049, 41.370776070435625 ], [ 2.16190679265743, 41.371323341335113 ], [ 2.161589731138011, 41.373038701078656 ] ] ] } },
{ "type": "Feature", "properties": { "id": 844, "snapped_id": 844.0, "centroid_lon": 2.1496, "centroid_lat": 41.35926, "radius": 192.328, "internal_id": 618000602725089279, "population": 1072, "component": 0, "o_score_pt": 1118.2193124916748, "o_score_car": 2024.1389066325, "CDI": 0.28829290964583898, "log_population": 3.0305997219659511 }, "geometry": { "type": "Polygon", "coordinates": [ [ [ 2.147703685542095, 41.359751309550781 ], [ 2.149328726157659, 41.360818388955742 ], [ 2.151210225573676, 41.360325344813823 ], [ 2.151498425343515, 41.35876670140739 ], [ 2.149873362237293, 41.357699649196313 ], [ 2.147991946675834, 41.35819269773188 ], [ 2.147703685542095, 41.359751309550781 ] ] ] } },
{ "type": "Feature", "properties": { "id": 845, "snapped_id": 845.0, "centroid_lon": 2.10844, "centroid_lat": 41.3362, "radius": 192.281, "internal_id": 618000602575142911, "population": 2197, "component": 0, "o_score_pt": 1004.1035425387574, "o_score_car": 1751.4137272482003, "CDI": 0.27120504483981001, "log_population": 3.3420276880874717 }, "geometry": { "type": "Polygon", "coordinates": [ [ [ 2.106312384486611, 41.336756487997327 ], [ 2.108116849107229, 41.337942954065674 ], [ 2.110238923382087, 41.337387135150081 ], [ 2.110561699772377, 41.33564507540823 ], [ 2.108757210105233, 41.334458635103225 ], [ 2.10663522937252, 41.335014461918306 ], [ 2.106312384486611, 41.336756487997327 ] ] ] } },
{ "type": "Feature", "properties": { "id": 846, "snapped_id": 846.0, "centroid_lon": 2.18088, "centroid_lat": 41.41368, "radius": 192.323, "internal_id": 618000602462683135, "population": 1479, "component": 0, "o_score_pt": 2701.5972277197561, "o_score_car": 2474.5151417808133, "CDI": -0.043871166181976201, "log_population": 3.1702617153949575 }, "geometry": { "type": "Polygon", "coordinates": [ [ [ 2.178873863755927, 41.414197314587142 ], [ 2.180582186505404, 41.415317445831441 ], [ 2.182573742970991, 41.414796061391598 ], [ 2.182876826986059, 41.413155553338576 ], [ 2.181168480715677, 41.412035448751332 ], [ 2.179177012544583, 41.412556838990227 ], [ 2.178873863755927, 41.414197314587142 ] ] ] } },
{ "type": "Feature", "properties": { "id": 847, "snapped_id": 847.0, "centroid_lon": 2.10959, "centroid_lat": 41.3968, "radius": 192.216, "internal_id": 618000602350223359, "population": 901, "component": 0, "o_score_pt": 1359.1711911782018, "o_score_car": 2125.1788203754249, "CDI": 0.21984233118293139, "log_population": 2.9552065375419416 }, "geometry": { "type": "Polygon", "coordinates": [ [ [ 2.107750970451227, 41.397273734248124 ], [ 2.109331931392175, 41.398312447546139 ], [ 2.111155285948673, 41.397835888346172 ], [ 2.111436014919829, 41.396322468281234 ], [ 2.10985503194143, 41.395283782347711 ], [ 2.108031758998357, 41.395760345259745 ], [ 2.107750970451227, 41.397273734248124 ] ] ] } },
{ "type": "Feature", "properties": { "id": 848, "snapped_id": 848.0, "centroid_lon": 2.13966, "centroid_lat": 41.39063, "radius": 192.276, "internal_id": 618000602312736767, "population": 2946, "component": 0, "o_score_pt": 2187.8241011182809, "o_score_car": 2399.113311760404, "CDI": 0.046063242556763299, "log_population": 3.4693801358499252 }, "geometry": { "type": "Polygon", "coordinates": [ [ [ 2.137493363927423, 41.391193458524342 ], [ 2.139335773047573, 41.392403111661693 ], [ 2.141507426051554, 41.391834853349899 ], [ 2.141836574376881, 41.390056933315115 ], [ 2.139994139796372, 41.388847305536942 ], [ 2.137822582348003, 41.389415572434942 ], [ 2.137493363927423, 41.391193458524342 ] ] ] } },
{ "type": "Feature", "properties": { "id": 849, "snapped_id": 849.0, "centroid_lon": 2.16132, "centroid_lat": 41.41879, "radius": 192.283, "internal_id": 618000602275250175, "population": 1393, "component": 0, "o_score_pt": 1602.8173764627395, "o_score_car": 2405.9617388666411, "CDI": 0.2003463746188249, "log_population": 3.1442627737619908 }, "geometry": { "type": "Polygon", "coordinates": [ [ [ 2.159339145215234, 41.419308771874441 ], [ 2.161031903239141, 41.420419178816189 ], [ 2.163003157294106, 41.419903524439739 ], [ 2.163303754429344, 41.418278584180698 ], [ 2.161610973024288, 41.417168203994308 ], [ 2.159639806480873, 41.417683863920942 ], [ 2.159339145215234, 41.419308771874441 ] ] ] } },
{ "type": "Feature", "properties": { "id": 850, "snapped_id": 850.0, "centroid_lon": 2.1714, "centroid_lat": 41.43138, "radius": 192.287, "internal_id": 618000602954465279, "population": 2665, "component": 0, "o_score_pt": 2163.9732024341856, "o_score_car": 2080.045552298915, "CDI": -0.019775513489819301, "log_population": 3.4258601450778405 }, "geometry": { "type": "Polygon", "coordinates": [ [ [ 2.169225831117541, 41.431951197294552 ], [ 2.17107009858499, 41.43316049297119 ], [ 2.173243194144096, 41.432592115286383 ], [ 2.173571926614251, 41.430814433401252 ], [ 2.171727633767699, 41.429605163076651 ], [ 2.1695546338272, 41.430173549285719 ], [ 2.169225831117541, 41.431951197294552 ] ] ] } },
{ "type": "Feature", "properties": { "id": 851, "snapped_id": 851.0, "centroid_lon": 2.14763, "centroid_lat": 41.36993, "radius": 192.313, "internal_id": 618000602729545727, "population": 2632, "component": 0, "o_score_pt": 2005.9202658998561, "o_score_car": 2083.8825098593088, "CDI": 0.019062592558630399, "log_population": 3.4204508591060683 }, "geometry": { "type": "Polygon", "coordinates": [ [ [ 2.145456357123805, 41.370497919522201 ], [ 2.147298559618055, 41.371707498230442 ], [ 2.149469781547886, 41.371138787344819 ], [ 2.149798705478973, 41.369360489177154 ], [ 2.147956477563325, 41.368150935846593 ], [ 2.145785351135123, 41.368719655306599 ], [ 2.145456357123805, 41.370497919522201 ] ] ] } },
{ "type": "Feature", "properties": { "id": 852, "snapped_id": 4.0, "centroid_lon": 2.16763, "centroid_lat": 41.35115, "radius": 192.369, "internal_id": 618000602654572543, "population": 634, "component": 0, "o_score_pt": 0.097552818180303799, "o_score_car": 1638.8173649743144, "CDI": 0.99988095438375579, "log_population": 2.8027737252919755 }, "geometry": { "type": "Polygon", "coordinates": [ [ [ 2.16589563248652, 41.351594514255076 ], [ 2.167388407255942, 41.352574391865183 ], [ 2.169093153660844, 41.352127279789364 ], [ 2.169356238761647, 41.350702666773167 ], [ 2.167863443336436, 41.349722816836213 ], [ 2.166158773659118, 41.350169931142133 ], [ 2.16589563248652, 41.351594514255076 ] ] ] } },
{ "type": "Feature", "properties": { "id": 853, "snapped_id": 853.0, "centroid_lon": 2.20793, "centroid_lat": 41.40151, "radius": 192.384, "internal_id": 618000602392166399, "population": 2171, "component": 0, "o_score_pt": 1969.1633427137808, "o_score_car": 2227.8495488929034, "CDI": 0.061635790229868301, "log_population": 3.3368598209168092 }, "geometry": { "type": "Polygon", "coordinates": [ [ [ 2.205809067016089, 41.402067149159819 ], [ 2.207614910297567, 41.403250586349593 ], [ 2.209735850096886, 41.402694611224121 ], [ 2.210056546353976, 41.400955479160821 ], [ 2.208250678350749, 41.39977206778449 ], [ 2.206129831988035, 41.400328050563665 ], [ 2.205809067016089, 41.402067149159819 ] ] ] } },
{ "type": "Feature", "properties": { "id": 854, "snapped_id": 854.0, "centroid_lon": 2.08807, "centroid_lat": 41.41257, "radius": 192.161, "internal_id": 618000603071381503, "population": 0, "component": 0, "o_score_pt": 5.5941854274503253, "o_score_car": 1412.9463057937901, "CDI": 0.99211275890667838, "log_population": 0.0 }, "geometry": { "type": "Polygon", "coordinates": [ [ [ 2.088028488510981, 41.412538873587856 ], [ 2.088112628960305, 41.412594175424964 ], [ 2.088112630239294, 41.412594168541041 ], [ 2.08802848914068, 41.412538870199427 ], [ 2.088028488510981, 41.412538873587856 ] ] ] } },
{ "type": "Feature", "properties": { "id": 855, "snapped_id": 855.0, "centroid_lon": 2.14835, "centroid_lat": 41.44417, "radius": 192.233, "internal_id": 618000603033894911, "population": 117, "component": 0, "o_score_pt": 822.64599428310134, "o_score_car": 1979.8110672281441, "CDI": 0.41291090195010249, "log_population": 2.0718820073061255 }, "geometry": { "type": "Polygon", "coordinates": [ [ [ 2.147156291470444, 41.444467657632565 ], [ 2.148225350600958, 41.445168951018353 ], [ 2.149364202314352, 41.444871433869267 ], [ 2.149548107192111, 41.443878582182862 ], [ 2.148479033007237, 41.443177314690097 ], [ 2.14734023541264, 41.443474829359921 ], [ 2.147156291470444, 41.444467657632565 ] ] ] } },
{ "type": "Feature", "properties": { "id": 856, "snapped_id": 856.0, "centroid_lon": 2.11919, "centroid_lat": 41.42304, "radius": 192.204, "internal_id": 618000602317193215, "population": 330, "component": 0, "o_score_pt": 13.851580806399852, "o_score_car": 1380.3296270607209, "CDI": 0.98012943980561795, "log_population": 2.5198279937757189 }, "geometry": { "type": "Polygon", "coordinates": [ [ [ 2.117666945718519, 41.423427223946618 ], [ 2.118995571283776, 41.42429965925308 ], [ 2.120481582413495, 41.423911515785328 ], [ 2.120714689800289, 41.422654743039303 ], [ 2.119386045626085, 41.421782335273328 ], [ 2.117900102573381, 41.422170478818536 ], [ 2.117666945718519, 41.423427223946618 ] ] ] } },
{ "type": "Feature", "properties": { "id": 857, "snapped_id": 857.0, "centroid_lon": 2.16837, "centroid_lat": 41.42541, "radius": 192.288, "internal_id": 618000602958921727, "population": 1904, "component": 0, "o_score_pt": 1839.5931691579365, "o_score_car": 2181.6103707154389, "CDI": 0.085053441877819505, "log_population": 3.2798949800116382 }, "geometry": { "type": "Polygon", "coordinates": [ [ [ 2.166286044309054, 41.425951825413577 ], [ 2.168058074485157, 41.427113930007756 ], [ 2.170134892023049, 41.426570669435115 ], [ 2.170450173353273, 41.424865840745497 ], [ 2.168678118756073, 41.423703762252323 ], [ 2.166601392967328, 41.424247029876533 ], [ 2.166286044309054, 41.425951825413577 ] ] ] } },
{ "type": "Feature", "properties": { "id": 858, "snapped_id": 858.0, "centroid_lon": 2.14875, "centroid_lat": 41.40855, "radius": 192.272, "internal_id": 618000602279706623, "population": 1994, "component": 0, "o_score_pt": 2535.2318902421744, "o_score_car": 2456.4129213236811, "CDI": -0.0157901797691746, "log_population": 3.2999429000227671 }, "geometry": { "type": "Polygon", "coordinates": [ [ [ 2.146650575206624, 41.40909660519501 ], [ 2.148433330650624, 41.410266566862781 ], [ 2.150525053967336, 41.409719417435902 ], [ 2.15084280074217, 41.408002741309815 ], [ 2.149060020668018, 41.406832805630152 ], [ 2.146968389705976, 41.407379962378464 ], [ 2.146650575206624, 41.40909660519501 ] ] ] } },
{ "type": "Feature", "properties": { "id": 859, "snapped_id": 859.0, "centroid_lon": 2.18049, "centroid_lat": 41.4493, "radius": 192.284, "internal_id": 618000602921435135, "population": 1038, "component": 0, "o_score_pt": 1726.4359368839375, "o_score_car": 2028.394658630328, "CDI": 0.080418733699231901, "log_population": 3.0166155475571772 }, "geometry": { "type": "Polygon", "coordinates": [ [ [ 2.178604658722002, 41.449792570169791 ], [ 2.180224292636183, 41.450854096597993 ], [ 2.182097357089867, 41.450364364603502 ], [ 2.182383836386789, 41.448814862750368 ], [ 2.180764180123734, 41.447753363533224 ], [ 2.178891199248022, 41.448243099719186 ], [ 2.178604658722002, 41.449792570169791 ] ] ] } },
{ "type": "Feature", "properties": { "id": 860, "snapped_id": 860.0, "centroid_lon": 2.21097, "centroid_lat": 41.40749, "radius": 192.383, "internal_id": 618000602471596031, "population": 2304, "component": 0, "o_score_pt": 2027.708728028213, "o_score_car": 2220.253698209347, "CDI": 0.045326429676467703, "log_population": 3.3626709297256672 }, "geometry": { "type": "Polygon", "coordinates": [ [ [ 2.208823704724535, 41.408047131659281 ], [ 2.210644801555364, 41.409240385799862 ], [ 2.212785970010085, 41.408679174135713 ], [ 2.213109440562798, 41.406924878600115 ], [ 2.211288318816551, 41.4057316501138 ], [ 2.20914724461331, 41.406292869734898 ], [ 2.208823704724535, 41.408047131659281 ] ] ] } },
{ "type": "Feature", "properties": { "id": 861, "snapped_id": 861.0, "centroid_lon": 2.19588, "centroid_lat": 41.39959, "radius": 192.365, "internal_id": 618000602396622847, "population": 1007, "component": 0, "o_score_pt": 2327.9592437971928, "o_score_car": 2326.1752523765531, "CDI": -0.00038331325020920002, "log_population": 3.0034605321095067 }, "geometry": { "type": "Polygon", "coordinates": [ [ [ 2.194002345895712, 41.400079821106864 ], [ 2.195613662845139, 41.40113612760176 ], [ 2.197475566306982, 41.400648207087215 ], [ 2.197760205717365, 41.399105689839828 ], [ 2.196148866597067, 41.39804941062593 ], [ 2.194287046188632, 41.398537335182155 ], [ 2.194002345895712, 41.400079821106864 ] ] ] } },
{ "type": "Feature", "properties": { "id": 862, "snapped_id": 862.0, "centroid_lon": 2.10511, "centroid_lat": 41.40981, "radius": 192.194, "internal_id": 618000602359136255, "population": 430, "component": 0, "o_score_pt": 19.073679326832583, "o_score_car": 1781.451667674304, "CDI": 0.97881320653596915, "log_population": 2.6344772701607315 }, "geometry": { "type": "Polygon", "coordinates": [ [ [ 2.103505702865632, 41.410216820703511 ], [ 2.104900403754703, 41.411133118892621 ], [ 2.106475008274796, 41.410721823894207 ], [ 2.106720797498616, 41.409397466801863 ], [ 2.105326077074802, 41.408481196273968 ], [ 2.103751544193952, 41.408892492212892 ], [ 2.103505702865632, 41.410216820703511 ] ] ] } },
{ "type": "Feature", "properties": { "id": 863, "snapped_id": 863.0, "centroid_lon": 2.14019, "centroid_lat": 41.39895, "radius": 192.268, "internal_id": 618000602256375807, "population": 1666, "component": 0, "o_score_pt": 1815.76813268557, "o_score_car": 2451.2160202376008, "CDI": 0.14892201723240669, "log_population": 3.2219355998280053 }, "geometry": { "type": "Polygon", "coordinates": [ [ [ 2.138152161326711, 41.399477101596659 ], [ 2.139889085903013, 41.400617367880876 ], [ 2.141919908958337, 41.400086109672401 ], [ 2.142229261084879, 41.398415341300208 ], [ 2.14049231246755, 41.397275101416355 ], [ 2.138461579321314, 41.397806366067677 ], [ 2.138152161326711, 41.399477101596659 ] ] ] } },
{ "type": "Feature", "properties": { "id": 864, "snapped_id": 864.0, "centroid_lon": 2.10663, "centroid_lat": 41.41279, "radius": 192.193, "internal_id": 618000602321649663, "population": 634, "component": 0, "o_score_pt": 27.351965593170771, "o_score_car": 1662.3725049887903, "CDI": 0.96762553177234822, "log_population": 2.8027737252919755 }, "geometry": { "type": "Polygon", "coordinates": [ [ [ 2.104894149134523, 41.413238524572151 ], [ 2.106386770075761, 41.414219080378743 ], [ 2.108092106215428, 41.413773664553787 ], [ 2.108356274517335, 41.412350231172269 ], [ 2.106863632719134, 41.411369702985965 ], [ 2.105158373472742, 41.411815121128264 ], [ 2.104894149134523, 41.413238524572151 ] ] ] } },
{ "type": "Feature", "properties": { "id": 865, "snapped_id": 865.0, "centroid_lon": 2.1664, "centroid_lat": 41.43607, "radius": 192.273, "internal_id": 618000602963378175, "population": 2130, "component": 0, "o_score_pt": 1792.4603571572138, "o_score_car": 2143.303614136948, "CDI": 0.089142351914047693, "log_population": 3.3285834497142019 }, "geometry": { "type": "Polygon", "coordinates": [ [ [ 2.164277047223217, 41.436627423201983 ], [ 2.166077585956103, 41.437808128270078 ], [ 2.168192454533009, 41.437255160741856 ], [ 2.168513116096861, 41.435521814634662 ], [ 2.166712552550487, 41.434341135382944 ], [ 2.164597777266499, 41.434894110535694 ], [ 2.164277047223217, 41.436627423201983 ] ] ] } },
{ "type": "Feature", "properties": { "id": 866, "snapped_id": 866.0, "centroid_lon": 2.16263, "centroid_lat": 41.35584, "radius": 192.355, "internal_id": 618000602663485439, "population": 1159, "component": 0, "o_score_pt": 1065.6690659936023, "o_score_car": 2001.1581188435075, "CDI": 0.30503481170217678, "log_population": 3.0644579892269186 }, "geometry": { "type": "Polygon", "coordinates": [ [ [ 2.16070456933092, 41.3563441590154 ], [ 2.16234958021148, 41.3574240398328 ], [ 2.164257431240398, 41.356923822821436 ], [ 2.164549097715579, 41.355345069877103 ], [ 2.162904064119964, 41.354265216151738 ], [ 2.16099629798251, 41.354765437879806 ], [ 2.16070456933092, 41.3563441590154 ] ] ] } },
{ "type": "Feature", "properties": { "id": 867, "snapped_id": 867.0, "centroid_lon": 2.12914, "centroid_lat": 41.39169, "radius": 192.256, "internal_id": 618000602293862399, "population": 2829, "component": 0, "o_score_pt": 2083.0068019130281, "o_score_car": 2406.701101049005, "CDI": 0.072096961791751096, "log_population": 3.4517864355242902 }, "geometry": { "type": "Polygon", "coordinates": [ [ [ 2.126964984229936, 41.392256096105854 ], [ 2.128807094295632, 41.393465860263071 ], [ 2.130978642779854, 41.392897840911466 ], [ 2.131307985627911, 41.391120048798278 ], [ 2.129465850066189, 41.389910309993084 ], [ 2.127294397149573, 41.390478337949624 ], [ 2.126964984229936, 41.392256096105854 ] ] ] } },
{ "type": "Feature", "properties": { "id": 868, "snapped_id": 868.0, "centroid_lon": 2.08359, "centroid_lat": 41.42557, "radius": 192.139, "internal_id": 618000603080294399, "population": 0, "component": 0, "o_score_pt": 4.7965620687819577, "o_score_car": 1368.6557456970745, "CDI": 0.99301532052964503, "log_population": 0.0 }, "geometry": { "type": "Polygon", "coordinates": [ [ [ 2.083544825861526, 41.425543971077353 ], [ 2.083629227835911, 41.425599442296239 ], [ 2.083629229116224, 41.425599435408827 ], [ 2.08354482649016, 41.425543967696449 ], [ 2.083544825861526, 41.425543971077353 ] ] ] } },
{ "type": "Feature", "properties": { "id": 869, "snapped_id": 869.0, "centroid_lon": 2.12809, "centroid_lat": 41.37505, "radius": 192.273, "internal_id": 618000602288619519, "population": 2874, "component": 0, "o_score_pt": 2492.7233727941834, "o_score_car": 2221.7110205552899, "CDI": -0.057485655675090799, "log_population": 3.4586378490256493 }, "geometry": { "type": "Polygon", "coordinates": [ [ [ 2.125916412621581, 41.375613681096098 ], [ 2.127758128580997, 41.376823464310455 ], [ 2.129929237171008, 41.376255239793949 ], [ 2.130258534267734, 41.374477223454846 ], [ 2.128416792818806, 41.373267465602815 ], [ 2.126245779759804, 41.373835698728129 ], [ 2.125916412621581, 41.375613681096098 ] ] ] } },
{ "type": "Feature", "properties": { "id": 870, "snapped_id": 870.0, "centroid_lon": 2.14973, "centroid_lat": 41.40322, "radius": 192.28, "internal_id": 618000602251132927, "population": 2131, "component": 0, "o_score_pt": 2594.0108819458187, "o_score_car": 2353.9971721443499, "CDI": -0.048507138059944402, "log_population": 3.3287872003545345 }, "geometry": { "type": "Polygon", "coordinates": [ [ [ 2.147616746895922, 41.403769248016623 ], [ 2.149416195876918, 41.404950212316145 ], [ 2.151530191306644, 41.404397113951781 ], [ 2.151851045791041, 41.402663360667205 ], [ 2.150051571960807, 41.401482422193112 ], [ 2.14793766977241, 41.402035528217915 ], [ 2.147616746895922, 41.403769248016623 ] ] ] } },
{ "type": "Feature", "properties": { "id": 871, "snapped_id": 871.0, "centroid_lon": 2.19157, "centroid_lat": 41.45656, "radius": 192.295, "internal_id": 618000602930348031, "population": 2011, "component": 0, "o_score_pt": 1084.3690357794292, "o_score_car": 1658.9880098347353, "CDI": 0.20945832587630389, "log_population": 3.3036279763838898 }, "geometry": { "type": "Polygon", "coordinates": [ [ [ 2.1894648875557, 41.457106331936586 ], [ 2.191252088322309, 41.45827724821406 ], [ 2.193348397760924, 41.457729097418287 ], [ 2.193665973986511, 41.456010483896861 ], [ 2.191878748669631, 41.454839593583259 ], [ 2.189782531768182, 41.455387751662357 ], [ 2.1894648875557, 41.457106331936586 ] ] ] } },
{ "type": "Feature", "properties": { "id": 872, "snapped_id": 872.0, "centroid_lon": 2.1752, "centroid_lat": 41.36609, "radius": 192.366, "internal_id": 618000602742915071, "population": 1499, "component": 0, "o_score_pt": 1372.067121384722, "o_score_car": 1974.0444393935952, "CDI": 0.1799035408935532, "log_population": 3.1760912590556813 }, "geometry": { "type": "Polygon", "coordinates": [ [ [ 2.173192463257186, 41.366611252775556 ], [ 2.174902997666178, 41.367733648217175 ], [ 2.176897872534445, 41.367210598392326 ], [ 2.177201518878587, 41.365566070447002 ], [ 2.17549096091527, 41.364443701659013 ], [ 2.173496174426636, 41.364966757362083 ], [ 2.173192463257186, 41.366611252775556 ] ] ] } },
{ "type": "Feature", "properties": { "id": 873, "snapped_id": 873.0, "centroid_lon": 2.2065, "centroid_lat": 41.4205, "radius": 192.361, "internal_id": 618000602480508927, "population": 2603, "component": 0, "o_score_pt": 2029.0480690718548, "o_score_car": 2204.0907759367296, "CDI": 0.041350570646004801, "log_population": 3.4156409798961542 }, "geometry": { "type": "Polygon", "coordinates": [ [ [ 2.204324131698374, 41.421072875691451 ], [ 2.206169234999106, 41.422281803802008 ], [ 2.208342488496656, 41.421712528826582 ], [ 2.208670543128996, 41.41993431727856 ], [ 2.206825414572789, 41.418725414548668 ], [ 2.204652256636849, 41.419294697986757 ], [ 2.204324131698374, 41.421072875691451 ] ] ] } },
{ "type": "Feature", "properties": { "id": 874, "snapped_id": 874.0, "centroid_lon": 2.12146, "centroid_lat": 41.33279, "radius": 192.307, "internal_id": 618000605159882751, "population": 1266, "component": 0, "o_score_pt": 670.1507266726336, "o_score_car": 1608.4464954983605, "CDI": 0.41178658505154347, "log_population": 3.1027766148834415 }, "geometry": { "type": "Polygon", "coordinates": [ [ [ 2.119506846926165, 41.333296698268974 ], [ 2.121172541535417, 41.334391606195929 ], [ 2.123109091695764, 41.333884107943291 ], [ 2.12340552739925, 41.332282834964104 ], [ 2.121739809667511, 41.33118795398012 ], [ 2.119803345578431, 41.331695457419485 ], [ 2.119506846926165, 41.333296698268974 ] ] ] } },
{ "type": "Feature", "properties": { "id": 875, "snapped_id": 875.0, "centroid_lon": 2.08056, "centroid_lat": 41.4196, "radius": 192.14, "internal_id": 618000603084750847, "population": 0, "component": 0, "o_score_pt": 3.3294748431735752, "o_score_car": 1201.1456623888885, "CDI": 0.99447149261905921, "log_population": 0.0 }, "geometry": { "type": "Polygon", "coordinates": [ [ [ 2.080522886173347, 41.419569879979214 ], [ 2.080607147550994, 41.419625267087611 ], [ 2.080607148831144, 41.419625260201528 ], [ 2.08052288680278, 41.419569876594231 ], [ 2.080522886173347, 41.419569879979214 ] ] ] } },
{ "type": "Feature", "properties": { "id": 876, "snapped_id": 876.0, "centroid_lon": 2.13565, "centroid_lat": 41.38998, "radius": 192.27, "internal_id": 618000602293075967, "population": 2928, "component": 0, "o_score_pt": 2023.5826755270016, "o_score_car": 2444.5782829256468, "CDI": 0.094221226879086795, "log_population": 3.4667193716815987 }, "geometry": { "type": "Polygon", "coordinates": [ [ [ 2.133479505257657, 41.390551944064839 ], [ 2.135321777601888, 41.391761640042851 ], [ 2.137493363927423, 41.391193458524342 ], [ 2.137822582348003, 41.389415572434942 ], [ 2.135980284530461, 41.388205901814104 ], [ 2.133808793762754, 41.388774091926074 ], [ 2.133479505257657, 41.390551944064839 ] ] ] } },
{ "type": "Feature", "properties": { "id": 877, "snapped_id": 877.0, "centroid_lon": 2.13716, "centroid_lat": 41.39297, "radius": 192.269, "internal_id": 618000602255589375, "population": 2912, "component": 0, "o_score_pt": 1982.9247427604523, "o_score_car": 2396.3252411611438, "CDI": 0.094399840136664998, "log_population": 3.4643404846276673 }, "geometry": { "type": "Polygon", "coordinates": [ [ [ 2.134992504836192, 41.393539466107768 ], [ 2.136834888486265, 41.394749144601285 ], [ 2.139006570374988, 41.394180971673144 ], [ 2.139335773047573, 41.392403111661693 ], [ 2.137493363927423, 41.391193458524342 ], [ 2.135321777601888, 41.391761640042851 ], [ 2.134992504836192, 41.393539466107768 ] ] ] } },
{ "type": "Feature", "properties": { "id": 878, "snapped_id": 878.0, "centroid_lon": 2.17323, "centroid_lat": 41.37676, "radius": 192.351, "internal_id": 618000602747371519, "population": 1886, "component": 0, "o_score_pt": 2653.7397505012682, "o_score_car": 2181.6167048882162, "CDI": -0.097639760371093995, "log_population": 3.2757719001649312 }, "geometry": { "type": "Polygon", "coordinates": [ [ [ 2.171148205357896, 41.377302823719468 ], [ 2.172916925678639, 41.378463304970673 ], [ 2.17498939998894, 41.377920150700191 ], [ 2.175303968310764, 41.376217034512472 ], [ 2.173535223646224, 41.375056579416317 ], [ 2.171462840845708, 41.375599740688095 ], [ 2.171148205357896, 41.377302823719468 ] ] ] } },
{ "type": "Feature", "properties": { "id": 879, "snapped_id": 879.0, "centroid_lon": 2.18232, "centroid_lat": 41.39469, "radius": 192.347, "internal_id": 618000602484965375, "population": 2327, "component": 0, "o_score_pt": 2599.0502597650038, "o_score_car": 2492.8867306751972, "CDI": -0.020849340690806201, "log_population": 3.3669829759778507 }, "geometry": { "type": "Polygon", "coordinates": [ [ [ 2.180170766019881, 41.395247227484226 ], [ 2.181993232547891, 41.396442434276018 ], [ 2.184137068925669, 41.395880776466186 ], [ 2.184461472250757, 41.394124058992645 ], [ 2.18263898068722, 41.392928877819038 ], [ 2.18049523869291, 41.393490543690469 ], [ 2.180170766019881, 41.395247227484226 ] ] ] } },
{ "type": "Feature", "properties": { "id": 880, "snapped_id": 880.0, "centroid_lon": 2.16033, "centroid_lat": 41.42413, "radius": 192.276, "internal_id": 618000602335019007, "population": 2072, "component": 0, "o_score_pt": 1827.5121152738548, "o_score_car": 2203.974046821404, "CDI": 0.093380435008585602, "log_population": 3.3165993020938607 }, "geometry": { "type": "Polygon", "coordinates": [ [ [ 2.158225822444395, 41.424677133984353 ], [ 2.160018948240326, 41.425853331082223 ], [ 2.162124136030825, 41.42530276471927 ], [ 2.162443553419126, 41.423576374392091 ], [ 2.160650402890817, 41.42240020318453 ], [ 2.158545307998387, 41.422950777042352 ], [ 2.158225822444395, 41.424677133984353 ] ] ] } },
{ "type": "Feature", "properties": { "id": 881, "snapped_id": 881.0, "centroid_lon": 2.14473, "centroid_lat": 41.40791, "radius": 192.266, "internal_id": 618000602260045823, "population": 1558, "component": 0, "o_score_pt": 2276.6955440541747, "o_score_car": 2398.7042315800709, "CDI": 0.026095883428352399, "log_population": 3.1928461151888419 }, "geometry": { "type": "Polygon", "coordinates": [ [ [ 2.142714035152572, 41.408433173739297 ], [ 2.14443436133891, 41.40956228981613 ], [ 2.146442873933938, 41.409036961011772 ], [ 2.146749008197811, 41.407383407088524 ], [ 2.145028658206666, 41.406254317548729 ], [ 2.143020234629111, 41.406779652462788 ], [ 2.142714035152572, 41.408433173739297 ] ] ] } },
{ "type": "Feature", "properties": { "id": 882, "snapped_id": 882.0, "centroid_lon": 2.16974, "centroid_lat": 41.38444, "radius": 192.336, "internal_id": 618000602489421823, "population": 2385, "component": 0, "o_score_pt": 2783.0128334116289, "o_score_car": 2345.319464864252, "CDI": -0.085348090390813203, "log_population": 3.3776704393343229 }, "geometry": { "type": "Polygon", "coordinates": [ [ [ 2.167587288331068, 41.385006203017319 ], [ 2.16941537265413, 41.386205626563829 ], [ 2.171567088687527, 41.385641922501932 ], [ 2.171892841658881, 41.383878894587077 ], [ 2.170064732181774, 41.38267949659032 ], [ 2.167913110853414, 41.383243208867157 ], [ 2.167587288331068, 41.385006203017319 ] ] ] } },
{ "type": "Feature", "properties": { "id": 883, "snapped_id": 883.0, "centroid_lon": 2.11495, "centroid_lat": 41.3345, "radius": 192.294, "internal_id": 618000605160669183, "population": 2428, "component": 0, "o_score_pt": 1029.16728963115, "o_score_car": 1689.0772941166449, "CDI": 0.2427706500110598, "log_population": 3.3854275148051305 }, "geometry": { "type": "Polygon", "coordinates": [ [ [ 2.112790047184819, 41.335060283180013 ], [ 2.114619896363084, 41.336263266062616 ], [ 2.116775676652744, 41.335698467933021 ], [ 2.117103066844682, 41.333930747406633 ], [ 2.115273192300829, 41.332727790023135 ], [ 2.113117506895555, 41.333292596566118 ], [ 2.112790047184819, 41.335060283180013 ] ] ] } },
{ "type": "Feature", "properties": { "id": 884, "snapped_id": 884.0, "centroid_lon": 2.07202, "centroid_lat": 41.40999, "radius": 192.135, "internal_id": 618000603056177151, "population": 0, "component": 0, "o_score_pt": 0.52387504909862248, "o_score_car": 1178.9743546355653, "CDI": 0.99911169845631942, "log_population": 0.0 }, "geometry": { "type": "Polygon", "coordinates": [ [ [ 2.071978816667977, 41.409964692225145 ], [ 2.072062837219982, 41.410019939494262 ], [ 2.072062838500184, 41.410019932610169 ], [ 2.071978817298915, 41.409964688833178 ], [ 2.071978816667977, 41.409964692225145 ] ] ] } },
{ "type": "Feature", "properties": { "id": 885, "snapped_id": 885.0, "centroid_lon": 2.14776, "centroid_lat": 41.41388, "radius": 192.265, "internal_id": 618000602339475455, "population": 983, "component": 0, "o_score_pt": 2239.212478957822, "o_score_car": 2355.722494757767, "CDI": 0.025356183812484199, "log_population": 2.9929950984313414 }, "geometry": { "type": "Polygon", "coordinates": [ [ [ 2.145888306244395, 41.414366642711748 ], [ 2.147492586527994, 41.415419436872618 ], [ 2.149346114695537, 41.414934700994735 ], [ 2.149630423867325, 41.413398930655951 ], [ 2.148026121347334, 41.412346163773456 ], [ 2.146172675975469, 41.412830903667022 ], [ 2.145888306244395, 41.414366642711748 ] ] ] } },
{ "type": "Feature", "properties": { "id": 886, "snapped_id": 886.0, "centroid_lon": 2.16573, "centroid_lat": 41.3838, "radius": 192.33, "internal_id": 618000602301988863, "population": 2472, "component": 0, "o_score_pt": 2711.0622973042832, "o_score_car": 2469.8183818257394, "CDI": -0.046564267818469299, "log_population": 3.3932241163612975 }, "geometry": { "type": "Polygon", "coordinates": [ [ [ 2.163561017643507, 41.384368925286083 ], [ 2.165398017169101, 41.385574330232039 ], [ 2.167561739751554, 41.385007539961407 ], [ 2.167889256302025, 41.383235379500455 ], [ 2.166052231488152, 41.382030000002366 ], [ 2.163888604097661, 41.382596798685213 ], [ 2.163561017643507, 41.384368925286083 ] ] ] } },
{ "type": "Feature", "properties": { "id": 887, "snapped_id": 887.0, "centroid_lon": 2.20756, "centroid_lat": 41.43715, "radius": 192.345, "internal_id": 618000602981203967, "population": 2564, "component": 0, "o_score_pt": 1993.3998424124215, "o_score_car": 1907.1824886384236, "CDI": -0.022103713357787401, "log_population": 3.409087369447835 }, "geometry": { "type": "Polygon", "coordinates": [ [ [ 2.205389419178035, 41.437715138728869 ], [ 2.207234917897582, 41.438924046540066 ], [ 2.209408612048516, 41.438354976273033 ], [ 2.209736711878789, 41.436576989736672 ], [ 2.207891187897371, 41.435368107295936 ], [ 2.205717589344678, 41.435937186021668 ], [ 2.205389419178035, 41.437715138728869 ] ] ] } },
{ "type": "Feature", "properties": { "id": 888, "snapped_id": 888.0, "centroid_lon": 2.12448, "centroid_lat": 41.33877, "radius": 192.306, "internal_id": 618000602756284415, "population": 2399, "component": 0, "o_score_pt": 871.84668908117055, "o_score_car": 1853.7370186958783, "CDI": 0.36024955931935948, "log_population": 3.3802112417116059 }, "geometry": { "type": "Polygon", "coordinates": [ [ [ 2.122326165853221, 41.339330287454942 ], [ 2.124153364766037, 41.340531175322248 ], [ 2.126305326218249, 41.339967293601241 ], [ 2.126631992688996, 41.33820260523278 ], [ 2.124804768480439, 41.337001742900917 ], [ 2.122652901751133, 41.337565632954075 ], [ 2.122326165853221, 41.339330287454942 ] ] ] } },
{ "type": "Feature", "properties": { "id": 889, "snapped_id": 889.0, "centroid_lon": 2.14611, "centroid_lat": 41.36694, "radius": 192.313, "internal_id": 618000602718797823, "population": 2699, "component": 0, "o_score_pt": 1967.0261027201921, "o_score_car": 2126.080012642019, "CDI": 0.038858975418415702, "log_population": 3.4313637641589874 }, "geometry": { "type": "Polygon", "coordinates": [ [ [ 2.143943259898425, 41.367510059157247 ], [ 2.145785351135123, 41.368719655306599 ], [ 2.147956477563325, 41.368150935846593 ], [ 2.148285417255629, 41.36637261166041 ], [ 2.146443300594273, 41.365163040889797 ], [ 2.144272269662371, 41.36573176892724 ], [ 2.143943259898425, 41.367510059157247 ] ] ] } },
{ "type": "Feature", "properties": { "id": 890, "snapped_id": 890.0, "centroid_lon": 2.17565, "centroid_lat": 41.35243, "radius": 192.381, "internal_id": 618000602681311231, "population": 138, "component": 0, "o_score_pt": 0.29179119804561621, "o_score_car": 1625.7825860654852, "CDI": 0.99964110965386876, "log_population": 2.143014800254095 }, "geometry": { "type": "Polygon", "coordinates": [ [ [ 2.174406507177635, 41.352738715753006 ], [ 2.175515536189047, 41.353466540868524 ], [ 2.176708443106242, 41.353153604632688 ], [ 2.176899626115181, 41.352117860831015 ], [ 2.175790581609571, 41.35139006201512 ], [ 2.174597730869346, 41.351702996067758 ], [ 2.174406507177635, 41.352738715753006 ] ] ] } },
{ "type": "Feature", "properties": { "id": 891, "snapped_id": 891.0, "centroid_lon": 2.1949, "centroid_lat": 41.40493, "radius": 192.358, "internal_id": 618000602456391679, "population": 2273, "component": 0, "o_score_pt": 2099.0134495903071, "o_score_car": 2355.9245912706879, "CDI": 0.057668847315938902, "log_population": 3.356790460351716 }, "geometry": { "type": "Polygon", "coordinates": [ [ [ 2.192758322935508, 41.405487370356958 ], [ 2.194575456673483, 41.406678550454728 ], [ 2.196711795601631, 41.406118838744398 ], [ 2.197034904093014, 41.404368141026985 ], [ 2.195217745433962, 41.403176986611804 ], [ 2.193081500583016, 41.403736706237083 ], [ 2.192758322935508, 41.405487370356958 ] ] ] } },
{ "type": "Feature", "properties": { "id": 892, "snapped_id": 892.0, "centroid_lon": 2.15533, "centroid_lat": 41.42882, "radius": 192.262, "internal_id": 618000602343931903, "population": 2595, "component": 0, "o_score_pt": 2020.946402293692, "o_score_car": 2276.4084017465971, "CDI": 0.05944633643299, "log_population": 3.4143046881283317 }, "geometry": { "type": "Polygon", "coordinates": [ [ [ 2.153158413615529, 41.429386326128395 ], [ 2.155002133686954, 41.430595793840233 ], [ 2.157174962752352, 41.430027723756446 ], [ 2.157503976115897, 41.428250177408032 ], [ 2.155660230613338, 41.427040735040066 ], [ 2.153487497175497, 41.42760881367726 ], [ 2.153158413615529, 41.429386326128395 ] ] ] } },
{ "type": "Feature", "properties": { "id": 893, "snapped_id": 893.0, "centroid_lon": 2.16541, "centroid_lat": 41.44141, "radius": 192.266, "internal_id": 618000603023147007, "population": 2263, "component": 0, "o_score_pt": 2084.4010269441487, "o_score_car": 2169.0507720759492, "CDI": 0.019901423392478999, "log_population": 3.354876422516234 }, "geometry": { "type": "Polygon", "coordinates": [ [ [ 2.163270943277594, 41.441965232194839 ], [ 2.1650868700517, 41.443155979761698 ], [ 2.167222280465979, 41.442597765708996 ], [ 2.16754584556853, 41.440849014658525 ], [ 2.165729893769468, 41.439658292745271 ], [ 2.163594577480997, 41.440216514737841 ], [ 2.163270943277594, 41.441965232194839 ] ] ] } },
{ "type": "Feature", "properties": { "id": 894, "snapped_id": 894.0, "centroid_lon": 2.15368, "centroid_lat": 41.38188, "radius": 192.31, "internal_id": 618000602306445311, "population": 1994, "component": 0, "o_score_pt": 2469.0259058915312, "o_score_car": 2373.4570548826891, "CDI": -0.019735505892944299, "log_population": 3.2999429000227671 }, "geometry": { "type": "Polygon", "coordinates": [ [ [ 2.151586070292393, 41.382427637576171 ], [ 2.153368393740553, 41.383597550514644 ], [ 2.155459514732046, 41.383049949505754 ], [ 2.155777075700617, 41.381332855176723 ], [ 2.153994727654411, 41.380162968245436 ], [ 2.151903698954475, 41.380710576570294 ], [ 2.151586070292393, 41.382427637576171 ] ] ] } },
{ "type": "Feature", "properties": { "id": 895, "snapped_id": 895.0, "centroid_lon": 2.17534, "centroid_lat": 41.41005, "radius": 192.318, "internal_id": 618000602268958719, "population": 1160, "component": 0, "o_score_pt": 2782.435914995755, "o_score_car": 2474.168095293167, "CDI": -0.0586439113730471, "log_population": 3.064832219738574 }, "geometry": { "type": "Polygon", "coordinates": [ [ [ 2.173419188502364, 41.410547932985693 ], [ 2.175065914448916, 41.411627875962608 ], [ 2.176975460040847, 41.411127984175316 ], [ 2.177267143173832, 41.409549606065269 ], [ 2.175620394512754, 41.408469690159528 ], [ 2.173710933925681, 41.408969586639607 ], [ 2.173419188502364, 41.410547932985693 ] ] ] } },
{ "type": "Feature", "properties": { "id": 896, "snapped_id": 896.0, "centroid_lon": 2.13355, "centroid_lat": 41.3567, "radius": 192.302, "internal_id": 618000602723254271, "population": 1099, "component": 0, "o_score_pt": 1393.4345073548348, "o_score_car": 2039.177566189489, "CDI": 0.1881200220122444, "log_population": 3.0413926851582249 }, "geometry": { "type": "Polygon", "coordinates": [ [ [ 2.131645761688656, 41.357189715575984 ], [ 2.133276600868639, 41.35826107196079 ], [ 2.135166224325978, 41.357766105438202 ], [ 2.135455849628925, 41.356201205563565 ], [ 2.13382498782877, 41.35512987633107 ], [ 2.131935448570151, 41.355624847383247 ], [ 2.131645761688656, 41.357189715575984 ] ] ] } },
{ "type": "Feature", "properties": { "id": 897, "snapped_id": 897.0, "centroid_lon": 2.15151, "centroid_lat": 41.3266, "radius": 192.367, "internal_id": 618000602685767679, "population": 636, "component": 0, "o_score_pt": 0.67430580675425489, "o_score_car": 1326.0737242747821, "CDI": 0.99898352092263842, "log_population": 2.8041394323353503 }, "geometry": { "type": "Polygon", "coordinates": [ [ [ 2.149776657222668, 41.327048351994286 ], [ 2.151269327806343, 41.328028854627945 ], [ 2.152974428565927, 41.327581485137635 ], [ 2.153237827685512, 41.326155884336508 ], [ 2.151745136408748, 41.325175409375966 ], [ 2.150040112384293, 41.325622781136182 ], [ 2.149776657222668, 41.327048351994286 ] ] ] } },
{ "type": "Feature", "properties": { "id": 898, "snapped_id": 898.0, "centroid_lon": 2.20248, "centroid_lat": 41.41986, "radius": 192.355, "internal_id": 618000602460848127, "population": 2631, "component": 0, "o_score_pt": 2377.1753584018788, "o_score_car": 2239.9581102328889, "CDI": -0.029719142645786099, "log_population": 3.4202858849419178 }, "geometry": { "type": "Polygon", "coordinates": [ [ [ 2.200305978046951, 41.420433102488879 ], [ 2.202150944620042, 41.421642073707851 ], [ 2.204324131698374, 41.421072875691451 ], [ 2.204652256636849, 41.419294697986757 ], [ 2.202807264795252, 41.418085752146425 ], [ 2.200634173280827, 41.418654958632757 ], [ 2.200305978046951, 41.420433102488879 ] ] ] } },
{ "type": "Feature", "properties": { "id": 899, "snapped_id": 899.0, "centroid_lon": 2.0826, "centroid_lat": 41.4309, "radius": 192.131, "internal_id": 618000603140063231, "population": 56, "component": 0, "o_score_pt": 3.1354928139825997, "o_score_car": 1994.4035093923133, "CDI": 0.99686064421218357, "log_population": 1.7558748556724915 }, "geometry": { "type": "Polygon", "coordinates": [ [ [ 2.081632587713874, 41.4311312414873 ], [ 2.082516756290241, 41.431712312632314 ], [ 2.08340933919622, 41.431479507458576 ], [ 2.083559339976172, 41.430672717830994 ], [ 2.082675158730257, 41.430091670275097 ], [ 2.081782620098914, 41.430324471992591 ], [ 2.081632587713874, 41.4311312414873 ] ] ] } },
{ "type": "Feature", "properties": { "id": 900, "snapped_id": 900.0, "centroid_lon": 2.16238, "centroid_lat": 41.43543, "radius": 192.267, "internal_id": 618000603027603455, "population": 2089, "component": 0, "o_score_pt": 1924.6676424095408, "o_score_car": 2139.2841917642613, "CDI": 0.052809816186798399, "log_population": 3.3201462861110542 }, "geometry": { "type": "Polygon", "coordinates": [ [ [ 2.160266069987218, 41.435984434194573 ], [ 2.16206156554303, 41.437161961531075 ], [ 2.164169816081332, 41.436610782079164 ], [ 2.164489626557174, 41.434882438629259 ], [ 2.162694106241046, 41.43370493715674 ], [ 2.160585948734658, 41.434256124140433 ], [ 2.160266069987218, 41.435984434194573 ] ] ] } },
{ "type": "Feature", "properties": { "id": 901, "snapped_id": 901.0, "centroid_lon": 2.16125, "centroid_lat": 41.39682, "radius": 192.307, "internal_id": 618000602310901759, "population": 2753, "component": 0, "o_score_pt": 2923.0518151150691, "o_score_car": 2583.0732631907717, "CDI": -0.061745519233446997, "log_population": 3.4399639359209049 }, "geometry": { "type": "Polygon", "coordinates": [ [ [ 2.159079949468222, 41.397386704278588 ], [ 2.160923153713244, 41.39859612545856 ], [ 2.163095235398966, 41.398027491603941 ], [ 2.163424017286942, 41.396249428023246 ], [ 2.161580787649739, 41.395040032211682 ], [ 2.159408801513878, 41.395608674613001 ], [ 2.159079949468222, 41.397386704278588 ] ] ] } },
{ "type": "Feature", "properties": { "id": 902, "snapped_id": 902.0, "centroid_lon": 2.16277, "centroid_lat": 41.39981, "radius": 192.307, "internal_id": 618000602273415167, "population": 1656, "component": 0, "o_score_pt": 2733.1103387662142, "o_score_car": 2496.4537981949065, "CDI": -0.045253587942192801, "log_population": 3.2193225084193369 }, "geometry": { "type": "Polygon", "coordinates": [ [ [ 2.160729526178766, 41.400336283981893 ], [ 2.162465592786762, 41.401475322566469 ], [ 2.16449468451651, 41.400944152971832 ], [ 2.164803369310793, 41.399274719000864 ], [ 2.163067278752153, 41.398135706842069 ], [ 2.161038276832235, 41.398666882811078 ], [ 2.160729526178766, 41.400336283981893 ] ] ] } },
{ "type": "Feature", "properties": { "id": 903, "snapped_id": 903.0, "centroid_lon": 2.14111, "centroid_lat": 41.37164, "radius": 192.299, "internal_id": 618000602727710719, "population": 2231, "component": 0, "o_score_pt": 2311.9768888952967, "o_score_car": 2199.800013481929, "CDI": -0.024863125513644498, "log_population": 3.3486941902655412 }, "geometry": { "type": "Polygon", "coordinates": [ [ [ 2.138983220459683, 41.37219238393736 ], [ 2.140793306777237, 41.373381047378551 ], [ 2.142921852560828, 41.372823663739496 ], [ 2.143244910739301, 41.371077830653952 ], [ 2.141434799407858, 41.36988919293335 ], [ 2.139306347423636, 41.370446584489649 ], [ 2.138983220459683, 41.37219238393736 ] ] ] } },
{ "type": "Feature", "properties": { "id": 904, "snapped_id": 904.0, "centroid_lon": 2.13947, "centroid_lat": 41.32468, "radius": 192.348, "internal_id": 618000602690224127, "population": 978, "component": 0, "o_score_pt": 0.83068784961424857, "o_score_car": 1559.5398605449429, "CDI": 0.99893526848418301, "log_population": 2.9907826918031377 }, "geometry": { "type": "Polygon", "coordinates": [ [ [ 2.13760639295064, 41.325165495050619 ], [ 2.139207276010329, 41.326217424328021 ], [ 2.141056978934791, 41.32573226757426 ], [ 2.141340887761717, 41.32419673126644 ], [ 2.139739982515869, 41.323144829309925 ], [ 2.137890362143541, 41.323629990081891 ], [ 2.13760639295064, 41.325165495050619 ] ] ] } },
{ "type": "Feature", "properties": { "id": 905, "snapped_id": 905.0, "centroid_lon": 2.16111, "centroid_lat": 41.35286, "radius": 192.355, "internal_id": 618000602652737535, "population": 1654, "component": 0, "o_score_pt": 1066.4640692249875, "o_score_car": 2029.5017150392237, "CDI": 0.3110621088608419, "log_population": 3.2187979981117376 }, "geometry": { "type": "Polygon", "coordinates": [ [ [ 2.159077803657171, 41.353387798885265 ], [ 2.160812507024009, 41.354526643174225 ], [ 2.162840033105594, 41.353995017968387 ], [ 2.163148520092548, 41.352325273945468 ], [ 2.161413792802819, 41.351186456110398 ], [ 2.159386356414974, 41.351718087693193 ], [ 2.159077803657171, 41.353387798885265 ] ] ] } },
{ "type": "Feature", "properties": { "id": 906, "snapped_id": 906.0, "centroid_lon": 2.07957, "centroid_lat": 41.42493, "radius": 192.132, "internal_id": 618000603144519679, "population": 0, "component": 0, "o_score_pt": 2.3304710186694546, "o_score_car": 1130.5050495894263, "CDI": 0.99588559684742517, "log_population": 0.0 }, "geometry": { "type": "Polygon", "coordinates": [ [ [ 2.07953167893148, 41.424900290228344 ], [ 2.079616050929355, 41.424955747830957 ], [ 2.079616052209973, 41.424955740943496 ], [ 2.079531679560424, 41.424900286846544 ], [ 2.07953167893148, 41.424900290228344 ] ] ] } },
{ "type": "Feature", "properties": { "id": 907, "snapped_id": 907.0, "centroid_lon": 2.11913, "centroid_lat": 41.40107, "radius": 192.228, "internal_id": 618000602352844799, "population": 2009, "component": 0, "o_score_pt": 1539.1821552147449, "o_score_car": 2254.5248347923271, "CDI": 0.18856033991603779, "log_population": 3.3031960574204886 }, "geometry": { "type": "Polygon", "coordinates": [ [ [ 2.117034354392652, 41.401617196509619 ], [ 2.118817967849123, 41.402788708135503 ], [ 2.120911664043322, 41.402241410847111 ], [ 2.121230256782549, 41.400523014175221 ], [ 2.11944661857985, 41.399351528505882 ], [ 2.117353014851558, 41.399898833206827 ], [ 2.117034354392652, 41.401617196509619 ] ] ] } },
{ "type": "Feature", "properties": { "id": 908, "snapped_id": 908.0, "centroid_lon": 2.18042, "centroid_lat": 41.42733, "radius": 192.308, "internal_id": 618000602957086719, "population": 2858, "component": 0, "o_score_pt": 2228.4216438912849, "o_score_car": 2162.0534439960788, "CDI": -0.0151164050738621, "log_population": 3.4562141553579888 }, "geometry": { "type": "Polygon", "coordinates": [ [ [ 2.17824670867781, 41.427899679754937 ], [ 2.180091163700104, 41.429108881677912 ], [ 2.182264267728336, 41.428540256198247 ], [ 2.182592821130296, 41.426762420287581 ], [ 2.180748340761436, 41.425553243724842 ], [ 2.178575332334297, 41.426121877713108 ], [ 2.17824670867781, 41.427899679754937 ] ] ] } },
{ "type": "Feature", "properties": { "id": 909, "snapped_id": 909.0, "centroid_lon": 2.14704, "centroid_lat": 41.33962, "radius": 192.345, "internal_id": 618000602694680575, "population": 1036, "component": 0, "o_score_pt": 3.7376883647662762, "o_score_car": 1772.815073592272, "CDI": 0.9957922011157736, "log_population": 3.0157787563890408 }, "geometry": { "type": "Polygon", "coordinates": [ [ [ 2.145149476338022, 41.340112562506569 ], [ 2.146765410983497, 41.341173985435582 ], [ 2.148634933152229, 41.340683775169062 ], [ 2.148921494336179, 41.339133635455696 ], [ 2.147305537320993, 41.338072239773552 ], [ 2.145436098507051, 41.338562454291676 ], [ 2.145149476338022, 41.340112562506569 ] ] ] } },
{ "type": "Feature", "properties": { "id": 910, "snapped_id": 910.0, "centroid_lon": 2.14855, "centroid_lat": 41.34261, "radius": 192.344, "internal_id": 618000602657193983, "population": 1232, "component": 0, "o_score_pt": 3.8976729258555651, "o_score_car": 1854.2138071294064, "CDI": 0.99580469420947804, "log_population": 3.0909630765957314 }, "geometry": { "type": "Polygon", "coordinates": [ [ [ 2.146607010701936, 41.343116259598801 ], [ 2.148266779898233, 41.344206393183796 ], [ 2.15019472106357, 41.34370089491194 ], [ 2.150489458792694, 41.342106471580145 ], [ 2.148829666640872, 41.341016364992086 ], [ 2.146901811176784, 41.341521868280211 ], [ 2.146607010701936, 41.343116259598801 ] ] ] } },
{ "type": "Feature", "properties": { "id": 911, "snapped_id": 911.0, "centroid_lon": 2.09761, "centroid_lat": 41.41684, "radius": 192.173, "internal_id": 618000603074002943, "population": 209, "component": 0, "o_score_pt": 11.302847074283603, "o_score_car": 1358.1566452882985, "CDI": 0.9834929807894004, "log_population": 2.3222192947339191 }, "geometry": { "type": "Polygon", "coordinates": [ [ [ 2.09622962890133, 41.417185589882827 ], [ 2.097442838232393, 41.417982735559434 ], [ 2.098775073130977, 41.417634918983076 ], [ 2.098986843353697, 41.416494541549191 ], [ 2.097773616924362, 41.415697422906916 ], [ 2.096441443941837, 41.416045238327591 ], [ 2.09622962890133, 41.417185589882827 ] ] ] } },
{ "type": "Feature", "properties": { "id": 912, "snapped_id": 912.0, "centroid_lon": 2.21749, "centroid_lat": 41.40578, "radius": 192.397, "internal_id": 618000602394787839, "population": 1259, "component": 0, "o_score_pt": 1542.7440717608772, "o_score_car": 2174.7128232294112, "CDI": 0.1700002903383187, "log_population": 3.1003705451175629 }, "geometry": { "type": "Polygon", "coordinates": [ [ [ 2.215534984342188, 41.406284428227814 ], [ 2.217203446430668, 41.4073775139817 ], [ 2.219140991538836, 41.40686953600823 ], [ 2.219435837846419, 41.405269786616486 ], [ 2.217767352895228, 41.404176727830787 ], [ 2.215829893855131, 41.404684710795358 ], [ 2.215534984342188, 41.406284428227814 ] ] ] } },
{ "type": "Feature", "properties": { "id": 913, "snapped_id": 913.0, "centroid_lon": 2.10657, "centroid_lat": 41.39082, "radius": 192.217, "internal_id": 618000602357301247, "population": 1839, "component": 0, "o_score_pt": 1601.1317678927153, "o_score_car": 2187.9672566872755, "CDI": 0.15487467732770821, "log_population": 3.2648178230095364 }, "geometry": { "type": "Polygon", "coordinates": [ [ [ 2.104500579080823, 41.391362218261477 ], [ 2.10626129367748, 41.392519203164184 ], [ 2.108324790909766, 41.39197981665221 ], [ 2.108639372662668, 41.390284007385922 ], [ 2.106878633587724, 41.389127048649264 ], [ 2.104815227613154, 41.389666442151054 ], [ 2.104500579080823, 41.391362218261477 ] ] ] } },
{ "type": "Feature", "properties": { "id": 914, "snapped_id": 914.0, "centroid_lon": 2.1246, "centroid_lat": 41.38273, "radius": 192.258, "internal_id": 618000602282328063, "population": 2782, "component": 0, "o_score_pt": 1959.421732631612, "o_score_car": 2288.900822762072, "CDI": 0.077555102239624502, "log_population": 3.4445132063340429 }, "geometry": { "type": "Polygon", "coordinates": [ [ [ 2.122427607673933, 41.383293346257112 ], [ 2.124269383889336, 41.384503162762329 ], [ 2.126440645686818, 41.383935117586702 ], [ 2.126770035714499, 41.38215724729227 ], [ 2.124928233993375, 41.380947456142188 ], [ 2.122757067747408, 41.381515509931972 ], [ 2.122427607673933, 41.383293346257112 ] ] ] } },
{ "type": "Feature", "properties": { "id": 915, "snapped_id": 915.0, "centroid_lon": 2.16671, "centroid_lat": 41.37847, "radius": 192.337, "internal_id": 618000602743701503, "population": 1847, "component": 0, "o_score_pt": 2457.5072880335983, "o_score_car": 2195.2745370982225, "CDI": -0.056360422816074403, "log_population": 3.2667019668840878 }, "geometry": { "type": "Polygon", "coordinates": [ [ [ 2.164639943064541, 41.379008064340383 ], [ 2.16640323270949, 41.380165149564149 ], [ 2.168468629263743, 41.379623995102158 ], [ 2.168782329438719, 41.377926312221021 ], [ 2.167019015498922, 41.376769253196017 ], [ 2.16495371018139, 41.37731041456599 ], [ 2.164639943064541, 41.379008064340383 ] ] ] } },
{ "type": "Feature", "properties": { "id": 916, "snapped_id": 916.0, "centroid_lon": 2.17746, "centroid_lat": 41.44333, "radius": 192.285, "internal_id": 618000602924056575, "population": 2681, "component": 0, "o_score_pt": 1676.0810459584261, "o_score_car": 2081.8210857082163, "CDI": 0.1079698261247275, "log_population": 3.42845877351558 }, "geometry": { "type": "Polygon", "coordinates": [ [ [ 2.175288517263354, 41.44389860363016 ], [ 2.177133230614972, 41.445107828466909 ], [ 2.17930670870201, 41.444539484848313 ], [ 2.179635377794506, 41.442761907881618 ], [ 2.177790639076832, 41.441552708392848 ], [ 2.175617256629831, 41.442121060523363 ], [ 2.175288517263354, 41.44389860363016 ] ] ] } },
{ "type": "Feature", "properties": { "id": 917, "snapped_id": 917.0, "centroid_lon": 2.17171, "centroid_lat": 41.37377, "radius": 192.351, "internal_id": 618000602736623615, "population": 2272, "component": 0, "o_score_pt": 2599.0430504495671, "o_score_car": 2291.0278439280364, "CDI": -0.062987881602222406, "log_population": 3.3565994357249709 }, "geometry": { "type": "Polygon", "coordinates": [ [ [ 2.1695744522215, 41.374331667815497 ], [ 2.171390101979989, 41.375523028722554 ], [ 2.173525217077885, 41.374963424895505 ], [ 2.173848599851995, 41.373212644898814 ], [ 2.172032925116605, 41.372021309681166 ], [ 2.169897904041578, 41.372580921465875 ], [ 2.1695744522215, 41.374331667815497 ] ] ] } },
{ "type": "Feature", "properties": { "id": 918, "snapped_id": 918.0, "centroid_lon": 2.13448, "centroid_lat": 41.32938, "radius": 192.334, "internal_id": 618000602699137023, "population": 2231, "component": 0, "o_score_pt": 1076.0240387014831, "o_score_car": 1746.829148209792, "CDI": 0.23763372201524019, "log_population": 3.3486941902655412 }, "geometry": { "type": "Polygon", "coordinates": [ [ [ 2.132346091814459, 41.329934512151901 ], [ 2.134155063643253, 41.331123255305599 ], [ 2.136282461864521, 41.330565445679468 ], [ 2.13660547749993, 41.328819092824489 ], [ 2.134796480661176, 41.327630375413989 ], [ 2.132669176151256, 41.328188192974132 ], [ 2.132346091814459, 41.329934512151901 ] ] ] } },
{ "type": "Feature", "properties": { "id": 919, "snapped_id": 919.0, "centroid_lon": 2.22052, "centroid_lat": 41.41175, "radius": 192.395, "internal_id": 618000602474217471, "population": 2088, "component": 0, "o_score_pt": 1593.0638925803682, "o_score_car": 2070.7832246008329, "CDI": 0.13038735425947581, "log_population": 3.3199384399803087 }, "geometry": { "type": "Polygon", "coordinates": [ [ [ 2.218408524026664, 41.412304148721311 ], [ 2.220205106927877, 41.413480994001937 ], [ 2.222313320408527, 41.412928336737984 ], [ 2.222631993397642, 41.411199194160744 ], [ 2.220835385940486, 41.410022374794487 ], [ 2.218727265380377, 41.410575039488023 ], [ 2.218408524026664, 41.412304148721311 ] ] ] } },
{ "type": "Feature", "properties": { "id": 920, "snapped_id": 920.0, "centroid_lon": 2.13546, "centroid_lat": 41.32404, "radius": 192.342, "internal_id": 618000605153591295, "population": 1502, "component": 0, "o_score_pt": 969.54154188323764, "o_score_car": 1654.8016905399854, "CDI": 0.26111681589149588, "log_population": 3.1769589805869081 }, "geometry": { "type": "Polygon", "coordinates": [ [ [ 2.133459172964657, 41.324563080240061 ], [ 2.135168197334025, 41.325686190099745 ], [ 2.137162256770233, 41.325163225375789 ], [ 2.137466517674037, 41.323517995714013 ], [ 2.135757469647717, 41.322394912504379 ], [ 2.133763498562658, 41.322917883189056 ], [ 2.133459172964657, 41.324563080240061 ] ] ] } },
{ "type": "Feature", "properties": { "id": 921, "snapped_id": 921.0, "centroid_lon": 2.09459, "centroid_lat": 41.41087, "radius": 192.174, "internal_id": 618000603078459391, "population": 0, "component": 0, "o_score_pt": 12.800063633410868, "o_score_car": 1600.1265551024662, "CDI": 0.98412815129377318, "log_population": 0.0 }, "geometry": { "type": "Polygon", "coordinates": [ [ [ 2.094543114489872, 41.410838049739183 ], [ 2.094627244596438, 41.410893336786756 ], [ 2.094627245874739, 41.410893329903573 ], [ 2.094543115119355, 41.410838046350456 ], [ 2.094543114489872, 41.410838049739183 ] ] ] } },
{ "type": "Feature", "properties": { "id": 922, "snapped_id": 922.0, "centroid_lon": 2.11419, "centroid_lat": 41.42773, "radius": 192.19, "internal_id": 618000602324271103, "population": 0, "component": 0, "o_score_pt": 3.819489581415644, "o_score_car": 1348.1468074175141, "CDI": 0.99434972663165644, "log_population": 0.0 }, "geometry": { "type": "Polygon", "coordinates": [ [ [ 2.114144653199766, 41.427702160871476 ], [ 2.114229224520235, 41.427757698773405 ], [ 2.11422922579803, 41.427757691887031 ], [ 2.114144653826327, 41.427702157495588 ], [ 2.114144653199766, 41.427702160871476 ] ] ] } },
{ "type": "Feature", "properties": { "id": 923, "snapped_id": 923.0, "centroid_lon": 2.16336, "centroid_lat": 41.4301, "radius": 192.275, "internal_id": 618000602965999615, "population": 2610, "component": 0, "o_score_pt": 2083.1761336546761, "o_score_car": 2184.8267066952644, "CDI": 0.0238168944218074, "log_population": 3.4168068718229443 }, "geometry": { "type": "Polygon", "coordinates": [ [ [ 2.16119171539764, 41.43066900150793 ], [ 2.16303570918035, 41.431878383229041 ], [ 2.165208671527377, 41.431310159361196 ], [ 2.165537544465773, 41.429532545233926 ], [ 2.163693525277956, 41.428323188860759 ], [ 2.161520658553984, 41.428891421267458 ], [ 2.16119171539764, 41.43066900150793 ] ] ] } },
{ "type": "Feature", "properties": { "id": 924, "snapped_id": 924.0, "centroid_lon": 2.13368, "centroid_lat": 41.40065, "radius": 192.254, "internal_id": 618000602249297919, "population": 2254, "component": 0, "o_score_pt": 1780.1781499737683, "o_score_car": 2404.5794429594453, "CDI": 0.14920847363778031, "log_population": 3.3531465462139796 }, "geometry": { "type": "Polygon", "coordinates": [ [ [ 2.131540536500804, 41.401208098461019 ], [ 2.13335361848625, 41.402398532014601 ], [ 2.135486260135508, 41.401840788425879 ], [ 2.135810046723031, 41.400092815213036 ], [ 2.133996939646927, 41.398902407330084 ], [ 2.131864392007168, 41.399460158899295 ], [ 2.131540536500804, 41.401208098461019 ] ] ] } },
{ "type": "Feature", "properties": { "id": 925, "snapped_id": 925.0, "centroid_lon": 2.18504, "centroid_lat": 41.45826, "radius": 192.282, "internal_id": 618000602928513023, "population": 1606, "component": 0, "o_score_pt": 1139.8640558968041, "o_score_car": 1962.5113306965172, "CDI": 0.26516690351358541, "log_population": 3.2060158767633444 }, "geometry": { "type": "Polygon", "coordinates": [ [ [ 2.183014785562324, 41.458791289076238 ], [ 2.184745000576963, 41.45992503468144 ], [ 2.186765447956424, 41.459396862085903 ], [ 2.187072513305889, 41.457735848419297 ], [ 2.185342274477678, 41.456602129284455 ], [ 2.183321916599701, 41.457130308060087 ], [ 2.183014785562324, 41.458791289076238 ] ] ] } },
{ "type": "Feature", "properties": { "id": 926, "snapped_id": 926.0, "centroid_lon": 2.15914, "centroid_lat": 41.36353, "radius": 192.34, "internal_id": 618000602741080063, "population": 1530, "component": 0, "o_score_pt": 1016.2437062290044, "o_score_car": 1900.6093684088416, "CDI": 0.30319170679847818, "log_population": 3.1849751906982608 }, "geometry": { "type": "Polygon", "coordinates": [ [ [ 2.157130244406394, 41.364052157558575 ], [ 2.158845443119096, 41.36517810698431 ], [ 2.160846955777677, 41.364653535709181 ], [ 2.161151830912388, 41.363003887706377 ], [ 2.159436608528279, 41.36187796488646 ], [ 2.157435184534445, 41.362402542165107 ], [ 2.157130244406394, 41.364052157558575 ] ] ] } },
{ "type": "Feature", "properties": { "id": 927, "snapped_id": 927.0, "centroid_lon": 2.0926, "centroid_lat": 41.42153, "radius": 192.159, "internal_id": 618000603082915839, "population": 44, "component": 0, "o_score_pt": 10.497801536287534, "o_score_car": 2093.7777681958573, "CDI": 0.99002240800844921, "log_population": 1.6532125137753437 }, "geometry": { "type": "Polygon", "coordinates": [ [ [ 2.091716495526438, 41.421736378274886 ], [ 2.092540939023371, 41.422278123230868 ], [ 2.093353794632422, 41.422065973406916 ], [ 2.093492464255737, 41.421319536668499 ], [ 2.092668008919831, 41.420777814360186 ], [ 2.091855194364365, 41.420989960507974 ], [ 2.091716495526438, 41.421736378274886 ] ] ] } },
{ "type": "Feature", "properties": { "id": 928, "snapped_id": 928.0, "centroid_lon": 2.11116, "centroid_lat": 41.42176, "radius": 192.192, "internal_id": 618000602328727551, "population": 0, "component": 0, "o_score_pt": 5.9113091075389042, "o_score_car": 1566.4190108809951, "CDI": 0.9924808304814956, "log_population": 0.0 }, "geometry": { "type": "Polygon", "coordinates": [ [ [ 2.111119655343649, 41.421728123717372 ], [ 2.111204086097055, 41.421783577619046 ], [ 2.111204087374684, 41.421783570734014 ], [ 2.111119655971004, 41.42172812033742 ], [ 2.111119655343649, 41.421728123717372 ] ] ] } },
{ "type": "Feature", "properties": { "id": 929, "snapped_id": 929.0, "centroid_lon": 2.1196, "centroid_lat": 41.38742, "radius": 192.244, "internal_id": 618000602291240959, "population": 2762, "component": 0, "o_score_pt": 2116.0322698916902, "o_score_car": 2292.3686036149052, "CDI": 0.040000067775812498, "log_population": 3.4413808849165113 }, "geometry": { "type": "Polygon", "coordinates": [ [ [ 2.117426105600696, 41.387984690320444 ], [ 2.11926783077545, 41.389194557526629 ], [ 2.121439150213798, 41.388626683099218 ], [ 2.121768648907852, 41.386848932843655 ], [ 2.119926898207924, 41.385639090986423 ], [ 2.117755674336212, 41.386206974036376 ], [ 2.117426105600696, 41.387984690320444 ] ] ] } },
{ "type": "Feature", "properties": { "id": 930, "snapped_id": 930.0, "centroid_lon": 2.20605, "centroid_lat": 41.43416, "radius": 192.345, "internal_id": 618000602970456063, "population": 2465, "component": 0, "o_score_pt": 1947.8705820530204, "o_score_car": 2058.3024077392765, "CDI": 0.027565416163414701, "log_population": 3.3919930722597127 }, "geometry": { "type": "Polygon", "coordinates": [ [ [ 2.203880746465388, 41.434725867100305 ], [ 2.205719353090871, 41.435930350768544 ], [ 2.207883909922887, 41.435363639243342 ], [ 2.208210759406837, 41.433592488106356 ], [ 2.206372127606453, 41.432388029885928 ], [ 2.204207666004319, 41.432954749729944 ], [ 2.203880746465388, 41.434725867100305 ] ] ] } },
{ "type": "Feature", "properties": { "id": 931, "snapped_id": 931.0, "centroid_lon": 2.13065, "centroid_lat": 41.39468, "radius": 192.256, "internal_id": 618000602253754367, "population": 2614, "component": 0, "o_score_pt": 1848.6739295142984, "o_score_car": 2332.0215627337052, "CDI": 0.11561416853144341, "log_population": 3.4174716932032929 }, "geometry": { "type": "Polygon", "coordinates": [ [ [ 2.128477697102474, 41.395243592344343 ], [ 2.130319918470861, 41.396453339027438 ], [ 2.132491562528069, 41.395885328277679 ], [ 2.132820889641038, 41.394107562243555 ], [ 2.130978642779854, 41.392897840911466 ], [ 2.128807094295632, 41.393465860263071 ], [ 2.128477697102474, 41.395243592344343 ] ] ] } },
{ "type": "Feature", "properties": { "id": 932, "snapped_id": 932.0, "centroid_lon": 2.17246, "centroid_lat": 41.44802, "radius": 192.271, "internal_id": 618000602932969471, "population": 758, "component": 0, "o_score_pt": 1624.2108482439976, "o_score_car": 1919.015411816694, "CDI": 0.0832022969844569, "log_population": 2.8802417758954801 }, "geometry": { "type": "Polygon", "coordinates": [ [ [ 2.170668124004206, 41.448482510914431 ], [ 2.17220814312051, 41.4494920794846 ], [ 2.173975161430466, 41.449030170685731 ], [ 2.174246903819756, 41.447561061548555 ], [ 2.172706863394215, 41.446551520510539 ], [ 2.170939924411987, 41.44701343221049 ], [ 2.170668124004206, 41.448482510914431 ] ] ] } },
{ "type": "Feature", "properties": { "id": 933, "snapped_id": 933.0, "centroid_lon": 2.13046, "centroid_lat": 41.32874, "radius": 192.328, "internal_id": 618000605162504191, "population": 1454, "component": 0, "o_score_pt": 923.28154314436119, "o_score_car": 1514.3049883235694, "CDI": 0.2424625495544111, "log_population": 3.1628629933219261 }, "geometry": { "type": "Polygon", "coordinates": [ [ [ 2.12847158960429, 41.329255499384381 ], [ 2.130172378761963, 41.330373275285886 ], [ 2.132155554619607, 41.329853334565826 ], [ 2.132458379390438, 41.328216520709283 ], [ 2.130757566668164, 41.327098771514336 ], [ 2.128774478736984, 41.327618718049173 ], [ 2.12847158960429, 41.329255499384381 ] ] ] } },
{ "type": "Feature", "properties": { "id": 934, "snapped_id": 934.0, "centroid_lon": 2.14427, "centroid_lat": 41.42156, "radius": 192.25, "internal_id": 618000602333183999, "population": 1931, "component": 0, "o_score_pt": 2162.6453368173225, "o_score_car": 2238.2912068619016, "CDI": 0.0171885845873475, "log_population": 3.2860071220794747 }, "geometry": { "type": "Polygon", "coordinates": [ [ [ 2.142184126415129, 41.422104965689137 ], [ 2.143958925418283, 41.423269652775815 ], [ 2.146040096678705, 41.422725595038642 ], [ 2.146356450171134, 41.421017352930662 ], [ 2.144581626624526, 41.419852691899443 ], [ 2.142500547316771, 41.420396756801743 ], [ 2.142184126415129, 41.422104965689137 ] ] ] } },
{ "type": "Feature", "properties": { "id": 935, "snapped_id": 935.0, "centroid_lon": 2.19407, "centroid_lat": 41.45421, "radius": 192.302, "internal_id": 618000602931134463, "population": 1967, "component": 0, "o_score_pt": 1568.3227614419104, "o_score_car": 2065.8401656664441, "CDI": 0.13690013744661689, "log_population": 3.2940250940953226 }, "geometry": { "type": "Polygon", "coordinates": [ [ [ 2.191974369012393, 41.454758378910164 ], [ 2.193756000720287, 41.455925606097694 ], [ 2.19584482318866, 41.455379323539674 ], [ 2.196161301322073, 41.453666310614636 ], [ 2.194379645147951, 41.452499109448077 ], [ 2.192290914909779, 41.453045399173128 ], [ 2.191974369012393, 41.454758378910164 ] ] ] } },
{ "type": "Feature", "properties": { "id": 936, "snapped_id": 936.0, "centroid_lon": 2.14322, "centroid_lat": 41.40492, "radius": 192.267, "internal_id": 618000602251919359, "population": 2053, "component": 0, "o_score_pt": 2290.6051317177685, "o_score_car": 2405.0730505992078, "CDI": 0.0243772921475972, "log_population": 3.3126004392612596 }, "geometry": { "type": "Polygon", "coordinates": [ [ [ 2.14111255132664, 41.405470440729125 ], [ 2.142902428080509, 41.406645292682157 ], [ 2.145003819220304, 41.406095639394096 ], [ 2.145323029854196, 41.404371512307108 ], [ 2.143533128355596, 41.403196686268934 ], [ 2.141431829962047, 41.403746347037242 ], [ 2.14111255132664, 41.405470440729125 ] ] ] } },
{ "type": "Feature", "properties": { "id": 937, "snapped_id": 937.0, "centroid_lon": 2.19346, "centroid_lat": 41.42392, "radius": 192.334, "internal_id": 618000602974912511, "population": 2849, "component": 0, "o_score_pt": 2161.5461065285986, "o_score_car": 2181.8636903975862, "CDI": 0.0046777957454915003, "log_population": 3.4548448600085102 }, "geometry": { "type": "Polygon", "coordinates": [ [ [ 2.191285195843856, 41.42448725191894 ], [ 2.193129975090316, 41.425696316976889 ], [ 2.195303153963826, 41.425127366762759 ], [ 2.195631458006635, 41.423349343005697 ], [ 2.193786653459163, 41.422140303318209 ], [ 2.191613570167047, 41.422709262017939 ], [ 2.191285195843856, 41.42448725191894 ] ] ] } },
{ "type": "Feature", "properties": { "id": 938, "snapped_id": 938.0, "centroid_lon": 2.11657, "centroid_lat": 41.38144, "radius": 192.245, "internal_id": 618000602295697407, "population": 2781, "component": 0, "o_score_pt": 1899.4908396158139, "o_score_car": 2212.6796038393986, "CDI": 0.076161425828553495, "log_population": 3.4443571256560275 }, "geometry": { "type": "Polygon", "coordinates": [ [ [ 2.114402142225252, 41.382009445024501 ], [ 2.116243644868374, 41.383219347071446 ], [ 2.118414773178784, 41.382651455395845 ], [ 2.118744303287291, 41.380873653045192 ], [ 2.116902775112515, 41.379663776349261 ], [ 2.114731742358018, 41.380231676653565 ], [ 2.114402142225252, 41.382009445024501 ] ] ] } },
{ "type": "Feature", "properties": { "id": 939, "snapped_id": 939.0, "centroid_lon": 2.13059, "centroid_lat": 41.3727, "radius": 192.28, "internal_id": 618000602289405951, "population": 2746, "component": 0, "o_score_pt": 2300.144847093904, "o_score_car": 2109.2645525409062, "CDI": -0.0432893109378336, "log_population": 3.4388586594205619 }, "geometry": { "type": "Polygon", "coordinates": [ [ [ 2.128416792818806, 41.373267465602815 ], [ 2.130258534267734, 41.374477223454846 ], [ 2.132429614018434, 41.373908913579911 ], [ 2.132758856793926, 41.372130837248875 ], [ 2.130917089865241, 41.370921104762218 ], [ 2.128746105637962, 41.371489423241783 ], [ 2.128416792818806, 41.373267465602815 ] ] ] } },
{ "type": "Feature", "properties": { "id": 940, "snapped_id": 940.0, "centroid_lon": 2.1292, "centroid_lat": 41.41366, "radius": 192.232, "internal_id": 618000602258210815, "population": 1324, "component": 0, "o_score_pt": 1491.0769892637179, "o_score_car": 2241.4687185640678, "CDI": 0.20104019830933359, "log_population": 3.1222158782728267 }, "geometry": { "type": "Polygon", "coordinates": [ [ [ 2.127231954888396, 41.414171403359077 ], [ 2.128910893647447, 41.415273712586739 ], [ 2.130864519293798, 41.414763096909788 ], [ 2.131163227014293, 41.413151367299712 ], [ 2.129484264952686, 41.412049084902243 ], [ 2.127530726146764, 41.412559705948723 ], [ 2.127231954888396, 41.414171403359077 ] ] ] } },
{ "type": "Feature", "properties": { "id": 941, "snapped_id": 941.0, "centroid_lon": 2.19141, "centroid_lat": 41.41261, "radius": 192.343, "internal_id": 618000602450100223, "population": 2749, "component": 0, "o_score_pt": 2376.223057302489, "o_score_car": 2420.1658967837002, "CDI": 0.0091616505462457001, "log_population": 3.4393326938302629 }, "geometry": { "type": "Polygon", "coordinates": [ [ [ 2.189237915849322, 41.413178849636864 ], [ 2.191082386076564, 41.41438794241116 ], [ 2.193255249132621, 41.413818881316153 ], [ 2.193583546400801, 41.412040718956753 ], [ 2.191739050872441, 41.410831651559072 ], [ 2.189566283374148, 41.411400721144737 ], [ 2.189237915849322, 41.413178849636864 ] ] ] } },
{ "type": "Feature", "properties": { "id": 942, "snapped_id": 942.0, "centroid_lon": 2.14124, "centroid_lat": 41.41559, "radius": 192.251, "internal_id": 618000602337640447, "population": 2229, "component": 0, "o_score_pt": 2293.0858650305536, "o_score_car": 2291.9460004486182, "CDI": -0.00024860559651009999, "log_population": 3.3483048630481607 }, "geometry": { "type": "Polygon", "coordinates": [ [ [ 2.139110834516421, 41.416143495244953 ], [ 2.140921651793266, 41.417331996551198 ], [ 2.143051006093429, 41.416775277294029 ], [ 2.143374186646908, 41.415030286489774 ], [ 2.141563344333, 41.413841810878971 ], [ 2.139434083917878, 41.414398538043159 ], [ 2.139110834516421, 41.416143495244953 ] ] ] } },
{ "type": "Feature", "properties": { "id": 943, "snapped_id": 943.0, "centroid_lon": 2.12321, "centroid_lat": 41.42368, "radius": 192.211, "internal_id": 618000602326892543, "population": 91, "component": 0, "o_score_pt": 12.53246775285414, "o_score_car": 1421.5527097864035, "CDI": 0.98252200364505715, "log_population": 1.9637878273455553 }, "geometry": { "type": "Polygon", "coordinates": [ [ [ 2.122089568485313, 41.423955699631044 ], [ 2.1230949717412, 41.42461582242229 ], [ 2.124149306441288, 41.424340402113451 ], [ 2.124321638550766, 41.423411076459608 ], [ 2.123316221057873, 41.422750978876941 ], [ 2.122261937087769, 41.423026396312096 ], [ 2.122089568485313, 41.423955699631044 ] ] ] } },
{ "type": "Feature", "properties": { "id": 944, "snapped_id": 944.0, "centroid_lon": 2.20104, "centroid_lat": 41.43885, "radius": 192.331, "internal_id": 618000602979368959, "population": 2659, "component": 0, "o_score_pt": 1682.7407232860264, "o_score_car": 2030.5624011461105, "CDI": 0.093669077423695402, "log_population": 3.424881636631067 }, "geometry": { "type": "Polygon", "coordinates": [ [ [ 2.198868573357148, 41.439421956143725 ], [ 2.20071391001295, 41.440630932470228 ], [ 2.202887566873651, 41.440062024637925 ], [ 2.203215791467553, 41.438284132009521 ], [ 2.201370429527107, 41.437075181048399 ], [ 2.199196868274525, 41.437644097350876 ], [ 2.198868573357148, 41.439421956143725 ] ] ] } },
{ "type": "Feature", "properties": { "id": 945, "snapped_id": 945.0, "centroid_lon": 2.15019, "centroid_lat": 41.38956, "radius": 192.296, "internal_id": 618000602300153855, "population": 2278, "component": 0, "o_score_pt": 2814.5621591119079, "o_score_car": 2480.0865334034797, "CDI": -0.063172392567093102, "log_population": 3.3577443251803754 }, "geometry": { "type": "Polygon", "coordinates": [ [ [ 2.148056120857736, 41.390120334484294 ], [ 2.149872132802466, 41.391312353689734 ], [ 2.152008268575047, 41.390753180803181 ], [ 2.152332219942409, 41.389002171467581 ], [ 2.150516182931835, 41.38781017792148 ], [ 2.148380141272455, 41.388369358815829 ], [ 2.148056120857736, 41.390120334484294 ] ] ] } },
{ "type": "Feature", "properties": { "id": 946, "snapped_id": 946.0, "centroid_lon": 2.12617, "centroid_lat": 41.40769, "radius": 192.234, "internal_id": 618000602262667263, "population": 1554, "component": 0, "o_score_pt": 1318.2782488908194, "o_score_car": 2266.1969863382365, "CDI": 0.26445118887446928, "log_population": 3.1917303933628562 }, "geometry": { "type": "Polygon", "coordinates": [ [ [ 2.124155118962068, 41.408211179642677 ], [ 2.12587426802735, 41.409340057643867 ], [ 2.127881682346317, 41.408815321489939 ], [ 2.128188008093318, 41.407162596960596 ], [ 2.126468835174811, 41.406033745491037 ], [ 2.124461509854018, 41.406558487774255 ], [ 2.124155118962068, 41.408211179642677 ] ] ] } },
{ "type": "Feature", "properties": { "id": 947, "snapped_id": 947.0, "centroid_lon": 2.14605, "centroid_lat": 41.34496, "radius": 192.337, "internal_id": 618000602754449407, "population": 2231, "component": 0, "o_score_pt": 1294.127070176954, "o_score_car": 1919.5173396789021, "CDI": 0.19460468855357871, "log_population": 3.3486941902655412 }, "geometry": { "type": "Polygon", "coordinates": [ [ [ 2.143918640041326, 41.345516815596476 ], [ 2.145728296070176, 41.346705434086765 ], [ 2.147856230709777, 41.34614759048349 ], [ 2.148179099854385, 41.344401334261896 ], [ 2.146369418843881, 41.343212741511991 ], [ 2.144241577939892, 41.343770593026889 ], [ 2.143918640041326, 41.345516815596476 ] ] ] } },
{ "type": "Feature", "properties": { "id": 948, "snapped_id": 948.0, "centroid_lon": 2.10855, "centroid_lat": 41.38016, "radius": 192.233, "internal_id": 618000602604503039, "population": 1766, "component": 0, "o_score_pt": 1860.1862621302048, "o_score_car": 2131.4586646569192, "CDI": 0.067960053437183199, "log_population": 3.2472365495067641 }, "geometry": { "type": "Polygon", "coordinates": [ [ [ 2.106492176005986, 41.380693009104291 ], [ 2.108242498816015, 41.381843257524054 ], [ 2.110292113402755, 41.381307260894062 ], [ 2.110604701402519, 41.379621641004832 ], [ 2.108854354265339, 41.378471418850459 ], [ 2.106804830363233, 41.379007422266781 ], [ 2.106492176005986, 41.380693009104291 ] ] ] } },
{ "type": "Feature", "properties": { "id": 949, "snapped_id": 949.0, "centroid_lon": 2.17731, "centroid_lat": 41.39938, "radius": 192.333, "internal_id": 618000602492043263, "population": 2715, "component": 0, "o_score_pt": 2597.4012841102822, "o_score_car": 2508.5222747817675, "CDI": -0.017407038766518598, "log_population": 3.4339297656084642 }, "geometry": { "type": "Polygon", "coordinates": [ [ [ 2.175142312983498, 41.399949134799208 ], [ 2.17698606415953, 41.401158384168184 ], [ 2.179158412029086, 41.400589442865275 ], [ 2.179486913178871, 41.398811243676377 ], [ 2.177643136662656, 41.397602019684022 ], [ 2.175470884333973, 41.398170969504527 ], [ 2.175142312983498, 41.399949134799208 ] ] ] } },
{ "type": "Feature", "properties": { "id": 950, "snapped_id": 950.0, "centroid_lon": 2.18838, "centroid_lat": 41.40664, "radius": 192.344, "internal_id": 618000602454556671, "population": 2616, "component": 0, "o_score_pt": 2410.7056132639118, "o_score_car": 2195.6382182631269, "CDI": -0.046689392469751498, "log_population": 3.417803722639881 }, "geometry": { "type": "Polygon", "coordinates": [ [ [ 2.186206060557121, 41.407204327943717 ], [ 2.188050307952344, 41.408413456047128 ], [ 2.19022297989824, 41.407844377967699 ], [ 2.190551308898973, 41.40606616328855 ], [ 2.188707036196111, 41.404857060563792 ], [ 2.18653445979727, 41.405426147140084 ], [ 2.186206060557121, 41.407204327943717 ] ] ] } },
{ "type": "Feature", "properties": { "id": 951, "snapped_id": 951.0, "centroid_lon": 2.13979, "centroid_lat": 41.43457, "radius": 192.228, "internal_id": 618000602342096895, "population": 382, "component": 0, "o_score_pt": 1743.6114072009871, "o_score_car": 2076.9956998503403, "CDI": 0.087259507012395404, "log_population": 2.5831987739686229 }, "geometry": { "type": "Polygon", "coordinates": [ [ [ 2.138221891054347, 41.434970156708296 ], [ 2.139588040043085, 41.435866635808395 ], [ 2.141123713213225, 41.435465424181217 ], [ 2.141363493643165, 41.434171346159808 ], [ 2.139997325589435, 41.433274894689106 ], [ 2.138461722479505, 41.433676106817408 ], [ 2.138221891054347, 41.434970156708296 ] ] ] } },
{ "type": "Feature", "properties": { "id": 952, "snapped_id": 952.0, "centroid_lon": 2.15889, "centroid_lat": 41.44311, "radius": 192.252, "internal_id": 618000603021311999, "population": 360, "component": 0, "o_score_pt": 1682.1800097987252, "o_score_car": 2139.6960768181339, "CDI": 0.1197098117915182, "log_population": 2.5575072019056577 }, "geometry": { "type": "Polygon", "coordinates": [ [ [ 2.157336448529147, 41.443505561874666 ], [ 2.158688231816527, 41.444392091661008 ], [ 2.160204335123227, 41.443995873686411 ], [ 2.160441077672044, 41.442716917823574 ], [ 2.159089275560183, 41.44183041564326 ], [ 2.157573241514124, 41.442226633903566 ], [ 2.157336448529147, 41.443505561874666 ] ] ] } },
{ "type": "Feature", "properties": { "id": 953, "snapped_id": 953.0, "centroid_lon": 2.18899, "centroid_lat": 41.43693, "radius": 192.312, "internal_id": 618000602983825407, "population": 2663, "component": 0, "o_score_pt": 2159.5807671915481, "o_score_car": 1889.648263580752, "CDI": -0.066662690986217701, "log_population": 3.4255342204982635 }, "geometry": { "type": "Polygon", "coordinates": [ [ [ 2.186812812535506, 41.437501030077485 ], [ 2.188657738774806, 41.438710135766968 ], [ 2.190831196163961, 41.438141458841869 ], [ 2.191159631696002, 41.436363667735833 ], [ 2.189314680132941, 41.435154587405577 ], [ 2.187141318358727, 41.43572327282272 ], [ 2.186812812535506, 41.437501030077485 ] ] ] } },
{ "type": "Feature", "properties": { "id": 954, "snapped_id": 954.0, "centroid_lon": 2.14717, "centroid_lat": 41.38359, "radius": 192.297, "internal_id": 618000602304610303, "population": 2650, "component": 0, "o_score_pt": 2705.7398847358004, "o_score_car": 2419.8723954962634, "CDI": -0.0557723592051707, "log_population": 3.4234097277330933 }, "geometry": { "type": "Polygon", "coordinates": [ [ [ 2.144995441846005, 41.384154563388968 ], [ 2.146837927318015, 41.385364140439471 ], [ 2.149009493622433, 41.384795625996304 ], [ 2.149338478919107, 41.383017525929688 ], [ 2.147495968015941, 41.381807974247643 ], [ 2.145324497244404, 41.382376497264353 ], [ 2.144995441846005, 41.384154563388968 ] ] ] } },
{ "type": "Feature", "properties": { "id": 955, "snapped_id": 955.0, "centroid_lon": 2.15928, "centroid_lat": 41.40749, "radius": 192.292, "internal_id": 618000602267123711, "population": 1573, "component": 0, "o_score_pt": 2190.9499351858494, "o_score_car": 2442.3178350040325, "CDI": 0.0542528324038309, "log_population": 3.1970047280230456 }, "geometry": { "type": "Polygon", "coordinates": [ [ [ 2.157258153424433, 41.408011860964287 ], [ 2.158981300453633, 41.409142416968258 ], [ 2.160993209019473, 41.408615948764769 ], [ 2.161299548754984, 41.406959801710535 ], [ 2.15957637793372, 41.405829272232822 ], [ 2.157564558501555, 41.406355746567051 ], [ 2.157258153424433, 41.408011860964287 ] ] ] } },
{ "type": "Feature", "properties": { "id": 956, "snapped_id": 956.0, "centroid_lon": 2.13349, "centroid_lat": 41.33471, "radius": 192.326, "internal_id": 618000602758905855, "population": 2222, "component": 0, "o_score_pt": 1102.2557999339131, "o_score_car": 1801.2349052727618, "CDI": 0.2407375040276199, "log_population": 3.3469394626989906 }, "geometry": { "type": "Polygon", "coordinates": [ [ [ 2.13136007979181, 41.335270068212402 ], [ 2.133168117251601, 41.336458150007807 ], [ 2.135294276302795, 41.335900789207187 ], [ 2.135617138447706, 41.334155554871224 ], [ 2.13380907598524, 41.332967498825639 ], [ 2.131683010603503, 41.333524867540334 ], [ 2.13136007979181, 41.335270068212402 ] ] ] } },
{ "type": "Feature", "properties": { "id": 957, "snapped_id": 957.0, "centroid_lon": 2.15513, "centroid_lat": 41.36289, "radius": 192.334, "internal_id": 618000602721419263, "population": 2070, "component": 0, "o_score_pt": 986.06994835834962, "o_score_car": 1938.8040771347405, "CDI": 0.3257350984939511, "log_population": 3.3161800988934527 }, "geometry": { "type": "Polygon", "coordinates": [ [ [ 2.153020605376956, 41.363438572651141 ], [ 2.154812006673287, 41.364614673522397 ], [ 2.156915274057789, 41.364063491645041 ], [ 2.157234507850485, 41.362336551989507 ], [ 2.155443081845403, 41.361160477045317 ], [ 2.153339907215259, 41.361711666429187 ], [ 2.153020605376956, 41.363438572651141 ] ] ] } },
{ "type": "Feature", "properties": { "id": 958, "snapped_id": 958.0, "centroid_lon": 2.17428, "centroid_lat": 41.39341, "radius": 192.334, "internal_id": 618000602496499711, "population": 2448, "component": 0, "o_score_pt": 2753.0622751467063, "o_score_car": 2460.7201587240784, "CDI": -0.0560710233176318, "log_population": 3.388988785124714 }, "geometry": { "type": "Polygon", "coordinates": [ [ [ 2.172123047742455, 41.393971217720754 ], [ 2.173958051848114, 41.395174910738106 ], [ 2.176118838823833, 41.394608930459114 ], [ 2.176445776955319, 41.392839310551317 ], [ 2.174610747617025, 41.391635643008215 ], [ 2.172450055715042, 41.392201631631053 ], [ 2.172123047742455, 41.393971217720754 ] ] ] } },
{ "type": "Feature", "properties": { "id": 959, "snapped_id": 959.0, "centroid_lon": 2.18641, "centroid_lat": 41.4173, "radius": 192.329, "internal_id": 618000602459013119, "population": 2639, "component": 0, "o_score_pt": 2622.1258021947601, "o_score_car": 2347.4130496381958, "CDI": -0.055279324852292797, "log_population": 3.4216039268698313 }, "geometry": { "type": "Polygon", "coordinates": [ [ [ 2.184235395392024, 41.417872809436609 ], [ 2.186079814987811, 41.41908195295489 ], [ 2.188252736214932, 41.418513062692696 ], [ 2.188581142270444, 41.416735020413739 ], [ 2.186736697354051, 41.415525902265912 ], [ 2.184563871699882, 41.416094801027171 ], [ 2.184235395392024, 41.417872809436609 ] ] ] } },
{ "type": "Feature", "properties": { "id": 960, "snapped_id": 960.0, "centroid_lon": 2.07608, "centroid_lat": 41.4326, "radius": 192.118, "internal_id": 618000603138228223, "population": 12, "component": 0, "o_score_pt": 0.0, "o_score_car": 1721.2387953680341, "CDI": 1.0, "log_population": 1.1139433523068367 }, "geometry": { "type": "Polygon", "coordinates": [ [ [ 2.075587706510834, 41.432699070606269 ], [ 2.076098907087651, 41.433035078953402 ], [ 2.076493021970753, 41.432932312283462 ], [ 2.07657280370146, 41.43250338457721 ], [ 2.076061595515613, 41.432167392314717 ], [ 2.07566750487752, 41.432270155251338 ], [ 2.075587706510834, 41.432699070606269 ] ] ] } },
{ "type": "Feature", "properties": { "id": 961, "snapped_id": 961.0, "centroid_lon": 2.20642, "centroid_lat": 41.39852, "radius": 192.385, "internal_id": 618000602384039935, "population": 2130, "component": 0, "o_score_pt": 1811.6364083642959, "o_score_car": 2219.4415303826822, "CDI": 0.10116527842305829, "log_population": 3.3285834497142019 }, "geometry": { "type": "Polygon", "coordinates": [ [ [ 2.20429854173164, 41.399078044381504 ], [ 2.20609945500204, 41.400258339348547 ], [ 2.208213875397234, 41.39970404055817 ], [ 2.208533687583836, 41.397969761360585 ], [ 2.206732749652714, 41.396789492257035 ], [ 2.204618422431002, 41.397343798605775 ], [ 2.20429854173164, 41.399078044381504 ] ] ] } },
{ "type": "Feature", "properties": { "id": 962, "snapped_id": 962.0, "centroid_lon": 2.0605, "centroid_lat": 41.41638, "radius": 192.108, "internal_id": 618000603063255039, "population": 0, "component": 1, "o_score_pt": 1.467650763424555, "o_score_car": 999.15295265094915, "CDI": 0.99706651900147458, "log_population": 0.0 }, "geometry": { "type": "Polygon", "coordinates": [ [ [ 2.060461261765414, 41.416350194009674 ], [ 2.060545373202927, 41.416405512894578 ], [ 2.060545374484596, 41.416405506008282 ], [ 2.060461262396395, 41.416350190620271 ], [ 2.060461261765414, 41.416350194009674 ] ] ] } },
{ "type": "Feature", "properties": { "id": 963, "snapped_id": 963.0, "centroid_lon": 2.13676, "centroid_lat": 41.4286, "radius": 192.229, "internal_id": 618000602346553343, "population": 749, "component": 0, "o_score_pt": 1839.4637354132169, "o_score_car": 2118.451521485797, "CDI": 0.070488569856638095, "log_population": 2.8750612633917001 }, "geometry": { "type": "Polygon", "coordinates": [ [ [ 2.134980120046036, 41.429056147640516 ], [ 2.136515835016378, 41.430064046821947 ], [ 2.138277988568743, 41.429603611231258 ], [ 2.138549648302476, 41.42813758061736 ], [ 2.137013911978408, 41.427129708966717 ], [ 2.135251837581855, 41.427590147470205 ], [ 2.134980120046036, 41.429056147640516 ] ] ] } },
{ "type": "Feature", "properties": { "id": 964, "snapped_id": 964.0, "centroid_lon": 2.14684, "centroid_lat": 41.44119, "radius": 192.233, "internal_id": 618000603025768447, "population": 381, "component": 0, "o_score_pt": 1635.8017731017724, "o_score_car": 2087.5382470884097, "CDI": 0.12132560323178949, "log_population": 2.5820633629117089 }, "geometry": { "type": "Polygon", "coordinates": [ [ [ 2.145267463886042, 41.441585536434602 ], [ 2.146633239921175, 41.44248153795327 ], [ 2.148168240299529, 41.44208050752637 ], [ 2.148407818738901, 41.440787133502262 ], [ 2.147042023660119, 41.439891159613055 ], [ 2.14550709331355, 41.440292190521745 ], [ 2.145267463886042, 41.441585536434602 ] ] ] } },
{ "type": "Feature", "properties": { "id": 965, "snapped_id": 965.0, "centroid_lon": 2.14519, "centroid_lat": 41.39425, "radius": 192.282, "internal_id": 618000602309066751, "population": 2289, "component": 0, "o_score_pt": 2341.5663847312389, "o_score_car": 2519.1089758597291, "CDI": 0.036526321541232198, "log_population": 3.3598354823398879 }, "geometry": { "type": "Polygon", "coordinates": [ [ [ 2.143052966078518, 41.394813369399181 ], [ 2.144870145875224, 41.396006238117231 ], [ 2.147007961450938, 41.395446808517477 ], [ 2.147332247941498, 41.39369468510413 ], [ 2.145515043043341, 41.392501842026526 ], [ 2.143377321661015, 41.393061279667663 ], [ 2.143052966078518, 41.394813369399181 ] ] ] } },
{ "type": "Feature", "properties": { "id": 966, "snapped_id": 966.0, "centroid_lon": 2.14282, "centroid_lat": 41.44054, "radius": 192.227, "internal_id": 618000602838335487, "population": 342, "component": 0, "o_score_pt": 1534.4101636762755, "o_score_car": 2031.9279241310319, "CDI": 0.13950381265188611, "log_population": 2.5352941200427703 }, "geometry": { "type": "Polygon", "coordinates": [ [ [ 2.141285198199222, 41.440934017015159 ], [ 2.142623669361147, 41.441812202157621 ], [ 2.144122290704298, 41.441420716892608 ], [ 2.144356818186119, 41.440154904637232 ], [ 2.143018328337206, 41.43927674706444 ], [ 2.141519775568397, 41.439668232479974 ], [ 2.141285198199222, 41.440934017015159 ] ] ] } },
{ "type": "Feature", "properties": { "id": 967, "snapped_id": 967.0, "centroid_lon": 2.14105, "centroid_lat": 41.34965, "radius": 192.323, "internal_id": 618000602763362303, "population": 1836, "component": 0, "o_score_pt": 1150.5454838051237, "o_score_car": 1914.6944524149176, "CDI": 0.24929499305431821, "log_population": 3.2641091563058082 }, "geometry": { "type": "Polygon", "coordinates": [ [ [ 2.138981627576102, 41.350194272136932 ], [ 2.140742042648089, 41.351350629240258 ], [ 2.142804403041407, 41.350810152270178 ], [ 2.143118159466864, 41.349113856962248 ], [ 2.141357720056594, 41.347957526073266 ], [ 2.139295450778957, 41.348498009969745 ], [ 2.138981627576102, 41.350194272136932 ] ] ] } },
{ "type": "Feature", "properties": { "id": 968, "snapped_id": 968.0, "centroid_lon": 2.14309, "centroid_lat": 41.36097, "radius": 192.315, "internal_id": 618000602725875711, "population": 1560, "component": 0, "o_score_pt": 1428.7729965013771, "o_score_car": 2096.7420562535622, "CDI": 0.1894670848817436, "log_population": 3.1934029030624176 }, "geometry": { "type": "Polygon", "coordinates": [ [ [ 2.141071612442509, 41.361491052666516 ], [ 2.142791206718105, 41.362620382427707 ], [ 2.144799002140157, 41.362094384027351 ], [ 2.145105057688686, 41.360439886443075 ], [ 2.143385439627892, 41.359310583241282 ], [ 2.141377733141497, 41.359836587766019 ], [ 2.141071612442509, 41.361491052666516 ] ] ] } },
{ "type": "Feature", "properties": { "id": 969, "snapped_id": 969.0, "centroid_lon": 2.18338, "centroid_lat": 41.41133, "radius": 192.33, "internal_id": 618000602463469567, "population": 1925, "component": 0, "o_score_pt": 2574.2512999439232, "o_score_car": 2312.190983672303, "CDI": -0.0536300852565645, "log_population": 3.2846562827885157 }, "geometry": { "type": "Polygon", "coordinates": [ [ [ 2.181291155778811, 41.411873981161342 ], [ 2.183066090867039, 41.413037748274853 ], [ 2.185146441550364, 41.412493029133735 ], [ 2.185461927768932, 41.410785051277898 ], [ 2.183686968279078, 41.409621310256533 ], [ 2.181606709449094, 41.410166036479822 ], [ 2.181291155778811, 41.411873981161342 ] ] ] } },
{ "type": "Feature", "properties": { "id": 970, "snapped_id": 970.0, "centroid_lon": 2.06352, "centroid_lat": 41.42235, "radius": 192.107, "internal_id": 618000603142684671, "population": 0, "component": 1, "o_score_pt": 1.1283897014120681, "o_score_car": 904.8192089563272, "CDI": 0.99750892942796276, "log_population": 0.0 }, "geometry": { "type": "Polygon", "coordinates": [ [ [ 2.063481131533029, 41.422324372225823 ], [ 2.063565383577196, 41.422379775293599 ], [ 2.063565384859033, 41.422379768405939 ], [ 2.063481132163214, 41.422324368840478 ], [ 2.063481131533029, 41.422324372225823 ] ] ] } },
{ "type": "Feature", "properties": { "id": 971, "snapped_id": 971.0, "centroid_lon": 2.19232, "centroid_lat": 41.38529, "radius": 192.375, "internal_id": 618000602425982975, "population": 2190, "component": 0, "o_score_pt": 2173.3890998803749, "o_score_car": 2260.2768277183777, "CDI": 0.0195972653909584, "log_population": 3.3406423775607053 }, "geometry": { "type": "Polygon", "coordinates": [ [ [ 2.190192216512803, 41.385851312668116 ], [ 2.19199944492567, 41.387036361622272 ], [ 2.19412272021452, 41.386479726838537 ], [ 2.19444404367722, 41.384738299578864 ], [ 2.192636790472079, 41.383553276416258 ], [ 2.190513608715872, 41.384109918928381 ], [ 2.190192216512803, 41.385851312668116 ] ] ] } },
{ "type": "Feature", "properties": { "id": 972, "snapped_id": 972.0, "centroid_lon": 2.20338, "centroid_lat": 41.39255, "radius": 192.386, "internal_id": 618000602388496383, "population": 1364, "component": 0, "o_score_pt": 1816.8237602476108, "o_score_car": 2328.6531562179189, "CDI": 0.1234669511576241, "log_population": 3.1351326513767748 }, "geometry": { "type": "Polygon", "coordinates": [ [ [ 2.201407660741997, 41.393063323696403 ], [ 2.203095700567128, 41.394169810151325 ], [ 2.20505975365395, 41.393654869073941 ], [ 2.205358565793673, 41.392034578026561 ], [ 2.203670502802237, 41.390928118402236 ], [ 2.201706536850923, 41.391443064863736 ], [ 2.201407660741997, 41.393063323696403 ] ] ] } },
{ "type": "Feature", "properties": { "id": 973, "snapped_id": 973.0, "centroid_lon": 2.10308, "centroid_lat": 41.3985, "radius": 192.203, "internal_id": 618000602351009791, "population": 114, "component": 0, "o_score_pt": 935.56379432772201, "o_score_car": 1986.5535509371616, "CDI": 0.35966719759304172, "log_population": 2.0606978403536118 }, "geometry": { "type": "Polygon", "coordinates": [ [ [ 2.101892895878823, 41.398792694518768 ], [ 2.102953832147341, 41.399489848906505 ], [ 2.104082806711804, 41.399194852781932 ], [ 2.104265890629503, 41.398208263900536 ], [ 2.1032049393455, 41.397511135331641 ], [ 2.102076018507088, 41.397806128986929 ], [ 2.101892895878823, 41.398792694518768 ] ] ] } },
{ "type": "Feature", "properties": { "id": 974, "snapped_id": 974.0, "centroid_lon": 2.17034, "centroid_lat": 41.41474, "radius": 192.304, "internal_id": 618000602276036607, "population": 2709, "component": 0, "o_score_pt": 1999.8550969879905, "o_score_car": 2463.4421026812947, "CDI": 0.10386648814863909, "log_population": 3.4329692908744058 }, "geometry": { "type": "Polygon", "coordinates": [ [ [ 2.1681680650143, 41.415310597035436 ], [ 2.170011937526287, 41.416519912638051 ], [ 2.172184592623532, 41.415951329998975 ], [ 2.172513279623925, 41.414173423229627 ], [ 2.170669381739305, 41.412964132989281 ], [ 2.168496822224031, 41.413532724156603 ], [ 2.1681680650143, 41.415310597035436 ] ] ] } },
{ "type": "Feature", "properties": { "id": 975, "snapped_id": 975.0, "centroid_lon": 2.13025, "centroid_lat": 41.4303, "radius": 192.216, "internal_id": 618000602842791935, "population": 166, "component": 0, "o_score_pt": 1294.5969195565074, "o_score_car": 1888.5407104289336, "CDI": 0.18659067244765759, "log_population": 2.2227164711475833 }, "geometry": { "type": "Polygon", "coordinates": [ [ [ 2.128941151588366, 41.430625075868335 ], [ 2.130097368760766, 41.431384021020357 ], [ 2.13135293441193, 41.431056038966858 ], [ 2.131553475889233, 41.429974268314602 ], [ 2.130397242457391, 41.429215349817277 ], [ 2.129141735619721, 41.42954333012586 ], [ 2.128941151588366, 41.430625075868335 ] ] ] } },
{ "type": "Feature", "properties": { "id": 976, "snapped_id": 976.0, "centroid_lon": 2.15065, "centroid_lat": 41.3759, "radius": 192.312, "internal_id": 618000602730332159, "population": 2713, "component": 0, "o_score_pt": 2654.2672015251605, "o_score_car": 2392.4753447959238, "CDI": -0.051873432085429903, "log_population": 3.4336098433237181 }, "geometry": { "type": "Polygon", "coordinates": [ [ [ 2.148482932631762, 41.376473509835783 ], [ 2.150325357669931, 41.377683053624629 ], [ 2.152496770619166, 41.377114359878533 ], [ 2.152825663014987, 41.375336113775923 ], [ 2.150983212561882, 41.374126595362711 ], [ 2.148811895125013, 41.374695297677043 ], [ 2.148482932631762, 41.376473509835783 ] ] ] } },
{ "type": "Feature", "properties": { "id": 977, "snapped_id": 977.0, "centroid_lon": 2.18929, "centroid_lat": 41.37932, "radius": 192.376, "internal_id": 618000602430439423, "population": 2006, "component": 0, "o_score_pt": 2116.9697316321985, "o_score_car": 2189.6108444708689, "CDI": 0.016867468645948701, "log_population": 3.3025473724874854 }, "geometry": { "type": "Polygon", "coordinates": [ [ [ 2.187189193499499, 41.37986815810217 ], [ 2.188974024369684, 41.381038696060955 ], [ 2.191067542358619, 41.380489797618189 ], [ 2.191384753304153, 41.3787707739532 ], [ 2.189599897931594, 41.377600262009615 ], [ 2.187506472277952, 41.378149167736538 ], [ 2.187189193499499, 41.37986815810217 ] ] ] } },
{ "type": "Feature", "properties": { "id": 978, "snapped_id": 978.0, "centroid_lon": 2.20141, "centroid_lat": 41.40322, "radius": 192.371, "internal_id": 618000602392952831, "population": 2048, "component": 0, "o_score_pt": 2130.2948832444167, "o_score_car": 2164.2302765966342, "CDI": 0.0079020129325480994, "log_population": 3.3115419584011949 }, "geometry": { "type": "Polygon", "coordinates": [ [ [ 2.199309527557825, 41.403770249040299 ], [ 2.201100470392175, 41.404944091084637 ], [ 2.203201715914358, 41.404393425982398 ], [ 2.203519781091038, 41.402669308566367 ], [ 2.20172881370909, 41.401495492478738 ], [ 2.199627660844232, 41.402046164946398 ], [ 2.199309527557825, 41.403770249040299 ] ] ] } },
{ "type": "Feature", "properties": { "id": 979, "snapped_id": 979.0, "centroid_lon": 2.15309, "centroid_lat": 41.35158, "radius": 192.343, "internal_id": 618000602664271871, "population": 2064, "component": 0, "o_score_pt": 1165.0850120046894, "o_score_car": 2057.8811255627406, "CDI": 0.27701070239350978, "log_population": 3.3149200559924199 }, "geometry": { "type": "Polygon", "coordinates": [ [ [ 2.150981527023967, 41.352126766989443 ], [ 2.152771890231056, 41.353302409214741 ], [ 2.154873872276894, 41.352751376650787 ], [ 2.155192962346742, 41.35102504390948 ], [ 2.153402574441017, 41.349849427624214 ], [ 2.151300685087155, 41.350400467684743 ], [ 2.150981527023967, 41.352126766989443 ] ] ] } },
{ "type": "Feature", "properties": { "id": 980, "snapped_id": 980.0, "centroid_lon": 2.09109, "centroid_lat": 41.41854, "radius": 192.16, "internal_id": 618000603072167935, "population": 13, "component": 0, "o_score_pt": 9.0542895819921956, "o_score_car": 1404.6693286465318, "CDI": 0.98719086324194283, "log_population": 1.146128035678238 }, "geometry": { "type": "Polygon", "coordinates": [ [ [ 2.090577025100895, 41.418645465532002 ], [ 2.091106729601903, 41.418993563514128 ], [ 2.091525852925144, 41.418884168251857 ], [ 2.09160906813872, 41.418436248220559 ], [ 2.091079355796781, 41.41808816678774 ], [ 2.09066025770307, 41.418197558266051 ], [ 2.090577025100895, 41.418645465532002 ] ] ] } },
{ "type": "Feature", "properties": { "id": 981, "snapped_id": 981.0, "centroid_lon": 2.14183, "centroid_lat": 41.44588, "radius": 192.219, "internal_id": 618000603034681343, "population": 0, "component": 0, "o_score_pt": 1.8054997689383183, "o_score_car": 1854.6497603910179, "CDI": 0.99805489546913961, "log_population": 0.0 }, "geometry": { "type": "Polygon", "coordinates": [ [ [ 2.141790460964316, 41.445848134009964 ], [ 2.141875533419865, 41.44590394941585 ], [ 2.141875534696543, 41.445903942526371 ], [ 2.14179046158735, 41.445848130648628 ], [ 2.141790460964316, 41.445848134009964 ] ] ] } },
{ "type": "Feature", "properties": { "id": 982, "snapped_id": 982.0, "centroid_lon": 2.12821, "centroid_lat": 41.41899, "radius": 192.225, "internal_id": 618000602317979647, "population": 90, "component": 0, "o_score_pt": 1238.5428521714659, "o_score_car": 2009.504158966967, "CDI": 0.23736149881811, "log_population": 1.9590413923210936 }, "geometry": { "type": "Polygon", "coordinates": [ [ [ 2.127096647113957, 41.419265100406989 ], [ 2.128099267555637, 41.419923350285352 ], [ 2.129149900080663, 41.419648807146757 ], [ 2.129321655462006, 41.418722223164821 ], [ 2.128319020832342, 41.418063998464255 ], [ 2.12726843887952, 41.418338538707282 ], [ 2.127096647113957, 41.419265100406989 ] ] ] } },
{ "type": "Feature", "properties": { "id": 983, "snapped_id": 983.0, "centroid_lon": 2.17739, "centroid_lat": 41.42136, "radius": 192.309, "internal_id": 618000602959708159, "population": 2119, "component": 0, "o_score_pt": 2234.4822321222368, "o_score_car": 2289.44145108154, "CDI": 0.0121485734083785, "log_population": 3.3263358609287512 }, "geometry": { "type": "Polygon", "coordinates": [ [ [ 2.175272114264091, 41.421909716121071 ], [ 2.177071352152604, 41.42308945186268 ], [ 2.179184241870201, 41.422536516849334 ], [ 2.179504408732734, 41.420804177250417 ], [ 2.177705146092872, 41.41962446735409 ], [ 2.175592349555535, 41.420177409947719 ], [ 2.175272114264091, 41.421909716121071 ] ] ] } },
{ "type": "Feature", "properties": { "id": 984, "snapped_id": 984.0, "centroid_lon": 2.19907, "centroid_lat": 41.44952, "radius": 192.316, "internal_id": 618000602922221567, "population": 2620, "component": 0, "o_score_pt": 1972.9985603015732, "o_score_car": 2084.9527668880401, "CDI": 0.027588849042208999, "log_population": 3.4184670209466006 }, "geometry": { "type": "Polygon", "coordinates": [ [ [ 2.196898534079151, 41.450088504472482 ], [ 2.198744043180688, 41.451297495936956 ], [ 2.200917949581917, 41.450728775959092 ], [ 2.201246251244736, 41.448951056044969 ], [ 2.199400716845605, 41.447742089937698 ], [ 2.197226906078416, 41.448310818387945 ], [ 2.196898534079151, 41.450088504472482 ] ] ] } },
{ "type": "Feature", "properties": { "id": 985, "snapped_id": 985.0, "centroid_lon": 2.13782, "centroid_lat": 41.44523, "radius": 192.213, "internal_id": 618000602847248383, "population": 0, "component": 0, "o_score_pt": 5.5209439195560028, "o_score_car": 1796.5961812175983, "CDI": 0.99387282453227244, "log_population": 0.0 }, "geometry": { "type": "Polygon", "coordinates": [ [ [ 2.137773835694483, 41.445206044556123 ], [ 2.137858878239935, 41.445261846465442 ], [ 2.137858879516918, 41.44526183957592 ], [ 2.137773836317824, 41.445206041193906 ], [ 2.137773835694483, 41.445206044556123 ] ] ] } },
{ "type": "Feature", "properties": { "id": 986, "snapped_id": 986.0, "centroid_lon": 2.15611, "centroid_lat": 41.35755, "radius": 192.341, "internal_id": 618000602659815423, "population": 1003, "component": 0, "o_score_pt": 11.013337026412064, "o_score_car": 1276.7133031368037, "CDI": 0.98289491467689738, "log_population": 3.0017337128090005 }, "geometry": { "type": "Polygon", "coordinates": [ [ [ 2.154237654741433, 41.358038571045391 ], [ 2.155846037522602, 41.359094559861695 ], [ 2.157705176193137, 41.358607244840826 ], [ 2.157990121767767, 41.357065536204708 ], [ 2.1563817167415, 41.356009574672527 ], [ 2.154522661017462, 41.356496893788403 ], [ 2.154237654741433, 41.358038571045391 ] ] ] } },
{ "type": "Feature", "properties": { "id": 987, "snapped_id": 987.0, "centroid_lon": 2.214, "centroid_lat": 41.41346, "radius": 192.382, "internal_id": 618000602472382463, "population": 1945, "component": 0, "o_score_pt": 1879.8221585420081, "o_score_car": 2163.9959045942342, "CDI": 0.070273623000692301, "log_population": 3.2891428359323331 }, "geometry": { "type": "Polygon", "coordinates": [ [ [ 2.211911748504888, 41.414006506558458 ], [ 2.213690237578938, 41.415171668019852 ], [ 2.215774500980659, 41.414625435417086 ], [ 2.216089948292947, 41.412914536890703 ], [ 2.214311434879249, 41.411749401513561 ], [ 2.212227263447988, 41.412295641196607 ], [ 2.211911748504888, 41.414006506558458 ] ] ] } },
{ "type": "Feature", "properties": { "id": 988, "snapped_id": 988.0, "centroid_lon": 2.05904, "centroid_lat": 41.43535, "radius": 192.084, "internal_id": 618000603151597567, "population": 0, "component": 1, "o_score_pt": 0.0, "o_score_car": 1568.4827660189794, "CDI": 1.0, "log_population": 0.0 }, "geometry": { "type": "Polygon", "coordinates": [ [ [ 2.058994153977157, 41.435325993859522 ], [ 2.059078667656312, 41.435381566469445 ], [ 2.059078668939474, 41.435381559578332 ], [ 2.058994154606269, 41.435325990481736 ], [ 2.058994153977157, 41.435325993859522 ] ] ] } },
{ "type": "Feature", "properties": { "id": 989, "snapped_id": 989.0, "centroid_lon": 2.07702, "centroid_lat": 41.40531, "radius": 192.149, "internal_id": 618000603114110975, "population": 0, "component": 0, "o_score_pt": 0.085146712442593905, "o_score_car": 1358.3359990780289, "CDI": 0.99987463871170379, "log_population": 0.0 }, "geometry": { "type": "Polygon", "coordinates": [ [ [ 2.07698216042317, 41.405277512802797 ], [ 2.077066100406583, 41.405332703245804 ], [ 2.077066101686019, 41.405332696363097 ], [ 2.076982161054292, 41.405277509408492 ], [ 2.07698216042317, 41.405277512802797 ] ] ] } },
{ "type": "Feature", "properties": { "id": 990, "snapped_id": 990.0, "centroid_lon": 2.07853, "centroid_lat": 41.40829, "radius": 192.149, "internal_id": 618000603076624383, "population": 0, "component": 0, "o_score_pt": 0.62346601561248227, "o_score_car": 1312.1587169282525, "CDI": 0.99905016075977759, "log_population": 0.0 }, "geometry": { "type": "Polygon", "coordinates": [ [ [ 2.078492639113781, 41.408264789030227 ], [ 2.078576649357195, 41.40832002153666 ], [ 2.078576650636709, 41.408320014653306 ], [ 2.078492639744501, 41.408264785637975 ], [ 2.078492639113781, 41.408264789030227 ] ] ] } },
{ "type": "Feature", "properties": { "id": 991, "snapped_id": 991.0, "centroid_lon": 2.11413, "centroid_lat": 41.40576, "radius": 192.214, "internal_id": 618000602359922687, "population": 945, "component": 0, "o_score_pt": 1311.856280775429, "o_score_car": 2209.7651914161938, "CDI": 0.2549703077775608, "log_population": 2.9758911364017928 }, "geometry": { "type": "Polygon", "coordinates": [ [ [ 2.112271766313644, 41.406240093050819 ], [ 2.113865058048843, 41.407286672658103 ], [ 2.115704723602279, 41.406805935867659 ], [ 2.11598766991544, 41.4052804113185 ], [ 2.114394355987252, 41.40423385902173 ], [ 2.112554772706794, 41.404714599716222 ], [ 2.112271766313644, 41.406240093050819 ] ] ] } },
{ "type": "Feature", "properties": { "id": 992, "snapped_id": 992.0, "centroid_lon": 2.12518, "centroid_lat": 41.41302, "radius": 192.226, "internal_id": 618000602322436095, "population": 912, "component": 0, "o_score_pt": 1206.6396540717401, "o_score_car": 2145.5575362139098, "CDI": 0.28009028969508859, "log_population": 2.9604707775342991 }, "geometry": { "type": "Polygon", "coordinates": [ [ [ 2.123336092807937, 41.413496099051983 ], [ 2.124920856970363, 41.414536693025816 ], [ 2.126748845390572, 41.414058964308182 ], [ 2.127029957850168, 41.41254252434787 ], [ 2.125445171642449, 41.411501957726607 ], [ 2.123617265020115, 41.411979690179784 ], [ 2.123336092807937, 41.413496099051983 ] ] ] } },
{ "type": "Feature", "properties": { "id": 993, "snapped_id": 993.0, "centroid_lon": 2.18497, "centroid_lat": 41.43629, "radius": 192.306, "internal_id": 618000602964164607, "population": 2710, "component": 0, "o_score_pt": 1924.8026491741189, "o_score_car": 2022.2306358583376, "CDI": 0.024683852313502199, "log_population": 3.4331295175804857 }, "geometry": { "type": "Polygon", "coordinates": [ [ [ 2.182794632251269, 41.436860481266287 ], [ 2.184639421671752, 41.438069630049924 ], [ 2.186812812535506, 41.437501030077485 ], [ 2.187141318358727, 41.43572327282272 ], [ 2.185296503601475, 41.434514149396286 ], [ 2.183123208354908, 41.435082757868045 ], [ 2.182794632251269, 41.436860481266287 ] ] ] } },
{ "type": "Feature", "properties": { "id": 994, "snapped_id": 994.0, "centroid_lon": 2.13361, "centroid_lat": 41.37867, "radius": 192.278, "internal_id": 618000602284949503, "population": 2719, "component": 0, "o_score_pt": 2434.7363286822165, "o_score_car": 2256.6442695000119, "CDI": -0.037961545744382798, "log_population": 3.4345689040341987 }, "geometry": { "type": "Polygon", "coordinates": [ [ [ 2.131441808504372, 41.379242970532388 ], [ 2.133283772471877, 41.380452693529165 ], [ 2.135455043285574, 41.37988440085423 ], [ 2.135784254594725, 41.378106376584604 ], [ 2.133942265153915, 41.376896678951148 ], [ 2.131771089874409, 41.37746498022458 ], [ 2.131441808504372, 41.379242970532388 ] ] ] } },
{ "type": "Feature", "properties": { "id": 995, "snapped_id": 995.0, "centroid_lon": 2.18648, "centroid_lat": 41.43928, "radius": 192.305, "internal_id": 618000602926678015, "population": 2764, "component": 0, "o_score_pt": 1914.1723578186109, "o_score_car": 2061.8190180535171, "CDI": 0.037134552436628498, "log_population": 3.4416951356407171 }, "geometry": { "type": "Polygon", "coordinates": [ [ [ 2.184310861427621, 41.439847327214984 ], [ 2.18615576233345, 41.44105645826064 ], [ 2.188329248819735, 41.440487866784459 ], [ 2.188657738774806, 41.438710135766968 ], [ 2.186812812535506, 41.437501030077485 ], [ 2.184639421671752, 41.438069630049924 ], [ 2.184310861427621, 41.439847327214984 ] ] ] } }
]
}
