{
"type": "FeatureCollection",
"name": "hexes",
"crs": { "type": "name", "properties": { "name": "urn:ogc:def:crs:OGC:1.3:CRS84" } },
"features": [
{ "type": "Feature", "properties": { "id": 0, "population": 788 }, "geometry": { "type": "Polygon", "coordinates": [ [ [ -0.58454, 44.86193 ], [ -0.58642, 44.86083 ], [ -0.58601, 44.85901 ], [ -0.58373, 44.85829 ], [ -0.58185, 44.85939 ], [ -0.58225, 44.86121 ], [ -0.58454, 44.86193 ], [ -0.58454, 44.86193 ] ] ] } },
{ "type": "Feature", "properties": { "id": 1, "population": 470 }, "geometry": { "type": "Polygon", "coordinates": [ [ [ -0.61272, 44.84548 ], [ -0.6146, 44.84438 ], [ -0.61419, 44.84256 ], [ -0.61191, 44.84184 ], [ -0.61003, 44.84294 ], [ -0.61044, 44.84476 ], [ -0.61272, 44.84548 ], [ -0.61272, 44.84548 ] ] ] } },
{ "type": "Feature", "properties": { "id": 2, "population": 0 }, "geometry": { "type": "Polygon", "coordinates": [ [ [ -0.57489, 44.9045 ], [ -0.57677, 44.9034 ], [ -0.57636, 44.90158 ], [ -0.57408, 44.90086 ], [ -0.5722, 44.90196 ], [ -0.5726, 44.90378 ], [ -0.57489, 44.9045 ], [ -0.57489, 44.9045 ] ] ] } },
{ "type": "Feature", "properties": { "id": 3, "population": 445 }, "geometry": { "type": "Polygon", "coordinates": [ [ [ -0.5538, 44.82855 ], [ -0.55567, 44.82746 ], [ -0.55527, 44.82564 ], [ -0.55299, 44.82492 ], [ -0.55111, 44.82601 ], [ -0.55152, 44.82783 ], [ -0.5538, 44.82855 ], [ -0.5538, 44.82855 ] ] ] } },
{ "type": "Feature", "properties": { "id": 4, "population": 13 }, "geometry": { "type": "Polygon", "coordinates": [ [ [ -0.62859, 44.86907 ], [ -0.63047, 44.86797 ], [ -0.63006, 44.86616 ], [ -0.62778, 44.86544 ], [ -0.6259, 44.86653 ], [ -0.62631, 44.86835 ], [ -0.62859, 44.86907 ], [ -0.62859, 44.86907 ] ] ] } },
{ "type": "Feature", "properties": { "id": 5, "population": 448 }, "geometry": { "type": "Polygon", "coordinates": [ [ [ -0.61957, 44.84764 ], [ -0.62145, 44.84654 ], [ -0.62104, 44.84472 ], [ -0.61876, 44.844 ], [ -0.61688, 44.8451 ], [ -0.61729, 44.84692 ], [ -0.61957, 44.84764 ], [ -0.61957, 44.84764 ] ] ] } },
{ "type": "Feature", "properties": { "id": 6, "population": 22 }, "geometry": { "type": "Polygon", "coordinates": [ [ [ -0.55004, 44.85947 ], [ -0.55192, 44.85838 ], [ -0.55152, 44.85656 ], [ -0.54923, 44.85584 ], [ -0.54736, 44.85693 ], [ -0.54776, 44.85875 ], [ -0.55004, 44.85947 ], [ -0.55004, 44.85947 ] ] ] } },
{ "type": "Feature", "properties": { "id": 7, "population": 824 }, "geometry": { "type": "Polygon", "coordinates": [ [ [ -0.57232, 44.85469 ], [ -0.5742, 44.85359 ], [ -0.57379, 44.85177 ], [ -0.57151, 44.85105 ], [ -0.56963, 44.85215 ], [ -0.57004, 44.85397 ], [ -0.57232, 44.85469 ], [ -0.57232, 44.85469 ] ] ] } },
{ "type": "Feature", "properties": { "id": 8, "population": 680 }, "geometry": { "type": "Polygon", "coordinates": [ [ [ -0.57595, 44.87104 ], [ -0.57783, 44.86995 ], [ -0.57742, 44.86813 ], [ -0.57514, 44.86741 ], [ -0.57326, 44.8685 ], [ -0.57367, 44.87032 ], [ -0.57595, 44.87104 ], [ -0.57595, 44.87104 ] ] ] } },
{ "type": "Feature", "properties": { "id": 9, "population": 287 }, "geometry": { "type": "Polygon", "coordinates": [ [ [ -0.5589, 44.84199 ], [ -0.56077, 44.8409 ], [ -0.56037, 44.83908 ], [ -0.55809, 44.83836 ], [ -0.55621, 44.83945 ], [ -0.55661, 44.84127 ], [ -0.5589, 44.84199 ], [ -0.5589, 44.84199 ] ] ] } },
{ "type": "Feature", "properties": { "id": 10, "population": 1010 }, "geometry": { "type": "Polygon", "coordinates": [ [ [ -0.5907, 44.84191 ], [ -0.59258, 44.84081 ], [ -0.59218, 44.83899 ], [ -0.58989, 44.83827 ], [ -0.58802, 44.83937 ], [ -0.58842, 44.84119 ], [ -0.5907, 44.84191 ], [ -0.5907, 44.84191 ] ] ] } },
{ "type": "Feature", "properties": { "id": 11, "population": 127 }, "geometry": { "type": "Polygon", "coordinates": [ [ [ -0.55272, 44.86201 ], [ -0.5546, 44.86091 ], [ -0.5542, 44.8591 ], [ -0.55192, 44.85838 ], [ -0.55004, 44.85947 ], [ -0.55044, 44.86129 ], [ -0.55272, 44.86201 ], [ -0.55272, 44.86201 ] ] ] } },
{ "type": "Feature", "properties": { "id": 12, "population": 156 }, "geometry": { "type": "Polygon", "coordinates": [ [ [ -0.56145, 44.8918 ], [ -0.56333, 44.89071 ], [ -0.56293, 44.88889 ], [ -0.56065, 44.88817 ], [ -0.55877, 44.88927 ], [ -0.55917, 44.89108 ], [ -0.56145, 44.8918 ], [ -0.56145, 44.8918 ] ] ] } },
{ "type": "Feature", "properties": { "id": 13, "population": 224 }, "geometry": { "type": "Polygon", "coordinates": [ [ [ -0.56816, 44.85506 ], [ -0.57004, 44.85397 ], [ -0.56963, 44.85215 ], [ -0.56735, 44.85143 ], [ -0.56547, 44.85252 ], [ -0.56588, 44.85434 ], [ -0.56816, 44.85506 ], [ -0.56816, 44.85506 ] ] ] } },
{ "type": "Feature", "properties": { "id": 14, "population": 457 }, "geometry": { "type": "Polygon", "coordinates": [ [ [ -0.61515, 44.85638 ], [ -0.61703, 44.85529 ], [ -0.61662, 44.85347 ], [ -0.61434, 44.85275 ], [ -0.61246, 44.85384 ], [ -0.61286, 44.85566 ], [ -0.61515, 44.85638 ], [ -0.61515, 44.85638 ] ] ] } },
{ "type": "Feature", "properties": { "id": 15, "population": 238 }, "geometry": { "type": "Polygon", "coordinates": [ [ [ -0.55621, 44.83945 ], [ -0.55809, 44.83836 ], [ -0.55769, 44.83654 ], [ -0.55541, 44.83582 ], [ -0.55353, 44.83692 ], [ -0.55393, 44.83873 ], [ -0.55621, 44.83945 ], [ -0.55621, 44.83945 ] ] ] } },
{ "type": "Feature", "properties": { "id": 16, "population": 9 }, "geometry": { "type": "Polygon", "coordinates": [ [ [ -0.5487, 44.90129 ], [ -0.55058, 44.90019 ], [ -0.55017, 44.89837 ], [ -0.54789, 44.89765 ], [ -0.54601, 44.89875 ], [ -0.54641, 44.90056 ], [ -0.5487, 44.90129 ], [ -0.5487, 44.90129 ] ] ] } },
{ "type": "Feature", "properties": { "id": 17, "population": 11 }, "geometry": { "type": "Polygon", "coordinates": [ [ [ -0.5538, 44.91473 ], [ -0.55568, 44.91363 ], [ -0.55528, 44.91181 ], [ -0.55299, 44.91109 ], [ -0.55111, 44.91219 ], [ -0.55152, 44.914 ], [ -0.5538, 44.91473 ], [ -0.5538, 44.91473 ] ] ] } },
{ "type": "Feature", "properties": { "id": 18, "population": 914 }, "geometry": { "type": "Polygon", "coordinates": [ [ [ -0.58828, 44.831 ], [ -0.59016, 44.8299 ], [ -0.58975, 44.82809 ], [ -0.58747, 44.82737 ], [ -0.58559, 44.82846 ], [ -0.586, 44.83028 ], [ -0.58828, 44.831 ], [ -0.58828, 44.831 ] ] ] } },
{ "type": "Feature", "properties": { "id": 19, "population": 397 }, "geometry": { "type": "Polygon", "coordinates": [ [ [ -0.62104, 44.84472 ], [ -0.62292, 44.84363 ], [ -0.62252, 44.84181 ], [ -0.62023, 44.84109 ], [ -0.61835, 44.84219 ], [ -0.61876, 44.844 ], [ -0.62104, 44.84472 ], [ -0.62104, 44.84472 ] ] ] } },
{ "type": "Feature", "properties": { "id": 20, "population": 158 }, "geometry": { "type": "Polygon", "coordinates": [ [ [ -0.55152, 44.85656 ], [ -0.55339, 44.85546 ], [ -0.55299, 44.85365 ], [ -0.55071, 44.85292 ], [ -0.54883, 44.85402 ], [ -0.54923, 44.85584 ], [ -0.55152, 44.85656 ], [ -0.55152, 44.85656 ] ] ] } },
{ "type": "Feature", "properties": { "id": 21, "population": 677 }, "geometry": { "type": "Polygon", "coordinates": [ [ [ -0.57379, 44.85177 ], [ -0.57567, 44.85068 ], [ -0.57527, 44.84886 ], [ -0.57299, 44.84814 ], [ -0.57111, 44.84923 ], [ -0.57151, 44.85105 ], [ -0.57379, 44.85177 ], [ -0.57379, 44.85177 ] ] ] } },
{ "type": "Feature", "properties": { "id": 22, "population": 1693 }, "geometry": { "type": "Polygon", "coordinates": [ [ [ -0.57432, 44.83504 ], [ -0.5762, 44.83395 ], [ -0.5758, 44.83213 ], [ -0.57352, 44.83141 ], [ -0.57164, 44.8325 ], [ -0.57204, 44.83432 ], [ -0.57432, 44.83504 ], [ -0.57432, 44.83504 ] ] ] } },
{ "type": "Feature", "properties": { "id": 23, "population": 964 }, "geometry": { "type": "Polygon", "coordinates": [ [ [ -0.58923, 44.84482 ], [ -0.5911, 44.84372 ], [ -0.5907, 44.84191 ], [ -0.58842, 44.84119 ], [ -0.58654, 44.84228 ], [ -0.58694, 44.8441 ], [ -0.58923, 44.84482 ], [ -0.58923, 44.84482 ] ] ] } },
{ "type": "Feature", "properties": { "id": 24, "population": 165 }, "geometry": { "type": "Polygon", "coordinates": [ [ [ -0.56293, 44.88889 ], [ -0.56481, 44.8878 ], [ -0.56441, 44.88598 ], [ -0.56212, 44.88526 ], [ -0.56024, 44.88635 ], [ -0.56065, 44.88817 ], [ -0.56293, 44.88889 ], [ -0.56293, 44.88889 ] ] ] } },
{ "type": "Feature", "properties": { "id": 25, "population": 196 }, "geometry": { "type": "Polygon", "coordinates": [ [ [ -0.56963, 44.85215 ], [ -0.57151, 44.85105 ], [ -0.57111, 44.84923 ], [ -0.56883, 44.84851 ], [ -0.56695, 44.84961 ], [ -0.56735, 44.85143 ], [ -0.56963, 44.85215 ], [ -0.56963, 44.85215 ] ] ] } },
{ "type": "Feature", "properties": { "id": 26, "population": 1245 }, "geometry": { "type": "Polygon", "coordinates": [ [ [ -0.55259, 44.8231 ], [ -0.55447, 44.822 ], [ -0.55406, 44.82019 ], [ -0.55178, 44.81946 ], [ -0.54991, 44.82056 ], [ -0.55031, 44.82238 ], [ -0.55259, 44.8231 ], [ -0.55259, 44.8231 ] ] ] } },
{ "type": "Feature", "properties": { "id": 27, "population": 519 }, "geometry": { "type": "Polygon", "coordinates": [ [ [ -0.61662, 44.85347 ], [ -0.6185, 44.85237 ], [ -0.61809, 44.85055 ], [ -0.61581, 44.84983 ], [ -0.61393, 44.85093 ], [ -0.61434, 44.85275 ], [ -0.61662, 44.85347 ], [ -0.61662, 44.85347 ] ] ] } },
{ "type": "Feature", "properties": { "id": 28, "population": 869 }, "geometry": { "type": "Polygon", "coordinates": [ [ [ -0.57486, 44.81831 ], [ -0.57673, 44.81721 ], [ -0.57633, 44.8154 ], [ -0.57405, 44.81467 ], [ -0.57217, 44.81577 ], [ -0.57257, 44.81759 ], [ -0.57486, 44.81831 ], [ -0.57486, 44.81831 ] ] ] } },
{ "type": "Feature", "properties": { "id": 29, "population": 7 }, "geometry": { "type": "Polygon", "coordinates": [ [ [ -0.56978, 44.89106 ], [ -0.57166, 44.88996 ], [ -0.57126, 44.88814 ], [ -0.56897, 44.88742 ], [ -0.56709, 44.88852 ], [ -0.5675, 44.89033 ], [ -0.56978, 44.89106 ], [ -0.56978, 44.89106 ] ] ] } },
{ "type": "Feature", "properties": { "id": 30, "population": 0 }, "geometry": { "type": "Polygon", "coordinates": [ [ [ -0.55769, 44.83654 ], [ -0.55957, 44.83545 ], [ -0.55916, 44.83363 ], [ -0.55688, 44.83291 ], [ -0.555, 44.834 ], [ -0.55541, 44.83582 ], [ -0.55769, 44.83654 ], [ -0.55769, 44.83654 ] ] ] } },
{ "type": "Feature", "properties": { "id": 31, "population": 13 }, "geometry": { "type": "Polygon", "coordinates": [ [ [ -0.56508, 44.90816 ], [ -0.56696, 44.90706 ], [ -0.56656, 44.90524 ], [ -0.56428, 44.90452 ], [ -0.5624, 44.90562 ], [ -0.5628, 44.90743 ], [ -0.56508, 44.90816 ], [ -0.56508, 44.90816 ] ] ] } },
{ "type": "Feature", "properties": { "id": 32, "population": 495 }, "geometry": { "type": "Polygon", "coordinates": [ [ [ -0.62347, 44.85563 ], [ -0.62535, 44.85453 ], [ -0.62495, 44.85271 ], [ -0.62266, 44.85199 ], [ -0.62078, 44.85309 ], [ -0.62119, 44.85491 ], [ -0.62347, 44.85563 ], [ -0.62347, 44.85563 ] ] ] } },
{ "type": "Feature", "properties": { "id": 33, "population": 103 }, "geometry": { "type": "Polygon", "coordinates": [ [ [ -0.544, 44.83221 ], [ -0.54588, 44.83112 ], [ -0.54548, 44.8293 ], [ -0.5432, 44.82858 ], [ -0.54132, 44.82967 ], [ -0.54172, 44.83149 ], [ -0.544, 44.83221 ], [ -0.544, 44.83221 ] ] ] } },
{ "type": "Feature", "properties": { "id": 34, "population": 1595 }, "geometry": { "type": "Polygon", "coordinates": [ [ [ -0.5758, 44.83213 ], [ -0.57768, 44.83103 ], [ -0.57727, 44.82921 ], [ -0.57499, 44.82849 ], [ -0.57312, 44.82959 ], [ -0.57352, 44.83141 ], [ -0.5758, 44.83213 ], [ -0.5758, 44.83213 ] ] ] } },
{ "type": "Feature", "properties": { "id": 35, "population": 813 }, "geometry": { "type": "Polygon", "coordinates": [ [ [ -0.55742, 44.84491 ], [ -0.5593, 44.84381 ], [ -0.5589, 44.84199 ], [ -0.55661, 44.84127 ], [ -0.55474, 44.84237 ], [ -0.55514, 44.84419 ], [ -0.55742, 44.84491 ], [ -0.55742, 44.84491 ] ] ] } },
{ "type": "Feature", "properties": { "id": 36, "population": 134 }, "geometry": { "type": "Polygon", "coordinates": [ [ [ -0.56535, 44.89979 ], [ -0.56723, 44.8987 ], [ -0.56683, 44.89688 ], [ -0.56454, 44.89616 ], [ -0.56266, 44.89725 ], [ -0.56307, 44.89907 ], [ -0.56535, 44.89979 ], [ -0.56535, 44.89979 ] ] ] } },
{ "type": "Feature", "properties": { "id": 37, "population": 329 }, "geometry": { "type": "Polygon", "coordinates": [ [ [ -0.61471, 44.82583 ], [ -0.61659, 44.82473 ], [ -0.61619, 44.82291 ], [ -0.61391, 44.82219 ], [ -0.61203, 44.82329 ], [ -0.61243, 44.82511 ], [ -0.61471, 44.82583 ], [ -0.61471, 44.82583 ] ] ] } },
{ "type": "Feature", "properties": { "id": 38, "population": 889 }, "geometry": { "type": "Polygon", "coordinates": [ [ [ -0.57205, 44.86305 ], [ -0.57393, 44.86196 ], [ -0.57353, 44.86014 ], [ -0.57125, 44.85942 ], [ -0.56937, 44.86051 ], [ -0.56977, 44.86233 ], [ -0.57205, 44.86305 ], [ -0.57205, 44.86305 ] ] ] } },
{ "type": "Feature", "properties": { "id": 39, "population": 1135 }, "geometry": { "type": "Polygon", "coordinates": [ [ [ -0.55406, 44.82019 ], [ -0.55594, 44.81909 ], [ -0.55554, 44.81727 ], [ -0.55326, 44.81655 ], [ -0.55138, 44.81765 ], [ -0.55178, 44.81946 ], [ -0.55406, 44.82019 ], [ -0.55406, 44.82019 ] ] ] } },
{ "type": "Feature", "properties": { "id": 40, "population": 393 }, "geometry": { "type": "Polygon", "coordinates": [ [ [ -0.5632, 44.88053 ], [ -0.56508, 44.87943 ], [ -0.56467, 44.87762 ], [ -0.56239, 44.87689 ], [ -0.56051, 44.87799 ], [ -0.56091, 44.87981 ], [ -0.5632, 44.88053 ], [ -0.5632, 44.88053 ] ] ] } },
{ "type": "Feature", "properties": { "id": 41, "population": 606 }, "geometry": { "type": "Polygon", "coordinates": [ [ [ -0.60023, 44.84661 ], [ -0.60211, 44.84551 ], [ -0.60171, 44.84369 ], [ -0.59943, 44.84297 ], [ -0.59755, 44.84407 ], [ -0.59795, 44.84589 ], [ -0.60023, 44.84661 ], [ -0.60023, 44.84661 ] ] ] } },
{ "type": "Feature", "properties": { "id": 42, "population": 148 }, "geometry": { "type": "Polygon", "coordinates": [ [ [ -0.5699, 44.84378 ], [ -0.57178, 44.84269 ], [ -0.57137, 44.84087 ], [ -0.56909, 44.84015 ], [ -0.56721, 44.84124 ], [ -0.56762, 44.84306 ], [ -0.5699, 44.84378 ], [ -0.5699, 44.84378 ] ] ] } },
{ "type": "Feature", "properties": { "id": 43, "population": 111 }, "geometry": { "type": "Polygon", "coordinates": [ [ [ -0.57126, 44.88814 ], [ -0.57313, 44.88705 ], [ -0.57273, 44.88523 ], [ -0.57045, 44.88451 ], [ -0.56857, 44.88561 ], [ -0.56897, 44.88742 ], [ -0.57126, 44.88814 ], [ -0.57126, 44.88814 ] ] ] } },
{ "type": "Feature", "properties": { "id": 44, "population": 34 }, "geometry": { "type": "Polygon", "coordinates": [ [ [ -0.54266, 44.87403 ], [ -0.54454, 44.87294 ], [ -0.54413, 44.87112 ], [ -0.54185, 44.8704 ], [ -0.53997, 44.87149 ], [ -0.54038, 44.87331 ], [ -0.54266, 44.87403 ], [ -0.54266, 44.87403 ] ] ] } },
{ "type": "Feature", "properties": { "id": 45, "population": 493 }, "geometry": { "type": "Polygon", "coordinates": [ [ [ -0.62495, 44.85271 ], [ -0.62682, 44.85162 ], [ -0.62642, 44.8498 ], [ -0.62414, 44.84908 ], [ -0.62226, 44.85018 ], [ -0.62266, 44.85199 ], [ -0.62495, 44.85271 ], [ -0.62495, 44.85271 ] ] ] } },
{ "type": "Feature", "properties": { "id": 46, "population": 3 }, "geometry": { "type": "Polygon", "coordinates": [ [ [ -0.53796, 44.89113 ], [ -0.53984, 44.89004 ], [ -0.53943, 44.88822 ], [ -0.53715, 44.8875 ], [ -0.53527, 44.88859 ], [ -0.53567, 44.89041 ], [ -0.53796, 44.89113 ], [ -0.53796, 44.89113 ] ] ] } },
{ "type": "Feature", "properties": { "id": 47, "population": 642 }, "geometry": { "type": "Polygon", "coordinates": [ [ [ -0.54642, 44.84312 ], [ -0.5483, 44.84202 ], [ -0.54789, 44.8402 ], [ -0.54561, 44.83948 ], [ -0.54373, 44.84058 ], [ -0.54414, 44.8424 ], [ -0.54642, 44.84312 ], [ -0.54642, 44.84312 ] ] ] } },
{ "type": "Feature", "properties": { "id": 48, "population": 1388 }, "geometry": { "type": "Polygon", "coordinates": [ [ [ -0.57822, 44.84303 ], [ -0.5801, 44.84194 ], [ -0.57969, 44.84012 ], [ -0.57741, 44.8394 ], [ -0.57553, 44.84049 ], [ -0.57594, 44.84231 ], [ -0.57822, 44.84303 ], [ -0.57822, 44.84303 ] ] ] } },
{ "type": "Feature", "properties": { "id": 49, "population": 563 }, "geometry": { "type": "Polygon", "coordinates": [ [ [ -0.60371, 44.82404 ], [ -0.60558, 44.82295 ], [ -0.60518, 44.82113 ], [ -0.6029, 44.82041 ], [ -0.60102, 44.82151 ], [ -0.60142, 44.82332 ], [ -0.60371, 44.82404 ], [ -0.60371, 44.82404 ] ] ] } },
{ "type": "Feature", "properties": { "id": 50, "population": 119 }, "geometry": { "type": "Polygon", "coordinates": [ [ [ -0.56683, 44.89688 ], [ -0.56871, 44.89579 ], [ -0.5683, 44.89397 ], [ -0.56602, 44.89325 ], [ -0.56414, 44.89434 ], [ -0.56454, 44.89616 ], [ -0.56683, 44.89688 ], [ -0.56683, 44.89688 ] ] ] } },
{ "type": "Feature", "properties": { "id": 51, "population": 290 }, "geometry": { "type": "Polygon", "coordinates": [ [ [ -0.54172, 44.86022 ], [ -0.5436, 44.85912 ], [ -0.5432, 44.85731 ], [ -0.54091, 44.85658 ], [ -0.53904, 44.85768 ], [ -0.53944, 44.8595 ], [ -0.54172, 44.86022 ], [ -0.54172, 44.86022 ] ] ] } },
{ "type": "Feature", "properties": { "id": 52, "population": 1089 }, "geometry": { "type": "Polygon", "coordinates": [ [ [ -0.57353, 44.86014 ], [ -0.57541, 44.85904 ], [ -0.575, 44.85722 ], [ -0.57272, 44.8565 ], [ -0.57084, 44.8576 ], [ -0.57125, 44.85942 ], [ -0.57353, 44.86014 ], [ -0.57353, 44.86014 ] ] ] } },
{ "type": "Feature", "properties": { "id": 53, "population": 640 }, "geometry": { "type": "Polygon", "coordinates": [ [ [ -0.60171, 44.84369 ], [ -0.60359, 44.8426 ], [ -0.60318, 44.84078 ], [ -0.6009, 44.84006 ], [ -0.59902, 44.84115 ], [ -0.59943, 44.84297 ], [ -0.60171, 44.84369 ], [ -0.60171, 44.84369 ] ] ] } },
{ "type": "Feature", "properties": { "id": 54, "population": 711 }, "geometry": { "type": "Polygon", "coordinates": [ [ [ -0.54762, 44.84857 ], [ -0.5495, 44.84747 ], [ -0.5491, 44.84566 ], [ -0.54682, 44.84493 ], [ -0.54494, 44.84603 ], [ -0.54534, 44.84785 ], [ -0.54762, 44.84857 ], [ -0.54762, 44.84857 ] ] ] } },
{ "type": "Feature", "properties": { "id": 55, "population": 129 }, "geometry": { "type": "Polygon", "coordinates": [ [ [ -0.57368, 44.89905 ], [ -0.57556, 44.89795 ], [ -0.57515, 44.89613 ], [ -0.57287, 44.89541 ], [ -0.57099, 44.89651 ], [ -0.57139, 44.89832 ], [ -0.57368, 44.89905 ], [ -0.57368, 44.89905 ] ] ] } },
{ "type": "Feature", "properties": { "id": 56, "population": 424 }, "geometry": { "type": "Polygon", "coordinates": [ [ [ -0.63596, 44.8545 ], [ -0.63784, 44.8534 ], [ -0.63743, 44.85158 ], [ -0.63515, 44.85086 ], [ -0.63327, 44.85196 ], [ -0.63368, 44.85378 ], [ -0.63596, 44.8545 ], [ -0.63596, 44.8545 ] ] ] } },
{ "type": "Feature", "properties": { "id": 57, "population": 53 }, "geometry": { "type": "Polygon", "coordinates": [ [ [ -0.54413, 44.87112 ], [ -0.54601, 44.87003 ], [ -0.54561, 44.86821 ], [ -0.54333, 44.86749 ], [ -0.54145, 44.86858 ], [ -0.54185, 44.8704 ], [ -0.54413, 44.87112 ], [ -0.54413, 44.87112 ] ] ] } },
{ "type": "Feature", "properties": { "id": 58, "population": 141 }, "geometry": { "type": "Polygon", "coordinates": [ [ [ -0.60682, 44.85713 ], [ -0.6087, 44.85604 ], [ -0.6083, 44.85422 ], [ -0.60601, 44.8535 ], [ -0.60413, 44.8546 ], [ -0.60454, 44.85641 ], [ -0.60682, 44.85713 ], [ -0.60682, 44.85713 ] ] ] } },
{ "type": "Feature", "properties": { "id": 59, "population": 968 }, "geometry": { "type": "Polygon", "coordinates": [ [ [ -0.57459, 44.82668 ], [ -0.57647, 44.82558 ], [ -0.57606, 44.82376 ], [ -0.57378, 44.82304 ], [ -0.57191, 44.82414 ], [ -0.57231, 44.82595 ], [ -0.57459, 44.82668 ], [ -0.57459, 44.82668 ] ] ] } },
{ "type": "Feature", "properties": { "id": 60, "population": 0 }, "geometry": { "type": "Polygon", "coordinates": [ [ [ -0.54037, 44.90203 ], [ -0.54225, 44.90094 ], [ -0.54185, 44.89912 ], [ -0.53957, 44.8984 ], [ -0.53769, 44.89949 ], [ -0.53809, 44.90131 ], [ -0.54037, 44.90203 ], [ -0.54037, 44.90203 ] ] ] } },
{ "type": "Feature", "properties": { "id": 61, "population": 1020 }, "geometry": { "type": "Polygon", "coordinates": [ [ [ -0.56494, 44.86925 ], [ -0.56682, 44.86816 ], [ -0.56642, 44.86634 ], [ -0.56413, 44.86562 ], [ -0.56225, 44.86671 ], [ -0.56266, 44.86853 ], [ -0.56494, 44.86925 ], [ -0.56494, 44.86925 ] ] ] } },
{ "type": "Feature", "properties": { "id": 62, "population": 518 }, "geometry": { "type": "Polygon", "coordinates": [ [ [ -0.54789, 44.8402 ], [ -0.54977, 44.83911 ], [ -0.54937, 44.83729 ], [ -0.54709, 44.83657 ], [ -0.54521, 44.83766 ], [ -0.54561, 44.83948 ], [ -0.54789, 44.8402 ], [ -0.54789, 44.8402 ] ] ] } },
{ "type": "Feature", "properties": { "id": 63, "population": 428 }, "geometry": { "type": "Polygon", "coordinates": [ [ [ -0.63301, 44.86033 ], [ -0.63489, 44.85923 ], [ -0.63449, 44.85741 ], [ -0.6322, 44.85669 ], [ -0.63032, 44.85779 ], [ -0.63073, 44.85961 ], [ -0.63301, 44.86033 ], [ -0.63301, 44.86033 ] ] ] } },
{ "type": "Feature", "properties": { "id": 64, "population": 1525 }, "geometry": { "type": "Polygon", "coordinates": [ [ [ -0.57969, 44.84012 ], [ -0.58157, 44.83902 ], [ -0.58117, 44.8372 ], [ -0.57889, 44.83648 ], [ -0.57701, 44.83758 ], [ -0.57741, 44.8394 ], [ -0.57969, 44.84012 ], [ -0.57969, 44.84012 ] ] ] } },
{ "type": "Feature", "properties": { "id": 65, "population": 179 }, "geometry": { "type": "Polygon", "coordinates": [ [ [ -0.55044, 44.89001 ], [ -0.55232, 44.88892 ], [ -0.55192, 44.8871 ], [ -0.54964, 44.88638 ], [ -0.54776, 44.88747 ], [ -0.54816, 44.88929 ], [ -0.55044, 44.89001 ], [ -0.55044, 44.89001 ] ] ] } },
{ "type": "Feature", "properties": { "id": 66, "population": 694 }, "geometry": { "type": "Polygon", "coordinates": [ [ [ -0.58628, 44.85065 ], [ -0.58816, 44.84955 ], [ -0.58775, 44.84773 ], [ -0.58547, 44.84701 ], [ -0.58359, 44.84811 ], [ -0.58399, 44.84993 ], [ -0.58628, 44.85065 ], [ -0.58628, 44.85065 ] ] ] } },
{ "type": "Feature", "properties": { "id": 67, "population": 36 }, "geometry": { "type": "Polygon", "coordinates": [ [ [ -0.60413, 44.8546 ], [ -0.60601, 44.8535 ], [ -0.60561, 44.85168 ], [ -0.60333, 44.85096 ], [ -0.60145, 44.85206 ], [ -0.60185, 44.85388 ], [ -0.60413, 44.8546 ], [ -0.60413, 44.8546 ] ] ] } },
{ "type": "Feature", "properties": { "id": 68, "population": 97 }, "geometry": { "type": "Polygon", "coordinates": [ [ [ -0.55555, 44.90345 ], [ -0.55743, 44.90236 ], [ -0.55702, 44.90054 ], [ -0.55474, 44.89982 ], [ -0.55286, 44.90091 ], [ -0.55326, 44.90273 ], [ -0.55555, 44.90345 ], [ -0.55555, 44.90345 ] ] ] } },
{ "type": "Feature", "properties": { "id": 69, "population": 78 }, "geometry": { "type": "Polygon", "coordinates": [ [ [ -0.57515, 44.89613 ], [ -0.57703, 44.89504 ], [ -0.57663, 44.89322 ], [ -0.57435, 44.8925 ], [ -0.57247, 44.8936 ], [ -0.57287, 44.89541 ], [ -0.57515, 44.89613 ], [ -0.57515, 44.89613 ] ] ] } },
{ "type": "Feature", "properties": { "id": 70, "population": 1 }, "geometry": { "type": "Polygon", "coordinates": [ [ [ -0.54991, 44.90674 ], [ -0.55179, 44.90564 ], [ -0.55138, 44.90383 ], [ -0.5491, 44.9031 ], [ -0.54722, 44.9042 ], [ -0.54762, 44.90601 ], [ -0.54991, 44.90674 ], [ -0.54991, 44.90674 ] ] ] } },
{ "type": "Feature", "properties": { "id": 71, "population": 260 }, "geometry": { "type": "Polygon", "coordinates": [ [ [ -0.54427, 44.82385 ], [ -0.54615, 44.82275 ], [ -0.54575, 44.82093 ], [ -0.54347, 44.82021 ], [ -0.54159, 44.82131 ], [ -0.54199, 44.82313 ], [ -0.54427, 44.82385 ], [ -0.54427, 44.82385 ] ] ] } },
{ "type": "Feature", "properties": { "id": 72, "population": 405 }, "geometry": { "type": "Polygon", "coordinates": [ [ [ -0.54655, 44.88202 ], [ -0.54843, 44.88093 ], [ -0.54803, 44.87911 ], [ -0.54574, 44.87839 ], [ -0.54386, 44.87948 ], [ -0.54427, 44.8813 ], [ -0.54655, 44.88202 ], [ -0.54655, 44.88202 ] ] ] } },
{ "type": "Feature", "properties": { "id": 73, "population": 634 }, "geometry": { "type": "Polygon", "coordinates": [ [ [ -0.59044, 44.85027 ], [ -0.59232, 44.84918 ], [ -0.59191, 44.84736 ], [ -0.58963, 44.84664 ], [ -0.58775, 44.84773 ], [ -0.58816, 44.84955 ], [ -0.59044, 44.85027 ], [ -0.59044, 44.85027 ] ] ] } },
{ "type": "Feature", "properties": { "id": 74, "population": 900 }, "geometry": { "type": "Polygon", "coordinates": [ [ [ -0.57606, 44.82376 ], [ -0.57794, 44.82267 ], [ -0.57754, 44.82085 ], [ -0.57526, 44.82013 ], [ -0.57338, 44.82122 ], [ -0.57378, 44.82304 ], [ -0.57606, 44.82376 ], [ -0.57606, 44.82376 ] ] ] } },
{ "type": "Feature", "properties": { "id": 75, "population": 0 }, "geometry": { "type": "Polygon", "coordinates": [ [ [ -0.54185, 44.89912 ], [ -0.54373, 44.89803 ], [ -0.54333, 44.89621 ], [ -0.54104, 44.89549 ], [ -0.53916, 44.89658 ], [ -0.53957, 44.8984 ], [ -0.54185, 44.89912 ], [ -0.54185, 44.89912 ] ] ] } },
{ "type": "Feature", "properties": { "id": 76, "population": 1275 }, "geometry": { "type": "Polygon", "coordinates": [ [ [ -0.56642, 44.86634 ], [ -0.56829, 44.86524 ], [ -0.56789, 44.86343 ], [ -0.56561, 44.8627 ], [ -0.56373, 44.8638 ], [ -0.56413, 44.86562 ], [ -0.56642, 44.86634 ], [ -0.56642, 44.86634 ] ] ] } },
{ "type": "Feature", "properties": { "id": 77, "population": 984 }, "geometry": { "type": "Polygon", "coordinates": [ [ [ -0.56064, 44.83071 ], [ -0.56252, 44.82962 ], [ -0.56211, 44.8278 ], [ -0.55983, 44.82708 ], [ -0.55795, 44.82818 ], [ -0.55836, 44.82999 ], [ -0.56064, 44.83071 ], [ -0.56064, 44.83071 ] ] ] } },
{ "type": "Feature", "properties": { "id": 78, "population": 143 }, "geometry": { "type": "Polygon", "coordinates": [ [ [ -0.55232, 44.83146 ], [ -0.5542, 44.83037 ], [ -0.5538, 44.82855 ], [ -0.55152, 44.82783 ], [ -0.54964, 44.82893 ], [ -0.55004, 44.83074 ], [ -0.55232, 44.83146 ], [ -0.55232, 44.83146 ] ] ] } },
{ "type": "Feature", "properties": { "id": 79, "population": 741 }, "geometry": { "type": "Polygon", "coordinates": [ [ [ -0.5887, 44.86155 ], [ -0.59058, 44.86046 ], [ -0.59017, 44.85864 ], [ -0.58789, 44.85792 ], [ -0.58601, 44.85901 ], [ -0.58642, 44.86083 ], [ -0.5887, 44.86155 ], [ -0.5887, 44.86155 ] ] ] } },
{ "type": "Feature", "properties": { "id": 80, "population": 1131 }, "geometry": { "type": "Polygon", "coordinates": [ [ [ -0.59244, 44.83063 ], [ -0.59432, 44.82953 ], [ -0.59391, 44.82771 ], [ -0.59163, 44.82699 ], [ -0.58975, 44.82809 ], [ -0.59016, 44.8299 ], [ -0.59244, 44.83063 ], [ -0.59244, 44.83063 ] ] ] } },
{ "type": "Feature", "properties": { "id": 81, "population": 277 }, "geometry": { "type": "Polygon", "coordinates": [ [ [ -0.55192, 44.8871 ], [ -0.5538, 44.886 ], [ -0.5534, 44.88419 ], [ -0.55111, 44.88347 ], [ -0.54923, 44.88456 ], [ -0.54964, 44.88638 ], [ -0.55192, 44.8871 ], [ -0.55192, 44.8871 ] ] ] } },
{ "type": "Feature", "properties": { "id": 82, "population": 737 }, "geometry": { "type": "Polygon", "coordinates": [ [ [ -0.55594, 44.84782 ], [ -0.55782, 44.84672 ], [ -0.55742, 44.84491 ], [ -0.55514, 44.84419 ], [ -0.55326, 44.84528 ], [ -0.55366, 44.8471 ], [ -0.55594, 44.84782 ], [ -0.55594, 44.84782 ] ] ] } },
{ "type": "Feature", "properties": { "id": 83, "population": 711 }, "geometry": { "type": "Polygon", "coordinates": [ [ [ -0.58775, 44.84773 ], [ -0.58963, 44.84664 ], [ -0.58923, 44.84482 ], [ -0.58694, 44.8441 ], [ -0.58507, 44.8452 ], [ -0.58547, 44.84701 ], [ -0.58775, 44.84773 ], [ -0.58775, 44.84773 ] ] ] } },
{ "type": "Feature", "properties": { "id": 84, "population": 366 }, "geometry": { "type": "Polygon", "coordinates": [ [ [ -0.57152, 44.87978 ], [ -0.5734, 44.87868 ], [ -0.573, 44.87687 ], [ -0.57071, 44.87615 ], [ -0.56883, 44.87724 ], [ -0.56924, 44.87906 ], [ -0.57152, 44.87978 ], [ -0.57152, 44.87978 ] ] ] } },
{ "type": "Feature", "properties": { "id": 85, "population": 372 }, "geometry": { "type": "Polygon", "coordinates": [ [ [ -0.60561, 44.85168 ], [ -0.60749, 44.85059 ], [ -0.60708, 44.84877 ], [ -0.6048, 44.84805 ], [ -0.60292, 44.84914 ], [ -0.60333, 44.85096 ], [ -0.60561, 44.85168 ], [ -0.60561, 44.85168 ] ] ] } },
{ "type": "Feature", "properties": { "id": 86, "population": 1344 }, "geometry": { "type": "Polygon", "coordinates": [ [ [ -0.56385, 44.81652 ], [ -0.56573, 44.81543 ], [ -0.56533, 44.81361 ], [ -0.56305, 44.81289 ], [ -0.56117, 44.81398 ], [ -0.56157, 44.8158 ], [ -0.56385, 44.81652 ], [ -0.56385, 44.81652 ] ] ] } },
{ "type": "Feature", "properties": { "id": 87, "population": 83 }, "geometry": { "type": "Polygon", "coordinates": [ [ [ -0.55702, 44.90054 ], [ -0.5589, 44.89945 ], [ -0.5585, 44.89763 ], [ -0.55622, 44.89691 ], [ -0.55434, 44.898 ], [ -0.55474, 44.89982 ], [ -0.55702, 44.90054 ], [ -0.55702, 44.90054 ] ] ] } },
{ "type": "Feature", "properties": { "id": 88, "population": 556 }, "geometry": { "type": "Polygon", "coordinates": [ [ [ -0.60639, 44.82658 ], [ -0.60827, 44.82548 ], [ -0.60787, 44.82367 ], [ -0.60558, 44.82295 ], [ -0.60371, 44.82404 ], [ -0.60411, 44.82586 ], [ -0.60639, 44.82658 ], [ -0.60639, 44.82658 ] ] ] } },
{ "type": "Feature", "properties": { "id": 89, "population": 402 }, "geometry": { "type": "Polygon", "coordinates": [ [ [ -0.54803, 44.87911 ], [ -0.54991, 44.87802 ], [ -0.5495, 44.8762 ], [ -0.54722, 44.87548 ], [ -0.54534, 44.87657 ], [ -0.54574, 44.87839 ], [ -0.54803, 44.87911 ], [ -0.54803, 44.87911 ] ] ] } },
{ "type": "Feature", "properties": { "id": 90, "population": 634 }, "geometry": { "type": "Polygon", "coordinates": [ [ [ -0.59191, 44.84736 ], [ -0.59379, 44.84626 ], [ -0.59339, 44.84444 ], [ -0.5911, 44.84372 ], [ -0.58923, 44.84482 ], [ -0.58963, 44.84664 ], [ -0.59191, 44.84736 ], [ -0.59191, 44.84736 ] ] ] } },
{ "type": "Feature", "properties": { "id": 91, "population": 1249 }, "geometry": { "type": "Polygon", "coordinates": [ [ [ -0.5597, 44.8169 ], [ -0.56157, 44.8158 ], [ -0.56117, 44.81398 ], [ -0.55889, 44.81326 ], [ -0.55701, 44.81436 ], [ -0.55742, 44.81618 ], [ -0.5597, 44.8169 ], [ -0.5597, 44.8169 ] ] ] } },
{ "type": "Feature", "properties": { "id": 92, "population": 730 }, "geometry": { "type": "Polygon", "coordinates": [ [ [ -0.56883, 44.87724 ], [ -0.57071, 44.87615 ], [ -0.57031, 44.87433 ], [ -0.56803, 44.87361 ], [ -0.56615, 44.8747 ], [ -0.56655, 44.87652 ], [ -0.56883, 44.87724 ], [ -0.56883, 44.87724 ] ] ] } },
{ "type": "Feature", "properties": { "id": 93, "population": 1561 }, "geometry": { "type": "Polygon", "coordinates": [ [ [ -0.56211, 44.8278 ], [ -0.56399, 44.82671 ], [ -0.56359, 44.82489 ], [ -0.56131, 44.82417 ], [ -0.55943, 44.82526 ], [ -0.55983, 44.82708 ], [ -0.56211, 44.8278 ], [ -0.56211, 44.8278 ] ] ] } },
{ "type": "Feature", "properties": { "id": 94, "population": 839 }, "geometry": { "type": "Polygon", "coordinates": [ [ [ -0.59391, 44.82771 ], [ -0.59579, 44.82661 ], [ -0.59539, 44.8248 ], [ -0.59311, 44.82408 ], [ -0.59123, 44.82517 ], [ -0.59163, 44.82699 ], [ -0.59391, 44.82771 ], [ -0.59391, 44.82771 ] ] ] } },
{ "type": "Feature", "properties": { "id": 95, "population": 112 }, "geometry": { "type": "Polygon", "coordinates": [ [ [ -0.55434, 44.898 ], [ -0.55622, 44.89691 ], [ -0.55581, 44.89509 ], [ -0.55353, 44.89437 ], [ -0.55165, 44.89546 ], [ -0.55205, 44.89728 ], [ -0.55434, 44.898 ], [ -0.55434, 44.898 ] ] ] } },
{ "type": "Feature", "properties": { "id": 96, "population": 675 }, "geometry": { "type": "Polygon", "coordinates": [ [ [ -0.59017, 44.85864 ], [ -0.59205, 44.85754 ], [ -0.59165, 44.85572 ], [ -0.58937, 44.855 ], [ -0.58749, 44.8561 ], [ -0.58789, 44.85792 ], [ -0.59017, 44.85864 ], [ -0.59017, 44.85864 ] ] ] } },
{ "type": "Feature", "properties": { "id": 97, "population": 1221 }, "geometry": { "type": "Polygon", "coordinates": [ [ [ -0.55822, 44.81981 ], [ -0.5601, 44.81871 ], [ -0.5597, 44.8169 ], [ -0.55742, 44.81618 ], [ -0.55554, 44.81727 ], [ -0.55594, 44.81909 ], [ -0.55822, 44.81981 ], [ -0.55822, 44.81981 ] ] ] } },
{ "type": "Feature", "properties": { "id": 98, "population": 17 }, "geometry": { "type": "Polygon", "coordinates": [ [ [ -0.54064, 44.89367 ], [ -0.54252, 44.89258 ], [ -0.54212, 44.89076 ], [ -0.53984, 44.89004 ], [ -0.53796, 44.89113 ], [ -0.53836, 44.89295 ], [ -0.54064, 44.89367 ], [ -0.54064, 44.89367 ] ] ] } },
{ "type": "Feature", "properties": { "id": 99, "population": 751 }, "geometry": { "type": "Polygon", "coordinates": [ [ [ -0.57031, 44.87433 ], [ -0.57219, 44.87323 ], [ -0.57179, 44.87142 ], [ -0.5695, 44.87069 ], [ -0.56763, 44.87179 ], [ -0.56803, 44.87361 ], [ -0.57031, 44.87433 ], [ -0.57031, 44.87433 ] ] ] } },
{ "type": "Feature", "properties": { "id": 100, "population": 124 }, "geometry": { "type": "Polygon", "coordinates": [ [ [ -0.56453, 44.83871 ], [ -0.56641, 44.83761 ], [ -0.56601, 44.83579 ], [ -0.56372, 44.83507 ], [ -0.56185, 44.83617 ], [ -0.56225, 44.83798 ], [ -0.56453, 44.83871 ], [ -0.56453, 44.83871 ] ] ] } },
{ "type": "Feature", "properties": { "id": 101, "population": 824 }, "geometry": { "type": "Polygon", "coordinates": [ [ [ -0.59634, 44.83862 ], [ -0.59821, 44.83752 ], [ -0.59781, 44.8357 ], [ -0.59553, 44.83498 ], [ -0.59365, 44.83608 ], [ -0.59405, 44.8379 ], [ -0.59634, 44.83862 ], [ -0.59634, 44.83862 ] ] ] } },
{ "type": "Feature", "properties": { "id": 102, "population": 0 }, "geometry": { "type": "Polygon", "coordinates": [ [ [ -0.57341, 44.90741 ], [ -0.57529, 44.90631 ], [ -0.57489, 44.9045 ], [ -0.5726, 44.90378 ], [ -0.57072, 44.90487 ], [ -0.57113, 44.90669 ], [ -0.57341, 44.90741 ], [ -0.57341, 44.90741 ] ] ] } },
{ "type": "Feature", "properties": { "id": 103, "population": 0 }, "geometry": { "type": "Polygon", "coordinates": [ [ [ -0.53675, 44.88568 ], [ -0.53863, 44.88459 ], [ -0.53823, 44.88277 ], [ -0.53594, 44.88205 ], [ -0.53406, 44.88314 ], [ -0.53447, 44.88496 ], [ -0.53675, 44.88568 ], [ -0.53675, 44.88568 ] ] ] } },
{ "type": "Feature", "properties": { "id": 104, "population": 56 }, "geometry": { "type": "Polygon", "coordinates": [ [ [ -0.55581, 44.89509 ], [ -0.55769, 44.89399 ], [ -0.55729, 44.89218 ], [ -0.55501, 44.89146 ], [ -0.55313, 44.89255 ], [ -0.55353, 44.89437 ], [ -0.55581, 44.89509 ], [ -0.55581, 44.89509 ] ] ] } },
{ "type": "Feature", "properties": { "id": 105, "population": 10 }, "geometry": { "type": "Polygon", "coordinates": [ [ [ -0.55984, 44.85581 ], [ -0.56172, 44.85471 ], [ -0.56131, 44.8529 ], [ -0.55903, 44.85218 ], [ -0.55715, 44.85327 ], [ -0.55755, 44.85509 ], [ -0.55984, 44.85581 ], [ -0.55984, 44.85581 ] ] ] } },
{ "type": "Feature", "properties": { "id": 106, "population": 462 }, "geometry": { "type": "Polygon", "coordinates": [ [ [ -0.61124, 44.84839 ], [ -0.61312, 44.8473 ], [ -0.61272, 44.84548 ], [ -0.61044, 44.84476 ], [ -0.60856, 44.84585 ], [ -0.60896, 44.84767 ], [ -0.61124, 44.84839 ], [ -0.61124, 44.84839 ] ] ] } },
{ "type": "Feature", "properties": { "id": 107, "population": 615 }, "geometry": { "type": "Polygon", "coordinates": [ [ [ -0.59165, 44.85572 ], [ -0.59353, 44.85463 ], [ -0.59312, 44.85281 ], [ -0.59084, 44.85209 ], [ -0.58896, 44.85319 ], [ -0.58937, 44.855 ], [ -0.59165, 44.85572 ], [ -0.59165, 44.85572 ] ] ] } },
{ "type": "Feature", "properties": { "id": 108, "population": 664 }, "geometry": { "type": "Polygon", "coordinates": [ [ [ -0.55662, 44.87 ], [ -0.5585, 44.8689 ], [ -0.55809, 44.86709 ], [ -0.55581, 44.86637 ], [ -0.55393, 44.86746 ], [ -0.55433, 44.86928 ], [ -0.55662, 44.87 ], [ -0.55662, 44.87 ] ] ] } },
{ "type": "Feature", "properties": { "id": 109, "population": 73 }, "geometry": { "type": "Polygon", "coordinates": [ [ [ -0.54212, 44.89076 ], [ -0.544, 44.88966 ], [ -0.54359, 44.88785 ], [ -0.54131, 44.88712 ], [ -0.53943, 44.88822 ], [ -0.53984, 44.89004 ], [ -0.54212, 44.89076 ], [ -0.54212, 44.89076 ] ] ] } },
{ "type": "Feature", "properties": { "id": 110, "population": 601 }, "geometry": { "type": "Polygon", "coordinates": [ [ [ -0.61029, 44.83457 ], [ -0.61217, 44.83347 ], [ -0.61177, 44.83166 ], [ -0.60948, 44.83094 ], [ -0.60761, 44.83203 ], [ -0.60801, 44.83385 ], [ -0.61029, 44.83457 ], [ -0.61029, 44.83457 ] ] ] } },
{ "type": "Feature", "properties": { "id": 111, "population": 198 }, "geometry": { "type": "Polygon", "coordinates": [ [ [ -0.62668, 44.84143 ], [ -0.62856, 44.84033 ], [ -0.62815, 44.83852 ], [ -0.62587, 44.8378 ], [ -0.62399, 44.83889 ], [ -0.62439, 44.84071 ], [ -0.62668, 44.84143 ], [ -0.62668, 44.84143 ] ] ] } },
{ "type": "Feature", "properties": { "id": 112, "population": 1443 }, "geometry": { "type": "Polygon", "coordinates": [ [ [ -0.56359, 44.82489 ], [ -0.56547, 44.82379 ], [ -0.56506, 44.82197 ], [ -0.56278, 44.82125 ], [ -0.5609, 44.82235 ], [ -0.56131, 44.82417 ], [ -0.56359, 44.82489 ], [ -0.56359, 44.82489 ] ] ] } },
{ "type": "Feature", "properties": { "id": 113, "population": 457 }, "geometry": { "type": "Polygon", "coordinates": [ [ [ -0.56601, 44.83579 ], [ -0.56788, 44.8347 ], [ -0.56748, 44.83288 ], [ -0.5652, 44.83216 ], [ -0.56332, 44.83325 ], [ -0.56372, 44.83507 ], [ -0.56601, 44.83579 ], [ -0.56601, 44.83579 ] ] ] } },
{ "type": "Feature", "properties": { "id": 114, "population": 445 }, "geometry": { "type": "Polygon", "coordinates": [ [ [ -0.622, 44.85854 ], [ -0.62388, 44.85745 ], [ -0.62347, 44.85563 ], [ -0.62119, 44.85491 ], [ -0.61931, 44.85601 ], [ -0.61971, 44.85782 ], [ -0.622, 44.85854 ], [ -0.622, 44.85854 ] ] ] } },
{ "type": "Feature", "properties": { "id": 115, "population": 4 }, "geometry": { "type": "Polygon", "coordinates": [ [ [ -0.55528, 44.91181 ], [ -0.55716, 44.91072 ], [ -0.55675, 44.9089 ], [ -0.55447, 44.90818 ], [ -0.55259, 44.90928 ], [ -0.55299, 44.91109 ], [ -0.55528, 44.91181 ], [ -0.55528, 44.91181 ] ] ] } },
{ "type": "Feature", "properties": { "id": 116, "population": 837 }, "geometry": { "type": "Polygon", "coordinates": [ [ [ -0.58306, 44.86484 ], [ -0.58494, 44.86374 ], [ -0.58454, 44.86193 ], [ -0.58225, 44.86121 ], [ -0.58038, 44.8623 ], [ -0.58078, 44.86412 ], [ -0.58306, 44.86484 ], [ -0.58306, 44.86484 ] ] ] } },
{ "type": "Feature", "properties": { "id": 117, "population": 1134 }, "geometry": { "type": "Polygon", "coordinates": [ [ [ -0.59781, 44.8357 ], [ -0.59969, 44.8346 ], [ -0.59928, 44.83279 ], [ -0.597, 44.83207 ], [ -0.59512, 44.83316 ], [ -0.59553, 44.83498 ], [ -0.59781, 44.8357 ], [ -0.59781, 44.8357 ] ] ] } },
{ "type": "Feature", "properties": { "id": 118, "population": 30 }, "geometry": { "type": "Polygon", "coordinates": [ [ [ -0.53823, 44.88277 ], [ -0.54011, 44.88167 ], [ -0.5397, 44.87986 ], [ -0.53742, 44.87913 ], [ -0.53554, 44.88023 ], [ -0.53594, 44.88205 ], [ -0.53823, 44.88277 ], [ -0.53823, 44.88277 ] ] ] } },
{ "type": "Feature", "properties": { "id": 119, "population": 1066 }, "geometry": { "type": "Polygon", "coordinates": [ [ [ -0.57527, 44.84886 ], [ -0.57715, 44.84776 ], [ -0.57674, 44.84595 ], [ -0.57446, 44.84523 ], [ -0.57258, 44.84632 ], [ -0.57299, 44.84814 ], [ -0.57527, 44.84886 ], [ -0.57527, 44.84886 ] ] ] } },
{ "type": "Feature", "properties": { "id": 120, "population": 4 }, "geometry": { "type": "Polygon", "coordinates": [ [ [ -0.54453, 44.90166 ], [ -0.54641, 44.90056 ], [ -0.54601, 44.89875 ], [ -0.54373, 44.89803 ], [ -0.54185, 44.89912 ], [ -0.54225, 44.90094 ], [ -0.54453, 44.90166 ], [ -0.54453, 44.90166 ] ] ] } },
{ "type": "Feature", "properties": { "id": 121, "population": 483 }, "geometry": { "type": "Polygon", "coordinates": [ [ [ -0.60856, 44.84585 ], [ -0.61044, 44.84476 ], [ -0.61003, 44.84294 ], [ -0.60775, 44.84222 ], [ -0.60587, 44.84332 ], [ -0.60627, 44.84513 ], [ -0.60856, 44.84585 ], [ -0.60856, 44.84585 ] ] ] } },
{ "type": "Feature", "properties": { "id": 122, "population": 1342 }, "geometry": { "type": "Polygon", "coordinates": [ [ [ -0.56506, 44.82197 ], [ -0.56694, 44.82088 ], [ -0.56654, 44.81906 ], [ -0.56426, 44.81834 ], [ -0.56238, 44.81944 ], [ -0.56278, 44.82125 ], [ -0.56506, 44.82197 ], [ -0.56506, 44.82197 ] ] ] } },
{ "type": "Feature", "properties": { "id": 123, "population": 186 }, "geometry": { "type": "Polygon", "coordinates": [ [ [ -0.54964, 44.82893 ], [ -0.55152, 44.82783 ], [ -0.55111, 44.82601 ], [ -0.54883, 44.82529 ], [ -0.54695, 44.82639 ], [ -0.54736, 44.8282 ], [ -0.54964, 44.82893 ], [ -0.54964, 44.82893 ] ] ] } },
{ "type": "Feature", "properties": { "id": 124, "population": 87 }, "geometry": { "type": "Polygon", "coordinates": [ [ [ -0.55675, 44.9089 ], [ -0.55864, 44.90781 ], [ -0.55823, 44.90599 ], [ -0.55595, 44.90527 ], [ -0.55407, 44.90636 ], [ -0.55447, 44.90818 ], [ -0.55675, 44.9089 ], [ -0.55675, 44.9089 ] ] ] } },
{ "type": "Feature", "properties": { "id": 125, "population": 1018 }, "geometry": { "type": "Polygon", "coordinates": [ [ [ -0.58143, 44.82884 ], [ -0.58331, 44.82774 ], [ -0.58291, 44.82592 ], [ -0.58063, 44.8252 ], [ -0.57875, 44.8263 ], [ -0.57915, 44.82812 ], [ -0.58143, 44.82884 ], [ -0.58143, 44.82884 ] ] ] } },
{ "type": "Feature", "properties": { "id": 126, "population": 652 }, "geometry": { "type": "Polygon", "coordinates": [ [ [ -0.54494, 44.84603 ], [ -0.54682, 44.84493 ], [ -0.54642, 44.84312 ], [ -0.54414, 44.8424 ], [ -0.54226, 44.84349 ], [ -0.54266, 44.84531 ], [ -0.54494, 44.84603 ], [ -0.54494, 44.84603 ] ] ] } },
{ "type": "Feature", "properties": { "id": 127, "population": 1370 }, "geometry": { "type": "Polygon", "coordinates": [ [ [ -0.57674, 44.84595 ], [ -0.57862, 44.84485 ], [ -0.57822, 44.84303 ], [ -0.57594, 44.84231 ], [ -0.57406, 44.84341 ], [ -0.57446, 44.84523 ], [ -0.57674, 44.84595 ], [ -0.57674, 44.84595 ] ] ] } },
{ "type": "Feature", "properties": { "id": 128, "population": 577 }, "geometry": { "type": "Polygon", "coordinates": [ [ [ -0.56051, 44.87799 ], [ -0.56239, 44.87689 ], [ -0.56199, 44.87508 ], [ -0.5597, 44.87436 ], [ -0.55783, 44.87545 ], [ -0.55823, 44.87727 ], [ -0.56051, 44.87799 ], [ -0.56051, 44.87799 ] ] ] } },
{ "type": "Feature", "properties": { "id": 129, "population": 153 }, "geometry": { "type": "Polygon", "coordinates": [ [ [ -0.56426, 44.84707 ], [ -0.56614, 44.84597 ], [ -0.56574, 44.84416 ], [ -0.56346, 44.84344 ], [ -0.56158, 44.84453 ], [ -0.56198, 44.84635 ], [ -0.56426, 44.84707 ], [ -0.56426, 44.84707 ] ] ] } },
{ "type": "Feature", "properties": { "id": 130, "population": 1338 }, "geometry": { "type": "Polygon", "coordinates": [ [ [ -0.58654, 44.84228 ], [ -0.58842, 44.84119 ], [ -0.58802, 44.83937 ], [ -0.58573, 44.83865 ], [ -0.58385, 44.83974 ], [ -0.58426, 44.84156 ], [ -0.58654, 44.84228 ], [ -0.58654, 44.84228 ] ] ] } },
{ "type": "Feature", "properties": { "id": 131, "population": 13 }, "geometry": { "type": "Polygon", "coordinates": [ [ [ -0.54601, 44.89875 ], [ -0.54789, 44.89765 ], [ -0.54749, 44.89584 ], [ -0.54521, 44.89511 ], [ -0.54333, 44.89621 ], [ -0.54373, 44.89803 ], [ -0.54601, 44.89875 ], [ -0.54601, 44.89875 ] ] ] } },
{ "type": "Feature", "properties": { "id": 132, "population": 463 }, "geometry": { "type": "Polygon", "coordinates": [ [ [ -0.54977, 44.86783 ], [ -0.55165, 44.86674 ], [ -0.55125, 44.86492 ], [ -0.54897, 44.8642 ], [ -0.54709, 44.8653 ], [ -0.54749, 44.86711 ], [ -0.54977, 44.86783 ], [ -0.54977, 44.86783 ] ] ] } },
{ "type": "Feature", "properties": { "id": 133, "population": 0 }, "geometry": { "type": "Polygon", "coordinates": [ [ [ -0.54722, 44.9042 ], [ -0.5491, 44.9031 ], [ -0.5487, 44.90129 ], [ -0.54641, 44.90056 ], [ -0.54453, 44.90166 ], [ -0.54494, 44.90348 ], [ -0.54722, 44.9042 ], [ -0.54722, 44.9042 ] ] ] } },
{ "type": "Feature", "properties": { "id": 134, "population": 0 }, "geometry": { "type": "Polygon", "coordinates": [ [ [ -0.57689, 44.88486 ], [ -0.57877, 44.88376 ], [ -0.57837, 44.88194 ], [ -0.57609, 44.88122 ], [ -0.57421, 44.88232 ], [ -0.57461, 44.88414 ], [ -0.57689, 44.88486 ], [ -0.57689, 44.88486 ] ] ] } },
{ "type": "Feature", "properties": { "id": 135, "population": 994 }, "geometry": { "type": "Polygon", "coordinates": [ [ [ -0.58185, 44.85939 ], [ -0.58373, 44.85829 ], [ -0.58333, 44.85647 ], [ -0.58104, 44.85575 ], [ -0.57916, 44.85685 ], [ -0.57957, 44.85867 ], [ -0.58185, 44.85939 ], [ -0.58185, 44.85939 ] ] ] } },
{ "type": "Feature", "properties": { "id": 136, "population": 515 }, "geometry": { "type": "Polygon", "coordinates": [ [ [ -0.61003, 44.84294 ], [ -0.61191, 44.84184 ], [ -0.61151, 44.84002 ], [ -0.60922, 44.8393 ], [ -0.60734, 44.8404 ], [ -0.60775, 44.84222 ], [ -0.61003, 44.84294 ], [ -0.61003, 44.84294 ] ] ] } },
{ "type": "Feature", "properties": { "id": 137, "population": 54 }, "geometry": { "type": "Polygon", "coordinates": [ [ [ -0.5722, 44.90196 ], [ -0.57408, 44.90086 ], [ -0.57368, 44.89905 ], [ -0.57139, 44.89832 ], [ -0.56951, 44.89942 ], [ -0.56992, 44.90124 ], [ -0.5722, 44.90196 ], [ -0.5722, 44.90196 ] ] ] } },
{ "type": "Feature", "properties": { "id": 138, "population": 399 }, "geometry": { "type": "Polygon", "coordinates": [ [ [ -0.63058, 44.84942 ], [ -0.63246, 44.84833 ], [ -0.63205, 44.84651 ], [ -0.62977, 44.84579 ], [ -0.62789, 44.84688 ], [ -0.6283, 44.8487 ], [ -0.63058, 44.84942 ], [ -0.63058, 44.84942 ] ] ] } },
{ "type": "Feature", "properties": { "id": 139, "population": 439 }, "geometry": { "type": "Polygon", "coordinates": [ [ [ -0.55111, 44.82601 ], [ -0.55299, 44.82492 ], [ -0.55259, 44.8231 ], [ -0.55031, 44.82238 ], [ -0.54843, 44.82347 ], [ -0.54883, 44.82529 ], [ -0.55111, 44.82601 ], [ -0.55111, 44.82601 ] ] ] } },
{ "type": "Feature", "properties": { "id": 140, "population": 143 }, "geometry": { "type": "Polygon", "coordinates": [ [ [ -0.6259, 44.86653 ], [ -0.62778, 44.86544 ], [ -0.62737, 44.86362 ], [ -0.62509, 44.8629 ], [ -0.62321, 44.864 ], [ -0.62362, 44.86581 ], [ -0.6259, 44.86653 ], [ -0.6259, 44.86653 ] ] ] } },
{ "type": "Feature", "properties": { "id": 141, "population": 862 }, "geometry": { "type": "Polygon", "coordinates": [ [ [ -0.58291, 44.82592 ], [ -0.58479, 44.82483 ], [ -0.58438, 44.82301 ], [ -0.5821, 44.82229 ], [ -0.58022, 44.82339 ], [ -0.58063, 44.8252 ], [ -0.58291, 44.82592 ], [ -0.58291, 44.82592 ] ] ] } },
{ "type": "Feature", "properties": { "id": 142, "population": 428 }, "geometry": { "type": "Polygon", "coordinates": [ [ [ -0.62642, 44.8498 ], [ -0.6283, 44.8487 ], [ -0.62789, 44.84688 ], [ -0.62561, 44.84616 ], [ -0.62373, 44.84726 ], [ -0.62414, 44.84908 ], [ -0.62642, 44.8498 ], [ -0.62642, 44.8498 ] ] ] } },
{ "type": "Feature", "properties": { "id": 143, "population": 1425 }, "geometry": { "type": "Polygon", "coordinates": [ [ [ -0.57916, 44.85685 ], [ -0.58104, 44.85575 ], [ -0.58064, 44.85394 ], [ -0.57836, 44.85322 ], [ -0.57648, 44.85431 ], [ -0.57688, 44.85613 ], [ -0.57916, 44.85685 ], [ -0.57916, 44.85685 ] ] ] } },
{ "type": "Feature", "properties": { "id": 144, "population": 22 }, "geometry": { "type": "Polygon", "coordinates": [ [ [ -0.56574, 44.84416 ], [ -0.56762, 44.84306 ], [ -0.56721, 44.84124 ], [ -0.56493, 44.84052 ], [ -0.56305, 44.84162 ], [ -0.56346, 44.84344 ], [ -0.56574, 44.84416 ], [ -0.56574, 44.84416 ] ] ] } },
{ "type": "Feature", "properties": { "id": 145, "population": 1487 }, "geometry": { "type": "Polygon", "coordinates": [ [ [ -0.58802, 44.83937 ], [ -0.58989, 44.83827 ], [ -0.58949, 44.83645 ], [ -0.58721, 44.83573 ], [ -0.58533, 44.83683 ], [ -0.58573, 44.83865 ], [ -0.58802, 44.83937 ], [ -0.58802, 44.83937 ] ] ] } },
{ "type": "Feature", "properties": { "id": 146, "population": 162 }, "geometry": { "type": "Polygon", "coordinates": [ [ [ -0.55877, 44.88927 ], [ -0.56065, 44.88817 ], [ -0.56024, 44.88635 ], [ -0.55796, 44.88563 ], [ -0.55608, 44.88673 ], [ -0.55648, 44.88854 ], [ -0.55877, 44.88927 ], [ -0.55877, 44.88927 ] ] ] } },
{ "type": "Feature", "properties": { "id": 147, "population": 265 }, "geometry": { "type": "Polygon", "coordinates": [ [ [ -0.55125, 44.86492 ], [ -0.55313, 44.86383 ], [ -0.55272, 44.86201 ], [ -0.55044, 44.86129 ], [ -0.54856, 44.86238 ], [ -0.54897, 44.8642 ], [ -0.55125, 44.86492 ], [ -0.55125, 44.86492 ] ] ] } },
{ "type": "Feature", "properties": { "id": 148, "population": 444 }, "geometry": { "type": "Polygon", "coordinates": [ [ [ -0.61246, 44.85384 ], [ -0.61434, 44.85275 ], [ -0.61393, 44.85093 ], [ -0.61165, 44.85021 ], [ -0.60977, 44.85131 ], [ -0.61017, 44.85312 ], [ -0.61246, 44.85384 ], [ -0.61246, 44.85384 ] ] ] } },
{ "type": "Feature", "properties": { "id": 149, "population": 258 }, "geometry": { "type": "Polygon", "coordinates": [ [ [ -0.55353, 44.83692 ], [ -0.55541, 44.83582 ], [ -0.555, 44.834 ], [ -0.55272, 44.83328 ], [ -0.55084, 44.83438 ], [ -0.55125, 44.83619 ], [ -0.55353, 44.83692 ], [ -0.55353, 44.83692 ] ] ] } },
{ "type": "Feature", "properties": { "id": 150, "population": 1574 }, "geometry": { "type": "Polygon", "coordinates": [ [ [ -0.58533, 44.83683 ], [ -0.58721, 44.83573 ], [ -0.5868, 44.83392 ], [ -0.58452, 44.83319 ], [ -0.58264, 44.83429 ], [ -0.58305, 44.83611 ], [ -0.58533, 44.83683 ], [ -0.58533, 44.83683 ] ] ] } },
{ "type": "Feature", "properties": { "id": 151, "population": 404 }, "geometry": { "type": "Polygon", "coordinates": [ [ [ -0.62789, 44.84688 ], [ -0.62977, 44.84579 ], [ -0.62937, 44.84397 ], [ -0.62708, 44.84325 ], [ -0.6252, 44.84435 ], [ -0.62561, 44.84616 ], [ -0.62789, 44.84688 ], [ -0.62789, 44.84688 ] ] ] } },
{ "type": "Feature", "properties": { "id": 152, "population": 394 }, "geometry": { "type": "Polygon", "coordinates": [ [ [ -0.54883, 44.85402 ], [ -0.55071, 44.85292 ], [ -0.55031, 44.85111 ], [ -0.54803, 44.85039 ], [ -0.54615, 44.85148 ], [ -0.54655, 44.8533 ], [ -0.54883, 44.85402 ], [ -0.54883, 44.85402 ] ] ] } },
{ "type": "Feature", "properties": { "id": 153, "population": 1312 }, "geometry": { "type": "Polygon", "coordinates": [ [ [ -0.58064, 44.85394 ], [ -0.58252, 44.85284 ], [ -0.58212, 44.85102 ], [ -0.57983, 44.8503 ], [ -0.57795, 44.8514 ], [ -0.57836, 44.85322 ], [ -0.58064, 44.85394 ], [ -0.58064, 44.85394 ] ] ] } },
{ "type": "Feature", "properties": { "id": 154, "population": 752 }, "geometry": { "type": "Polygon", "coordinates": [ [ [ -0.57474, 44.86559 ], [ -0.57662, 44.86449 ], [ -0.57621, 44.86268 ], [ -0.57393, 44.86196 ], [ -0.57205, 44.86305 ], [ -0.57246, 44.86487 ], [ -0.57474, 44.86559 ], [ -0.57474, 44.86559 ] ] ] } },
{ "type": "Feature", "properties": { "id": 155, "population": 454 }, "geometry": { "type": "Polygon", "coordinates": [ [ [ -0.54937, 44.83729 ], [ -0.55125, 44.83619 ], [ -0.55084, 44.83438 ], [ -0.54856, 44.83366 ], [ -0.54669, 44.83475 ], [ -0.54709, 44.83657 ], [ -0.54937, 44.83729 ], [ -0.54937, 44.83729 ] ] ] } },
{ "type": "Feature", "properties": { "id": 156, "population": 1703 }, "geometry": { "type": "Polygon", "coordinates": [ [ [ -0.57164, 44.8325 ], [ -0.57352, 44.83141 ], [ -0.57312, 44.82959 ], [ -0.57083, 44.82887 ], [ -0.56896, 44.82996 ], [ -0.56936, 44.83178 ], [ -0.57164, 44.8325 ], [ -0.57164, 44.8325 ] ] ] } },
{ "type": "Feature", "properties": { "id": 157, "population": 139 }, "geometry": { "type": "Polygon", "coordinates": [ [ [ -0.56172, 44.88344 ], [ -0.5636, 44.88235 ], [ -0.5632, 44.88053 ], [ -0.56091, 44.87981 ], [ -0.55903, 44.8809 ], [ -0.55944, 44.88272 ], [ -0.56172, 44.88344 ], [ -0.56172, 44.88344 ] ] ] } },
{ "type": "Feature", "properties": { "id": 158, "population": 88 }, "geometry": { "type": "Polygon", "coordinates": [ [ [ -0.56024, 44.88635 ], [ -0.56212, 44.88526 ], [ -0.56172, 44.88344 ], [ -0.55944, 44.88272 ], [ -0.55756, 44.88381 ], [ -0.55796, 44.88563 ], [ -0.56024, 44.88635 ], [ -0.56024, 44.88635 ] ] ] } },
{ "type": "Feature", "properties": { "id": 159, "population": 37 }, "geometry": { "type": "Polygon", "coordinates": [ [ [ -0.56842, 44.8467 ], [ -0.5703, 44.8456 ], [ -0.5699, 44.84378 ], [ -0.56762, 44.84306 ], [ -0.56574, 44.84416 ], [ -0.56614, 44.84597 ], [ -0.56842, 44.8467 ], [ -0.56842, 44.8467 ] ] ] } },
{ "type": "Feature", "properties": { "id": 160, "population": 9 }, "geometry": { "type": "Polygon", "coordinates": [ [ [ -0.56695, 44.84961 ], [ -0.56883, 44.84851 ], [ -0.56842, 44.8467 ], [ -0.56614, 44.84597 ], [ -0.56426, 44.84707 ], [ -0.56467, 44.84889 ], [ -0.56695, 44.84961 ], [ -0.56695, 44.84961 ] ] ] } },
{ "type": "Feature", "properties": { "id": 161, "population": 508 }, "geometry": { "type": "Polygon", "coordinates": [ [ [ -0.61393, 44.85093 ], [ -0.61581, 44.84983 ], [ -0.61541, 44.84802 ], [ -0.61312, 44.8473 ], [ -0.61124, 44.84839 ], [ -0.61165, 44.85021 ], [ -0.61393, 44.85093 ], [ -0.61393, 44.85093 ] ] ] } },
{ "type": "Feature", "properties": { "id": 162, "population": 0 }, "geometry": { "type": "Polygon", "coordinates": [ [ [ -0.5761, 44.90995 ], [ -0.57798, 44.90885 ], [ -0.57757, 44.90704 ], [ -0.57529, 44.90631 ], [ -0.57341, 44.90741 ], [ -0.57381, 44.90923 ], [ -0.5761, 44.90995 ], [ -0.5761, 44.90995 ] ] ] } },
{ "type": "Feature", "properties": { "id": 163, "population": 39 }, "geometry": { "type": "Polygon", "coordinates": [ [ [ -0.57663, 44.89322 ], [ -0.57851, 44.89213 ], [ -0.57811, 44.89031 ], [ -0.57582, 44.88959 ], [ -0.57394, 44.89068 ], [ -0.57435, 44.8925 ], [ -0.57663, 44.89322 ], [ -0.57663, 44.89322 ] ] ] } },
{ "type": "Feature", "properties": { "id": 164, "population": 22 }, "geometry": { "type": "Polygon", "coordinates": [ [ [ -0.555, 44.834 ], [ -0.55688, 44.83291 ], [ -0.55648, 44.83109 ], [ -0.5542, 44.83037 ], [ -0.55232, 44.83146 ], [ -0.55272, 44.83328 ], [ -0.555, 44.834 ], [ -0.555, 44.834 ] ] ] } },
{ "type": "Feature", "properties": { "id": 165, "population": 0 }, "geometry": { "type": "Polygon", "coordinates": [ [ [ -0.54426, 44.91002 ], [ -0.54614, 44.90893 ], [ -0.54574, 44.90711 ], [ -0.54346, 44.90639 ], [ -0.54158, 44.90748 ], [ -0.54198, 44.9093 ], [ -0.54426, 44.91002 ], [ -0.54426, 44.91002 ] ] ] } },
{ "type": "Feature", "properties": { "id": 166, "population": 1453 }, "geometry": { "type": "Polygon", "coordinates": [ [ [ -0.5868, 44.83392 ], [ -0.58868, 44.83282 ], [ -0.58828, 44.831 ], [ -0.586, 44.83028 ], [ -0.58412, 44.83138 ], [ -0.58452, 44.83319 ], [ -0.5868, 44.83392 ], [ -0.5868, 44.83392 ] ] ] } },
{ "type": "Feature", "properties": { "id": 167, "population": 0 }, "geometry": { "type": "Polygon", "coordinates": [ [ [ -0.56213, 44.91398 ], [ -0.56401, 44.91289 ], [ -0.56361, 44.91107 ], [ -0.56132, 44.91035 ], [ -0.55944, 44.91144 ], [ -0.55984, 44.91326 ], [ -0.56213, 44.91398 ], [ -0.56213, 44.91398 ] ] ] } },
{ "type": "Feature", "properties": { "id": 168, "population": 425 }, "geometry": { "type": "Polygon", "coordinates": [ [ [ -0.63032, 44.85779 ], [ -0.6322, 44.85669 ], [ -0.6318, 44.85488 ], [ -0.62951, 44.85416 ], [ -0.62763, 44.85525 ], [ -0.62804, 44.85707 ], [ -0.63032, 44.85779 ], [ -0.63032, 44.85779 ] ] ] } },
{ "type": "Feature", "properties": { "id": 169, "population": 99 }, "geometry": { "type": "Polygon", "coordinates": [ [ [ -0.55084, 44.83438 ], [ -0.55272, 44.83328 ], [ -0.55232, 44.83146 ], [ -0.55004, 44.83074 ], [ -0.54816, 44.83184 ], [ -0.54856, 44.83366 ], [ -0.55084, 44.83438 ], [ -0.55084, 44.83438 ] ] ] } },
{ "type": "Feature", "properties": { "id": 170, "population": 1510 }, "geometry": { "type": "Polygon", "coordinates": [ [ [ -0.57312, 44.82959 ], [ -0.57499, 44.82849 ], [ -0.57459, 44.82668 ], [ -0.57231, 44.82595 ], [ -0.57043, 44.82705 ], [ -0.57083, 44.82887 ], [ -0.57312, 44.82959 ], [ -0.57312, 44.82959 ] ] ] } },
{ "type": "Feature", "properties": { "id": 171, "population": 623 }, "geometry": { "type": "Polygon", "coordinates": [ [ [ -0.54615, 44.85148 ], [ -0.54803, 44.85039 ], [ -0.54762, 44.84857 ], [ -0.54534, 44.84785 ], [ -0.54346, 44.84894 ], [ -0.54387, 44.85076 ], [ -0.54615, 44.85148 ], [ -0.54615, 44.85148 ] ] ] } },
{ "type": "Feature", "properties": { "id": 172, "population": 101 }, "geometry": { "type": "Polygon", "coordinates": [ [ [ -0.56266, 44.89725 ], [ -0.56454, 44.89616 ], [ -0.56414, 44.89434 ], [ -0.56186, 44.89362 ], [ -0.55998, 44.89472 ], [ -0.56038, 44.89653 ], [ -0.56266, 44.89725 ], [ -0.56266, 44.89725 ] ] ] } },
{ "type": "Feature", "properties": { "id": 173, "population": 429 }, "geometry": { "type": "Polygon", "coordinates": [ [ [ -0.63449, 44.85741 ], [ -0.63636, 44.85632 ], [ -0.63596, 44.8545 ], [ -0.63368, 44.85378 ], [ -0.6318, 44.85488 ], [ -0.6322, 44.85669 ], [ -0.63449, 44.85741 ], [ -0.63449, 44.85741 ] ] ] } },
{ "type": "Feature", "properties": { "id": 174, "population": 802 }, "geometry": { "type": "Polygon", "coordinates": [ [ [ -0.55138, 44.81765 ], [ -0.55326, 44.81655 ], [ -0.55286, 44.81473 ], [ -0.55058, 44.81401 ], [ -0.5487, 44.81511 ], [ -0.5491, 44.81693 ], [ -0.55138, 44.81765 ], [ -0.55138, 44.81765 ] ] ] } },
{ "type": "Feature", "properties": { "id": 175, "population": 652 }, "geometry": { "type": "Polygon", "coordinates": [ [ [ -0.59755, 44.84407 ], [ -0.59943, 44.84297 ], [ -0.59902, 44.84115 ], [ -0.59674, 44.84043 ], [ -0.59486, 44.84153 ], [ -0.59527, 44.84335 ], [ -0.59755, 44.84407 ], [ -0.59755, 44.84407 ] ] ] } },
{ "type": "Feature", "properties": { "id": 176, "population": 36 }, "geometry": { "type": "Polygon", "coordinates": [ [ [ -0.57811, 44.89031 ], [ -0.57998, 44.88921 ], [ -0.57958, 44.8874 ], [ -0.5773, 44.88667 ], [ -0.57542, 44.88777 ], [ -0.57582, 44.88959 ], [ -0.57811, 44.89031 ], [ -0.57811, 44.89031 ] ] ] } },
{ "type": "Feature", "properties": { "id": 177, "population": 2 }, "geometry": { "type": "Polygon", "coordinates": [ [ [ -0.54574, 44.90711 ], [ -0.54762, 44.90601 ], [ -0.54722, 44.9042 ], [ -0.54494, 44.90348 ], [ -0.54306, 44.90457 ], [ -0.54346, 44.90639 ], [ -0.54574, 44.90711 ], [ -0.54574, 44.90711 ] ] ] } },
{ "type": "Feature", "properties": { "id": 178, "population": 449 }, "geometry": { "type": "Polygon", "coordinates": [ [ [ -0.6122, 44.86221 ], [ -0.61408, 44.86111 ], [ -0.61367, 44.8593 ], [ -0.61139, 44.85858 ], [ -0.60951, 44.85967 ], [ -0.60991, 44.86149 ], [ -0.6122, 44.86221 ], [ -0.6122, 44.86221 ] ] ] } },
{ "type": "Feature", "properties": { "id": 179, "population": 0 }, "geometry": { "type": "Polygon", "coordinates": [ [ [ -0.56361, 44.91107 ], [ -0.56549, 44.90997 ], [ -0.56508, 44.90816 ], [ -0.5628, 44.90743 ], [ -0.56092, 44.90853 ], [ -0.56132, 44.91035 ], [ -0.56361, 44.91107 ], [ -0.56361, 44.91107 ] ] ] } },
{ "type": "Feature", "properties": { "id": 180, "population": 526 }, "geometry": { "type": "Polygon", "coordinates": [ [ [ -0.6318, 44.85488 ], [ -0.63368, 44.85378 ], [ -0.63327, 44.85196 ], [ -0.63099, 44.85124 ], [ -0.62911, 44.85234 ], [ -0.62951, 44.85416 ], [ -0.6318, 44.85488 ], [ -0.6318, 44.85488 ] ] ] } },
{ "type": "Feature", "properties": { "id": 181, "population": 822 }, "geometry": { "type": "Polygon", "coordinates": [ [ [ -0.55326, 44.84528 ], [ -0.55514, 44.84419 ], [ -0.55474, 44.84237 ], [ -0.55245, 44.84165 ], [ -0.55058, 44.84274 ], [ -0.55098, 44.84456 ], [ -0.55326, 44.84528 ], [ -0.55326, 44.84528 ] ] ] } },
{ "type": "Feature", "properties": { "id": 182, "population": 143 }, "geometry": { "type": "Polygon", "coordinates": [ [ [ -0.54091, 44.88531 ], [ -0.54279, 44.88421 ], [ -0.54239, 44.8824 ], [ -0.54011, 44.88167 ], [ -0.53823, 44.88277 ], [ -0.53863, 44.88459 ], [ -0.54091, 44.88531 ], [ -0.54091, 44.88531 ] ] ] } },
{ "type": "Feature", "properties": { "id": 183, "population": 1257 }, "geometry": { "type": "Polygon", "coordinates": [ [ [ -0.57553, 44.84049 ], [ -0.57741, 44.8394 ], [ -0.57701, 44.83758 ], [ -0.57473, 44.83686 ], [ -0.57285, 44.83796 ], [ -0.57325, 44.83977 ], [ -0.57553, 44.84049 ], [ -0.57553, 44.84049 ] ] ] } },
{ "type": "Feature", "properties": { "id": 184, "population": 127 }, "geometry": { "type": "Polygon", "coordinates": [ [ [ -0.56414, 44.89434 ], [ -0.56602, 44.89325 ], [ -0.56562, 44.89143 ], [ -0.56333, 44.89071 ], [ -0.56145, 44.8918 ], [ -0.56186, 44.89362 ], [ -0.56414, 44.89434 ], [ -0.56414, 44.89434 ] ] ] } },
{ "type": "Feature", "properties": { "id": 185, "population": 222 }, "geometry": { "type": "Polygon", "coordinates": [ [ [ -0.53877, 44.86604 ], [ -0.54064, 44.86495 ], [ -0.54024, 44.86313 ], [ -0.53796, 44.86241 ], [ -0.53608, 44.8635 ], [ -0.53648, 44.86532 ], [ -0.53877, 44.86604 ], [ -0.53877, 44.86604 ] ] ] } },
{ "type": "Feature", "properties": { "id": 186, "population": 1001 }, "geometry": { "type": "Polygon", "coordinates": [ [ [ -0.57084, 44.8576 ], [ -0.57272, 44.8565 ], [ -0.57232, 44.85469 ], [ -0.57004, 44.85397 ], [ -0.56816, 44.85506 ], [ -0.56856, 44.85688 ], [ -0.57084, 44.8576 ], [ -0.57084, 44.8576 ] ] ] } },
{ "type": "Feature", "properties": { "id": 187, "population": 5 }, "geometry": { "type": "Polygon", "coordinates": [ [ [ -0.54843, 44.90965 ], [ -0.55031, 44.90855 ], [ -0.54991, 44.90674 ], [ -0.54762, 44.90601 ], [ -0.54574, 44.90711 ], [ -0.54614, 44.90893 ], [ -0.54843, 44.90965 ], [ -0.54843, 44.90965 ] ] ] } },
{ "type": "Feature", "properties": { "id": 188, "population": 770 }, "geometry": { "type": "Polygon", "coordinates": [ [ [ -0.59902, 44.84115 ], [ -0.6009, 44.84006 ], [ -0.6005, 44.83824 ], [ -0.59821, 44.83752 ], [ -0.59634, 44.83862 ], [ -0.59674, 44.84043 ], [ -0.59902, 44.84115 ], [ -0.59902, 44.84115 ] ] ] } },
{ "type": "Feature", "properties": { "id": 189, "population": 413 }, "geometry": { "type": "Polygon", "coordinates": [ [ [ -0.61835, 44.84219 ], [ -0.62023, 44.84109 ], [ -0.61983, 44.83927 ], [ -0.61755, 44.83855 ], [ -0.61567, 44.83965 ], [ -0.61607, 44.84147 ], [ -0.61835, 44.84219 ], [ -0.61835, 44.84219 ] ] ] } },
{ "type": "Feature", "properties": { "id": 190, "population": 0 }, "geometry": { "type": "Polygon", "coordinates": [ [ [ -0.54145, 44.86858 ], [ -0.54333, 44.86749 ], [ -0.54293, 44.86567 ], [ -0.54064, 44.86495 ], [ -0.53877, 44.86604 ], [ -0.53917, 44.86786 ], [ -0.54145, 44.86858 ], [ -0.54145, 44.86858 ] ] ] } },
{ "type": "Feature", "properties": { "id": 191, "population": 393 }, "geometry": { "type": "Polygon", "coordinates": [ [ [ -0.61367, 44.8593 ], [ -0.61555, 44.8582 ], [ -0.61515, 44.85638 ], [ -0.61286, 44.85566 ], [ -0.61098, 44.85676 ], [ -0.61139, 44.85858 ], [ -0.61367, 44.8593 ], [ -0.61367, 44.8593 ] ] ] } },
{ "type": "Feature", "properties": { "id": 192, "population": 421 }, "geometry": { "type": "Polygon", "coordinates": [ [ [ -0.62469, 44.86108 ], [ -0.62656, 44.85998 ], [ -0.62616, 44.85817 ], [ -0.62388, 44.85745 ], [ -0.622, 44.85854 ], [ -0.6224, 44.86036 ], [ -0.62469, 44.86108 ], [ -0.62469, 44.86108 ] ] ] } },
{ "type": "Feature", "properties": { "id": 193, "population": 739 }, "geometry": { "type": "Polygon", "coordinates": [ [ [ -0.55474, 44.84237 ], [ -0.55661, 44.84127 ], [ -0.55621, 44.83945 ], [ -0.55393, 44.83873 ], [ -0.55205, 44.83983 ], [ -0.55245, 44.84165 ], [ -0.55474, 44.84237 ], [ -0.55474, 44.84237 ] ] ] } },
{ "type": "Feature", "properties": { "id": 194, "population": 186 }, "geometry": { "type": "Polygon", "coordinates": [ [ [ -0.63006, 44.86616 ], [ -0.63194, 44.86506 ], [ -0.63154, 44.86324 ], [ -0.62925, 44.86252 ], [ -0.62737, 44.86362 ], [ -0.62778, 44.86544 ], [ -0.63006, 44.86616 ], [ -0.63006, 44.86616 ] ] ] } },
{ "type": "Feature", "properties": { "id": 195, "population": 548 }, "geometry": { "type": "Polygon", "coordinates": [ [ [ -0.56869, 44.83833 ], [ -0.57057, 44.83723 ], [ -0.57017, 44.83542 ], [ -0.56788, 44.8347 ], [ -0.56601, 44.83579 ], [ -0.56641, 44.83761 ], [ -0.56869, 44.83833 ], [ -0.56869, 44.83833 ] ] ] } },
{ "type": "Feature", "properties": { "id": 196, "population": 1570 }, "geometry": { "type": "Polygon", "coordinates": [ [ [ -0.57701, 44.83758 ], [ -0.57889, 44.83648 ], [ -0.57848, 44.83467 ], [ -0.5762, 44.83395 ], [ -0.57432, 44.83504 ], [ -0.57473, 44.83686 ], [ -0.57701, 44.83758 ], [ -0.57701, 44.83758 ] ] ] } },
{ "type": "Feature", "properties": { "id": 197, "population": 316 }, "geometry": { "type": "Polygon", "coordinates": [ [ [ -0.54776, 44.88747 ], [ -0.54964, 44.88638 ], [ -0.54923, 44.88456 ], [ -0.54695, 44.88384 ], [ -0.54507, 44.88493 ], [ -0.54547, 44.88675 ], [ -0.54776, 44.88747 ], [ -0.54776, 44.88747 ] ] ] } },
{ "type": "Feature", "properties": { "id": 198, "population": 248 }, "geometry": { "type": "Polygon", "coordinates": [ [ [ -0.54024, 44.86313 ], [ -0.54212, 44.86204 ], [ -0.54172, 44.86022 ], [ -0.53944, 44.8595 ], [ -0.53756, 44.86059 ], [ -0.53796, 44.86241 ], [ -0.54024, 44.86313 ], [ -0.54024, 44.86313 ] ] ] } },
{ "type": "Feature", "properties": { "id": 199, "population": 275 }, "geometry": { "type": "Polygon", "coordinates": [ [ [ -0.60145, 44.85206 ], [ -0.60333, 44.85096 ], [ -0.60292, 44.84914 ], [ -0.60064, 44.84842 ], [ -0.59876, 44.84952 ], [ -0.59916, 44.85134 ], [ -0.60145, 44.85206 ], [ -0.60145, 44.85206 ] ] ] } },
{ "type": "Feature", "properties": { "id": 200, "population": 24 }, "geometry": { "type": "Polygon", "coordinates": [ [ [ -0.5624, 44.90562 ], [ -0.56428, 44.90452 ], [ -0.56387, 44.90271 ], [ -0.56159, 44.90198 ], [ -0.55971, 44.90308 ], [ -0.56011, 44.9049 ], [ -0.5624, 44.90562 ], [ -0.5624, 44.90562 ] ] ] } },
{ "type": "Feature", "properties": { "id": 201, "population": 0 }, "geometry": { "type": "Polygon", "coordinates": [ [ [ -0.54964, 44.9151 ], [ -0.55152, 44.914 ], [ -0.55111, 44.91219 ], [ -0.54883, 44.91147 ], [ -0.54695, 44.91256 ], [ -0.54735, 44.91438 ], [ -0.54964, 44.9151 ], [ -0.54964, 44.9151 ] ] ] } },
{ "type": "Feature", "properties": { "id": 202, "population": 53 }, "geometry": { "type": "Polygon", "coordinates": [ [ [ -0.54132, 44.82967 ], [ -0.5432, 44.82858 ], [ -0.5428, 44.82676 ], [ -0.54052, 44.82604 ], [ -0.53864, 44.82714 ], [ -0.53904, 44.82895 ], [ -0.54132, 44.82967 ], [ -0.54132, 44.82967 ] ] ] } },
{ "type": "Feature", "properties": { "id": 203, "population": 186 }, "geometry": { "type": "Polygon", "coordinates": [ [ [ -0.54386, 44.87948 ], [ -0.54574, 44.87839 ], [ -0.54534, 44.87657 ], [ -0.54306, 44.87585 ], [ -0.54118, 44.87694 ], [ -0.54158, 44.87876 ], [ -0.54386, 44.87948 ], [ -0.54386, 44.87948 ] ] ] } },
{ "type": "Feature", "properties": { "id": 204, "population": 434 }, "geometry": { "type": "Polygon", "coordinates": [ [ [ -0.59729, 44.85243 ], [ -0.59916, 44.85134 ], [ -0.59876, 44.84952 ], [ -0.59648, 44.8488 ], [ -0.5946, 44.8499 ], [ -0.595, 44.85171 ], [ -0.59729, 44.85243 ], [ -0.59729, 44.85243 ] ] ] } },
{ "type": "Feature", "properties": { "id": 205, "population": 896 }, "geometry": { "type": "Polygon", "coordinates": [ [ [ -0.57338, 44.82122 ], [ -0.57526, 44.82013 ], [ -0.57486, 44.81831 ], [ -0.57257, 44.81759 ], [ -0.5707, 44.81868 ], [ -0.5711, 44.8205 ], [ -0.57338, 44.82122 ], [ -0.57338, 44.82122 ] ] ] } },
{ "type": "Feature", "properties": { "id": 206, "population": 0 }, "geometry": { "type": "Polygon", "coordinates": [ [ [ -0.53916, 44.89658 ], [ -0.54104, 44.89549 ], [ -0.54064, 44.89367 ], [ -0.53836, 44.89295 ], [ -0.53648, 44.89404 ], [ -0.53688, 44.89586 ], [ -0.53916, 44.89658 ], [ -0.53916, 44.89658 ] ] ] } },
{ "type": "Feature", "properties": { "id": 207, "population": 1230 }, "geometry": { "type": "Polygon", "coordinates": [ [ [ -0.56373, 44.8638 ], [ -0.56561, 44.8627 ], [ -0.56521, 44.86089 ], [ -0.56292, 44.86017 ], [ -0.56105, 44.86126 ], [ -0.56145, 44.86308 ], [ -0.56373, 44.8638 ], [ -0.56373, 44.8638 ] ] ] } },
{ "type": "Feature", "properties": { "id": 208, "population": 1263 }, "geometry": { "type": "Polygon", "coordinates": [ [ [ -0.56748, 44.83288 ], [ -0.56936, 44.83178 ], [ -0.56896, 44.82996 ], [ -0.56667, 44.82924 ], [ -0.5648, 44.83034 ], [ -0.5652, 44.83216 ], [ -0.56748, 44.83288 ], [ -0.56748, 44.83288 ] ] ] } },
{ "type": "Feature", "properties": { "id": 209, "population": 361 }, "geometry": { "type": "Polygon", "coordinates": [ [ [ -0.63154, 44.86324 ], [ -0.63342, 44.86215 ], [ -0.63301, 44.86033 ], [ -0.63073, 44.85961 ], [ -0.62885, 44.86071 ], [ -0.62925, 44.86252 ], [ -0.63154, 44.86324 ], [ -0.63154, 44.86324 ] ] ] } },
{ "type": "Feature", "properties": { "id": 210, "population": 921 }, "geometry": { "type": "Polygon", "coordinates": [ [ [ -0.58975, 44.82809 ], [ -0.59163, 44.82699 ], [ -0.59123, 44.82517 ], [ -0.58895, 44.82445 ], [ -0.58707, 44.82555 ], [ -0.58747, 44.82737 ], [ -0.58975, 44.82809 ], [ -0.58975, 44.82809 ] ] ] } },
{ "type": "Feature", "properties": { "id": 211, "population": 391 }, "geometry": { "type": "Polygon", "coordinates": [ [ [ -0.54923, 44.88456 ], [ -0.55111, 44.88347 ], [ -0.55071, 44.88165 ], [ -0.54843, 44.88093 ], [ -0.54655, 44.88202 ], [ -0.54695, 44.88384 ], [ -0.54923, 44.88456 ], [ -0.54923, 44.88456 ] ] ] } },
{ "type": "Feature", "properties": { "id": 212, "population": 454 }, "geometry": { "type": "Polygon", "coordinates": [ [ [ -0.55299, 44.85365 ], [ -0.55487, 44.85255 ], [ -0.55447, 44.85073 ], [ -0.55219, 44.85001 ], [ -0.55031, 44.85111 ], [ -0.55071, 44.85292 ], [ -0.55299, 44.85365 ], [ -0.55299, 44.85365 ] ] ] } },
{ "type": "Feature", "properties": { "id": 213, "population": 1338 }, "geometry": { "type": "Polygon", "coordinates": [ [ [ -0.58507, 44.8452 ], [ -0.58694, 44.8441 ], [ -0.58654, 44.84228 ], [ -0.58426, 44.84156 ], [ -0.58238, 44.84266 ], [ -0.58278, 44.84447 ], [ -0.58507, 44.8452 ], [ -0.58507, 44.8452 ] ] ] } },
{ "type": "Feature", "properties": { "id": 214, "population": 1279 }, "geometry": { "type": "Polygon", "coordinates": [ [ [ -0.55675, 44.82272 ], [ -0.55862, 44.82163 ], [ -0.55822, 44.81981 ], [ -0.55594, 44.81909 ], [ -0.55406, 44.82019 ], [ -0.55447, 44.822 ], [ -0.55675, 44.82272 ], [ -0.55675, 44.82272 ] ] ] } },
{ "type": "Feature", "properties": { "id": 215, "population": 187 }, "geometry": { "type": "Polygon", "coordinates": [ [ [ -0.56857, 44.88561 ], [ -0.57045, 44.88451 ], [ -0.57004, 44.88269 ], [ -0.56776, 44.88197 ], [ -0.56588, 44.88307 ], [ -0.56629, 44.88488 ], [ -0.56857, 44.88561 ], [ -0.56857, 44.88561 ] ] ] } },
{ "type": "Feature", "properties": { "id": 216, "population": 472 }, "geometry": { "type": "Polygon", "coordinates": [ [ [ -0.60292, 44.84914 ], [ -0.6048, 44.84805 ], [ -0.6044, 44.84623 ], [ -0.60211, 44.84551 ], [ -0.60023, 44.84661 ], [ -0.60064, 44.84842 ], [ -0.60292, 44.84914 ], [ -0.60292, 44.84914 ] ] ] } },
{ "type": "Feature", "properties": { "id": 217, "population": 906 }, "geometry": { "type": "Polygon", "coordinates": [ [ [ -0.5707, 44.81868 ], [ -0.57257, 44.81759 ], [ -0.57217, 44.81577 ], [ -0.56989, 44.81505 ], [ -0.56801, 44.81615 ], [ -0.56842, 44.81796 ], [ -0.5707, 44.81868 ], [ -0.5707, 44.81868 ] ] ] } },
{ "type": "Feature", "properties": { "id": 218, "population": 93 }, "geometry": { "type": "Polygon", "coordinates": [ [ [ -0.56387, 44.90271 ], [ -0.56575, 44.90161 ], [ -0.56535, 44.89979 ], [ -0.56307, 44.89907 ], [ -0.56119, 44.90017 ], [ -0.56159, 44.90198 ], [ -0.56387, 44.90271 ], [ -0.56387, 44.90271 ] ] ] } },
{ "type": "Feature", "properties": { "id": 219, "population": 911 }, "geometry": { "type": "Polygon", "coordinates": [ [ [ -0.60345, 44.83241 ], [ -0.60532, 44.83131 ], [ -0.60492, 44.8295 ], [ -0.60264, 44.82878 ], [ -0.60076, 44.82987 ], [ -0.60116, 44.83169 ], [ -0.60345, 44.83241 ], [ -0.60345, 44.83241 ] ] ] } },
{ "type": "Feature", "properties": { "id": 220, "population": 22 }, "geometry": { "type": "Polygon", "coordinates": [ [ [ -0.5428, 44.82676 ], [ -0.54467, 44.82567 ], [ -0.54427, 44.82385 ], [ -0.54199, 44.82313 ], [ -0.54011, 44.82422 ], [ -0.54052, 44.82604 ], [ -0.5428, 44.82676 ], [ -0.5428, 44.82676 ] ] ] } },
{ "type": "Feature", "properties": { "id": 221, "population": 197 }, "geometry": { "type": "Polygon", "coordinates": [ [ [ -0.54534, 44.87657 ], [ -0.54722, 44.87548 ], [ -0.54682, 44.87366 ], [ -0.54454, 44.87294 ], [ -0.54266, 44.87403 ], [ -0.54306, 44.87585 ], [ -0.54534, 44.87657 ], [ -0.54534, 44.87657 ] ] ] } },
{ "type": "Feature", "properties": { "id": 222, "population": 554 }, "geometry": { "type": "Polygon", "coordinates": [ [ [ -0.59876, 44.84952 ], [ -0.60064, 44.84842 ], [ -0.60023, 44.84661 ], [ -0.59795, 44.84589 ], [ -0.59607, 44.84698 ], [ -0.59648, 44.8488 ], [ -0.59876, 44.84952 ], [ -0.59876, 44.84952 ] ] ] } },
{ "type": "Feature", "properties": { "id": 223, "population": 18 }, "geometry": { "type": "Polygon", "coordinates": [ [ [ -0.58026, 44.90957 ], [ -0.58214, 44.90848 ], [ -0.58174, 44.90666 ], [ -0.57945, 44.90594 ], [ -0.57757, 44.90704 ], [ -0.57798, 44.90885 ], [ -0.58026, 44.90957 ], [ -0.58026, 44.90957 ] ] ] } },
{ "type": "Feature", "properties": { "id": 224, "population": 1608 }, "geometry": { "type": "Polygon", "coordinates": [ [ [ -0.56896, 44.82996 ], [ -0.57083, 44.82887 ], [ -0.57043, 44.82705 ], [ -0.56815, 44.82633 ], [ -0.56627, 44.82743 ], [ -0.56667, 44.82924 ], [ -0.56896, 44.82996 ], [ -0.56896, 44.82996 ] ] ] } },
{ "type": "Feature", "properties": { "id": 225, "population": 40 }, "geometry": { "type": "Polygon", "coordinates": [ [ [ -0.55165, 44.89546 ], [ -0.55353, 44.89437 ], [ -0.55313, 44.89255 ], [ -0.55085, 44.89183 ], [ -0.54897, 44.89292 ], [ -0.54937, 44.89474 ], [ -0.55165, 44.89546 ], [ -0.55165, 44.89546 ] ] ] } },
{ "type": "Feature", "properties": { "id": 226, "population": 598 }, "geometry": { "type": "Polygon", "coordinates": [ [ [ -0.55447, 44.85073 ], [ -0.55635, 44.84964 ], [ -0.55594, 44.84782 ], [ -0.55366, 44.8471 ], [ -0.55178, 44.84819 ], [ -0.55219, 44.85001 ], [ -0.55447, 44.85073 ], [ -0.55447, 44.85073 ] ] ] } },
{ "type": "Feature", "properties": { "id": 227, "population": 140 }, "geometry": { "type": "Polygon", "coordinates": [ [ [ -0.57004, 44.88269 ], [ -0.57192, 44.8816 ], [ -0.57152, 44.87978 ], [ -0.56924, 44.87906 ], [ -0.56736, 44.88015 ], [ -0.56776, 44.88197 ], [ -0.57004, 44.88269 ], [ -0.57004, 44.88269 ] ] ] } },
{ "type": "Feature", "properties": { "id": 228, "population": 810 }, "geometry": { "type": "Polygon", "coordinates": [ [ [ -0.57217, 44.81577 ], [ -0.57405, 44.81467 ], [ -0.57365, 44.81286 ], [ -0.57137, 44.81214 ], [ -0.56949, 44.81323 ], [ -0.56989, 44.81505 ], [ -0.57217, 44.81577 ], [ -0.57217, 44.81577 ] ] ] } },
{ "type": "Feature", "properties": { "id": 229, "population": 140 }, "geometry": { "type": "Polygon", "coordinates": [ [ [ -0.54749, 44.89584 ], [ -0.54937, 44.89474 ], [ -0.54897, 44.89292 ], [ -0.54668, 44.8922 ], [ -0.5448, 44.8933 ], [ -0.54521, 44.89511 ], [ -0.54749, 44.89584 ], [ -0.54749, 44.89584 ] ] ] } },
{ "type": "Feature", "properties": { "id": 230, "population": 752 }, "geometry": { "type": "Polygon", "coordinates": [ [ [ -0.60492, 44.8295 ], [ -0.6068, 44.8284 ], [ -0.60639, 44.82658 ], [ -0.60411, 44.82586 ], [ -0.60223, 44.82696 ], [ -0.60264, 44.82878 ], [ -0.60492, 44.8295 ], [ -0.60492, 44.8295 ] ] ] } },
{ "type": "Feature", "properties": { "id": 231, "population": 1023 }, "geometry": { "type": "Polygon", "coordinates": [ [ [ -0.56763, 44.87179 ], [ -0.5695, 44.87069 ], [ -0.5691, 44.86888 ], [ -0.56682, 44.86816 ], [ -0.56494, 44.86925 ], [ -0.56534, 44.87107 ], [ -0.56763, 44.87179 ], [ -0.56763, 44.87179 ] ] ] } },
{ "type": "Feature", "properties": { "id": 232, "population": 412 }, "geometry": { "type": "Polygon", "coordinates": [ [ [ -0.57137, 44.84087 ], [ -0.57325, 44.83977 ], [ -0.57285, 44.83796 ], [ -0.57057, 44.83723 ], [ -0.56869, 44.83833 ], [ -0.56909, 44.84015 ], [ -0.57137, 44.84087 ], [ -0.57137, 44.84087 ] ] ] } },
{ "type": "Feature", "properties": { "id": 233, "population": 1068 }, "geometry": { "type": "Polygon", "coordinates": [ [ [ -0.59365, 44.83608 ], [ -0.59553, 44.83498 ], [ -0.59512, 44.83316 ], [ -0.59284, 44.83244 ], [ -0.59096, 44.83354 ], [ -0.59137, 44.83536 ], [ -0.59365, 44.83608 ], [ -0.59365, 44.83608 ] ] ] } },
{ "type": "Feature", "properties": { "id": 234, "population": 202 }, "geometry": { "type": "Polygon", "coordinates": [ [ [ -0.54359, 44.88785 ], [ -0.54547, 44.88675 ], [ -0.54507, 44.88493 ], [ -0.54279, 44.88421 ], [ -0.54091, 44.88531 ], [ -0.54131, 44.88712 ], [ -0.54359, 44.88785 ], [ -0.54359, 44.88785 ] ] ] } },
{ "type": "Feature", "properties": { "id": 235, "population": 2 }, "geometry": { "type": "Polygon", "coordinates": [ [ [ -0.55313, 44.89255 ], [ -0.55501, 44.89146 ], [ -0.5546, 44.88964 ], [ -0.55232, 44.88892 ], [ -0.55044, 44.89001 ], [ -0.55085, 44.89183 ], [ -0.55313, 44.89255 ], [ -0.55313, 44.89255 ] ] ] } },
{ "type": "Feature", "properties": { "id": 236, "population": 379 }, "geometry": { "type": "Polygon", "coordinates": [ [ [ -0.55688, 44.86164 ], [ -0.55876, 44.86054 ], [ -0.55836, 44.85872 ], [ -0.55608, 44.858 ], [ -0.5542, 44.8591 ], [ -0.5546, 44.86091 ], [ -0.55688, 44.86164 ], [ -0.55688, 44.86164 ] ] ] } },
{ "type": "Feature", "properties": { "id": 237, "population": 648 }, "geometry": { "type": "Polygon", "coordinates": [ [ [ -0.58896, 44.85319 ], [ -0.59084, 44.85209 ], [ -0.59044, 44.85027 ], [ -0.58816, 44.84955 ], [ -0.58628, 44.85065 ], [ -0.58668, 44.85246 ], [ -0.58896, 44.85319 ], [ -0.58896, 44.85319 ] ] ] } },
{ "type": "Feature", "properties": { "id": 238, "population": 603 }, "geometry": { "type": "Polygon", "coordinates": [ [ [ -0.55366, 44.87582 ], [ -0.55554, 44.87473 ], [ -0.55514, 44.87291 ], [ -0.55286, 44.87219 ], [ -0.55098, 44.87329 ], [ -0.55138, 44.8751 ], [ -0.55366, 44.87582 ], [ -0.55366, 44.87582 ] ] ] } },
{ "type": "Feature", "properties": { "id": 239, "population": 150 }, "geometry": { "type": "Polygon", "coordinates": [ [ [ -0.54897, 44.89292 ], [ -0.55085, 44.89183 ], [ -0.55044, 44.89001 ], [ -0.54816, 44.88929 ], [ -0.54628, 44.89039 ], [ -0.54668, 44.8922 ], [ -0.54897, 44.89292 ], [ -0.54897, 44.89292 ] ] ] } },
{ "type": "Feature", "properties": { "id": 240, "population": 741 }, "geometry": { "type": "Polygon", "coordinates": [ [ [ -0.60734, 44.8404 ], [ -0.60922, 44.8393 ], [ -0.60882, 44.83749 ], [ -0.60654, 44.83677 ], [ -0.60466, 44.83786 ], [ -0.60506, 44.83968 ], [ -0.60734, 44.8404 ], [ -0.60734, 44.8404 ] ] ] } },
{ "type": "Feature", "properties": { "id": 241, "population": 105 }, "geometry": { "type": "Polygon", "coordinates": [ [ [ -0.60266, 44.85751 ], [ -0.60454, 44.85641 ], [ -0.60413, 44.8546 ], [ -0.60185, 44.85388 ], [ -0.59997, 44.85497 ], [ -0.60038, 44.85679 ], [ -0.60266, 44.85751 ], [ -0.60266, 44.85751 ] ] ] } },
{ "type": "Feature", "properties": { "id": 242, "population": 1323 }, "geometry": { "type": "Polygon", "coordinates": [ [ [ -0.57285, 44.83796 ], [ -0.57473, 44.83686 ], [ -0.57432, 44.83504 ], [ -0.57204, 44.83432 ], [ -0.57017, 44.83542 ], [ -0.57057, 44.83723 ], [ -0.57285, 44.83796 ], [ -0.57285, 44.83796 ] ] ] } },
{ "type": "Feature", "properties": { "id": 243, "population": 362 }, "geometry": { "type": "Polygon", "coordinates": [ [ [ -0.61905, 44.86437 ], [ -0.62093, 44.86328 ], [ -0.62052, 44.86146 ], [ -0.61824, 44.86074 ], [ -0.61636, 44.86183 ], [ -0.61676, 44.86365 ], [ -0.61905, 44.86437 ], [ -0.61905, 44.86437 ] ] ] } },
{ "type": "Feature", "properties": { "id": 244, "population": 1166 }, "geometry": { "type": "Polygon", "coordinates": [ [ [ -0.59512, 44.83316 ], [ -0.597, 44.83207 ], [ -0.5966, 44.83025 ], [ -0.59432, 44.82953 ], [ -0.59244, 44.83063 ], [ -0.59284, 44.83244 ], [ -0.59512, 44.83316 ], [ -0.59512, 44.83316 ] ] ] } },
{ "type": "Feature", "properties": { "id": 245, "population": 335 }, "geometry": { "type": "Polygon", "coordinates": [ [ [ -0.54507, 44.88493 ], [ -0.54695, 44.88384 ], [ -0.54655, 44.88202 ], [ -0.54427, 44.8813 ], [ -0.54239, 44.8824 ], [ -0.54279, 44.88421 ], [ -0.54507, 44.88493 ], [ -0.54507, 44.88493 ] ] ] } },
{ "type": "Feature", "properties": { "id": 246, "population": 66 }, "geometry": { "type": "Polygon", "coordinates": [ [ [ -0.55836, 44.85872 ], [ -0.56024, 44.85763 ], [ -0.55984, 44.85581 ], [ -0.55755, 44.85509 ], [ -0.55568, 44.85618 ], [ -0.55608, 44.858 ], [ -0.55836, 44.85872 ], [ -0.55836, 44.85872 ] ] ] } },
{ "type": "Feature", "properties": { "id": 247, "population": 658 }, "geometry": { "type": "Polygon", "coordinates": [ [ [ -0.55514, 44.87291 ], [ -0.55702, 44.87182 ], [ -0.55662, 44.87 ], [ -0.55433, 44.86928 ], [ -0.55246, 44.87037 ], [ -0.55286, 44.87219 ], [ -0.55514, 44.87291 ], [ -0.55514, 44.87291 ] ] ] } },
{ "type": "Feature", "properties": { "id": 248, "population": 49 }, "geometry": { "type": "Polygon", "coordinates": [ [ [ -0.55138, 44.90383 ], [ -0.55326, 44.90273 ], [ -0.55286, 44.90091 ], [ -0.55058, 44.90019 ], [ -0.5487, 44.90129 ], [ -0.5491, 44.9031 ], [ -0.55138, 44.90383 ], [ -0.55138, 44.90383 ] ] ] } },
{ "type": "Feature", "properties": { "id": 249, "population": 695 }, "geometry": { "type": "Polygon", "coordinates": [ [ [ -0.60882, 44.83749 ], [ -0.6107, 44.83639 ], [ -0.61029, 44.83457 ], [ -0.60801, 44.83385 ], [ -0.60613, 44.83495 ], [ -0.60654, 44.83677 ], [ -0.60882, 44.83749 ], [ -0.60882, 44.83749 ] ] ] } },
{ "type": "Feature", "properties": { "id": 250, "population": 144 }, "geometry": { "type": "Polygon", "coordinates": [ [ [ -0.5448, 44.8933 ], [ -0.54668, 44.8922 ], [ -0.54628, 44.89039 ], [ -0.544, 44.88966 ], [ -0.54212, 44.89076 ], [ -0.54252, 44.89258 ], [ -0.5448, 44.8933 ], [ -0.5448, 44.8933 ] ] ] } },
{ "type": "Feature", "properties": { "id": 251, "population": 469 }, "geometry": { "type": "Polygon", "coordinates": [ [ [ -0.61541, 44.84802 ], [ -0.61729, 44.84692 ], [ -0.61688, 44.8451 ], [ -0.6146, 44.84438 ], [ -0.61272, 44.84548 ], [ -0.61312, 44.8473 ], [ -0.61541, 44.84802 ], [ -0.61541, 44.84802 ] ] ] } },
{ "type": "Feature", "properties": { "id": 252, "population": 1397 }, "geometry": { "type": "Polygon", "coordinates": [ [ [ -0.56238, 44.81944 ], [ -0.56426, 44.81834 ], [ -0.56385, 44.81652 ], [ -0.56157, 44.8158 ], [ -0.5597, 44.8169 ], [ -0.5601, 44.81871 ], [ -0.56238, 44.81944 ], [ -0.56238, 44.81944 ] ] ] } },
{ "type": "Feature", "properties": { "id": 253, "population": 325 }, "geometry": { "type": "Polygon", "coordinates": [ [ [ -0.55648, 44.83109 ], [ -0.55836, 44.82999 ], [ -0.55795, 44.82818 ], [ -0.55567, 44.82746 ], [ -0.5538, 44.82855 ], [ -0.5542, 44.83037 ], [ -0.55648, 44.83109 ], [ -0.55648, 44.83109 ] ] ] } },
{ "type": "Feature", "properties": { "id": 254, "population": 401 }, "geometry": { "type": "Polygon", "coordinates": [ [ [ -0.62052, 44.86146 ], [ -0.6224, 44.86036 ], [ -0.622, 44.85854 ], [ -0.61971, 44.85782 ], [ -0.61783, 44.85892 ], [ -0.61824, 44.86074 ], [ -0.62052, 44.86146 ], [ -0.62052, 44.86146 ] ] ] } },
{ "type": "Feature", "properties": { "id": 255, "population": 68 }, "geometry": { "type": "Polygon", "coordinates": [ [ [ -0.55407, 44.90636 ], [ -0.55595, 44.90527 ], [ -0.55555, 44.90345 ], [ -0.55326, 44.90273 ], [ -0.55138, 44.90383 ], [ -0.55179, 44.90564 ], [ -0.55407, 44.90636 ], [ -0.55407, 44.90636 ] ] ] } },
{ "type": "Feature", "properties": { "id": 256, "population": 934 }, "geometry": { "type": "Polygon", "coordinates": [ [ [ -0.57875, 44.8263 ], [ -0.58063, 44.8252 ], [ -0.58022, 44.82339 ], [ -0.57794, 44.82267 ], [ -0.57606, 44.82376 ], [ -0.57647, 44.82558 ], [ -0.57875, 44.8263 ], [ -0.57875, 44.8263 ] ] ] } },
{ "type": "Feature", "properties": { "id": 257, "population": 570 }, "geometry": { "type": "Polygon", "coordinates": [ [ [ -0.54199, 44.85185 ], [ -0.54387, 44.85076 ], [ -0.54346, 44.84894 ], [ -0.54118, 44.84822 ], [ -0.53931, 44.84932 ], [ -0.53971, 44.85113 ], [ -0.54199, 44.85185 ], [ -0.54199, 44.85185 ] ] ] } },
{ "type": "Feature", "properties": { "id": 258, "population": 653 }, "geometry": { "type": "Polygon", "coordinates": [ [ [ -0.57406, 44.84341 ], [ -0.57594, 44.84231 ], [ -0.57553, 44.84049 ], [ -0.57325, 44.83977 ], [ -0.57137, 44.84087 ], [ -0.57178, 44.84269 ], [ -0.57406, 44.84341 ], [ -0.57406, 44.84341 ] ] ] } },
{ "type": "Feature", "properties": { "id": 259, "population": 6 }, "geometry": { "type": "Polygon", "coordinates": [ [ [ -0.55756, 44.88381 ], [ -0.55944, 44.88272 ], [ -0.55903, 44.8809 ], [ -0.55675, 44.88018 ], [ -0.55487, 44.88128 ], [ -0.55528, 44.88309 ], [ -0.55756, 44.88381 ], [ -0.55756, 44.88381 ] ] ] } },
{ "type": "Feature", "properties": { "id": 260, "population": 694 }, "geometry": { "type": "Polygon", "coordinates": [ [ [ -0.59339, 44.84444 ], [ -0.59527, 44.84335 ], [ -0.59486, 44.84153 ], [ -0.59258, 44.84081 ], [ -0.5907, 44.84191 ], [ -0.5911, 44.84372 ], [ -0.59339, 44.84444 ], [ -0.59339, 44.84444 ] ] ] } },
{ "type": "Feature", "properties": { "id": 261, "population": 113 }, "geometry": { "type": "Polygon", "coordinates": [ [ [ -0.55286, 44.90091 ], [ -0.55474, 44.89982 ], [ -0.55434, 44.898 ], [ -0.55205, 44.89728 ], [ -0.55017, 44.89837 ], [ -0.55058, 44.90019 ], [ -0.55286, 44.90091 ], [ -0.55286, 44.90091 ] ] ] } },
{ "type": "Feature", "properties": { "id": 262, "population": 130 }, "geometry": { "type": "Polygon", "coordinates": [ [ [ -0.54709, 44.8653 ], [ -0.54897, 44.8642 ], [ -0.54856, 44.86238 ], [ -0.54628, 44.86166 ], [ -0.5444, 44.86276 ], [ -0.54481, 44.86457 ], [ -0.54709, 44.8653 ], [ -0.54709, 44.8653 ] ] ] } },
{ "type": "Feature", "properties": { "id": 263, "population": 752 }, "geometry": { "type": "Polygon", "coordinates": [ [ [ -0.5789, 44.86522 ], [ -0.58078, 44.86412 ], [ -0.58038, 44.8623 ], [ -0.57809, 44.86158 ], [ -0.57621, 44.86268 ], [ -0.57662, 44.86449 ], [ -0.5789, 44.86522 ], [ -0.5789, 44.86522 ] ] ] } },
{ "type": "Feature", "properties": { "id": 264, "population": 433 }, "geometry": { "type": "Polygon", "coordinates": [ [ [ -0.61688, 44.8451 ], [ -0.61876, 44.844 ], [ -0.61835, 44.84219 ], [ -0.61607, 44.84147 ], [ -0.61419, 44.84256 ], [ -0.6146, 44.84438 ], [ -0.61688, 44.8451 ], [ -0.61688, 44.8451 ] ] ] } },
{ "type": "Feature", "properties": { "id": 265, "population": 27 }, "geometry": { "type": "Polygon", "coordinates": [ [ [ -0.56925, 44.90778 ], [ -0.57113, 44.90669 ], [ -0.57072, 44.90487 ], [ -0.56844, 44.90415 ], [ -0.56656, 44.90524 ], [ -0.56696, 44.90706 ], [ -0.56925, 44.90778 ], [ -0.56925, 44.90778 ] ] ] } },
{ "type": "Feature", "properties": { "id": 266, "population": 1239 }, "geometry": { "type": "Polygon", "coordinates": [ [ [ -0.55795, 44.82818 ], [ -0.55983, 44.82708 ], [ -0.55943, 44.82526 ], [ -0.55715, 44.82454 ], [ -0.55527, 44.82564 ], [ -0.55567, 44.82746 ], [ -0.55795, 44.82818 ], [ -0.55795, 44.82818 ] ] ] } },
{ "type": "Feature", "properties": { "id": 267, "population": 911 }, "geometry": { "type": "Polygon", "coordinates": [ [ [ -0.58022, 44.82339 ], [ -0.5821, 44.82229 ], [ -0.5817, 44.82047 ], [ -0.57942, 44.81975 ], [ -0.57754, 44.82085 ], [ -0.57794, 44.82267 ], [ -0.58022, 44.82339 ], [ -0.58022, 44.82339 ] ] ] } },
{ "type": "Feature", "properties": { "id": 268, "population": 706 }, "geometry": { "type": "Polygon", "coordinates": [ [ [ -0.54346, 44.84894 ], [ -0.54534, 44.84785 ], [ -0.54494, 44.84603 ], [ -0.54266, 44.84531 ], [ -0.54078, 44.8464 ], [ -0.54118, 44.84822 ], [ -0.54346, 44.84894 ], [ -0.54346, 44.84894 ] ] ] } },
{ "type": "Feature", "properties": { "id": 269, "population": 191 }, "geometry": { "type": "Polygon", "coordinates": [ [ [ -0.55903, 44.8809 ], [ -0.56091, 44.87981 ], [ -0.56051, 44.87799 ], [ -0.55823, 44.87727 ], [ -0.55635, 44.87836 ], [ -0.55675, 44.88018 ], [ -0.55903, 44.8809 ], [ -0.55903, 44.8809 ] ] ] } },
{ "type": "Feature", "properties": { "id": 270, "population": 13 }, "geometry": { "type": "Polygon", "coordinates": [ [ [ -0.56305, 44.84162 ], [ -0.56493, 44.84052 ], [ -0.56453, 44.83871 ], [ -0.56225, 44.83798 ], [ -0.56037, 44.83908 ], [ -0.56077, 44.8409 ], [ -0.56305, 44.84162 ], [ -0.56305, 44.84162 ] ] ] } },
{ "type": "Feature", "properties": { "id": 271, "population": 784 }, "geometry": { "type": "Polygon", "coordinates": [ [ [ -0.59486, 44.84153 ], [ -0.59674, 44.84043 ], [ -0.59634, 44.83862 ], [ -0.59405, 44.8379 ], [ -0.59218, 44.83899 ], [ -0.59258, 44.84081 ], [ -0.59486, 44.84153 ], [ -0.59486, 44.84153 ] ] ] } },
{ "type": "Feature", "properties": { "id": 272, "population": 147 }, "geometry": { "type": "Polygon", "coordinates": [ [ [ -0.56562, 44.89143 ], [ -0.5675, 44.89033 ], [ -0.56709, 44.88852 ], [ -0.56481, 44.8878 ], [ -0.56293, 44.88889 ], [ -0.56333, 44.89071 ], [ -0.56562, 44.89143 ], [ -0.56562, 44.89143 ] ] ] } },
{ "type": "Feature", "properties": { "id": 273, "population": 26 }, "geometry": { "type": "Polygon", "coordinates": [ [ [ -0.54856, 44.86238 ], [ -0.55044, 44.86129 ], [ -0.55004, 44.85947 ], [ -0.54776, 44.85875 ], [ -0.54588, 44.85984 ], [ -0.54628, 44.86166 ], [ -0.54856, 44.86238 ], [ -0.54856, 44.86238 ] ] ] } },
{ "type": "Feature", "properties": { "id": 274, "population": 610 }, "geometry": { "type": "Polygon", "coordinates": [ [ [ -0.5593, 44.87254 ], [ -0.56118, 44.87144 ], [ -0.56078, 44.86963 ], [ -0.5585, 44.8689 ], [ -0.55662, 44.87 ], [ -0.55702, 44.87182 ], [ -0.5593, 44.87254 ], [ -0.5593, 44.87254 ] ] ] } },
{ "type": "Feature", "properties": { "id": 275, "population": 729 }, "geometry": { "type": "Polygon", "coordinates": [ [ [ -0.58038, 44.8623 ], [ -0.58225, 44.86121 ], [ -0.58185, 44.85939 ], [ -0.57957, 44.85867 ], [ -0.57769, 44.85976 ], [ -0.57809, 44.86158 ], [ -0.58038, 44.8623 ], [ -0.58038, 44.8623 ] ] ] } },
{ "type": "Feature", "properties": { "id": 276, "population": 669 }, "geometry": { "type": "Polygon", "coordinates": [ [ [ -0.5848, 44.85356 ], [ -0.58668, 44.85246 ], [ -0.58628, 44.85065 ], [ -0.58399, 44.84993 ], [ -0.58212, 44.85102 ], [ -0.58252, 44.85284 ], [ -0.5848, 44.85356 ], [ -0.5848, 44.85356 ] ] ] } },
{ "type": "Feature", "properties": { "id": 277, "population": 465 }, "geometry": { "type": "Polygon", "coordinates": [ [ [ -0.61931, 44.85601 ], [ -0.62119, 44.85491 ], [ -0.62078, 44.85309 ], [ -0.6185, 44.85237 ], [ -0.61662, 44.85347 ], [ -0.61703, 44.85529 ], [ -0.61931, 44.85601 ], [ -0.61931, 44.85601 ] ] ] } },
{ "type": "Feature", "properties": { "id": 278, "population": 5 }, "geometry": { "type": "Polygon", "coordinates": [ [ [ -0.57072, 44.90487 ], [ -0.5726, 44.90378 ], [ -0.5722, 44.90196 ], [ -0.56992, 44.90124 ], [ -0.56804, 44.90233 ], [ -0.56844, 44.90415 ], [ -0.57072, 44.90487 ], [ -0.57072, 44.90487 ] ] ] } },
{ "type": "Feature", "properties": { "id": 279, "population": 260 }, "geometry": { "type": "Polygon", "coordinates": [ [ [ -0.53984, 44.83259 ], [ -0.54172, 44.83149 ], [ -0.54132, 44.82967 ], [ -0.53904, 44.82895 ], [ -0.53716, 44.83005 ], [ -0.53756, 44.83187 ], [ -0.53984, 44.83259 ], [ -0.53984, 44.83259 ] ] ] } },
{ "type": "Feature", "properties": { "id": 280, "population": 15 }, "geometry": { "type": "Polygon", "coordinates": [ [ [ -0.56037, 44.83908 ], [ -0.56225, 44.83798 ], [ -0.56185, 44.83617 ], [ -0.55957, 44.83545 ], [ -0.55769, 44.83654 ], [ -0.55809, 44.83836 ], [ -0.56037, 44.83908 ], [ -0.56037, 44.83908 ] ] ] } },
{ "type": "Feature", "properties": { "id": 281, "population": 10 }, "geometry": { "type": "Polygon", "coordinates": [ [ [ -0.55796, 44.91435 ], [ -0.55984, 44.91326 ], [ -0.55944, 44.91144 ], [ -0.55716, 44.91072 ], [ -0.55528, 44.91181 ], [ -0.55568, 44.91363 ], [ -0.55796, 44.91435 ], [ -0.55796, 44.91435 ] ] ] } },
{ "type": "Feature", "properties": { "id": 282, "population": 1547 }, "geometry": { "type": "Polygon", "coordinates": [ [ [ -0.58264, 44.83429 ], [ -0.58452, 44.83319 ], [ -0.58412, 44.83138 ], [ -0.58184, 44.83066 ], [ -0.57996, 44.83175 ], [ -0.58036, 44.83357 ], [ -0.58264, 44.83429 ], [ -0.58264, 44.83429 ] ] ] } },
{ "type": "Feature", "properties": { "id": 283, "population": 315 }, "geometry": { "type": "Polygon", "coordinates": [ [ [ -0.6252, 44.84435 ], [ -0.62708, 44.84325 ], [ -0.62668, 44.84143 ], [ -0.62439, 44.84071 ], [ -0.62252, 44.84181 ], [ -0.62292, 44.84363 ], [ -0.6252, 44.84435 ], [ -0.6252, 44.84435 ] ] ] } },
{ "type": "Feature", "properties": { "id": 284, "population": 98 }, "geometry": { "type": "Polygon", "coordinates": [ [ [ -0.54588, 44.85984 ], [ -0.54776, 44.85875 ], [ -0.54736, 44.85693 ], [ -0.54507, 44.85621 ], [ -0.5432, 44.85731 ], [ -0.5436, 44.85912 ], [ -0.54588, 44.85984 ], [ -0.54588, 44.85984 ] ] ] } },
{ "type": "Feature", "properties": { "id": 285, "population": 1316 }, "geometry": { "type": "Polygon", "coordinates": [ [ [ -0.57795, 44.8514 ], [ -0.57983, 44.8503 ], [ -0.57943, 44.84848 ], [ -0.57715, 44.84776 ], [ -0.57527, 44.84886 ], [ -0.57567, 44.85068 ], [ -0.57795, 44.8514 ], [ -0.57795, 44.8514 ] ] ] } },
{ "type": "Feature", "properties": { "id": 286, "population": 707 }, "geometry": { "type": "Polygon", "coordinates": [ [ [ -0.57179, 44.87142 ], [ -0.57367, 44.87032 ], [ -0.57326, 44.8685 ], [ -0.57098, 44.86778 ], [ -0.5691, 44.86888 ], [ -0.5695, 44.87069 ], [ -0.57179, 44.87142 ], [ -0.57179, 44.87142 ] ] ] } },
{ "type": "Feature", "properties": { "id": 287, "population": 1629 }, "geometry": { "type": "Polygon", "coordinates": [ [ [ -0.57848, 44.83467 ], [ -0.58036, 44.83357 ], [ -0.57996, 44.83175 ], [ -0.57768, 44.83103 ], [ -0.5758, 44.83213 ], [ -0.5762, 44.83395 ], [ -0.57848, 44.83467 ], [ -0.57848, 44.83467 ] ] ] } },
{ "type": "Feature", "properties": { "id": 288, "population": 245 }, "geometry": { "type": "Polygon", "coordinates": [ [ [ -0.56252, 44.85835 ], [ -0.5644, 44.85725 ], [ -0.564, 44.85544 ], [ -0.56172, 44.85471 ], [ -0.55984, 44.85581 ], [ -0.56024, 44.85763 ], [ -0.56252, 44.85835 ], [ -0.56252, 44.85835 ] ] ] } },
{ "type": "Feature", "properties": { "id": 289, "population": 250 }, "geometry": { "type": "Polygon", "coordinates": [ [ [ -0.56709, 44.88852 ], [ -0.56897, 44.88742 ], [ -0.56857, 44.88561 ], [ -0.56629, 44.88488 ], [ -0.56441, 44.88598 ], [ -0.56481, 44.8878 ], [ -0.56709, 44.88852 ], [ -0.56709, 44.88852 ] ] ] } },
{ "type": "Feature", "properties": { "id": 290, "population": 79 }, "geometry": { "type": "Polygon", "coordinates": [ [ [ -0.564, 44.85544 ], [ -0.56588, 44.85434 ], [ -0.56547, 44.85252 ], [ -0.56319, 44.8518 ], [ -0.56131, 44.8529 ], [ -0.56172, 44.85471 ], [ -0.564, 44.85544 ], [ -0.564, 44.85544 ] ] ] } },
{ "type": "Feature", "properties": { "id": 291, "population": 483 }, "geometry": { "type": "Polygon", "coordinates": [ [ [ -0.62078, 44.85309 ], [ -0.62266, 44.85199 ], [ -0.62226, 44.85018 ], [ -0.61997, 44.84946 ], [ -0.61809, 44.85055 ], [ -0.6185, 44.85237 ], [ -0.62078, 44.85309 ], [ -0.62078, 44.85309 ] ] ] } },
{ "type": "Feature", "properties": { "id": 292, "population": 135 }, "geometry": { "type": "Polygon", "coordinates": [ [ [ -0.56185, 44.83617 ], [ -0.56372, 44.83507 ], [ -0.56332, 44.83325 ], [ -0.56104, 44.83253 ], [ -0.55916, 44.83363 ], [ -0.55957, 44.83545 ], [ -0.56185, 44.83617 ], [ -0.56185, 44.83617 ] ] ] } },
{ "type": "Feature", "properties": { "id": 293, "population": 988 }, "geometry": { "type": "Polygon", "coordinates": [ [ [ -0.58412, 44.83138 ], [ -0.586, 44.83028 ], [ -0.58559, 44.82846 ], [ -0.58331, 44.82774 ], [ -0.58143, 44.82884 ], [ -0.58184, 44.83066 ], [ -0.58412, 44.83138 ], [ -0.58412, 44.83138 ] ] ] } },
{ "type": "Feature", "properties": { "id": 294, "population": 0 }, "geometry": { "type": "Polygon", "coordinates": [ [ [ -0.55944, 44.91144 ], [ -0.56132, 44.91035 ], [ -0.56092, 44.90853 ], [ -0.55864, 44.90781 ], [ -0.55675, 44.9089 ], [ -0.55716, 44.91072 ], [ -0.55944, 44.91144 ], [ -0.55944, 44.91144 ] ] ] } },
{ "type": "Feature", "properties": { "id": 295, "population": 307 }, "geometry": { "type": "Polygon", "coordinates": [ [ [ -0.54736, 44.85693 ], [ -0.54923, 44.85584 ], [ -0.54883, 44.85402 ], [ -0.54655, 44.8533 ], [ -0.54467, 44.85439 ], [ -0.54507, 44.85621 ], [ -0.54736, 44.85693 ], [ -0.54736, 44.85693 ] ] ] } },
{ "type": "Feature", "properties": { "id": 296, "population": 795 }, "geometry": { "type": "Polygon", "coordinates": [ [ [ -0.57326, 44.8685 ], [ -0.57514, 44.86741 ], [ -0.57474, 44.86559 ], [ -0.57246, 44.86487 ], [ -0.57058, 44.86596 ], [ -0.57098, 44.86778 ], [ -0.57326, 44.8685 ], [ -0.57326, 44.8685 ] ] ] } },
{ "type": "Feature", "properties": { "id": 297, "population": 9 }, "geometry": { "type": "Polygon", "coordinates": [ [ [ -0.54816, 44.83184 ], [ -0.55004, 44.83074 ], [ -0.54964, 44.82893 ], [ -0.54736, 44.8282 ], [ -0.54548, 44.8293 ], [ -0.54588, 44.83112 ], [ -0.54816, 44.83184 ], [ -0.54816, 44.83184 ] ] ] } },
{ "type": "Feature", "properties": { "id": 298, "population": 1272 }, "geometry": { "type": "Polygon", "coordinates": [ [ [ -0.57996, 44.83175 ], [ -0.58184, 44.83066 ], [ -0.58143, 44.82884 ], [ -0.57915, 44.82812 ], [ -0.57727, 44.82921 ], [ -0.57768, 44.83103 ], [ -0.57996, 44.83175 ], [ -0.57996, 44.83175 ] ] ] } },
{ "type": "Feature", "properties": { "id": 299, "population": 38 }, "geometry": { "type": "Polygon", "coordinates": [ [ [ -0.53943, 44.88822 ], [ -0.54131, 44.88712 ], [ -0.54091, 44.88531 ], [ -0.53863, 44.88459 ], [ -0.53675, 44.88568 ], [ -0.53715, 44.8875 ], [ -0.53943, 44.88822 ], [ -0.53943, 44.88822 ] ] ] } },
{ "type": "Feature", "properties": { "id": 300, "population": 1122 }, "geometry": { "type": "Polygon", "coordinates": [ [ [ -0.59928, 44.83279 ], [ -0.60116, 44.83169 ], [ -0.60076, 44.82987 ], [ -0.59848, 44.82915 ], [ -0.5966, 44.83025 ], [ -0.597, 44.83207 ], [ -0.59928, 44.83279 ], [ -0.59928, 44.83279 ] ] ] } },
{ "type": "Feature", "properties": { "id": 301, "population": 191 }, "geometry": { "type": "Polygon", "coordinates": [ [ [ -0.56951, 44.89942 ], [ -0.57139, 44.89832 ], [ -0.57099, 44.89651 ], [ -0.56871, 44.89579 ], [ -0.56683, 44.89688 ], [ -0.56723, 44.8987 ], [ -0.56951, 44.89942 ], [ -0.56951, 44.89942 ] ] ] } },
{ "type": "Feature", "properties": { "id": 302, "population": 2 }, "geometry": { "type": "Polygon", "coordinates": [ [ [ -0.56547, 44.85252 ], [ -0.56735, 44.85143 ], [ -0.56695, 44.84961 ], [ -0.56467, 44.84889 ], [ -0.56279, 44.84998 ], [ -0.56319, 44.8518 ], [ -0.56547, 44.85252 ], [ -0.56547, 44.85252 ] ] ] } },
{ "type": "Feature", "properties": { "id": 303, "population": 624 }, "geometry": { "type": "Polygon", "coordinates": [ [ [ -0.54843, 44.82347 ], [ -0.55031, 44.82238 ], [ -0.54991, 44.82056 ], [ -0.54763, 44.81984 ], [ -0.54575, 44.82093 ], [ -0.54615, 44.82275 ], [ -0.54843, 44.82347 ], [ -0.54843, 44.82347 ] ] ] } },
{ "type": "Feature", "properties": { "id": 304, "population": 506 }, "geometry": { "type": "Polygon", "coordinates": [ [ [ -0.6044, 44.84623 ], [ -0.60627, 44.84513 ], [ -0.60587, 44.84332 ], [ -0.60359, 44.8426 ], [ -0.60171, 44.84369 ], [ -0.60211, 44.84551 ], [ -0.6044, 44.84623 ], [ -0.6044, 44.84623 ] ] ] } },
{ "type": "Feature", "properties": { "id": 305, "population": 0 }, "geometry": { "type": "Polygon", "coordinates": [ [ [ -0.57542, 44.88777 ], [ -0.5773, 44.88667 ], [ -0.57689, 44.88486 ], [ -0.57461, 44.88414 ], [ -0.57273, 44.88523 ], [ -0.57313, 44.88705 ], [ -0.57542, 44.88777 ], [ -0.57542, 44.88777 ] ] ] } },
{ "type": "Feature", "properties": { "id": 306, "population": 0 }, "geometry": { "type": "Polygon", "coordinates": [ [ [ -0.54306, 44.90457 ], [ -0.54494, 44.90348 ], [ -0.54453, 44.90166 ], [ -0.54225, 44.90094 ], [ -0.54037, 44.90203 ], [ -0.54077, 44.90385 ], [ -0.54306, 44.90457 ], [ -0.54306, 44.90457 ] ] ] } },
{ "type": "Feature", "properties": { "id": 307, "population": 260 }, "geometry": { "type": "Polygon", "coordinates": [ [ [ -0.54682, 44.87366 ], [ -0.5487, 44.87256 ], [ -0.54829, 44.87075 ], [ -0.54601, 44.87003 ], [ -0.54413, 44.87112 ], [ -0.54454, 44.87294 ], [ -0.54682, 44.87366 ], [ -0.54682, 44.87366 ] ] ] } },
{ "type": "Feature", "properties": { "id": 308, "population": 0 }, "geometry": { "type": "Polygon", "coordinates": [ [ [ -0.56092, 44.90853 ], [ -0.5628, 44.90743 ], [ -0.5624, 44.90562 ], [ -0.56011, 44.9049 ], [ -0.55823, 44.90599 ], [ -0.55864, 44.90781 ], [ -0.56092, 44.90853 ], [ -0.56092, 44.90853 ] ] ] } },
{ "type": "Feature", "properties": { "id": 309, "population": 294 }, "geometry": { "type": "Polygon", "coordinates": [ [ [ -0.62321, 44.864 ], [ -0.62509, 44.8629 ], [ -0.62469, 44.86108 ], [ -0.6224, 44.86036 ], [ -0.62052, 44.86146 ], [ -0.62093, 44.86328 ], [ -0.62321, 44.864 ], [ -0.62321, 44.864 ] ] ] } },
{ "type": "Feature", "properties": { "id": 310, "population": 459 }, "geometry": { "type": "Polygon", "coordinates": [ [ [ -0.62911, 44.85234 ], [ -0.63099, 44.85124 ], [ -0.63058, 44.84942 ], [ -0.6283, 44.8487 ], [ -0.62642, 44.8498 ], [ -0.62682, 44.85162 ], [ -0.62911, 44.85234 ], [ -0.62911, 44.85234 ] ] ] } },
{ "type": "Feature", "properties": { "id": 311, "population": 138 }, "geometry": { "type": "Polygon", "coordinates": [ [ [ -0.57568, 44.87941 ], [ -0.57756, 44.87831 ], [ -0.57716, 44.87649 ], [ -0.57488, 44.87577 ], [ -0.573, 44.87687 ], [ -0.5734, 44.87868 ], [ -0.57568, 44.87941 ], [ -0.57568, 44.87941 ] ] ] } },
{ "type": "Feature", "properties": { "id": 312, "population": 121 }, "geometry": { "type": "Polygon", "coordinates": [ [ [ -0.56721, 44.84124 ], [ -0.56909, 44.84015 ], [ -0.56869, 44.83833 ], [ -0.56641, 44.83761 ], [ -0.56453, 44.83871 ], [ -0.56493, 44.84052 ], [ -0.56721, 44.84124 ], [ -0.56721, 44.84124 ] ] ] } },
{ "type": "Feature", "properties": { "id": 313, "population": 1469 }, "geometry": { "type": "Polygon", "coordinates": [ [ [ -0.58238, 44.84266 ], [ -0.58426, 44.84156 ], [ -0.58385, 44.83974 ], [ -0.58157, 44.83902 ], [ -0.57969, 44.84012 ], [ -0.5801, 44.84194 ], [ -0.58238, 44.84266 ], [ -0.58238, 44.84266 ] ] ] } },
{ "type": "Feature", "properties": { "id": 314, "population": 113 }, "geometry": { "type": "Polygon", "coordinates": [ [ [ -0.57099, 44.89651 ], [ -0.57287, 44.89541 ], [ -0.57247, 44.8936 ], [ -0.57018, 44.89287 ], [ -0.5683, 44.89397 ], [ -0.56871, 44.89579 ], [ -0.57099, 44.89651 ], [ -0.57099, 44.89651 ] ] ] } },
{ "type": "Feature", "properties": { "id": 315, "population": 467 }, "geometry": { "type": "Polygon", "coordinates": [ [ [ -0.61055, 44.8262 ], [ -0.61243, 44.82511 ], [ -0.61203, 44.82329 ], [ -0.60974, 44.82257 ], [ -0.60787, 44.82367 ], [ -0.60827, 44.82548 ], [ -0.61055, 44.8262 ], [ -0.61055, 44.8262 ] ] ] } },
{ "type": "Feature", "properties": { "id": 316, "population": 1319 }, "geometry": { "type": "Polygon", "coordinates": [ [ [ -0.56789, 44.86343 ], [ -0.56977, 44.86233 ], [ -0.56937, 44.86051 ], [ -0.56709, 44.85979 ], [ -0.56521, 44.86089 ], [ -0.56561, 44.8627 ], [ -0.56789, 44.86343 ], [ -0.56789, 44.86343 ] ] ] } },
{ "type": "Feature", "properties": { "id": 317, "population": 736 }, "geometry": { "type": "Polygon", "coordinates": [ [ [ -0.56346, 44.87216 ], [ -0.56534, 44.87107 ], [ -0.56494, 44.86925 ], [ -0.56266, 44.86853 ], [ -0.56078, 44.86963 ], [ -0.56118, 44.87144 ], [ -0.56346, 44.87216 ], [ -0.56346, 44.87216 ] ] ] } },
{ "type": "Feature", "properties": { "id": 318, "population": 977 }, "geometry": { "type": "Polygon", "coordinates": [ [ [ -0.54991, 44.82056 ], [ -0.55178, 44.81946 ], [ -0.55138, 44.81765 ], [ -0.5491, 44.81693 ], [ -0.54722, 44.81802 ], [ -0.54763, 44.81984 ], [ -0.54991, 44.82056 ], [ -0.54991, 44.82056 ] ] ] } },
{ "type": "Feature", "properties": { "id": 319, "population": 594 }, "geometry": { "type": "Polygon", "coordinates": [ [ [ -0.60587, 44.84332 ], [ -0.60775, 44.84222 ], [ -0.60734, 44.8404 ], [ -0.60506, 44.83968 ], [ -0.60318, 44.84078 ], [ -0.60359, 44.8426 ], [ -0.60587, 44.84332 ], [ -0.60587, 44.84332 ] ] ] } },
{ "type": "Feature", "properties": { "id": 320, "population": 379 }, "geometry": { "type": "Polygon", "coordinates": [ [ [ -0.54829, 44.87075 ], [ -0.55017, 44.86965 ], [ -0.54977, 44.86783 ], [ -0.54749, 44.86711 ], [ -0.54561, 44.86821 ], [ -0.54601, 44.87003 ], [ -0.54829, 44.87075 ], [ -0.54829, 44.87075 ] ] ] } },
{ "type": "Feature", "properties": { "id": 321, "population": 345 }, "geometry": { "type": "Polygon", "coordinates": [ [ [ -0.61098, 44.85676 ], [ -0.61286, 44.85566 ], [ -0.61246, 44.85384 ], [ -0.61017, 44.85312 ], [ -0.6083, 44.85422 ], [ -0.6087, 44.85604 ], [ -0.61098, 44.85676 ], [ -0.61098, 44.85676 ] ] ] } },
{ "type": "Feature", "properties": { "id": 322, "population": 485 }, "geometry": { "type": "Polygon", "coordinates": [ [ [ -0.57716, 44.87649 ], [ -0.57904, 44.8754 ], [ -0.57864, 44.87358 ], [ -0.57635, 44.87286 ], [ -0.57447, 44.87395 ], [ -0.57488, 44.87577 ], [ -0.57716, 44.87649 ], [ -0.57716, 44.87649 ] ] ] } },
{ "type": "Feature", "properties": { "id": 323, "population": 419 }, "geometry": { "type": "Polygon", "coordinates": [ [ [ -0.55205, 44.83983 ], [ -0.55393, 44.83873 ], [ -0.55353, 44.83692 ], [ -0.55125, 44.83619 ], [ -0.54937, 44.83729 ], [ -0.54977, 44.83911 ], [ -0.55205, 44.83983 ], [ -0.55205, 44.83983 ] ] ] } },
{ "type": "Feature", "properties": { "id": 324, "population": 317 }, "geometry": { "type": "Polygon", "coordinates": [ [ [ -0.62737, 44.86362 ], [ -0.62925, 44.86252 ], [ -0.62885, 44.86071 ], [ -0.62656, 44.85998 ], [ -0.62469, 44.86108 ], [ -0.62509, 44.8629 ], [ -0.62737, 44.86362 ], [ -0.62737, 44.86362 ] ] ] } },
{ "type": "Feature", "properties": { "id": 325, "population": 1522 }, "geometry": { "type": "Polygon", "coordinates": [ [ [ -0.58385, 44.83974 ], [ -0.58573, 44.83865 ], [ -0.58533, 44.83683 ], [ -0.58305, 44.83611 ], [ -0.58117, 44.8372 ], [ -0.58157, 44.83902 ], [ -0.58385, 44.83974 ], [ -0.58385, 44.83974 ] ] ] } },
{ "type": "Feature", "properties": { "id": 326, "population": 688 }, "geometry": { "type": "Polygon", "coordinates": [ [ [ -0.59955, 44.82442 ], [ -0.60142, 44.82332 ], [ -0.60102, 44.82151 ], [ -0.59874, 44.82078 ], [ -0.59686, 44.82188 ], [ -0.59727, 44.8237 ], [ -0.59955, 44.82442 ], [ -0.59955, 44.82442 ] ] ] } },
{ "type": "Feature", "properties": { "id": 327, "population": 153 }, "geometry": { "type": "Polygon", "coordinates": [ [ [ -0.5546, 44.88964 ], [ -0.55648, 44.88854 ], [ -0.55608, 44.88673 ], [ -0.5538, 44.886 ], [ -0.55192, 44.8871 ], [ -0.55232, 44.88892 ], [ -0.5546, 44.88964 ], [ -0.5546, 44.88964 ] ] ] } },
{ "type": "Feature", "properties": { "id": 328, "population": 1322 }, "geometry": { "type": "Polygon", "coordinates": [ [ [ -0.56937, 44.86051 ], [ -0.57125, 44.85942 ], [ -0.57084, 44.8576 ], [ -0.56856, 44.85688 ], [ -0.56668, 44.85797 ], [ -0.56709, 44.85979 ], [ -0.56937, 44.86051 ], [ -0.56937, 44.86051 ] ] ] } },
{ "type": "Feature", "properties": { "id": 329, "population": 313 }, "geometry": { "type": "Polygon", "coordinates": [ [ [ -0.6083, 44.85422 ], [ -0.61017, 44.85312 ], [ -0.60977, 44.85131 ], [ -0.60749, 44.85059 ], [ -0.60561, 44.85168 ], [ -0.60601, 44.8535 ], [ -0.6083, 44.85422 ], [ -0.6083, 44.85422 ] ] ] } },
{ "type": "Feature", "properties": { "id": 330, "population": 0 }, "geometry": { "type": "Polygon", "coordinates": [ [ [ -0.54695, 44.91256 ], [ -0.54883, 44.91147 ], [ -0.54843, 44.90965 ], [ -0.54614, 44.90893 ], [ -0.54426, 44.91002 ], [ -0.54467, 44.91184 ], [ -0.54695, 44.91256 ], [ -0.54695, 44.91256 ] ] ] } },
{ "type": "Feature", "properties": { "id": 331, "population": 51 }, "geometry": { "type": "Polygon", "coordinates": [ [ [ -0.53864, 44.82714 ], [ -0.54052, 44.82604 ], [ -0.54011, 44.82422 ], [ -0.53783, 44.8235 ], [ -0.53596, 44.8246 ], [ -0.53636, 44.82641 ], [ -0.53864, 44.82714 ], [ -0.53864, 44.82714 ] ] ] } },
{ "type": "Feature", "properties": { "id": 332, "population": 289 }, "geometry": { "type": "Polygon", "coordinates": [ [ [ -0.55071, 44.88165 ], [ -0.55259, 44.88055 ], [ -0.55219, 44.87874 ], [ -0.54991, 44.87802 ], [ -0.54803, 44.87911 ], [ -0.54843, 44.88093 ], [ -0.55071, 44.88165 ], [ -0.55071, 44.88165 ] ] ] } },
{ "type": "Feature", "properties": { "id": 333, "population": 1062 }, "geometry": { "type": "Polygon", "coordinates": [ [ [ -0.57043, 44.82705 ], [ -0.57231, 44.82595 ], [ -0.57191, 44.82414 ], [ -0.56962, 44.82342 ], [ -0.56775, 44.82451 ], [ -0.56815, 44.82633 ], [ -0.57043, 44.82705 ], [ -0.57043, 44.82705 ] ] ] } },
{ "type": "Feature", "properties": { "id": 334, "population": 363 }, "geometry": { "type": "Polygon", "coordinates": [ [ [ -0.56078, 44.86963 ], [ -0.56266, 44.86853 ], [ -0.56225, 44.86671 ], [ -0.55997, 44.86599 ], [ -0.55809, 44.86709 ], [ -0.5585, 44.8689 ], [ -0.56078, 44.86963 ], [ -0.56078, 44.86963 ] ] ] } },
{ "type": "Feature", "properties": { "id": 335, "population": 424 }, "geometry": { "type": "Polygon", "coordinates": [ [ [ -0.62885, 44.86071 ], [ -0.63073, 44.85961 ], [ -0.63032, 44.85779 ], [ -0.62804, 44.85707 ], [ -0.62616, 44.85817 ], [ -0.62656, 44.85998 ], [ -0.62885, 44.86071 ], [ -0.62885, 44.86071 ] ] ] } },
{ "type": "Feature", "properties": { "id": 336, "population": 1051 }, "geometry": { "type": "Polygon", "coordinates": [ [ [ -0.5966, 44.83025 ], [ -0.59848, 44.82915 ], [ -0.59807, 44.82733 ], [ -0.59579, 44.82661 ], [ -0.59391, 44.82771 ], [ -0.59432, 44.82953 ], [ -0.5966, 44.83025 ], [ -0.5966, 44.83025 ] ] ] } },
{ "type": "Feature", "properties": { "id": 337, "population": 668 }, "geometry": { "type": "Polygon", "coordinates": [ [ [ -0.60102, 44.82151 ], [ -0.6029, 44.82041 ], [ -0.60249, 44.81859 ], [ -0.60021, 44.81787 ], [ -0.59834, 44.81897 ], [ -0.59874, 44.82078 ], [ -0.60102, 44.82151 ], [ -0.60102, 44.82151 ] ] ] } },
{ "type": "Feature", "properties": { "id": 338, "population": 146 }, "geometry": { "type": "Polygon", "coordinates": [ [ [ -0.55608, 44.88673 ], [ -0.55796, 44.88563 ], [ -0.55756, 44.88381 ], [ -0.55528, 44.88309 ], [ -0.5534, 44.88419 ], [ -0.5538, 44.886 ], [ -0.55608, 44.88673 ], [ -0.55608, 44.88673 ] ] ] } },
{ "type": "Feature", "properties": { "id": 339, "population": 510 }, "geometry": { "type": "Polygon", "coordinates": [ [ [ -0.55031, 44.85111 ], [ -0.55219, 44.85001 ], [ -0.55178, 44.84819 ], [ -0.5495, 44.84747 ], [ -0.54762, 44.84857 ], [ -0.54803, 44.85039 ], [ -0.55031, 44.85111 ], [ -0.55031, 44.85111 ] ] ] } },
{ "type": "Feature", "properties": { "id": 340, "population": 1069 }, "geometry": { "type": "Polygon", "coordinates": [ [ [ -0.58212, 44.85102 ], [ -0.58399, 44.84993 ], [ -0.58359, 44.84811 ], [ -0.58131, 44.84739 ], [ -0.57943, 44.84848 ], [ -0.57983, 44.8503 ], [ -0.58212, 44.85102 ], [ -0.58212, 44.85102 ] ] ] } },
{ "type": "Feature", "properties": { "id": 341, "population": 247 }, "geometry": { "type": "Polygon", "coordinates": [ [ [ -0.56588, 44.88307 ], [ -0.56776, 44.88197 ], [ -0.56736, 44.88015 ], [ -0.56508, 44.87943 ], [ -0.5632, 44.88053 ], [ -0.5636, 44.88235 ], [ -0.56588, 44.88307 ], [ -0.56588, 44.88307 ] ] ] } },
{ "type": "Feature", "properties": { "id": 342, "population": 407 }, "geometry": { "type": "Polygon", "coordinates": [ [ [ -0.60977, 44.85131 ], [ -0.61165, 44.85021 ], [ -0.61124, 44.84839 ], [ -0.60896, 44.84767 ], [ -0.60708, 44.84877 ], [ -0.60749, 44.85059 ], [ -0.60977, 44.85131 ], [ -0.60977, 44.85131 ] ] ] } },
{ "type": "Feature", "properties": { "id": 343, "population": 90 }, "geometry": { "type": "Polygon", "coordinates": [ [ [ -0.56119, 44.90017 ], [ -0.56307, 44.89907 ], [ -0.56266, 44.89725 ], [ -0.56038, 44.89653 ], [ -0.5585, 44.89763 ], [ -0.5589, 44.89945 ], [ -0.56119, 44.90017 ], [ -0.56119, 44.90017 ] ] ] } },
{ "type": "Feature", "properties": { "id": 344, "population": 816 }, "geometry": { "type": "Polygon", "coordinates": [ [ [ -0.60076, 44.82987 ], [ -0.60264, 44.82878 ], [ -0.60223, 44.82696 ], [ -0.59995, 44.82624 ], [ -0.59807, 44.82733 ], [ -0.59848, 44.82915 ], [ -0.60076, 44.82987 ], [ -0.60076, 44.82987 ] ] ] } },
{ "type": "Feature", "properties": { "id": 345, "population": 33 }, "geometry": { "type": "Polygon", "coordinates": [ [ [ -0.54011, 44.82422 ], [ -0.54199, 44.82313 ], [ -0.54159, 44.82131 ], [ -0.53931, 44.82059 ], [ -0.53743, 44.82168 ], [ -0.53783, 44.8235 ], [ -0.54011, 44.82422 ], [ -0.54011, 44.82422 ] ] ] } },
{ "type": "Feature", "properties": { "id": 346, "population": 515 }, "geometry": { "type": "Polygon", "coordinates": [ [ [ -0.55219, 44.87874 ], [ -0.55407, 44.87764 ], [ -0.55366, 44.87582 ], [ -0.55138, 44.8751 ], [ -0.5495, 44.8762 ], [ -0.54991, 44.87802 ], [ -0.55219, 44.87874 ], [ -0.55219, 44.87874 ] ] ] } },
{ "type": "Feature", "properties": { "id": 347, "population": 633 }, "geometry": { "type": "Polygon", "coordinates": [ [ [ -0.59607, 44.84698 ], [ -0.59795, 44.84589 ], [ -0.59755, 44.84407 ], [ -0.59527, 44.84335 ], [ -0.59339, 44.84444 ], [ -0.59379, 44.84626 ], [ -0.59607, 44.84698 ], [ -0.59607, 44.84698 ] ] ] } },
{ "type": "Feature", "properties": { "id": 348, "population": 0 }, "geometry": { "type": "Polygon", "coordinates": [ [ [ -0.57757, 44.90704 ], [ -0.57945, 44.90594 ], [ -0.57905, 44.90412 ], [ -0.57677, 44.9034 ], [ -0.57489, 44.9045 ], [ -0.57529, 44.90631 ], [ -0.57757, 44.90704 ], [ -0.57757, 44.90704 ] ] ] } },
{ "type": "Feature", "properties": { "id": 349, "population": 930 }, "geometry": { "type": "Polygon", "coordinates": [ [ [ -0.57191, 44.82414 ], [ -0.57378, 44.82304 ], [ -0.57338, 44.82122 ], [ -0.5711, 44.8205 ], [ -0.56922, 44.8216 ], [ -0.56962, 44.82342 ], [ -0.57191, 44.82414 ], [ -0.57191, 44.82414 ] ] ] } },
{ "type": "Feature", "properties": { "id": 350, "population": 1002 }, "geometry": { "type": "Polygon", "coordinates": [ [ [ -0.56225, 44.86671 ], [ -0.56413, 44.86562 ], [ -0.56373, 44.8638 ], [ -0.56145, 44.86308 ], [ -0.55957, 44.86417 ], [ -0.55997, 44.86599 ], [ -0.56225, 44.86671 ], [ -0.56225, 44.86671 ] ] ] } },
{ "type": "Feature", "properties": { "id": 351, "population": 1285 }, "geometry": { "type": "Polygon", "coordinates": [ [ [ -0.56627, 44.82743 ], [ -0.56815, 44.82633 ], [ -0.56775, 44.82451 ], [ -0.56547, 44.82379 ], [ -0.56359, 44.82489 ], [ -0.56399, 44.82671 ], [ -0.56627, 44.82743 ], [ -0.56627, 44.82743 ] ] ] } },
{ "type": "Feature", "properties": { "id": 352, "population": 85 }, "geometry": { "type": "Polygon", "coordinates": [ [ [ -0.63128, 44.87161 ], [ -0.63316, 44.87051 ], [ -0.63275, 44.8687 ], [ -0.63047, 44.86797 ], [ -0.62859, 44.86907 ], [ -0.629, 44.87089 ], [ -0.63128, 44.87161 ], [ -0.63128, 44.87161 ] ] ] } },
{ "type": "Feature", "properties": { "id": 353, "population": 848 }, "geometry": { "type": "Polygon", "coordinates": [ [ [ -0.59807, 44.82733 ], [ -0.59995, 44.82624 ], [ -0.59955, 44.82442 ], [ -0.59727, 44.8237 ], [ -0.59539, 44.8248 ], [ -0.59579, 44.82661 ], [ -0.59807, 44.82733 ], [ -0.59807, 44.82733 ] ] ] } },
{ "type": "Feature", "properties": { "id": 354, "population": 88 }, "geometry": { "type": "Polygon", "coordinates": [ [ [ -0.5585, 44.89763 ], [ -0.56038, 44.89653 ], [ -0.55998, 44.89472 ], [ -0.55769, 44.89399 ], [ -0.55581, 44.89509 ], [ -0.55622, 44.89691 ], [ -0.5585, 44.89763 ], [ -0.5585, 44.89763 ] ] ] } },
{ "type": "Feature", "properties": { "id": 355, "population": 650 }, "geometry": { "type": "Polygon", "coordinates": [ [ [ -0.55178, 44.84819 ], [ -0.55366, 44.8471 ], [ -0.55326, 44.84528 ], [ -0.55098, 44.84456 ], [ -0.5491, 44.84566 ], [ -0.5495, 44.84747 ], [ -0.55178, 44.84819 ], [ -0.55178, 44.84819 ] ] ] } },
{ "type": "Feature", "properties": { "id": 356, "population": 1360 }, "geometry": { "type": "Polygon", "coordinates": [ [ [ -0.58359, 44.84811 ], [ -0.58547, 44.84701 ], [ -0.58507, 44.8452 ], [ -0.58278, 44.84447 ], [ -0.5809, 44.84557 ], [ -0.58131, 44.84739 ], [ -0.58359, 44.84811 ], [ -0.58359, 44.84811 ] ] ] } },
{ "type": "Feature", "properties": { "id": 357, "population": 466 }, "geometry": { "type": "Polygon", "coordinates": [ [ [ -0.56736, 44.88015 ], [ -0.56924, 44.87906 ], [ -0.56883, 44.87724 ], [ -0.56655, 44.87652 ], [ -0.56467, 44.87762 ], [ -0.56508, 44.87943 ], [ -0.56736, 44.88015 ], [ -0.56736, 44.88015 ] ] ] } },
{ "type": "Feature", "properties": { "id": 358, "population": 796 }, "geometry": { "type": "Polygon", "coordinates": [ [ [ -0.60223, 44.82696 ], [ -0.60411, 44.82586 ], [ -0.60371, 44.82404 ], [ -0.60142, 44.82332 ], [ -0.59955, 44.82442 ], [ -0.59995, 44.82624 ], [ -0.60223, 44.82696 ], [ -0.60223, 44.82696 ] ] ] } },
{ "type": "Feature", "properties": { "id": 359, "population": 0 }, "geometry": { "type": "Polygon", "coordinates": [ [ [ -0.57905, 44.90412 ], [ -0.58093, 44.90303 ], [ -0.58053, 44.90121 ], [ -0.57824, 44.90049 ], [ -0.57636, 44.90158 ], [ -0.57677, 44.9034 ], [ -0.57905, 44.90412 ], [ -0.57905, 44.90412 ] ] ] } },
{ "type": "Feature", "properties": { "id": 360, "population": 1159 }, "geometry": { "type": "Polygon", "coordinates": [ [ [ -0.55554, 44.81727 ], [ -0.55742, 44.81618 ], [ -0.55701, 44.81436 ], [ -0.55473, 44.81364 ], [ -0.55286, 44.81473 ], [ -0.55326, 44.81655 ], [ -0.55554, 44.81727 ], [ -0.55554, 44.81727 ] ] ] } },
{ "type": "Feature", "properties": { "id": 361, "population": 723 }, "geometry": { "type": "Polygon", "coordinates": [ [ [ -0.56467, 44.87762 ], [ -0.56655, 44.87652 ], [ -0.56615, 44.8747 ], [ -0.56387, 44.87398 ], [ -0.56199, 44.87508 ], [ -0.56239, 44.87689 ], [ -0.56467, 44.87762 ], [ -0.56467, 44.87762 ] ] ] } },
{ "type": "Feature", "properties": { "id": 362, "population": 224 }, "geometry": { "type": "Polygon", "coordinates": [ [ [ -0.63275, 44.8687 ], [ -0.63463, 44.8676 ], [ -0.63423, 44.86578 ], [ -0.63194, 44.86506 ], [ -0.63006, 44.86616 ], [ -0.63047, 44.86797 ], [ -0.63275, 44.8687 ], [ -0.63275, 44.8687 ] ] ] } },
{ "type": "Feature", "properties": { "id": 363, "population": 885 }, "geometry": { "type": "Polygon", "coordinates": [ [ [ -0.6005, 44.83824 ], [ -0.60238, 44.83714 ], [ -0.60197, 44.83533 ], [ -0.59969, 44.8346 ], [ -0.59781, 44.8357 ], [ -0.59821, 44.83752 ], [ -0.6005, 44.83824 ], [ -0.6005, 44.83824 ] ] ] } },
{ "type": "Feature", "properties": { "id": 364, "population": 100 }, "geometry": { "type": "Polygon", "coordinates": [ [ [ -0.55998, 44.89472 ], [ -0.56186, 44.89362 ], [ -0.56145, 44.8918 ], [ -0.55917, 44.89108 ], [ -0.55729, 44.89218 ], [ -0.55769, 44.89399 ], [ -0.55998, 44.89472 ], [ -0.55998, 44.89472 ] ] ] } },
{ "type": "Feature", "properties": { "id": 365, "population": 23 }, "geometry": { "type": "Polygon", "coordinates": [ [ [ -0.5542, 44.8591 ], [ -0.55608, 44.858 ], [ -0.55568, 44.85618 ], [ -0.55339, 44.85546 ], [ -0.55152, 44.85656 ], [ -0.55192, 44.85838 ], [ -0.5542, 44.8591 ], [ -0.5542, 44.8591 ] ] ] } },
{ "type": "Feature", "properties": { "id": 366, "population": 749 }, "geometry": { "type": "Polygon", "coordinates": [ [ [ -0.58601, 44.85901 ], [ -0.58789, 44.85792 ], [ -0.58749, 44.8561 ], [ -0.58521, 44.85538 ], [ -0.58333, 44.85647 ], [ -0.58373, 44.85829 ], [ -0.58601, 44.85901 ], [ -0.58601, 44.85901 ] ] ] } },
{ "type": "Feature", "properties": { "id": 367, "population": 57 }, "geometry": { "type": "Polygon", "coordinates": [ [ [ -0.54333, 44.89621 ], [ -0.54521, 44.89511 ], [ -0.5448, 44.8933 ], [ -0.54252, 44.89258 ], [ -0.54064, 44.89367 ], [ -0.54104, 44.89549 ], [ -0.54333, 44.89621 ], [ -0.54333, 44.89621 ] ] ] } },
{ "type": "Feature", "properties": { "id": 368, "population": 456 }, "geometry": { "type": "Polygon", "coordinates": [ [ [ -0.55098, 44.87329 ], [ -0.55286, 44.87219 ], [ -0.55246, 44.87037 ], [ -0.55017, 44.86965 ], [ -0.54829, 44.87075 ], [ -0.5487, 44.87256 ], [ -0.55098, 44.87329 ], [ -0.55098, 44.87329 ] ] ] } },
{ "type": "Feature", "properties": { "id": 369, "population": 207 }, "geometry": { "type": "Polygon", "coordinates": [ [ [ -0.54628, 44.89039 ], [ -0.54816, 44.88929 ], [ -0.54776, 44.88747 ], [ -0.54547, 44.88675 ], [ -0.54359, 44.88785 ], [ -0.544, 44.88966 ], [ -0.54628, 44.89039 ], [ -0.54628, 44.89039 ] ] ] } },
{ "type": "Feature", "properties": { "id": 370, "population": 831 }, "geometry": { "type": "Polygon", "coordinates": [ [ [ -0.60466, 44.83786 ], [ -0.60654, 44.83677 ], [ -0.60613, 44.83495 ], [ -0.60385, 44.83423 ], [ -0.60197, 44.83533 ], [ -0.60238, 44.83714 ], [ -0.60466, 44.83786 ], [ -0.60466, 44.83786 ] ] ] } },
{ "type": "Feature", "properties": { "id": 371, "population": 136 }, "geometry": { "type": "Polygon", "coordinates": [ [ [ -0.59997, 44.85497 ], [ -0.60185, 44.85388 ], [ -0.60145, 44.85206 ], [ -0.59916, 44.85134 ], [ -0.59729, 44.85243 ], [ -0.59769, 44.85425 ], [ -0.59997, 44.85497 ], [ -0.59997, 44.85497 ] ] ] } },
{ "type": "Feature", "properties": { "id": 372, "population": 830 }, "geometry": { "type": "Polygon", "coordinates": [ [ [ -0.56615, 44.8747 ], [ -0.56803, 44.87361 ], [ -0.56763, 44.87179 ], [ -0.56534, 44.87107 ], [ -0.56346, 44.87216 ], [ -0.56387, 44.87398 ], [ -0.56615, 44.8747 ], [ -0.56615, 44.8747 ] ] ] } },
{ "type": "Feature", "properties": { "id": 373, "population": 1393 }, "geometry": { "type": "Polygon", "coordinates": [ [ [ -0.57017, 44.83542 ], [ -0.57204, 44.83432 ], [ -0.57164, 44.8325 ], [ -0.56936, 44.83178 ], [ -0.56748, 44.83288 ], [ -0.56788, 44.8347 ], [ -0.57017, 44.83542 ], [ -0.57017, 44.83542 ] ] ] } },
{ "type": "Feature", "properties": { "id": 374, "population": 1046 }, "geometry": { "type": "Polygon", "coordinates": [ [ [ -0.56801, 44.81615 ], [ -0.56989, 44.81505 ], [ -0.56949, 44.81323 ], [ -0.56721, 44.81251 ], [ -0.56533, 44.81361 ], [ -0.56573, 44.81543 ], [ -0.56801, 44.81615 ], [ -0.56801, 44.81615 ] ] ] } },
{ "type": "Feature", "properties": { "id": 375, "population": 407 }, "geometry": { "type": "Polygon", "coordinates": [ [ [ -0.61636, 44.86183 ], [ -0.61824, 44.86074 ], [ -0.61783, 44.85892 ], [ -0.61555, 44.8582 ], [ -0.61367, 44.8593 ], [ -0.61408, 44.86111 ], [ -0.61636, 44.86183 ], [ -0.61636, 44.86183 ] ] ] } },
{ "type": "Feature", "properties": { "id": 376, "population": 1117 }, "geometry": { "type": "Polygon", "coordinates": [ [ [ -0.60197, 44.83533 ], [ -0.60385, 44.83423 ], [ -0.60345, 44.83241 ], [ -0.60116, 44.83169 ], [ -0.59928, 44.83279 ], [ -0.59969, 44.8346 ], [ -0.60197, 44.83533 ], [ -0.60197, 44.83533 ] ] ] } },
{ "type": "Feature", "properties": { "id": 377, "population": 279 }, "geometry": { "type": "Polygon", "coordinates": [ [ [ -0.54239, 44.8824 ], [ -0.54427, 44.8813 ], [ -0.54386, 44.87948 ], [ -0.54158, 44.87876 ], [ -0.5397, 44.87986 ], [ -0.54011, 44.88167 ], [ -0.54239, 44.8824 ], [ -0.54239, 44.8824 ] ] ] } },
{ "type": "Feature", "properties": { "id": 378, "population": 73 }, "geometry": { "type": "Polygon", "coordinates": [ [ [ -0.55568, 44.85618 ], [ -0.55755, 44.85509 ], [ -0.55715, 44.85327 ], [ -0.55487, 44.85255 ], [ -0.55299, 44.85365 ], [ -0.55339, 44.85546 ], [ -0.55568, 44.85618 ], [ -0.55568, 44.85618 ] ] ] } },
{ "type": "Feature", "properties": { "id": 379, "population": 642 }, "geometry": { "type": "Polygon", "coordinates": [ [ [ -0.58749, 44.8561 ], [ -0.58937, 44.855 ], [ -0.58896, 44.85319 ], [ -0.58668, 44.85246 ], [ -0.5848, 44.85356 ], [ -0.58521, 44.85538 ], [ -0.58749, 44.8561 ], [ -0.58749, 44.8561 ] ] ] } },
{ "type": "Feature", "properties": { "id": 380, "population": 548 }, "geometry": { "type": "Polygon", "coordinates": [ [ [ -0.55246, 44.87037 ], [ -0.55433, 44.86928 ], [ -0.55393, 44.86746 ], [ -0.55165, 44.86674 ], [ -0.54977, 44.86783 ], [ -0.55017, 44.86965 ], [ -0.55246, 44.87037 ], [ -0.55246, 44.87037 ] ] ] } },
{ "type": "Feature", "properties": { "id": 381, "population": 753 }, "geometry": { "type": "Polygon", "coordinates": [ [ [ -0.60613, 44.83495 ], [ -0.60801, 44.83385 ], [ -0.60761, 44.83203 ], [ -0.60532, 44.83131 ], [ -0.60345, 44.83241 ], [ -0.60385, 44.83423 ], [ -0.60613, 44.83495 ], [ -0.60613, 44.83495 ] ] ] } },
{ "type": "Feature", "properties": { "id": 382, "population": 29 }, "geometry": { "type": "Polygon", "coordinates": [ [ [ -0.5397, 44.87986 ], [ -0.54158, 44.87876 ], [ -0.54118, 44.87694 ], [ -0.5389, 44.87622 ], [ -0.53702, 44.87732 ], [ -0.53742, 44.87913 ], [ -0.5397, 44.87986 ], [ -0.5397, 44.87986 ] ] ] } },
{ "type": "Feature", "properties": { "id": 383, "population": 1551 }, "geometry": { "type": "Polygon", "coordinates": [ [ [ -0.55943, 44.82526 ], [ -0.56131, 44.82417 ], [ -0.5609, 44.82235 ], [ -0.55862, 44.82163 ], [ -0.55675, 44.82272 ], [ -0.55715, 44.82454 ], [ -0.55943, 44.82526 ], [ -0.55943, 44.82526 ] ] ] } },
{ "type": "Feature", "properties": { "id": 384, "population": 430 }, "geometry": { "type": "Polygon", "coordinates": [ [ [ -0.61783, 44.85892 ], [ -0.61971, 44.85782 ], [ -0.61931, 44.85601 ], [ -0.61703, 44.85529 ], [ -0.61515, 44.85638 ], [ -0.61555, 44.8582 ], [ -0.61783, 44.85892 ], [ -0.61783, 44.85892 ] ] ] } },
{ "type": "Feature", "properties": { "id": 385, "population": 0 }, "geometry": { "type": "Polygon", "coordinates": [ [ [ -0.55111, 44.91219 ], [ -0.55299, 44.91109 ], [ -0.55259, 44.90928 ], [ -0.55031, 44.90855 ], [ -0.54843, 44.90965 ], [ -0.54883, 44.91147 ], [ -0.55111, 44.91219 ], [ -0.55111, 44.91219 ] ] ] } },
{ "type": "Feature", "properties": { "id": 386, "population": 884 }, "geometry": { "type": "Polygon", "coordinates": [ [ [ -0.58559, 44.82846 ], [ -0.58747, 44.82737 ], [ -0.58707, 44.82555 ], [ -0.58479, 44.82483 ], [ -0.58291, 44.82592 ], [ -0.58331, 44.82774 ], [ -0.58559, 44.82846 ], [ -0.58559, 44.82846 ] ] ] } },
{ "type": "Feature", "properties": { "id": 387, "population": 378 }, "geometry": { "type": "Polygon", "coordinates": [ [ [ -0.63718, 44.85995 ], [ -0.63905, 44.85885 ], [ -0.63865, 44.85704 ], [ -0.63636, 44.85632 ], [ -0.63449, 44.85741 ], [ -0.63489, 44.85923 ], [ -0.63718, 44.85995 ], [ -0.63718, 44.85995 ] ] ] } },
{ "type": "Feature", "properties": { "id": 388, "population": 589 }, "geometry": { "type": "Polygon", "coordinates": [ [ [ -0.53931, 44.84932 ], [ -0.54118, 44.84822 ], [ -0.54078, 44.8464 ], [ -0.5385, 44.84568 ], [ -0.53662, 44.84678 ], [ -0.53702, 44.84859 ], [ -0.53931, 44.84932 ], [ -0.53931, 44.84932 ] ] ] } },
{ "type": "Feature", "properties": { "id": 389, "population": 243 }, "geometry": { "type": "Polygon", "coordinates": [ [ [ -0.57111, 44.84923 ], [ -0.57299, 44.84814 ], [ -0.57258, 44.84632 ], [ -0.5703, 44.8456 ], [ -0.56842, 44.8467 ], [ -0.56883, 44.84851 ], [ -0.57111, 44.84923 ], [ -0.57111, 44.84923 ] ] ] } },
{ "type": "Feature", "properties": { "id": 390, "population": 143 }, "geometry": { "type": "Polygon", "coordinates": [ [ [ -0.55487, 44.88128 ], [ -0.55675, 44.88018 ], [ -0.55635, 44.87836 ], [ -0.55407, 44.87764 ], [ -0.55219, 44.87874 ], [ -0.55259, 44.88055 ], [ -0.55487, 44.88128 ], [ -0.55487, 44.88128 ] ] ] } },
{ "type": "Feature", "properties": { "id": 391, "population": 593 }, "geometry": { "type": "Polygon", "coordinates": [ [ [ -0.55783, 44.87545 ], [ -0.5597, 44.87436 ], [ -0.5593, 44.87254 ], [ -0.55702, 44.87182 ], [ -0.55514, 44.87291 ], [ -0.55554, 44.87473 ], [ -0.55783, 44.87545 ], [ -0.55783, 44.87545 ] ] ] } },
{ "type": "Feature", "properties": { "id": 392, "population": 88 }, "geometry": { "type": "Polygon", "coordinates": [ [ [ -0.55017, 44.89837 ], [ -0.55205, 44.89728 ], [ -0.55165, 44.89546 ], [ -0.54937, 44.89474 ], [ -0.54749, 44.89584 ], [ -0.54789, 44.89765 ], [ -0.55017, 44.89837 ], [ -0.55017, 44.89837 ] ] ] } },
{ "type": "Feature", "properties": { "id": 393, "population": 788 }, "geometry": { "type": "Polygon", "coordinates": [ [ [ -0.58333, 44.85647 ], [ -0.58521, 44.85538 ], [ -0.5848, 44.85356 ], [ -0.58252, 44.85284 ], [ -0.58064, 44.85394 ], [ -0.58104, 44.85575 ], [ -0.58333, 44.85647 ], [ -0.58333, 44.85647 ] ] ] } },
{ "type": "Feature", "properties": { "id": 394, "population": 535 }, "geometry": { "type": "Polygon", "coordinates": [ [ [ -0.55393, 44.86746 ], [ -0.55581, 44.86637 ], [ -0.55541, 44.86455 ], [ -0.55313, 44.86383 ], [ -0.55125, 44.86492 ], [ -0.55165, 44.86674 ], [ -0.55393, 44.86746 ], [ -0.55393, 44.86746 ] ] ] } },
{ "type": "Feature", "properties": { "id": 395, "population": 643 }, "geometry": { "type": "Polygon", "coordinates": [ [ [ -0.57621, 44.86268 ], [ -0.57809, 44.86158 ], [ -0.57769, 44.85976 ], [ -0.57541, 44.85904 ], [ -0.57353, 44.86014 ], [ -0.57393, 44.86196 ], [ -0.57621, 44.86268 ], [ -0.57621, 44.86268 ] ] ] } },
{ "type": "Feature", "properties": { "id": 396, "population": 29 }, "geometry": { "type": "Polygon", "coordinates": [ [ [ -0.54118, 44.87694 ], [ -0.54306, 44.87585 ], [ -0.54266, 44.87403 ], [ -0.54038, 44.87331 ], [ -0.5385, 44.87441 ], [ -0.5389, 44.87622 ], [ -0.54118, 44.87694 ], [ -0.54118, 44.87694 ] ] ] } },
{ "type": "Feature", "properties": { "id": 397, "population": 450 }, "geometry": { "type": "Polygon", "coordinates": [ [ [ -0.61419, 44.84256 ], [ -0.61607, 44.84147 ], [ -0.61567, 44.83965 ], [ -0.61338, 44.83893 ], [ -0.61151, 44.84002 ], [ -0.61191, 44.84184 ], [ -0.61419, 44.84256 ], [ -0.61419, 44.84256 ] ] ] } },
{ "type": "Feature", "properties": { "id": 398, "population": 70 }, "geometry": { "type": "Polygon", "coordinates": [ [ [ -0.56656, 44.90524 ], [ -0.56844, 44.90415 ], [ -0.56804, 44.90233 ], [ -0.56575, 44.90161 ], [ -0.56387, 44.90271 ], [ -0.56428, 44.90452 ], [ -0.56656, 44.90524 ], [ -0.56656, 44.90524 ] ] ] } },
{ "type": "Feature", "properties": { "id": 399, "population": 1478 }, "geometry": { "type": "Polygon", "coordinates": [ [ [ -0.5609, 44.82235 ], [ -0.56278, 44.82125 ], [ -0.56238, 44.81944 ], [ -0.5601, 44.81871 ], [ -0.55822, 44.81981 ], [ -0.55862, 44.82163 ], [ -0.5609, 44.82235 ], [ -0.5609, 44.82235 ] ] ] } },
{ "type": "Feature", "properties": { "id": 400, "population": 1240 }, "geometry": { "type": "Polygon", "coordinates": [ [ [ -0.55527, 44.82564 ], [ -0.55715, 44.82454 ], [ -0.55675, 44.82272 ], [ -0.55447, 44.822 ], [ -0.55259, 44.8231 ], [ -0.55299, 44.82492 ], [ -0.55527, 44.82564 ], [ -0.55527, 44.82564 ] ] ] } },
{ "type": "Feature", "properties": { "id": 401, "population": 0 }, "geometry": { "type": "Polygon", "coordinates": [ [ [ -0.55259, 44.90928 ], [ -0.55447, 44.90818 ], [ -0.55407, 44.90636 ], [ -0.55179, 44.90564 ], [ -0.54991, 44.90674 ], [ -0.55031, 44.90855 ], [ -0.55259, 44.90928 ], [ -0.55259, 44.90928 ] ] ] } },
{ "type": "Feature", "properties": { "id": 402, "population": 968 }, "geometry": { "type": "Polygon", "coordinates": [ [ [ -0.58707, 44.82555 ], [ -0.58895, 44.82445 ], [ -0.58854, 44.82263 ], [ -0.58626, 44.82191 ], [ -0.58438, 44.82301 ], [ -0.58479, 44.82483 ], [ -0.58707, 44.82555 ], [ -0.58707, 44.82555 ] ] ] } },
{ "type": "Feature", "properties": { "id": 403, "population": 714 }, "geometry": { "type": "Polygon", "coordinates": [ [ [ -0.54078, 44.8464 ], [ -0.54266, 44.84531 ], [ -0.54226, 44.84349 ], [ -0.53998, 44.84277 ], [ -0.5381, 44.84386 ], [ -0.5385, 44.84568 ], [ -0.54078, 44.8464 ], [ -0.54078, 44.8464 ] ] ] } },
{ "type": "Feature", "properties": { "id": 404, "population": 421 }, "geometry": { "type": "Polygon", "coordinates": [ [ [ -0.57258, 44.84632 ], [ -0.57446, 44.84523 ], [ -0.57406, 44.84341 ], [ -0.57178, 44.84269 ], [ -0.5699, 44.84378 ], [ -0.5703, 44.8456 ], [ -0.57258, 44.84632 ], [ -0.57258, 44.84632 ] ] ] } },
{ "type": "Feature", "properties": { "id": 405, "population": 379 }, "geometry": { "type": "Polygon", "coordinates": [ [ [ -0.56105, 44.86126 ], [ -0.56292, 44.86017 ], [ -0.56252, 44.85835 ], [ -0.56024, 44.85763 ], [ -0.55836, 44.85872 ], [ -0.55876, 44.86054 ], [ -0.56105, 44.86126 ], [ -0.56105, 44.86126 ] ] ] } },
{ "type": "Feature", "properties": { "id": 406, "population": 457 }, "geometry": { "type": "Polygon", "coordinates": [ [ [ -0.55635, 44.87836 ], [ -0.55823, 44.87727 ], [ -0.55783, 44.87545 ], [ -0.55554, 44.87473 ], [ -0.55366, 44.87582 ], [ -0.55407, 44.87764 ], [ -0.55635, 44.87836 ], [ -0.55635, 44.87836 ] ] ] } },
{ "type": "Feature", "properties": { "id": 407, "population": 453 }, "geometry": { "type": "Polygon", "coordinates": [ [ [ -0.5601, 44.84745 ], [ -0.56198, 44.84635 ], [ -0.56158, 44.84453 ], [ -0.5593, 44.84381 ], [ -0.55742, 44.84491 ], [ -0.55782, 44.84672 ], [ -0.5601, 44.84745 ], [ -0.5601, 44.84745 ] ] ] } },
{ "type": "Feature", "properties": { "id": 408, "population": 923 }, "geometry": { "type": "Polygon", "coordinates": [ [ [ -0.59218, 44.83899 ], [ -0.59405, 44.8379 ], [ -0.59365, 44.83608 ], [ -0.59137, 44.83536 ], [ -0.58949, 44.83645 ], [ -0.58989, 44.83827 ], [ -0.59218, 44.83899 ], [ -0.59218, 44.83899 ] ] ] } },
{ "type": "Feature", "properties": { "id": 409, "population": 308 }, "geometry": { "type": "Polygon", "coordinates": [ [ [ -0.55541, 44.86455 ], [ -0.55729, 44.86345 ], [ -0.55688, 44.86164 ], [ -0.5546, 44.86091 ], [ -0.55272, 44.86201 ], [ -0.55313, 44.86383 ], [ -0.55541, 44.86455 ], [ -0.55541, 44.86455 ] ] ] } },
{ "type": "Feature", "properties": { "id": 410, "population": 80 }, "geometry": { "type": "Polygon", "coordinates": [ [ [ -0.55729, 44.89218 ], [ -0.55917, 44.89108 ], [ -0.55877, 44.88927 ], [ -0.55648, 44.88854 ], [ -0.5546, 44.88964 ], [ -0.55501, 44.89146 ], [ -0.55729, 44.89218 ], [ -0.55729, 44.89218 ] ] ] } },
{ "type": "Feature", "properties": { "id": 411, "population": 976 }, "geometry": { "type": "Polygon", "coordinates": [ [ [ -0.57769, 44.85976 ], [ -0.57957, 44.85867 ], [ -0.57916, 44.85685 ], [ -0.57688, 44.85613 ], [ -0.575, 44.85722 ], [ -0.57541, 44.85904 ], [ -0.57769, 44.85976 ], [ -0.57769, 44.85976 ] ] ] } },
{ "type": "Feature", "properties": { "id": 412, "population": 89 }, "geometry": { "type": "Polygon", "coordinates": [ [ [ -0.56804, 44.90233 ], [ -0.56992, 44.90124 ], [ -0.56951, 44.89942 ], [ -0.56723, 44.8987 ], [ -0.56535, 44.89979 ], [ -0.56575, 44.90161 ], [ -0.56804, 44.90233 ], [ -0.56804, 44.90233 ] ] ] } },
{ "type": "Feature", "properties": { "id": 413, "population": 598 }, "geometry": { "type": "Polygon", "coordinates": [ [ [ -0.57365, 44.81286 ], [ -0.57552, 44.81176 ], [ -0.57512, 44.80994 ], [ -0.57284, 44.80922 ], [ -0.57096, 44.81032 ], [ -0.57137, 44.81214 ], [ -0.57365, 44.81286 ], [ -0.57365, 44.81286 ] ] ] } },
{ "type": "Feature", "properties": { "id": 414, "population": 216 }, "geometry": { "type": "Polygon", "coordinates": [ [ [ -0.53716, 44.83005 ], [ -0.53904, 44.82895 ], [ -0.53864, 44.82714 ], [ -0.53636, 44.82641 ], [ -0.53448, 44.82751 ], [ -0.53488, 44.82933 ], [ -0.53716, 44.83005 ], [ -0.53716, 44.83005 ] ] ] } },
{ "type": "Feature", "properties": { "id": 415, "population": 1413 }, "geometry": { "type": "Polygon", "coordinates": [ [ [ -0.58949, 44.83645 ], [ -0.59137, 44.83536 ], [ -0.59096, 44.83354 ], [ -0.58868, 44.83282 ], [ -0.5868, 44.83392 ], [ -0.58721, 44.83573 ], [ -0.58949, 44.83645 ], [ -0.58949, 44.83645 ] ] ] } },
{ "type": "Feature", "properties": { "id": 416, "population": 455 }, "geometry": { "type": "Polygon", "coordinates": [ [ [ -0.62226, 44.85018 ], [ -0.62414, 44.84908 ], [ -0.62373, 44.84726 ], [ -0.62145, 44.84654 ], [ -0.61957, 44.84764 ], [ -0.61997, 44.84946 ], [ -0.62226, 44.85018 ], [ -0.62226, 44.85018 ] ] ] } },
{ "type": "Feature", "properties": { "id": 417, "population": 310 }, "geometry": { "type": "Polygon", "coordinates": [ [ [ -0.5432, 44.85731 ], [ -0.54507, 44.85621 ], [ -0.54467, 44.85439 ], [ -0.54239, 44.85367 ], [ -0.54051, 44.85477 ], [ -0.54091, 44.85658 ], [ -0.5432, 44.85731 ], [ -0.5432, 44.85731 ] ] ] } },
{ "type": "Feature", "properties": { "id": 418, "population": 1353 }, "geometry": { "type": "Polygon", "coordinates": [ [ [ -0.575, 44.85722 ], [ -0.57688, 44.85613 ], [ -0.57648, 44.85431 ], [ -0.5742, 44.85359 ], [ -0.57232, 44.85469 ], [ -0.57272, 44.8565 ], [ -0.575, 44.85722 ], [ -0.575, 44.85722 ] ] ] } },
{ "type": "Feature", "properties": { "id": 419, "population": 897 }, "geometry": { "type": "Polygon", "coordinates": [ [ [ -0.5691, 44.86888 ], [ -0.57098, 44.86778 ], [ -0.57058, 44.86596 ], [ -0.56829, 44.86524 ], [ -0.56642, 44.86634 ], [ -0.56682, 44.86816 ], [ -0.5691, 44.86888 ], [ -0.5691, 44.86888 ] ] ] } },
{ "type": "Feature", "properties": { "id": 420, "population": 246 }, "geometry": { "type": "Polygon", "coordinates": [ [ [ -0.56158, 44.84453 ], [ -0.56346, 44.84344 ], [ -0.56305, 44.84162 ], [ -0.56077, 44.8409 ], [ -0.5589, 44.84199 ], [ -0.5593, 44.84381 ], [ -0.56158, 44.84453 ], [ -0.56158, 44.84453 ] ] ] } },
{ "type": "Feature", "properties": { "id": 421, "population": 239 }, "geometry": { "type": "Polygon", "coordinates": [ [ [ -0.56441, 44.88598 ], [ -0.56629, 44.88488 ], [ -0.56588, 44.88307 ], [ -0.5636, 44.88235 ], [ -0.56172, 44.88344 ], [ -0.56212, 44.88526 ], [ -0.56441, 44.88598 ], [ -0.56441, 44.88598 ] ] ] } },
{ "type": "Feature", "properties": { "id": 422, "population": 178 }, "geometry": { "type": "Polygon", "coordinates": [ [ [ -0.56131, 44.8529 ], [ -0.56319, 44.8518 ], [ -0.56279, 44.84998 ], [ -0.56051, 44.84926 ], [ -0.55863, 44.85036 ], [ -0.55903, 44.85218 ], [ -0.56131, 44.8529 ], [ -0.56131, 44.8529 ] ] ] } },
{ "type": "Feature", "properties": { "id": 423, "population": 511 }, "geometry": { "type": "Polygon", "coordinates": [ [ [ -0.61809, 44.85055 ], [ -0.61997, 44.84946 ], [ -0.61957, 44.84764 ], [ -0.61729, 44.84692 ], [ -0.61541, 44.84802 ], [ -0.61581, 44.84983 ], [ -0.61809, 44.85055 ], [ -0.61809, 44.85055 ] ] ] } },
{ "type": "Feature", "properties": { "id": 424, "population": 4 }, "geometry": { "type": "Polygon", "coordinates": [ [ [ -0.57046, 44.91323 ], [ -0.57234, 44.91214 ], [ -0.57193, 44.91032 ], [ -0.56965, 44.9096 ], [ -0.56777, 44.91069 ], [ -0.56817, 44.91251 ], [ -0.57046, 44.91323 ], [ -0.57046, 44.91323 ] ] ] } },
{ "type": "Feature", "properties": { "id": 425, "population": 234 }, "geometry": { "type": "Polygon", "coordinates": [ [ [ -0.55916, 44.83363 ], [ -0.56104, 44.83253 ], [ -0.56064, 44.83071 ], [ -0.55836, 44.82999 ], [ -0.55648, 44.83109 ], [ -0.55688, 44.83291 ], [ -0.55916, 44.83363 ], [ -0.55916, 44.83363 ] ] ] } },
{ "type": "Feature", "properties": { "id": 426, "population": 1159 }, "geometry": { "type": "Polygon", "coordinates": [ [ [ -0.59096, 44.83354 ], [ -0.59284, 44.83244 ], [ -0.59244, 44.83063 ], [ -0.59016, 44.8299 ], [ -0.58828, 44.831 ], [ -0.58868, 44.83282 ], [ -0.59096, 44.83354 ], [ -0.59096, 44.83354 ] ] ] } },
{ "type": "Feature", "properties": { "id": 427, "population": 0 }, "geometry": { "type": "Polygon", "coordinates": [ [ [ -0.56629, 44.91361 ], [ -0.56817, 44.91251 ], [ -0.56777, 44.91069 ], [ -0.56549, 44.90997 ], [ -0.56361, 44.91107 ], [ -0.56401, 44.91289 ], [ -0.56629, 44.91361 ], [ -0.56629, 44.91361 ] ] ] } },
{ "type": "Feature", "properties": { "id": 428, "population": 413 }, "geometry": { "type": "Polygon", "coordinates": [ [ [ -0.62373, 44.84726 ], [ -0.62561, 44.84616 ], [ -0.6252, 44.84435 ], [ -0.62292, 44.84363 ], [ -0.62104, 44.84472 ], [ -0.62145, 44.84654 ], [ -0.62373, 44.84726 ], [ -0.62373, 44.84726 ] ] ] } },
{ "type": "Feature", "properties": { "id": 429, "population": 1405 }, "geometry": { "type": "Polygon", "coordinates": [ [ [ -0.5648, 44.83034 ], [ -0.56667, 44.82924 ], [ -0.56627, 44.82743 ], [ -0.56399, 44.82671 ], [ -0.56211, 44.8278 ], [ -0.56252, 44.82962 ], [ -0.5648, 44.83034 ], [ -0.5648, 44.83034 ] ] ] } },
{ "type": "Feature", "properties": { "id": 430, "population": 470 }, "geometry": { "type": "Polygon", "coordinates": [ [ [ -0.54467, 44.85439 ], [ -0.54655, 44.8533 ], [ -0.54615, 44.85148 ], [ -0.54387, 44.85076 ], [ -0.54199, 44.85185 ], [ -0.54239, 44.85367 ], [ -0.54467, 44.85439 ], [ -0.54467, 44.85439 ] ] ] } },
{ "type": "Feature", "properties": { "id": 431, "population": 1328 }, "geometry": { "type": "Polygon", "coordinates": [ [ [ -0.57648, 44.85431 ], [ -0.57836, 44.85322 ], [ -0.57795, 44.8514 ], [ -0.57567, 44.85068 ], [ -0.57379, 44.85177 ], [ -0.5742, 44.85359 ], [ -0.57648, 44.85431 ], [ -0.57648, 44.85431 ] ] ] } },
{ "type": "Feature", "properties": { "id": 432, "population": 858 }, "geometry": { "type": "Polygon", "coordinates": [ [ [ -0.57058, 44.86596 ], [ -0.57246, 44.86487 ], [ -0.57205, 44.86305 ], [ -0.56977, 44.86233 ], [ -0.56789, 44.86343 ], [ -0.56829, 44.86524 ], [ -0.57058, 44.86596 ], [ -0.57058, 44.86596 ] ] ] } },
{ "type": "Feature", "properties": { "id": 433, "population": 1240 }, "geometry": { "type": "Polygon", "coordinates": [ [ [ -0.57727, 44.82921 ], [ -0.57915, 44.82812 ], [ -0.57875, 44.8263 ], [ -0.57647, 44.82558 ], [ -0.57459, 44.82668 ], [ -0.57499, 44.82849 ], [ -0.57727, 44.82921 ], [ -0.57727, 44.82921 ] ] ] } },
{ "type": "Feature", "properties": { "id": 434, "population": 611 }, "geometry": { "type": "Polygon", "coordinates": [ [ [ -0.56199, 44.87508 ], [ -0.56387, 44.87398 ], [ -0.56346, 44.87216 ], [ -0.56118, 44.87144 ], [ -0.5593, 44.87254 ], [ -0.5597, 44.87436 ], [ -0.56199, 44.87508 ], [ -0.56199, 44.87508 ] ] ] } },
{ "type": "Feature", "properties": { "id": 435, "population": 525 }, "geometry": { "type": "Polygon", "coordinates": [ [ [ -0.54051, 44.85477 ], [ -0.54239, 44.85367 ], [ -0.54199, 44.85185 ], [ -0.53971, 44.85113 ], [ -0.53783, 44.85223 ], [ -0.53823, 44.85405 ], [ -0.54051, 44.85477 ], [ -0.54051, 44.85477 ] ] ] } },
{ "type": "Feature", "properties": { "id": 436, "population": 278 }, "geometry": { "type": "Polygon", "coordinates": [ [ [ -0.56279, 44.84998 ], [ -0.56467, 44.84889 ], [ -0.56426, 44.84707 ], [ -0.56198, 44.84635 ], [ -0.5601, 44.84745 ], [ -0.56051, 44.84926 ], [ -0.56279, 44.84998 ], [ -0.56279, 44.84998 ] ] ] } },
{ "type": "Feature", "properties": { "id": 437, "population": 612 }, "geometry": { "type": "Polygon", "coordinates": [ [ [ -0.54575, 44.82093 ], [ -0.54763, 44.81984 ], [ -0.54722, 44.81802 ], [ -0.54494, 44.8173 ], [ -0.54307, 44.8184 ], [ -0.54347, 44.82021 ], [ -0.54575, 44.82093 ], [ -0.54575, 44.82093 ] ] ] } },
{ "type": "Feature", "properties": { "id": 438, "population": 13 }, "geometry": { "type": "Polygon", "coordinates": [ [ [ -0.57193, 44.91032 ], [ -0.57381, 44.90923 ], [ -0.57341, 44.90741 ], [ -0.57113, 44.90669 ], [ -0.56925, 44.90778 ], [ -0.56965, 44.9096 ], [ -0.57193, 44.91032 ], [ -0.57193, 44.91032 ] ] ] } },
{ "type": "Feature", "properties": { "id": 439, "population": 905 }, "geometry": { "type": "Polygon", "coordinates": [ [ [ -0.57754, 44.82085 ], [ -0.57942, 44.81975 ], [ -0.57901, 44.81793 ], [ -0.57673, 44.81721 ], [ -0.57486, 44.81831 ], [ -0.57526, 44.82013 ], [ -0.57754, 44.82085 ], [ -0.57754, 44.82085 ] ] ] } },
{ "type": "Feature", "properties": { "id": 440, "population": 15 }, "geometry": { "type": "Polygon", "coordinates": [ [ [ -0.57247, 44.8936 ], [ -0.57435, 44.8925 ], [ -0.57394, 44.89068 ], [ -0.57166, 44.88996 ], [ -0.56978, 44.89106 ], [ -0.57018, 44.89287 ], [ -0.57247, 44.8936 ], [ -0.57247, 44.8936 ] ] ] } },
{ "type": "Feature", "properties": { "id": 441, "population": 0 }, "geometry": { "type": "Polygon", "coordinates": [ [ [ -0.56777, 44.91069 ], [ -0.56965, 44.9096 ], [ -0.56925, 44.90778 ], [ -0.56696, 44.90706 ], [ -0.56508, 44.90816 ], [ -0.56549, 44.90997 ], [ -0.56777, 44.91069 ], [ -0.56777, 44.91069 ] ] ] } },
{ "type": "Feature", "properties": { "id": 442, "population": 440 }, "geometry": { "type": "Polygon", "coordinates": [ [ [ -0.62616, 44.85817 ], [ -0.62804, 44.85707 ], [ -0.62763, 44.85525 ], [ -0.62535, 44.85453 ], [ -0.62347, 44.85563 ], [ -0.62388, 44.85745 ], [ -0.62616, 44.85817 ], [ -0.62616, 44.85817 ] ] ] } },
{ "type": "Feature", "properties": { "id": 443, "population": 486 }, "geometry": { "type": "Polygon", "coordinates": [ [ [ -0.573, 44.87687 ], [ -0.57488, 44.87577 ], [ -0.57447, 44.87395 ], [ -0.57219, 44.87323 ], [ -0.57031, 44.87433 ], [ -0.57071, 44.87615 ], [ -0.573, 44.87687 ], [ -0.573, 44.87687 ] ] ] } },
{ "type": "Feature", "properties": { "id": 444, "population": 201 }, "geometry": { "type": "Polygon", "coordinates": [ [ [ -0.54669, 44.83475 ], [ -0.54856, 44.83366 ], [ -0.54816, 44.83184 ], [ -0.54588, 44.83112 ], [ -0.544, 44.83221 ], [ -0.54441, 44.83403 ], [ -0.54669, 44.83475 ], [ -0.54669, 44.83475 ] ] ] } },
{ "type": "Feature", "properties": { "id": 445, "population": 100 }, "geometry": { "type": "Polygon", "coordinates": [ [ [ -0.5683, 44.89397 ], [ -0.57018, 44.89287 ], [ -0.56978, 44.89106 ], [ -0.5675, 44.89033 ], [ -0.56562, 44.89143 ], [ -0.56602, 44.89325 ], [ -0.5683, 44.89397 ], [ -0.5683, 44.89397 ] ] ] } },
{ "type": "Feature", "properties": { "id": 446, "population": 363 }, "geometry": { "type": "Polygon", "coordinates": [ [ [ -0.60787, 44.82367 ], [ -0.60974, 44.82257 ], [ -0.60934, 44.82075 ], [ -0.60706, 44.82003 ], [ -0.60518, 44.82113 ], [ -0.60558, 44.82295 ], [ -0.60787, 44.82367 ], [ -0.60787, 44.82367 ] ] ] } },
{ "type": "Feature", "properties": { "id": 447, "population": 9 }, "geometry": { "type": "Polygon", "coordinates": [ [ [ -0.54293, 44.86567 ], [ -0.54481, 44.86457 ], [ -0.5444, 44.86276 ], [ -0.54212, 44.86204 ], [ -0.54024, 44.86313 ], [ -0.54064, 44.86495 ], [ -0.54293, 44.86567 ], [ -0.54293, 44.86567 ] ] ] } },
{ "type": "Feature", "properties": { "id": 448, "population": 957 }, "geometry": { "type": "Polygon", "coordinates": [ [ [ -0.56521, 44.86089 ], [ -0.56709, 44.85979 ], [ -0.56668, 44.85797 ], [ -0.5644, 44.85725 ], [ -0.56252, 44.85835 ], [ -0.56292, 44.86017 ], [ -0.56521, 44.86089 ], [ -0.56521, 44.86089 ] ] ] } },
{ "type": "Feature", "properties": { "id": 449, "population": 748 }, "geometry": { "type": "Polygon", "coordinates": [ [ [ -0.60318, 44.84078 ], [ -0.60506, 44.83968 ], [ -0.60466, 44.83786 ], [ -0.60238, 44.83714 ], [ -0.6005, 44.83824 ], [ -0.6009, 44.84006 ], [ -0.60318, 44.84078 ], [ -0.60318, 44.84078 ] ] ] } },
{ "type": "Feature", "properties": { "id": 450, "population": 308 }, "geometry": { "type": "Polygon", "coordinates": [ [ [ -0.62252, 44.84181 ], [ -0.62439, 44.84071 ], [ -0.62399, 44.83889 ], [ -0.62171, 44.83817 ], [ -0.61983, 44.83927 ], [ -0.62023, 44.84109 ], [ -0.62252, 44.84181 ], [ -0.62252, 44.84181 ] ] ] } },
{ "type": "Feature", "properties": { "id": 451, "population": 0 }, "geometry": { "type": "Polygon", "coordinates": [ [ [ -0.57394, 44.89068 ], [ -0.57582, 44.88959 ], [ -0.57542, 44.88777 ], [ -0.57313, 44.88705 ], [ -0.57126, 44.88814 ], [ -0.57166, 44.88996 ], [ -0.57394, 44.89068 ], [ -0.57394, 44.89068 ] ] ] } },
{ "type": "Feature", "properties": { "id": 452, "population": 114 }, "geometry": { "type": "Polygon", "coordinates": [ [ [ -0.54561, 44.86821 ], [ -0.54749, 44.86711 ], [ -0.54709, 44.8653 ], [ -0.54481, 44.86457 ], [ -0.54293, 44.86567 ], [ -0.54333, 44.86749 ], [ -0.54561, 44.86821 ], [ -0.54561, 44.86821 ] ] ] } },
{ "type": "Feature", "properties": { "id": 453, "population": 514 }, "geometry": { "type": "Polygon", "coordinates": [ [ [ -0.62763, 44.85525 ], [ -0.62951, 44.85416 ], [ -0.62911, 44.85234 ], [ -0.62682, 44.85162 ], [ -0.62495, 44.85271 ], [ -0.62535, 44.85453 ], [ -0.62763, 44.85525 ], [ -0.62763, 44.85525 ] ] ] } },
{ "type": "Feature", "properties": { "id": 454, "population": 647 }, "geometry": { "type": "Polygon", "coordinates": [ [ [ -0.57447, 44.87395 ], [ -0.57635, 44.87286 ], [ -0.57595, 44.87104 ], [ -0.57367, 44.87032 ], [ -0.57179, 44.87142 ], [ -0.57219, 44.87323 ], [ -0.57447, 44.87395 ], [ -0.57447, 44.87395 ] ] ] } },
{ "type": "Feature", "properties": { "id": 455, "population": 594 }, "geometry": { "type": "Polygon", "coordinates": [ [ [ -0.5491, 44.84566 ], [ -0.55098, 44.84456 ], [ -0.55058, 44.84274 ], [ -0.5483, 44.84202 ], [ -0.54642, 44.84312 ], [ -0.54682, 44.84493 ], [ -0.5491, 44.84566 ], [ -0.5491, 44.84566 ] ] ] } },
{ "type": "Feature", "properties": { "id": 456, "population": 1580 }, "geometry": { "type": "Polygon", "coordinates": [ [ [ -0.58117, 44.8372 ], [ -0.58305, 44.83611 ], [ -0.58264, 44.83429 ], [ -0.58036, 44.83357 ], [ -0.57848, 44.83467 ], [ -0.57889, 44.83648 ], [ -0.58117, 44.8372 ], [ -0.58117, 44.8372 ] ] ] } },
{ "type": "Feature", "properties": { "id": 457, "population": 607 }, "geometry": { "type": "Polygon", "coordinates": [ [ [ -0.5946, 44.8499 ], [ -0.59648, 44.8488 ], [ -0.59607, 44.84698 ], [ -0.59379, 44.84626 ], [ -0.59191, 44.84736 ], [ -0.59232, 44.84918 ], [ -0.5946, 44.8499 ], [ -0.5946, 44.8499 ] ] ] } },
{ "type": "Feature", "properties": { "id": 458, "population": 10 }, "geometry": { "type": "Polygon", "coordinates": [ [ [ -0.5444, 44.86276 ], [ -0.54628, 44.86166 ], [ -0.54588, 44.85984 ], [ -0.5436, 44.85912 ], [ -0.54172, 44.86022 ], [ -0.54212, 44.86204 ], [ -0.5444, 44.86276 ], [ -0.5444, 44.86276 ] ] ] } },
{ "type": "Feature", "properties": { "id": 459, "population": 398 }, "geometry": { "type": "Polygon", "coordinates": [ [ [ -0.56668, 44.85797 ], [ -0.56856, 44.85688 ], [ -0.56816, 44.85506 ], [ -0.56588, 44.85434 ], [ -0.564, 44.85544 ], [ -0.5644, 44.85725 ], [ -0.56668, 44.85797 ], [ -0.56668, 44.85797 ] ] ] } },
{ "type": "Feature", "properties": { "id": 460, "population": 19 }, "geometry": { "type": "Polygon", "coordinates": [ [ [ -0.57636, 44.90158 ], [ -0.57824, 44.90049 ], [ -0.57784, 44.89867 ], [ -0.57556, 44.89795 ], [ -0.57368, 44.89905 ], [ -0.57408, 44.90086 ], [ -0.57636, 44.90158 ], [ -0.57636, 44.90158 ] ] ] } },
{ "type": "Feature", "properties": { "id": 461, "population": 3 }, "geometry": { "type": "Polygon", "coordinates": [ [ [ -0.54548, 44.8293 ], [ -0.54736, 44.8282 ], [ -0.54695, 44.82639 ], [ -0.54467, 44.82567 ], [ -0.5428, 44.82676 ], [ -0.5432, 44.82858 ], [ -0.54548, 44.8293 ], [ -0.54548, 44.8293 ] ] ] } },
{ "type": "Feature", "properties": { "id": 462, "population": 297 }, "geometry": { "type": "Polygon", "coordinates": [ [ [ -0.60951, 44.85967 ], [ -0.61139, 44.85858 ], [ -0.61098, 44.85676 ], [ -0.6087, 44.85604 ], [ -0.60682, 44.85713 ], [ -0.60723, 44.85895 ], [ -0.60951, 44.85967 ], [ -0.60951, 44.85967 ] ] ] } },
{ "type": "Feature", "properties": { "id": 463, "population": 1168 }, "geometry": { "type": "Polygon", "coordinates": [ [ [ -0.56775, 44.82451 ], [ -0.56962, 44.82342 ], [ -0.56922, 44.8216 ], [ -0.56694, 44.82088 ], [ -0.56506, 44.82197 ], [ -0.56547, 44.82379 ], [ -0.56775, 44.82451 ], [ -0.56775, 44.82451 ] ] ] } },
{ "type": "Feature", "properties": { "id": 464, "population": 633 }, "geometry": { "type": "Polygon", "coordinates": [ [ [ -0.55809, 44.86709 ], [ -0.55997, 44.86599 ], [ -0.55957, 44.86417 ], [ -0.55729, 44.86345 ], [ -0.55541, 44.86455 ], [ -0.55581, 44.86637 ], [ -0.55809, 44.86709 ], [ -0.55809, 44.86709 ] ] ] } },
{ "type": "Feature", "properties": { "id": 465, "population": 629 }, "geometry": { "type": "Polygon", "coordinates": [ [ [ -0.55058, 44.84274 ], [ -0.55245, 44.84165 ], [ -0.55205, 44.83983 ], [ -0.54977, 44.83911 ], [ -0.54789, 44.8402 ], [ -0.5483, 44.84202 ], [ -0.55058, 44.84274 ], [ -0.55058, 44.84274 ] ] ] } },
{ "type": "Feature", "properties": { "id": 466, "population": 426 }, "geometry": { "type": "Polygon", "coordinates": [ [ [ -0.6357, 44.86287 ], [ -0.63758, 44.86177 ], [ -0.63718, 44.85995 ], [ -0.63489, 44.85923 ], [ -0.63301, 44.86033 ], [ -0.63342, 44.86215 ], [ -0.6357, 44.86287 ], [ -0.6357, 44.86287 ] ] ] } },
{ "type": "Feature", "properties": { "id": 467, "population": 120 }, "geometry": { "type": "Polygon", "coordinates": [ [ [ -0.5534, 44.88419 ], [ -0.55528, 44.88309 ], [ -0.55487, 44.88128 ], [ -0.55259, 44.88055 ], [ -0.55071, 44.88165 ], [ -0.55111, 44.88347 ], [ -0.5534, 44.88419 ], [ -0.5534, 44.88419 ] ] ] } },
{ "type": "Feature", "properties": { "id": 468, "population": 606 }, "geometry": { "type": "Polygon", "coordinates": [ [ [ -0.61177, 44.83166 ], [ -0.61364, 44.83056 ], [ -0.61324, 44.82874 ], [ -0.61096, 44.82802 ], [ -0.60908, 44.82912 ], [ -0.60948, 44.83094 ], [ -0.61177, 44.83166 ], [ -0.61177, 44.83166 ] ] ] } },
{ "type": "Feature", "properties": { "id": 469, "population": 375 }, "geometry": { "type": "Polygon", "coordinates": [ [ [ -0.55715, 44.85327 ], [ -0.55903, 44.85218 ], [ -0.55863, 44.85036 ], [ -0.55635, 44.84964 ], [ -0.55447, 44.85073 ], [ -0.55487, 44.85255 ], [ -0.55715, 44.85327 ], [ -0.55715, 44.85327 ] ] ] } },
{ "type": "Feature", "properties": { "id": 470, "population": 1411 }, "geometry": { "type": "Polygon", "coordinates": [ [ [ -0.57943, 44.84848 ], [ -0.58131, 44.84739 ], [ -0.5809, 44.84557 ], [ -0.57862, 44.84485 ], [ -0.57674, 44.84595 ], [ -0.57715, 44.84776 ], [ -0.57943, 44.84848 ], [ -0.57943, 44.84848 ] ] ] } },
{ "type": "Feature", "properties": { "id": 471, "population": 42 }, "geometry": { "type": "Polygon", "coordinates": [ [ [ -0.57273, 44.88523 ], [ -0.57461, 44.88414 ], [ -0.57421, 44.88232 ], [ -0.57192, 44.8816 ], [ -0.57004, 44.88269 ], [ -0.57045, 44.88451 ], [ -0.57273, 44.88523 ], [ -0.57273, 44.88523 ] ] ] } },
{ "type": "Feature", "properties": { "id": 472, "population": 425 }, "geometry": { "type": "Polygon", "coordinates": [ [ [ -0.60708, 44.84877 ], [ -0.60896, 44.84767 ], [ -0.60856, 44.84585 ], [ -0.60627, 44.84513 ], [ -0.6044, 44.84623 ], [ -0.6048, 44.84805 ], [ -0.60708, 44.84877 ], [ -0.60708, 44.84877 ] ] ] } },
{ "type": "Feature", "properties": { "id": 473, "population": 71 }, "geometry": { "type": "Polygon", "coordinates": [ [ [ -0.55823, 44.90599 ], [ -0.56011, 44.9049 ], [ -0.55971, 44.90308 ], [ -0.55743, 44.90236 ], [ -0.55555, 44.90345 ], [ -0.55595, 44.90527 ], [ -0.55823, 44.90599 ], [ -0.55823, 44.90599 ] ] ] } },
{ "type": "Feature", "properties": { "id": 474, "population": 800 }, "geometry": { "type": "Polygon", "coordinates": [ [ [ -0.60761, 44.83203 ], [ -0.60948, 44.83094 ], [ -0.60908, 44.82912 ], [ -0.6068, 44.8284 ], [ -0.60492, 44.8295 ], [ -0.60532, 44.83131 ], [ -0.60761, 44.83203 ], [ -0.60761, 44.83203 ] ] ] } },
{ "type": "Feature", "properties": { "id": 475, "population": 144 }, "geometry": { "type": "Polygon", "coordinates": [ [ [ -0.57784, 44.89867 ], [ -0.57972, 44.89758 ], [ -0.57932, 44.89576 ], [ -0.57703, 44.89504 ], [ -0.57515, 44.89613 ], [ -0.57556, 44.89795 ], [ -0.57784, 44.89867 ], [ -0.57784, 44.89867 ] ] ] } },
{ "type": "Feature", "properties": { "id": 476, "population": 163 }, "geometry": { "type": "Polygon", "coordinates": [ [ [ -0.54695, 44.82639 ], [ -0.54883, 44.82529 ], [ -0.54843, 44.82347 ], [ -0.54615, 44.82275 ], [ -0.54427, 44.82385 ], [ -0.54467, 44.82567 ], [ -0.54695, 44.82639 ], [ -0.54695, 44.82639 ] ] ] } },
{ "type": "Feature", "properties": { "id": 477, "population": 412 }, "geometry": { "type": "Polygon", "coordinates": [ [ [ -0.5495, 44.8762 ], [ -0.55138, 44.8751 ], [ -0.55098, 44.87329 ], [ -0.5487, 44.87256 ], [ -0.54682, 44.87366 ], [ -0.54722, 44.87548 ], [ -0.5495, 44.8762 ], [ -0.5495, 44.8762 ] ] ] } },
{ "type": "Feature", "properties": { "id": 478, "population": 600 }, "geometry": { "type": "Polygon", "coordinates": [ [ [ -0.59312, 44.85281 ], [ -0.595, 44.85171 ], [ -0.5946, 44.8499 ], [ -0.59232, 44.84918 ], [ -0.59044, 44.85027 ], [ -0.59084, 44.85209 ], [ -0.59312, 44.85281 ], [ -0.59312, 44.85281 ] ] ] } },
{ "type": "Feature", "properties": { "id": 479, "population": 1006 }, "geometry": { "type": "Polygon", "coordinates": [ [ [ -0.56922, 44.8216 ], [ -0.5711, 44.8205 ], [ -0.5707, 44.81868 ], [ -0.56842, 44.81796 ], [ -0.56654, 44.81906 ], [ -0.56694, 44.82088 ], [ -0.56922, 44.8216 ], [ -0.56922, 44.8216 ] ] ] } },
{ "type": "Feature", "properties": { "id": 480, "population": 952 }, "geometry": { "type": "Polygon", "coordinates": [ [ [ -0.55957, 44.86417 ], [ -0.56145, 44.86308 ], [ -0.56105, 44.86126 ], [ -0.55876, 44.86054 ], [ -0.55688, 44.86164 ], [ -0.55729, 44.86345 ], [ -0.55957, 44.86417 ], [ -0.55957, 44.86417 ] ] ] } },
{ "type": "Feature", "properties": { "id": 481, "population": 691 }, "geometry": { "type": "Polygon", "coordinates": [ [ [ -0.60908, 44.82912 ], [ -0.61096, 44.82802 ], [ -0.61055, 44.8262 ], [ -0.60827, 44.82548 ], [ -0.60639, 44.82658 ], [ -0.6068, 44.8284 ], [ -0.60908, 44.82912 ], [ -0.60908, 44.82912 ] ] ] } },
{ "type": "Feature", "properties": { "id": 482, "population": 342 }, "geometry": { "type": "Polygon", "coordinates": [ [ [ -0.56332, 44.83325 ], [ -0.5652, 44.83216 ], [ -0.5648, 44.83034 ], [ -0.56252, 44.82962 ], [ -0.56064, 44.83071 ], [ -0.56104, 44.83253 ], [ -0.56332, 44.83325 ], [ -0.56332, 44.83325 ] ] ] } },
{ "type": "Feature", "properties": { "id": 483, "population": 648 }, "geometry": { "type": "Polygon", "coordinates": [ [ [ -0.59539, 44.8248 ], [ -0.59727, 44.8237 ], [ -0.59686, 44.82188 ], [ -0.59458, 44.82116 ], [ -0.5927, 44.82226 ], [ -0.59311, 44.82408 ], [ -0.59539, 44.8248 ], [ -0.59539, 44.8248 ] ] ] } },
{ "type": "Feature", "properties": { "id": 484, "population": 84 }, "geometry": { "type": "Polygon", "coordinates": [ [ [ -0.55971, 44.90308 ], [ -0.56159, 44.90198 ], [ -0.56119, 44.90017 ], [ -0.5589, 44.89945 ], [ -0.55702, 44.90054 ], [ -0.55743, 44.90236 ], [ -0.55971, 44.90308 ], [ -0.55971, 44.90308 ] ] ] } },
{ "type": "Feature", "properties": { "id": 485, "population": 527 }, "geometry": { "type": "Polygon", "coordinates": [ [ [ -0.55863, 44.85036 ], [ -0.56051, 44.84926 ], [ -0.5601, 44.84745 ], [ -0.55782, 44.84672 ], [ -0.55594, 44.84782 ], [ -0.55635, 44.84964 ], [ -0.55863, 44.85036 ], [ -0.55863, 44.85036 ] ] ] } },
{ "type": "Feature", "properties": { "id": 486, "population": 1421 }, "geometry": { "type": "Polygon", "coordinates": [ [ [ -0.5809, 44.84557 ], [ -0.58278, 44.84447 ], [ -0.58238, 44.84266 ], [ -0.5801, 44.84194 ], [ -0.57822, 44.84303 ], [ -0.57862, 44.84485 ], [ -0.5809, 44.84557 ], [ -0.5809, 44.84557 ] ] ] } },
{ "type": "Feature", "properties": { "id": 487, "population": 56 }, "geometry": { "type": "Polygon", "coordinates": [ [ [ -0.57421, 44.88232 ], [ -0.57609, 44.88122 ], [ -0.57568, 44.87941 ], [ -0.5734, 44.87868 ], [ -0.57152, 44.87978 ], [ -0.57192, 44.8816 ], [ -0.57421, 44.88232 ], [ -0.57421, 44.88232 ] ] ] } },
{ "type": "Feature", "properties": { "id": 488, "population": 1478 }, "geometry": { "type": "Polygon", "coordinates": [ [ [ -0.56654, 44.81906 ], [ -0.56842, 44.81796 ], [ -0.56801, 44.81615 ], [ -0.56573, 44.81543 ], [ -0.56385, 44.81652 ], [ -0.56426, 44.81834 ], [ -0.56654, 44.81906 ], [ -0.56654, 44.81906 ] ] ] } }
]
}
