{
"type": "FeatureCollection",
"name": "cartogram",
"crs": { "type": "name", "properties": { "name": "urn:ogc:def:crs:OGC:1.3:CRS84" } },
"features": [
{ "type": "Feature", "properties": { "id": 0, "population": 1241, "o_score_pt": 4358.443, "o_score_car": 4027.87, "CDI": -0.039 }, "geometry": { "type": "Polygon", "coordinates": [ [ [ 2.40352, 48.8313 ], [ 2.40556, 48.8306 ], [ 2.40586, 48.82904 ], [ 2.40413, 48.8282 ], [ 2.40209, 48.8289 ], [ 2.4018, 48.83046 ], [ 2.40352, 48.8313 ] ] ] } },
{ "type": "Feature", "properties": { "id": 1, "population": 3166, "o_score_pt": 4502.03, "o_score_car": 4083.053, "CDI": -0.049 }, "geometry": { "type": "Polygon", "coordinates": [ [ [ 2.29451, 48.83243 ], [ 2.29684, 48.83164 ], [ 2.29717, 48.82987 ], [ 2.29518, 48.8289 ], [ 2.29285, 48.82969 ], [ 2.29252, 48.83146 ], [ 2.29451, 48.83243 ] ] ] } },
{ "type": "Feature", "properties": { "id": 2, "population": 3193, "o_score_pt": 4844.301, "o_score_car": 4013.273, "CDI": -0.094 }, "geometry": { "type": "Polygon", "coordinates": [ [ [ 2.38456, 48.89751 ], [ 2.38689, 48.89671 ], [ 2.38722, 48.89495 ], [ 2.38522, 48.89398 ], [ 2.3829, 48.89477 ], [ 2.38256, 48.89654 ], [ 2.38456, 48.89751 ] ] ] } },
{ "type": "Feature", "properties": { "id": 3, "population": 90, "o_score_pt": 2504.47, "o_score_car": 3285.555, "CDI": 0.135 }, "geometry": { "type": "Polygon", "coordinates": [ [ [ 2.44941, 48.82983 ], [ 2.45061, 48.82942 ], [ 2.45079, 48.82845 ], [ 2.44987, 48.828 ], [ 2.44867, 48.82841 ], [ 2.44849, 48.82938 ], [ 2.44941, 48.82983 ] ] ] } },
{ "type": "Feature", "properties": { "id": 4, "population": 1422, "o_score_pt": 5304.618, "o_score_car": 4380.027, "CDI": -0.095 }, "geometry": { "type": "Polygon", "coordinates": [ [ [ 2.30413, 48.86203 ], [ 2.30622, 48.86132 ], [ 2.30652, 48.85972 ], [ 2.30476, 48.85886 ], [ 2.30267, 48.85957 ], [ 2.30236, 48.86117 ], [ 2.30413, 48.86203 ] ] ] } },
{ "type": "Feature", "properties": { "id": 5, "population": 2992, "o_score_pt": 6208.577, "o_score_car": 4273.953, "CDI": -0.185 }, "geometry": { "type": "Polygon", "coordinates": [ [ [ 2.39785, 48.84998 ], [ 2.40018, 48.84919 ], [ 2.40051, 48.84742 ], [ 2.39852, 48.84645 ], [ 2.39619, 48.84725 ], [ 2.39586, 48.84901 ], [ 2.39785, 48.84998 ] ] ] } },
{ "type": "Feature", "properties": { "id": 6, "population": 2157, "o_score_pt": 5932.909, "o_score_car": 4562.516, "CDI": -0.131 }, "geometry": { "type": "Polygon", "coordinates": [ [ [ 2.37294, 48.84356 ], [ 2.37517, 48.8428 ], [ 2.37548, 48.84111 ], [ 2.37359, 48.84019 ], [ 2.37137, 48.84095 ], [ 2.37105, 48.84264 ], [ 2.37294, 48.84356 ] ] ] } },
{ "type": "Feature", "properties": { "id": 7, "population": 959, "o_score_pt": 5890.626, "o_score_car": 4352.706, "CDI": -0.15 }, "geometry": { "type": "Polygon", "coordinates": [ [ [ 2.30379, 48.87528 ], [ 2.30576, 48.87461 ], [ 2.30604, 48.8731 ], [ 2.30439, 48.8723 ], [ 2.30243, 48.87297 ], [ 2.30215, 48.87448 ], [ 2.30379, 48.87528 ] ] ] } },
{ "type": "Feature", "properties": { "id": 8, "population": 2072, "o_score_pt": 6425.852, "o_score_car": 4611.027, "CDI": -0.164 }, "geometry": { "type": "Polygon", "coordinates": [ [ [ 2.32705, 48.87908 ], [ 2.32926, 48.87833 ], [ 2.32958, 48.87665 ], [ 2.3277, 48.87573 ], [ 2.32548, 48.87648 ], [ 2.32517, 48.87817 ], [ 2.32705, 48.87908 ] ] ] } },
{ "type": "Feature", "properties": { "id": 9, "population": 1808, "o_score_pt": 5530.852, "o_score_car": 4611.164, "CDI": -0.091 }, "geometry": { "type": "Polygon", "coordinates": [ [ [ 2.35567, 48.84282 ], [ 2.35784, 48.84208 ], [ 2.35815, 48.84043 ], [ 2.35631, 48.83953 ], [ 2.35414, 48.84027 ], [ 2.35383, 48.84192 ], [ 2.35567, 48.84282 ] ] ] } },
{ "type": "Feature", "properties": { "id": 10, "population": 4800, "o_score_pt": 6066.669, "o_score_car": 4640.958, "CDI": -0.133 }, "geometry": { "type": "Polygon", "coordinates": [ [ [ 2.37858, 48.85989 ], [ 2.38091, 48.85909 ], [ 2.38124, 48.85733 ], [ 2.37925, 48.85636 ], [ 2.37692, 48.85715 ], [ 2.37659, 48.85892 ], [ 2.37858, 48.85989 ] ] ] } },
{ "type": "Feature", "properties": { "id": 11, "population": 171, "o_score_pt": 3878.588, "o_score_car": 3650.587, "CDI": -0.03 }, "geometry": { "type": "Polygon", "coordinates": [ [ [ 2.43015, 48.8399 ], [ 2.43155, 48.83941 ], [ 2.43176, 48.8383 ], [ 2.43064, 48.83776 ], [ 2.42924, 48.83824 ], [ 2.42903, 48.83935 ], [ 2.43015, 48.8399 ] ] ] } },
{ "type": "Feature", "properties": { "id": 12, "population": 971, "o_score_pt": 5958.442, "o_score_car": 4517.555, "CDI": -0.138 }, "geometry": { "type": "Polygon", "coordinates": [ [ [ 2.30213, 48.87254 ], [ 2.3041, 48.87187 ], [ 2.30439, 48.87036 ], [ 2.30274, 48.86956 ], [ 2.30077, 48.87023 ], [ 2.30048, 48.87174 ], [ 2.30213, 48.87254 ] ] ] } },
{ "type": "Feature", "properties": { "id": 13, "population": 1980, "o_score_pt": 5688.523, "o_score_car": 3956.415, "CDI": -0.18 }, "geometry": { "type": "Polygon", "coordinates": [ [ [ 2.38159, 48.84389 ], [ 2.38378, 48.84314 ], [ 2.38409, 48.84146 ], [ 2.38223, 48.84056 ], [ 2.38003, 48.84131 ], [ 2.37972, 48.84298 ], [ 2.38159, 48.84389 ] ] ] } },
{ "type": "Feature", "properties": { "id": 14, "population": 3819, "o_score_pt": 5868.726, "o_score_car": 4453.694, "CDI": -0.137 }, "geometry": { "type": "Polygon", "coordinates": [ [ [ 2.34931, 48.88809 ], [ 2.35164, 48.88729 ], [ 2.35198, 48.88552 ], [ 2.34998, 48.88455 ], [ 2.34765, 48.88535 ], [ 2.34732, 48.88711 ], [ 2.34931, 48.88809 ] ] ] } },
{ "type": "Feature", "properties": { "id": 15, "population": 2751, "o_score_pt": 5408.88, "o_score_car": 4338.501, "CDI": -0.11 }, "geometry": { "type": "Polygon", "coordinates": [ [ [ 2.29612, 48.86988 ], [ 2.29842, 48.86909 ], [ 2.29875, 48.86735 ], [ 2.29678, 48.86639 ], [ 2.29448, 48.86717 ], [ 2.29415, 48.86892 ], [ 2.29612, 48.86988 ] ] ] } },
{ "type": "Feature", "properties": { "id": 16, "population": 1843, "o_score_pt": 5841.314, "o_score_car": 4281.169, "CDI": -0.154 }, "geometry": { "type": "Polygon", "coordinates": [ [ [ 2.3962, 48.84713 ], [ 2.39837, 48.84639 ], [ 2.39869, 48.84473 ], [ 2.39684, 48.84383 ], [ 2.39467, 48.84457 ], [ 2.39436, 48.84623 ], [ 2.3962, 48.84713 ] ] ] } },
{ "type": "Feature", "properties": { "id": 17, "population": 18, "o_score_pt": 3358.639, "o_score_car": 3613.306, "CDI": 0.037 }, "geometry": { "type": "Polygon", "coordinates": [ [ [ 2.24869, 48.86671 ], [ 2.24939, 48.86647 ], [ 2.24951, 48.86586 ], [ 2.24906, 48.86565 ], [ 2.24836, 48.86588 ], [ 2.24825, 48.8665 ], [ 2.24869, 48.86671 ] ] ] } },
{ "type": "Feature", "properties": { "id": 18, "population": 3378, "o_score_pt": 4207.699, "o_score_car": 4101.31, "CDI": -0.013 }, "geometry": { "type": "Polygon", "coordinates": [ [ [ 2.39686, 48.88999 ], [ 2.39919, 48.8892 ], [ 2.39952, 48.88743 ], [ 2.39752, 48.88646 ], [ 2.3952, 48.88726 ], [ 2.39487, 48.88902 ], [ 2.39686, 48.88999 ] ] ] } },
{ "type": "Feature", "properties": { "id": 19, "population": 2629, "o_score_pt": 4866.53, "o_score_car": 4092.648, "CDI": -0.086 }, "geometry": { "type": "Polygon", "coordinates": [ [ [ 2.27622, 48.83699 ], [ 2.27851, 48.83621 ], [ 2.27884, 48.83447 ], [ 2.27688, 48.83352 ], [ 2.2746, 48.8343 ], [ 2.27427, 48.83604 ], [ 2.27622, 48.83699 ] ] ] } },
{ "type": "Feature", "properties": { "id": 20, "population": 1540, "o_score_pt": 4471.471, "o_score_car": 4212.457, "CDI": -0.03 }, "geometry": { "type": "Polygon", "coordinates": [ [ [ 2.39488, 48.83101 ], [ 2.39699, 48.83029 ], [ 2.39729, 48.82867 ], [ 2.39551, 48.8278 ], [ 2.39339, 48.82852 ], [ 2.39309, 48.83014 ], [ 2.39488, 48.83101 ] ] ] } },
{ "type": "Feature", "properties": { "id": 21, "population": 8, "o_score_pt": 2876.49, "o_score_car": 3003.71, "CDI": 0.022 }, "geometry": { "type": "Polygon", "coordinates": [ [ [ 2.46143, 48.83508 ], [ 2.46189, 48.83492 ], [ 2.46197, 48.83448 ], [ 2.46176, 48.83438 ], [ 2.4613, 48.83453 ], [ 2.46122, 48.83498 ], [ 2.46143, 48.83508 ] ] ] } },
{ "type": "Feature", "properties": { "id": 22, "population": 0, "o_score_pt": 3497.834, "o_score_car": 3474.735, "CDI": -0.003 }, "geometry": { "type": "Polygon", "coordinates": [ [ [ 2.45197, 48.83974 ], [ 2.45197, 48.83974 ], [ 2.45199, 48.83963 ], [ 2.45199, 48.83963 ], [ 2.45197, 48.83974 ] ] ] } },
{ "type": "Feature", "properties": { "id": 23, "population": 1001, "o_score_pt": 6565.641, "o_score_car": 4639.522, "CDI": -0.172 }, "geometry": { "type": "Polygon", "coordinates": [ [ [ 2.32375, 48.87343 ], [ 2.32573, 48.87275 ], [ 2.32601, 48.87124 ], [ 2.32435, 48.87043 ], [ 2.32238, 48.8711 ], [ 2.32209, 48.87262 ], [ 2.32375, 48.87343 ] ] ] } },
{ "type": "Feature", "properties": { "id": 24, "population": 1790, "o_score_pt": 5427.376, "o_score_car": 4602.603, "CDI": -0.082 }, "geometry": { "type": "Polygon", "coordinates": [ [ [ 2.34537, 48.83973 ], [ 2.34753, 48.83899 ], [ 2.34785, 48.83734 ], [ 2.34601, 48.83644 ], [ 2.34385, 48.83718 ], [ 2.34354, 48.83883 ], [ 2.34537, 48.83973 ] ] ] } },
{ "type": "Feature", "properties": { "id": 25, "population": 3196, "o_score_pt": 6044.241, "o_score_car": 4472.587, "CDI": -0.149 }, "geometry": { "type": "Polygon", "coordinates": [ [ [ 2.34765, 48.88535 ], [ 2.34998, 48.88455 ], [ 2.35031, 48.88279 ], [ 2.34832, 48.88181 ], [ 2.34599, 48.88261 ], [ 2.34566, 48.88438 ], [ 2.34765, 48.88535 ] ] ] } },
{ "type": "Feature", "properties": { "id": 26, "population": 2641, "o_score_pt": 5687.018, "o_score_car": 4329.012, "CDI": -0.136 }, "geometry": { "type": "Polygon", "coordinates": [ [ [ 2.29446, 48.86713 ], [ 2.29675, 48.86635 ], [ 2.29708, 48.86461 ], [ 2.29512, 48.86366 ], [ 2.29283, 48.86444 ], [ 2.2925, 48.86618 ], [ 2.29446, 48.86713 ] ] ] } },
{ "type": "Feature", "properties": { "id": 27, "population": 2592, "o_score_pt": 5174.925, "o_score_car": 4239.538, "CDI": -0.099 }, "geometry": { "type": "Polygon", "coordinates": [ [ [ 2.39852, 48.85799 ], [ 2.4008, 48.85721 ], [ 2.40113, 48.85547 ], [ 2.39918, 48.85452 ], [ 2.3969, 48.8553 ], [ 2.39657, 48.85704 ], [ 2.39852, 48.85799 ] ] ] } },
{ "type": "Feature", "properties": { "id": 28, "population": 2526, "o_score_pt": 5258.431, "o_score_car": 4118.779, "CDI": -0.122 }, "geometry": { "type": "Polygon", "coordinates": [ [ [ 2.32237, 48.8923 ], [ 2.32465, 48.89152 ], [ 2.32497, 48.88979 ], [ 2.32303, 48.88884 ], [ 2.32076, 48.88962 ], [ 2.32043, 48.89135 ], [ 2.32237, 48.8923 ] ] ] } },
{ "type": "Feature", "properties": { "id": 29, "population": 92, "o_score_pt": 3019.996, "o_score_car": 3077.646, "CDI": 0.009 }, "geometry": { "type": "Polygon", "coordinates": [ [ [ 2.25729, 48.86746 ], [ 2.25851, 48.86704 ], [ 2.25869, 48.86607 ], [ 2.25776, 48.86562 ], [ 2.25655, 48.86603 ], [ 2.25636, 48.867 ], [ 2.25729, 48.86746 ] ] ] } },
{ "type": "Feature", "properties": { "id": 30, "population": 0, "o_score_pt": 2461.943, "o_score_car": 3621.568, "CDI": 0.191 }, "geometry": { "type": "Polygon", "coordinates": [ [ [ 2.24656, 48.85545 ], [ 2.24656, 48.85545 ], [ 2.24658, 48.85534 ], [ 2.24658, 48.85534 ], [ 2.24656, 48.85545 ] ] ] } },
{ "type": "Feature", "properties": { "id": 31, "population": 721, "o_score_pt": 2238.204, "o_score_car": 3656.002, "CDI": 0.241 }, "geometry": { "type": "Polygon", "coordinates": [ [ [ 2.4427, 48.81939 ], [ 2.44457, 48.81875 ], [ 2.44484, 48.81731 ], [ 2.44328, 48.81655 ], [ 2.44142, 48.81719 ], [ 2.44115, 48.81863 ], [ 2.4427, 48.81939 ] ] ] } },
{ "type": "Feature", "properties": { "id": 32, "population": 998, "o_score_pt": 4736.038, "o_score_car": 4213.284, "CDI": -0.058 }, "geometry": { "type": "Polygon", "coordinates": [ [ [ 2.40519, 48.83399 ], [ 2.40716, 48.83331 ], [ 2.40744, 48.8318 ], [ 2.40579, 48.83099 ], [ 2.40382, 48.83167 ], [ 2.40353, 48.83318 ], [ 2.40519, 48.83399 ] ] ] } },
{ "type": "Feature", "properties": { "id": 33, "population": 1771, "o_score_pt": 5181.344, "o_score_car": 4283.135, "CDI": -0.095 }, "geometry": { "type": "Polygon", "coordinates": [ [ [ 2.33542, 48.82329 ], [ 2.33758, 48.82255 ], [ 2.33789, 48.8209 ], [ 2.33605, 48.82001 ], [ 2.3339, 48.82075 ], [ 2.33358, 48.8224 ], [ 2.33542, 48.82329 ] ] ] } },
{ "type": "Feature", "properties": { "id": 34, "population": 2961, "o_score_pt": 4767.528, "o_score_car": 3966.782, "CDI": -0.092 }, "geometry": { "type": "Polygon", "coordinates": [ [ [ 2.28587, 48.83207 ], [ 2.28819, 48.83128 ], [ 2.28853, 48.82951 ], [ 2.28654, 48.82854 ], [ 2.28421, 48.82934 ], [ 2.28388, 48.8311 ], [ 2.28587, 48.83207 ] ] ] } },
{ "type": "Feature", "properties": { "id": 35, "population": 3657, "o_score_pt": 4673.383, "o_score_car": 3942.156, "CDI": -0.085 }, "geometry": { "type": "Polygon", "coordinates": [ [ [ 2.33167, 48.90072 ], [ 2.334, 48.89993 ], [ 2.33434, 48.89816 ], [ 2.33234, 48.89719 ], [ 2.33001, 48.89799 ], [ 2.32968, 48.89975 ], [ 2.33167, 48.90072 ] ] ] } },
{ "type": "Feature", "properties": { "id": 36, "population": 2982, "o_score_pt": 3978.109, "o_score_car": 4061.869, "CDI": 0.01 }, "geometry": { "type": "Polygon", "coordinates": [ [ [ 2.3932, 48.89785 ], [ 2.39553, 48.89706 ], [ 2.39586, 48.89529 ], [ 2.39387, 48.89432 ], [ 2.39154, 48.89512 ], [ 2.39121, 48.89689 ], [ 2.3932, 48.89785 ] ] ] } },
{ "type": "Feature", "properties": { "id": 37, "population": 2, "o_score_pt": 2311.081, "o_score_car": 3297.582, "CDI": 0.176 }, "geometry": { "type": "Polygon", "coordinates": [ [ [ 2.441, 48.82863 ], [ 2.441, 48.82863 ], [ 2.44102, 48.82852 ], [ 2.44102, 48.82852 ], [ 2.441, 48.82863 ] ] ] } },
{ "type": "Feature", "properties": { "id": 38, "population": 1837, "o_score_pt": 5675.154, "o_score_car": 4204.41, "CDI": -0.149 }, "geometry": { "type": "Polygon", "coordinates": [ [ [ 2.39122, 48.83892 ], [ 2.39339, 48.83817 ], [ 2.3937, 48.83652 ], [ 2.39186, 48.83562 ], [ 2.38969, 48.83636 ], [ 2.38938, 48.83802 ], [ 2.39122, 48.83892 ] ] ] } },
{ "type": "Feature", "properties": { "id": 39, "population": 3196, "o_score_pt": 5578.754, "o_score_car": 4197.332, "CDI": -0.141 }, "geometry": { "type": "Polygon", "coordinates": [ [ [ 2.39686, 48.85528 ], [ 2.39918, 48.85449 ], [ 2.39951, 48.85272 ], [ 2.39752, 48.85175 ], [ 2.39519, 48.85255 ], [ 2.39486, 48.85431 ], [ 2.39686, 48.85528 ] ] ] } },
{ "type": "Feature", "properties": { "id": 40, "population": 2119, "o_score_pt": 5299.556, "o_score_car": 4532.423, "CDI": -0.078 }, "geometry": { "type": "Polygon", "coordinates": [ [ [ 2.34371, 48.83703 ], [ 2.34592, 48.83627 ], [ 2.34624, 48.83458 ], [ 2.34436, 48.83366 ], [ 2.34214, 48.83442 ], [ 2.34182, 48.83611 ], [ 2.34371, 48.83703 ] ] ] } },
{ "type": "Feature", "properties": { "id": 41, "population": 959, "o_score_pt": 6051.081, "o_score_car": 4700.719, "CDI": -0.126 }, "geometry": { "type": "Polygon", "coordinates": [ [ [ 2.31178, 48.86759 ], [ 2.31375, 48.86692 ], [ 2.31403, 48.86541 ], [ 2.31239, 48.86461 ], [ 2.31042, 48.86528 ], [ 2.31014, 48.86679 ], [ 2.31178, 48.86759 ] ] ] } },
{ "type": "Feature", "properties": { "id": 42, "population": 3474, "o_score_pt": 4604.414, "o_score_car": 4070.515, "CDI": -0.062 }, "geometry": { "type": "Polygon", "coordinates": [ [ [ 2.40683, 48.8717 ], [ 2.40915, 48.87091 ], [ 2.40948, 48.86914 ], [ 2.40749, 48.86817 ], [ 2.40517, 48.86897 ], [ 2.40483, 48.87073 ], [ 2.40683, 48.8717 ] ] ] } },
{ "type": "Feature", "properties": { "id": 43, "population": 1900, "o_score_pt": 4185.785, "o_score_car": 3944.185, "CDI": -0.03 }, "geometry": { "type": "Polygon", "coordinates": [ [ [ 2.26225, 48.84168 ], [ 2.26444, 48.84093 ], [ 2.26475, 48.83927 ], [ 2.2629, 48.83836 ], [ 2.26071, 48.83911 ], [ 2.2604, 48.84077 ], [ 2.26225, 48.84168 ] ] ] } },
{ "type": "Feature", "properties": { "id": 44, "population": 2889, "o_score_pt": 5816.939, "o_score_car": 4172.354, "CDI": -0.165 }, "geometry": { "type": "Polygon", "coordinates": [ [ [ 2.33901, 48.88499 ], [ 2.34132, 48.8842 ], [ 2.34166, 48.88244 ], [ 2.33967, 48.88147 ], [ 2.33735, 48.88227 ], [ 2.33702, 48.88402 ], [ 2.33901, 48.88499 ] ] ] } },
{ "type": "Feature", "properties": { "id": 45, "population": 2419, "o_score_pt": 5518.53, "o_score_car": 4292.079, "CDI": -0.125 }, "geometry": { "type": "Polygon", "coordinates": [ [ [ 2.39055, 48.86566 ], [ 2.39281, 48.86489 ], [ 2.39313, 48.86317 ], [ 2.3912, 48.86223 ], [ 2.38894, 48.863 ], [ 2.38862, 48.86472 ], [ 2.39055, 48.86566 ] ] ] } },
{ "type": "Feature", "properties": { "id": 46, "population": 964, "o_score_pt": 5305.146, "o_score_car": 4225.726, "CDI": -0.113 }, "geometry": { "type": "Polygon", "coordinates": [ [ [ 2.30545, 48.87802 ], [ 2.30742, 48.87735 ], [ 2.3077, 48.87584 ], [ 2.30605, 48.87504 ], [ 2.30409, 48.87571 ], [ 2.3038, 48.87722 ], [ 2.30545, 48.87802 ] ] ] } },
{ "type": "Feature", "properties": { "id": 47, "population": 2116, "o_score_pt": 5780.574, "o_score_car": 4134.345, "CDI": -0.166 }, "geometry": { "type": "Polygon", "coordinates": [ [ [ 2.38856, 48.87623 ], [ 2.39077, 48.87547 ], [ 2.39109, 48.87378 ], [ 2.3892, 48.87286 ], [ 2.38699, 48.87362 ], [ 2.38667, 48.87531 ], [ 2.38856, 48.87623 ] ] ] } },
{ "type": "Feature", "properties": { "id": 48, "population": 51, "o_score_pt": 3164.372, "o_score_car": 3687.533, "CDI": 0.076 }, "geometry": { "type": "Polygon", "coordinates": [ [ [ 2.25234, 48.85909 ], [ 2.25336, 48.85874 ], [ 2.25352, 48.8579 ], [ 2.25277, 48.85754 ], [ 2.25175, 48.85788 ], [ 2.25159, 48.85873 ], [ 2.25234, 48.85909 ] ] ] } },
{ "type": "Feature", "properties": { "id": 49, "population": 4082, "o_score_pt": 5982.381, "o_score_car": 4270.143, "CDI": -0.167 }, "geometry": { "type": "Polygon", "coordinates": [ [ [ 2.39951, 48.85272 ], [ 2.40184, 48.85192 ], [ 2.40217, 48.85016 ], [ 2.40018, 48.84919 ], [ 2.39785, 48.84998 ], [ 2.39752, 48.85175 ], [ 2.39951, 48.85272 ] ] ] } },
{ "type": "Feature", "properties": { "id": 50, "population": 227, "o_score_pt": 2755.163, "o_score_car": 3289.643, "CDI": 0.088 }, "geometry": { "type": "Polygon", "coordinates": [ [ [ 2.45105, 48.83279 ], [ 2.45254, 48.83228 ], [ 2.45276, 48.8311 ], [ 2.45156, 48.83051 ], [ 2.45006, 48.83102 ], [ 2.44984, 48.8322 ], [ 2.45105, 48.83279 ] ] ] } },
{ "type": "Feature", "properties": { "id": 51, "population": 2781, "o_score_pt": 4612.473, "o_score_car": 3973.681, "CDI": -0.074 }, "geometry": { "type": "Polygon", "coordinates": [ [ [ 2.29617, 48.83515 ], [ 2.29848, 48.83437 ], [ 2.29881, 48.83262 ], [ 2.29684, 48.83165 ], [ 2.29453, 48.83244 ], [ 2.2942, 48.83419 ], [ 2.29617, 48.83515 ] ] ] } },
{ "type": "Feature", "properties": { "id": 52, "population": 2373, "o_score_pt": 4663.649, "o_score_car": 4041.211, "CDI": -0.072 }, "geometry": { "type": "Polygon", "coordinates": [ [ [ 2.31014, 48.83034 ], [ 2.3124, 48.82957 ], [ 2.31272, 48.82786 ], [ 2.3108, 48.82692 ], [ 2.30855, 48.82769 ], [ 2.30822, 48.82941 ], [ 2.31014, 48.83034 ] ] ] } },
{ "type": "Feature", "properties": { "id": 53, "population": 3326, "o_score_pt": 5792.743, "o_score_car": 4187.625, "CDI": -0.161 }, "geometry": { "type": "Polygon", "coordinates": [ [ [ 2.30446, 48.84887 ], [ 2.30679, 48.84807 ], [ 2.30712, 48.84631 ], [ 2.30513, 48.84534 ], [ 2.3028, 48.84613 ], [ 2.30247, 48.8479 ], [ 2.30446, 48.84887 ] ] ] } },
{ "type": "Feature", "properties": { "id": 54, "population": 121, "o_score_pt": 1304.477, "o_score_car": 2994.081, "CDI": 0.393 }, "geometry": { "type": "Polygon", "coordinates": [ [ [ 2.23897, 48.87211 ], [ 2.24027, 48.87167 ], [ 2.24047, 48.87063 ], [ 2.23946, 48.87014 ], [ 2.23815, 48.87058 ], [ 2.23796, 48.87162 ], [ 2.23897, 48.87211 ] ] ] } },
{ "type": "Feature", "properties": { "id": 55, "population": 1098, "o_score_pt": 3820.004, "o_score_car": 3998.296, "CDI": 0.023 }, "geometry": { "type": "Polygon", "coordinates": [ [ [ 2.25427, 48.84923 ], [ 2.25628, 48.84855 ], [ 2.25657, 48.84701 ], [ 2.25488, 48.84619 ], [ 2.25287, 48.84687 ], [ 2.25258, 48.84841 ], [ 2.25427, 48.84923 ] ] ] } },
{ "type": "Feature", "properties": { "id": 56, "population": 1430, "o_score_pt": 5080.616, "o_score_car": 3672.427, "CDI": -0.161 }, "geometry": { "type": "Polygon", "coordinates": [ [ [ 2.44204, 48.84623 ], [ 2.44413, 48.84551 ], [ 2.44443, 48.84392 ], [ 2.44266, 48.84306 ], [ 2.44058, 48.84377 ], [ 2.44028, 48.84537 ], [ 2.44204, 48.84623 ] ] ] } },
{ "type": "Feature", "properties": { "id": 57, "population": 2824, "o_score_pt": 6451.65, "o_score_car": 4767.763, "CDI": -0.15 }, "geometry": { "type": "Polygon", "coordinates": [ [ [ 2.33935, 48.87165 ], [ 2.34166, 48.87086 ], [ 2.34199, 48.8691 ], [ 2.34002, 48.86814 ], [ 2.33771, 48.86893 ], [ 2.33737, 48.87068 ], [ 2.33935, 48.87165 ] ] ] } },
{ "type": "Feature", "properties": { "id": 58, "population": 2475, "o_score_pt": 5595.513, "o_score_car": 4065.334, "CDI": -0.158 }, "geometry": { "type": "Polygon", "coordinates": [ [ [ 2.38889, 48.86293 ], [ 2.39115, 48.86215 ], [ 2.39148, 48.86043 ], [ 2.38954, 48.85949 ], [ 2.38728, 48.86026 ], [ 2.38695, 48.86199 ], [ 2.38889, 48.86293 ] ] ] } },
{ "type": "Feature", "properties": { "id": 59, "population": 952, "o_score_pt": 5835.378, "o_score_car": 4508.692, "CDI": -0.128 }, "geometry": { "type": "Polygon", "coordinates": [ [ [ 2.3141, 48.87837 ], [ 2.31606, 48.8777 ], [ 2.31635, 48.87619 ], [ 2.3147, 48.87539 ], [ 2.31274, 48.87606 ], [ 2.31246, 48.87757 ], [ 2.3141, 48.87837 ] ] ] } },
{ "type": "Feature", "properties": { "id": 60, "population": 308, "o_score_pt": 3936.215, "o_score_car": 3764.824, "CDI": -0.022 }, "geometry": { "type": "Polygon", "coordinates": [ [ [ 2.26094, 48.85988 ], [ 2.26254, 48.85934 ], [ 2.26277, 48.85809 ], [ 2.26147, 48.85746 ], [ 2.25987, 48.858 ], [ 2.25964, 48.85925 ], [ 2.26094, 48.85988 ] ] ] } },
{ "type": "Feature", "properties": { "id": 61, "population": 1883, "o_score_pt": 5679.155, "o_score_car": 4017.162, "CDI": -0.171 }, "geometry": { "type": "Polygon", "coordinates": [ [ [ 2.28819, 48.84275 ], [ 2.29037, 48.842 ], [ 2.29069, 48.84034 ], [ 2.28883, 48.83944 ], [ 2.28665, 48.84018 ], [ 2.28634, 48.84184 ], [ 2.28819, 48.84275 ] ] ] } },
{ "type": "Feature", "properties": { "id": 62, "population": 2263, "o_score_pt": 4860.753, "o_score_car": 4128.945, "CDI": -0.081 }, "geometry": { "type": "Polygon", "coordinates": [ [ [ 2.28617, 48.8534 ], [ 2.28841, 48.85263 ], [ 2.28873, 48.85093 ], [ 2.28683, 48.85 ], [ 2.28459, 48.85076 ], [ 2.28426, 48.85246 ], [ 2.28617, 48.8534 ] ] ] } },
{ "type": "Feature", "properties": { "id": 63, "population": 1883, "o_score_pt": 4590.743, "o_score_car": 4299.294, "CDI": -0.033 }, "geometry": { "type": "Polygon", "coordinates": [ [ [ 2.38292, 48.82523 ], [ 2.38509, 48.82449 ], [ 2.38541, 48.82283 ], [ 2.38356, 48.82193 ], [ 2.38138, 48.82267 ], [ 2.38107, 48.82433 ], [ 2.38292, 48.82523 ] ] ] } },
{ "type": "Feature", "properties": { "id": 64, "population": 1179, "o_score_pt": 4849.049, "o_score_car": 4287.959, "CDI": -0.061 }, "geometry": { "type": "Polygon", "coordinates": [ [ [ 2.33709, 48.82593 ], [ 2.33912, 48.82524 ], [ 2.33941, 48.82368 ], [ 2.3377, 48.82285 ], [ 2.33567, 48.82354 ], [ 2.33538, 48.8251 ], [ 2.33709, 48.82593 ] ] ] } },
{ "type": "Feature", "properties": { "id": 65, "population": 72, "o_score_pt": 2836.918, "o_score_car": 3379.223, "CDI": 0.087 }, "geometry": { "type": "Polygon", "coordinates": [ [ [ 2.23402, 48.86376 ], [ 2.23515, 48.86338 ], [ 2.23532, 48.86246 ], [ 2.23447, 48.86204 ], [ 2.23333, 48.86243 ], [ 2.23316, 48.86334 ], [ 2.23402, 48.86376 ] ] ] } },
{ "type": "Feature", "properties": { "id": 66, "population": 79, "o_score_pt": 2991.879, "o_score_car": 3286.034, "CDI": 0.047 }, "geometry": { "type": "Polygon", "coordinates": [ [ [ 2.43979, 48.83475 ], [ 2.44095, 48.83436 ], [ 2.44113, 48.83342 ], [ 2.44025, 48.83299 ], [ 2.43909, 48.83338 ], [ 2.43891, 48.83432 ], [ 2.43979, 48.83475 ] ] ] } },
{ "type": "Feature", "properties": { "id": 67, "population": 2150, "o_score_pt": 5046.213, "o_score_car": 3945.513, "CDI": -0.122 }, "geometry": { "type": "Polygon", "coordinates": [ [ [ 2.28552, 48.84534 ], [ 2.28774, 48.84458 ], [ 2.28807, 48.84289 ], [ 2.28617, 48.84197 ], [ 2.28395, 48.84273 ], [ 2.28363, 48.84442 ], [ 2.28552, 48.84534 ] ] ] } },
{ "type": "Feature", "properties": { "id": 68, "population": 2798, "o_score_pt": 5944.504, "o_score_car": 4327.676, "CDI": -0.157 }, "geometry": { "type": "Polygon", "coordinates": [ [ [ 2.36962, 48.83815 ], [ 2.37192, 48.83736 ], [ 2.37225, 48.83561 ], [ 2.37028, 48.83465 ], [ 2.36797, 48.83544 ], [ 2.36764, 48.83719 ], [ 2.36962, 48.83815 ] ] ] } },
{ "type": "Feature", "properties": { "id": 69, "population": 2016, "o_score_pt": 5201.936, "o_score_car": 4078.711, "CDI": -0.121 }, "geometry": { "type": "Polygon", "coordinates": [ [ [ 2.28416, 48.86397 ], [ 2.28636, 48.86322 ], [ 2.28668, 48.86154 ], [ 2.28481, 48.86063 ], [ 2.28261, 48.86138 ], [ 2.28229, 48.86306 ], [ 2.28416, 48.86397 ] ] ] } },
{ "type": "Feature", "properties": { "id": 70, "population": 2257, "o_score_pt": 5781.56, "o_score_car": 4517.071, "CDI": -0.123 }, "geometry": { "type": "Polygon", "coordinates": [ [ [ 2.33507, 48.83669 ], [ 2.3373, 48.83593 ], [ 2.33762, 48.83423 ], [ 2.33572, 48.8333 ], [ 2.33348, 48.83406 ], [ 2.33316, 48.83576 ], [ 2.33507, 48.83669 ] ] ] } },
{ "type": "Feature", "properties": { "id": 71, "population": 3443, "o_score_pt": 6038.49, "o_score_car": 4377.27, "CDI": -0.159 }, "geometry": { "type": "Polygon", "coordinates": [ [ [ 2.38822, 48.85494 ], [ 2.39054, 48.85414 ], [ 2.39088, 48.85237 ], [ 2.38888, 48.8514 ], [ 2.38656, 48.8522 ], [ 2.38622, 48.85397 ], [ 2.38822, 48.85494 ] ] ] } },
{ "type": "Feature", "properties": { "id": 72, "population": 2855, "o_score_pt": 5808.88, "o_score_car": 4210.77, "CDI": -0.159 }, "geometry": { "type": "Polygon", "coordinates": [ [ [ 2.37027, 48.88091 ], [ 2.37258, 48.88012 ], [ 2.37291, 48.87836 ], [ 2.37093, 48.8774 ], [ 2.36862, 48.87819 ], [ 2.36829, 48.87994 ], [ 2.37027, 48.88091 ] ] ] } },
{ "type": "Feature", "properties": { "id": 73, "population": 2823, "o_score_pt": 5377.249, "o_score_car": 4099.679, "CDI": -0.135 }, "geometry": { "type": "Polygon", "coordinates": [ [ [ 2.39719, 48.87664 ], [ 2.3995, 48.87585 ], [ 2.39983, 48.8741 ], [ 2.39785, 48.87314 ], [ 2.39555, 48.87393 ], [ 2.39522, 48.87568 ], [ 2.39719, 48.87664 ] ] ] } },
{ "type": "Feature", "properties": { "id": 74, "population": 2863, "o_score_pt": 5939.235, "o_score_car": 4291.812, "CDI": -0.161 }, "geometry": { "type": "Polygon", "coordinates": [ [ [ 2.31206, 48.88924 ], [ 2.31437, 48.88845 ], [ 2.31471, 48.88669 ], [ 2.31272, 48.88572 ], [ 2.31041, 48.88652 ], [ 2.31008, 48.88827 ], [ 2.31206, 48.88924 ] ] ] } },
{ "type": "Feature", "properties": { "id": 75, "population": 3796, "o_score_pt": 5248.232, "o_score_car": 4173.244, "CDI": -0.114 }, "geometry": { "type": "Polygon", "coordinates": [ [ [ 2.40815, 48.85307 ], [ 2.41048, 48.85227 ], [ 2.41081, 48.8505 ], [ 2.40881, 48.84953 ], [ 2.40649, 48.85033 ], [ 2.40616, 48.8521 ], [ 2.40815, 48.85307 ] ] ] } },
{ "type": "Feature", "properties": { "id": 76, "population": 214, "o_score_pt": 1230.212, "o_score_car": 3610.968, "CDI": 0.492 }, "geometry": { "type": "Polygon", "coordinates": [ [ [ 2.23601, 48.85342 ], [ 2.23749, 48.85292 ], [ 2.23771, 48.85175 ], [ 2.23652, 48.85117 ], [ 2.23504, 48.85167 ], [ 2.23482, 48.85284 ], [ 2.23601, 48.85342 ] ] ] } },
{ "type": "Feature", "properties": { "id": 77, "population": 1492, "o_score_pt": 3858.425, "o_score_car": 3815.128, "CDI": -0.006 }, "geometry": { "type": "Polygon", "coordinates": [ [ [ 2.2526, 48.84657 ], [ 2.25471, 48.84585 ], [ 2.25501, 48.84424 ], [ 2.25323, 48.84337 ], [ 2.25113, 48.84409 ], [ 2.25082, 48.8457 ], [ 2.2526, 48.84657 ] ] ] } },
{ "type": "Feature", "properties": { "id": 78, "population": 513, "o_score_pt": 2373.185, "o_score_car": 3329.009, "CDI": 0.168 }, "geometry": { "type": "Polygon", "coordinates": [ [ [ 2.46163, 48.82273 ], [ 2.46339, 48.82213 ], [ 2.46365, 48.82076 ], [ 2.46219, 48.82006 ], [ 2.46044, 48.82066 ], [ 2.46018, 48.82202 ], [ 2.46163, 48.82273 ] ] ] } },
{ "type": "Feature", "properties": { "id": 79, "population": 3195, "o_score_pt": 6830.587, "o_score_car": 4826.876, "CDI": -0.172 }, "geometry": { "type": "Polygon", "coordinates": [ [ [ 2.34799, 48.87201 ], [ 2.35032, 48.87121 ], [ 2.35066, 48.86945 ], [ 2.34866, 48.86848 ], [ 2.34633, 48.86927 ], [ 2.346, 48.87104 ], [ 2.34799, 48.87201 ] ] ] } },
{ "type": "Feature", "properties": { "id": 80, "population": 1190, "o_score_pt": 4903.796, "o_score_car": 3984.943, "CDI": -0.103 }, "geometry": { "type": "Polygon", "coordinates": [ [ [ 2.27286, 48.86605 ], [ 2.2749, 48.86536 ], [ 2.27519, 48.8638 ], [ 2.27348, 48.86297 ], [ 2.27145, 48.86366 ], [ 2.27115, 48.86522 ], [ 2.27286, 48.86605 ] ] ] } },
{ "type": "Feature", "properties": { "id": 81, "population": 2579, "o_score_pt": 5331.851, "o_score_car": 4219.205, "CDI": -0.116 }, "geometry": { "type": "Polygon", "coordinates": [ [ [ 2.30813, 48.84097 ], [ 2.31041, 48.84019 ], [ 2.31074, 48.83846 ], [ 2.30879, 48.83751 ], [ 2.30651, 48.83829 ], [ 2.30619, 48.84002 ], [ 2.30813, 48.84097 ] ] ] } },
{ "type": "Feature", "properties": { "id": 82, "population": 2174, "o_score_pt": 4878.417, "o_score_car": 3832.986, "CDI": -0.12 }, "geometry": { "type": "Polygon", "coordinates": [ [ [ 2.28653, 48.84004 ], [ 2.28875, 48.83928 ], [ 2.28908, 48.83759 ], [ 2.28718, 48.83666 ], [ 2.28495, 48.83742 ], [ 2.28463, 48.83912 ], [ 2.28653, 48.84004 ] ] ] } },
{ "type": "Feature", "properties": { "id": 83, "population": 3677, "o_score_pt": 4624.798, "o_score_car": 4126.223, "CDI": -0.057 }, "geometry": { "type": "Polygon", "coordinates": [ [ [ 2.33434, 48.89816 ], [ 2.33667, 48.89737 ], [ 2.337, 48.8956 ], [ 2.33501, 48.89463 ], [ 2.33268, 48.89542 ], [ 2.33234, 48.89719 ], [ 2.33434, 48.89816 ] ] ] } },
{ "type": "Feature", "properties": { "id": 84, "population": 4, "o_score_pt": 3594.478, "o_score_car": 3785.147, "CDI": 0.026 }, "geometry": { "type": "Polygon", "coordinates": [ [ [ 2.25904, 48.86948 ], [ 2.25931, 48.86939 ], [ 2.25937, 48.86909 ], [ 2.25933, 48.86907 ], [ 2.25906, 48.86916 ], [ 2.259, 48.86947 ], [ 2.25904, 48.86948 ] ] ] } },
{ "type": "Feature", "properties": { "id": 85, "population": 2633, "o_score_pt": 5571.455, "o_score_car": 4065.482, "CDI": -0.156 }, "geometry": { "type": "Polygon", "coordinates": [ [ [ 2.29481, 48.85379 ], [ 2.2971, 48.85301 ], [ 2.29743, 48.85127 ], [ 2.29548, 48.85031 ], [ 2.29319, 48.8511 ], [ 2.29286, 48.85283 ], [ 2.29481, 48.85379 ] ] ] } },
{ "type": "Feature", "properties": { "id": 86, "population": 3632, "o_score_pt": 4628.169, "o_score_car": 4017.475, "CDI": -0.071 }, "geometry": { "type": "Polygon", "coordinates": [ [ [ 2.35762, 48.90177 ], [ 2.35995, 48.90097 ], [ 2.36028, 48.89921 ], [ 2.35829, 48.89824 ], [ 2.35596, 48.89903 ], [ 2.35562, 48.9008 ], [ 2.35762, 48.90177 ] ] ] } },
{ "type": "Feature", "properties": { "id": 87, "population": 2808, "o_score_pt": 4460.511, "o_score_car": 4256.815, "CDI": -0.023 }, "geometry": { "type": "Polygon", "coordinates": [ [ [ 2.29984, 48.82729 ], [ 2.30215, 48.8265 ], [ 2.30248, 48.82475 ], [ 2.30051, 48.82379 ], [ 2.2982, 48.82457 ], [ 2.29787, 48.82633 ], [ 2.29984, 48.82729 ] ] ] } },
{ "type": "Feature", "properties": { "id": 88, "population": 649, "o_score_pt": 2035.426, "o_score_car": 3535.474, "CDI": 0.269 }, "geometry": { "type": "Polygon", "coordinates": [ [ [ 2.45996, 48.82005 ], [ 2.4618, 48.81942 ], [ 2.46206, 48.818 ], [ 2.46054, 48.81726 ], [ 2.4587, 48.81789 ], [ 2.45844, 48.81931 ], [ 2.45996, 48.82005 ] ] ] } },
{ "type": "Feature", "properties": { "id": 89, "population": 1250, "o_score_pt": 4748.623, "o_score_car": 4157.506, "CDI": -0.066 }, "geometry": { "type": "Polygon", "coordinates": [ [ [ 2.4085, 48.83952 ], [ 2.41055, 48.83882 ], [ 2.41084, 48.83725 ], [ 2.40912, 48.83641 ], [ 2.40707, 48.83711 ], [ 2.40678, 48.83868 ], [ 2.4085, 48.83952 ] ] ] } },
{ "type": "Feature", "properties": { "id": 90, "population": 1038, "o_score_pt": 6809.952, "o_score_car": 4853.378, "CDI": -0.168 }, "geometry": { "type": "Polygon", "coordinates": [ [ [ 2.34304, 48.86354 ], [ 2.34503, 48.86286 ], [ 2.34532, 48.86133 ], [ 2.34365, 48.86052 ], [ 2.34166, 48.8612 ], [ 2.34137, 48.86272 ], [ 2.34304, 48.86354 ] ] ] } },
{ "type": "Feature", "properties": { "id": 91, "population": 2293, "o_score_pt": 6506.415, "o_score_car": 4467.45, "CDI": -0.186 }, "geometry": { "type": "Polygon", "coordinates": [ [ [ 2.32971, 48.87655 ], [ 2.33195, 48.87578 ], [ 2.33227, 48.87407 ], [ 2.33036, 48.87314 ], [ 2.32812, 48.87391 ], [ 2.3278, 48.87561 ], [ 2.32971, 48.87655 ] ] ] } },
{ "type": "Feature", "properties": { "id": 92, "population": 2816, "o_score_pt": 6134.31, "o_score_car": 4601.442, "CDI": -0.143 }, "geometry": { "type": "Polygon", "coordinates": [ [ [ 2.32009, 48.84682 ], [ 2.3224, 48.84603 ], [ 2.32273, 48.84428 ], [ 2.32076, 48.84332 ], [ 2.31845, 48.84411 ], [ 2.31812, 48.84586 ], [ 2.32009, 48.84682 ] ] ] } },
{ "type": "Feature", "properties": { "id": 93, "population": 1426, "o_score_pt": 5792.299, "o_score_car": 4330.605, "CDI": -0.144 }, "geometry": { "type": "Polygon", "coordinates": [ [ [ 2.3068, 48.85947 ], [ 2.30889, 48.85876 ], [ 2.30919, 48.85716 ], [ 2.30742, 48.8563 ], [ 2.30533, 48.85701 ], [ 2.30503, 48.85861 ], [ 2.3068, 48.85947 ] ] ] } },
{ "type": "Feature", "properties": { "id": 94, "population": 2827, "o_score_pt": 4808.82, "o_score_car": 4185.783, "CDI": -0.069 }, "geometry": { "type": "Polygon", "coordinates": [ [ [ 2.33268, 48.89541 ], [ 2.33499, 48.89462 ], [ 2.33532, 48.89287 ], [ 2.33334, 48.89191 ], [ 2.33103, 48.89269 ], [ 2.3307, 48.89445 ], [ 2.33268, 48.89541 ] ] ] } },
{ "type": "Feature", "properties": { "id": 95, "population": 2015, "o_score_pt": 4296.01, "o_score_car": 4187.347, "CDI": -0.013 }, "geometry": { "type": "Polygon", "coordinates": [ [ [ 2.34505, 48.81837 ], [ 2.34725, 48.81762 ], [ 2.34757, 48.81594 ], [ 2.3457, 48.81503 ], [ 2.3435, 48.81578 ], [ 2.34318, 48.81746 ], [ 2.34505, 48.81837 ] ] ] } },
{ "type": "Feature", "properties": { "id": 96, "population": 239, "o_score_pt": 3309.134, "o_score_car": 3408.972, "CDI": 0.015 }, "geometry": { "type": "Polygon", "coordinates": [ [ [ 2.23564, 48.86679 ], [ 2.23716, 48.86628 ], [ 2.23738, 48.86509 ], [ 2.23616, 48.86449 ], [ 2.23464, 48.86501 ], [ 2.23442, 48.8662 ], [ 2.23564, 48.86679 ] ] ] } },
{ "type": "Feature", "properties": { "id": 97, "population": 2877, "o_score_pt": 4935.378, "o_score_car": 4417.595, "CDI": -0.055 }, "geometry": { "type": "Polygon", "coordinates": [ [ [ 2.30341, 48.88889 ], [ 2.30573, 48.8881 ], [ 2.30606, 48.88634 ], [ 2.30408, 48.88537 ], [ 2.30176, 48.88616 ], [ 2.30142, 48.88792 ], [ 2.30341, 48.88889 ] ] ] } },
{ "type": "Feature", "properties": { "id": 98, "population": 1783, "o_score_pt": 5377.578, "o_score_car": 4130.976, "CDI": -0.131 }, "geometry": { "type": "Polygon", "coordinates": [ [ [ 2.36299, 48.82709 ], [ 2.36515, 48.82635 ], [ 2.36546, 48.8247 ], [ 2.36363, 48.8238 ], [ 2.36147, 48.82454 ], [ 2.36116, 48.82619 ], [ 2.36299, 48.82709 ] ] ] } },
{ "type": "Feature", "properties": { "id": 99, "population": 2556, "o_score_pt": 4969.999, "o_score_car": 4055.372, "CDI": -0.101 }, "geometry": { "type": "Polygon", "coordinates": [ [ [ 2.38656, 48.88687 ], [ 2.38884, 48.88609 ], [ 2.38916, 48.88436 ], [ 2.38722, 48.88342 ], [ 2.38494, 48.8842 ], [ 2.38461, 48.88593 ], [ 2.38656, 48.88687 ] ] ] } },
{ "type": "Feature", "properties": { "id": 100, "population": 2311, "o_score_pt": 6126.774, "o_score_car": 3912.419, "CDI": -0.221 }, "geometry": { "type": "Polygon", "coordinates": [ [ [ 2.29417, 48.84571 ], [ 2.29641, 48.84495 ], [ 2.29674, 48.84324 ], [ 2.29482, 48.8423 ], [ 2.29257, 48.84307 ], [ 2.29225, 48.84478 ], [ 2.29417, 48.84571 ] ] ] } },
{ "type": "Feature", "properties": { "id": 101, "population": 2902, "o_score_pt": 6019.945, "o_score_car": 4125.922, "CDI": -0.187 }, "geometry": { "type": "Polygon", "coordinates": [ [ [ 2.35334, 48.83216 ], [ 2.35565, 48.83136 ], [ 2.35599, 48.8296 ], [ 2.354, 48.82864 ], [ 2.35169, 48.82943 ], [ 2.35135, 48.83119 ], [ 2.35334, 48.83216 ] ] ] } },
{ "type": "Feature", "properties": { "id": 102, "population": 3061, "o_score_pt": 5148.93, "o_score_car": 4008.091, "CDI": -0.125 }, "geometry": { "type": "Polygon", "coordinates": [ [ [ 2.37259, 48.89169 ], [ 2.37492, 48.89089 ], [ 2.37525, 48.88913 ], [ 2.37326, 48.88816 ], [ 2.37093, 48.88895 ], [ 2.37059, 48.89072 ], [ 2.37259, 48.89169 ] ] ] } },
{ "type": "Feature", "properties": { "id": 103, "population": 2448, "o_score_pt": 5819.241, "o_score_car": 4512.96, "CDI": -0.126 }, "geometry": { "type": "Polygon", "coordinates": [ [ [ 2.37128, 48.84085 ], [ 2.37354, 48.84008 ], [ 2.37387, 48.83836 ], [ 2.37193, 48.83742 ], [ 2.36967, 48.83819 ], [ 2.36935, 48.83991 ], [ 2.37128, 48.84085 ] ] ] } },
{ "type": "Feature", "properties": { "id": 104, "population": 2758, "o_score_pt": 5689.188, "o_score_car": 4322.689, "CDI": -0.136 }, "geometry": { "type": "Polygon", "coordinates": [ [ [ 2.37193, 48.88364 ], [ 2.37423, 48.88285 ], [ 2.37456, 48.8811 ], [ 2.37259, 48.88014 ], [ 2.37029, 48.88093 ], [ 2.36996, 48.88268 ], [ 2.37193, 48.88364 ] ] ] } },
{ "type": "Feature", "properties": { "id": 105, "population": 2702, "o_score_pt": 5350.53, "o_score_car": 4275.733, "CDI": -0.112 }, "geometry": { "type": "Polygon", "coordinates": [ [ [ 2.38789, 48.86825 ], [ 2.39018, 48.86747 ], [ 2.39051, 48.86572 ], [ 2.38855, 48.86477 ], [ 2.38625, 48.86555 ], [ 2.38592, 48.8673 ], [ 2.38789, 48.86825 ] ] ] } },
{ "type": "Feature", "properties": { "id": 106, "population": 803, "o_score_pt": 2060.515, "o_score_car": 3494.223, "CDI": 0.258 }, "geometry": { "type": "Polygon", "coordinates": [ [ [ 2.45133, 48.81976 ], [ 2.45323, 48.81911 ], [ 2.4535, 48.81764 ], [ 2.45191, 48.81687 ], [ 2.45001, 48.81752 ], [ 2.44974, 48.81899 ], [ 2.45133, 48.81976 ] ] ] } },
{ "type": "Feature", "properties": { "id": 107, "population": 2809, "o_score_pt": 6611.935, "o_score_car": 4618.6, "CDI": -0.177 }, "geometry": { "type": "Polygon", "coordinates": [ [ [ 2.35166, 48.86413 ], [ 2.35397, 48.86334 ], [ 2.3543, 48.86159 ], [ 2.35232, 48.86063 ], [ 2.35001, 48.86142 ], [ 2.34968, 48.86317 ], [ 2.35166, 48.86413 ] ] ] } },
{ "type": "Feature", "properties": { "id": 108, "population": 1863, "o_score_pt": 6306.411, "o_score_car": 4648.85, "CDI": -0.151 }, "geometry": { "type": "Polygon", "coordinates": [ [ [ 2.32875, 48.84707 ], [ 2.33092, 48.84633 ], [ 2.33124, 48.84467 ], [ 2.32939, 48.84377 ], [ 2.32721, 48.84451 ], [ 2.3269, 48.84617 ], [ 2.32875, 48.84707 ] ] ] } },
{ "type": "Feature", "properties": { "id": 109, "population": 1454, "o_score_pt": 6392.001, "o_score_car": 4664.264, "CDI": -0.156 }, "geometry": { "type": "Polygon", "coordinates": [ [ [ 2.31278, 48.86239 ], [ 2.31487, 48.86167 ], [ 2.31518, 48.86007 ], [ 2.3134, 48.85921 ], [ 2.31131, 48.85992 ], [ 2.311, 48.86153 ], [ 2.31278, 48.86239 ] ] ] } },
{ "type": "Feature", "properties": { "id": 110, "population": 355, "o_score_pt": 3799.252, "o_score_car": 3946.065, "CDI": 0.019 }, "geometry": { "type": "Polygon", "coordinates": [ [ [ 2.26259, 48.86266 ], [ 2.26423, 48.8621 ], [ 2.26448, 48.86082 ], [ 2.26314, 48.86016 ], [ 2.26149, 48.86072 ], [ 2.26125, 48.86201 ], [ 2.26259, 48.86266 ] ] ] } },
{ "type": "Feature", "properties": { "id": 111, "population": 2578, "o_score_pt": 5181.798, "o_score_car": 3995.889, "CDI": -0.129 }, "geometry": { "type": "Polygon", "coordinates": [ [ [ 2.39886, 48.87936 ], [ 2.40114, 48.87858 ], [ 2.40146, 48.87684 ], [ 2.39951, 48.8759 ], [ 2.39723, 48.87668 ], [ 2.39691, 48.87841 ], [ 2.39886, 48.87936 ] ] ] } },
{ "type": "Feature", "properties": { "id": 112, "population": 2246, "o_score_pt": 5194.61, "o_score_car": 4162.33, "CDI": -0.11 }, "geometry": { "type": "Polygon", "coordinates": [ [ [ 2.32403, 48.89501 ], [ 2.32627, 48.89424 ], [ 2.32659, 48.89254 ], [ 2.32469, 48.89161 ], [ 2.32245, 48.89238 ], [ 2.32213, 48.89408 ], [ 2.32403, 48.89501 ] ] ] } },
{ "type": "Feature", "properties": { "id": 113, "population": 1463, "o_score_pt": 5147.608, "o_score_car": 4094.155, "CDI": -0.114 }, "geometry": { "type": "Polygon", "coordinates": [ [ [ 2.3982, 48.83647 ], [ 2.4003, 48.83575 ], [ 2.4006, 48.83415 ], [ 2.39883, 48.83329 ], [ 2.39673, 48.834 ], [ 2.39643, 48.83561 ], [ 2.3982, 48.83647 ] ] ] } },
{ "type": "Feature", "properties": { "id": 114, "population": 26, "o_score_pt": 3724.086, "o_score_car": 3961.481, "CDI": 0.031 }, "geometry": { "type": "Polygon", "coordinates": [ [ [ 2.26663, 48.87555 ], [ 2.26744, 48.87528 ], [ 2.26758, 48.87458 ], [ 2.26702, 48.87432 ], [ 2.26621, 48.87459 ], [ 2.26608, 48.87528 ], [ 2.26663, 48.87555 ] ] ] } },
{ "type": "Feature", "properties": { "id": 115, "population": 361, "o_score_pt": 2516.754, "o_score_car": 3494.696, "CDI": 0.163 }, "geometry": { "type": "Polygon", "coordinates": [ [ [ 2.24925, 48.87547 ], [ 2.2509, 48.87491 ], [ 2.25115, 48.87363 ], [ 2.2498, 48.87297 ], [ 2.24815, 48.87353 ], [ 2.2479, 48.87482 ], [ 2.24925, 48.87547 ] ] ] } },
{ "type": "Feature", "properties": { "id": 116, "population": 242, "o_score_pt": 2450.452, "o_score_car": 3275.223, "CDI": 0.144 }, "geometry": { "type": "Polygon", "coordinates": [ [ [ 2.46332, 48.82528 ], [ 2.46483, 48.82476 ], [ 2.46506, 48.82357 ], [ 2.46383, 48.82297 ], [ 2.46232, 48.82349 ], [ 2.46209, 48.82469 ], [ 2.46332, 48.82528 ] ] ] } },
{ "type": "Feature", "properties": { "id": 117, "population": 205, "o_score_pt": 3972.907, "o_score_car": 4116.487, "CDI": 0.018 }, "geometry": { "type": "Polygon", "coordinates": [ [ [ 2.41221, 48.83121 ], [ 2.41367, 48.83071 ], [ 2.41389, 48.82955 ], [ 2.41271, 48.82898 ], [ 2.41125, 48.82949 ], [ 2.41103, 48.83064 ], [ 2.41221, 48.83121 ] ] ] } },
{ "type": "Feature", "properties": { "id": 118, "population": 3601, "o_score_pt": 6795.887, "o_score_car": 4676.829, "CDI": -0.185 }, "geometry": { "type": "Polygon", "coordinates": [ [ [ 2.36362, 48.86997 ], [ 2.36595, 48.86917 ], [ 2.36628, 48.86741 ], [ 2.36429, 48.86644 ], [ 2.36196, 48.86723 ], [ 2.36163, 48.869 ], [ 2.36362, 48.86997 ] ] ] } },
{ "type": "Feature", "properties": { "id": 119, "population": 2906, "o_score_pt": 6181.745, "o_score_car": 4644.387, "CDI": -0.142 }, "geometry": { "type": "Polygon", "coordinates": [ [ [ 2.34966, 48.87474 ], [ 2.35197, 48.87395 ], [ 2.35231, 48.87219 ], [ 2.35032, 48.87122 ], [ 2.348, 48.87201 ], [ 2.34767, 48.87377 ], [ 2.34966, 48.87474 ] ] ] } },
{ "type": "Feature", "properties": { "id": 120, "population": 1130, "o_score_pt": 6422.92, "o_score_car": 4690.133, "CDI": -0.156 }, "geometry": { "type": "Polygon", "coordinates": [ [ [ 2.32143, 48.86268 ], [ 2.32345, 48.86199 ], [ 2.32374, 48.86045 ], [ 2.32204, 48.85962 ], [ 2.32003, 48.86031 ], [ 2.31973, 48.86185 ], [ 2.32143, 48.86268 ] ] ] } },
{ "type": "Feature", "properties": { "id": 121, "population": 1504, "o_score_pt": 4390.846, "o_score_car": 3873.061, "CDI": -0.063 }, "geometry": { "type": "Polygon", "coordinates": [ [ [ 2.27321, 48.85276 ], [ 2.27532, 48.85204 ], [ 2.27563, 48.85043 ], [ 2.27384, 48.84956 ], [ 2.27174, 48.85028 ], [ 2.27143, 48.85189 ], [ 2.27321, 48.85276 ] ] ] } },
{ "type": "Feature", "properties": { "id": 122, "population": 4077, "o_score_pt": 5403.003, "o_score_car": 3873.403, "CDI": -0.165 }, "geometry": { "type": "Polygon", "coordinates": [ [ [ 2.35796, 48.88843 ], [ 2.36029, 48.88764 ], [ 2.36062, 48.88587 ], [ 2.35863, 48.8849 ], [ 2.3563, 48.8857 ], [ 2.35596, 48.88746 ], [ 2.35796, 48.88843 ] ] ] } },
{ "type": "Feature", "properties": { "id": 123, "population": 1529, "o_score_pt": 5771.264, "o_score_car": 4372.073, "CDI": -0.138 }, "geometry": { "type": "Polygon", "coordinates": [ [ [ 2.31046, 48.85162 ], [ 2.31257, 48.8509 ], [ 2.31288, 48.84929 ], [ 2.31109, 48.84842 ], [ 2.30898, 48.84914 ], [ 2.30867, 48.85075 ], [ 2.31046, 48.85162 ] ] ] } },
{ "type": "Feature", "properties": { "id": 124, "population": 1673, "o_score_pt": 5037.64, "o_score_car": 4217.855, "CDI": -0.089 }, "geometry": { "type": "Polygon", "coordinates": [ [ [ 2.29649, 48.85642 ], [ 2.29863, 48.85568 ], [ 2.29894, 48.85405 ], [ 2.29712, 48.85316 ], [ 2.29498, 48.8539 ], [ 2.29467, 48.85553 ], [ 2.29649, 48.85642 ] ] ] } },
{ "type": "Feature", "properties": { "id": 125, "population": 3259, "o_score_pt": 5005.177, "o_score_car": 3913.099, "CDI": -0.122 }, "geometry": { "type": "Polygon", "coordinates": [ [ [ 2.40948, 48.86914 ], [ 2.41181, 48.86834 ], [ 2.41214, 48.86658 ], [ 2.41015, 48.86561 ], [ 2.40782, 48.8664 ], [ 2.40749, 48.86817 ], [ 2.40948, 48.86914 ] ] ] } },
{ "type": "Feature", "properties": { "id": 126, "population": 2797, "o_score_pt": 4874.672, "o_score_car": 4137.456, "CDI": -0.082 }, "geometry": { "type": "Polygon", "coordinates": [ [ [ 2.28877, 48.88561 ], [ 2.29108, 48.88482 ], [ 2.29141, 48.88307 ], [ 2.28944, 48.88211 ], [ 2.28713, 48.8829 ], [ 2.2868, 48.88465 ], [ 2.28877, 48.88561 ] ] ] } },
{ "type": "Feature", "properties": { "id": 127, "population": 2863, "o_score_pt": 4598.966, "o_score_car": 4068.24, "CDI": -0.061 }, "geometry": { "type": "Polygon", "coordinates": [ [ [ 2.30507, 48.89162 ], [ 2.30738, 48.89083 ], [ 2.30772, 48.88908 ], [ 2.30574, 48.88811 ], [ 2.30342, 48.8889 ], [ 2.30309, 48.89066 ], [ 2.30507, 48.89162 ] ] ] } },
{ "type": "Feature", "properties": { "id": 128, "population": 2635, "o_score_pt": 5807.963, "o_score_car": 4094.068, "CDI": -0.173 }, "geometry": { "type": "Polygon", "coordinates": [ [ [ 2.29582, 48.84849 ], [ 2.29811, 48.8477 ], [ 2.29844, 48.84597 ], [ 2.29648, 48.84501 ], [ 2.29419, 48.84579 ], [ 2.29386, 48.84753 ], [ 2.29582, 48.84849 ] ] ] } },
{ "type": "Feature", "properties": { "id": 129, "population": 2030, "o_score_pt": 5389.428, "o_score_car": 4188.153, "CDI": -0.125 }, "geometry": { "type": "Polygon", "coordinates": [ [ [ 2.37926, 48.83312 ], [ 2.38146, 48.83236 ], [ 2.38178, 48.83069 ], [ 2.3799, 48.82977 ], [ 2.3777, 48.83053 ], [ 2.37739, 48.8322 ], [ 2.37926, 48.83312 ] ] ] } },
{ "type": "Feature", "properties": { "id": 130, "population": 0, "o_score_pt": 2685.823, "o_score_car": 3684.499, "CDI": 0.157 }, "geometry": { "type": "Polygon", "coordinates": [ [ [ 2.24389, 48.85801 ], [ 2.24389, 48.85801 ], [ 2.24391, 48.8579 ], [ 2.24391, 48.8579 ], [ 2.24389, 48.85801 ] ] ] } },
{ "type": "Feature", "properties": { "id": 131, "population": 2388, "o_score_pt": 5243.343, "o_score_car": 4204.411, "CDI": -0.11 }, "geometry": { "type": "Polygon", "coordinates": [ [ [ 2.39653, 48.86857 ], [ 2.39879, 48.86779 ], [ 2.39911, 48.86608 ], [ 2.39718, 48.86514 ], [ 2.39493, 48.86592 ], [ 2.39461, 48.86763 ], [ 2.39653, 48.86857 ] ] ] } },
{ "type": "Feature", "properties": { "id": 132, "population": 2042, "o_score_pt": 5874.455, "o_score_car": 4351.189, "CDI": -0.149 }, "geometry": { "type": "Polygon", "coordinates": [ [ [ 2.32172, 48.88421 ], [ 2.32393, 48.88345 ], [ 2.32425, 48.88177 ], [ 2.32237, 48.88086 ], [ 2.32016, 48.88161 ], [ 2.31984, 48.88329 ], [ 2.32172, 48.88421 ] ] ] } },
{ "type": "Feature", "properties": { "id": 133, "population": 2034, "o_score_pt": 5639.957, "o_score_car": 4024.041, "CDI": -0.167 }, "geometry": { "type": "Polygon", "coordinates": [ [ [ 2.37992, 48.87587 ], [ 2.38212, 48.87512 ], [ 2.38244, 48.87344 ], [ 2.38056, 48.87253 ], [ 2.37836, 48.87328 ], [ 2.37804, 48.87496 ], [ 2.37992, 48.87587 ] ] ] } },
{ "type": "Feature", "properties": { "id": 134, "population": 3258, "o_score_pt": 6117.149, "o_score_car": 4695.687, "CDI": -0.131 }, "geometry": { "type": "Polygon", "coordinates": [ [ [ 2.34336, 48.85046 ], [ 2.34568, 48.84966 ], [ 2.34602, 48.84789 ], [ 2.34402, 48.84692 ], [ 2.3417, 48.84772 ], [ 2.34136, 48.84948 ], [ 2.34336, 48.85046 ] ] ] } },
{ "type": "Feature", "properties": { "id": 135, "population": 2057, "o_score_pt": 3874.932, "o_score_car": 3974.12, "CDI": 0.013 }, "geometry": { "type": "Polygon", "coordinates": [ [ [ 2.26492, 48.83914 ], [ 2.26713, 48.83838 ], [ 2.26745, 48.8367 ], [ 2.26557, 48.83578 ], [ 2.26336, 48.83654 ], [ 2.26304, 48.83822 ], [ 2.26492, 48.83914 ] ] ] } },
{ "type": "Feature", "properties": { "id": 136, "population": 2536, "o_score_pt": 4132.393, "o_score_car": 4052.526, "CDI": -0.01 }, "geometry": { "type": "Polygon", "coordinates": [ [ [ 2.42044, 48.84551 ], [ 2.42271, 48.84473 ], [ 2.42304, 48.843 ], [ 2.42109, 48.84206 ], [ 2.41882, 48.84283 ], [ 2.4185, 48.84456 ], [ 2.42044, 48.84551 ] ] ] } },
{ "type": "Feature", "properties": { "id": 137, "population": 1092, "o_score_pt": 6816.846, "o_score_car": 4827.915, "CDI": -0.171 }, "geometry": { "type": "Polygon", "coordinates": [ [ [ 2.3334, 48.8685 ], [ 2.3354, 48.86782 ], [ 2.33569, 48.86628 ], [ 2.334, 48.86546 ], [ 2.332, 48.86614 ], [ 2.33171, 48.86768 ], [ 2.3334, 48.8685 ] ] ] } },
{ "type": "Feature", "properties": { "id": 138, "population": 2504, "o_score_pt": 5604.042, "o_score_car": 4441.91, "CDI": -0.116 }, "geometry": { "type": "Polygon", "coordinates": [ [ [ 2.34167, 48.88239 ], [ 2.34394, 48.88162 ], [ 2.34427, 48.87989 ], [ 2.34233, 48.87895 ], [ 2.34006, 48.87972 ], [ 2.33973, 48.88145 ], [ 2.34167, 48.88239 ] ] ] } },
{ "type": "Feature", "properties": { "id": 139, "population": 1456, "o_score_pt": 4814.33, "o_score_car": 3877.789, "CDI": -0.108 }, "geometry": { "type": "Polygon", "coordinates": [ [ [ 2.27156, 48.85001 ], [ 2.27365, 48.8493 ], [ 2.27396, 48.8477 ], [ 2.27219, 48.84683 ], [ 2.27009, 48.84755 ], [ 2.26978, 48.84915 ], [ 2.27156, 48.85001 ] ] ] } },
{ "type": "Feature", "properties": { "id": 140, "population": 2772, "o_score_pt": 5426.669, "o_score_car": 4193.064, "CDI": -0.128 }, "geometry": { "type": "Polygon", "coordinates": [ [ [ 2.33967, 48.89302 ], [ 2.34197, 48.89223 ], [ 2.3423, 48.89048 ], [ 2.34033, 48.88952 ], [ 2.33803, 48.89031 ], [ 2.33769, 48.89206 ], [ 2.33967, 48.89302 ] ] ] } },
{ "type": "Feature", "properties": { "id": 141, "population": 2815, "o_score_pt": 4793.287, "o_score_car": 4011.451, "CDI": -0.089 }, "geometry": { "type": "Polygon", "coordinates": [ [ [ 2.28711, 48.88287 ], [ 2.28942, 48.88209 ], [ 2.28976, 48.88033 ], [ 2.28778, 48.87937 ], [ 2.28547, 48.88016 ], [ 2.28514, 48.88191 ], [ 2.28711, 48.88287 ] ] ] } },
{ "type": "Feature", "properties": { "id": 142, "population": 0, "o_score_pt": 1964.628, "o_score_car": 3675.969, "CDI": 0.303 }, "geometry": { "type": "Polygon", "coordinates": [ [ [ 2.43237, 48.82828 ], [ 2.43237, 48.82828 ], [ 2.43239, 48.82817 ], [ 2.43239, 48.82817 ], [ 2.43237, 48.82828 ] ] ] } },
{ "type": "Feature", "properties": { "id": 143, "population": 58, "o_score_pt": 2608.495, "o_score_car": 3285.618, "CDI": 0.115 }, "geometry": { "type": "Polygon", "coordinates": [ [ [ 2.45374, 48.8299 ], [ 2.4548, 48.82953 ], [ 2.45496, 48.82866 ], [ 2.45417, 48.82828 ], [ 2.45311, 48.82864 ], [ 2.45295, 48.82951 ], [ 2.45374, 48.8299 ] ] ] } },
{ "type": "Feature", "properties": { "id": 144, "population": 7, "o_score_pt": 3055.55, "o_score_car": 3330.357, "CDI": 0.043 }, "geometry": { "type": "Polygon", "coordinates": [ [ [ 2.45879, 48.83762 ], [ 2.45921, 48.83747 ], [ 2.45928, 48.83706 ], [ 2.4591, 48.83697 ], [ 2.45868, 48.83711 ], [ 2.45861, 48.83753 ], [ 2.45879, 48.83762 ] ] ] } },
{ "type": "Feature", "properties": { "id": 145, "population": 3662, "o_score_pt": 5479.973, "o_score_car": 4098.982, "CDI": -0.144 }, "geometry": { "type": "Polygon", "coordinates": [ [ [ 2.40782, 48.8664 ], [ 2.41015, 48.86561 ], [ 2.41048, 48.86384 ], [ 2.40849, 48.86287 ], [ 2.40616, 48.86367 ], [ 2.40583, 48.86543 ], [ 2.40782, 48.8664 ] ] ] } },
{ "type": "Feature", "properties": { "id": 146, "population": 3307, "o_score_pt": 6747.176, "o_score_car": 4788.181, "CDI": -0.17 }, "geometry": { "type": "Polygon", "coordinates": [ [ [ 2.35332, 48.86688 ], [ 2.35564, 48.86609 ], [ 2.35598, 48.86432 ], [ 2.35398, 48.86335 ], [ 2.35166, 48.86415 ], [ 2.35132, 48.86591 ], [ 2.35332, 48.86688 ] ] ] } },
{ "type": "Feature", "properties": { "id": 147, "population": 3268, "o_score_pt": 6232.185, "o_score_car": 4587.778, "CDI": -0.152 }, "geometry": { "type": "Polygon", "coordinates": [ [ [ 2.36162, 48.88057 ], [ 2.36395, 48.87977 ], [ 2.36428, 48.87801 ], [ 2.36229, 48.87704 ], [ 2.35996, 48.87783 ], [ 2.35963, 48.8796 ], [ 2.36162, 48.88057 ] ] ] } },
{ "type": "Feature", "properties": { "id": 148, "population": 2579, "o_score_pt": 5944.279, "o_score_car": 4522.683, "CDI": -0.136 }, "geometry": { "type": "Polygon", "coordinates": [ [ [ 2.34001, 48.87966 ], [ 2.34229, 48.87888 ], [ 2.34262, 48.87715 ], [ 2.34067, 48.8762 ], [ 2.33839, 48.87698 ], [ 2.33806, 48.87871 ], [ 2.34001, 48.87966 ] ] ] } },
{ "type": "Feature", "properties": { "id": 149, "population": 3887, "o_score_pt": 5845.036, "o_score_car": 4171.448, "CDI": -0.167 }, "geometry": { "type": "Polygon", "coordinates": [ [ [ 2.34831, 48.89339 ], [ 2.35064, 48.89259 ], [ 2.35097, 48.89082 ], [ 2.34898, 48.88985 ], [ 2.34665, 48.89065 ], [ 2.34632, 48.89242 ], [ 2.34831, 48.89339 ] ] ] } },
{ "type": "Feature", "properties": { "id": 150, "population": 1113, "o_score_pt": 4692.105, "o_score_car": 3916.778, "CDI": -0.09 }, "geometry": { "type": "Polygon", "coordinates": [ [ [ 2.26292, 48.84959 ], [ 2.26493, 48.84891 ], [ 2.26522, 48.84736 ], [ 2.26353, 48.84654 ], [ 2.26152, 48.84723 ], [ 2.26123, 48.84877 ], [ 2.26292, 48.84959 ] ] ] } },
{ "type": "Feature", "properties": { "id": 151, "population": 2382, "o_score_pt": 4781.932, "o_score_car": 3979.973, "CDI": -0.092 }, "geometry": { "type": "Polygon", "coordinates": [ [ [ 2.31879, 48.8307 ], [ 2.32104, 48.82993 ], [ 2.32136, 48.82821 ], [ 2.31944, 48.82727 ], [ 2.31719, 48.82804 ], [ 2.31686, 48.82976 ], [ 2.31879, 48.8307 ] ] ] } },
{ "type": "Feature", "properties": { "id": 152, "population": 2627, "o_score_pt": 4784.803, "o_score_car": 4177.817, "CDI": -0.068 }, "geometry": { "type": "Polygon", "coordinates": [ [ [ 2.35268, 48.82409 ], [ 2.35497, 48.82331 ], [ 2.35529, 48.82157 ], [ 2.35334, 48.82062 ], [ 2.35106, 48.8214 ], [ 2.35073, 48.82314 ], [ 2.35268, 48.82409 ] ] ] } },
{ "type": "Feature", "properties": { "id": 153, "population": 0, "o_score_pt": 3035.886, "o_score_car": 3869.027, "CDI": 0.121 }, "geometry": { "type": "Polygon", "coordinates": [ [ [ 2.42441, 48.83597 ], [ 2.42441, 48.83597 ], [ 2.42443, 48.83586 ], [ 2.42443, 48.83586 ], [ 2.42441, 48.83597 ] ] ] } },
{ "type": "Feature", "properties": { "id": 154, "population": 1610, "o_score_pt": 4740.696, "o_score_car": 4160.235, "CDI": -0.065 }, "geometry": { "type": "Polygon", "coordinates": [ [ [ 2.41016, 48.84232 ], [ 2.41228, 48.84159 ], [ 2.41259, 48.83996 ], [ 2.41079, 48.83908 ], [ 2.40866, 48.83981 ], [ 2.40835, 48.84144 ], [ 2.41016, 48.84232 ] ] ] } },
{ "type": "Feature", "properties": { "id": 155, "population": 1536, "o_score_pt": 6414.943, "o_score_car": 4512.539, "CDI": -0.174 }, "geometry": { "type": "Polygon", "coordinates": [ [ [ 2.36398, 48.85647 ], [ 2.36609, 48.85575 ], [ 2.36639, 48.85413 ], [ 2.36461, 48.85326 ], [ 2.36249, 48.85398 ], [ 2.36219, 48.8556 ], [ 2.36398, 48.85647 ] ] ] } },
{ "type": "Feature", "properties": { "id": 156, "population": 850, "o_score_pt": 5890.238, "o_score_car": 4472.592, "CDI": -0.137 }, "geometry": { "type": "Polygon", "coordinates": [ [ [ 2.3231, 48.86535 ], [ 2.32502, 48.86469 ], [ 2.3253, 48.86321 ], [ 2.32369, 48.86243 ], [ 2.32177, 48.86309 ], [ 2.32149, 48.86457 ], [ 2.3231, 48.86535 ] ] ] } },
{ "type": "Feature", "properties": { "id": 157, "population": 1428, "o_score_pt": 4590.214, "o_score_car": 4033.814, "CDI": -0.065 }, "geometry": { "type": "Polygon", "coordinates": [ [ [ 2.27487, 48.85549 ], [ 2.27696, 48.85478 ], [ 2.27727, 48.85318 ], [ 2.2755, 48.85232 ], [ 2.27341, 48.85303 ], [ 2.2731, 48.85463 ], [ 2.27487, 48.85549 ] ] ] } },
{ "type": "Feature", "properties": { "id": 158, "population": 2191, "o_score_pt": 5472.626, "o_score_car": 4247.18, "CDI": -0.126 }, "geometry": { "type": "Polygon", "coordinates": [ [ [ 2.3736, 48.88632 ], [ 2.37583, 48.88555 ], [ 2.37614, 48.88386 ], [ 2.37425, 48.88293 ], [ 2.37202, 48.8837 ], [ 2.3717, 48.88539 ], [ 2.3736, 48.88632 ] ] ] } },
{ "type": "Feature", "properties": { "id": 159, "population": 0, "o_score_pt": 2342.284, "o_score_car": 3673.828, "CDI": 0.221 }, "geometry": { "type": "Polygon", "coordinates": [ [ [ 2.43071, 48.82554 ], [ 2.43071, 48.82554 ], [ 2.43073, 48.82543 ], [ 2.43073, 48.82543 ], [ 2.43071, 48.82554 ] ] ] } },
{ "type": "Feature", "properties": { "id": 160, "population": 2411, "o_score_pt": 4460.645, "o_score_car": 4008.392, "CDI": -0.053 }, "geometry": { "type": "Polygon", "coordinates": [ [ [ 2.37262, 48.82221 ], [ 2.37487, 48.82143 ], [ 2.37519, 48.81972 ], [ 2.37327, 48.81878 ], [ 2.37101, 48.81955 ], [ 2.37069, 48.82127 ], [ 2.37262, 48.82221 ] ] ] } },
{ "type": "Feature", "properties": { "id": 161, "population": 2473, "o_score_pt": 4691.512, "o_score_car": 3984.105, "CDI": -0.082 }, "geometry": { "type": "Polygon", "coordinates": [ [ [ 2.27356, 48.83954 ], [ 2.27582, 48.83876 ], [ 2.27615, 48.83704 ], [ 2.27422, 48.8361 ], [ 2.27195, 48.83687 ], [ 2.27162, 48.83859 ], [ 2.27356, 48.83954 ] ] ] } },
{ "type": "Feature", "properties": { "id": 162, "population": 3220, "o_score_pt": 4940.583, "o_score_car": 3898.815, "CDI": -0.118 }, "geometry": { "type": "Polygon", "coordinates": [ [ [ 2.3829, 48.89477 ], [ 2.38522, 48.89398 ], [ 2.38556, 48.89221 ], [ 2.38356, 48.89124 ], [ 2.38123, 48.89204 ], [ 2.3809, 48.8938 ], [ 2.3829, 48.89477 ] ] ] } },
{ "type": "Feature", "properties": { "id": 163, "population": 2397, "o_score_pt": 5748.288, "o_score_car": 4504.997, "CDI": -0.121 }, "geometry": { "type": "Polygon", "coordinates": [ [ [ 2.31307, 48.88389 ], [ 2.31533, 48.88312 ], [ 2.31565, 48.88141 ], [ 2.31372, 48.88047 ], [ 2.31147, 48.88124 ], [ 2.31114, 48.88296 ], [ 2.31307, 48.88389 ] ] ] } },
{ "type": "Feature", "properties": { "id": 164, "population": 2257, "o_score_pt": 4584.078, "o_score_car": 4097.982, "CDI": -0.056 }, "geometry": { "type": "Polygon", "coordinates": [ [ [ 2.3982, 48.87129 ], [ 2.40043, 48.87052 ], [ 2.40075, 48.86882 ], [ 2.39884, 48.86789 ], [ 2.39661, 48.86866 ], [ 2.39629, 48.87036 ], [ 2.3982, 48.87129 ] ] ] } },
{ "type": "Feature", "properties": { "id": 165, "population": 1636, "o_score_pt": 5915.738, "o_score_car": 4671.123, "CDI": -0.118 }, "geometry": { "type": "Polygon", "coordinates": [ [ [ 2.33107, 48.85782 ], [ 2.3332, 48.85709 ], [ 2.33351, 48.85546 ], [ 2.3317, 48.85458 ], [ 2.32957, 48.85531 ], [ 2.32926, 48.85694 ], [ 2.33107, 48.85782 ] ] ] } },
{ "type": "Feature", "properties": { "id": 166, "population": 3221, "o_score_pt": 6675.02, "o_score_car": 4837.072, "CDI": -0.16 }, "geometry": { "type": "Polygon", "coordinates": [ [ [ 2.34502, 48.85319 ], [ 2.34734, 48.8524 ], [ 2.34768, 48.85063 ], [ 2.34568, 48.84966 ], [ 2.34336, 48.85046 ], [ 2.34302, 48.85222 ], [ 2.34502, 48.85319 ] ] ] } },
{ "type": "Feature", "properties": { "id": 167, "population": 1590, "o_score_pt": 4819.831, "o_score_car": 4020.528, "CDI": -0.09 }, "geometry": { "type": "Polygon", "coordinates": [ [ [ 2.27884, 48.86904 ], [ 2.28096, 48.86831 ], [ 2.28127, 48.86669 ], [ 2.27947, 48.86581 ], [ 2.27734, 48.86654 ], [ 2.27704, 48.86816 ], [ 2.27884, 48.86904 ] ] ] } },
{ "type": "Feature", "properties": { "id": 168, "population": 3193, "o_score_pt": 4859.24, "o_score_car": 4214.292, "CDI": -0.071 }, "geometry": { "type": "Polygon", "coordinates": [ [ [ 2.31079, 48.83844 ], [ 2.31312, 48.83765 ], [ 2.31345, 48.83588 ], [ 2.31146, 48.83491 ], [ 2.30913, 48.8357 ], [ 2.3088, 48.83747 ], [ 2.31079, 48.83844 ] ] ] } },
{ "type": "Feature", "properties": { "id": 169, "population": 2499, "o_score_pt": 5477.14, "o_score_car": 4271.924, "CDI": -0.124 }, "geometry": { "type": "Polygon", "coordinates": [ [ [ 2.37494, 48.83299 ], [ 2.3772, 48.83222 ], [ 2.37753, 48.83049 ], [ 2.37559, 48.82955 ], [ 2.37332, 48.83032 ], [ 2.373, 48.83205 ], [ 2.37494, 48.83299 ] ] ] } },
{ "type": "Feature", "properties": { "id": 170, "population": 3109, "o_score_pt": 4328.089, "o_score_car": 4024.718, "CDI": -0.036 }, "geometry": { "type": "Polygon", "coordinates": [ [ [ 2.41115, 48.87188 ], [ 2.41347, 48.87108 ], [ 2.4138, 48.86931 ], [ 2.41181, 48.86834 ], [ 2.40948, 48.86914 ], [ 2.40915, 48.87091 ], [ 2.41115, 48.87188 ] ] ] } },
{ "type": "Feature", "properties": { "id": 171, "population": 3739, "o_score_pt": 4954.921, "o_score_car": 3992.259, "CDI": -0.108 }, "geometry": { "type": "Polygon", "coordinates": [ [ [ 2.36028, 48.89921 ], [ 2.36261, 48.89841 ], [ 2.36294, 48.89664 ], [ 2.36095, 48.89567 ], [ 2.35862, 48.89647 ], [ 2.35829, 48.89824 ], [ 2.36028, 48.89921 ] ] ] } },
{ "type": "Feature", "properties": { "id": 172, "population": 2354, "o_score_pt": 5065.244, "o_score_car": 4287.469, "CDI": -0.083 }, "geometry": { "type": "Polygon", "coordinates": [ [ [ 2.32677, 48.82301 ], [ 2.32902, 48.82224 ], [ 2.32934, 48.82053 ], [ 2.32742, 48.81959 ], [ 2.32517, 48.82036 ], [ 2.32485, 48.82207 ], [ 2.32677, 48.82301 ] ] ] } },
{ "type": "Feature", "properties": { "id": 173, "population": 10, "o_score_pt": 2772.863, "o_score_car": 3909.508, "CDI": 0.17 }, "geometry": { "type": "Polygon", "coordinates": [ [ [ 2.42259, 48.83358 ], [ 2.42311, 48.8334 ], [ 2.4232, 48.83292 ], [ 2.42292, 48.83278 ], [ 2.4224, 48.83296 ], [ 2.42231, 48.83345 ], [ 2.42259, 48.83358 ] ] ] } },
{ "type": "Feature", "properties": { "id": 174, "population": 1505, "o_score_pt": 6282.143, "o_score_car": 4518.112, "CDI": -0.163 }, "geometry": { "type": "Polygon", "coordinates": [ [ [ 2.36232, 48.85373 ], [ 2.36442, 48.85301 ], [ 2.36473, 48.8514 ], [ 2.36294, 48.85053 ], [ 2.36084, 48.85125 ], [ 2.36053, 48.85286 ], [ 2.36232, 48.85373 ] ] ] } },
{ "type": "Feature", "properties": { "id": 175, "population": 1899, "o_score_pt": 6845.115, "o_score_car": 4817.262, "CDI": -0.174 }, "geometry": { "type": "Polygon", "coordinates": [ [ [ 2.33372, 48.8553 ], [ 2.33591, 48.85455 ], [ 2.33622, 48.85289 ], [ 2.33437, 48.85198 ], [ 2.33218, 48.85273 ], [ 2.33187, 48.85439 ], [ 2.33372, 48.8553 ] ] ] } },
{ "type": "Feature", "properties": { "id": 176, "population": 1450, "o_score_pt": 5007.394, "o_score_car": 4172.776, "CDI": -0.091 }, "geometry": { "type": "Polygon", "coordinates": [ [ [ 2.28352, 48.85585 ], [ 2.28562, 48.85513 ], [ 2.28592, 48.85353 ], [ 2.28415, 48.85267 ], [ 2.28205, 48.85338 ], [ 2.28175, 48.85499 ], [ 2.28352, 48.85585 ] ] ] } },
{ "type": "Feature", "properties": { "id": 177, "population": 2414, "o_score_pt": 5300.582, "o_score_car": 4078.807, "CDI": -0.13 }, "geometry": { "type": "Polygon", "coordinates": [ [ [ 2.38224, 48.88669 ], [ 2.3845, 48.88591 ], [ 2.38482, 48.8842 ], [ 2.38289, 48.88326 ], [ 2.38063, 48.88403 ], [ 2.38031, 48.88575 ], [ 2.38224, 48.88669 ] ] ] } },
{ "type": "Feature", "properties": { "id": 178, "population": 2429, "o_score_pt": 5496.533, "o_score_car": 4150.107, "CDI": -0.14 }, "geometry": { "type": "Polygon", "coordinates": [ [ [ 2.28747, 48.8695 ], [ 2.28974, 48.86872 ], [ 2.29006, 48.867 ], [ 2.28813, 48.86606 ], [ 2.28587, 48.86684 ], [ 2.28554, 48.86856 ], [ 2.28747, 48.8695 ] ] ] } },
{ "type": "Feature", "properties": { "id": 179, "population": 3450, "o_score_pt": 4929.691, "o_score_car": 4105.469, "CDI": -0.091 }, "geometry": { "type": "Polygon", "coordinates": [ [ [ 2.30913, 48.8357 ], [ 2.31146, 48.83491 ], [ 2.3118, 48.83314 ], [ 2.3098, 48.83217 ], [ 2.30748, 48.83296 ], [ 2.30714, 48.83473 ], [ 2.30913, 48.8357 ] ] ] } },
{ "type": "Feature", "properties": { "id": 180, "population": 1832, "o_score_pt": 5012.445, "o_score_car": 4203.256, "CDI": -0.088 }, "geometry": { "type": "Polygon", "coordinates": [ [ [ 2.33873, 48.82878 ], [ 2.3409, 48.82804 ], [ 2.34122, 48.82638 ], [ 2.33937, 48.82548 ], [ 2.3372, 48.82622 ], [ 2.33689, 48.82788 ], [ 2.33873, 48.82878 ] ] ] } },
{ "type": "Feature", "properties": { "id": 181, "population": 2589, "o_score_pt": 5394.524, "o_score_car": 4200.161, "CDI": -0.124 }, "geometry": { "type": "Polygon", "coordinates": [ [ [ 2.37328, 48.83026 ], [ 2.37555, 48.82948 ], [ 2.37588, 48.82775 ], [ 2.37393, 48.8268 ], [ 2.37165, 48.82758 ], [ 2.37133, 48.82932 ], [ 2.37328, 48.83026 ] ] ] } },
{ "type": "Feature", "properties": { "id": 182, "population": 3417, "o_score_pt": 3830.535, "o_score_car": 4058.617, "CDI": 0.029 }, "geometry": { "type": "Polygon", "coordinates": [ [ [ 2.36627, 48.90212 ], [ 2.3686, 48.90132 ], [ 2.36893, 48.89955 ], [ 2.36693, 48.89858 ], [ 2.36461, 48.89938 ], [ 2.36427, 48.90115 ], [ 2.36627, 48.90212 ] ] ] } },
{ "type": "Feature", "properties": { "id": 183, "population": 1235, "o_score_pt": 5899.773, "o_score_car": 4767.921, "CDI": -0.106 }, "geometry": { "type": "Polygon", "coordinates": [ [ [ 2.35368, 48.85333 ], [ 2.35573, 48.85263 ], [ 2.35602, 48.85106 ], [ 2.3543, 48.85023 ], [ 2.35226, 48.85092 ], [ 2.35196, 48.85249 ], [ 2.35368, 48.85333 ] ] ] } },
{ "type": "Feature", "properties": { "id": 184, "population": 1442, "o_score_pt": 5753.109, "o_score_car": 4337.537, "CDI": -0.14 }, "geometry": { "type": "Polygon", "coordinates": [ [ [ 2.36332, 48.84841 ], [ 2.36541, 48.8477 ], [ 2.36571, 48.8461 ], [ 2.36394, 48.84524 ], [ 2.36185, 48.84595 ], [ 2.36155, 48.84755 ], [ 2.36332, 48.84841 ] ] ] } },
{ "type": "Feature", "properties": { "id": 185, "population": 1911, "o_score_pt": 6352.762, "o_score_car": 4690.953, "CDI": -0.15 }, "geometry": { "type": "Polygon", "coordinates": [ [ [ 2.33206, 48.85256 ], [ 2.33425, 48.85181 ], [ 2.33456, 48.85015 ], [ 2.33271, 48.84924 ], [ 2.33052, 48.84999 ], [ 2.33021, 48.85165 ], [ 2.33206, 48.85256 ] ] ] } },
{ "type": "Feature", "properties": { "id": 186, "population": 1045, "o_score_pt": 4208.787, "o_score_car": 4013.642, "CDI": -0.024 }, "geometry": { "type": "Polygon", "coordinates": [ [ [ 2.26522, 48.86036 ], [ 2.26722, 48.85968 ], [ 2.26751, 48.85815 ], [ 2.26583, 48.85734 ], [ 2.26384, 48.85802 ], [ 2.26355, 48.85954 ], [ 2.26522, 48.86036 ] ] ] } },
{ "type": "Feature", "properties": { "id": 187, "population": 2407, "o_score_pt": 6022.057, "o_score_car": 4456.702, "CDI": -0.149 }, "geometry": { "type": "Polygon", "coordinates": [ [ [ 2.33074, 48.83653 ], [ 2.333, 48.83576 ], [ 2.33333, 48.83404 ], [ 2.3314, 48.8331 ], [ 2.32914, 48.83388 ], [ 2.32882, 48.83559 ], [ 2.33074, 48.83653 ] ] ] } },
{ "type": "Feature", "properties": { "id": 188, "population": 3282, "o_score_pt": 4958.089, "o_score_car": 3948.125, "CDI": -0.113 }, "geometry": { "type": "Polygon", "coordinates": [ [ [ 2.36394, 48.89134 ], [ 2.36627, 48.89055 ], [ 2.36661, 48.88878 ], [ 2.36461, 48.88781 ], [ 2.36228, 48.88861 ], [ 2.36195, 48.89037 ], [ 2.36394, 48.89134 ] ] ] } },
{ "type": "Feature", "properties": { "id": 189, "population": 3762, "o_score_pt": 5115.24, "o_score_car": 3786.335, "CDI": -0.149 }, "geometry": { "type": "Polygon", "coordinates": [ [ [ 2.34997, 48.89612 ], [ 2.3523, 48.89533 ], [ 2.35264, 48.89356 ], [ 2.35064, 48.89259 ], [ 2.34831, 48.89339 ], [ 2.34798, 48.89515 ], [ 2.34997, 48.89612 ] ] ] } },
{ "type": "Feature", "properties": { "id": 190, "population": 2675, "o_score_pt": 5124.94, "o_score_car": 4203.524, "CDI": -0.099 }, "geometry": { "type": "Polygon", "coordinates": [ [ [ 2.34736, 48.82922 ], [ 2.34965, 48.82844 ], [ 2.34998, 48.8267 ], [ 2.34802, 48.82574 ], [ 2.34573, 48.82652 ], [ 2.3454, 48.82827 ], [ 2.34736, 48.82922 ] ] ] } },
{ "type": "Feature", "properties": { "id": 191, "population": 142, "o_score_pt": 2183.099, "o_score_car": 3798.772, "CDI": 0.27 }, "geometry": { "type": "Polygon", "coordinates": [ [ [ 2.42184, 48.82617 ], [ 2.42319, 48.82571 ], [ 2.42339, 48.82463 ], [ 2.42233, 48.82412 ], [ 2.42098, 48.82458 ], [ 2.42078, 48.82565 ], [ 2.42184, 48.82617 ] ] ] } },
{ "type": "Feature", "properties": { "id": 192, "population": 1013, "o_score_pt": 5554.648, "o_score_car": 4331.219, "CDI": -0.124 }, "geometry": { "type": "Polygon", "coordinates": [ [ [ 2.30112, 48.87785 ], [ 2.30311, 48.87718 ], [ 2.30339, 48.87566 ], [ 2.30173, 48.87485 ], [ 2.29975, 48.87552 ], [ 2.29946, 48.87704 ], [ 2.30112, 48.87785 ] ] ] } },
{ "type": "Feature", "properties": { "id": 193, "population": 2426, "o_score_pt": 5967.44, "o_score_car": 4670.094, "CDI": -0.122 }, "geometry": { "type": "Polygon", "coordinates": [ [ [ 2.353, 48.84545 ], [ 2.35526, 48.84468 ], [ 2.35559, 48.84296 ], [ 2.35366, 48.84202 ], [ 2.3514, 48.84279 ], [ 2.35107, 48.84451 ], [ 2.353, 48.84545 ] ] ] } },
{ "type": "Feature", "properties": { "id": 194, "population": 3308, "o_score_pt": 6443.767, "o_score_car": 4688.162, "CDI": -0.158 }, "geometry": { "type": "Polygon", "coordinates": [ [ [ 2.35996, 48.87783 ], [ 2.36229, 48.87704 ], [ 2.36262, 48.87527 ], [ 2.36063, 48.8743 ], [ 2.3583, 48.8751 ], [ 2.35797, 48.87686 ], [ 2.35996, 48.87783 ] ] ] } },
{ "type": "Feature", "properties": { "id": 195, "population": 4835, "o_score_pt": 6139.691, "o_score_car": 4566.76, "CDI": -0.147 }, "geometry": { "type": "Polygon", "coordinates": [ [ [ 2.37592, 48.86245 ], [ 2.37825, 48.86166 ], [ 2.37858, 48.85989 ], [ 2.37659, 48.85892 ], [ 2.37426, 48.85972 ], [ 2.37393, 48.86148 ], [ 2.37592, 48.86245 ] ] ] } },
{ "type": "Feature", "properties": { "id": 196, "population": 3166, "o_score_pt": 6447.381, "o_score_car": 4491.701, "CDI": -0.179 }, "geometry": { "type": "Polygon", "coordinates": [ [ [ 2.37094, 48.85424 ], [ 2.37326, 48.85345 ], [ 2.3736, 48.85168 ], [ 2.3716, 48.85071 ], [ 2.36928, 48.8515 ], [ 2.36894, 48.85327 ], [ 2.37094, 48.85424 ] ] ] } },
{ "type": "Feature", "properties": { "id": 197, "population": 1125, "o_score_pt": 6247.666, "o_score_car": 4662.918, "CDI": -0.145 }, "geometry": { "type": "Polygon", "coordinates": [ [ [ 2.33972, 48.85808 ], [ 2.34173, 48.85739 ], [ 2.34203, 48.85585 ], [ 2.34033, 48.85502 ], [ 2.33832, 48.85571 ], [ 2.33803, 48.85726 ], [ 2.33972, 48.85808 ] ] ] } },
{ "type": "Feature", "properties": { "id": 198, "population": 1928, "o_score_pt": 6393.485, "o_score_car": 4547.089, "CDI": -0.169 }, "geometry": { "type": "Polygon", "coordinates": [ [ [ 2.36131, 48.85909 ], [ 2.3635, 48.85834 ], [ 2.36381, 48.85667 ], [ 2.36195, 48.85577 ], [ 2.35977, 48.85652 ], [ 2.35945, 48.85818 ], [ 2.36131, 48.85909 ] ] ] } },
{ "type": "Feature", "properties": { "id": 199, "population": 2034, "o_score_pt": 5461.904, "o_score_car": 4162.841, "CDI": -0.135 }, "geometry": { "type": "Polygon", "coordinates": [ [ [ 2.36465, 48.82986 ], [ 2.36685, 48.8291 ], [ 2.36716, 48.82742 ], [ 2.36529, 48.82651 ], [ 2.36309, 48.82726 ], [ 2.36277, 48.82894 ], [ 2.36465, 48.82986 ] ] ] } },
{ "type": "Feature", "properties": { "id": 200, "population": 65, "o_score_pt": 4182.47, "o_score_car": 3967.633, "CDI": -0.026 }, "geometry": { "type": "Polygon", "coordinates": [ [ [ 2.26927, 48.87321 ], [ 2.27037, 48.87283 ], [ 2.27054, 48.87194 ], [ 2.26972, 48.87154 ], [ 2.26862, 48.87191 ], [ 2.26845, 48.87281 ], [ 2.26927, 48.87321 ] ] ] } },
{ "type": "Feature", "properties": { "id": 201, "population": 2823, "o_score_pt": 4347.356, "o_score_car": 4051.238, "CDI": -0.035 }, "geometry": { "type": "Polygon", "coordinates": [ [ [ 2.37492, 48.90245 ], [ 2.37723, 48.90166 ], [ 2.37756, 48.89991 ], [ 2.37558, 48.89894 ], [ 2.37327, 48.89973 ], [ 2.37294, 48.90149 ], [ 2.37492, 48.90245 ] ] ] } },
{ "type": "Feature", "properties": { "id": 202, "population": 3026, "o_score_pt": 6172.825, "o_score_car": 4585.107, "CDI": -0.148 }, "geometry": { "type": "Polygon", "coordinates": [ [ [ 2.36562, 48.85937 ], [ 2.36795, 48.85857 ], [ 2.36828, 48.85681 ], [ 2.36629, 48.85583 ], [ 2.36396, 48.85663 ], [ 2.36363, 48.8584 ], [ 2.36562, 48.85937 ] ] ] } },
{ "type": "Feature", "properties": { "id": 203, "population": 1222, "o_score_pt": 5858.822, "o_score_car": 4771.345, "CDI": -0.102 }, "geometry": { "type": "Polygon", "coordinates": [ [ [ 2.3374, 48.84732 ], [ 2.33944, 48.84663 ], [ 2.33974, 48.84506 ], [ 2.33802, 48.84423 ], [ 2.33598, 48.84492 ], [ 2.33568, 48.84649 ], [ 2.3374, 48.84732 ] ] ] } },
{ "type": "Feature", "properties": { "id": 204, "population": 1610, "o_score_pt": 6129.934, "o_score_car": 4703.786, "CDI": -0.132 }, "geometry": { "type": "Polygon", "coordinates": [ [ [ 2.32343, 48.85216 ], [ 2.32556, 48.85144 ], [ 2.32586, 48.84981 ], [ 2.32406, 48.84893 ], [ 2.32193, 48.84966 ], [ 2.32162, 48.85129 ], [ 2.32343, 48.85216 ] ] ] } },
{ "type": "Feature", "properties": { "id": 205, "population": 2446, "o_score_pt": 5877.61, "o_score_car": 4360.888, "CDI": -0.148 }, "geometry": { "type": "Polygon", "coordinates": [ [ [ 2.32908, 48.8338 ], [ 2.33135, 48.83302 ], [ 2.33167, 48.8313 ], [ 2.32974, 48.83036 ], [ 2.32748, 48.83113 ], [ 2.32715, 48.83286 ], [ 2.32908, 48.8338 ] ] ] } },
{ "type": "Feature", "properties": { "id": 206, "population": 3486, "o_score_pt": 5372.576, "o_score_car": 4313.999, "CDI": -0.109 }, "geometry": { "type": "Polygon", "coordinates": [ [ [ 2.31245, 48.84118 ], [ 2.31478, 48.84039 ], [ 2.31511, 48.83862 ], [ 2.31312, 48.83765 ], [ 2.31079, 48.83844 ], [ 2.31046, 48.84021 ], [ 2.31245, 48.84118 ] ] ] } },
{ "type": "Feature", "properties": { "id": 207, "population": 1597, "o_score_pt": 5966.245, "o_score_car": 4703.156, "CDI": -0.118 }, "geometry": { "type": "Polygon", "coordinates": [ [ [ 2.33539, 48.85799 ], [ 2.33752, 48.85726 ], [ 2.33782, 48.85564 ], [ 2.33602, 48.85476 ], [ 2.33389, 48.85549 ], [ 2.33359, 48.85711 ], [ 2.33539, 48.85799 ] ] ] } },
{ "type": "Feature", "properties": { "id": 208, "population": 4637, "o_score_pt": 5674.43, "o_score_car": 4454.822, "CDI": -0.12 }, "geometry": { "type": "Polygon", "coordinates": [ [ [ 2.37426, 48.85972 ], [ 2.37659, 48.85892 ], [ 2.37692, 48.85715 ], [ 2.37493, 48.85618 ], [ 2.3726, 48.85698 ], [ 2.37227, 48.85875 ], [ 2.37426, 48.85972 ] ] ] } },
{ "type": "Feature", "properties": { "id": 209, "population": 4828, "o_score_pt": 6062.863, "o_score_car": 4512.496, "CDI": -0.147 }, "geometry": { "type": "Polygon", "coordinates": [ [ [ 2.37226, 48.87032 ], [ 2.37459, 48.86952 ], [ 2.37492, 48.86775 ], [ 2.37293, 48.86678 ], [ 2.3706, 48.86758 ], [ 2.37027, 48.86935 ], [ 2.37226, 48.87032 ] ] ] } },
{ "type": "Feature", "properties": { "id": 210, "population": 1229, "o_score_pt": 5881.31, "o_score_car": 4651.531, "CDI": -0.117 }, "geometry": { "type": "Polygon", "coordinates": [ [ [ 2.33574, 48.84459 ], [ 2.33778, 48.84389 ], [ 2.33808, 48.84232 ], [ 2.33636, 48.84148 ], [ 2.33432, 48.84218 ], [ 2.33402, 48.84375 ], [ 2.33574, 48.84459 ] ] ] } },
{ "type": "Feature", "properties": { "id": 211, "population": 2018, "o_score_pt": 5646.616, "o_score_car": 4375.744, "CDI": -0.127 }, "geometry": { "type": "Polygon", "coordinates": [ [ [ 2.38325, 48.84663 ], [ 2.38545, 48.84588 ], [ 2.38576, 48.8442 ], [ 2.38389, 48.84329 ], [ 2.38169, 48.84404 ], [ 2.38137, 48.84572 ], [ 2.38325, 48.84663 ] ] ] } },
{ "type": "Feature", "properties": { "id": 212, "population": 2694, "o_score_pt": 5936.301, "o_score_car": 4427.791, "CDI": -0.146 }, "geometry": { "type": "Polygon", "coordinates": [ [ [ 2.3211, 48.84151 ], [ 2.32339, 48.84073 ], [ 2.32372, 48.83898 ], [ 2.32176, 48.83803 ], [ 2.31946, 48.83881 ], [ 2.31913, 48.84055 ], [ 2.3211, 48.84151 ] ] ] } },
{ "type": "Feature", "properties": { "id": 213, "population": 2608, "o_score_pt": 5182.86, "o_score_car": 4108.323, "CDI": -0.116 }, "geometry": { "type": "Polygon", "coordinates": [ [ [ 2.28913, 48.87225 ], [ 2.29142, 48.87147 ], [ 2.29175, 48.86974 ], [ 2.28979, 48.86879 ], [ 2.28751, 48.86957 ], [ 2.28718, 48.8713 ], [ 2.28913, 48.87225 ] ] ] } },
{ "type": "Feature", "properties": { "id": 214, "population": 2839, "o_score_pt": 5450.475, "o_score_car": 4272.721, "CDI": -0.121 }, "geometry": { "type": "Polygon", "coordinates": [ [ [ 2.29742, 48.88597 ], [ 2.29974, 48.88518 ], [ 2.30007, 48.88342 ], [ 2.29809, 48.88246 ], [ 2.29578, 48.88325 ], [ 2.29544, 48.88501 ], [ 2.29742, 48.88597 ] ] ] } },
{ "type": "Feature", "properties": { "id": 215, "population": 3729, "o_score_pt": 5428.026, "o_score_car": 4229.587, "CDI": -0.124 }, "geometry": { "type": "Polygon", "coordinates": [ [ [ 2.40981, 48.8558 ], [ 2.41214, 48.85501 ], [ 2.41247, 48.85324 ], [ 2.41048, 48.85227 ], [ 2.40815, 48.85307 ], [ 2.40782, 48.85483 ], [ 2.40981, 48.8558 ] ] ] } },
{ "type": "Feature", "properties": { "id": 216, "population": 0, "o_score_pt": 1857.084, "o_score_car": 3633.799, "CDI": 0.324 }, "geometry": { "type": "Polygon", "coordinates": [ [ [ 2.43502, 48.82572 ], [ 2.43502, 48.82572 ], [ 2.43504, 48.82561 ], [ 2.43504, 48.82561 ], [ 2.43502, 48.82572 ] ] ] } },
{ "type": "Feature", "properties": { "id": 217, "population": 3142, "o_score_pt": 6193.346, "o_score_car": 4650.74, "CDI": -0.142 }, "geometry": { "type": "Polygon", "coordinates": [ [ [ 2.35598, 48.86432 ], [ 2.3583, 48.86352 ], [ 2.35864, 48.86176 ], [ 2.35664, 48.86079 ], [ 2.35432, 48.86158 ], [ 2.35398, 48.86335 ], [ 2.35598, 48.86432 ] ] ] } },
{ "type": "Feature", "properties": { "id": 218, "population": 731, "o_score_pt": 6524.356, "o_score_car": 4807.087, "CDI": -0.152 }, "geometry": { "type": "Polygon", "coordinates": [ [ [ 2.34406, 48.85815 ], [ 2.34593, 48.85751 ], [ 2.3462, 48.85607 ], [ 2.34464, 48.8553 ], [ 2.34277, 48.85595 ], [ 2.34249, 48.85739 ], [ 2.34406, 48.85815 ] ] ] } },
{ "type": "Feature", "properties": { "id": 219, "population": 3289, "o_score_pt": 5521.805, "o_score_car": 4160.417, "CDI": -0.141 }, "geometry": { "type": "Polygon", "coordinates": [ [ [ 2.36428, 48.87801 ], [ 2.36661, 48.87721 ], [ 2.36694, 48.87544 ], [ 2.36495, 48.87447 ], [ 2.36262, 48.87527 ], [ 2.36229, 48.87704 ], [ 2.36428, 48.87801 ] ] ] } },
{ "type": "Feature", "properties": { "id": 220, "population": 1834, "o_score_pt": 5669.903, "o_score_car": 4589.228, "CDI": -0.105 }, "geometry": { "type": "Polygon", "coordinates": [ [ [ 2.35733, 48.84556 ], [ 2.3595, 48.84482 ], [ 2.35981, 48.84316 ], [ 2.35797, 48.84226 ], [ 2.3558, 48.84301 ], [ 2.35549, 48.84466 ], [ 2.35733, 48.84556 ] ] ] } },
{ "type": "Feature", "properties": { "id": 221, "population": 3778, "o_score_pt": 5919.372, "o_score_car": 4452.656, "CDI": -0.141 }, "geometry": { "type": "Polygon", "coordinates": [ [ [ 2.37526, 48.85442 ], [ 2.37758, 48.85362 ], [ 2.37792, 48.85185 ], [ 2.37592, 48.85088 ], [ 2.3736, 48.85168 ], [ 2.37326, 48.85345 ], [ 2.37526, 48.85442 ] ] ] } },
{ "type": "Feature", "properties": { "id": 222, "population": 4286, "o_score_pt": 5571.903, "o_score_car": 4555.241, "CDI": -0.1 }, "geometry": { "type": "Polygon", "coordinates": [ [ [ 2.38024, 48.86263 ], [ 2.38257, 48.86183 ], [ 2.3829, 48.86006 ], [ 2.38091, 48.85909 ], [ 2.37858, 48.85989 ], [ 2.37825, 48.86166 ], [ 2.38024, 48.86263 ] ] ] } },
{ "type": "Feature", "properties": { "id": 223, "population": 32, "o_score_pt": 2318.641, "o_score_car": 3461.396, "CDI": 0.198 }, "geometry": { "type": "Polygon", "coordinates": [ [ [ 2.44014, 48.8212 ], [ 2.44102, 48.8209 ], [ 2.44115, 48.82016 ], [ 2.44054, 48.81986 ], [ 2.43967, 48.82017 ], [ 2.43953, 48.8209 ], [ 2.44014, 48.8212 ] ] ] } },
{ "type": "Feature", "properties": { "id": 224, "population": 2829, "o_score_pt": 5016.232, "o_score_car": 4141.345, "CDI": -0.096 }, "geometry": { "type": "Polygon", "coordinates": [ [ [ 2.2931, 48.88579 ], [ 2.29541, 48.885 ], [ 2.29574, 48.88325 ], [ 2.29377, 48.88228 ], [ 2.29145, 48.88307 ], [ 2.29112, 48.88483 ], [ 2.2931, 48.88579 ] ] ] } },
{ "type": "Feature", "properties": { "id": 225, "population": 2100, "o_score_pt": 6155.573, "o_score_car": 4440.024, "CDI": -0.162 }, "geometry": { "type": "Polygon", "coordinates": [ [ [ 2.29512, 48.87512 ], [ 2.29734, 48.87436 ], [ 2.29766, 48.87267 ], [ 2.29577, 48.87175 ], [ 2.29355, 48.87251 ], [ 2.29323, 48.8742 ], [ 2.29512, 48.87512 ] ] ] } },
{ "type": "Feature", "properties": { "id": 226, "population": 3495, "o_score_pt": 5014.124, "o_score_car": 4336.658, "CDI": -0.072 }, "geometry": { "type": "Polygon", "coordinates": [ [ [ 2.31677, 48.84136 ], [ 2.3191, 48.84056 ], [ 2.31943, 48.8388 ], [ 2.31744, 48.83782 ], [ 2.31511, 48.83862 ], [ 2.31478, 48.84039 ], [ 2.31677, 48.84136 ] ] ] } },
{ "type": "Feature", "properties": { "id": 227, "population": 1778, "o_score_pt": 5979.573, "o_score_car": 4409.735, "CDI": -0.151 }, "geometry": { "type": "Polygon", "coordinates": [ [ [ 2.38923, 48.84951 ], [ 2.39139, 48.84877 ], [ 2.3917, 48.84712 ], [ 2.38986, 48.84623 ], [ 2.38771, 48.84697 ], [ 2.3874, 48.84862 ], [ 2.38923, 48.84951 ] ] ] } },
{ "type": "Feature", "properties": { "id": 228, "population": 4080, "o_score_pt": 6172.503, "o_score_car": 4310.932, "CDI": -0.178 }, "geometry": { "type": "Polygon", "coordinates": [ [ [ 2.37825, 48.87323 ], [ 2.38057, 48.87243 ], [ 2.38091, 48.87067 ], [ 2.37891, 48.8697 ], [ 2.37658, 48.87049 ], [ 2.37625, 48.87226 ], [ 2.37825, 48.87323 ] ] ] } },
{ "type": "Feature", "properties": { "id": 229, "population": 4801, "o_score_pt": 6206.075, "o_score_car": 4635.329, "CDI": -0.145 }, "geometry": { "type": "Polygon", "coordinates": [ [ [ 2.36994, 48.85954 ], [ 2.37227, 48.85875 ], [ 2.3726, 48.85698 ], [ 2.37061, 48.85601 ], [ 2.36828, 48.85681 ], [ 2.36795, 48.85857 ], [ 2.36994, 48.85954 ] ] ] } },
{ "type": "Feature", "properties": { "id": 230, "population": 938, "o_score_pt": 6442.334, "o_score_car": 4863.718, "CDI": -0.14 }, "geometry": { "type": "Polygon", "coordinates": [ [ [ 2.34139, 48.86078 ], [ 2.34334, 48.86011 ], [ 2.34363, 48.8586 ], [ 2.34199, 48.85781 ], [ 2.34003, 48.85847 ], [ 2.33975, 48.85998 ], [ 2.34139, 48.86078 ] ] ] } },
{ "type": "Feature", "properties": { "id": 231, "population": 2851, "o_score_pt": 5143.459, "o_score_car": 4200.085, "CDI": -0.101 }, "geometry": { "type": "Polygon", "coordinates": [ [ [ 2.29576, 48.88323 ], [ 2.29808, 48.88244 ], [ 2.29841, 48.88068 ], [ 2.29643, 48.87972 ], [ 2.29412, 48.88051 ], [ 2.29378, 48.88227 ], [ 2.29576, 48.88323 ] ] ] } },
{ "type": "Feature", "properties": { "id": 232, "population": 2590, "o_score_pt": 5458.601, "o_score_car": 4206.435, "CDI": -0.13 }, "geometry": { "type": "Polygon", "coordinates": [ [ [ 2.28113, 48.87994 ], [ 2.28342, 48.87916 ], [ 2.28375, 48.87742 ], [ 2.28179, 48.87647 ], [ 2.27951, 48.87725 ], [ 2.27918, 48.87899 ], [ 2.28113, 48.87994 ] ] ] } },
{ "type": "Feature", "properties": { "id": 233, "population": 378, "o_score_pt": 2648.502, "o_score_car": 3320.869, "CDI": 0.113 }, "geometry": { "type": "Polygon", "coordinates": [ [ [ 2.22798, 48.86124 ], [ 2.22965, 48.86068 ], [ 2.2299, 48.85938 ], [ 2.22853, 48.85872 ], [ 2.22687, 48.85928 ], [ 2.22662, 48.86058 ], [ 2.22798, 48.86124 ] ] ] } },
{ "type": "Feature", "properties": { "id": 234, "population": 2556, "o_score_pt": 4567.664, "o_score_car": 4121.932, "CDI": -0.051 }, "geometry": { "type": "Polygon", "coordinates": [ [ [ 2.35534, 48.82152 ], [ 2.35762, 48.82074 ], [ 2.35794, 48.81901 ], [ 2.356, 48.81806 ], [ 2.35372, 48.81884 ], [ 2.3534, 48.82057 ], [ 2.35534, 48.82152 ] ] ] } },
{ "type": "Feature", "properties": { "id": 235, "population": 3092, "o_score_pt": 5930.456, "o_score_car": 3868.073, "CDI": -0.21 }, "geometry": { "type": "Polygon", "coordinates": [ [ [ 2.36262, 48.87527 ], [ 2.36495, 48.87447 ], [ 2.36528, 48.87271 ], [ 2.36329, 48.87174 ], [ 2.36096, 48.87253 ], [ 2.36063, 48.8743 ], [ 2.36262, 48.87527 ] ] ] } },
{ "type": "Feature", "properties": { "id": 236, "population": 2344, "o_score_pt": 5943.008, "o_score_car": 4664.051, "CDI": -0.121 }, "geometry": { "type": "Polygon", "coordinates": [ [ [ 2.3736, 48.85162 ], [ 2.37585, 48.85085 ], [ 2.37617, 48.84914 ], [ 2.37426, 48.8482 ], [ 2.37201, 48.84897 ], [ 2.37169, 48.85069 ], [ 2.3736, 48.85162 ] ] ] } },
{ "type": "Feature", "properties": { "id": 237, "population": 1941, "o_score_pt": 5932.215, "o_score_car": 4839.968, "CDI": -0.101 }, "geometry": { "type": "Polygon", "coordinates": [ [ [ 2.33905, 48.85017 ], [ 2.34124, 48.84943 ], [ 2.34155, 48.84776 ], [ 2.33969, 48.84685 ], [ 2.3375, 48.8476 ], [ 2.33719, 48.84927 ], [ 2.33905, 48.85017 ] ] ] } },
{ "type": "Feature", "properties": { "id": 238, "population": 591, "o_score_pt": 6055.714, "o_score_car": 4691.415, "CDI": -0.127 }, "geometry": { "type": "Polygon", "coordinates": [ [ [ 2.32577, 48.8627 ], [ 2.32758, 48.86208 ], [ 2.32784, 48.86068 ], [ 2.32635, 48.85996 ], [ 2.32454, 48.86057 ], [ 2.32427, 48.86197 ], [ 2.32577, 48.8627 ] ] ] } },
{ "type": "Feature", "properties": { "id": 239, "population": 2461, "o_score_pt": 5015.078, "o_score_car": 4135.697, "CDI": -0.096 }, "geometry": { "type": "Polygon", "coordinates": [ [ [ 2.39221, 48.8684 ], [ 2.39447, 48.86763 ], [ 2.3948, 48.8659 ], [ 2.39286, 48.86496 ], [ 2.3906, 48.86574 ], [ 2.39028, 48.86746 ], [ 2.39221, 48.8684 ] ] ] } },
{ "type": "Feature", "properties": { "id": 240, "population": 3043, "o_score_pt": 4316.876, "o_score_car": 3689.293, "CDI": -0.078 }, "geometry": { "type": "Polygon", "coordinates": [ [ [ 2.38722, 48.89495 ], [ 2.38955, 48.89415 ], [ 2.38988, 48.89238 ], [ 2.38788, 48.89141 ], [ 2.38556, 48.89221 ], [ 2.38522, 48.89398 ], [ 2.38722, 48.89495 ] ] ] } },
{ "type": "Feature", "properties": { "id": 241, "population": 2595, "o_score_pt": 4975.854, "o_score_car": 4038.15, "CDI": -0.104 }, "geometry": { "type": "Polygon", "coordinates": [ [ [ 2.27788, 48.83973 ], [ 2.28016, 48.83895 ], [ 2.28049, 48.83721 ], [ 2.27854, 48.83626 ], [ 2.27626, 48.83704 ], [ 2.27593, 48.83878 ], [ 2.27788, 48.83973 ] ] ] } },
{ "type": "Feature", "properties": { "id": 242, "population": 2498, "o_score_pt": 4544.482, "o_score_car": 4136.062, "CDI": -0.047 }, "geometry": { "type": "Polygon", "coordinates": [ [ [ 2.27947, 48.87719 ], [ 2.28175, 48.87641 ], [ 2.28207, 48.87469 ], [ 2.28013, 48.87374 ], [ 2.27786, 48.87452 ], [ 2.27753, 48.87624 ], [ 2.27947, 48.87719 ] ] ] } },
{ "type": "Feature", "properties": { "id": 243, "population": 270, "o_score_pt": 1950.826, "o_score_car": 3344.63, "CDI": 0.263 }, "geometry": { "type": "Polygon", "coordinates": [ [ [ 2.22634, 48.85842 ], [ 2.22789, 48.85789 ], [ 2.22813, 48.85667 ], [ 2.22687, 48.85606 ], [ 2.22531, 48.85659 ], [ 2.22508, 48.85781 ], [ 2.22634, 48.85842 ] ] ] } },
{ "type": "Feature", "properties": { "id": 244, "population": 3291, "o_score_pt": 6082.608, "o_score_car": 4837.268, "CDI": -0.114 }, "geometry": { "type": "Polygon", "coordinates": [ [ [ 2.34768, 48.85063 ], [ 2.35, 48.84983 ], [ 2.35034, 48.84807 ], [ 2.34834, 48.8471 ], [ 2.34602, 48.84789 ], [ 2.34568, 48.84966 ], [ 2.34768, 48.85063 ] ] ] } },
{ "type": "Feature", "properties": { "id": 245, "population": 1928, "o_score_pt": 5887.913, "o_score_car": 4218.694, "CDI": -0.165 }, "geometry": { "type": "Polygon", "coordinates": [ [ [ 2.38424, 48.87603 ], [ 2.38643, 48.87528 ], [ 2.38674, 48.87362 ], [ 2.38488, 48.87271 ], [ 2.3827, 48.87346 ], [ 2.38238, 48.87513 ], [ 2.38424, 48.87603 ] ] ] } },
{ "type": "Feature", "properties": { "id": 246, "population": 985, "o_score_pt": 5866.777, "o_score_car": 4576.578, "CDI": -0.124 }, "geometry": { "type": "Polygon", "coordinates": [ [ [ 2.31576, 48.88111 ], [ 2.31773, 48.88044 ], [ 2.31802, 48.87893 ], [ 2.31636, 48.87812 ], [ 2.31439, 48.87879 ], [ 2.3141, 48.88031 ], [ 2.31576, 48.88111 ] ] ] } },
{ "type": "Feature", "properties": { "id": 247, "population": 2220, "o_score_pt": 5181.382, "o_score_car": 3920.769, "CDI": -0.138 }, "geometry": { "type": "Polygon", "coordinates": [ [ [ 2.28984, 48.84553 ], [ 2.29208, 48.84476 ], [ 2.2924, 48.84306 ], [ 2.2905, 48.84214 ], [ 2.28826, 48.8429 ], [ 2.28794, 48.8446 ], [ 2.28984, 48.84553 ] ] ] } },
{ "type": "Feature", "properties": { "id": 248, "population": 1, "o_score_pt": 2826.911, "o_score_car": 3788.275, "CDI": 0.145 }, "geometry": { "type": "Polygon", "coordinates": [ [ [ 2.24822, 48.85819 ], [ 2.24822, 48.85819 ], [ 2.24824, 48.85808 ], [ 2.24824, 48.85808 ], [ 2.24822, 48.85819 ] ] ] } },
{ "type": "Feature", "properties": { "id": 249, "population": 2372, "o_score_pt": 4864.427, "o_score_car": 4095.872, "CDI": -0.086 }, "geometry": { "type": "Polygon", "coordinates": [ [ [ 2.40085, 48.86874 ], [ 2.4031, 48.86797 ], [ 2.40343, 48.86625 ], [ 2.4015, 48.86532 ], [ 2.39925, 48.86609 ], [ 2.39893, 48.8678 ], [ 2.40085, 48.86874 ] ] ] } },
{ "type": "Feature", "properties": { "id": 250, "population": 3083, "o_score_pt": 4711.298, "o_score_car": 3915.734, "CDI": -0.092 }, "geometry": { "type": "Polygon", "coordinates": [ [ [ 2.38556, 48.89221 ], [ 2.38788, 48.89141 ], [ 2.38822, 48.88965 ], [ 2.38622, 48.88868 ], [ 2.38389, 48.88947 ], [ 2.38356, 48.89124 ], [ 2.38556, 48.89221 ] ] ] } },
{ "type": "Feature", "properties": { "id": 251, "population": 1288, "o_score_pt": 5004.85, "o_score_car": 4129.801, "CDI": -0.096 }, "geometry": { "type": "Polygon", "coordinates": [ [ [ 2.38359, 48.83318 ], [ 2.38565, 48.83248 ], [ 2.38594, 48.8309 ], [ 2.38421, 48.83006 ], [ 2.38215, 48.83076 ], [ 2.38186, 48.83234 ], [ 2.38359, 48.83318 ] ] ] } },
{ "type": "Feature", "properties": { "id": 252, "population": 3124, "o_score_pt": 5680.201, "o_score_car": 4319.477, "CDI": -0.136 }, "geometry": { "type": "Polygon", "coordinates": [ [ [ 2.36594, 48.88074 ], [ 2.36827, 48.87995 ], [ 2.3686, 48.87818 ], [ 2.36661, 48.87721 ], [ 2.36428, 48.87801 ], [ 2.36395, 48.87977 ], [ 2.36594, 48.88074 ] ] ] } },
{ "type": "Feature", "properties": { "id": 253, "population": 3556, "o_score_pt": 5518.343, "o_score_car": 4276.292, "CDI": -0.127 }, "geometry": { "type": "Polygon", "coordinates": [ [ [ 2.38257, 48.8734 ], [ 2.38489, 48.87261 ], [ 2.38523, 48.87084 ], [ 2.38323, 48.86987 ], [ 2.38091, 48.87067 ], [ 2.38057, 48.87243 ], [ 2.38257, 48.8734 ] ] ] } },
{ "type": "Feature", "properties": { "id": 254, "population": 2414, "o_score_pt": 5453.583, "o_score_car": 4280.342, "CDI": -0.121 }, "geometry": { "type": "Polygon", "coordinates": [ [ [ 2.34802, 48.83724 ], [ 2.35028, 48.83646 ], [ 2.35061, 48.83475 ], [ 2.34868, 48.83381 ], [ 2.34642, 48.83458 ], [ 2.3461, 48.8363 ], [ 2.34802, 48.83724 ] ] ] } },
{ "type": "Feature", "properties": { "id": 255, "population": 2646, "o_score_pt": 5193.508, "o_score_car": 4279.502, "CDI": -0.096 }, "geometry": { "type": "Polygon", "coordinates": [ [ [ 2.28646, 48.87482 ], [ 2.28875, 48.87404 ], [ 2.28908, 48.8723 ], [ 2.28713, 48.87134 ], [ 2.28484, 48.87213 ], [ 2.28451, 48.87387 ], [ 2.28646, 48.87482 ] ] ] } },
{ "type": "Feature", "properties": { "id": 256, "population": 3393, "o_score_pt": 4626.37, "o_score_car": 4091.23, "CDI": -0.061 }, "geometry": { "type": "Polygon", "coordinates": [ [ [ 2.40716, 48.85837 ], [ 2.40948, 48.85757 ], [ 2.40981, 48.8558 ], [ 2.40782, 48.85483 ], [ 2.40549, 48.85563 ], [ 2.40516, 48.8574 ], [ 2.40716, 48.85837 ] ] ] } },
{ "type": "Feature", "properties": { "id": 257, "population": 1827, "o_score_pt": 5312.313, "o_score_car": 4191.143, "CDI": -0.118 }, "geometry": { "type": "Polygon", "coordinates": [ [ [ 2.33441, 48.8286 ], [ 2.33658, 48.82786 ], [ 2.3369, 48.8262 ], [ 2.33505, 48.82531 ], [ 2.33289, 48.82605 ], [ 2.33257, 48.8277 ], [ 2.33441, 48.8286 ] ] ] } },
{ "type": "Feature", "properties": { "id": 258, "population": 1417, "o_score_pt": 5762.231, "o_score_car": 4450.269, "CDI": -0.128 }, "geometry": { "type": "Polygon", "coordinates": [ [ [ 2.31911, 48.85196 ], [ 2.3212, 48.85124 ], [ 2.3215, 48.84965 ], [ 2.31973, 48.84879 ], [ 2.31765, 48.8495 ], [ 2.31734, 48.8511 ], [ 2.31911, 48.85196 ] ] ] } },
{ "type": "Feature", "properties": { "id": 259, "population": 3588, "o_score_pt": 6152.547, "o_score_car": 4415.365, "CDI": -0.164 }, "geometry": { "type": "Polygon", "coordinates": [ [ [ 2.31843, 48.8441 ], [ 2.32076, 48.8433 ], [ 2.32109, 48.84154 ], [ 2.3191, 48.84056 ], [ 2.31677, 48.84136 ], [ 2.31644, 48.84313 ], [ 2.31843, 48.8441 ] ] ] } },
{ "type": "Feature", "properties": { "id": 260, "population": 2212, "o_score_pt": 5584.088, "o_score_car": 4426.311, "CDI": -0.116 }, "geometry": { "type": "Polygon", "coordinates": [ [ [ 2.38058, 48.84922 ], [ 2.38281, 48.84845 ], [ 2.38313, 48.84675 ], [ 2.38123, 48.84583 ], [ 2.379, 48.84659 ], [ 2.37868, 48.84829 ], [ 2.38058, 48.84922 ] ] ] } },
{ "type": "Feature", "properties": { "id": 261, "population": 1189, "o_score_pt": 5603.018, "o_score_car": 4676.246, "CDI": -0.09 }, "geometry": { "type": "Polygon", "coordinates": [ [ [ 2.33308, 48.84714 ], [ 2.33511, 48.84645 ], [ 2.33541, 48.84489 ], [ 2.33369, 48.84406 ], [ 2.33166, 48.84475 ], [ 2.33137, 48.84631 ], [ 2.33308, 48.84714 ] ] ] } },
{ "type": "Feature", "properties": { "id": 262, "population": 3256, "o_score_pt": 6333.912, "o_score_car": 4306.71, "CDI": -0.191 }, "geometry": { "type": "Polygon", "coordinates": [ [ [ 2.3696, 48.87288 ], [ 2.37193, 48.87208 ], [ 2.37226, 48.87032 ], [ 2.37027, 48.86935 ], [ 2.36794, 48.87014 ], [ 2.36761, 48.87191 ], [ 2.3696, 48.87288 ] ] ] } },
{ "type": "Feature", "properties": { "id": 263, "population": 4864, "o_score_pt": 6232.184, "o_score_car": 4530.249, "CDI": -0.158 }, "geometry": { "type": "Polygon", "coordinates": [ [ [ 2.3716, 48.86228 ], [ 2.37393, 48.86148 ], [ 2.37426, 48.85972 ], [ 2.37227, 48.85875 ], [ 2.36994, 48.85954 ], [ 2.36961, 48.86131 ], [ 2.3716, 48.86228 ] ] ] } },
{ "type": "Feature", "properties": { "id": 264, "population": 2711, "o_score_pt": 5945.847, "o_score_car": 3937.709, "CDI": -0.203 }, "geometry": { "type": "Polygon", "coordinates": [ [ [ 2.3653, 48.83797 ], [ 2.36759, 48.83718 ], [ 2.36792, 48.83544 ], [ 2.36596, 48.83448 ], [ 2.36366, 48.83526 ], [ 2.36334, 48.83701 ], [ 2.3653, 48.83797 ] ] ] } },
{ "type": "Feature", "properties": { "id": 265, "population": 3131, "o_score_pt": 5367.5, "o_score_car": 4098.317, "CDI": -0.134 }, "geometry": { "type": "Polygon", "coordinates": [ [ [ 2.37691, 48.89186 ], [ 2.37924, 48.89107 ], [ 2.37957, 48.8893 ], [ 2.37758, 48.88833 ], [ 2.37525, 48.88913 ], [ 2.37492, 48.89089 ], [ 2.37691, 48.89186 ] ] ] } },
{ "type": "Feature", "properties": { "id": 266, "population": 2600, "o_score_pt": 5401.969, "o_score_car": 4059.194, "CDI": -0.142 }, "geometry": { "type": "Polygon", "coordinates": [ [ [ 2.29848, 48.84592 ], [ 2.30077, 48.84514 ], [ 2.3011, 48.8434 ], [ 2.29915, 48.84245 ], [ 2.29686, 48.84323 ], [ 2.29653, 48.84497 ], [ 2.29848, 48.84592 ] ] ] } },
{ "type": "Feature", "properties": { "id": 267, "population": 3483, "o_score_pt": 4465.328, "o_score_car": 4049.835, "CDI": -0.049 }, "geometry": { "type": "Polygon", "coordinates": [ [ [ 2.39088, 48.88708 ], [ 2.3932, 48.88629 ], [ 2.39354, 48.88452 ], [ 2.39154, 48.88355 ], [ 2.38921, 48.88435 ], [ 2.38888, 48.88611 ], [ 2.39088, 48.88708 ] ] ] } },
{ "type": "Feature", "properties": { "id": 268, "population": 2894, "o_score_pt": 5131.957, "o_score_car": 4363.965, "CDI": -0.081 }, "geometry": { "type": "Polygon", "coordinates": [ [ [ 2.30773, 48.88906 ], [ 2.31005, 48.88827 ], [ 2.31039, 48.88651 ], [ 2.3084, 48.88555 ], [ 2.30608, 48.88634 ], [ 2.30575, 48.8881 ], [ 2.30773, 48.88906 ] ] ] } },
{ "type": "Feature", "properties": { "id": 269, "population": 2310, "o_score_pt": 5488.123, "o_score_car": 4138.163, "CDI": -0.14 }, "geometry": { "type": "Polygon", "coordinates": [ [ [ 2.3673, 48.82732 ], [ 2.36954, 48.82656 ], [ 2.36986, 48.82485 ], [ 2.36795, 48.82392 ], [ 2.36571, 48.82468 ], [ 2.36539, 48.82639 ], [ 2.3673, 48.82732 ] ] ] } },
{ "type": "Feature", "properties": { "id": 270, "population": 477, "o_score_pt": 2950.808, "o_score_car": 3246.1, "CDI": 0.048 }, "geometry": { "type": "Polygon", "coordinates": [ [ [ 2.22963, 48.86404 ], [ 2.23137, 48.86345 ], [ 2.23163, 48.8621 ], [ 2.2302, 48.8614 ], [ 2.22846, 48.86199 ], [ 2.2282, 48.86334 ], [ 2.22963, 48.86404 ] ] ] } },
{ "type": "Feature", "properties": { "id": 271, "population": 1993, "o_score_pt": 5454.605, "o_score_car": 4280.131, "CDI": -0.121 }, "geometry": { "type": "Polygon", "coordinates": [ [ [ 2.3746, 48.88099 ], [ 2.3768, 48.88024 ], [ 2.37711, 48.87857 ], [ 2.37524, 48.87766 ], [ 2.37304, 48.87841 ], [ 2.37273, 48.88008 ], [ 2.3746, 48.88099 ] ] ] } },
{ "type": "Feature", "properties": { "id": 272, "population": 1936, "o_score_pt": 4940.262, "o_score_car": 4112.428, "CDI": -0.091 }, "geometry": { "type": "Polygon", "coordinates": [ [ [ 2.28019, 48.85044 ], [ 2.28238, 48.84969 ], [ 2.2827, 48.84802 ], [ 2.28084, 48.84712 ], [ 2.27865, 48.84786 ], [ 2.27833, 48.84953 ], [ 2.28019, 48.85044 ] ] ] } },
{ "type": "Feature", "properties": { "id": 273, "population": 2412, "o_score_pt": 6057.772, "o_score_car": 4468.814, "CDI": -0.151 }, "geometry": { "type": "Polygon", "coordinates": [ [ [ 2.37394, 48.83829 ], [ 2.3762, 48.83751 ], [ 2.37652, 48.8358 ], [ 2.37459, 48.83486 ], [ 2.37234, 48.83563 ], [ 2.37201, 48.83735 ], [ 2.37394, 48.83829 ] ] ] } },
{ "type": "Feature", "properties": { "id": 274, "population": 2468, "o_score_pt": 5364.787, "o_score_car": 4162.475, "CDI": -0.126 }, "geometry": { "type": "Polygon", "coordinates": [ [ [ 2.28848, 48.8642 ], [ 2.29075, 48.86342 ], [ 2.29107, 48.8617 ], [ 2.28914, 48.86076 ], [ 2.28687, 48.86153 ], [ 2.28654, 48.86325 ], [ 2.28848, 48.8642 ] ] ] } },
{ "type": "Feature", "properties": { "id": 275, "population": 2548, "o_score_pt": 5480.789, "o_score_car": 4446.539, "CDI": -0.104 }, "geometry": { "type": "Polygon", "coordinates": [ [ [ 2.30608, 48.88629 ], [ 2.30835, 48.88552 ], [ 2.30868, 48.88379 ], [ 2.30674, 48.88284 ], [ 2.30446, 48.88362 ], [ 2.30413, 48.88535 ], [ 2.30608, 48.88629 ] ] ] } },
{ "type": "Feature", "properties": { "id": 276, "population": 161, "o_score_pt": 3334.971, "o_score_car": 3348.515, "CDI": 0.002 }, "geometry": { "type": "Polygon", "coordinates": [ [ [ 2.44409, 48.8351 ], [ 2.44548, 48.83462 ], [ 2.44568, 48.83352 ], [ 2.44458, 48.83299 ], [ 2.4432, 48.83346 ], [ 2.44299, 48.83456 ], [ 2.44409, 48.8351 ] ] ] } },
{ "type": "Feature", "properties": { "id": 277, "population": 2666, "o_score_pt": 4592.703, "o_score_car": 4053.538, "CDI": -0.062 }, "geometry": { "type": "Polygon", "coordinates": [ [ [ 2.38922, 48.88432 ], [ 2.39151, 48.88354 ], [ 2.39183, 48.8818 ], [ 2.38988, 48.88084 ], [ 2.38759, 48.88163 ], [ 2.38726, 48.88337 ], [ 2.38922, 48.88432 ] ] ] } },
{ "type": "Feature", "properties": { "id": 278, "population": 2898, "o_score_pt": 4119.373, "o_score_car": 3834.902, "CDI": -0.036 }, "geometry": { "type": "Polygon", "coordinates": [ [ [ 2.38888, 48.89768 ], [ 2.3912, 48.89688 ], [ 2.39153, 48.89512 ], [ 2.38955, 48.89416 ], [ 2.38723, 48.89495 ], [ 2.3869, 48.89671 ], [ 2.38888, 48.89768 ] ] ] } },
{ "type": "Feature", "properties": { "id": 279, "population": 162, "o_score_pt": 3324.955, "o_score_car": 3475.446, "CDI": 0.022 }, "geometry": { "type": "Polygon", "coordinates": [ [ [ 2.23832, 48.86414 ], [ 2.23971, 48.86366 ], [ 2.23992, 48.86256 ], [ 2.23882, 48.86202 ], [ 2.23742, 48.8625 ], [ 2.23721, 48.8636 ], [ 2.23832, 48.86414 ] ] ] } },
{ "type": "Feature", "properties": { "id": 280, "population": 2487, "o_score_pt": 4701.488, "o_score_car": 4119.671, "CDI": -0.066 }, "geometry": { "type": "Polygon", "coordinates": [ [ [ 2.36564, 48.8246 ], [ 2.3679, 48.82383 ], [ 2.36823, 48.8221 ], [ 2.36629, 48.82116 ], [ 2.36403, 48.82193 ], [ 2.3637, 48.82366 ], [ 2.36564, 48.8246 ] ] ] } },
{ "type": "Feature", "properties": { "id": 281, "population": 2966, "o_score_pt": 4869.223, "o_score_car": 4036.429, "CDI": -0.094 }, "geometry": { "type": "Polygon", "coordinates": [ [ [ 2.31437, 48.90002 ], [ 2.3167, 48.89923 ], [ 2.31703, 48.89746 ], [ 2.31504, 48.89649 ], [ 2.31271, 48.89729 ], [ 2.31238, 48.89905 ], [ 2.31437, 48.90002 ] ] ] } },
{ "type": "Feature", "properties": { "id": 282, "population": 2383, "o_score_pt": 4767.888, "o_score_car": 4183.026, "CDI": -0.065 }, "geometry": { "type": "Polygon", "coordinates": [ [ [ 2.33109, 48.82319 ], [ 2.33334, 48.82242 ], [ 2.33367, 48.8207 ], [ 2.33174, 48.81976 ], [ 2.32949, 48.82053 ], [ 2.32917, 48.82225 ], [ 2.33109, 48.82319 ] ] ] } },
{ "type": "Feature", "properties": { "id": 283, "population": 974, "o_score_pt": 6220.062, "o_score_car": 4787.04, "CDI": -0.13 }, "geometry": { "type": "Polygon", "coordinates": [ [ [ 2.31611, 48.86777 ], [ 2.31808, 48.8671 ], [ 2.31836, 48.86559 ], [ 2.31671, 48.86478 ], [ 2.31474, 48.86546 ], [ 2.31446, 48.86697 ], [ 2.31611, 48.86777 ] ] ] } },
{ "type": "Feature", "properties": { "id": 284, "population": 3675, "o_score_pt": 5851.785, "o_score_car": 4348.185, "CDI": -0.147 }, "geometry": { "type": "Polygon", "coordinates": [ [ [ 2.39088, 48.85237 ], [ 2.3932, 48.85158 ], [ 2.39353, 48.84981 ], [ 2.39154, 48.84884 ], [ 2.38921, 48.84964 ], [ 2.38888, 48.8514 ], [ 2.39088, 48.85237 ] ] ] } },
{ "type": "Feature", "properties": { "id": 285, "population": 2397, "o_score_pt": 5891.22, "o_score_car": 4314.657, "CDI": -0.154 }, "geometry": { "type": "Polygon", "coordinates": [ [ [ 2.33773, 48.83415 ], [ 2.33998, 48.83337 ], [ 2.34031, 48.83166 ], [ 2.33838, 48.83072 ], [ 2.33612, 48.83149 ], [ 2.3358, 48.83321 ], [ 2.33773, 48.83415 ] ] ] } },
{ "type": "Feature", "properties": { "id": 286, "population": 1930, "o_score_pt": 5553.649, "o_score_car": 4298.806, "CDI": -0.127 }, "geometry": { "type": "Polygon", "coordinates": [ [ [ 2.38591, 48.84406 ], [ 2.38809, 48.84331 ], [ 2.3884, 48.84164 ], [ 2.38654, 48.84074 ], [ 2.38436, 48.84148 ], [ 2.38405, 48.84315 ], [ 2.38591, 48.84406 ] ] ] } },
{ "type": "Feature", "properties": { "id": 287, "population": 3690, "o_score_pt": 4396.089, "o_score_car": 3997.146, "CDI": -0.048 }, "geometry": { "type": "Polygon", "coordinates": [ [ [ 2.35596, 48.89903 ], [ 2.35829, 48.89824 ], [ 2.35862, 48.89647 ], [ 2.35663, 48.8955 ], [ 2.3543, 48.8963 ], [ 2.35396, 48.89806 ], [ 2.35596, 48.89903 ] ] ] } },
{ "type": "Feature", "properties": { "id": 288, "population": 3055, "o_score_pt": 4086.912, "o_score_car": 3970.161, "CDI": -0.014 }, "geometry": { "type": "Polygon", "coordinates": [ [ [ 2.37059, 48.90229 ], [ 2.37292, 48.90149 ], [ 2.37325, 48.89973 ], [ 2.37126, 48.89876 ], [ 2.36893, 48.89955 ], [ 2.3686, 48.90132 ], [ 2.37059, 48.90229 ] ] ] } },
{ "type": "Feature", "properties": { "id": 289, "population": 2254, "o_score_pt": 4817.999, "o_score_car": 4122.078, "CDI": -0.078 }, "geometry": { "type": "Polygon", "coordinates": [ [ [ 2.34305, 48.829 ], [ 2.34528, 48.82824 ], [ 2.3456, 48.82654 ], [ 2.3437, 48.82561 ], [ 2.34146, 48.82637 ], [ 2.34114, 48.82807 ], [ 2.34305, 48.829 ] ] ] } },
{ "type": "Feature", "properties": { "id": 290, "population": 2116, "o_score_pt": 5305.137, "o_score_car": 4250.795, "CDI": -0.11 }, "geometry": { "type": "Polygon", "coordinates": [ [ [ 2.36033, 48.82969 ], [ 2.36254, 48.82893 ], [ 2.36286, 48.82724 ], [ 2.36097, 48.82632 ], [ 2.35876, 48.82708 ], [ 2.35844, 48.82877 ], [ 2.36033, 48.82969 ] ] ] } },
{ "type": "Feature", "properties": { "id": 291, "population": 1163, "o_score_pt": 4694.415, "o_score_car": 3922.464, "CDI": -0.09 }, "geometry": { "type": "Polygon", "coordinates": [ [ [ 2.27452, 48.86878 ], [ 2.27655, 48.86809 ], [ 2.27684, 48.86654 ], [ 2.27514, 48.86571 ], [ 2.27311, 48.8664 ], [ 2.27282, 48.86795 ], [ 2.27452, 48.86878 ] ] ] } },
{ "type": "Feature", "properties": { "id": 292, "population": 2445, "o_score_pt": 5479.022, "o_score_car": 4407.006, "CDI": -0.108 }, "geometry": { "type": "Polygon", "coordinates": [ [ [ 2.32642, 48.83636 ], [ 2.32869, 48.83559 ], [ 2.32901, 48.83387 ], [ 2.32708, 48.83292 ], [ 2.32482, 48.8337 ], [ 2.32449, 48.83542 ], [ 2.32642, 48.83636 ] ] ] } },
{ "type": "Feature", "properties": { "id": 293, "population": 1237, "o_score_pt": 4719.441, "o_score_car": 3935.204, "CDI": -0.091 }, "geometry": { "type": "Polygon", "coordinates": [ [ [ 2.27055, 48.85528 ], [ 2.2726, 48.85458 ], [ 2.2729, 48.85301 ], [ 2.27117, 48.85217 ], [ 2.26913, 48.85287 ], [ 2.26883, 48.85444 ], [ 2.27055, 48.85528 ] ] ] } },
{ "type": "Feature", "properties": { "id": 294, "population": 3131, "o_score_pt": 6067.318, "o_score_car": 4369.859, "CDI": -0.163 }, "geometry": { "type": "Polygon", "coordinates": [ [ [ 2.36927, 48.88622 ], [ 2.37159, 48.88542 ], [ 2.37193, 48.88366 ], [ 2.36993, 48.88268 ], [ 2.3676, 48.88348 ], [ 2.36727, 48.88525 ], [ 2.36927, 48.88622 ] ] ] } },
{ "type": "Feature", "properties": { "id": 295, "population": 2173, "o_score_pt": 6026.985, "o_score_car": 4622.023, "CDI": -0.132 }, "geometry": { "type": "Polygon", "coordinates": [ [ [ 2.36863, 48.84339 ], [ 2.37085, 48.84263 ], [ 2.37117, 48.84093 ], [ 2.36927, 48.84001 ], [ 2.36705, 48.84077 ], [ 2.36673, 48.84246 ], [ 2.36863, 48.84339 ] ] ] } },
{ "type": "Feature", "properties": { "id": 296, "population": 2170, "o_score_pt": 6439.843, "o_score_car": 4821.569, "CDI": -0.144 }, "geometry": { "type": "Polygon", "coordinates": [ [ [ 2.34935, 48.85329 ], [ 2.35157, 48.85253 ], [ 2.35189, 48.85084 ], [ 2.34999, 48.84991 ], [ 2.34777, 48.85067 ], [ 2.34745, 48.85237 ], [ 2.34935, 48.85329 ] ] ] } },
{ "type": "Feature", "properties": { "id": 297, "population": 2143, "o_score_pt": 5156.131, "o_score_car": 4281.634, "CDI": -0.093 }, "geometry": { "type": "Polygon", "coordinates": [ [ [ 2.28682, 48.86142 ], [ 2.28905, 48.86067 ], [ 2.28937, 48.85897 ], [ 2.28748, 48.85805 ], [ 2.28525, 48.85881 ], [ 2.28493, 48.8605 ], [ 2.28682, 48.86142 ] ] ] } },
{ "type": "Feature", "properties": { "id": 298, "population": 1602, "o_score_pt": 5119.69, "o_score_car": 4137.052, "CDI": -0.106 }, "geometry": { "type": "Polygon", "coordinates": [ [ [ 2.33974, 48.82344 ], [ 2.34187, 48.82272 ], [ 2.34217, 48.82109 ], [ 2.34037, 48.82021 ], [ 2.33824, 48.82094 ], [ 2.33794, 48.82256 ], [ 2.33974, 48.82344 ] ] ] } },
{ "type": "Feature", "properties": { "id": 299, "population": 1187, "o_score_pt": 4261.761, "o_score_car": 4060.683, "CDI": -0.024 }, "geometry": { "type": "Polygon", "coordinates": [ [ [ 2.3992, 48.83112 ], [ 2.40123, 48.83042 ], [ 2.40152, 48.82887 ], [ 2.39981, 48.82804 ], [ 2.39779, 48.82873 ], [ 2.39749, 48.83029 ], [ 2.3992, 48.83112 ] ] ] } },
{ "type": "Feature", "properties": { "id": 300, "population": 0, "o_score_pt": 3508.32, "o_score_car": 3755.108, "CDI": 0.034 }, "geometry": { "type": "Polygon", "coordinates": [ [ [ 2.42607, 48.83871 ], [ 2.42607, 48.83871 ], [ 2.42609, 48.8386 ], [ 2.42609, 48.8386 ], [ 2.42607, 48.83871 ] ] ] } },
{ "type": "Feature", "properties": { "id": 301, "population": 2193, "o_score_pt": 6139.038, "o_score_car": 4544.614, "CDI": -0.149 }, "geometry": { "type": "Polygon", "coordinates": [ [ [ 2.33137, 48.87927 ], [ 2.3336, 48.87851 ], [ 2.33392, 48.87682 ], [ 2.33202, 48.87589 ], [ 2.32979, 48.87665 ], [ 2.32947, 48.87835 ], [ 2.33137, 48.87927 ] ] ] } },
{ "type": "Feature", "properties": { "id": 302, "population": 2215, "o_score_pt": 5370.369, "o_score_car": 4475.04, "CDI": -0.091 }, "geometry": { "type": "Polygon", "coordinates": [ [ [ 2.35999, 48.84304 ], [ 2.36222, 48.84228 ], [ 2.36254, 48.84058 ], [ 2.36063, 48.83966 ], [ 2.3584, 48.84042 ], [ 2.35808, 48.84212 ], [ 2.35999, 48.84304 ] ] ] } },
{ "type": "Feature", "properties": { "id": 303, "population": 4336, "o_score_pt": 5798.06, "o_score_car": 4538.335, "CDI": -0.122 }, "geometry": { "type": "Polygon", "coordinates": [ [ [ 2.3829, 48.86006 ], [ 2.38523, 48.85927 ], [ 2.38556, 48.8575 ], [ 2.38357, 48.85653 ], [ 2.38124, 48.85733 ], [ 2.38091, 48.85909 ], [ 2.3829, 48.86006 ] ] ] } },
{ "type": "Feature", "properties": { "id": 304, "population": 1452, "o_score_pt": 5962.06, "o_score_car": 4265.435, "CDI": -0.166 }, "geometry": { "type": "Polygon", "coordinates": [ [ [ 2.2978, 48.87246 ], [ 2.29989, 48.87175 ], [ 2.3002, 48.87015 ], [ 2.29842, 48.86928 ], [ 2.29633, 48.87 ], [ 2.29602, 48.8716 ], [ 2.2978, 48.87246 ] ] ] } },
{ "type": "Feature", "properties": { "id": 305, "population": 1438, "o_score_pt": 5890.942, "o_score_car": 4213.319, "CDI": -0.166 }, "geometry": { "type": "Polygon", "coordinates": [ [ [ 2.39189, 48.8469 ], [ 2.39398, 48.84618 ], [ 2.39428, 48.84458 ], [ 2.39251, 48.84372 ], [ 2.39042, 48.84443 ], [ 2.39012, 48.84603 ], [ 2.39189, 48.8469 ] ] ] } },
{ "type": "Feature", "properties": { "id": 306, "population": 1433, "o_score_pt": 5813.623, "o_score_car": 4440.986, "CDI": -0.134 }, "geometry": { "type": "Polygon", "coordinates": [ [ [ 2.30845, 48.86221 ], [ 2.31055, 48.8615 ], [ 2.31085, 48.8599 ], [ 2.30908, 48.85903 ], [ 2.30699, 48.85975 ], [ 2.30669, 48.86135 ], [ 2.30845, 48.86221 ] ] ] } },
{ "type": "Feature", "properties": { "id": 307, "population": 17, "o_score_pt": 2340.075, "o_score_car": 3084.808, "CDI": 0.137 }, "geometry": { "type": "Polygon", "coordinates": [ [ [ 2.44348, 48.82653 ], [ 2.44416, 48.82629 ], [ 2.44427, 48.82569 ], [ 2.44385, 48.82549 ], [ 2.44317, 48.82572 ], [ 2.44305, 48.82632 ], [ 2.44348, 48.82653 ] ] ] } },
{ "type": "Feature", "properties": { "id": 308, "population": 3506, "o_score_pt": 5233.656, "o_score_car": 3976.018, "CDI": -0.137 }, "geometry": { "type": "Polygon", "coordinates": [ [ [ 2.39254, 48.88982 ], [ 2.39487, 48.88902 ], [ 2.3952, 48.88726 ], [ 2.3932, 48.88629 ], [ 2.39088, 48.88708 ], [ 2.39054, 48.88885 ], [ 2.39254, 48.88982 ] ] ] } },
{ "type": "Feature", "properties": { "id": 309, "population": 2626, "o_score_pt": 4047.586, "o_score_car": 4050.544, "CDI": 0.0 }, "geometry": { "type": "Polygon", "coordinates": [ [ [ 2.37924, 48.9026 ], [ 2.38153, 48.90182 ], [ 2.38185, 48.90009 ], [ 2.3799, 48.89914 ], [ 2.37761, 48.89992 ], [ 2.37729, 48.90165 ], [ 2.37924, 48.9026 ] ] ] } },
{ "type": "Feature", "properties": { "id": 310, "population": 526, "o_score_pt": 4045.999, "o_score_car": 3975.553, "CDI": -0.009 }, "geometry": { "type": "Polygon", "coordinates": [ [ [ 2.40786, 48.83127 ], [ 2.40963, 48.83066 ], [ 2.40989, 48.82929 ], [ 2.40842, 48.82858 ], [ 2.40666, 48.82919 ], [ 2.4064, 48.83056 ], [ 2.40786, 48.83127 ] ] ] } },
{ "type": "Feature", "properties": { "id": 311, "population": 452, "o_score_pt": 3864.018, "o_score_car": 3562.804, "CDI": -0.041 }, "geometry": { "type": "Polygon", "coordinates": [ [ [ 2.43444, 48.84031 ], [ 2.43615, 48.83972 ], [ 2.4364, 48.83838 ], [ 2.43499, 48.83769 ], [ 2.43327, 48.83828 ], [ 2.43302, 48.83962 ], [ 2.43444, 48.84031 ] ] ] } },
{ "type": "Feature", "properties": { "id": 312, "population": 4189, "o_score_pt": 5858.48, "o_score_car": 4497.378, "CDI": -0.131 }, "geometry": { "type": "Polygon", "coordinates": [ [ [ 2.38124, 48.85733 ], [ 2.38357, 48.85653 ], [ 2.3839, 48.85476 ], [ 2.3819, 48.85379 ], [ 2.37958, 48.85459 ], [ 2.37925, 48.85636 ], [ 2.38124, 48.85733 ] ] ] } },
{ "type": "Feature", "properties": { "id": 313, "population": 3058, "o_score_pt": 6003.346, "o_score_car": 4289.832, "CDI": -0.166 }, "geometry": { "type": "Polygon", "coordinates": [ [ [ 2.34333, 48.88517 ], [ 2.34566, 48.88438 ], [ 2.34599, 48.88261 ], [ 2.344, 48.88164 ], [ 2.34167, 48.88244 ], [ 2.34133, 48.8842 ], [ 2.34333, 48.88517 ] ] ] } },
{ "type": "Feature", "properties": { "id": 314, "population": 971, "o_score_pt": 5817.749, "o_score_car": 4511.915, "CDI": -0.126 }, "geometry": { "type": "Polygon", "coordinates": [ [ [ 2.30646, 48.87272 ], [ 2.30842, 48.87205 ], [ 2.30871, 48.87054 ], [ 2.30706, 48.86973 ], [ 2.30509, 48.8704 ], [ 2.30481, 48.87191 ], [ 2.30646, 48.87272 ] ] ] } },
{ "type": "Feature", "properties": { "id": 315, "population": 2768, "o_score_pt": 5683.64, "o_score_car": 4417.315, "CDI": -0.125 }, "geometry": { "type": "Polygon", "coordinates": [ [ [ 2.35832, 48.84036 ], [ 2.36062, 48.83957 ], [ 2.36095, 48.83782 ], [ 2.35898, 48.83686 ], [ 2.35668, 48.83765 ], [ 2.35635, 48.8394 ], [ 2.35832, 48.84036 ] ] ] } },
{ "type": "Feature", "properties": { "id": 316, "population": 2493, "o_score_pt": 5584.124, "o_score_car": 4177.197, "CDI": -0.144 }, "geometry": { "type": "Polygon", "coordinates": [ [ [ 2.29014, 48.86694 ], [ 2.29241, 48.86617 ], [ 2.29274, 48.86444 ], [ 2.2908, 48.86349 ], [ 2.28853, 48.86427 ], [ 2.2882, 48.866 ], [ 2.29014, 48.86694 ] ] ] } },
{ "type": "Feature", "properties": { "id": 317, "population": 2129, "o_score_pt": 5927.83, "o_score_car": 4502.012, "CDI": -0.137 }, "geometry": { "type": "Polygon", "coordinates": [ [ [ 2.3756, 48.84099 ], [ 2.37782, 48.84024 ], [ 2.37814, 48.83855 ], [ 2.37625, 48.83763 ], [ 2.37403, 48.83838 ], [ 2.37371, 48.84007 ], [ 2.3756, 48.84099 ] ] ] } },
{ "type": "Feature", "properties": { "id": 318, "population": 1748, "o_score_pt": 5662.031, "o_score_car": 4163.565, "CDI": -0.153 }, "geometry": { "type": "Polygon", "coordinates": [ [ [ 2.38956, 48.83617 ], [ 2.39171, 48.83543 ], [ 2.39202, 48.83379 ], [ 2.3902, 48.8329 ], [ 2.38804, 48.83363 ], [ 2.38773, 48.83528 ], [ 2.38956, 48.83617 ] ] ] } },
{ "type": "Feature", "properties": { "id": 319, "population": 3767, "o_score_pt": 4796.407, "o_score_car": 3990.703, "CDI": -0.092 }, "geometry": { "type": "Polygon", "coordinates": [ [ [ 2.34731, 48.89869 ], [ 2.34964, 48.89789 ], [ 2.34997, 48.89612 ], [ 2.34798, 48.89515 ], [ 2.34565, 48.89595 ], [ 2.34531, 48.89772 ], [ 2.34731, 48.89869 ] ] ] } },
{ "type": "Feature", "properties": { "id": 320, "population": 2780, "o_score_pt": 5550.176, "o_score_car": 4350.836, "CDI": -0.121 }, "geometry": { "type": "Polygon", "coordinates": [ [ [ 2.3447, 48.83179 ], [ 2.347, 48.83101 ], [ 2.34733, 48.82926 ], [ 2.34536, 48.82829 ], [ 2.34306, 48.82908 ], [ 2.34273, 48.83083 ], [ 2.3447, 48.83179 ] ] ] } },
{ "type": "Feature", "properties": { "id": 321, "population": 1999, "o_score_pt": 5044.426, "o_score_car": 3993.383, "CDI": -0.116 }, "geometry": { "type": "Polygon", "coordinates": [ [ [ 2.28315, 48.86927 ], [ 2.28535, 48.86852 ], [ 2.28567, 48.86685 ], [ 2.2838, 48.86593 ], [ 2.2816, 48.86668 ], [ 2.28128, 48.86836 ], [ 2.28315, 48.86927 ] ] ] } },
{ "type": "Feature", "properties": { "id": 322, "population": 2098, "o_score_pt": 5484.745, "o_score_car": 4240.642, "CDI": -0.128 }, "geometry": { "type": "Polygon", "coordinates": [ [ [ 2.37792, 48.88648 ], [ 2.38013, 48.88572 ], [ 2.38045, 48.88404 ], [ 2.37857, 48.88312 ], [ 2.37635, 48.88388 ], [ 2.37603, 48.88556 ], [ 2.37792, 48.88648 ] ] ] } },
{ "type": "Feature", "properties": { "id": 323, "population": 1789, "o_score_pt": 4629.259, "o_score_car": 4104.327, "CDI": -0.06 }, "geometry": { "type": "Polygon", "coordinates": [ [ [ 2.27919, 48.85572 ], [ 2.28135, 48.85498 ], [ 2.28167, 48.85333 ], [ 2.27983, 48.85244 ], [ 2.27767, 48.85318 ], [ 2.27735, 48.85483 ], [ 2.27919, 48.85572 ] ] ] } },
{ "type": "Feature", "properties": { "id": 324, "population": 1766, "o_score_pt": 6107.831, "o_score_car": 4723.263, "CDI": -0.128 }, "geometry": { "type": "Polygon", "coordinates": [ [ [ 2.3294, 48.8551 ], [ 2.33156, 48.85436 ], [ 2.33187, 48.85272 ], [ 2.33004, 48.85182 ], [ 2.32788, 48.85256 ], [ 2.32757, 48.85421 ], [ 2.3294, 48.8551 ] ] ] } },
{ "type": "Feature", "properties": { "id": 325, "population": 2058, "o_score_pt": 5846.887, "o_score_car": 4167.94, "CDI": -0.168 }, "geometry": { "type": "Polygon", "coordinates": [ [ [ 2.40052, 48.84733 ], [ 2.40273, 48.84657 ], [ 2.40304, 48.84489 ], [ 2.40116, 48.84398 ], [ 2.39896, 48.84473 ], [ 2.39864, 48.84642 ], [ 2.40052, 48.84733 ] ] ] } },
{ "type": "Feature", "properties": { "id": 326, "population": 2634, "o_score_pt": 4739.133, "o_score_car": 4044.519, "CDI": -0.079 }, "geometry": { "type": "Polygon", "coordinates": [ [ [ 2.28054, 48.83717 ], [ 2.28283, 48.83639 ], [ 2.28316, 48.83465 ], [ 2.28121, 48.8337 ], [ 2.27892, 48.83448 ], [ 2.27859, 48.83622 ], [ 2.28054, 48.83717 ] ] ] } },
{ "type": "Feature", "properties": { "id": 327, "population": 86, "o_score_pt": 2731.549, "o_score_car": 2978.907, "CDI": 0.043 }, "geometry": { "type": "Polygon", "coordinates": [ [ [ 2.46568, 48.8358 ], [ 2.46687, 48.8354 ], [ 2.46705, 48.83444 ], [ 2.46614, 48.834 ], [ 2.46495, 48.8344 ], [ 2.46477, 48.83536 ], [ 2.46568, 48.8358 ] ] ] } },
{ "type": "Feature", "properties": { "id": 328, "population": 398, "o_score_pt": 4268.429, "o_score_car": 3301.834, "CDI": -0.128 }, "geometry": { "type": "Polygon", "coordinates": [ [ [ 2.4464, 48.84609 ], [ 2.44807, 48.84551 ], [ 2.44832, 48.84421 ], [ 2.44694, 48.84354 ], [ 2.44527, 48.84411 ], [ 2.44502, 48.84542 ], [ 2.4464, 48.84609 ] ] ] } },
{ "type": "Feature", "properties": { "id": 329, "population": 2517, "o_score_pt": 5644.987, "o_score_car": 4600.12, "CDI": -0.102 }, "geometry": { "type": "Polygon", "coordinates": [ [ [ 2.34968, 48.83999 ], [ 2.35195, 48.83921 ], [ 2.35228, 48.83748 ], [ 2.35034, 48.83654 ], [ 2.34807, 48.83731 ], [ 2.34774, 48.83904 ], [ 2.34968, 48.83999 ] ] ] } },
{ "type": "Feature", "properties": { "id": 330, "population": 3551, "o_score_pt": 6187.018, "o_score_car": 4217.421, "CDI": -0.189 }, "geometry": { "type": "Polygon", "coordinates": [ [ [ 2.35198, 48.88552 ], [ 2.3543, 48.88473 ], [ 2.35464, 48.88296 ], [ 2.35264, 48.88199 ], [ 2.35031, 48.88279 ], [ 2.34998, 48.88455 ], [ 2.35198, 48.88552 ] ] ] } },
{ "type": "Feature", "properties": { "id": 331, "population": 943, "o_score_pt": 6066.478, "o_score_car": 4602.756, "CDI": -0.137 }, "geometry": { "type": "Polygon", "coordinates": [ [ [ 2.31842, 48.87854 ], [ 2.32038, 48.87787 ], [ 2.32067, 48.87637 ], [ 2.31903, 48.87557 ], [ 2.31707, 48.87624 ], [ 2.31678, 48.87774 ], [ 2.31842, 48.87854 ] ] ] } },
{ "type": "Feature", "properties": { "id": 332, "population": 2430, "o_score_pt": 5717.727, "o_score_car": 4411.322, "CDI": -0.129 }, "geometry": { "type": "Polygon", "coordinates": [ [ [ 2.29879, 48.86729 ], [ 2.30105, 48.86652 ], [ 2.30138, 48.8648 ], [ 2.29944, 48.86385 ], [ 2.29718, 48.86463 ], [ 2.29686, 48.86635 ], [ 2.29879, 48.86729 ] ] ] } },
{ "type": "Feature", "properties": { "id": 333, "population": 100, "o_score_pt": 2990.725, "o_score_car": 3451.453, "CDI": 0.072 }, "geometry": { "type": "Polygon", "coordinates": [ [ [ 2.25131, 48.86456 ], [ 2.25255, 48.86414 ], [ 2.25274, 48.86314 ], [ 2.25178, 48.86268 ], [ 2.25054, 48.8631 ], [ 2.25035, 48.86409 ], [ 2.25131, 48.86456 ] ] ] } },
{ "type": "Feature", "properties": { "id": 334, "population": 3130, "o_score_pt": 5104.802, "o_score_car": 4219.435, "CDI": -0.095 }, "geometry": { "type": "Polygon", "coordinates": [ [ [ 2.40284, 48.85819 ], [ 2.40516, 48.8574 ], [ 2.40549, 48.85563 ], [ 2.4035, 48.85466 ], [ 2.40118, 48.85546 ], [ 2.40084, 48.85722 ], [ 2.40284, 48.85819 ] ] ] } },
{ "type": "Feature", "properties": { "id": 335, "population": 1847, "o_score_pt": 5256.051, "o_score_car": 4200.464, "CDI": -0.112 }, "geometry": { "type": "Polygon", "coordinates": [ [ [ 2.3267, 48.89239 ], [ 2.32888, 48.89165 ], [ 2.32919, 48.89 ], [ 2.32735, 48.8891 ], [ 2.32517, 48.88984 ], [ 2.32486, 48.8915 ], [ 2.3267, 48.89239 ] ] ] } },
{ "type": "Feature", "properties": { "id": 336, "population": 38, "o_score_pt": 2935.237, "o_score_car": 3832.64, "CDI": 0.133 }, "geometry": { "type": "Polygon", "coordinates": [ [ [ 2.25069, 48.85628 ], [ 2.25162, 48.85596 ], [ 2.25177, 48.85519 ], [ 2.25111, 48.85486 ], [ 2.25017, 48.85518 ], [ 2.25003, 48.85596 ], [ 2.25069, 48.85628 ] ] ] } },
{ "type": "Feature", "properties": { "id": 337, "population": 3387, "o_score_pt": 4846.929, "o_score_car": 3845.924, "CDI": -0.115 }, "geometry": { "type": "Polygon", "coordinates": [ [ [ 2.40151, 48.87683 ], [ 2.40384, 48.87603 ], [ 2.40417, 48.87427 ], [ 2.40218, 48.8733 ], [ 2.39985, 48.87409 ], [ 2.39952, 48.87586 ], [ 2.40151, 48.87683 ] ] ] } },
{ "type": "Feature", "properties": { "id": 338, "population": 1798, "o_score_pt": 4150.796, "o_score_car": 4001.712, "CDI": -0.018 }, "geometry": { "type": "Polygon", "coordinates": [ [ [ 2.26658, 48.84184 ], [ 2.26874, 48.84111 ], [ 2.26906, 48.83945 ], [ 2.26722, 48.83856 ], [ 2.26505, 48.8393 ], [ 2.26474, 48.84095 ], [ 2.26658, 48.84184 ] ] ] } },
{ "type": "Feature", "properties": { "id": 339, "population": 3624, "o_score_pt": 5143.765, "o_score_car": 4160.771, "CDI": -0.106 }, "geometry": { "type": "Polygon", "coordinates": [ [ [ 2.41247, 48.85324 ], [ 2.41479, 48.85244 ], [ 2.41513, 48.85068 ], [ 2.41313, 48.84971 ], [ 2.41081, 48.8505 ], [ 2.41048, 48.85227 ], [ 2.41247, 48.85324 ] ] ] } },
{ "type": "Feature", "properties": { "id": 340, "population": 2712, "o_score_pt": 4353.645, "o_score_car": 3922.326, "CDI": -0.052 }, "geometry": { "type": "Polygon", "coordinates": [ [ [ 2.27888, 48.83444 ], [ 2.28118, 48.83365 ], [ 2.28151, 48.83191 ], [ 2.27955, 48.83095 ], [ 2.27725, 48.83173 ], [ 2.27692, 48.83348 ], [ 2.27888, 48.83444 ] ] ] } },
{ "type": "Feature", "properties": { "id": 341, "population": 86, "o_score_pt": 2659.697, "o_score_car": 3116.785, "CDI": 0.079 }, "geometry": { "type": "Polygon", "coordinates": [ [ [ 2.46402, 48.83307 ], [ 2.46521, 48.83266 ], [ 2.46539, 48.8317 ], [ 2.46448, 48.83126 ], [ 2.46329, 48.83167 ], [ 2.46311, 48.83263 ], [ 2.46402, 48.83307 ] ] ] } },
{ "type": "Feature", "properties": { "id": 342, "population": 3195, "o_score_pt": 5546.141, "o_score_car": 4414.58, "CDI": -0.114 }, "geometry": { "type": "Polygon", "coordinates": [ [ [ 2.38456, 48.8628 ], [ 2.38689, 48.86201 ], [ 2.38722, 48.86024 ], [ 2.38523, 48.85927 ], [ 2.3829, 48.86006 ], [ 2.38257, 48.86183 ], [ 2.38456, 48.8628 ] ] ] } },
{ "type": "Feature", "properties": { "id": 343, "population": 2147, "o_score_pt": 5245.525, "o_score_car": 4281.207, "CDI": -0.101 }, "geometry": { "type": "Polygon", "coordinates": [ [ [ 2.33369, 48.89004 ], [ 2.33591, 48.88928 ], [ 2.33623, 48.88759 ], [ 2.33434, 48.88667 ], [ 2.33212, 48.88743 ], [ 2.3318, 48.88912 ], [ 2.33369, 48.89004 ] ] ] } },
{ "type": "Feature", "properties": { "id": 344, "population": 2128, "o_score_pt": 5908.08, "o_score_car": 4080.442, "CDI": -0.183 }, "geometry": { "type": "Polygon", "coordinates": [ [ [ 2.32504, 48.88969 ], [ 2.32726, 48.88893 ], [ 2.32758, 48.88724 ], [ 2.32569, 48.88632 ], [ 2.32347, 48.88708 ], [ 2.32315, 48.88877 ], [ 2.32504, 48.88969 ] ] ] } },
{ "type": "Feature", "properties": { "id": 345, "population": 2842, "o_score_pt": 4466.578, "o_score_car": 4092.806, "CDI": -0.044 }, "geometry": { "type": "Polygon", "coordinates": [ [ [ 2.30049, 48.83534 ], [ 2.3028, 48.83455 ], [ 2.30314, 48.83279 ], [ 2.30116, 48.83183 ], [ 2.29885, 48.83262 ], [ 2.29851, 48.83437 ], [ 2.30049, 48.83534 ] ] ] } },
{ "type": "Feature", "properties": { "id": 346, "population": 94, "o_score_pt": 2737.308, "o_score_car": 3577.733, "CDI": 0.133 }, "geometry": { "type": "Polygon", "coordinates": [ [ [ 2.24901, 48.85376 ], [ 2.25023, 48.85334 ], [ 2.25041, 48.85236 ], [ 2.24947, 48.85191 ], [ 2.24826, 48.85232 ], [ 2.24807, 48.8533 ], [ 2.24901, 48.85376 ] ] ] } },
{ "type": "Feature", "properties": { "id": 347, "population": 2396, "o_score_pt": 4858.555, "o_score_car": 3941.768, "CDI": -0.104 }, "geometry": { "type": "Polygon", "coordinates": [ [ [ 2.31446, 48.83052 ], [ 2.31672, 48.82975 ], [ 2.31705, 48.82804 ], [ 2.31512, 48.8271 ], [ 2.31286, 48.82787 ], [ 2.31254, 48.82958 ], [ 2.31446, 48.83052 ] ] ] } },
{ "type": "Feature", "properties": { "id": 348, "population": 129, "o_score_pt": 2594.217, "o_score_car": 3000.491, "CDI": 0.073 }, "geometry": { "type": "Polygon", "coordinates": [ [ [ 2.45538, 48.83282 ], [ 2.4567, 48.83237 ], [ 2.45689, 48.83132 ], [ 2.45586, 48.83082 ], [ 2.45454, 48.83127 ], [ 2.45435, 48.83232 ], [ 2.45538, 48.83282 ] ] ] } },
{ "type": "Feature", "properties": { "id": 349, "population": 2233, "o_score_pt": 5616.015, "o_score_car": 4251.206, "CDI": -0.138 }, "geometry": { "type": "Polygon", "coordinates": [ [ [ 2.29914, 48.85392 ], [ 2.30138, 48.85316 ], [ 2.3017, 48.85146 ], [ 2.29979, 48.85053 ], [ 2.29756, 48.85129 ], [ 2.29724, 48.853 ], [ 2.29914, 48.85392 ] ] ] } },
{ "type": "Feature", "properties": { "id": 350, "population": 106, "o_score_pt": 448.691, "o_score_car": 3439.326, "CDI": 0.769 }, "geometry": { "type": "Polygon", "coordinates": [ [ [ 2.2433, 48.87226 ], [ 2.24456, 48.87183 ], [ 2.24475, 48.87082 ], [ 2.24378, 48.87035 ], [ 2.24252, 48.87078 ], [ 2.24233, 48.87178 ], [ 2.2433, 48.87226 ] ] ] } },
{ "type": "Feature", "properties": { "id": 351, "population": 2507, "o_score_pt": 4544.29, "o_score_car": 4195.678, "CDI": -0.04 }, "geometry": { "type": "Polygon", "coordinates": [ [ [ 2.32245, 48.82285 ], [ 2.32472, 48.82207 ], [ 2.32505, 48.82034 ], [ 2.32311, 48.8194 ], [ 2.32084, 48.82017 ], [ 2.32051, 48.8219 ], [ 2.32245, 48.82285 ] ] ] } },
{ "type": "Feature", "properties": { "id": 352, "population": 2501, "o_score_pt": 5477.098, "o_score_car": 4174.897, "CDI": -0.135 }, "geometry": { "type": "Polygon", "coordinates": [ [ [ 2.28481, 48.87207 ], [ 2.28708, 48.87129 ], [ 2.28741, 48.86956 ], [ 2.28547, 48.86862 ], [ 2.28319, 48.86939 ], [ 2.28287, 48.87112 ], [ 2.28481, 48.87207 ] ] ] } },
{ "type": "Feature", "properties": { "id": 353, "population": 3501, "o_score_pt": 4513.174, "o_score_car": 3867.576, "CDI": -0.077 }, "geometry": { "type": "Polygon", "coordinates": [ [ [ 2.36561, 48.89408 ], [ 2.36793, 48.89328 ], [ 2.36827, 48.89152 ], [ 2.36627, 48.89055 ], [ 2.36394, 48.89134 ], [ 2.36361, 48.89311 ], [ 2.36561, 48.89408 ] ] ] } },
{ "type": "Feature", "properties": { "id": 354, "population": 2607, "o_score_pt": 5129.698, "o_score_car": 4201.707, "CDI": -0.099 }, "geometry": { "type": "Polygon", "coordinates": [ [ [ 2.37062, 48.83283 ], [ 2.3729, 48.83205 ], [ 2.37323, 48.83031 ], [ 2.37127, 48.82936 ], [ 2.36899, 48.83014 ], [ 2.36867, 48.83188 ], [ 2.37062, 48.83283 ] ] ] } },
{ "type": "Feature", "properties": { "id": 355, "population": 2507, "o_score_pt": 4880.83, "o_score_car": 4211.925, "CDI": -0.074 }, "geometry": { "type": "Polygon", "coordinates": [ [ [ 2.30648, 48.83822 ], [ 2.30875, 48.83745 ], [ 2.30907, 48.83572 ], [ 2.30713, 48.83477 ], [ 2.30486, 48.83555 ], [ 2.30454, 48.83728 ], [ 2.30648, 48.83822 ] ] ] } },
{ "type": "Feature", "properties": { "id": 356, "population": 2527, "o_score_pt": 5219.403, "o_score_car": 4091.598, "CDI": -0.121 }, "geometry": { "type": "Polygon", "coordinates": [ [ [ 2.37958, 48.88926 ], [ 2.38185, 48.88848 ], [ 2.38218, 48.88675 ], [ 2.38023, 48.88581 ], [ 2.37796, 48.88659 ], [ 2.37763, 48.88832 ], [ 2.37958, 48.88926 ] ] ] } },
{ "type": "Feature", "properties": { "id": 357, "population": 1690, "o_score_pt": 4940.44, "o_score_car": 3961.596, "CDI": -0.11 }, "geometry": { "type": "Polygon", "coordinates": [ [ [ 2.28085, 48.85845 ], [ 2.283, 48.85772 ], [ 2.28331, 48.85608 ], [ 2.28149, 48.85519 ], [ 2.27934, 48.85592 ], [ 2.27903, 48.85756 ], [ 2.28085, 48.85845 ] ] ] } },
{ "type": "Feature", "properties": { "id": 358, "population": 849, "o_score_pt": 6148.659, "o_score_car": 4705.591, "CDI": -0.133 }, "geometry": { "type": "Polygon", "coordinates": [ [ [ 2.32908, 48.86826 ], [ 2.331, 48.86761 ], [ 2.33128, 48.86613 ], [ 2.32968, 48.86534 ], [ 2.32775, 48.866 ], [ 2.32747, 48.86748 ], [ 2.32908, 48.86826 ] ] ] } },
{ "type": "Feature", "properties": { "id": 359, "population": 1537, "o_score_pt": 6729.349, "o_score_car": 4805.113, "CDI": -0.167 }, "geometry": { "type": "Polygon", "coordinates": [ [ [ 2.35966, 48.85629 ], [ 2.36177, 48.85557 ], [ 2.36207, 48.85396 ], [ 2.36028, 48.85308 ], [ 2.35817, 48.85381 ], [ 2.35787, 48.85542 ], [ 2.35966, 48.85629 ] ] ] } },
{ "type": "Feature", "properties": { "id": 360, "population": 986, "o_score_pt": 5772.963, "o_score_car": 4484.897, "CDI": -0.126 }, "geometry": { "type": "Polygon", "coordinates": [ [ [ 2.30811, 48.87546 ], [ 2.31009, 48.87479 ], [ 2.31037, 48.87327 ], [ 2.30872, 48.87247 ], [ 2.30675, 48.87314 ], [ 2.30646, 48.87466 ], [ 2.30811, 48.87546 ] ] ] } },
{ "type": "Feature", "properties": { "id": 361, "population": 1953, "o_score_pt": 5060.691, "o_score_car": 4033.365, "CDI": -0.113 }, "geometry": { "type": "Polygon", "coordinates": [ [ [ 2.39321, 48.86304 ], [ 2.3954, 48.86229 ], [ 2.39572, 48.86063 ], [ 2.39385, 48.85972 ], [ 2.39166, 48.86047 ], [ 2.39135, 48.86214 ], [ 2.39321, 48.86304 ] ] ] } },
{ "type": "Feature", "properties": { "id": 362, "population": 2622, "o_score_pt": 5190.769, "o_score_car": 4166.682, "CDI": -0.109 }, "geometry": { "type": "Polygon", "coordinates": [ [ [ 2.39121, 48.87372 ], [ 2.3935, 48.87293 ], [ 2.39382, 48.8712 ], [ 2.39187, 48.87025 ], [ 2.38958, 48.87103 ], [ 2.38926, 48.87277 ], [ 2.39121, 48.87372 ] ] ] } },
{ "type": "Feature", "properties": { "id": 363, "population": 200, "o_score_pt": 3152.671, "o_score_car": 3861.248, "CDI": 0.101 }, "geometry": { "type": "Polygon", "coordinates": [ [ [ 2.25497, 48.85686 ], [ 2.25643, 48.85636 ], [ 2.25665, 48.85521 ], [ 2.25548, 48.85464 ], [ 2.25402, 48.85514 ], [ 2.2538, 48.85629 ], [ 2.25497, 48.85686 ] ] ] } },
{ "type": "Feature", "properties": { "id": 364, "population": 2926, "o_score_pt": 5997.327, "o_score_car": 4323.817, "CDI": -0.162 }, "geometry": { "type": "Polygon", "coordinates": [ [ [ 2.31638, 48.88942 ], [ 2.3187, 48.88863 ], [ 2.31904, 48.88686 ], [ 2.31705, 48.8859 ], [ 2.31473, 48.88669 ], [ 2.31439, 48.88845 ], [ 2.31638, 48.88942 ] ] ] } },
{ "type": "Feature", "properties": { "id": 365, "population": 3337, "o_score_pt": 5716.748, "o_score_car": 4204.84, "CDI": -0.152 }, "geometry": { "type": "Polygon", "coordinates": [ [ [ 2.40217, 48.85016 ], [ 2.4045, 48.84936 ], [ 2.40483, 48.84759 ], [ 2.40283, 48.84662 ], [ 2.40051, 48.84742 ], [ 2.40018, 48.84919 ], [ 2.40217, 48.85016 ] ] ] } },
{ "type": "Feature", "properties": { "id": 366, "population": 2546, "o_score_pt": 5424.362, "o_score_car": 3945.938, "CDI": -0.158 }, "geometry": { "type": "Polygon", "coordinates": [ [ [ 2.2822, 48.8399 ], [ 2.28448, 48.83912 ], [ 2.28481, 48.83739 ], [ 2.28286, 48.83644 ], [ 2.28059, 48.83722 ], [ 2.28026, 48.83895 ], [ 2.2822, 48.8399 ] ] ] } },
{ "type": "Feature", "properties": { "id": 367, "population": 3719, "o_score_pt": 4889.832, "o_score_car": 4132.905, "CDI": -0.084 }, "geometry": { "type": "Polygon", "coordinates": [ [ [ 2.34032, 48.90107 ], [ 2.34265, 48.90028 ], [ 2.34299, 48.89851 ], [ 2.34099, 48.89754 ], [ 2.33866, 48.89834 ], [ 2.33833, 48.9001 ], [ 2.34032, 48.90107 ] ] ] } },
{ "type": "Feature", "properties": { "id": 368, "population": 88, "o_score_pt": 2651.744, "o_score_car": 3420.672, "CDI": 0.127 }, "geometry": { "type": "Polygon", "coordinates": [ [ [ 2.24165, 48.86947 ], [ 2.24285, 48.86906 ], [ 2.24303, 48.8681 ], [ 2.24211, 48.86765 ], [ 2.24092, 48.86806 ], [ 2.24073, 48.86902 ], [ 2.24165, 48.86947 ] ] ] } },
{ "type": "Feature", "properties": { "id": 369, "population": 0, "o_score_pt": 1828.387, "o_score_car": 3574.747, "CDI": 0.323 }, "geometry": { "type": "Polygon", "coordinates": [ [ [ 2.24058, 48.85253 ], [ 2.24058, 48.85253 ], [ 2.2406, 48.85242 ], [ 2.2406, 48.85242 ], [ 2.24058, 48.85253 ] ] ] } },
{ "type": "Feature", "properties": { "id": 370, "population": 1595, "o_score_pt": 4373.351, "o_score_car": 3927.178, "CDI": -0.054 }, "geometry": { "type": "Polygon", "coordinates": [ [ [ 2.25692, 48.84676 ], [ 2.25905, 48.84604 ], [ 2.25936, 48.84441 ], [ 2.25756, 48.84353 ], [ 2.25543, 48.84426 ], [ 2.25512, 48.84588 ], [ 2.25692, 48.84676 ] ] ] } },
{ "type": "Feature", "properties": { "id": 371, "population": 2456, "o_score_pt": 4885.044, "o_score_car": 4251.16, "CDI": -0.069 }, "geometry": { "type": "Polygon", "coordinates": [ [ [ 2.31281, 48.82779 ], [ 2.31507, 48.82702 ], [ 2.3154, 48.82529 ], [ 2.31346, 48.82435 ], [ 2.3112, 48.82512 ], [ 2.31087, 48.82685 ], [ 2.31281, 48.82779 ] ] ] } },
{ "type": "Feature", "properties": { "id": 372, "population": 534, "o_score_pt": 1951.147, "o_score_car": 3548.393, "CDI": 0.29 }, "geometry": { "type": "Polygon", "coordinates": [ [ [ 2.45566, 48.81983 ], [ 2.45743, 48.81923 ], [ 2.45768, 48.81785 ], [ 2.45622, 48.81714 ], [ 2.45445, 48.81775 ], [ 2.45419, 48.81912 ], [ 2.45566, 48.81983 ] ] ] } },
{ "type": "Feature", "properties": { "id": 373, "population": 2823, "o_score_pt": 6312.45, "o_score_car": 4641.413, "CDI": -0.153 }, "geometry": { "type": "Polygon", "coordinates": [ [ [ 2.34201, 48.86908 ], [ 2.34432, 48.86829 ], [ 2.34465, 48.86654 ], [ 2.34268, 48.86558 ], [ 2.34037, 48.86637 ], [ 2.34004, 48.86812 ], [ 2.34201, 48.86908 ] ] ] } },
{ "type": "Feature", "properties": { "id": 374, "population": 1533, "o_score_pt": 5326.266, "o_score_car": 4009.053, "CDI": -0.141 }, "geometry": { "type": "Polygon", "coordinates": [ [ [ 2.27718, 48.86629 ], [ 2.27929, 48.86557 ], [ 2.2796, 48.86395 ], [ 2.27781, 48.86308 ], [ 2.2757, 48.8638 ], [ 2.27539, 48.86542 ], [ 2.27718, 48.86629 ] ] ] } },
{ "type": "Feature", "properties": { "id": 375, "population": 2455, "o_score_pt": 5071.979, "o_score_car": 4034.73, "CDI": -0.114 }, "geometry": { "type": "Polygon", "coordinates": [ [ [ 2.28883, 48.85085 ], [ 2.2911, 48.85008 ], [ 2.29143, 48.84836 ], [ 2.28949, 48.84741 ], [ 2.28723, 48.84819 ], [ 2.2869, 48.84991 ], [ 2.28883, 48.85085 ] ] ] } },
{ "type": "Feature", "properties": { "id": 376, "population": 2551, "o_score_pt": 5233.987, "o_score_car": 4246.756, "CDI": -0.104 }, "geometry": { "type": "Polygon", "coordinates": [ [ [ 2.32836, 48.89521 ], [ 2.33063, 48.89443 ], [ 2.33096, 48.8927 ], [ 2.32902, 48.89176 ], [ 2.32674, 48.89253 ], [ 2.32641, 48.89426 ], [ 2.32836, 48.89521 ] ] ] } },
{ "type": "Feature", "properties": { "id": 377, "population": 158, "o_score_pt": 3382.209, "o_score_car": 3781.898, "CDI": 0.056 }, "geometry": { "type": "Polygon", "coordinates": [ [ [ 2.26326, 48.87051 ], [ 2.26465, 48.87003 ], [ 2.26486, 48.86894 ], [ 2.26376, 48.8684 ], [ 2.26238, 48.86888 ], [ 2.26217, 48.86997 ], [ 2.26326, 48.87051 ] ] ] } },
{ "type": "Feature", "properties": { "id": 378, "population": 2189, "o_score_pt": 5023.348, "o_score_car": 3968.952, "CDI": -0.117 }, "geometry": { "type": "Polygon", "coordinates": [ [ [ 2.29085, 48.84022 ], [ 2.29308, 48.83946 ], [ 2.2934, 48.83776 ], [ 2.2915, 48.83684 ], [ 2.28927, 48.8376 ], [ 2.28895, 48.83929 ], [ 2.29085, 48.84022 ] ] ] } },
{ "type": "Feature", "properties": { "id": 379, "population": 2996, "o_score_pt": 5171.73, "o_score_car": 4079.642, "CDI": -0.118 }, "geometry": { "type": "Polygon", "coordinates": [ [ [ 2.3028, 48.84613 ], [ 2.30513, 48.84534 ], [ 2.30547, 48.84357 ], [ 2.30347, 48.8426 ], [ 2.30114, 48.84339 ], [ 2.30081, 48.84516 ], [ 2.3028, 48.84613 ] ] ] } },
{ "type": "Feature", "properties": { "id": 380, "population": 3519, "o_score_pt": 4269.522, "o_score_car": 4040.432, "CDI": -0.028 }, "geometry": { "type": "Polygon", "coordinates": [ [ [ 2.36194, 48.90194 ], [ 2.36427, 48.90115 ], [ 2.36461, 48.89938 ], [ 2.36261, 48.89841 ], [ 2.36028, 48.89921 ], [ 2.35995, 48.90097 ], [ 2.36194, 48.90194 ] ] ] } },
{ "type": "Feature", "properties": { "id": 381, "population": 2431, "o_score_pt": 4741.22, "o_score_car": 4215.175, "CDI": -0.059 }, "geometry": { "type": "Polygon", "coordinates": [ [ [ 2.30416, 48.82743 ], [ 2.30643, 48.82666 ], [ 2.30675, 48.82494 ], [ 2.30482, 48.824 ], [ 2.30256, 48.82477 ], [ 2.30224, 48.82649 ], [ 2.30416, 48.82743 ] ] ] } },
{ "type": "Feature", "properties": { "id": 382, "population": 1748, "o_score_pt": 4088.57, "o_score_car": 4053.879, "CDI": -0.004 }, "geometry": { "type": "Polygon", "coordinates": [ [ [ 2.41281, 48.83977 ], [ 2.41496, 48.83903 ], [ 2.41527, 48.83739 ], [ 2.41344, 48.8365 ], [ 2.41129, 48.83724 ], [ 2.41098, 48.83888 ], [ 2.41281, 48.83977 ] ] ] } },
{ "type": "Feature", "properties": { "id": 383, "population": 2232, "o_score_pt": 4153.416, "o_score_car": 3868.312, "CDI": -0.036 }, "geometry": { "type": "Polygon", "coordinates": [ [ [ 2.26059, 48.83898 ], [ 2.26283, 48.83822 ], [ 2.26315, 48.83651 ], [ 2.26125, 48.83558 ], [ 2.25901, 48.83635 ], [ 2.25869, 48.83805 ], [ 2.26059, 48.83898 ] ] ] } },
{ "type": "Feature", "properties": { "id": 384, "population": 1753, "o_score_pt": 4927.609, "o_score_car": 4114.668, "CDI": -0.09 }, "geometry": { "type": "Polygon", "coordinates": [ [ [ 2.40584, 48.84216 ], [ 2.40799, 48.84143 ], [ 2.4083, 48.83978 ], [ 2.40647, 48.83889 ], [ 2.40432, 48.83963 ], [ 2.40401, 48.84127 ], [ 2.40584, 48.84216 ] ] ] } },
{ "type": "Feature", "properties": { "id": 385, "population": 1230, "o_score_pt": 4282.024, "o_score_car": 3984.204, "CDI": -0.036 }, "geometry": { "type": "Polygon", "coordinates": [ [ [ 2.25859, 48.84944 ], [ 2.26063, 48.84874 ], [ 2.26093, 48.84718 ], [ 2.25921, 48.84634 ], [ 2.25717, 48.84703 ], [ 2.25687, 48.8486 ], [ 2.25859, 48.84944 ] ] ] } },
{ "type": "Feature", "properties": { "id": 386, "population": 2400, "o_score_pt": 5193.379, "o_score_car": 4182.006, "CDI": -0.108 }, "geometry": { "type": "Polygon", "coordinates": [ [ [ 2.35866, 48.82698 ], [ 2.36092, 48.82621 ], [ 2.36124, 48.82449 ], [ 2.35932, 48.82356 ], [ 2.35706, 48.82433 ], [ 2.35674, 48.82604 ], [ 2.35866, 48.82698 ] ] ] } },
{ "type": "Feature", "properties": { "id": 387, "population": 2465, "o_score_pt": 5241.933, "o_score_car": 4453.884, "CDI": -0.081 }, "geometry": { "type": "Polygon", "coordinates": [ [ [ 2.32476, 48.83362 ], [ 2.32703, 48.83285 ], [ 2.32735, 48.83113 ], [ 2.32542, 48.83018 ], [ 2.32316, 48.83096 ], [ 2.32283, 48.83268 ], [ 2.32476, 48.83362 ] ] ] } },
{ "type": "Feature", "properties": { "id": 388, "population": 3599, "o_score_pt": 5377.82, "o_score_car": 4239.08, "CDI": -0.118 }, "geometry": { "type": "Polygon", "coordinates": [ [ [ 2.34399, 48.89321 ], [ 2.34632, 48.89242 ], [ 2.34665, 48.89065 ], [ 2.34466, 48.88968 ], [ 2.34233, 48.89047 ], [ 2.34199, 48.89224 ], [ 2.34399, 48.89321 ] ] ] } },
{ "type": "Feature", "properties": { "id": 389, "population": 3242, "o_score_pt": 6422.194, "o_score_car": 4445.97, "CDI": -0.182 }, "geometry": { "type": "Polygon", "coordinates": [ [ [ 2.3573, 48.8804 ], [ 2.35963, 48.8796 ], [ 2.35996, 48.87783 ], [ 2.35797, 48.87686 ], [ 2.35564, 48.87766 ], [ 2.3553, 48.87943 ], [ 2.3573, 48.8804 ] ] ] } },
{ "type": "Feature", "properties": { "id": 390, "population": 983, "o_score_pt": 6594.952, "o_score_car": 4777.581, "CDI": -0.16 }, "geometry": { "type": "Polygon", "coordinates": [ [ [ 2.32043, 48.86795 ], [ 2.3224, 48.86728 ], [ 2.32269, 48.86576 ], [ 2.32103, 48.86496 ], [ 2.31906, 48.86563 ], [ 2.31878, 48.86714 ], [ 2.32043, 48.86795 ] ] ] } },
{ "type": "Feature", "properties": { "id": 391, "population": 3281, "o_score_pt": 6434.545, "o_score_car": 4500.544, "CDI": -0.177 }, "geometry": { "type": "Polygon", "coordinates": [ [ [ 2.3593, 48.8698 ], [ 2.36163, 48.869 ], [ 2.36196, 48.86723 ], [ 2.35997, 48.86626 ], [ 2.35764, 48.86706 ], [ 2.3573, 48.86883 ], [ 2.3593, 48.8698 ] ] ] } },
{ "type": "Feature", "properties": { "id": 392, "population": 2291, "o_score_pt": 6513.829, "o_score_car": 4584.723, "CDI": -0.174 }, "geometry": { "type": "Polygon", "coordinates": [ [ [ 2.33403, 48.87672 ], [ 2.33627, 48.87595 ], [ 2.3366, 48.87425 ], [ 2.33468, 48.87332 ], [ 2.33244, 48.87408 ], [ 2.33212, 48.87579 ], [ 2.33403, 48.87672 ] ] ] } },
{ "type": "Feature", "properties": { "id": 393, "population": 1494, "o_score_pt": 5037.156, "o_score_car": 4007.119, "CDI": -0.114 }, "geometry": { "type": "Polygon", "coordinates": [ [ [ 2.27552, 48.86354 ], [ 2.27763, 48.86283 ], [ 2.27793, 48.86122 ], [ 2.27615, 48.86035 ], [ 2.27405, 48.86107 ], [ 2.27374, 48.86267 ], [ 2.27552, 48.86354 ] ] ] } },
{ "type": "Feature", "properties": { "id": 394, "population": 1468, "o_score_pt": 6225.887, "o_score_car": 4545.313, "CDI": -0.156 }, "geometry": { "type": "Polygon", "coordinates": [ [ [ 2.31112, 48.85965 ], [ 2.31322, 48.85894 ], [ 2.31352, 48.85733 ], [ 2.31175, 48.85647 ], [ 2.30965, 48.85718 ], [ 2.30934, 48.85879 ], [ 2.31112, 48.85965 ] ] ] } },
{ "type": "Feature", "properties": { "id": 395, "population": 3036, "o_score_pt": 4840.614, "o_score_car": 4190.583, "CDI": -0.072 }, "geometry": { "type": "Polygon", "coordinates": [ [ [ 2.337, 48.8956 ], [ 2.33933, 48.8948 ], [ 2.33966, 48.89304 ], [ 2.33767, 48.89207 ], [ 2.33534, 48.89286 ], [ 2.33501, 48.89463 ], [ 2.337, 48.8956 ] ] ] } },
{ "type": "Feature", "properties": { "id": 396, "population": 95, "o_score_pt": 2064.163, "o_score_car": 3084.759, "CDI": 0.198 }, "geometry": { "type": "Polygon", "coordinates": [ [ [ 2.44609, 48.82437 ], [ 2.4473, 48.82395 ], [ 2.44749, 48.82297 ], [ 2.44655, 48.82251 ], [ 2.44533, 48.82293 ], [ 2.44515, 48.82391 ], [ 2.44609, 48.82437 ] ] ] } },
{ "type": "Feature", "properties": { "id": 397, "population": 263, "o_score_pt": 23.802, "o_score_car": 3291.543, "CDI": 0.986 }, "geometry": { "type": "Polygon", "coordinates": [ [ [ 2.24493, 48.87522 ], [ 2.24648, 48.87469 ], [ 2.24671, 48.87348 ], [ 2.24546, 48.87287 ], [ 2.24391, 48.8734 ], [ 2.24368, 48.87461 ], [ 2.24493, 48.87522 ] ] ] } },
{ "type": "Feature", "properties": { "id": 398, "population": 1057, "o_score_pt": 4281.461, "o_score_car": 4091.214, "CDI": -0.023 }, "geometry": { "type": "Polygon", "coordinates": [ [ [ 2.41116, 48.83691 ], [ 2.41316, 48.83623 ], [ 2.41344, 48.8347 ], [ 2.41177, 48.83389 ], [ 2.40978, 48.83457 ], [ 2.40949, 48.8361 ], [ 2.41116, 48.83691 ] ] ] } },
{ "type": "Feature", "properties": { "id": 399, "population": 1069, "o_score_pt": 7363.068, "o_score_car": 4852.209, "CDI": -0.206 }, "geometry": { "type": "Polygon", "coordinates": [ [ [ 2.3457, 48.86098 ], [ 2.3477, 48.8603 ], [ 2.34799, 48.85877 ], [ 2.34631, 48.85795 ], [ 2.34431, 48.85863 ], [ 2.34403, 48.86016 ], [ 2.3457, 48.86098 ] ] ] } },
{ "type": "Feature", "properties": { "id": 400, "population": 2317, "o_score_pt": 6892.404, "o_score_car": 4639.07, "CDI": -0.195 }, "geometry": { "type": "Polygon", "coordinates": [ [ [ 2.33237, 48.87399 ], [ 2.33462, 48.87322 ], [ 2.33494, 48.87151 ], [ 2.33302, 48.87058 ], [ 2.33078, 48.87134 ], [ 2.33045, 48.87305 ], [ 2.33237, 48.87399 ] ] ] } },
{ "type": "Feature", "properties": { "id": 401, "population": 3099, "o_score_pt": 6328.725, "o_score_car": 4509.444, "CDI": -0.168 }, "geometry": { "type": "Polygon", "coordinates": [ [ [ 2.32275, 48.84427 ], [ 2.32508, 48.84348 ], [ 2.32541, 48.84171 ], [ 2.32342, 48.84074 ], [ 2.32109, 48.84154 ], [ 2.32076, 48.8433 ], [ 2.32275, 48.84427 ] ] ] } },
{ "type": "Feature", "properties": { "id": 402, "population": 949, "o_score_pt": 4218.067, "o_score_car": 3975.28, "CDI": -0.03 }, "geometry": { "type": "Polygon", "coordinates": [ [ [ 2.26689, 48.86308 ], [ 2.26885, 48.86241 ], [ 2.26913, 48.8609 ], [ 2.26749, 48.8601 ], [ 2.26553, 48.86077 ], [ 2.26524, 48.86228 ], [ 2.26689, 48.86308 ] ] ] } },
{ "type": "Feature", "properties": { "id": 403, "population": 1431, "o_score_pt": 5916.002, "o_score_car": 4412.512, "CDI": -0.146 }, "geometry": { "type": "Polygon", "coordinates": [ [ [ 2.30946, 48.85691 ], [ 2.31155, 48.85619 ], [ 2.31185, 48.8546 ], [ 2.31009, 48.85373 ], [ 2.30799, 48.85445 ], [ 2.30769, 48.85605 ], [ 2.30946, 48.85691 ] ] ] } },
{ "type": "Feature", "properties": { "id": 404, "population": 1274, "o_score_pt": 4587.862, "o_score_car": 4132.279, "CDI": -0.052 }, "geometry": { "type": "Polygon", "coordinates": [ [ [ 2.40252, 48.83661 ], [ 2.40458, 48.83591 ], [ 2.40487, 48.83434 ], [ 2.40314, 48.83349 ], [ 2.40109, 48.8342 ], [ 2.40079, 48.83577 ], [ 2.40252, 48.83661 ] ] ] } },
{ "type": "Feature", "properties": { "id": 405, "population": 3274, "o_score_pt": 4912.882, "o_score_car": 4079.798, "CDI": -0.093 }, "geometry": { "type": "Polygon", "coordinates": [ [ [ 2.40317, 48.87957 ], [ 2.4055, 48.87877 ], [ 2.40583, 48.877 ], [ 2.40384, 48.87603 ], [ 2.40151, 48.87683 ], [ 2.40118, 48.8786 ], [ 2.40317, 48.87957 ] ] ] } },
{ "type": "Feature", "properties": { "id": 406, "population": 2964, "o_score_pt": 4528.871, "o_score_car": 3986.88, "CDI": -0.064 }, "geometry": { "type": "Polygon", "coordinates": [ [ [ 2.3187, 48.9002 ], [ 2.32102, 48.8994 ], [ 2.32136, 48.89764 ], [ 2.31937, 48.89667 ], [ 2.31704, 48.89746 ], [ 2.3167, 48.89923 ], [ 2.3187, 48.9002 ] ] ] } },
{ "type": "Feature", "properties": { "id": 407, "population": 81, "o_score_pt": 4568.893, "o_score_car": 4012.323, "CDI": -0.065 }, "geometry": { "type": "Polygon", "coordinates": [ [ [ 2.27092, 48.876 ], [ 2.2721, 48.8756 ], [ 2.27228, 48.87466 ], [ 2.27138, 48.87422 ], [ 2.27021, 48.87462 ], [ 2.27003, 48.87557 ], [ 2.27092, 48.876 ] ] ] } },
{ "type": "Feature", "properties": { "id": 408, "population": 203, "o_score_pt": 3428.007, "o_score_car": 3801.562, "CDI": 0.052 }, "geometry": { "type": "Polygon", "coordinates": [ [ [ 2.41652, 48.83138 ], [ 2.41798, 48.83088 ], [ 2.4182, 48.82973 ], [ 2.41703, 48.82916 ], [ 2.41557, 48.82966 ], [ 2.41535, 48.83081 ], [ 2.41652, 48.83138 ] ] ] } },
{ "type": "Feature", "properties": { "id": 409, "population": 4414, "o_score_pt": 6121.486, "o_score_car": 4537.722, "CDI": -0.149 }, "geometry": { "type": "Polygon", "coordinates": [ [ [ 2.36794, 48.87014 ], [ 2.37027, 48.86935 ], [ 2.3706, 48.86758 ], [ 2.36861, 48.86661 ], [ 2.36628, 48.86741 ], [ 2.36595, 48.86917 ], [ 2.36794, 48.87014 ] ] ] } },
{ "type": "Feature", "properties": { "id": 410, "population": 3174, "o_score_pt": 6615.937, "o_score_car": 4326.581, "CDI": -0.209 }, "geometry": { "type": "Polygon", "coordinates": [ [ [ 2.35398, 48.87492 ], [ 2.3563, 48.87413 ], [ 2.35664, 48.87236 ], [ 2.35464, 48.87139 ], [ 2.35232, 48.87218 ], [ 2.35198, 48.87395 ], [ 2.35398, 48.87492 ] ] ] } },
{ "type": "Feature", "properties": { "id": 411, "population": 1458, "o_score_pt": 6292.373, "o_score_car": 4589.926, "CDI": -0.156 }, "geometry": { "type": "Polygon", "coordinates": [ [ [ 2.31544, 48.85983 ], [ 2.31754, 48.85911 ], [ 2.31784, 48.85751 ], [ 2.31607, 48.85664 ], [ 2.31397, 48.85736 ], [ 2.31367, 48.85896 ], [ 2.31544, 48.85983 ] ] ] } },
{ "type": "Feature", "properties": { "id": 412, "population": 1308, "o_score_pt": 4500.506, "o_score_car": 3915.353, "CDI": -0.07 }, "geometry": { "type": "Polygon", "coordinates": [ [ [ 2.26724, 48.84981 ], [ 2.2693, 48.84911 ], [ 2.2696, 48.84753 ], [ 2.26786, 48.84668 ], [ 2.2658, 48.84738 ], [ 2.26549, 48.84896 ], [ 2.26724, 48.84981 ] ] ] } },
{ "type": "Feature", "properties": { "id": 413, "population": 1473, "o_score_pt": 6274.744, "o_score_car": 4515.72, "CDI": -0.163 }, "geometry": { "type": "Polygon", "coordinates": [ [ [ 2.31479, 48.85179 ], [ 2.31689, 48.85107 ], [ 2.31719, 48.84947 ], [ 2.31541, 48.8486 ], [ 2.31331, 48.84932 ], [ 2.31301, 48.85092 ], [ 2.31479, 48.85179 ] ] ] } },
{ "type": "Feature", "properties": { "id": 414, "population": 3864, "o_score_pt": 5434.645, "o_score_car": 3885.102, "CDI": -0.166 }, "geometry": { "type": "Polygon", "coordinates": [ [ [ 2.35264, 48.89356 ], [ 2.35496, 48.89276 ], [ 2.3553, 48.891 ], [ 2.3533, 48.89003 ], [ 2.35097, 48.89082 ], [ 2.35064, 48.89259 ], [ 2.35264, 48.89356 ] ] ] } },
{ "type": "Feature", "properties": { "id": 415, "population": 68, "o_score_pt": 2698.356, "o_score_car": 2965.984, "CDI": 0.047 }, "geometry": { "type": "Polygon", "coordinates": [ [ [ 2.4647, 48.84105 ], [ 2.46581, 48.84067 ], [ 2.46598, 48.83976 ], [ 2.46514, 48.83935 ], [ 2.46403, 48.83973 ], [ 2.46386, 48.84064 ], [ 2.4647, 48.84105 ] ] ] } },
{ "type": "Feature", "properties": { "id": 416, "population": 199, "o_score_pt": 2640.838, "o_score_car": 3277.177, "CDI": 0.108 }, "geometry": { "type": "Polygon", "coordinates": [ [ [ 2.45901, 48.82507 ], [ 2.46046, 48.82457 ], [ 2.46068, 48.82342 ], [ 2.45951, 48.82285 ], [ 2.45806, 48.82335 ], [ 2.45784, 48.8245 ], [ 2.45901, 48.82507 ] ] ] } },
{ "type": "Feature", "properties": { "id": 417, "population": 2794, "o_score_pt": 4936.212, "o_score_car": 4051.078, "CDI": -0.098 }, "geometry": { "type": "Polygon", "coordinates": [ [ [ 2.35002, 48.82667 ], [ 2.35232, 48.82588 ], [ 2.35266, 48.82413 ], [ 2.35068, 48.82317 ], [ 2.34838, 48.82396 ], [ 2.34805, 48.82571 ], [ 2.35002, 48.82667 ] ] ] } },
{ "type": "Feature", "properties": { "id": 418, "population": 6, "o_score_pt": 2637.428, "o_score_car": 3280.763, "CDI": 0.109 }, "geometry": { "type": "Polygon", "coordinates": [ [ [ 2.4382, 48.83143 ], [ 2.43858, 48.8313 ], [ 2.43865, 48.83091 ], [ 2.43851, 48.83084 ], [ 2.43814, 48.83097 ], [ 2.43806, 48.83136 ], [ 2.4382, 48.83143 ] ] ] } },
{ "type": "Feature", "properties": { "id": 419, "population": 2434, "o_score_pt": 5296.836, "o_score_car": 4166.4, "CDI": -0.119 }, "geometry": { "type": "Polygon", "coordinates": [ [ [ 2.31612, 48.83327 ], [ 2.31838, 48.83249 ], [ 2.31871, 48.83077 ], [ 2.31678, 48.82983 ], [ 2.31452, 48.8306 ], [ 2.31419, 48.83233 ], [ 2.31612, 48.83327 ] ] ] } },
{ "type": "Feature", "properties": { "id": 420, "population": 3805, "o_score_pt": 5564.095, "o_score_car": 4189.078, "CDI": -0.141 }, "geometry": { "type": "Polygon", "coordinates": [ [ [ 2.34565, 48.89595 ], [ 2.34798, 48.89515 ], [ 2.34831, 48.89339 ], [ 2.34632, 48.89242 ], [ 2.34399, 48.89321 ], [ 2.34365, 48.89498 ], [ 2.34565, 48.89595 ] ] ] } },
{ "type": "Feature", "properties": { "id": 421, "population": 2552, "o_score_pt": 5910.421, "o_score_car": 4416.625, "CDI": -0.145 }, "geometry": { "type": "Polygon", "coordinates": [ [ [ 2.33735, 48.88222 ], [ 2.33963, 48.88144 ], [ 2.33995, 48.87971 ], [ 2.33801, 48.87877 ], [ 2.33573, 48.87954 ], [ 2.3354, 48.88128 ], [ 2.33735, 48.88222 ] ] ] } },
{ "type": "Feature", "properties": { "id": 422, "population": 865, "o_score_pt": 6706.042, "o_score_car": 4880.56, "CDI": -0.158 }, "geometry": { "type": "Polygon", "coordinates": [ [ [ 2.33873, 48.86332 ], [ 2.34066, 48.86266 ], [ 2.34094, 48.86118 ], [ 2.33932, 48.86039 ], [ 2.33739, 48.86105 ], [ 2.33711, 48.86253 ], [ 2.33873, 48.86332 ] ] ] } },
{ "type": "Feature", "properties": { "id": 423, "population": 3306, "o_score_pt": 6610.188, "o_score_car": 4654.249, "CDI": -0.174 }, "geometry": { "type": "Polygon", "coordinates": [ [ [ 2.35066, 48.86945 ], [ 2.35298, 48.86865 ], [ 2.35332, 48.86688 ], [ 2.35132, 48.86591 ], [ 2.34899, 48.86671 ], [ 2.34866, 48.86848 ], [ 2.35066, 48.86945 ] ] ] } },
{ "type": "Feature", "properties": { "id": 424, "population": 2762, "o_score_pt": 4858.967, "o_score_car": 4072.557, "CDI": -0.088 }, "geometry": { "type": "Polygon", "coordinates": [ [ [ 2.40351, 48.86621 ], [ 2.40581, 48.86542 ], [ 2.40613, 48.86367 ], [ 2.40416, 48.86272 ], [ 2.40186, 48.86351 ], [ 2.40154, 48.86525 ], [ 2.40351, 48.86621 ] ] ] } },
{ "type": "Feature", "properties": { "id": 425, "population": 1331, "o_score_pt": 5159.437, "o_score_car": 4210.009, "CDI": -0.101 }, "geometry": { "type": "Polygon", "coordinates": [ [ [ 2.30082, 48.85654 ], [ 2.30288, 48.85583 ], [ 2.30318, 48.85425 ], [ 2.30144, 48.8534 ], [ 2.29937, 48.8541 ], [ 2.29907, 48.85569 ], [ 2.30082, 48.85654 ] ] ] } },
{ "type": "Feature", "properties": { "id": 426, "population": 2701, "o_score_pt": 4799.834, "o_score_car": 4131.766, "CDI": -0.075 }, "geometry": { "type": "Polygon", "coordinates": [ [ [ 2.28279, 48.88269 ], [ 2.28509, 48.8819 ], [ 2.28542, 48.88016 ], [ 2.28345, 48.8792 ], [ 2.28116, 48.87999 ], [ 2.28083, 48.88173 ], [ 2.28279, 48.88269 ] ] ] } },
{ "type": "Feature", "properties": { "id": 427, "population": 2471, "o_score_pt": 4468.868, "o_score_car": 3956.428, "CDI": -0.061 }, "geometry": { "type": "Polygon", "coordinates": [ [ [ 2.26923, 48.83936 ], [ 2.2715, 48.83859 ], [ 2.27183, 48.83686 ], [ 2.26989, 48.83592 ], [ 2.26763, 48.83669 ], [ 2.2673, 48.83841 ], [ 2.26923, 48.83936 ] ] ] } },
{ "type": "Feature", "properties": { "id": 428, "population": 47, "o_score_pt": 3405.446, "o_score_car": 3563.233, "CDI": 0.023 }, "geometry": { "type": "Polygon", "coordinates": [ [ [ 2.4149, 48.82829 ], [ 2.4159, 48.82795 ], [ 2.41605, 48.82713 ], [ 2.41533, 48.82677 ], [ 2.41433, 48.82712 ], [ 2.41418, 48.82794 ], [ 2.4149, 48.82829 ] ] ] } },
{ "type": "Feature", "properties": { "id": 429, "population": 4860, "o_score_pt": 6581.083, "o_score_car": 4807.867, "CDI": -0.156 }, "geometry": { "type": "Polygon", "coordinates": [ [ [ 2.36628, 48.86741 ], [ 2.36861, 48.86661 ], [ 2.36894, 48.86484 ], [ 2.36695, 48.86387 ], [ 2.36462, 48.86467 ], [ 2.36429, 48.86644 ], [ 2.36628, 48.86741 ] ] ] } },
{ "type": "Feature", "properties": { "id": 430, "population": 1779, "o_score_pt": 6356.2, "o_score_car": 4766.065, "CDI": -0.143 }, "geometry": { "type": "Polygon", "coordinates": [ [ [ 2.3377, 48.8688 ], [ 2.33987, 48.86806 ], [ 2.34018, 48.86641 ], [ 2.33834, 48.86551 ], [ 2.33618, 48.86625 ], [ 2.33587, 48.8679 ], [ 2.3377, 48.8688 ] ] ] } },
{ "type": "Feature", "properties": { "id": 431, "population": 2296, "o_score_pt": 5949.003, "o_score_car": 4446.948, "CDI": -0.144 }, "geometry": { "type": "Polygon", "coordinates": [ [ [ 2.33569, 48.87946 ], [ 2.33794, 48.87869 ], [ 2.33826, 48.87699 ], [ 2.33634, 48.87605 ], [ 2.3341, 48.87682 ], [ 2.33378, 48.87853 ], [ 2.33569, 48.87946 ] ] ] } },
{ "type": "Feature", "properties": { "id": 432, "population": 1309, "o_score_pt": 4806.813, "o_score_car": 4120.098, "CDI": -0.077 }, "geometry": { "type": "Polygon", "coordinates": [ [ [ 2.27588, 48.85017 ], [ 2.27795, 48.84946 ], [ 2.27825, 48.84788 ], [ 2.27651, 48.84703 ], [ 2.27444, 48.84774 ], [ 2.27414, 48.84932 ], [ 2.27588, 48.85017 ] ] ] } },
{ "type": "Feature", "properties": { "id": 433, "population": 2205, "o_score_pt": 5837.987, "o_score_car": 4307.911, "CDI": -0.151 }, "geometry": { "type": "Polygon", "coordinates": [ [ [ 2.31311, 48.84915 ], [ 2.31534, 48.84839 ], [ 2.31567, 48.84669 ], [ 2.31377, 48.84576 ], [ 2.31154, 48.84653 ], [ 2.31121, 48.84822 ], [ 2.31311, 48.84915 ] ] ] } },
{ "type": "Feature", "properties": { "id": 434, "population": 2855, "o_score_pt": 4804.044, "o_score_car": 4043.738, "CDI": -0.086 }, "geometry": { "type": "Polygon", "coordinates": [ [ [ 2.29144, 48.88306 ], [ 2.29375, 48.88226 ], [ 2.29409, 48.88051 ], [ 2.29211, 48.87954 ], [ 2.28979, 48.88033 ], [ 2.28946, 48.88209 ], [ 2.29144, 48.88306 ] ] ] } },
{ "type": "Feature", "properties": { "id": 435, "population": 0, "o_score_pt": 2272.583, "o_score_car": 3637.992, "CDI": 0.231 }, "geometry": { "type": "Polygon", "coordinates": [ [ [ 2.43669, 48.82845 ], [ 2.43669, 48.82845 ], [ 2.43671, 48.82834 ], [ 2.43671, 48.82834 ], [ 2.43669, 48.82845 ] ] ] } },
{ "type": "Feature", "properties": { "id": 436, "population": 2701, "o_score_pt": 4915.299, "o_score_car": 4001.532, "CDI": -0.102 }, "geometry": { "type": "Polygon", "coordinates": [ [ [ 2.41214, 48.86655 ], [ 2.41444, 48.86577 ], [ 2.41476, 48.86402 ], [ 2.4128, 48.86307 ], [ 2.41051, 48.86385 ], [ 2.41018, 48.8656 ], [ 2.41214, 48.86655 ] ] ] } },
{ "type": "Feature", "properties": { "id": 437, "population": 2312, "o_score_pt": 4158.559, "o_score_car": 4017.02, "CDI": -0.017 }, "geometry": { "type": "Polygon", "coordinates": [ [ [ 2.26758, 48.8366 ], [ 2.26982, 48.83584 ], [ 2.27015, 48.83413 ], [ 2.26824, 48.83319 ], [ 2.26599, 48.83396 ], [ 2.26566, 48.83567 ], [ 2.26758, 48.8366 ] ] ] } },
{ "type": "Feature", "properties": { "id": 438, "population": 54, "o_score_pt": 2648.668, "o_score_car": 3147.411, "CDI": 0.086 }, "geometry": { "type": "Polygon", "coordinates": [ [ [ 2.45806, 48.83005 ], [ 2.4591, 48.82969 ], [ 2.45926, 48.82884 ], [ 2.45849, 48.82846 ], [ 2.45745, 48.82882 ], [ 2.45729, 48.82968 ], [ 2.45806, 48.83005 ] ] ] } },
{ "type": "Feature", "properties": { "id": 439, "population": 0, "o_score_pt": 3054.867, "o_score_car": 3302.82, "CDI": 0.039 }, "geometry": { "type": "Polygon", "coordinates": [ [ [ 2.46325, 48.83752 ], [ 2.46325, 48.83752 ], [ 2.46327, 48.83741 ], [ 2.46327, 48.83741 ], [ 2.46325, 48.83752 ] ] ] } },
{ "type": "Feature", "properties": { "id": 440, "population": 201, "o_score_pt": 3297.055, "o_score_car": 3934.989, "CDI": 0.088 }, "geometry": { "type": "Polygon", "coordinates": [ [ [ 2.42317, 48.84233 ], [ 2.42463, 48.84183 ], [ 2.42484, 48.84068 ], [ 2.42368, 48.84011 ], [ 2.42222, 48.84061 ], [ 2.422, 48.84176 ], [ 2.42317, 48.84233 ] ] ] } },
{ "type": "Feature", "properties": { "id": 441, "population": 3049, "o_score_pt": 6683.785, "o_score_car": 4771.784, "CDI": -0.167 }, "geometry": { "type": "Polygon", "coordinates": [ [ [ 2.35764, 48.86706 ], [ 2.35997, 48.86626 ], [ 2.3603, 48.8645 ], [ 2.3583, 48.86352 ], [ 2.35598, 48.86432 ], [ 2.35564, 48.86609 ], [ 2.35764, 48.86706 ] ] ] } },
{ "type": "Feature", "properties": { "id": 442, "population": 825, "o_score_pt": 6622.545, "o_score_car": 4803.401, "CDI": -0.159 }, "geometry": { "type": "Polygon", "coordinates": [ [ [ 2.33607, 48.86587 ], [ 2.33798, 48.86522 ], [ 2.33826, 48.86374 ], [ 2.33666, 48.86296 ], [ 2.33475, 48.86362 ], [ 2.33447, 48.86509 ], [ 2.33607, 48.86587 ] ] ] } },
{ "type": "Feature", "properties": { "id": 443, "population": 2659, "o_score_pt": 6076.228, "o_score_car": 4472.18, "CDI": -0.152 }, "geometry": { "type": "Polygon", "coordinates": [ [ [ 2.34433, 48.87984 ], [ 2.34662, 48.87906 ], [ 2.34695, 48.87732 ], [ 2.34499, 48.87637 ], [ 2.3427, 48.87715 ], [ 2.34238, 48.87889 ], [ 2.34433, 48.87984 ] ] ] } },
{ "type": "Feature", "properties": { "id": 444, "population": 3684, "o_score_pt": 5602.189, "o_score_car": 4272.668, "CDI": -0.135 }, "geometry": { "type": "Polygon", "coordinates": [ [ [ 2.3563, 48.8857 ], [ 2.35863, 48.8849 ], [ 2.35896, 48.88313 ], [ 2.35697, 48.88216 ], [ 2.35464, 48.88296 ], [ 2.3543, 48.88473 ], [ 2.3563, 48.8857 ] ] ] } },
{ "type": "Feature", "properties": { "id": 445, "population": 3069, "o_score_pt": 5142.497, "o_score_car": 4064.825, "CDI": -0.117 }, "geometry": { "type": "Polygon", "coordinates": [ [ [ 2.34233, 48.89047 ], [ 2.34466, 48.88968 ], [ 2.34499, 48.88791 ], [ 2.34299, 48.88694 ], [ 2.34067, 48.88774 ], [ 2.34033, 48.8895 ], [ 2.34233, 48.89047 ] ] ] } },
{ "type": "Feature", "properties": { "id": 446, "population": 200, "o_score_pt": 3552.011, "o_score_car": 3904.581, "CDI": 0.047 }, "geometry": { "type": "Polygon", "coordinates": [ [ [ 2.25763, 48.8543 ], [ 2.25909, 48.8538 ], [ 2.25931, 48.85265 ], [ 2.25815, 48.85208 ], [ 2.25669, 48.85258 ], [ 2.25647, 48.85373 ], [ 2.25763, 48.8543 ] ] ] } },
{ "type": "Feature", "properties": { "id": 447, "population": 27, "o_score_pt": 3113.16, "o_score_car": 3428.803, "CDI": 0.048 }, "geometry": { "type": "Polygon", "coordinates": [ [ [ 2.4561, 48.84049 ], [ 2.45692, 48.8402 ], [ 2.45705, 48.8395 ], [ 2.45649, 48.83923 ], [ 2.45566, 48.83951 ], [ 2.45553, 48.84021 ], [ 2.4561, 48.84049 ] ] ] } },
{ "type": "Feature", "properties": { "id": 448, "population": 2079, "o_score_pt": 3608.622, "o_score_car": 3933.258, "CDI": 0.043 }, "geometry": { "type": "Polygon", "coordinates": [ [ [ 2.27025, 48.83401 ], [ 2.27246, 48.83326 ], [ 2.27278, 48.83157 ], [ 2.2709, 48.83066 ], [ 2.26869, 48.83141 ], [ 2.26836, 48.8331 ], [ 2.27025, 48.83401 ] ] ] } },
{ "type": "Feature", "properties": { "id": 449, "population": 2693, "o_score_pt": 4418.957, "o_score_car": 4185.49, "CDI": -0.027 }, "geometry": { "type": "Polygon", "coordinates": [ [ [ 2.28445, 48.88543 ], [ 2.28674, 48.88464 ], [ 2.28708, 48.8829 ], [ 2.28511, 48.88194 ], [ 2.28282, 48.88273 ], [ 2.28248, 48.88447 ], [ 2.28445, 48.88543 ] ] ] } },
{ "type": "Feature", "properties": { "id": 450, "population": 0, "o_score_pt": 2658.996, "o_score_car": 3472.456, "CDI": 0.133 }, "geometry": { "type": "Polygon", "coordinates": [ [ [ 2.42972, 48.83084 ], [ 2.42972, 48.83084 ], [ 2.42974, 48.83073 ], [ 2.42974, 48.83073 ], [ 2.42972, 48.83084 ] ] ] } },
{ "type": "Feature", "properties": { "id": 451, "population": 2766, "o_score_pt": 4763.003, "o_score_car": 4110.87, "CDI": -0.073 }, "geometry": { "type": "Polygon", "coordinates": [ [ [ 2.40517, 48.86895 ], [ 2.40747, 48.86816 ], [ 2.4078, 48.86641 ], [ 2.40583, 48.86545 ], [ 2.40353, 48.86624 ], [ 2.4032, 48.86799 ], [ 2.40517, 48.86895 ] ] ] } },
{ "type": "Feature", "properties": { "id": 452, "population": 1466, "o_score_pt": 5367.866, "o_score_car": 4265.927, "CDI": -0.114 }, "geometry": { "type": "Polygon", "coordinates": [ [ [ 2.30247, 48.8593 ], [ 2.30457, 48.85858 ], [ 2.30488, 48.85698 ], [ 2.3031, 48.85611 ], [ 2.301, 48.85683 ], [ 2.3007, 48.85843 ], [ 2.30247, 48.8593 ] ] ] } },
{ "type": "Feature", "properties": { "id": 453, "population": 3453, "o_score_pt": 5982.0, "o_score_car": 4373.949, "CDI": -0.155 }, "geometry": { "type": "Polygon", "coordinates": [ [ [ 2.31577, 48.84666 ], [ 2.3181, 48.84587 ], [ 2.31843, 48.8441 ], [ 2.31644, 48.84313 ], [ 2.31411, 48.84392 ], [ 2.31377, 48.84569 ], [ 2.31577, 48.84666 ] ] ] } },
{ "type": "Feature", "properties": { "id": 454, "population": 1286, "o_score_pt": 4719.616, "o_score_car": 3753.613, "CDI": -0.114 }, "geometry": { "type": "Polygon", "coordinates": [ [ [ 2.26889, 48.85255 ], [ 2.27095, 48.85184 ], [ 2.27125, 48.85027 ], [ 2.26952, 48.84942 ], [ 2.26746, 48.85012 ], [ 2.26716, 48.8517 ], [ 2.26889, 48.85255 ] ] ] } },
{ "type": "Feature", "properties": { "id": 455, "population": 3815, "o_score_pt": 5433.617, "o_score_car": 4267.296, "CDI": -0.12 }, "geometry": { "type": "Polygon", "coordinates": [ [ [ 2.35364, 48.88826 ], [ 2.35596, 48.88746 ], [ 2.3563, 48.8857 ], [ 2.3543, 48.88473 ], [ 2.35198, 48.88552 ], [ 2.35164, 48.88729 ], [ 2.35364, 48.88826 ] ] ] } },
{ "type": "Feature", "properties": { "id": 456, "population": 1421, "o_score_pt": 6440.811, "o_score_car": 4728.189, "CDI": -0.153 }, "geometry": { "type": "Polygon", "coordinates": [ [ [ 2.3171, 48.86256 ], [ 2.31919, 48.86185 ], [ 2.31949, 48.86025 ], [ 2.31773, 48.85939 ], [ 2.31564, 48.8601 ], [ 2.31533, 48.8617 ], [ 2.3171, 48.86256 ] ] ] } },
{ "type": "Feature", "properties": { "id": 457, "population": 3252, "o_score_pt": 6342.324, "o_score_car": 4725.765, "CDI": -0.146 }, "geometry": { "type": "Polygon", "coordinates": [ [ [ 2.35564, 48.87766 ], [ 2.35797, 48.87686 ], [ 2.3583, 48.8751 ], [ 2.3563, 48.87413 ], [ 2.35398, 48.87492 ], [ 2.35364, 48.87669 ], [ 2.35564, 48.87766 ] ] ] } },
{ "type": "Feature", "properties": { "id": 458, "population": 4826, "o_score_pt": 6439.497, "o_score_car": 4714.934, "CDI": -0.155 }, "geometry": { "type": "Polygon", "coordinates": [ [ [ 2.36894, 48.86484 ], [ 2.37127, 48.86405 ], [ 2.3716, 48.86228 ], [ 2.36961, 48.86131 ], [ 2.36728, 48.86211 ], [ 2.36695, 48.86387 ], [ 2.36894, 48.86484 ] ] ] } },
{ "type": "Feature", "properties": { "id": 459, "population": 2406, "o_score_pt": 5232.725, "o_score_car": 4180.138, "CDI": -0.112 }, "geometry": { "type": "Polygon", "coordinates": [ [ [ 2.32311, 48.83088 ], [ 2.32536, 48.83011 ], [ 2.32569, 48.82839 ], [ 2.32376, 48.82745 ], [ 2.3215, 48.82822 ], [ 2.32118, 48.82994 ], [ 2.32311, 48.83088 ] ] ] } },
{ "type": "Feature", "properties": { "id": 460, "population": 2697, "o_score_pt": 5036.326, "o_score_car": 4126.603, "CDI": -0.099 }, "geometry": { "type": "Polygon", "coordinates": [ [ [ 2.357, 48.82427 ], [ 2.35929, 48.82349 ], [ 2.35962, 48.82174 ], [ 2.35766, 48.82079 ], [ 2.35537, 48.82157 ], [ 2.35504, 48.82332 ], [ 2.357, 48.82427 ] ] ] } },
{ "type": "Feature", "properties": { "id": 461, "population": 42, "o_score_pt": 2898.263, "o_score_car": 3302.143, "CDI": 0.065 }, "geometry": { "type": "Polygon", "coordinates": [ [ [ 2.4564, 48.82725 ], [ 2.45736, 48.82693 ], [ 2.45751, 48.82613 ], [ 2.45682, 48.82579 ], [ 2.45586, 48.82612 ], [ 2.45571, 48.82692 ], [ 2.4564, 48.82725 ] ] ] } },
{ "type": "Feature", "properties": { "id": 462, "population": 1996, "o_score_pt": 5464.069, "o_score_car": 4137.819, "CDI": -0.138 }, "geometry": { "type": "Polygon", "coordinates": [ [ [ 2.40484, 48.8475 ], [ 2.40703, 48.84674 ], [ 2.40735, 48.84507 ], [ 2.40548, 48.84416 ], [ 2.40328, 48.84491 ], [ 2.40297, 48.84659 ], [ 2.40484, 48.8475 ] ] ] } },
{ "type": "Feature", "properties": { "id": 463, "population": 2535, "o_score_pt": 3413.271, "o_score_car": 3895.04, "CDI": 0.066 }, "geometry": { "type": "Polygon", "coordinates": [ [ [ 2.25893, 48.83627 ], [ 2.26121, 48.83549 ], [ 2.26154, 48.83376 ], [ 2.25959, 48.83281 ], [ 2.25732, 48.83359 ], [ 2.25699, 48.83532 ], [ 2.25893, 48.83627 ] ] ] } },
{ "type": "Feature", "properties": { "id": 464, "population": 1974, "o_score_pt": 2984.154, "o_score_car": 3889.855, "CDI": 0.132 }, "geometry": { "type": "Polygon", "coordinates": [ [ [ 2.26859, 48.83126 ], [ 2.27079, 48.83051 ], [ 2.2711, 48.82884 ], [ 2.26924, 48.82793 ], [ 2.26704, 48.82868 ], [ 2.26673, 48.83035 ], [ 2.26859, 48.83126 ] ] ] } },
{ "type": "Feature", "properties": { "id": 465, "population": 302, "o_score_pt": 1661.573, "o_score_car": 3909.287, "CDI": 0.403 }, "geometry": { "type": "Polygon", "coordinates": [ [ [ 2.41817, 48.83422 ], [ 2.41976, 48.83367 ], [ 2.42, 48.83243 ], [ 2.4187, 48.8318 ], [ 2.41712, 48.83234 ], [ 2.41688, 48.83359 ], [ 2.41817, 48.83422 ] ] ] } },
{ "type": "Feature", "properties": { "id": 466, "population": 1132, "o_score_pt": 6117.59, "o_score_car": 4798.882, "CDI": -0.121 }, "geometry": { "type": "Polygon", "coordinates": [ [ [ 2.35801, 48.85348 ], [ 2.36002, 48.85279 ], [ 2.36031, 48.85125 ], [ 2.35862, 48.85042 ], [ 2.3566, 48.85111 ], [ 2.35631, 48.85266 ], [ 2.35801, 48.85348 ] ] ] } },
{ "type": "Feature", "properties": { "id": 467, "population": 837, "o_score_pt": 6058.569, "o_score_car": 4686.933, "CDI": -0.128 }, "geometry": { "type": "Polygon", "coordinates": [ [ [ 2.32742, 48.86552 ], [ 2.32934, 48.86487 ], [ 2.32962, 48.86339 ], [ 2.32801, 48.86261 ], [ 2.3261, 48.86326 ], [ 2.32582, 48.86474 ], [ 2.32742, 48.86552 ] ] ] } },
{ "type": "Feature", "properties": { "id": 468, "population": 3330, "o_score_pt": 4387.129, "o_score_car": 4004.653, "CDI": -0.046 }, "geometry": { "type": "Polygon", "coordinates": [ [ [ 2.30481, 48.83553 ], [ 2.30714, 48.83473 ], [ 2.30748, 48.83296 ], [ 2.30548, 48.83199 ], [ 2.30315, 48.83279 ], [ 2.30282, 48.83455 ], [ 2.30481, 48.83553 ] ] ] } },
{ "type": "Feature", "properties": { "id": 469, "population": 2591, "o_score_pt": 5419.052, "o_score_car": 4218.282, "CDI": -0.125 }, "geometry": { "type": "Polygon", "coordinates": [ [ [ 2.36896, 48.83009 ], [ 2.37124, 48.82931 ], [ 2.37156, 48.82758 ], [ 2.36961, 48.82663 ], [ 2.36733, 48.82741 ], [ 2.36701, 48.82914 ], [ 2.36896, 48.83009 ] ] ] } },
{ "type": "Feature", "properties": { "id": 470, "population": 2432, "o_score_pt": 5034.605, "o_score_car": 4221.987, "CDI": -0.088 }, "geometry": { "type": "Polygon", "coordinates": [ [ [ 2.32145, 48.82814 ], [ 2.32371, 48.82737 ], [ 2.32403, 48.82565 ], [ 2.3221, 48.82471 ], [ 2.31984, 48.82548 ], [ 2.31952, 48.8272 ], [ 2.32145, 48.82814 ] ] ] } },
{ "type": "Feature", "properties": { "id": 471, "population": 5, "o_score_pt": 2782.718, "o_score_car": 3878.42, "CDI": 0.164 }, "geometry": { "type": "Polygon", "coordinates": [ [ [ 2.42692, 48.83361 ], [ 2.42725, 48.83349 ], [ 2.42731, 48.83315 ], [ 2.42722, 48.8331 ], [ 2.42689, 48.83321 ], [ 2.42683, 48.83356 ], [ 2.42692, 48.83361 ] ] ] } },
{ "type": "Feature", "properties": { "id": 472, "population": 3692, "o_score_pt": 4631.14, "o_score_car": 3799.026, "CDI": -0.099 }, "geometry": { "type": "Polygon", "coordinates": [ [ [ 2.36461, 48.89938 ], [ 2.36693, 48.89858 ], [ 2.36727, 48.89682 ], [ 2.36527, 48.89585 ], [ 2.36294, 48.89664 ], [ 2.36261, 48.89841 ], [ 2.36461, 48.89938 ] ] ] } },
{ "type": "Feature", "properties": { "id": 473, "population": 1704, "o_score_pt": 6550.334, "o_score_car": 4688.501, "CDI": -0.166 }, "geometry": { "type": "Polygon", "coordinates": [ [ [ 2.36663, 48.85393 ], [ 2.36878, 48.8532 ], [ 2.36909, 48.85156 ], [ 2.36727, 48.85067 ], [ 2.36512, 48.85141 ], [ 2.36481, 48.85304 ], [ 2.36663, 48.85393 ] ] ] } },
{ "type": "Feature", "properties": { "id": 474, "population": 1868, "o_score_pt": 6286.47, "o_score_car": 4738.326, "CDI": -0.14 }, "geometry": { "type": "Polygon", "coordinates": [ [ [ 2.32774, 48.85238 ], [ 2.32992, 48.85163 ], [ 2.33023, 48.84997 ], [ 2.32838, 48.84907 ], [ 2.32621, 48.84982 ], [ 2.32589, 48.85148 ], [ 2.32774, 48.85238 ] ] ] } },
{ "type": "Feature", "properties": { "id": 475, "population": 1858, "o_score_pt": 4782.635, "o_score_car": 3796.011, "CDI": -0.115 }, "geometry": { "type": "Polygon", "coordinates": [ [ [ 2.27753, 48.85299 ], [ 2.27971, 48.85225 ], [ 2.28002, 48.85059 ], [ 2.27817, 48.84969 ], [ 2.276, 48.85043 ], [ 2.27568, 48.85209 ], [ 2.27753, 48.85299 ] ] ] } },
{ "type": "Feature", "properties": { "id": 476, "population": 1937, "o_score_pt": 5384.003, "o_score_car": 4213.014, "CDI": -0.122 }, "geometry": { "type": "Polygon", "coordinates": [ [ [ 2.37626, 48.88372 ], [ 2.37845, 48.88297 ], [ 2.37876, 48.88131 ], [ 2.3769, 48.8804 ], [ 2.37471, 48.88115 ], [ 2.3744, 48.88282 ], [ 2.37626, 48.88372 ] ] ] } },
{ "type": "Feature", "properties": { "id": 477, "population": 1774, "o_score_pt": 5101.478, "o_score_car": 3974.37, "CDI": -0.124 }, "geometry": { "type": "Polygon", "coordinates": [ [ [ 2.2815, 48.8665 ], [ 2.28366, 48.86577 ], [ 2.28397, 48.86412 ], [ 2.28214, 48.86322 ], [ 2.27998, 48.86396 ], [ 2.27966, 48.86561 ], [ 2.2815, 48.8665 ] ] ] } },
{ "type": "Feature", "properties": { "id": 478, "population": 2808, "o_score_pt": 4989.182, "o_score_car": 4176.018, "CDI": -0.089 }, "geometry": { "type": "Polygon", "coordinates": [ [ [ 2.31346, 48.83586 ], [ 2.31576, 48.83508 ], [ 2.3161, 48.83332 ], [ 2.31412, 48.83236 ], [ 2.31181, 48.83315 ], [ 2.31148, 48.8349 ], [ 2.31346, 48.83586 ] ] ] } },
{ "type": "Feature", "properties": { "id": 479, "population": 193, "o_score_pt": 2176.034, "o_score_car": 3707.454, "CDI": 0.26 }, "geometry": { "type": "Polygon", "coordinates": [ [ [ 2.41752, 48.82607 ], [ 2.41896, 48.82558 ], [ 2.41918, 48.82443 ], [ 2.41802, 48.82387 ], [ 2.41658, 48.82437 ], [ 2.41636, 48.82551 ], [ 2.41752, 48.82607 ] ] ] } },
{ "type": "Feature", "properties": { "id": 480, "population": 943, "o_score_pt": 4243.655, "o_score_car": 4079.773, "CDI": -0.02 }, "geometry": { "type": "Polygon", "coordinates": [ [ [ 2.27251, 48.87934 ], [ 2.27447, 48.87867 ], [ 2.27476, 48.87717 ], [ 2.27311, 48.87637 ], [ 2.27115, 48.87703 ], [ 2.27087, 48.87854 ], [ 2.27251, 48.87934 ] ] ] } },
{ "type": "Feature", "properties": { "id": 481, "population": 2950, "o_score_pt": 4278.166, "o_score_car": 3897.134, "CDI": -0.047 }, "geometry": { "type": "Polygon", "coordinates": [ [ [ 2.40484, 48.8823 ], [ 2.40716, 48.8815 ], [ 2.40749, 48.87974 ], [ 2.4055, 48.87877 ], [ 2.40318, 48.87957 ], [ 2.40285, 48.88133 ], [ 2.40484, 48.8823 ] ] ] } },
{ "type": "Feature", "properties": { "id": 482, "population": 1495, "o_score_pt": 5311.68, "o_score_car": 4123.364, "CDI": -0.126 }, "geometry": { "type": "Polygon", "coordinates": [ [ [ 2.40418, 48.83939 ], [ 2.40628, 48.83867 ], [ 2.40659, 48.83706 ], [ 2.4048, 48.83619 ], [ 2.4027, 48.83691 ], [ 2.4024, 48.83852 ], [ 2.40418, 48.83939 ] ] ] } },
{ "type": "Feature", "properties": { "id": 483, "population": 2847, "o_score_pt": 5256.515, "o_score_car": 4177.003, "CDI": -0.114 }, "geometry": { "type": "Polygon", "coordinates": [ [ [ 2.3197, 48.89489 ], [ 2.32202, 48.8941 ], [ 2.32235, 48.89234 ], [ 2.32037, 48.89138 ], [ 2.31806, 48.89217 ], [ 2.31772, 48.89392 ], [ 2.3197, 48.89489 ] ] ] } },
{ "type": "Feature", "properties": { "id": 484, "population": 1242, "o_score_pt": 4655.567, "o_score_car": 4040.851, "CDI": -0.071 }, "geometry": { "type": "Polygon", "coordinates": [ [ [ 2.29383, 48.85891 ], [ 2.29588, 48.85821 ], [ 2.29617, 48.85664 ], [ 2.29445, 48.8558 ], [ 2.2924, 48.8565 ], [ 2.2921, 48.85807 ], [ 2.29383, 48.85891 ] ] ] } },
{ "type": "Feature", "properties": { "id": 485, "population": 718, "o_score_pt": 3806.259, "o_score_car": 4064.621, "CDI": 0.033 }, "geometry": { "type": "Polygon", "coordinates": [ [ [ 2.26855, 48.86575 ], [ 2.27042, 48.86511 ], [ 2.2707, 48.86367 ], [ 2.26914, 48.86291 ], [ 2.26727, 48.86355 ], [ 2.26699, 48.86499 ], [ 2.26855, 48.86575 ] ] ] } },
{ "type": "Feature", "properties": { "id": 486, "population": 1943, "o_score_pt": 6271.83, "o_score_car": 4658.303, "CDI": -0.148 }, "geometry": { "type": "Polygon", "coordinates": [ [ [ 2.32442, 48.84691 ], [ 2.32661, 48.84616 ], [ 2.32693, 48.84449 ], [ 2.32507, 48.84358 ], [ 2.32288, 48.84433 ], [ 2.32256, 48.846 ], [ 2.32442, 48.84691 ] ] ] } },
{ "type": "Feature", "properties": { "id": 487, "population": 1085, "o_score_pt": 6055.203, "o_score_car": 4839.134, "CDI": -0.112 }, "geometry": { "type": "Polygon", "coordinates": [ [ [ 2.31877, 48.86523 ], [ 2.32077, 48.86455 ], [ 2.32106, 48.86301 ], [ 2.31938, 48.86219 ], [ 2.31737, 48.86288 ], [ 2.31708, 48.86441 ], [ 2.31877, 48.86523 ] ] ] } },
{ "type": "Feature", "properties": { "id": 488, "population": 2537, "o_score_pt": 6050.918, "o_score_car": 4480.879, "CDI": -0.149 }, "geometry": { "type": "Polygon", "coordinates": [ [ [ 2.347, 48.87727 ], [ 2.34927, 48.87649 ], [ 2.3496, 48.87476 ], [ 2.34766, 48.87382 ], [ 2.34538, 48.87459 ], [ 2.34505, 48.87632 ], [ 2.347, 48.87727 ] ] ] } },
{ "type": "Feature", "properties": { "id": 489, "population": 1049, "o_score_pt": 7036.375, "o_score_car": 4680.724, "CDI": -0.201 }, "geometry": { "type": "Polygon", "coordinates": [ [ [ 2.34737, 48.86372 ], [ 2.34936, 48.86304 ], [ 2.34964, 48.86151 ], [ 2.34797, 48.86069 ], [ 2.34598, 48.86137 ], [ 2.34569, 48.8629 ], [ 2.34737, 48.86372 ] ] ] } },
{ "type": "Feature", "properties": { "id": 490, "population": 3502, "o_score_pt": 4379.057, "o_score_car": 3873.593, "CDI": -0.061 }, "geometry": { "type": "Polygon", "coordinates": [ [ [ 2.36294, 48.89664 ], [ 2.36527, 48.89585 ], [ 2.36561, 48.89408 ], [ 2.36361, 48.89311 ], [ 2.36128, 48.89391 ], [ 2.36095, 48.89567 ], [ 2.36294, 48.89664 ] ] ] } },
{ "type": "Feature", "properties": { "id": 491, "population": 2395, "o_score_pt": 6028.979, "o_score_car": 4231.012, "CDI": -0.175 }, "geometry": { "type": "Polygon", "coordinates": [ [ [ 2.3776, 48.83042 ], [ 2.37985, 48.82965 ], [ 2.38017, 48.82793 ], [ 2.37825, 48.82699 ], [ 2.37599, 48.82777 ], [ 2.37567, 48.82948 ], [ 2.3776, 48.83042 ] ] ] } },
{ "type": "Feature", "properties": { "id": 492, "population": 1211, "o_score_pt": 7057.934, "o_score_car": 4927.974, "CDI": -0.178 }, "geometry": { "type": "Polygon", "coordinates": [ [ [ 2.34836, 48.85845 ], [ 2.3504, 48.85775 ], [ 2.35069, 48.85619 ], [ 2.34898, 48.85536 ], [ 2.34694, 48.85605 ], [ 2.34664, 48.85761 ], [ 2.34836, 48.85845 ] ] ] } },
{ "type": "Feature", "properties": { "id": 493, "population": 1958, "o_score_pt": 6431.635, "o_score_car": 4821.897, "CDI": -0.143 }, "geometry": { "type": "Polygon", "coordinates": [ [ [ 2.33639, 48.85274 ], [ 2.33858, 48.85199 ], [ 2.33889, 48.85032 ], [ 2.33703, 48.84941 ], [ 2.33484, 48.85016 ], [ 2.33452, 48.85183 ], [ 2.33639, 48.85274 ] ] ] } },
{ "type": "Feature", "properties": { "id": 494, "population": 2316, "o_score_pt": 5958.786, "o_score_car": 4672.326, "CDI": -0.121 }, "geometry": { "type": "Polygon", "coordinates": [ [ [ 2.36762, 48.8487 ], [ 2.36987, 48.84794 ], [ 2.37019, 48.84623 ], [ 2.36828, 48.8453 ], [ 2.36603, 48.84606 ], [ 2.36571, 48.84777 ], [ 2.36762, 48.8487 ] ] ] } },
{ "type": "Feature", "properties": { "id": 495, "population": 1172, "o_score_pt": 4731.572, "o_score_car": 4037.862, "CDI": -0.079 }, "geometry": { "type": "Polygon", "coordinates": [ [ [ 2.26955, 48.86057 ], [ 2.27157, 48.85987 ], [ 2.27187, 48.85832 ], [ 2.27016, 48.85749 ], [ 2.26813, 48.85818 ], [ 2.26784, 48.85973 ], [ 2.26955, 48.86057 ] ] ] } },
{ "type": "Feature", "properties": { "id": 496, "population": 2435, "o_score_pt": 5643.287, "o_score_car": 4234.917, "CDI": -0.143 }, "geometry": { "type": "Polygon", "coordinates": [ [ [ 2.32542, 48.84166 ], [ 2.32768, 48.84089 ], [ 2.32801, 48.83917 ], [ 2.32608, 48.83823 ], [ 2.32382, 48.839 ], [ 2.32349, 48.84072 ], [ 2.32542, 48.84166 ] ] ] } },
{ "type": "Feature", "properties": { "id": 497, "population": 2887, "o_score_pt": 5729.387, "o_score_car": 4344.463, "CDI": -0.137 }, "geometry": { "type": "Polygon", "coordinates": [ [ [ 2.35932, 48.83507 ], [ 2.36163, 48.83428 ], [ 2.36196, 48.83252 ], [ 2.35998, 48.83155 ], [ 2.35767, 48.83234 ], [ 2.35734, 48.8341 ], [ 2.35932, 48.83507 ] ] ] } },
{ "type": "Feature", "properties": { "id": 498, "population": 3126, "o_score_pt": 5074.453, "o_score_car": 4071.75, "CDI": -0.11 }, "geometry": { "type": "Polygon", "coordinates": [ [ [ 2.36827, 48.89152 ], [ 2.37059, 48.89072 ], [ 2.37093, 48.88895 ], [ 2.36893, 48.88798 ], [ 2.36661, 48.88878 ], [ 2.36627, 48.89055 ], [ 2.36827, 48.89152 ] ] ] } },
{ "type": "Feature", "properties": { "id": 499, "population": 1478, "o_score_pt": 4923.779, "o_score_car": 4210.268, "CDI": -0.078 }, "geometry": { "type": "Polygon", "coordinates": [ [ [ 2.3414, 48.82616 ], [ 2.3435, 48.82544 ], [ 2.3438, 48.82384 ], [ 2.34203, 48.82297 ], [ 2.33993, 48.82369 ], [ 2.33962, 48.8253 ], [ 2.3414, 48.82616 ] ] ] } },
{ "type": "Feature", "properties": { "id": 500, "population": 3696, "o_score_pt": 4823.43, "o_score_car": 3921.203, "CDI": -0.103 }, "geometry": { "type": "Polygon", "coordinates": [ [ [ 2.3543, 48.8963 ], [ 2.35663, 48.8955 ], [ 2.35696, 48.89373 ], [ 2.35496, 48.89276 ], [ 2.35264, 48.89356 ], [ 2.3523, 48.89533 ], [ 2.3543, 48.8963 ] ] ] } },
{ "type": "Feature", "properties": { "id": 501, "population": 679, "o_score_pt": 4617.248, "o_score_car": 4059.847, "CDI": -0.064 }, "geometry": { "type": "Polygon", "coordinates": [ [ [ 2.27353, 48.87396 ], [ 2.27538, 48.87332 ], [ 2.27565, 48.87189 ], [ 2.27411, 48.87114 ], [ 2.27226, 48.87178 ], [ 2.27199, 48.8732 ], [ 2.27353, 48.87396 ] ] ] } },
{ "type": "Feature", "properties": { "id": 502, "population": 3686, "o_score_pt": 4298.457, "o_score_car": 4017.399, "CDI": -0.034 }, "geometry": { "type": "Polygon", "coordinates": [ [ [ 2.36893, 48.89955 ], [ 2.37126, 48.89876 ], [ 2.37159, 48.89699 ], [ 2.3696, 48.89602 ], [ 2.36727, 48.89682 ], [ 2.36693, 48.89858 ], [ 2.36893, 48.89955 ] ] ] } },
{ "type": "Feature", "properties": { "id": 503, "population": 1553, "o_score_pt": 5715.769, "o_score_car": 4631.129, "CDI": -0.105 }, "geometry": { "type": "Polygon", "coordinates": [ [ [ 2.36598, 48.84587 ], [ 2.36809, 48.84515 ], [ 2.3684, 48.84353 ], [ 2.3666, 48.84265 ], [ 2.36449, 48.84338 ], [ 2.36418, 48.845 ], [ 2.36598, 48.84587 ] ] ] } },
{ "type": "Feature", "properties": { "id": 504, "population": 1568, "o_score_pt": 5938.817, "o_score_car": 4558.593, "CDI": -0.131 }, "geometry": { "type": "Polygon", "coordinates": [ [ [ 2.33141, 48.84447 ], [ 2.33353, 48.84374 ], [ 2.33384, 48.84212 ], [ 2.33204, 48.84125 ], [ 2.32992, 48.84197 ], [ 2.32962, 48.84359 ], [ 2.33141, 48.84447 ] ] ] } },
{ "type": "Feature", "properties": { "id": 505, "population": 1209, "o_score_pt": 4780.208, "o_score_car": 3791.017, "CDI": -0.115 }, "geometry": { "type": "Polygon", "coordinates": [ [ [ 2.26789, 48.85783 ], [ 2.26993, 48.85714 ], [ 2.27022, 48.85558 ], [ 2.26851, 48.85474 ], [ 2.26647, 48.85544 ], [ 2.26617, 48.857 ], [ 2.26789, 48.85783 ] ] ] } },
{ "type": "Feature", "properties": { "id": 506, "population": 1107, "o_score_pt": 6006.092, "o_score_car": 4623.128, "CDI": -0.13 }, "geometry": { "type": "Polygon", "coordinates": [ [ [ 2.31811, 48.8572 ], [ 2.32012, 48.85651 ], [ 2.32041, 48.85497 ], [ 2.31872, 48.85415 ], [ 2.31671, 48.85483 ], [ 2.31642, 48.85638 ], [ 2.31811, 48.8572 ] ] ] } },
{ "type": "Feature", "properties": { "id": 507, "population": 2668, "o_score_pt": 5615.417, "o_score_car": 4303.944, "CDI": -0.132 }, "geometry": { "type": "Polygon", "coordinates": [ [ [ 2.36661, 48.88875 ], [ 2.3689, 48.88797 ], [ 2.36923, 48.88623 ], [ 2.36727, 48.88528 ], [ 2.36498, 48.88606 ], [ 2.36465, 48.8878 ], [ 2.36661, 48.88875 ] ] ] } },
{ "type": "Feature", "properties": { "id": 508, "population": 2474, "o_score_pt": 6144.051, "o_score_car": 4485.878, "CDI": -0.156 }, "geometry": { "type": "Polygon", "coordinates": [ [ [ 2.3334, 48.83398 ], [ 2.33567, 48.8332 ], [ 2.336, 48.83148 ], [ 2.33406, 48.83053 ], [ 2.33179, 48.83131 ], [ 2.33147, 48.83303 ], [ 2.3334, 48.83398 ] ] ] } },
{ "type": "Feature", "properties": { "id": 509, "population": 465, "o_score_pt": 4456.355, "o_score_car": 4094.324, "CDI": -0.042 }, "geometry": { "type": "Polygon", "coordinates": [ [ [ 2.27188, 48.87112 ], [ 2.27361, 48.87053 ], [ 2.27387, 48.86919 ], [ 2.27244, 48.8685 ], [ 2.27071, 48.86909 ], [ 2.27046, 48.87043 ], [ 2.27188, 48.87112 ] ] ] } },
{ "type": "Feature", "properties": { "id": 510, "population": 3363, "o_score_pt": 6395.366, "o_score_car": 4718.762, "CDI": -0.151 }, "geometry": { "type": "Polygon", "coordinates": [ [ [ 2.36828, 48.85681 ], [ 2.37061, 48.85601 ], [ 2.37094, 48.85424 ], [ 2.36894, 48.85327 ], [ 2.36662, 48.85407 ], [ 2.36629, 48.85583 ], [ 2.36828, 48.85681 ] ] ] } },
{ "type": "Feature", "properties": { "id": 511, "population": 831, "o_score_pt": 1880.602, "o_score_car": 3582.869, "CDI": 0.312 }, "geometry": { "type": "Polygon", "coordinates": [ [ [ 2.44701, 48.8196 ], [ 2.44893, 48.81894 ], [ 2.4492, 48.81747 ], [ 2.4476, 48.81669 ], [ 2.44569, 48.81734 ], [ 2.44541, 48.81882 ], [ 2.44701, 48.8196 ] ] ] } },
{ "type": "Feature", "properties": { "id": 512, "population": 614, "o_score_pt": 3328.335, "o_score_car": 3644.347, "CDI": 0.045 }, "geometry": { "type": "Polygon", "coordinates": [ [ [ 2.26387, 48.87888 ], [ 2.26569, 48.87826 ], [ 2.26596, 48.87685 ], [ 2.26445, 48.87611 ], [ 2.26263, 48.87674 ], [ 2.26236, 48.87814 ], [ 2.26387, 48.87888 ] ] ] } },
{ "type": "Feature", "properties": { "id": 513, "population": 3025, "o_score_pt": 4715.668, "o_score_car": 4018.47, "CDI": -0.08 }, "geometry": { "type": "Polygon", "coordinates": [ [ [ 2.39619, 48.88196 ], [ 2.39852, 48.88116 ], [ 2.39885, 48.87939 ], [ 2.39686, 48.87842 ], [ 2.39453, 48.87922 ], [ 2.3942, 48.88099 ], [ 2.39619, 48.88196 ] ] ] } },
{ "type": "Feature", "properties": { "id": 514, "population": 1667, "o_score_pt": 5146.579, "o_score_car": 4088.126, "CDI": -0.115 }, "geometry": { "type": "Polygon", "coordinates": [ [ [ 2.39554, 48.83907 ], [ 2.39768, 48.83833 ], [ 2.39799, 48.8367 ], [ 2.39617, 48.83582 ], [ 2.39404, 48.83655 ], [ 2.39373, 48.83818 ], [ 2.39554, 48.83907 ] ] ] } },
{ "type": "Feature", "properties": { "id": 515, "population": 1387, "o_score_pt": 5906.287, "o_score_car": 4474.208, "CDI": -0.138 }, "geometry": { "type": "Polygon", "coordinates": [ [ [ 2.31212, 48.85434 ], [ 2.3142, 48.85363 ], [ 2.31451, 48.85204 ], [ 2.31275, 48.85118 ], [ 2.31067, 48.85189 ], [ 2.31036, 48.85348 ], [ 2.31212, 48.85434 ] ] ] } },
{ "type": "Feature", "properties": { "id": 516, "population": 97, "o_score_pt": 3010.748, "o_score_car": 3216.182, "CDI": 0.033 }, "geometry": { "type": "Polygon", "coordinates": [ [ [ 2.25996, 48.86491 ], [ 2.26119, 48.86449 ], [ 2.26138, 48.8635 ], [ 2.26043, 48.86304 ], [ 2.2592, 48.86346 ], [ 2.25901, 48.86445 ], [ 2.25996, 48.86491 ] ] ] } },
{ "type": "Feature", "properties": { "id": 517, "population": 1867, "o_score_pt": 6483.814, "o_score_car": 4643.089, "CDI": -0.165 }, "geometry": { "type": "Polygon", "coordinates": [ [ [ 2.32608, 48.84964 ], [ 2.32826, 48.84889 ], [ 2.32857, 48.84723 ], [ 2.32673, 48.84633 ], [ 2.32455, 48.84708 ], [ 2.32423, 48.84874 ], [ 2.32608, 48.84964 ] ] ] } },
{ "type": "Feature", "properties": { "id": 518, "population": 2593, "o_score_pt": 6779.494, "o_score_car": 4746.265, "CDI": -0.176 }, "geometry": { "type": "Polygon", "coordinates": [ [ [ 2.33503, 48.87145 ], [ 2.33731, 48.87067 ], [ 2.33764, 48.86894 ], [ 2.33569, 48.86799 ], [ 2.33341, 48.86877 ], [ 2.33308, 48.8705 ], [ 2.33503, 48.87145 ] ] ] } },
{ "type": "Feature", "properties": { "id": 519, "population": 3059, "o_score_pt": 6625.594, "o_score_car": 4882.657, "CDI": -0.151 }, "geometry": { "type": "Polygon", "coordinates": [ [ [ 2.34899, 48.86671 ], [ 2.35132, 48.86591 ], [ 2.35166, 48.86415 ], [ 2.34966, 48.86318 ], [ 2.34733, 48.86397 ], [ 2.347, 48.86574 ], [ 2.34899, 48.86671 ] ] ] } },
{ "type": "Feature", "properties": { "id": 520, "population": 2122, "o_score_pt": 6153.233, "o_score_car": 4532.67, "CDI": -0.152 }, "geometry": { "type": "Polygon", "coordinates": [ [ [ 2.34005, 48.84489 ], [ 2.34226, 48.84414 ], [ 2.34258, 48.84245 ], [ 2.34069, 48.84153 ], [ 2.33848, 48.84229 ], [ 2.33816, 48.84397 ], [ 2.34005, 48.84489 ] ] ] } },
{ "type": "Feature", "properties": { "id": 521, "population": 4318, "o_score_pt": 5735.595, "o_score_car": 4406.134, "CDI": -0.131 }, "geometry": { "type": "Polygon", "coordinates": [ [ [ 2.37658, 48.87049 ], [ 2.37891, 48.8697 ], [ 2.37924, 48.86793 ], [ 2.37725, 48.86696 ], [ 2.37492, 48.86775 ], [ 2.37459, 48.86952 ], [ 2.37658, 48.87049 ] ] ] } },
{ "type": "Feature", "properties": { "id": 522, "population": 1580, "o_score_pt": 5673.511, "o_score_car": 4254.587, "CDI": -0.143 }, "geometry": { "type": "Polygon", "coordinates": [ [ [ 2.38757, 48.84674 ], [ 2.38969, 48.84602 ], [ 2.39, 48.8444 ], [ 2.3882, 48.84352 ], [ 2.38608, 48.84425 ], [ 2.38577, 48.84587 ], [ 2.38757, 48.84674 ] ] ] } },
{ "type": "Feature", "properties": { "id": 523, "population": 3163, "o_score_pt": 5077.86, "o_score_car": 4143.469, "CDI": -0.101 }, "geometry": { "type": "Polygon", "coordinates": [ [ [ 2.31511, 48.83862 ], [ 2.31744, 48.83782 ], [ 2.31778, 48.83606 ], [ 2.31578, 48.83508 ], [ 2.31345, 48.83588 ], [ 2.31312, 48.83765 ], [ 2.31511, 48.83862 ] ] ] } },
{ "type": "Feature", "properties": { "id": 524, "population": 2801, "o_score_pt": 5623.639, "o_score_car": 4111.424, "CDI": -0.155 }, "geometry": { "type": "Polygon", "coordinates": [ [ [ 2.29345, 48.87245 ], [ 2.29576, 48.87166 ], [ 2.29609, 48.86991 ], [ 2.29412, 48.86894 ], [ 2.29181, 48.86973 ], [ 2.29148, 48.87149 ], [ 2.29345, 48.87245 ] ] ] } },
{ "type": "Feature", "properties": { "id": 525, "population": 2367, "o_score_pt": 5451.401, "o_score_car": 4295.405, "CDI": -0.119 }, "geometry": { "type": "Polygon", "coordinates": [ [ [ 2.33175, 48.83123 ], [ 2.334, 48.83046 ], [ 2.33432, 48.82874 ], [ 2.3324, 48.82781 ], [ 2.33015, 48.82858 ], [ 2.32982, 48.83029 ], [ 2.33175, 48.83123 ] ] ] } },
{ "type": "Feature", "properties": { "id": 526, "population": 0, "o_score_pt": 2216.642, "o_score_car": 3603.074, "CDI": 0.238 }, "geometry": { "type": "Polygon", "coordinates": [ [ [ 2.43934, 48.82589 ], [ 2.43934, 48.82589 ], [ 2.43936, 48.82578 ], [ 2.43936, 48.82578 ], [ 2.43934, 48.82589 ] ] ] } },
{ "type": "Feature", "properties": { "id": 527, "population": 2648, "o_score_pt": 4867.62, "o_score_car": 4249.859, "CDI": -0.068 }, "geometry": { "type": "Polygon", "coordinates": [ [ [ 2.41413, 48.85595 ], [ 2.41642, 48.85516 ], [ 2.41675, 48.85342 ], [ 2.41479, 48.85247 ], [ 2.4125, 48.85326 ], [ 2.41218, 48.855 ], [ 2.41413, 48.85595 ] ] ] } },
{ "type": "Feature", "properties": { "id": 528, "population": 2886, "o_score_pt": 4439.474, "o_score_car": 4067.36, "CDI": -0.044 }, "geometry": { "type": "Polygon", "coordinates": [ [ [ 2.29209, 48.8911 ], [ 2.29441, 48.89031 ], [ 2.29474, 48.88855 ], [ 2.29276, 48.88758 ], [ 2.29044, 48.88837 ], [ 2.29011, 48.89013 ], [ 2.29209, 48.8911 ] ] ] } },
{ "type": "Feature", "properties": { "id": 529, "population": 3027, "o_score_pt": 6005.083, "o_score_car": 4513.818, "CDI": -0.142 }, "geometry": { "type": "Polygon", "coordinates": [ [ [ 2.3603, 48.8645 ], [ 2.36263, 48.8637 ], [ 2.36296, 48.86193 ], [ 2.36097, 48.86096 ], [ 2.35864, 48.86176 ], [ 2.3583, 48.86352 ], [ 2.3603, 48.8645 ] ] ] } },
{ "type": "Feature", "properties": { "id": 530, "population": 3248, "o_score_pt": 5858.02, "o_score_car": 4798.623, "CDI": -0.099 }, "geometry": { "type": "Polygon", "coordinates": [ [ [ 2.352, 48.85081 ], [ 2.35432, 48.85001 ], [ 2.35466, 48.84824 ], [ 2.35266, 48.84727 ], [ 2.35034, 48.84807 ], [ 2.35, 48.84983 ], [ 2.352, 48.85081 ] ] ] } },
{ "type": "Feature", "properties": { "id": 531, "population": 3338, "o_score_pt": 6244.305, "o_score_car": 4788.779, "CDI": -0.132 }, "geometry": { "type": "Polygon", "coordinates": [ [ [ 2.3583, 48.8751 ], [ 2.36063, 48.8743 ], [ 2.36096, 48.87253 ], [ 2.35897, 48.87156 ], [ 2.35664, 48.87236 ], [ 2.3563, 48.87413 ], [ 2.3583, 48.8751 ] ] ] } },
{ "type": "Feature", "properties": { "id": 532, "population": 1984, "o_score_pt": 6630.6, "o_score_car": 4867.439, "CDI": -0.153 }, "geometry": { "type": "Polygon", "coordinates": [ [ [ 2.33804, 48.85548 ], [ 2.34024, 48.85473 ], [ 2.34056, 48.85306 ], [ 2.33869, 48.85215 ], [ 2.33649, 48.8529 ], [ 2.33618, 48.85457 ], [ 2.33804, 48.85548 ] ] ] } },
{ "type": "Feature", "properties": { "id": 533, "population": 4898, "o_score_pt": 5869.664, "o_score_car": 4560.36, "CDI": -0.126 }, "geometry": { "type": "Polygon", "coordinates": [ [ [ 2.37492, 48.86775 ], [ 2.37725, 48.86696 ], [ 2.37758, 48.86519 ], [ 2.37559, 48.86422 ], [ 2.37326, 48.86502 ], [ 2.37293, 48.86678 ], [ 2.37492, 48.86775 ] ] ] } },
{ "type": "Feature", "properties": { "id": 534, "population": 2358, "o_score_pt": 5992.651, "o_score_car": 4644.717, "CDI": -0.127 }, "geometry": { "type": "Polygon", "coordinates": [ [ [ 2.36928, 48.85145 ], [ 2.37153, 48.85068 ], [ 2.37186, 48.84896 ], [ 2.36994, 48.84803 ], [ 2.36769, 48.8488 ], [ 2.36736, 48.85051 ], [ 2.36928, 48.85145 ] ] ] } },
{ "type": "Feature", "properties": { "id": 535, "population": 2836, "o_score_pt": 5212.872, "o_score_car": 4298.929, "CDI": -0.096 }, "geometry": { "type": "Polygon", "coordinates": [ [ [ 2.30009, 48.88341 ], [ 2.3024, 48.88262 ], [ 2.30273, 48.88086 ], [ 2.30076, 48.8799 ], [ 2.29844, 48.88069 ], [ 2.29811, 48.88244 ], [ 2.30009, 48.88341 ] ] ] } },
{ "type": "Feature", "properties": { "id": 536, "population": 1081, "o_score_pt": 4484.017, "o_score_car": 4072.276, "CDI": -0.048 }, "geometry": { "type": "Polygon", "coordinates": [ [ [ 2.27517, 48.87681 ], [ 2.27718, 48.87613 ], [ 2.27747, 48.87459 ], [ 2.27578, 48.87377 ], [ 2.27378, 48.87445 ], [ 2.27349, 48.87599 ], [ 2.27517, 48.87681 ] ] ] } },
{ "type": "Feature", "properties": { "id": 537, "population": 2684, "o_score_pt": 4646.908, "o_score_car": 4252.429, "CDI": -0.044 }, "geometry": { "type": "Polygon", "coordinates": [ [ [ 2.35966, 48.82171 ], [ 2.36195, 48.82092 ], [ 2.36228, 48.81918 ], [ 2.36032, 48.81823 ], [ 2.35803, 48.81901 ], [ 2.3577, 48.82075 ], [ 2.35966, 48.82171 ] ] ] } },
{ "type": "Feature", "properties": { "id": 538, "population": 2, "o_score_pt": 1879.511, "o_score_car": 3566.362, "CDI": 0.31 }, "geometry": { "type": "Polygon", "coordinates": [ [ [ 2.43768, 48.82315 ], [ 2.43768, 48.82315 ], [ 2.4377, 48.82304 ], [ 2.4377, 48.82304 ], [ 2.43768, 48.82315 ] ] ] } },
{ "type": "Feature", "properties": { "id": 539, "population": 2797, "o_score_pt": 5788.345, "o_score_car": 4452.22, "CDI": -0.13 }, "geometry": { "type": "Polygon", "coordinates": [ [ [ 2.35864, 48.86174 ], [ 2.36095, 48.86095 ], [ 2.36128, 48.8592 ], [ 2.3593, 48.85824 ], [ 2.357, 48.85903 ], [ 2.35667, 48.86078 ], [ 2.35864, 48.86174 ] ] ] } },
{ "type": "Feature", "properties": { "id": 540, "population": 846, "o_score_pt": 6063.488, "o_score_car": 4646.512, "CDI": -0.132 }, "geometry": { "type": "Polygon", "coordinates": [ [ [ 2.33008, 48.86296 ], [ 2.33201, 48.86231 ], [ 2.33229, 48.86083 ], [ 2.33068, 48.86004 ], [ 2.32876, 48.8607 ], [ 2.32848, 48.86218 ], [ 2.33008, 48.86296 ] ] ] } },
{ "type": "Feature", "properties": { "id": 541, "population": 3037, "o_score_pt": 5342.2, "o_score_car": 4241.698, "CDI": -0.115 }, "geometry": { "type": "Polygon", "coordinates": [ [ [ 2.36694, 48.87544 ], [ 2.36927, 48.87465 ], [ 2.3696, 48.87288 ], [ 2.36761, 48.87191 ], [ 2.36528, 48.87271 ], [ 2.36495, 48.87447 ], [ 2.36694, 48.87544 ] ] ] } },
{ "type": "Feature", "properties": { "id": 542, "population": 2363, "o_score_pt": 5777.539, "o_score_car": 4385.856, "CDI": -0.137 }, "geometry": { "type": "Polygon", "coordinates": [ [ [ 2.37792, 48.8518 ], [ 2.38017, 48.85103 ], [ 2.3805, 48.84931 ], [ 2.37858, 48.84838 ], [ 2.37633, 48.84915 ], [ 2.376, 48.85086 ], [ 2.37792, 48.8518 ] ] ] } },
{ "type": "Feature", "properties": { "id": 543, "population": 489, "o_score_pt": 4194.327, "o_score_car": 4097.65, "CDI": -0.012 }, "geometry": { "type": "Polygon", "coordinates": [ [ [ 2.41384, 48.83416 ], [ 2.41559, 48.83356 ], [ 2.41584, 48.83221 ], [ 2.4144, 48.83151 ], [ 2.41266, 48.83211 ], [ 2.4124, 48.83346 ], [ 2.41384, 48.83416 ] ] ] } },
{ "type": "Feature", "properties": { "id": 544, "population": 2855, "o_score_pt": 5071.246, "o_score_car": 4212.182, "CDI": -0.093 }, "geometry": { "type": "Polygon", "coordinates": [ [ [ 2.30582, 48.83021 ], [ 2.30813, 48.82942 ], [ 2.30846, 48.82766 ], [ 2.30649, 48.8267 ], [ 2.30417, 48.82749 ], [ 2.30384, 48.82925 ], [ 2.30582, 48.83021 ] ] ] } },
{ "type": "Feature", "properties": { "id": 545, "population": 3, "o_score_pt": 3968.701, "o_score_car": 3909.859, "CDI": -0.007 }, "geometry": { "type": "Polygon", "coordinates": [ [ [ 2.26507, 48.87233 ], [ 2.26523, 48.87228 ], [ 2.26527, 48.87205 ], [ 2.26511, 48.87211 ], [ 2.26507, 48.87233 ] ] ] } },
{ "type": "Feature", "properties": { "id": 546, "population": 3577, "o_score_pt": 4949.397, "o_score_car": 4035.812, "CDI": -0.102 }, "geometry": { "type": "Polygon", "coordinates": [ [ [ 2.33001, 48.89799 ], [ 2.33234, 48.89719 ], [ 2.33268, 48.89542 ], [ 2.33068, 48.89445 ], [ 2.32835, 48.89525 ], [ 2.32802, 48.89702 ], [ 2.33001, 48.89799 ] ] ] } },
{ "type": "Feature", "properties": { "id": 547, "population": 2666, "o_score_pt": 5375.752, "o_score_car": 4193.036, "CDI": -0.124 }, "geometry": { "type": "Polygon", "coordinates": [ [ [ 2.29049, 48.85361 ], [ 2.29278, 48.85283 ], [ 2.29311, 48.85109 ], [ 2.29115, 48.85013 ], [ 2.28886, 48.85092 ], [ 2.28853, 48.85266 ], [ 2.29049, 48.85361 ] ] ] } },
{ "type": "Feature", "properties": { "id": 548, "population": 2119, "o_score_pt": 5194.997, "o_score_car": 4097.507, "CDI": -0.118 }, "geometry": { "type": "Polygon", "coordinates": [ [ [ 2.30382, 48.84074 ], [ 2.30603, 48.83999 ], [ 2.30635, 48.8383 ], [ 2.30447, 48.83738 ], [ 2.30225, 48.83813 ], [ 2.30193, 48.83982 ], [ 2.30382, 48.84074 ] ] ] } },
{ "type": "Feature", "properties": { "id": 549, "population": 1551, "o_score_pt": 4849.971, "o_score_car": 4046.653, "CDI": -0.09 }, "geometry": { "type": "Polygon", "coordinates": [ [ [ 2.27819, 48.86099 ], [ 2.2803, 48.86027 ], [ 2.28061, 48.85865 ], [ 2.27882, 48.85778 ], [ 2.2767, 48.8585 ], [ 2.27639, 48.86012 ], [ 2.27819, 48.86099 ] ] ] } },
{ "type": "Feature", "properties": { "id": 550, "population": 3105, "o_score_pt": 6420.496, "o_score_car": 4813.346, "CDI": -0.143 }, "geometry": { "type": "Polygon", "coordinates": [ [ [ 2.34367, 48.87183 ], [ 2.346, 48.87104 ], [ 2.34633, 48.86927 ], [ 2.34434, 48.8683 ], [ 2.34201, 48.8691 ], [ 2.34168, 48.87086 ], [ 2.34367, 48.87183 ] ] ] } },
{ "type": "Feature", "properties": { "id": 551, "population": 3100, "o_score_pt": 4583.996, "o_score_car": 4036.861, "CDI": -0.063 }, "geometry": { "type": "Polygon", "coordinates": [ [ [ 2.38123, 48.89204 ], [ 2.38356, 48.89124 ], [ 2.38389, 48.88947 ], [ 2.3819, 48.8885 ], [ 2.37957, 48.8893 ], [ 2.37924, 48.89107 ], [ 2.38123, 48.89204 ] ] ] } },
{ "type": "Feature", "properties": { "id": 552, "population": 2719, "o_score_pt": 5572.279, "o_score_car": 4276.058, "CDI": -0.132 }, "geometry": { "type": "Polygon", "coordinates": [ [ [ 2.29843, 48.88066 ], [ 2.30073, 48.87987 ], [ 2.30106, 48.87813 ], [ 2.2991, 48.87717 ], [ 2.2968, 48.87795 ], [ 2.29646, 48.8797 ], [ 2.29843, 48.88066 ] ] ] } },
{ "type": "Feature", "properties": { "id": 553, "population": 1857, "o_score_pt": 4390.589, "o_score_car": 3759.583, "CDI": -0.077 }, "geometry": { "type": "Polygon", "coordinates": [ [ [ 2.27256, 48.84477 ], [ 2.27473, 48.84403 ], [ 2.27505, 48.84237 ], [ 2.2732, 48.84147 ], [ 2.27102, 48.84221 ], [ 2.27071, 48.84387 ], [ 2.27256, 48.84477 ] ] ] } },
{ "type": "Feature", "properties": { "id": 554, "population": 2712, "o_score_pt": 5203.339, "o_score_car": 4208.617, "CDI": -0.106 }, "geometry": { "type": "Polygon", "coordinates": [ [ [ 2.2838, 48.87739 ], [ 2.2861, 48.8766 ], [ 2.28643, 48.87486 ], [ 2.28446, 48.8739 ], [ 2.28216, 48.87468 ], [ 2.28183, 48.87643 ], [ 2.2838, 48.87739 ] ] ] } },
{ "type": "Feature", "properties": { "id": 555, "population": 131, "o_score_pt": 1481.076, "o_score_car": 3159.208, "CDI": 0.362 }, "geometry": { "type": "Polygon", "coordinates": [ [ [ 2.23068, 48.85842 ], [ 2.23201, 48.85797 ], [ 2.23221, 48.85692 ], [ 2.23117, 48.85641 ], [ 2.22985, 48.85686 ], [ 2.22965, 48.85792 ], [ 2.23068, 48.85842 ] ] ] } },
{ "type": "Feature", "properties": { "id": 556, "population": 2328, "o_score_pt": 4573.307, "o_score_car": 4150.441, "CDI": -0.048 }, "geometry": { "type": "Polygon", "coordinates": [ [ [ 2.358, 48.81893 ], [ 2.36025, 48.81817 ], [ 2.36057, 48.81646 ], [ 2.35865, 48.81552 ], [ 2.35641, 48.81629 ], [ 2.35609, 48.818 ], [ 2.358, 48.81893 ] ] ] } },
{ "type": "Feature", "properties": { "id": 557, "population": 3202, "o_score_pt": 6388.132, "o_score_car": 4623.471, "CDI": -0.16 }, "geometry": { "type": "Polygon", "coordinates": [ [ [ 2.3417, 48.84772 ], [ 2.34402, 48.84692 ], [ 2.34436, 48.84515 ], [ 2.34236, 48.84418 ], [ 2.34004, 48.84498 ], [ 2.3397, 48.84675 ], [ 2.3417, 48.84772 ] ] ] } },
{ "type": "Feature", "properties": { "id": 558, "population": 1396, "o_score_pt": 6137.898, "o_score_car": 4850.277, "CDI": -0.117 }, "geometry": { "type": "Polygon", "coordinates": [ [ [ 2.32841, 48.86035 ], [ 2.33049, 48.85963 ], [ 2.33079, 48.85804 ], [ 2.32903, 48.85718 ], [ 2.32695, 48.85789 ], [ 2.32665, 48.85949 ], [ 2.32841, 48.86035 ] ] ] } },
{ "type": "Feature", "properties": { "id": 559, "population": 1031, "o_score_pt": 6084.955, "o_score_car": 4401.843, "CDI": -0.16 }, "geometry": { "type": "Polygon", "coordinates": [ [ [ 2.32008, 48.8813 ], [ 2.32207, 48.88062 ], [ 2.32236, 48.8791 ], [ 2.32069, 48.87829 ], [ 2.3187, 48.87896 ], [ 2.31841, 48.88049 ], [ 2.32008, 48.8813 ] ] ] } },
{ "type": "Feature", "properties": { "id": 560, "population": 1315, "o_score_pt": 4962.478, "o_score_car": 4181.208, "CDI": -0.085 }, "geometry": { "type": "Polygon", "coordinates": [ [ [ 2.37893, 48.88107 ], [ 2.381, 48.88036 ], [ 2.38129, 48.87878 ], [ 2.37955, 48.87793 ], [ 2.37749, 48.87864 ], [ 2.37719, 48.88022 ], [ 2.37893, 48.88107 ] ] ] } },
{ "type": "Feature", "properties": { "id": 561, "population": 2308, "o_score_pt": 4978.278, "o_score_car": 3762.363, "CDI": -0.139 }, "geometry": { "type": "Polygon", "coordinates": [ [ [ 2.39487, 48.86582 ], [ 2.39711, 48.86505 ], [ 2.39743, 48.86335 ], [ 2.39552, 48.86241 ], [ 2.39328, 48.86318 ], [ 2.39296, 48.86489 ], [ 2.39487, 48.86582 ] ] ] } },
{ "type": "Feature", "properties": { "id": 562, "population": 1725, "o_score_pt": 5619.388, "o_score_car": 4447.325, "CDI": -0.116 }, "geometry": { "type": "Polygon", "coordinates": [ [ [ 2.37827, 48.83838 ], [ 2.38042, 48.83764 ], [ 2.38073, 48.836 ], [ 2.3789, 48.83511 ], [ 2.37675, 48.83585 ], [ 2.37644, 48.83749 ], [ 2.37827, 48.83838 ] ] ] } },
{ "type": "Feature", "properties": { "id": 563, "population": 16, "o_score_pt": 3270.342, "o_score_car": 3409.605, "CDI": 0.021 }, "geometry": { "type": "Polygon", "coordinates": [ [ [ 2.24271, 48.86377 ], [ 2.24338, 48.86354 ], [ 2.24349, 48.86295 ], [ 2.24308, 48.86275 ], [ 2.24241, 48.86298 ], [ 2.2423, 48.86357 ], [ 2.24271, 48.86377 ] ] ] } },
{ "type": "Feature", "properties": { "id": 564, "population": 3127, "o_score_pt": 4790.439, "o_score_car": 3932.883, "CDI": -0.098 }, "geometry": { "type": "Polygon", "coordinates": [ [ [ 2.38988, 48.89238 ], [ 2.39221, 48.89159 ], [ 2.39254, 48.88982 ], [ 2.39054, 48.88885 ], [ 2.38822, 48.88965 ], [ 2.38788, 48.89141 ], [ 2.38988, 48.89238 ] ] ] } },
{ "type": "Feature", "properties": { "id": 565, "population": 2753, "o_score_pt": 5990.729, "o_score_car": 4553.829, "CDI": -0.136 }, "geometry": { "type": "Polygon", "coordinates": [ [ [ 2.35234, 48.83744 ], [ 2.35464, 48.83666 ], [ 2.35497, 48.83491 ], [ 2.353, 48.83395 ], [ 2.3507, 48.83474 ], [ 2.35037, 48.83649 ], [ 2.35234, 48.83744 ] ] ] } },
{ "type": "Feature", "properties": { "id": 566, "population": 2730, "o_score_pt": 5220.029, "o_score_car": 4125.398, "CDI": -0.117 }, "geometry": { "type": "Polygon", "coordinates": [ [ [ 2.38689, 48.87355 ], [ 2.38919, 48.87277 ], [ 2.38952, 48.87102 ], [ 2.38755, 48.87006 ], [ 2.38525, 48.87085 ], [ 2.38492, 48.8726 ], [ 2.38689, 48.87355 ] ] ] } },
{ "type": "Feature", "properties": { "id": 567, "population": 1961, "o_score_pt": 5299.237, "o_score_car": 4053.535, "CDI": -0.133 }, "geometry": { "type": "Polygon", "coordinates": [ [ [ 2.29251, 48.84293 ], [ 2.2947, 48.84218 ], [ 2.29502, 48.84051 ], [ 2.29316, 48.8396 ], [ 2.29096, 48.84035 ], [ 2.29065, 48.84202 ], [ 2.29251, 48.84293 ] ] ] } },
{ "type": "Feature", "properties": { "id": 568, "population": 1824, "o_score_pt": 4701.875, "o_score_car": 3865.607, "CDI": -0.098 }, "geometry": { "type": "Polygon", "coordinates": [ [ [ 2.38491, 48.88405 ], [ 2.38708, 48.88331 ], [ 2.38739, 48.88166 ], [ 2.38554, 48.88076 ], [ 2.38338, 48.8815 ], [ 2.38306, 48.88316 ], [ 2.38491, 48.88405 ] ] ] } },
{ "type": "Feature", "properties": { "id": 569, "population": 3501, "o_score_pt": 4905.581, "o_score_car": 4038.051, "CDI": -0.097 }, "geometry": { "type": "Polygon", "coordinates": [ [ [ 2.37159, 48.89699 ], [ 2.37392, 48.89619 ], [ 2.37425, 48.89443 ], [ 2.37226, 48.89346 ], [ 2.36993, 48.89425 ], [ 2.3696, 48.89602 ], [ 2.37159, 48.89699 ] ] ] } },
{ "type": "Feature", "properties": { "id": 570, "population": 2706, "o_score_pt": 5343.168, "o_score_car": 4371.558, "CDI": -0.1 }, "geometry": { "type": "Polygon", "coordinates": [ [ [ 2.30175, 48.88613 ], [ 2.30405, 48.88535 ], [ 2.30438, 48.8836 ], [ 2.30241, 48.88265 ], [ 2.30012, 48.88343 ], [ 2.29979, 48.88518 ], [ 2.30175, 48.88613 ] ] ] } },
{ "type": "Feature", "properties": { "id": 571, "population": 2175, "o_score_pt": 4698.994, "o_score_car": 4195.631, "CDI": -0.057 }, "geometry": { "type": "Polygon", "coordinates": [ [ [ 2.34405, 48.82369 ], [ 2.34627, 48.82293 ], [ 2.34659, 48.82124 ], [ 2.3447, 48.82031 ], [ 2.34247, 48.82107 ], [ 2.34215, 48.82277 ], [ 2.34405, 48.82369 ] ] ] } },
{ "type": "Feature", "properties": { "id": 572, "population": 2395, "o_score_pt": 4856.999, "o_score_car": 4098.137, "CDI": -0.085 }, "geometry": { "type": "Polygon", "coordinates": [ [ [ 2.36132, 48.82442 ], [ 2.36358, 48.82365 ], [ 2.3639, 48.82193 ], [ 2.36197, 48.82099 ], [ 2.35972, 48.82176 ], [ 2.3594, 48.82348 ], [ 2.36132, 48.82442 ] ] ] } },
{ "type": "Feature", "properties": { "id": 573, "population": 2906, "o_score_pt": 4314.898, "o_score_car": 3938.982, "CDI": -0.046 }, "geometry": { "type": "Polygon", "coordinates": [ [ [ 2.3024, 48.89419 ], [ 2.30472, 48.8934 ], [ 2.30506, 48.89164 ], [ 2.30307, 48.89067 ], [ 2.30075, 48.89146 ], [ 2.30041, 48.89322 ], [ 2.3024, 48.89419 ] ] ] } },
{ "type": "Feature", "properties": { "id": 574, "population": 3003, "o_score_pt": 5774.106, "o_score_car": 4383.677, "CDI": -0.137 }, "geometry": { "type": "Polygon", "coordinates": [ [ [ 2.3686, 48.87818 ], [ 2.37093, 48.87738 ], [ 2.37126, 48.87562 ], [ 2.36927, 48.87465 ], [ 2.36694, 48.87544 ], [ 2.36661, 48.87721 ], [ 2.3686, 48.87818 ] ] ] } },
{ "type": "Feature", "properties": { "id": 575, "population": 175, "o_score_pt": 2455.371, "o_score_car": 3370.142, "CDI": 0.157 }, "geometry": { "type": "Polygon", "coordinates": [ [ [ 2.45735, 48.8223 ], [ 2.45876, 48.82181 ], [ 2.45897, 48.82069 ], [ 2.45785, 48.82015 ], [ 2.45643, 48.82063 ], [ 2.45623, 48.82175 ], [ 2.45735, 48.8223 ] ] ] } },
{ "type": "Feature", "properties": { "id": 576, "population": 3300, "o_score_pt": 4662.499, "o_score_car": 4141.54, "CDI": -0.059 }, "geometry": { "type": "Polygon", "coordinates": [ [ [ 2.29717, 48.82987 ], [ 2.2995, 48.82907 ], [ 2.29984, 48.82731 ], [ 2.29784, 48.82633 ], [ 2.29552, 48.82713 ], [ 2.29518, 48.8289 ], [ 2.29717, 48.82987 ] ] ] } },
{ "type": "Feature", "properties": { "id": 577, "population": 160, "o_score_pt": 3104.613, "o_score_car": 3565.923, "CDI": 0.069 }, "geometry": { "type": "Polygon", "coordinates": [ [ [ 2.25627, 48.87289 ], [ 2.25766, 48.87242 ], [ 2.25787, 48.87132 ], [ 2.25677, 48.87078 ], [ 2.25538, 48.87126 ], [ 2.25517, 48.87236 ], [ 2.25627, 48.87289 ] ] ] } },
{ "type": "Feature", "properties": { "id": 578, "population": 2, "o_score_pt": 2559.129, "o_score_car": 3600.992, "CDI": 0.169 }, "geometry": { "type": "Polygon", "coordinates": [ [ [ 2.24224, 48.85527 ], [ 2.24224, 48.85527 ], [ 2.24226, 48.85516 ], [ 2.24226, 48.85516 ], [ 2.24224, 48.85527 ] ] ] } },
{ "type": "Feature", "properties": { "id": 579, "population": 2590, "o_score_pt": 5138.192, "o_score_car": 4215.821, "CDI": -0.099 }, "geometry": { "type": "Polygon", "coordinates": [ [ [ 2.29215, 48.85635 ], [ 2.29443, 48.85557 ], [ 2.29476, 48.85383 ], [ 2.29281, 48.85288 ], [ 2.29053, 48.85366 ], [ 2.2902, 48.85539 ], [ 2.29215, 48.85635 ] ] ] } },
{ "type": "Feature", "properties": { "id": 580, "population": 3921, "o_score_pt": 5430.485, "o_score_car": 4169.887, "CDI": -0.131 }, "geometry": { "type": "Polygon", "coordinates": [ [ [ 2.40383, 48.85289 ], [ 2.40616, 48.8521 ], [ 2.40649, 48.85033 ], [ 2.4045, 48.84936 ], [ 2.40217, 48.85016 ], [ 2.40184, 48.85192 ], [ 2.40383, 48.85289 ] ] ] } },
{ "type": "Feature", "properties": { "id": 581, "population": 1842, "o_score_pt": 4958.067, "o_score_car": 3954.271, "CDI": -0.113 }, "geometry": { "type": "Polygon", "coordinates": [ [ [ 2.28387, 48.84256 ], [ 2.28604, 48.84182 ], [ 2.28636, 48.84016 ], [ 2.28451, 48.83926 ], [ 2.28234, 48.84001 ], [ 2.28202, 48.84166 ], [ 2.28387, 48.84256 ] ] ] } },
{ "type": "Feature", "properties": { "id": 582, "population": 3001, "o_score_pt": 5705.313, "o_score_car": 4248.072, "CDI": -0.146 }, "geometry": { "type": "Polygon", "coordinates": [ [ [ 2.31804, 48.89216 ], [ 2.32037, 48.89137 ], [ 2.32071, 48.8896 ], [ 2.31871, 48.88863 ], [ 2.31638, 48.88942 ], [ 2.31605, 48.89119 ], [ 2.31804, 48.89216 ] ] ] } },
{ "type": "Feature", "properties": { "id": 583, "population": 2490, "o_score_pt": 5260.008, "o_score_car": 3964.119, "CDI": -0.14 }, "geometry": { "type": "Polygon", "coordinates": [ [ [ 2.39288, 48.87644 ], [ 2.39514, 48.87566 ], [ 2.39547, 48.87394 ], [ 2.39353, 48.873 ], [ 2.39126, 48.87377 ], [ 2.39094, 48.8755 ], [ 2.39288, 48.87644 ] ] ] } },
{ "type": "Feature", "properties": { "id": 584, "population": 197, "o_score_pt": 3536.632, "o_score_car": 3952.285, "CDI": 0.056 }, "geometry": { "type": "Polygon", "coordinates": [ [ [ 2.25662, 48.8596 ], [ 2.25808, 48.8591 ], [ 2.2583, 48.85796 ], [ 2.25714, 48.85739 ], [ 2.25568, 48.85788 ], [ 2.25546, 48.85903 ], [ 2.25662, 48.8596 ] ] ] } },
{ "type": "Feature", "properties": { "id": 585, "population": 785, "o_score_pt": 5545.289, "o_score_car": 4394.54, "CDI": -0.116 }, "geometry": { "type": "Polygon", "coordinates": [ [ [ 2.30978, 48.87814 ], [ 2.31168, 48.8775 ], [ 2.31196, 48.87603 ], [ 2.31037, 48.87526 ], [ 2.30847, 48.87591 ], [ 2.3082, 48.87737 ], [ 2.30978, 48.87814 ] ] ] } },
{ "type": "Feature", "properties": { "id": 586, "population": 2382, "o_score_pt": 6174.407, "o_score_car": 4591.711, "CDI": -0.147 }, "geometry": { "type": "Polygon", "coordinates": [ [ [ 2.34534, 48.87452 ], [ 2.34759, 48.87375 ], [ 2.34792, 48.87203 ], [ 2.34599, 48.87109 ], [ 2.34374, 48.87187 ], [ 2.34341, 48.87358 ], [ 2.34534, 48.87452 ] ] ] } },
{ "type": "Feature", "properties": { "id": 587, "population": 3162, "o_score_pt": 5212.867, "o_score_car": 4292.637, "CDI": -0.097 }, "geometry": { "type": "Polygon", "coordinates": [ [ [ 2.38523, 48.87084 ], [ 2.38755, 48.87004 ], [ 2.38788, 48.86828 ], [ 2.38589, 48.86731 ], [ 2.38356, 48.8681 ], [ 2.38323, 48.86987 ], [ 2.38523, 48.87084 ] ] ] } },
{ "type": "Feature", "properties": { "id": 588, "population": 1673, "o_score_pt": 5135.525, "o_score_car": 4059.065, "CDI": -0.117 }, "geometry": { "type": "Polygon", "coordinates": [ [ [ 2.28251, 48.86119 ], [ 2.28465, 48.86046 ], [ 2.28496, 48.85882 ], [ 2.28315, 48.85794 ], [ 2.281, 48.85867 ], [ 2.28069, 48.8603 ], [ 2.28251, 48.86119 ] ] ] } },
{ "type": "Feature", "properties": { "id": 589, "population": 2648, "o_score_pt": 5337.009, "o_score_car": 4382.861, "CDI": -0.098 }, "geometry": { "type": "Polygon", "coordinates": [ [ [ 2.35068, 48.8347 ], [ 2.35297, 48.83391 ], [ 2.3533, 48.83217 ], [ 2.35134, 48.83122 ], [ 2.34905, 48.832 ], [ 2.34873, 48.83374 ], [ 2.35068, 48.8347 ] ] ] } },
{ "type": "Feature", "properties": { "id": 590, "population": 2754, "o_score_pt": 5789.281, "o_score_car": 4242.426, "CDI": -0.154 }, "geometry": { "type": "Polygon", "coordinates": [ [ [ 2.36796, 48.83541 ], [ 2.37026, 48.83462 ], [ 2.37059, 48.83287 ], [ 2.36862, 48.83191 ], [ 2.36632, 48.8327 ], [ 2.36599, 48.83445 ], [ 2.36796, 48.83541 ] ] ] } },
{ "type": "Feature", "properties": { "id": 591, "population": 2570, "o_score_pt": 4948.412, "o_score_car": 4077.374, "CDI": -0.097 }, "geometry": { "type": "Polygon", "coordinates": [ [ [ 2.28451, 48.85069 ], [ 2.28679, 48.84991 ], [ 2.28712, 48.84818 ], [ 2.28517, 48.84723 ], [ 2.28289, 48.848 ], [ 2.28256, 48.84974 ], [ 2.28451, 48.85069 ] ] ] } },
{ "type": "Feature", "properties": { "id": 592, "population": 2343, "o_score_pt": 5419.493, "o_score_car": 4435.931, "CDI": -0.1 }, "geometry": { "type": "Polygon", "coordinates": [ [ [ 2.3104, 48.88645 ], [ 2.31265, 48.88568 ], [ 2.31298, 48.88397 ], [ 2.31106, 48.88304 ], [ 2.30881, 48.8838 ], [ 2.30848, 48.88552 ], [ 2.3104, 48.88645 ] ] ] } },
{ "type": "Feature", "properties": { "id": 593, "population": 1959, "o_score_pt": 5028.548, "o_score_car": 4213.429, "CDI": -0.088 }, "geometry": { "type": "Polygon", "coordinates": [ [ [ 2.38192, 48.83055 ], [ 2.38411, 48.8298 ], [ 2.38442, 48.82813 ], [ 2.38256, 48.82722 ], [ 2.38037, 48.82797 ], [ 2.38006, 48.82964 ], [ 2.38192, 48.83055 ] ] ] } },
{ "type": "Feature", "properties": { "id": 594, "population": 3402, "o_score_pt": 4708.472, "o_score_car": 4061.83, "CDI": -0.074 }, "geometry": { "type": "Polygon", "coordinates": [ [ [ 2.39354, 48.88452 ], [ 2.39586, 48.88372 ], [ 2.39619, 48.88196 ], [ 2.3942, 48.88099 ], [ 2.39187, 48.88178 ], [ 2.39154, 48.88355 ], [ 2.39354, 48.88452 ] ] ] } },
{ "type": "Feature", "properties": { "id": 595, "population": 2882, "o_score_pt": 5116.93, "o_score_car": 4185.255, "CDI": -0.1 }, "geometry": { "type": "Polygon", "coordinates": [ [ [ 2.30839, 48.8971 ], [ 2.31071, 48.89631 ], [ 2.31104, 48.89455 ], [ 2.30906, 48.89359 ], [ 2.30674, 48.89438 ], [ 2.3064, 48.89614 ], [ 2.30839, 48.8971 ] ] ] } },
{ "type": "Feature", "properties": { "id": 596, "population": 214, "o_score_pt": 2761.898, "o_score_car": 3284.801, "CDI": 0.086 }, "geometry": { "type": "Polygon", "coordinates": [ [ [ 2.23233, 48.86129 ], [ 2.23381, 48.86078 ], [ 2.23403, 48.85961 ], [ 2.23284, 48.85903 ], [ 2.23136, 48.85954 ], [ 2.23114, 48.86071 ], [ 2.23233, 48.86129 ] ] ] } },
{ "type": "Feature", "properties": { "id": 597, "population": 2708, "o_score_pt": 4903.581, "o_score_car": 4220.392, "CDI": -0.075 }, "geometry": { "type": "Polygon", "coordinates": [ [ [ 2.36995, 48.8248 ], [ 2.37225, 48.82401 ], [ 2.37258, 48.82227 ], [ 2.37061, 48.82131 ], [ 2.36832, 48.8221 ], [ 2.36799, 48.82384 ], [ 2.36995, 48.8248 ] ] ] } },
{ "type": "Feature", "properties": { "id": 598, "population": 541, "o_score_pt": 4156.006, "o_score_car": 2893.099, "CDI": -0.179 }, "geometry": { "type": "Polygon", "coordinates": [ [ [ 2.43875, 48.84052 ], [ 2.44052, 48.83991 ], [ 2.44078, 48.83854 ], [ 2.43931, 48.83782 ], [ 2.43753, 48.83843 ], [ 2.43728, 48.83981 ], [ 2.43875, 48.84052 ] ] ] } },
{ "type": "Feature", "properties": { "id": 599, "population": 962, "o_score_pt": 6245.439, "o_score_car": 4517.461, "CDI": -0.161 }, "geometry": { "type": "Polygon", "coordinates": [ [ [ 2.31078, 48.87289 ], [ 2.31274, 48.87222 ], [ 2.31303, 48.87071 ], [ 2.31138, 48.86991 ], [ 2.30942, 48.87058 ], [ 2.30913, 48.87209 ], [ 2.31078, 48.87289 ] ] ] } },
{ "type": "Feature", "properties": { "id": 600, "population": 2539, "o_score_pt": 5206.602, "o_score_car": 3959.821, "CDI": -0.136 }, "geometry": { "type": "Polygon", "coordinates": [ [ [ 2.28285, 48.84794 ], [ 2.28513, 48.84717 ], [ 2.28546, 48.84544 ], [ 2.28351, 48.84449 ], [ 2.28124, 48.84527 ], [ 2.28091, 48.847 ], [ 2.28285, 48.84794 ] ] ] } },
{ "type": "Feature", "properties": { "id": 601, "population": 2118, "o_score_pt": 5457.034, "o_score_car": 4465.927, "CDI": -0.1 }, "geometry": { "type": "Polygon", "coordinates": [ [ [ 2.34205, 48.83429 ], [ 2.34426, 48.83353 ], [ 2.34458, 48.83184 ], [ 2.3427, 48.83092 ], [ 2.34048, 48.83168 ], [ 2.34016, 48.83337 ], [ 2.34205, 48.83429 ] ] ] } },
{ "type": "Feature", "properties": { "id": 602, "population": 1372, "o_score_pt": 5683.122, "o_score_car": 4167.55, "CDI": -0.154 }, "geometry": { "type": "Polygon", "coordinates": [ [ [ 2.39023, 48.84415 ], [ 2.39231, 48.84344 ], [ 2.39261, 48.84185 ], [ 2.39085, 48.84099 ], [ 2.38878, 48.8417 ], [ 2.38848, 48.84329 ], [ 2.39023, 48.84415 ] ] ] } },
{ "type": "Feature", "properties": { "id": 603, "population": 3893, "o_score_pt": 6014.907, "o_score_car": 4302.627, "CDI": -0.166 }, "geometry": { "type": "Polygon", "coordinates": [ [ [ 2.39519, 48.85255 ], [ 2.39752, 48.85175 ], [ 2.39785, 48.84998 ], [ 2.39586, 48.84901 ], [ 2.39353, 48.84981 ], [ 2.3932, 48.85158 ], [ 2.39519, 48.85255 ] ] ] } },
{ "type": "Feature", "properties": { "id": 604, "population": 1911, "o_score_pt": 5025.342, "o_score_car": 4394.634, "CDI": -0.067 }, "geometry": { "type": "Polygon", "coordinates": [ [ [ 2.29115, 48.86157 ], [ 2.29334, 48.86083 ], [ 2.29365, 48.85916 ], [ 2.2918, 48.85826 ], [ 2.28961, 48.859 ], [ 2.2893, 48.86067 ], [ 2.29115, 48.86157 ] ] ] } },
{ "type": "Feature", "properties": { "id": 605, "population": 2933, "o_score_pt": 4200.305, "o_score_car": 3900.868, "CDI": -0.037 }, "geometry": { "type": "Polygon", "coordinates": [ [ [ 2.39154, 48.89511 ], [ 2.39386, 48.89432 ], [ 2.39419, 48.89256 ], [ 2.39221, 48.89159 ], [ 2.38988, 48.89239 ], [ 2.38955, 48.89415 ], [ 2.39154, 48.89511 ] ] ] } },
{ "type": "Feature", "properties": { "id": 606, "population": 136, "o_score_pt": 2062.178, "o_score_car": 3671.803, "CDI": 0.281 }, "geometry": { "type": "Polygon", "coordinates": [ [ [ 2.24301, 48.85093 ], [ 2.24435, 48.85047 ], [ 2.24455, 48.84941 ], [ 2.2435, 48.8489 ], [ 2.24217, 48.84935 ], [ 2.24196, 48.85042 ], [ 2.24301, 48.85093 ] ] ] } },
{ "type": "Feature", "properties": { "id": 607, "population": 2675, "o_score_pt": 5084.475, "o_score_car": 3731.377, "CDI": -0.153 }, "geometry": { "type": "Polygon", "coordinates": [ [ [ 2.43771, 48.84621 ], [ 2.44, 48.84543 ], [ 2.44032, 48.84368 ], [ 2.43836, 48.84273 ], [ 2.43608, 48.84352 ], [ 2.43575, 48.84526 ], [ 2.43771, 48.84621 ] ] ] } },
{ "type": "Feature", "properties": { "id": 608, "population": 2475, "o_score_pt": 4500.329, "o_score_car": 4273.128, "CDI": -0.026 }, "geometry": { "type": "Polygon", "coordinates": [ [ [ 2.31547, 48.82523 ], [ 2.31773, 48.82445 ], [ 2.31806, 48.82273 ], [ 2.31613, 48.82179 ], [ 2.31386, 48.82256 ], [ 2.31353, 48.82428 ], [ 2.31547, 48.82523 ] ] ] } },
{ "type": "Feature", "properties": { "id": 609, "population": 744, "o_score_pt": 3361.904, "o_score_car": 3920.886, "CDI": 0.077 }, "geometry": { "type": "Polygon", "coordinates": [ [ [ 2.24996, 48.84896 ], [ 2.25184, 48.84832 ], [ 2.25211, 48.84687 ], [ 2.25055, 48.8461 ], [ 2.24866, 48.84674 ], [ 2.24839, 48.84819 ], [ 2.24996, 48.84896 ] ] ] } },
{ "type": "Feature", "properties": { "id": 610, "population": 0, "o_score_pt": 4.997, "o_score_car": 3239.945, "CDI": 0.997 }, "geometry": { "type": "Polygon", "coordinates": [ [ [ 2.23359, 48.85491 ], [ 2.23359, 48.85491 ], [ 2.23361, 48.8548 ], [ 2.23361, 48.8548 ], [ 2.23359, 48.85491 ] ] ] } },
{ "type": "Feature", "properties": { "id": 611, "population": 3110, "o_score_pt": 5705.806, "o_score_car": 4253.421, "CDI": -0.146 }, "geometry": { "type": "Polygon", "coordinates": [ [ [ 2.30014, 48.84869 ], [ 2.30247, 48.8479 ], [ 2.3028, 48.84613 ], [ 2.30081, 48.84516 ], [ 2.29848, 48.84595 ], [ 2.29814, 48.84772 ], [ 2.30014, 48.84869 ] ] ] } },
{ "type": "Feature", "properties": { "id": 612, "population": 15, "o_score_pt": 2889.082, "o_score_car": 3318.861, "CDI": 0.069 }, "geometry": { "type": "Polygon", "coordinates": [ [ [ 2.4571, 48.83505 ], [ 2.45775, 48.83483 ], [ 2.45785, 48.83426 ], [ 2.45746, 48.83407 ], [ 2.45682, 48.83429 ], [ 2.45671, 48.83486 ], [ 2.4571, 48.83505 ] ] ] } },
{ "type": "Feature", "properties": { "id": 613, "population": 28, "o_score_pt": 3214.092, "o_score_car": 3540.706, "CDI": 0.048 }, "geometry": { "type": "Polygon", "coordinates": [ [ [ 2.24435, 48.86664 ], [ 2.24519, 48.86635 ], [ 2.24532, 48.86564 ], [ 2.24475, 48.86536 ], [ 2.24391, 48.86565 ], [ 2.24378, 48.86636 ], [ 2.24435, 48.86664 ] ] ] } },
{ "type": "Feature", "properties": { "id": 614, "population": 2758, "o_score_pt": 5124.894, "o_score_car": 4131.407, "CDI": -0.107 }, "geometry": { "type": "Polygon", "coordinates": [ [ [ 2.30939, 48.89179 ], [ 2.3117, 48.891 ], [ 2.31203, 48.88926 ], [ 2.31006, 48.8883 ], [ 2.30775, 48.88908 ], [ 2.30742, 48.89083 ], [ 2.30939, 48.89179 ] ] ] } },
{ "type": "Feature", "properties": { "id": 615, "population": 3762, "o_score_pt": 5371.616, "o_score_car": 4040.14, "CDI": -0.141 }, "geometry": { "type": "Polygon", "coordinates": [ [ [ 2.34299, 48.89851 ], [ 2.34531, 48.89772 ], [ 2.34565, 48.89595 ], [ 2.34365, 48.89498 ], [ 2.34132, 48.89577 ], [ 2.34099, 48.89754 ], [ 2.34299, 48.89851 ] ] ] } },
{ "type": "Feature", "properties": { "id": 616, "population": 2415, "o_score_pt": 5244.077, "o_score_car": 3978.44, "CDI": -0.137 }, "geometry": { "type": "Polygon", "coordinates": [ [ [ 2.39454, 48.87917 ], [ 2.3968, 48.8784 ], [ 2.39712, 48.87668 ], [ 2.39519, 48.87574 ], [ 2.39293, 48.87651 ], [ 2.39261, 48.87823 ], [ 2.39454, 48.87917 ] ] ] } },
{ "type": "Feature", "properties": { "id": 617, "population": 4023, "o_score_pt": 5573.441, "o_score_car": 4215.42, "CDI": -0.139 }, "geometry": { "type": "Polygon", "coordinates": [ [ [ 2.40549, 48.85563 ], [ 2.40782, 48.85483 ], [ 2.40815, 48.85307 ], [ 2.40616, 48.8521 ], [ 2.40383, 48.85289 ], [ 2.4035, 48.85466 ], [ 2.40549, 48.85563 ] ] ] } },
{ "type": "Feature", "properties": { "id": 618, "population": 2284, "o_score_pt": 4880.624, "o_score_car": 4071.014, "CDI": -0.09 }, "geometry": { "type": "Polygon", "coordinates": [ [ [ 2.30216, 48.83802 ], [ 2.3044, 48.83726 ], [ 2.30472, 48.83555 ], [ 2.30281, 48.83462 ], [ 2.30057, 48.83538 ], [ 2.30025, 48.83709 ], [ 2.30216, 48.83802 ] ] ] } },
{ "type": "Feature", "properties": { "id": 619, "population": 112, "o_score_pt": 3042.459, "o_score_car": 3293.03, "CDI": 0.04 }, "geometry": { "type": "Polygon", "coordinates": [ [ [ 2.2583, 48.8622 ], [ 2.25957, 48.86177 ], [ 2.25977, 48.86075 ], [ 2.25878, 48.86027 ], [ 2.2575, 48.8607 ], [ 2.25731, 48.86172 ], [ 2.2583, 48.8622 ] ] ] } },
{ "type": "Feature", "properties": { "id": 620, "population": 947, "o_score_pt": 5501.094, "o_score_car": 4553.353, "CDI": -0.094 }, "geometry": { "type": "Polygon", "coordinates": [ [ [ 2.31144, 48.88093 ], [ 2.31339, 48.88026 ], [ 2.31368, 48.87876 ], [ 2.31204, 48.87796 ], [ 2.31008, 48.87862 ], [ 2.30979, 48.88013 ], [ 2.31144, 48.88093 ] ] ] } },
{ "type": "Feature", "properties": { "id": 621, "population": 2827, "o_score_pt": 5830.883, "o_score_car": 4386.167, "CDI": -0.141 }, "geometry": { "type": "Polygon", "coordinates": [ [ [ 2.33468, 48.88481 ], [ 2.33699, 48.88402 ], [ 2.33733, 48.88227 ], [ 2.33535, 48.8813 ], [ 2.33304, 48.88209 ], [ 2.33271, 48.88385 ], [ 2.33468, 48.88481 ] ] ] } },
{ "type": "Feature", "properties": { "id": 622, "population": 2890, "o_score_pt": 5903.495, "o_score_car": 4384.124, "CDI": -0.148 }, "geometry": { "type": "Polygon", "coordinates": [ [ [ 2.38622, 48.86553 ], [ 2.38854, 48.86474 ], [ 2.38887, 48.86298 ], [ 2.38689, 48.86201 ], [ 2.38457, 48.86281 ], [ 2.38424, 48.86457 ], [ 2.38622, 48.86553 ] ] ] } },
{ "type": "Feature", "properties": { "id": 623, "population": 2228, "o_score_pt": 4546.868, "o_score_car": 4038.643, "CDI": -0.059 }, "geometry": { "type": "Polygon", "coordinates": [ [ [ 2.33375, 48.82061 ], [ 2.33598, 48.81984 ], [ 2.3363, 48.81814 ], [ 2.3344, 48.81722 ], [ 2.33217, 48.81798 ], [ 2.33185, 48.81968 ], [ 2.33375, 48.82061 ] ] ] } },
{ "type": "Feature", "properties": { "id": 624, "population": 4441, "o_score_pt": 5663.039, "o_score_car": 4463.49, "CDI": -0.118 }, "geometry": { "type": "Polygon", "coordinates": [ [ [ 2.37692, 48.85715 ], [ 2.37925, 48.85636 ], [ 2.37958, 48.85459 ], [ 2.37758, 48.85362 ], [ 2.37526, 48.85442 ], [ 2.37493, 48.85618 ], [ 2.37692, 48.85715 ] ] ] } },
{ "type": "Feature", "properties": { "id": 625, "population": 2770, "o_score_pt": 5462.224, "o_score_car": 4428.552, "CDI": -0.105 }, "geometry": { "type": "Polygon", "coordinates": [ [ [ 2.354, 48.84018 ], [ 2.3563, 48.8394 ], [ 2.35663, 48.83765 ], [ 2.35466, 48.83669 ], [ 2.35236, 48.83747 ], [ 2.35203, 48.83922 ], [ 2.354, 48.84018 ] ] ] } },
{ "type": "Feature", "properties": { "id": 626, "population": 1968, "o_score_pt": 6087.438, "o_score_car": 4353.032, "CDI": -0.166 }, "geometry": { "type": "Polygon", "coordinates": [ [ [ 2.32605, 48.88437 ], [ 2.32824, 48.88362 ], [ 2.32856, 48.88195 ], [ 2.32669, 48.88104 ], [ 2.3245, 48.88179 ], [ 2.32418, 48.88346 ], [ 2.32605, 48.88437 ] ] ] } },
{ "type": "Feature", "properties": { "id": 627, "population": 968, "o_score_pt": 5736.011, "o_score_car": 4429.638, "CDI": -0.129 }, "geometry": { "type": "Polygon", "coordinates": [ [ [ 2.30314, 48.86724 ], [ 2.3051, 48.86657 ], [ 2.30539, 48.86506 ], [ 2.30374, 48.86426 ], [ 2.30177, 48.86493 ], [ 2.30149, 48.86644 ], [ 2.30314, 48.86724 ] ] ] } },
{ "type": "Feature", "properties": { "id": 628, "population": 1788, "o_score_pt": 5944.521, "o_score_car": 4186.122, "CDI": -0.174 }, "geometry": { "type": "Polygon", "coordinates": [ [ [ 2.38856, 48.84147 ], [ 2.39072, 48.84073 ], [ 2.39104, 48.83908 ], [ 2.3892, 48.83819 ], [ 2.38704, 48.83893 ], [ 2.38673, 48.84058 ], [ 2.38856, 48.84147 ] ] ] } },
{ "type": "Feature", "properties": { "id": 629, "population": 104, "o_score_pt": 2301.046, "o_score_car": 2988.704, "CDI": 0.13 }, "geometry": { "type": "Polygon", "coordinates": [ [ [ 2.44775, 48.82713 ], [ 2.44899, 48.8267 ], [ 2.44918, 48.8257 ], [ 2.44821, 48.82523 ], [ 2.44697, 48.82566 ], [ 2.44678, 48.82666 ], [ 2.44775, 48.82713 ] ] ] } },
{ "type": "Feature", "properties": { "id": 630, "population": 31, "o_score_pt": 3281.434, "o_score_car": 3759.842, "CDI": 0.068 }, "geometry": { "type": "Polygon", "coordinates": [ [ [ 2.42853, 48.83675 ], [ 2.4294, 48.83645 ], [ 2.42954, 48.83572 ], [ 2.42893, 48.83543 ], [ 2.42807, 48.83573 ], [ 2.42793, 48.83646 ], [ 2.42853, 48.83675 ] ] ] } },
{ "type": "Feature", "properties": { "id": 631, "population": 2477, "o_score_pt": 4014.996, "o_score_car": 3982.613, "CDI": -0.004 }, "geometry": { "type": "Polygon", "coordinates": [ [ [ 2.38357, 48.90276 ], [ 2.38583, 48.90199 ], [ 2.38616, 48.90026 ], [ 2.38422, 48.89932 ], [ 2.38195, 48.9001 ], [ 2.38163, 48.90182 ], [ 2.38357, 48.90276 ] ] ] } },
{ "type": "Feature", "properties": { "id": 632, "population": 2963, "o_score_pt": 4131.176, "o_score_car": 4122.933, "CDI": -0.001 }, "geometry": { "type": "Polygon", "coordinates": [ [ [ 2.29285, 48.82969 ], [ 2.29518, 48.82889 ], [ 2.29551, 48.82713 ], [ 2.29352, 48.82616 ], [ 2.2912, 48.82695 ], [ 2.29086, 48.82872 ], [ 2.29285, 48.82969 ] ] ] } },
{ "type": "Feature", "properties": { "id": 633, "population": 3401, "o_score_pt": 5875.175, "o_score_car": 4456.056, "CDI": -0.137 }, "geometry": { "type": "Polygon", "coordinates": [ [ [ 2.38556, 48.8575 ], [ 2.38789, 48.8567 ], [ 2.38822, 48.85494 ], [ 2.38622, 48.85397 ], [ 2.3839, 48.85476 ], [ 2.38357, 48.85653 ], [ 2.38556, 48.8575 ] ] ] } },
{ "type": "Feature", "properties": { "id": 634, "population": 2778, "o_score_pt": 5732.191, "o_score_car": 4192.845, "CDI": -0.155 }, "geometry": { "type": "Polygon", "coordinates": [ [ [ 2.36264, 48.84054 ], [ 2.36494, 48.83975 ], [ 2.36527, 48.838 ], [ 2.3633, 48.83704 ], [ 2.361, 48.83782 ], [ 2.36067, 48.83958 ], [ 2.36264, 48.84054 ] ] ] } },
{ "type": "Feature", "properties": { "id": 635, "population": 1004, "o_score_pt": 5566.089, "o_score_car": 4456.07, "CDI": -0.111 }, "geometry": { "type": "Polygon", "coordinates": [ [ [ 2.30047, 48.86981 ], [ 2.30245, 48.86914 ], [ 2.30274, 48.86762 ], [ 2.30108, 48.86681 ], [ 2.2991, 48.86748 ], [ 2.29881, 48.869 ], [ 2.30047, 48.86981 ] ] ] } },
{ "type": "Feature", "properties": { "id": 636, "population": 1947, "o_score_pt": 6467.077, "o_score_car": 4216.788, "CDI": -0.211 }, "geometry": { "type": "Polygon", "coordinates": [ [ [ 2.37993, 48.84115 ], [ 2.38211, 48.8404 ], [ 2.38243, 48.83873 ], [ 2.38057, 48.83782 ], [ 2.37838, 48.83857 ], [ 2.37806, 48.84024 ], [ 2.37993, 48.84115 ] ] ] } },
{ "type": "Feature", "properties": { "id": 637, "population": 1222, "o_score_pt": 5393.839, "o_score_car": 4114.722, "CDI": -0.135 }, "geometry": { "type": "Polygon", "coordinates": [ [ [ 2.39456, 48.84429 ], [ 2.39659, 48.84359 ], [ 2.39689, 48.84203 ], [ 2.39517, 48.84119 ], [ 2.39313, 48.84189 ], [ 2.39284, 48.84346 ], [ 2.39456, 48.84429 ] ] ] } },
{ "type": "Feature", "properties": { "id": 638, "population": 1694, "o_score_pt": 5029.777, "o_score_car": 4127.348, "CDI": -0.099 }, "geometry": { "type": "Polygon", "coordinates": [ [ [ 2.39388, 48.83633 ], [ 2.39602, 48.8356 ], [ 2.39633, 48.83396 ], [ 2.39451, 48.83308 ], [ 2.39237, 48.83381 ], [ 2.39206, 48.83545 ], [ 2.39388, 48.83633 ] ] ] } },
{ "type": "Feature", "properties": { "id": 639, "population": 2512, "o_score_pt": 5591.72, "o_score_car": 3991.463, "CDI": -0.167 }, "geometry": { "type": "Polygon", "coordinates": [ [ [ 2.41347, 48.8479 ], [ 2.41574, 48.84712 ], [ 2.41606, 48.84539 ], [ 2.41412, 48.84445 ], [ 2.41185, 48.84523 ], [ 2.41153, 48.84695 ], [ 2.41347, 48.8479 ] ] ] } },
{ "type": "Feature", "properties": { "id": 640, "population": 580, "o_score_pt": 2950.265, "o_score_car": 3984.724, "CDI": 0.149 }, "geometry": { "type": "Polygon", "coordinates": [ [ [ 2.25162, 48.85164 ], [ 2.25342, 48.85102 ], [ 2.25369, 48.84963 ], [ 2.2522, 48.8489 ], [ 2.25039, 48.84952 ], [ 2.25013, 48.85091 ], [ 2.25162, 48.85164 ] ] ] } },
{ "type": "Feature", "properties": { "id": 641, "population": 3085, "o_score_pt": 4695.2, "o_score_car": 3983.441, "CDI": -0.082 }, "geometry": { "type": "Polygon", "coordinates": [ [ [ 2.4045, 48.86093 ], [ 2.40682, 48.86013 ], [ 2.40716, 48.85837 ], [ 2.40516, 48.8574 ], [ 2.40284, 48.85819 ], [ 2.4025, 48.85996 ], [ 2.4045, 48.86093 ] ] ] } },
{ "type": "Feature", "properties": { "id": 642, "population": 246, "o_score_pt": 3279.096, "o_score_car": 3262.073, "CDI": -0.003 }, "geometry": { "type": "Polygon", "coordinates": [ [ [ 2.44839, 48.83537 ], [ 2.44991, 48.83485 ], [ 2.45014, 48.83365 ], [ 2.44891, 48.83306 ], [ 2.44739, 48.83358 ], [ 2.44716, 48.83478 ], [ 2.44839, 48.83537 ] ] ] } },
{ "type": "Feature", "properties": { "id": 643, "population": 2462, "o_score_pt": 5231.284, "o_score_car": 4074.482, "CDI": -0.124 }, "geometry": { "type": "Polygon", "coordinates": [ [ [ 2.29351, 48.83769 ], [ 2.29578, 48.83691 ], [ 2.2961, 48.83519 ], [ 2.29417, 48.83425 ], [ 2.2919, 48.83502 ], [ 2.29158, 48.83674 ], [ 2.29351, 48.83769 ] ] ] } },
{ "type": "Feature", "properties": { "id": 644, "population": 1520, "o_score_pt": 4445.428, "o_score_car": 3997.405, "CDI": -0.053 }, "geometry": { "type": "Polygon", "coordinates": [ [ [ 2.26824, 48.84454 ], [ 2.27035, 48.84382 ], [ 2.27066, 48.84221 ], [ 2.26887, 48.84134 ], [ 2.26676, 48.84206 ], [ 2.26645, 48.84367 ], [ 2.26824, 48.84454 ] ] ] } },
{ "type": "Feature", "properties": { "id": 645, "population": 77, "o_score_pt": 3016.091, "o_score_car": 3451.846, "CDI": 0.067 }, "geometry": { "type": "Polygon", "coordinates": [ [ [ 2.25297, 48.86724 ], [ 2.25413, 48.86684 ], [ 2.25431, 48.86591 ], [ 2.25343, 48.86548 ], [ 2.25227, 48.86587 ], [ 2.2521, 48.86681 ], [ 2.25297, 48.86724 ] ] ] } },
{ "type": "Feature", "properties": { "id": 646, "population": 2411, "o_score_pt": 4820.026, "o_score_car": 3943.549, "CDI": -0.1 }, "geometry": { "type": "Polygon", "coordinates": [ [ [ 2.40251, 48.87148 ], [ 2.40477, 48.8707 ], [ 2.40509, 48.86899 ], [ 2.40316, 48.86805 ], [ 2.40091, 48.86882 ], [ 2.40059, 48.87054 ], [ 2.40251, 48.87148 ] ] ] } },
{ "type": "Feature", "properties": { "id": 647, "population": 2685, "o_score_pt": 5816.838, "o_score_car": 4143.833, "CDI": -0.168 }, "geometry": { "type": "Polygon", "coordinates": [ [ [ 2.3277, 48.88719 ], [ 2.32999, 48.8864 ], [ 2.33032, 48.88466 ], [ 2.32836, 48.8837 ], [ 2.32607, 48.88449 ], [ 2.32574, 48.88623 ], [ 2.3277, 48.88719 ] ] ] } },
{ "type": "Feature", "properties": { "id": 648, "population": 2203, "o_score_pt": 5923.273, "o_score_car": 4558.777, "CDI": -0.13 }, "geometry": { "type": "Polygon", "coordinates": [ [ [ 2.35135, 48.84269 ], [ 2.35357, 48.84193 ], [ 2.35389, 48.84023 ], [ 2.352, 48.83931 ], [ 2.34977, 48.84007 ], [ 2.34945, 48.84177 ], [ 2.35135, 48.84269 ] ] ] } },
{ "type": "Feature", "properties": { "id": 649, "population": 935, "o_score_pt": 6077.624, "o_score_car": 4684.663, "CDI": -0.129 }, "geometry": { "type": "Polygon", "coordinates": [ [ [ 2.31943, 48.87324 ], [ 2.32138, 48.87257 ], [ 2.32167, 48.87107 ], [ 2.32003, 48.87027 ], [ 2.31807, 48.87094 ], [ 2.31779, 48.87244 ], [ 2.31943, 48.87324 ] ] ] } },
{ "type": "Feature", "properties": { "id": 650, "population": 3605, "o_score_pt": 4513.696, "o_score_car": 3972.772, "CDI": -0.064 }, "geometry": { "type": "Polygon", "coordinates": [ [ [ 2.3952, 48.88726 ], [ 2.39752, 48.88646 ], [ 2.39786, 48.88469 ], [ 2.39586, 48.88372 ], [ 2.39354, 48.88452 ], [ 2.3932, 48.88629 ], [ 2.3952, 48.88726 ] ] ] } },
{ "type": "Feature", "properties": { "id": 651, "population": 3175, "o_score_pt": 4602.504, "o_score_car": 4031.241, "CDI": -0.066 }, "geometry": { "type": "Polygon", "coordinates": [ [ [ 2.3819, 48.90007 ], [ 2.38423, 48.89928 ], [ 2.38456, 48.89751 ], [ 2.38256, 48.89654 ], [ 2.38024, 48.89734 ], [ 2.3799, 48.8991 ], [ 2.3819, 48.90007 ] ] ] } },
{ "type": "Feature", "properties": { "id": 652, "population": 2407, "o_score_pt": 4241.706, "o_score_car": 4103.794, "CDI": -0.017 }, "geometry": { "type": "Polygon", "coordinates": [ [ [ 2.27457, 48.83423 ], [ 2.27682, 48.83346 ], [ 2.27715, 48.83174 ], [ 2.27522, 48.8308 ], [ 2.27296, 48.83157 ], [ 2.27264, 48.83329 ], [ 2.27457, 48.83423 ] ] ] } },
{ "type": "Feature", "properties": { "id": 653, "population": 0, "o_score_pt": 2707.51, "o_score_car": 3308.369, "CDI": 0.1 }, "geometry": { "type": "Polygon", "coordinates": [ [ [ 2.45992, 48.83205 ], [ 2.45992, 48.83205 ], [ 2.45994, 48.83194 ], [ 2.45994, 48.83194 ], [ 2.45992, 48.83205 ] ] ] } },
{ "type": "Feature", "properties": { "id": 654, "population": 2668, "o_score_pt": 5367.839, "o_score_car": 4571.296, "CDI": -0.08 }, "geometry": { "type": "Polygon", "coordinates": [ [ [ 2.34436, 48.84513 ], [ 2.34665, 48.84434 ], [ 2.34698, 48.8426 ], [ 2.34502, 48.84165 ], [ 2.34273, 48.84243 ], [ 2.3424, 48.84417 ], [ 2.34436, 48.84513 ] ] ] } },
{ "type": "Feature", "properties": { "id": 655, "population": 2522, "o_score_pt": 5781.211, "o_score_car": 4460.114, "CDI": -0.129 }, "geometry": { "type": "Polygon", "coordinates": [ [ [ 2.346, 48.88257 ], [ 2.34827, 48.88179 ], [ 2.3486, 48.88006 ], [ 2.34665, 48.87912 ], [ 2.34438, 48.8799 ], [ 2.34405, 48.88162 ], [ 2.346, 48.88257 ] ] ] } },
{ "type": "Feature", "properties": { "id": 656, "population": 1032, "o_score_pt": 6470.139, "o_score_car": 4616.035, "CDI": -0.167 }, "geometry": { "type": "Polygon", "coordinates": [ [ [ 2.32274, 48.87874 ], [ 2.32473, 48.87806 ], [ 2.32502, 48.87654 ], [ 2.32335, 48.87572 ], [ 2.32136, 48.8764 ], [ 2.32108, 48.87793 ], [ 2.32274, 48.87874 ] ] ] } },
{ "type": "Feature", "properties": { "id": 657, "population": 2473, "o_score_pt": 5225.183, "o_score_car": 4261.206, "CDI": -0.102 }, "geometry": { "type": "Polygon", "coordinates": [ [ [ 2.2928, 48.86438 ], [ 2.29507, 48.8636 ], [ 2.2954, 48.86188 ], [ 2.29346, 48.86093 ], [ 2.29119, 48.86171 ], [ 2.29087, 48.86343 ], [ 2.2928, 48.86438 ] ] ] } },
{ "type": "Feature", "properties": { "id": 658, "population": 2182, "o_score_pt": 4804.357, "o_score_car": 3718.819, "CDI": -0.127 }, "geometry": { "type": "Polygon", "coordinates": [ [ [ 2.39753, 48.86324 ], [ 2.39976, 48.86248 ], [ 2.40007, 48.86079 ], [ 2.39818, 48.85986 ], [ 2.39595, 48.86063 ], [ 2.39563, 48.86232 ], [ 2.39753, 48.86324 ] ] ] } },
{ "type": "Feature", "properties": { "id": 659, "population": 2800, "o_score_pt": 5416.467, "o_score_car": 4289.542, "CDI": -0.116 }, "geometry": { "type": "Polygon", "coordinates": [ [ [ 2.32071, 48.88958 ], [ 2.32302, 48.88879 ], [ 2.32335, 48.88704 ], [ 2.32137, 48.88608 ], [ 2.31906, 48.88687 ], [ 2.31873, 48.88862 ], [ 2.32071, 48.88958 ] ] ] } },
{ "type": "Feature", "properties": { "id": 660, "population": 186, "o_score_pt": 2807.508, "o_score_car": 3287.064, "CDI": 0.079 }, "geometry": { "type": "Polygon", "coordinates": [ [ [ 2.25562, 48.86489 ], [ 2.25705, 48.8644 ], [ 2.25727, 48.86326 ], [ 2.25612, 48.8627 ], [ 2.25469, 48.86319 ], [ 2.25447, 48.86433 ], [ 2.25562, 48.86489 ] ] ] } },
{ "type": "Feature", "properties": { "id": 661, "population": 4166, "o_score_pt": 5164.293, "o_score_car": 4071.528, "CDI": -0.118 }, "geometry": { "type": "Polygon", "coordinates": [ [ [ 2.40583, 48.877 ], [ 2.40816, 48.87621 ], [ 2.40849, 48.87444 ], [ 2.4065, 48.87347 ], [ 2.40417, 48.87427 ], [ 2.40384, 48.87603 ], [ 2.40583, 48.877 ] ] ] } },
{ "type": "Feature", "properties": { "id": 662, "population": 5, "o_score_pt": 1918.982, "o_score_car": 3574.495, "CDI": 0.301 }, "geometry": { "type": "Polygon", "coordinates": [ [ [ 2.24476, 48.85291 ], [ 2.24509, 48.85279 ], [ 2.24516, 48.85245 ], [ 2.24507, 48.8524 ], [ 2.24474, 48.85251 ], [ 2.24467, 48.85286 ], [ 2.24476, 48.85291 ] ] ] } },
{ "type": "Feature", "properties": { "id": 663, "population": 1333, "o_score_pt": 4940.562, "o_score_car": 3955.309, "CDI": -0.111 }, "geometry": { "type": "Polygon", "coordinates": [ [ [ 2.26125, 48.8469 ], [ 2.26332, 48.84619 ], [ 2.26362, 48.84461 ], [ 2.26188, 48.84375 ], [ 2.25981, 48.84446 ], [ 2.25951, 48.84604 ], [ 2.26125, 48.8469 ] ] ] } },
{ "type": "Feature", "properties": { "id": 664, "population": 1609, "o_score_pt": 5223.301, "o_score_car": 4230.078, "CDI": -0.105 }, "geometry": { "type": "Polygon", "coordinates": [ [ [ 2.39222, 48.83358 ], [ 2.39435, 48.83286 ], [ 2.39465, 48.83123 ], [ 2.39285, 48.83035 ], [ 2.39072, 48.83108 ], [ 2.39042, 48.83271 ], [ 2.39222, 48.83358 ] ] ] } },
{ "type": "Feature", "properties": { "id": 665, "population": 2817, "o_score_pt": 4498.049, "o_score_car": 4019.918, "CDI": -0.056 }, "geometry": { "type": "Polygon", "coordinates": [ [ [ 2.28321, 48.83462 ], [ 2.28551, 48.83383 ], [ 2.28585, 48.83208 ], [ 2.28387, 48.83112 ], [ 2.28156, 48.83191 ], [ 2.28123, 48.83366 ], [ 2.28321, 48.83462 ] ] ] } },
{ "type": "Feature", "properties": { "id": 666, "population": 0, "o_score_pt": 4272.018, "o_score_car": 3546.787, "CDI": -0.093 }, "geometry": { "type": "Polygon", "coordinates": [ [ [ 2.44931, 48.84231 ], [ 2.44931, 48.84231 ], [ 2.44933, 48.8422 ], [ 2.44933, 48.8422 ], [ 2.44931, 48.84231 ] ] ] } },
{ "type": "Feature", "properties": { "id": 667, "population": 1007, "o_score_pt": 6708.096, "o_score_car": 4674.969, "CDI": -0.179 }, "geometry": { "type": "Polygon", "coordinates": [ [ [ 2.32109, 48.87599 ], [ 2.32306, 48.87532 ], [ 2.32335, 48.8738 ], [ 2.32169, 48.87299 ], [ 2.31971, 48.87367 ], [ 2.31942, 48.87519 ], [ 2.32109, 48.87599 ] ] ] } },
{ "type": "Feature", "properties": { "id": 668, "population": 2227, "o_score_pt": 5457.078, "o_score_car": 4063.778, "CDI": -0.146 }, "geometry": { "type": "Polygon", "coordinates": [ [ [ 2.33801, 48.89023 ], [ 2.34025, 48.88946 ], [ 2.34057, 48.88776 ], [ 2.33866, 48.88684 ], [ 2.33643, 48.8876 ], [ 2.33611, 48.8893 ], [ 2.33801, 48.89023 ] ] ] } },
{ "type": "Feature", "properties": { "id": 669, "population": 1988, "o_score_pt": 4851.004, "o_score_car": 3943.37, "CDI": -0.103 }, "geometry": { "type": "Polygon", "coordinates": [ [ [ 2.32937, 48.88985 ], [ 2.33156, 48.8891 ], [ 2.33188, 48.88743 ], [ 2.33001, 48.88652 ], [ 2.32781, 48.88727 ], [ 2.3275, 48.88894 ], [ 2.32937, 48.88985 ] ] ] } },
{ "type": "Feature", "properties": { "id": 670, "population": 2116, "o_score_pt": 5092.054, "o_score_car": 4016.497, "CDI": -0.118 }, "geometry": { "type": "Polygon", "coordinates": [ [ [ 2.29517, 48.84039 ], [ 2.29739, 48.83963 ], [ 2.29771, 48.83794 ], [ 2.29582, 48.83702 ], [ 2.29361, 48.83778 ], [ 2.29329, 48.83947 ], [ 2.29517, 48.84039 ] ] ] } },
{ "type": "Feature", "properties": { "id": 671, "population": 1712, "o_score_pt": 4787.502, "o_score_car": 4100.533, "CDI": -0.077 }, "geometry": { "type": "Polygon", "coordinates": [ [ [ 2.39056, 48.83086 ], [ 2.3927, 48.83013 ], [ 2.39301, 48.82849 ], [ 2.39119, 48.8276 ], [ 2.38905, 48.82833 ], [ 2.38874, 48.82997 ], [ 2.39056, 48.83086 ] ] ] } },
{ "type": "Feature", "properties": { "id": 672, "population": 25, "o_score_pt": 3575.802, "o_score_car": 3500.006, "CDI": -0.011 }, "geometry": { "type": "Polygon", "coordinates": [ [ [ 2.44747, 48.84012 ], [ 2.44827, 48.83985 ], [ 2.44839, 48.83917 ], [ 2.44785, 48.8389 ], [ 2.44705, 48.83918 ], [ 2.44693, 48.83986 ], [ 2.44747, 48.84012 ] ] ] } },
{ "type": "Feature", "properties": { "id": 673, "population": 1436, "o_score_pt": 4673.336, "o_score_car": 3967.414, "CDI": -0.082 }, "geometry": { "type": "Polygon", "coordinates": [ [ [ 2.25959, 48.84417 ], [ 2.26169, 48.84346 ], [ 2.26199, 48.84186 ], [ 2.26022, 48.841 ], [ 2.25813, 48.84171 ], [ 2.25782, 48.84331 ], [ 2.25959, 48.84417 ] ] ] } },
{ "type": "Feature", "properties": { "id": 674, "population": 8, "o_score_pt": 3240.927, "o_score_car": 3571.872, "CDI": 0.049 }, "geometry": { "type": "Polygon", "coordinates": [ [ [ 2.2547, 48.86945 ], [ 2.25516, 48.86929 ], [ 2.25524, 48.86885 ], [ 2.25502, 48.86875 ], [ 2.25456, 48.8689 ], [ 2.25448, 48.86934 ], [ 2.2547, 48.86945 ] ] ] } },
{ "type": "Feature", "properties": { "id": 675, "population": 2587, "o_score_pt": 5485.268, "o_score_car": 4209.139, "CDI": -0.132 }, "geometry": { "type": "Polygon", "coordinates": [ [ [ 2.2918, 48.86969 ], [ 2.29408, 48.86891 ], [ 2.29441, 48.86718 ], [ 2.29246, 48.86622 ], [ 2.29017, 48.867 ], [ 2.28985, 48.86874 ], [ 2.2918, 48.86969 ] ] ] } },
{ "type": "Feature", "properties": { "id": 676, "population": 2098, "o_score_pt": 4663.215, "o_score_car": 3844.638, "CDI": -0.096 }, "geometry": { "type": "Polygon", "coordinates": [ [ [ 2.39587, 48.8605 ], [ 2.39808, 48.85974 ], [ 2.3984, 48.85805 ], [ 2.39651, 48.85714 ], [ 2.3943, 48.8579 ], [ 2.39398, 48.85958 ], [ 2.39587, 48.8605 ] ] ] } },
{ "type": "Feature", "properties": { "id": 677, "population": 2164, "o_score_pt": 6049.33, "o_score_car": 4440.538, "CDI": -0.153 }, "geometry": { "type": "Polygon", "coordinates": [ [ [ 2.37726, 48.84374 ], [ 2.37949, 48.84298 ], [ 2.3798, 48.84128 ], [ 2.37791, 48.84036 ], [ 2.37569, 48.84112 ], [ 2.37537, 48.84281 ], [ 2.37726, 48.84374 ] ] ] } },
{ "type": "Feature", "properties": { "id": 678, "population": 3367, "o_score_pt": 5484.592, "o_score_car": 4220.721, "CDI": -0.13 }, "geometry": { "type": "Polygon", "coordinates": [ [ [ 2.34499, 48.88791 ], [ 2.34732, 48.88711 ], [ 2.34765, 48.88535 ], [ 2.34566, 48.88438 ], [ 2.34333, 48.88517 ], [ 2.34299, 48.88694 ], [ 2.34499, 48.88791 ] ] ] } },
{ "type": "Feature", "properties": { "id": 679, "population": 2025, "o_score_pt": 5434.462, "o_score_car": 4655.849, "CDI": -0.077 }, "geometry": { "type": "Polygon", "coordinates": [ [ [ 2.34271, 48.84232 ], [ 2.34491, 48.84157 ], [ 2.34523, 48.83989 ], [ 2.34335, 48.83898 ], [ 2.34115, 48.83973 ], [ 2.34083, 48.84141 ], [ 2.34271, 48.84232 ] ] ] } },
{ "type": "Feature", "properties": { "id": 680, "population": 310, "o_score_pt": 2953.014, "o_score_car": 3653.938, "CDI": 0.106 }, "geometry": { "type": "Polygon", "coordinates": [ [ [ 2.2533, 48.85423 ], [ 2.2549, 48.85368 ], [ 2.25514, 48.85243 ], [ 2.25383, 48.8518 ], [ 2.25223, 48.85234 ], [ 2.252, 48.85359 ], [ 2.2533, 48.85423 ] ] ] } },
{ "type": "Feature", "properties": { "id": 681, "population": 3050, "o_score_pt": 5025.185, "o_score_car": 4040.839, "CDI": -0.109 }, "geometry": { "type": "Polygon", "coordinates": [ [ [ 2.40417, 48.87427 ], [ 2.4065, 48.87347 ], [ 2.40683, 48.8717 ], [ 2.40483, 48.87073 ], [ 2.40251, 48.87153 ], [ 2.40218, 48.8733 ], [ 2.40417, 48.87427 ] ] ] } },
{ "type": "Feature", "properties": { "id": 682, "population": 113, "o_score_pt": 2914.695, "o_score_car": 2801.001, "CDI": -0.02 }, "geometry": { "type": "Polygon", "coordinates": [ [ [ 2.45008, 48.83792 ], [ 2.45135, 48.83748 ], [ 2.45154, 48.83646 ], [ 2.45055, 48.83598 ], [ 2.44928, 48.83642 ], [ 2.44909, 48.83744 ], [ 2.45008, 48.83792 ] ] ] } },
{ "type": "Feature", "properties": { "id": 683, "population": 1489, "o_score_pt": 5565.02, "o_score_car": 4368.186, "CDI": -0.12 }, "geometry": { "type": "Polygon", "coordinates": [ [ [ 2.30348, 48.854 ], [ 2.30558, 48.85328 ], [ 2.30589, 48.85168 ], [ 2.30411, 48.85081 ], [ 2.302, 48.85153 ], [ 2.3017, 48.85313 ], [ 2.30348, 48.854 ] ] ] } },
{ "type": "Feature", "properties": { "id": 684, "population": 3788, "o_score_pt": 4778.909, "o_score_car": 4086.373, "CDI": -0.078 }, "geometry": { "type": "Polygon", "coordinates": [ [ [ 2.336, 48.9009 ], [ 2.33833, 48.9001 ], [ 2.33866, 48.89834 ], [ 2.33667, 48.89737 ], [ 2.33434, 48.89816 ], [ 2.334, 48.89993 ], [ 2.336, 48.9009 ] ] ] } },
{ "type": "Feature", "properties": { "id": 685, "population": 72, "o_score_pt": 2651.128, "o_score_car": 3232.474, "CDI": 0.099 }, "geometry": { "type": "Polygon", "coordinates": [ [ [ 2.23733, 48.86924 ], [ 2.23846, 48.86886 ], [ 2.23864, 48.86794 ], [ 2.23778, 48.86752 ], [ 2.23665, 48.86791 ], [ 2.23647, 48.86883 ], [ 2.23733, 48.86924 ] ] ] } },
{ "type": "Feature", "properties": { "id": 686, "population": 2423, "o_score_pt": 4763.422, "o_score_car": 4099.386, "CDI": -0.075 }, "geometry": { "type": "Polygon", "coordinates": [ [ [ 2.30849, 48.82761 ], [ 2.31075, 48.82684 ], [ 2.31107, 48.82512 ], [ 2.30914, 48.82418 ], [ 2.30688, 48.82495 ], [ 2.30656, 48.82667 ], [ 2.30849, 48.82761 ] ] ] } },
{ "type": "Feature", "properties": { "id": 687, "population": 611, "o_score_pt": 4648.433, "o_score_car": 3459.891, "CDI": -0.147 }, "geometry": { "type": "Polygon", "coordinates": [ [ [ 2.44041, 48.84329 ], [ 2.44222, 48.84266 ], [ 2.44248, 48.84126 ], [ 2.44098, 48.84053 ], [ 2.43916, 48.84115 ], [ 2.4389, 48.84255 ], [ 2.44041, 48.84329 ] ] ] } },
{ "type": "Feature", "properties": { "id": 688, "population": 4216, "o_score_pt": 5101.2, "o_score_car": 4094.77, "CDI": -0.109 }, "geometry": { "type": "Polygon", "coordinates": [ [ [ 2.41513, 48.85068 ], [ 2.41745, 48.84988 ], [ 2.41778, 48.84811 ], [ 2.41579, 48.84714 ], [ 2.41346, 48.84794 ], [ 2.41313, 48.84971 ], [ 2.41513, 48.85068 ] ] ] } },
{ "type": "Feature", "properties": { "id": 689, "population": 2441, "o_score_pt": 5536.948, "o_score_car": 4392.57, "CDI": -0.115 }, "geometry": { "type": "Polygon", "coordinates": [ [ [ 2.38723, 48.86019 ], [ 2.38949, 48.85941 ], [ 2.38981, 48.85769 ], [ 2.38788, 48.85675 ], [ 2.38562, 48.85753 ], [ 2.38529, 48.85925 ], [ 2.38723, 48.86019 ] ] ] } },
{ "type": "Feature", "properties": { "id": 690, "population": 2580, "o_score_pt": 5455.842, "o_score_car": 4133.674, "CDI": -0.138 }, "geometry": { "type": "Polygon", "coordinates": [ [ [ 2.33635, 48.88753 ], [ 2.33863, 48.88675 ], [ 2.33896, 48.88501 ], [ 2.33701, 48.88406 ], [ 2.33472, 48.88484 ], [ 2.3344, 48.88658 ], [ 2.33635, 48.88753 ] ] ] } },
{ "type": "Feature", "properties": { "id": 691, "population": 995, "o_score_pt": 5950.267, "o_score_car": 4462.734, "CDI": -0.143 }, "geometry": { "type": "Polygon", "coordinates": [ [ [ 2.31244, 48.87564 ], [ 2.31441, 48.87497 ], [ 2.3147, 48.87345 ], [ 2.31304, 48.87264 ], [ 2.31107, 48.87332 ], [ 2.31078, 48.87483 ], [ 2.31244, 48.87564 ] ] ] } },
{ "type": "Feature", "properties": { "id": 692, "population": 2391, "o_score_pt": 4733.792, "o_score_car": 3998.4, "CDI": -0.084 }, "geometry": { "type": "Polygon", "coordinates": [ [ [ 2.39554, 48.87387 ], [ 2.39779, 48.87309 ], [ 2.39811, 48.87138 ], [ 2.39619, 48.87044 ], [ 2.39393, 48.87121 ], [ 2.39361, 48.87293 ], [ 2.39554, 48.87387 ] ] ] } },
{ "type": "Feature", "properties": { "id": 693, "population": 176, "o_score_pt": 3609.095, "o_score_car": 4043.864, "CDI": 0.057 }, "geometry": { "type": "Polygon", "coordinates": [ [ [ 2.25929, 48.85701 ], [ 2.26071, 48.85652 ], [ 2.26093, 48.8554 ], [ 2.2598, 48.85485 ], [ 2.25838, 48.85534 ], [ 2.25817, 48.85646 ], [ 2.25929, 48.85701 ] ] ] } },
{ "type": "Feature", "properties": { "id": 694, "population": 133, "o_score_pt": 3155.092, "o_score_car": 3408.075, "CDI": 0.039 }, "geometry": { "type": "Polygon", "coordinates": [ [ [ 2.24596, 48.86975 ], [ 2.24729, 48.8693 ], [ 2.2475, 48.86824 ], [ 2.24645, 48.86773 ], [ 2.24512, 48.86818 ], [ 2.24492, 48.86924 ], [ 2.24596, 48.86975 ] ] ] } },
{ "type": "Feature", "properties": { "id": 695, "population": 26, "o_score_pt": 2737.949, "o_score_car": 3159.159, "CDI": 0.071 }, "geometry": { "type": "Polygon", "coordinates": [ [ [ 2.23506, 48.85822 ], [ 2.23587, 48.85794 ], [ 2.236, 48.85725 ], [ 2.23545, 48.85698 ], [ 2.23464, 48.85726 ], [ 2.2345, 48.85795 ], [ 2.23506, 48.85822 ] ] ] } },
{ "type": "Feature", "properties": { "id": 696, "population": 3802, "o_score_pt": 5359.568, "o_score_car": 4265.837, "CDI": -0.114 }, "geometry": { "type": "Polygon", "coordinates": [ [ [ 2.40649, 48.85033 ], [ 2.40881, 48.84953 ], [ 2.40915, 48.84777 ], [ 2.40715, 48.8468 ], [ 2.40483, 48.84759 ], [ 2.4045, 48.84936 ], [ 2.40649, 48.85033 ] ] ] } },
{ "type": "Feature", "properties": { "id": 697, "population": 2990, "o_score_pt": 5669.401, "o_score_car": 4301.484, "CDI": -0.137 }, "geometry": { "type": "Polygon", "coordinates": [ [ [ 2.3018, 48.85143 ], [ 2.30413, 48.85064 ], [ 2.30446, 48.84887 ], [ 2.30247, 48.8479 ], [ 2.30014, 48.84869 ], [ 2.2998, 48.85046 ], [ 2.3018, 48.85143 ] ] ] } },
{ "type": "Feature", "properties": { "id": 698, "population": 3817, "o_score_pt": 5083.82, "o_score_car": 4220.516, "CDI": -0.093 }, "geometry": { "type": "Polygon", "coordinates": [ [ [ 2.34465, 48.90125 ], [ 2.34698, 48.90045 ], [ 2.34731, 48.89869 ], [ 2.34531, 48.89772 ], [ 2.34299, 48.89851 ], [ 2.34265, 48.90028 ], [ 2.34465, 48.90125 ] ] ] } },
{ "type": "Feature", "properties": { "id": 699, "population": 2875, "o_score_pt": 5561.846, "o_score_car": 4251.105, "CDI": -0.134 }, "geometry": { "type": "Polygon", "coordinates": [ [ [ 2.31105, 48.89454 ], [ 2.31337, 48.89375 ], [ 2.3137, 48.89199 ], [ 2.31172, 48.89102 ], [ 2.3094, 48.89182 ], [ 2.30907, 48.89357 ], [ 2.31105, 48.89454 ] ] ] } },
{ "type": "Feature", "properties": { "id": 700, "population": 2409, "o_score_pt": 4498.907, "o_score_car": 4226.583, "CDI": -0.031 }, "geometry": { "type": "Polygon", "coordinates": [ [ [ 2.31713, 48.82796 ], [ 2.31938, 48.82719 ], [ 2.31971, 48.82547 ], [ 2.31778, 48.82453 ], [ 2.31553, 48.8253 ], [ 2.3152, 48.82702 ], [ 2.31713, 48.82796 ] ] ] } },
{ "type": "Feature", "properties": { "id": 701, "population": 2726, "o_score_pt": 6850.76, "o_score_car": 4707.872, "CDI": -0.185 }, "geometry": { "type": "Polygon", "coordinates": [ [ [ 2.34634, 48.86925 ], [ 2.34863, 48.86846 ], [ 2.34896, 48.86672 ], [ 2.347, 48.86576 ], [ 2.3447, 48.86655 ], [ 2.34437, 48.86829 ], [ 2.34634, 48.86925 ] ] ] } },
{ "type": "Feature", "properties": { "id": 702, "population": 1217, "o_score_pt": 4407.202, "o_score_car": 3866.039, "CDI": -0.065 }, "geometry": { "type": "Polygon", "coordinates": [ [ [ 2.2712, 48.86332 ], [ 2.27324, 48.86262 ], [ 2.27354, 48.86106 ], [ 2.27182, 48.86022 ], [ 2.26978, 48.86092 ], [ 2.26948, 48.86248 ], [ 2.2712, 48.86332 ] ] ] } },
{ "type": "Feature", "properties": { "id": 703, "population": 3230, "o_score_pt": 4761.64, "o_score_car": 4136.494, "CDI": -0.07 }, "geometry": { "type": "Polygon", "coordinates": [ [ [ 2.29019, 48.83225 ], [ 2.29252, 48.83146 ], [ 2.29285, 48.82969 ], [ 2.29086, 48.82872 ], [ 2.28853, 48.82951 ], [ 2.2882, 48.83128 ], [ 2.29019, 48.83225 ] ] ] } },
{ "type": "Feature", "properties": { "id": 704, "population": 93, "o_score_pt": 1681.336, "o_score_car": 3550.74, "CDI": 0.357 }, "geometry": { "type": "Polygon", "coordinates": [ [ [ 2.23171, 48.85304 ], [ 2.23292, 48.85262 ], [ 2.23311, 48.85165 ], [ 2.23217, 48.85119 ], [ 2.23096, 48.85161 ], [ 2.23077, 48.85258 ], [ 2.23171, 48.85304 ] ] ] } },
{ "type": "Feature", "properties": { "id": 705, "population": 3171, "o_score_pt": 4697.265, "o_score_car": 3928.966, "CDI": -0.089 }, "geometry": { "type": "Polygon", "coordinates": [ [ [ 2.3942, 48.89256 ], [ 2.39653, 48.89176 ], [ 2.39686, 48.88999 ], [ 2.39487, 48.88902 ], [ 2.39254, 48.88982 ], [ 2.39221, 48.89159 ], [ 2.3942, 48.89256 ] ] ] } },
{ "type": "Feature", "properties": { "id": 706, "population": 3201, "o_score_pt": 4968.497, "o_score_car": 3981.825, "CDI": -0.11 }, "geometry": { "type": "Polygon", "coordinates": [ [ [ 2.38024, 48.89734 ], [ 2.38256, 48.89654 ], [ 2.3829, 48.89477 ], [ 2.3809, 48.8938 ], [ 2.37857, 48.8946 ], [ 2.37824, 48.89637 ], [ 2.38024, 48.89734 ] ] ] } },
{ "type": "Feature", "properties": { "id": 707, "population": 17, "o_score_pt": 2402.554, "o_score_car": 3288.33, "CDI": 0.156 }, "geometry": { "type": "Polygon", "coordinates": [ [ [ 2.44514, 48.82926 ], [ 2.44582, 48.82903 ], [ 2.44594, 48.82843 ], [ 2.44551, 48.82822 ], [ 2.44483, 48.82846 ], [ 2.44472, 48.82906 ], [ 2.44514, 48.82926 ] ] ] } },
{ "type": "Feature", "properties": { "id": 708, "population": 2252, "o_score_pt": 6350.339, "o_score_car": 4413.247, "CDI": -0.18 }, "geometry": { "type": "Polygon", "coordinates": [ [ [ 2.39354, 48.84974 ], [ 2.39578, 48.84898 ], [ 2.3961, 48.84727 ], [ 2.39419, 48.84635 ], [ 2.39195, 48.84711 ], [ 2.39163, 48.84881 ], [ 2.39354, 48.84974 ] ] ] } },
{ "type": "Feature", "properties": { "id": 709, "population": 916, "o_score_pt": 6008.127, "o_score_car": 4412.536, "CDI": -0.153 }, "geometry": { "type": "Polygon", "coordinates": [ [ [ 2.29947, 48.87509 ], [ 2.30142, 48.87443 ], [ 2.3017, 48.87293 ], [ 2.30007, 48.87213 ], [ 2.29812, 48.8728 ], [ 2.29784, 48.8743 ], [ 2.29947, 48.87509 ] ] ] } },
{ "type": "Feature", "properties": { "id": 710, "population": 1114, "o_score_pt": 5695.887, "o_score_car": 4544.48, "CDI": -0.112 }, "geometry": { "type": "Polygon", "coordinates": [ [ [ 2.31012, 48.86489 ], [ 2.31213, 48.8642 ], [ 2.31242, 48.86266 ], [ 2.31073, 48.86184 ], [ 2.30872, 48.86252 ], [ 2.30843, 48.86406 ], [ 2.31012, 48.86489 ] ] ] } },
{ "type": "Feature", "properties": { "id": 711, "population": 2793, "o_score_pt": 5620.328, "o_score_car": 4452.993, "CDI": -0.116 }, "geometry": { "type": "Polygon", "coordinates": [ [ [ 2.36098, 48.8378 ], [ 2.36328, 48.83701 ], [ 2.36361, 48.83526 ], [ 2.36164, 48.8343 ], [ 2.35934, 48.83509 ], [ 2.35901, 48.83684 ], [ 2.36098, 48.8378 ] ] ] } },
{ "type": "Feature", "properties": { "id": 712, "population": 2238, "o_score_pt": 5873.96, "o_score_car": 4364.812, "CDI": -0.147 }, "geometry": { "type": "Polygon", "coordinates": [ [ [ 2.37892, 48.84648 ], [ 2.38116, 48.84572 ], [ 2.38148, 48.84402 ], [ 2.37957, 48.84309 ], [ 2.37734, 48.84385 ], [ 2.37702, 48.84555 ], [ 2.37892, 48.84648 ] ] ] } },
{ "type": "Feature", "properties": { "id": 713, "population": 2445, "o_score_pt": 5607.525, "o_score_car": 4312.761, "CDI": -0.131 }, "geometry": { "type": "Polygon", "coordinates": [ [ [ 2.33303, 48.88204 ], [ 2.33529, 48.88126 ], [ 2.33562, 48.87954 ], [ 2.33368, 48.8786 ], [ 2.33142, 48.87938 ], [ 2.33109, 48.8811 ], [ 2.33303, 48.88204 ] ] ] } },
{ "type": "Feature", "properties": { "id": 714, "population": 3622, "o_score_pt": 5657.654, "o_score_car": 4380.194, "CDI": -0.127 }, "geometry": { "type": "Polygon", "coordinates": [ [ [ 2.3839, 48.85476 ], [ 2.38622, 48.85397 ], [ 2.38656, 48.8522 ], [ 2.38456, 48.85123 ], [ 2.38224, 48.85203 ], [ 2.3819, 48.85379 ], [ 2.3839, 48.85476 ] ] ] } },
{ "type": "Feature", "properties": { "id": 715, "population": 2651, "o_score_pt": 5509.237, "o_score_car": 4072.366, "CDI": -0.15 }, "geometry": { "type": "Polygon", "coordinates": [ [ [ 2.29316, 48.85105 ], [ 2.29545, 48.85027 ], [ 2.29578, 48.84853 ], [ 2.29382, 48.84757 ], [ 2.29153, 48.84835 ], [ 2.2912, 48.85009 ], [ 2.29316, 48.85105 ] ] ] } },
{ "type": "Feature", "properties": { "id": 716, "population": 2588, "o_score_pt": 4788.278, "o_score_car": 3884.141, "CDI": -0.104 }, "geometry": { "type": "Polygon", "coordinates": [ [ [ 2.28487, 48.83734 ], [ 2.28715, 48.83656 ], [ 2.28748, 48.83483 ], [ 2.28553, 48.83388 ], [ 2.28325, 48.83466 ], [ 2.28292, 48.83639 ], [ 2.28487, 48.83734 ] ] ] } },
{ "type": "Feature", "properties": { "id": 717, "population": 3129, "o_score_pt": 4323.59, "o_score_car": 4021.0, "CDI": -0.036 }, "geometry": { "type": "Polygon", "coordinates": [ [ [ 2.29883, 48.83261 ], [ 2.30116, 48.83181 ], [ 2.3015, 48.83005 ], [ 2.2995, 48.82907 ], [ 2.29717, 48.82987 ], [ 2.29684, 48.83164 ], [ 2.29883, 48.83261 ] ] ] } },
{ "type": "Feature", "properties": { "id": 718, "population": 3246, "o_score_pt": 5553.818, "o_score_car": 4097.551, "CDI": -0.151 }, "geometry": { "type": "Polygon", "coordinates": [ [ [ 2.30712, 48.84631 ], [ 2.30945, 48.84551 ], [ 2.30979, 48.84374 ], [ 2.30779, 48.84277 ], [ 2.30547, 48.84357 ], [ 2.30513, 48.84534 ], [ 2.30712, 48.84631 ] ] ] } },
{ "type": "Feature", "properties": { "id": 719, "population": 3617, "o_score_pt": 5162.848, "o_score_car": 4171.903, "CDI": -0.106 }, "geometry": { "type": "Polygon", "coordinates": [ [ [ 2.40749, 48.87974 ], [ 2.40982, 48.87894 ], [ 2.41015, 48.87718 ], [ 2.40816, 48.87621 ], [ 2.40583, 48.877 ], [ 2.4055, 48.87877 ], [ 2.40749, 48.87974 ] ] ] } },
{ "type": "Feature", "properties": { "id": 720, "population": 537, "o_score_pt": 3179.551, "o_score_car": 3597.292, "CDI": 0.062 }, "geometry": { "type": "Polygon", "coordinates": [ [ [ 2.25789, 48.87593 ], [ 2.25967, 48.87532 ], [ 2.25993, 48.87395 ], [ 2.25846, 48.87323 ], [ 2.25668, 48.87384 ], [ 2.25642, 48.87521 ], [ 2.25789, 48.87593 ] ] ] } },
{ "type": "Feature", "properties": { "id": 721, "population": 1208, "o_score_pt": 5171.369, "o_score_car": 4149.97, "CDI": -0.11 }, "geometry": { "type": "Polygon", "coordinates": [ [ [ 2.40684, 48.83677 ], [ 2.40888, 48.83607 ], [ 2.40917, 48.83451 ], [ 2.40745, 48.83368 ], [ 2.40542, 48.83438 ], [ 2.40513, 48.83594 ], [ 2.40684, 48.83677 ] ] ] } },
{ "type": "Feature", "properties": { "id": 722, "population": 2268, "o_score_pt": 6823.453, "o_score_car": 4741.485, "CDI": -0.18 }, "geometry": { "type": "Polygon", "coordinates": [ [ [ 2.32805, 48.8738 ], [ 2.33029, 48.87304 ], [ 2.33061, 48.87134 ], [ 2.3287, 48.87041 ], [ 2.32646, 48.87117 ], [ 2.32614, 48.87287 ], [ 2.32805, 48.8738 ] ] ] } },
{ "type": "Feature", "properties": { "id": 723, "population": 1579, "o_score_pt": 4955.304, "o_score_car": 3953.011, "CDI": -0.113 }, "geometry": { "type": "Polygon", "coordinates": [ [ [ 2.27984, 48.86373 ], [ 2.28197, 48.86301 ], [ 2.28228, 48.86139 ], [ 2.28048, 48.86051 ], [ 2.27835, 48.86124 ], [ 2.27805, 48.86286 ], [ 2.27984, 48.86373 ] ] ] } },
{ "type": "Feature", "properties": { "id": 724, "population": 1975, "o_score_pt": 4913.657, "o_score_car": 4259.674, "CDI": -0.071 }, "geometry": { "type": "Polygon", "coordinates": [ [ [ 2.33103, 48.89259 ], [ 2.33322, 48.89184 ], [ 2.33354, 48.89016 ], [ 2.33167, 48.88925 ], [ 2.32948, 48.89001 ], [ 2.32916, 48.89168 ], [ 2.33103, 48.89259 ] ] ] } },
{ "type": "Feature", "properties": { "id": 725, "population": 2340, "o_score_pt": 4999.159, "o_score_car": 4144.409, "CDI": -0.093 }, "geometry": { "type": "Polygon", "coordinates": [ [ [ 2.30547, 48.84351 ], [ 2.30772, 48.84274 ], [ 2.30805, 48.84103 ], [ 2.30613, 48.84009 ], [ 2.30388, 48.84086 ], [ 2.30355, 48.84257 ], [ 2.30547, 48.84351 ] ] ] } },
{ "type": "Feature", "properties": { "id": 726, "population": 1490, "o_score_pt": 6179.236, "o_score_car": 4289.578, "CDI": -0.181 }, "geometry": { "type": "Polygon", "coordinates": [ [ [ 2.30514, 48.85674 ], [ 2.30724, 48.85602 ], [ 2.30754, 48.85441 ], [ 2.30576, 48.85355 ], [ 2.30366, 48.85427 ], [ 2.30335, 48.85587 ], [ 2.30514, 48.85674 ] ] ] } },
{ "type": "Feature", "properties": { "id": 727, "population": 156, "o_score_pt": 2560.068, "o_score_car": 2981.842, "CDI": 0.076 }, "geometry": { "type": "Polygon", "coordinates": [ [ [ 2.45039, 48.82466 ], [ 2.45176, 48.82419 ], [ 2.45197, 48.8231 ], [ 2.45088, 48.82257 ], [ 2.4495, 48.82304 ], [ 2.4493, 48.82413 ], [ 2.45039, 48.82466 ] ] ] } },
{ "type": "Feature", "properties": { "id": 728, "population": 1549, "o_score_pt": 6780.957, "o_score_car": 4724.134, "CDI": -0.179 }, "geometry": { "type": "Polygon", "coordinates": [ [ [ 2.35001, 48.86125 ], [ 2.35213, 48.86052 ], [ 2.35244, 48.85891 ], [ 2.35064, 48.85803 ], [ 2.34853, 48.85876 ], [ 2.34822, 48.86037 ], [ 2.35001, 48.86125 ] ] ] } },
{ "type": "Feature", "properties": { "id": 729, "population": 2312, "o_score_pt": 6687.905, "o_score_car": 4723.613, "CDI": -0.172 }, "geometry": { "type": "Polygon", "coordinates": [ [ [ 2.33669, 48.87416 ], [ 2.33894, 48.87339 ], [ 2.33926, 48.87168 ], [ 2.33735, 48.87075 ], [ 2.3351, 48.87152 ], [ 2.33478, 48.87323 ], [ 2.33669, 48.87416 ] ] ] } },
{ "type": "Feature", "properties": { "id": 730, "population": 2157, "o_score_pt": 6269.459, "o_score_car": 4517.533, "CDI": -0.162 }, "geometry": { "type": "Polygon", "coordinates": [ [ [ 2.32708, 48.84437 ], [ 2.32931, 48.84361 ], [ 2.32963, 48.84192 ], [ 2.32773, 48.841 ], [ 2.32551, 48.84176 ], [ 2.32519, 48.84345 ], [ 2.32708, 48.84437 ] ] ] } },
{ "type": "Feature", "properties": { "id": 731, "population": 1222, "o_score_pt": 6360.135, "o_score_car": 4450.615, "CDI": -0.177 }, "geometry": { "type": "Polygon", "coordinates": [ [ [ 2.31379, 48.85705 ], [ 2.31583, 48.85635 ], [ 2.31612, 48.85479 ], [ 2.3144, 48.85395 ], [ 2.31236, 48.85465 ], [ 2.31207, 48.85621 ], [ 2.31379, 48.85705 ] ] ] } },
{ "type": "Feature", "properties": { "id": 732, "population": 1516, "o_score_pt": 5929.918, "o_score_car": 4108.202, "CDI": -0.181 }, "geometry": { "type": "Polygon", "coordinates": [ [ [ 2.39721, 48.84178 ], [ 2.39931, 48.84106 ], [ 2.39962, 48.83945 ], [ 2.39783, 48.83858 ], [ 2.39572, 48.8393 ], [ 2.39542, 48.84091 ], [ 2.39721, 48.84178 ] ] ] } },
{ "type": "Feature", "properties": { "id": 733, "population": 143, "o_score_pt": 3152.423, "o_score_car": 3154.234, "CDI": 0.0 }, "geometry": { "type": "Polygon", "coordinates": [ [ [ 2.26161, 48.86774 ], [ 2.26296, 48.86728 ], [ 2.26316, 48.86621 ], [ 2.2621, 48.86569 ], [ 2.26075, 48.86615 ], [ 2.26054, 48.86722 ], [ 2.26161, 48.86774 ] ] ] } },
{ "type": "Feature", "properties": { "id": 734, "population": 3299, "o_score_pt": 4284.077, "o_score_car": 4111.191, "CDI": -0.021 }, "geometry": { "type": "Polygon", "coordinates": [ [ [ 2.39786, 48.88469 ], [ 2.40018, 48.8839 ], [ 2.40052, 48.88213 ], [ 2.39852, 48.88116 ], [ 2.39619, 48.88196 ], [ 2.39586, 48.88372 ], [ 2.39786, 48.88469 ] ] ] } },
{ "type": "Feature", "properties": { "id": 735, "population": 388, "o_score_pt": 3503.072, "o_score_car": 3829.912, "CDI": 0.045 }, "geometry": { "type": "Polygon", "coordinates": [ [ [ 2.42747, 48.84266 ], [ 2.42914, 48.84209 ], [ 2.42938, 48.84079 ], [ 2.42801, 48.84012 ], [ 2.42634, 48.84069 ], [ 2.4261, 48.84199 ], [ 2.42747, 48.84266 ] ] ] } },
{ "type": "Feature", "properties": { "id": 736, "population": 1147, "o_score_pt": 5066.433, "o_score_car": 4242.154, "CDI": -0.089 }, "geometry": { "type": "Polygon", "coordinates": [ [ [ 2.40087, 48.83385 ], [ 2.40288, 48.83316 ], [ 2.40317, 48.83161 ], [ 2.40147, 48.83078 ], [ 2.39946, 48.83147 ], [ 2.39917, 48.83302 ], [ 2.40087, 48.83385 ] ] ] } },
{ "type": "Feature", "properties": { "id": 737, "population": 3297, "o_score_pt": 4803.447, "o_score_car": 4163.477, "CDI": -0.071 }, "geometry": { "type": "Polygon", "coordinates": [ [ [ 2.32735, 48.90055 ], [ 2.32968, 48.89975 ], [ 2.33001, 48.89799 ], [ 2.32802, 48.89702 ], [ 2.32569, 48.89781 ], [ 2.32535, 48.89958 ], [ 2.32735, 48.90055 ] ] ] } },
{ "type": "Feature", "properties": { "id": 738, "population": 3108, "o_score_pt": 4319.733, "o_score_car": 3945.891, "CDI": -0.045 }, "geometry": { "type": "Polygon", "coordinates": [ [ [ 2.29185, 48.83499 ], [ 2.29418, 48.8342 ], [ 2.29451, 48.83243 ], [ 2.29252, 48.83146 ], [ 2.29019, 48.83225 ], [ 2.28985, 48.83402 ], [ 2.29185, 48.83499 ] ] ] } },
{ "type": "Feature", "properties": { "id": 739, "population": 73, "o_score_pt": 2750.487, "o_score_car": 3292.357, "CDI": 0.09 }, "geometry": { "type": "Polygon", "coordinates": [ [ [ 2.44677, 48.83234 ], [ 2.4479, 48.83195 ], [ 2.44807, 48.83103 ], [ 2.44721, 48.83061 ], [ 2.44608, 48.831 ], [ 2.4459, 48.83193 ], [ 2.44677, 48.83234 ] ] ] } },
{ "type": "Feature", "properties": { "id": 740, "population": 1819, "o_score_pt": 5399.694, "o_score_car": 4249.673, "CDI": -0.119 }, "geometry": { "type": "Polygon", "coordinates": [ [ [ 2.3869, 48.83874 ], [ 2.38907, 48.838 ], [ 2.38938, 48.83635 ], [ 2.38754, 48.83545 ], [ 2.38537, 48.83619 ], [ 2.38506, 48.83784 ], [ 2.3869, 48.83874 ] ] ] } },
{ "type": "Feature", "properties": { "id": 741, "population": 1529, "o_score_pt": 5882.34, "o_score_car": 4435.069, "CDI": -0.14 }, "geometry": { "type": "Polygon", "coordinates": [ [ [ 2.30146, 48.86461 ], [ 2.30358, 48.86389 ], [ 2.30388, 48.86228 ], [ 2.3021, 48.86141 ], [ 2.29998, 48.86213 ], [ 2.29968, 48.86374 ], [ 2.30146, 48.86461 ] ] ] } },
{ "type": "Feature", "properties": { "id": 742, "population": 3333, "o_score_pt": 5619.517, "o_score_car": 4304.114, "CDI": -0.133 }, "geometry": { "type": "Polygon", "coordinates": [ [ [ 2.39254, 48.85511 ], [ 2.39486, 48.85431 ], [ 2.39519, 48.85255 ], [ 2.3932, 48.85158 ], [ 2.39088, 48.85237 ], [ 2.39054, 48.85414 ], [ 2.39254, 48.85511 ] ] ] } },
{ "type": "Feature", "properties": { "id": 743, "population": 1927, "o_score_pt": 5409.686, "o_score_car": 4508.586, "CDI": -0.091 }, "geometry": { "type": "Polygon", "coordinates": [ [ [ 2.33939, 48.83683 ], [ 2.34158, 48.83608 ], [ 2.34189, 48.83442 ], [ 2.34003, 48.83351 ], [ 2.33785, 48.83426 ], [ 2.33753, 48.83592 ], [ 2.33939, 48.83683 ] ] ] } },
{ "type": "Feature", "properties": { "id": 744, "population": 1016, "o_score_pt": 6156.172, "o_score_car": 4362.478, "CDI": -0.171 }, "geometry": { "type": "Polygon", "coordinates": [ [ [ 2.32441, 48.88147 ], [ 2.32639, 48.8808 ], [ 2.32668, 48.87928 ], [ 2.32501, 48.87847 ], [ 2.32303, 48.87914 ], [ 2.32274, 48.88066 ], [ 2.32441, 48.88147 ] ] ] } },
{ "type": "Feature", "properties": { "id": 745, "population": 970, "o_score_pt": 5963.525, "o_score_car": 4700.731, "CDI": -0.118 }, "geometry": { "type": "Polygon", "coordinates": [ [ [ 2.31777, 48.87051 ], [ 2.31973, 48.86984 ], [ 2.32002, 48.86833 ], [ 2.31837, 48.86752 ], [ 2.3164, 48.86819 ], [ 2.31612, 48.8697 ], [ 2.31777, 48.87051 ] ] ] } },
{ "type": "Feature", "properties": { "id": 746, "population": 3091, "o_score_pt": 4764.61, "o_score_car": 4148.735, "CDI": -0.069 }, "geometry": { "type": "Polygon", "coordinates": [ [ [ 2.32302, 48.90038 ], [ 2.32535, 48.89958 ], [ 2.32569, 48.89781 ], [ 2.32369, 48.89684 ], [ 2.32136, 48.89764 ], [ 2.32103, 48.8994 ], [ 2.32302, 48.90038 ] ] ] } },
{ "type": "Feature", "properties": { "id": 747, "population": 57, "o_score_pt": 2819.884, "o_score_car": 3474.413, "CDI": 0.104 }, "geometry": { "type": "Polygon", "coordinates": [ [ [ 2.24765, 48.87229 ], [ 2.24871, 48.87193 ], [ 2.24887, 48.87106 ], [ 2.24809, 48.87068 ], [ 2.24702, 48.87104 ], [ 2.24686, 48.8719 ], [ 2.24765, 48.87229 ] ] ] } },
{ "type": "Feature", "properties": { "id": 748, "population": 378, "o_score_pt": 3615.366, "o_score_car": 3691.346, "CDI": 0.01 }, "geometry": { "type": "Polygon", "coordinates": [ [ [ 2.41053, 48.82862 ], [ 2.41219, 48.82806 ], [ 2.41243, 48.82676 ], [ 2.41107, 48.8261 ], [ 2.40941, 48.82667 ], [ 2.40917, 48.82796 ], [ 2.41053, 48.82862 ] ] ] } },
{ "type": "Feature", "properties": { "id": 749, "population": 244, "o_score_pt": 2368.439, "o_score_car": 3216.4, "CDI": 0.152 }, "geometry": { "type": "Polygon", "coordinates": [ [ [ 2.44871, 48.82203 ], [ 2.45023, 48.82151 ], [ 2.45045, 48.82032 ], [ 2.44923, 48.81972 ], [ 2.44771, 48.82024 ], [ 2.44749, 48.82144 ], [ 2.44871, 48.82203 ] ] ] } },
{ "type": "Feature", "properties": { "id": 750, "population": 217, "o_score_pt": 2697.961, "o_score_car": 3242.641, "CDI": 0.092 }, "geometry": { "type": "Polygon", "coordinates": [ [ [ 2.46732, 48.83876 ], [ 2.4688, 48.83825 ], [ 2.46902, 48.83709 ], [ 2.46783, 48.83651 ], [ 2.46635, 48.83702 ], [ 2.46613, 48.83818 ], [ 2.46732, 48.83876 ] ] ] } },
{ "type": "Feature", "properties": { "id": 751, "population": 3243, "o_score_pt": 6212.542, "o_score_car": 4633.19, "CDI": -0.146 }, "geometry": { "type": "Polygon", "coordinates": [ [ [ 2.36196, 48.86723 ], [ 2.36429, 48.86644 ], [ 2.36462, 48.86467 ], [ 2.36263, 48.8637 ], [ 2.3603, 48.8645 ], [ 2.35997, 48.86626 ], [ 2.36196, 48.86723 ] ] ] } },
{ "type": "Feature", "properties": { "id": 752, "population": 3022, "o_score_pt": 6431.384, "o_score_car": 4597.353, "CDI": -0.166 }, "geometry": { "type": "Polygon", "coordinates": [ [ [ 2.34865, 48.88005 ], [ 2.35098, 48.87925 ], [ 2.35132, 48.87748 ], [ 2.34932, 48.87651 ], [ 2.34699, 48.87731 ], [ 2.34666, 48.87908 ], [ 2.34865, 48.88005 ] ] ] } },
{ "type": "Feature", "properties": { "id": 753, "population": 1450, "o_score_pt": 5948.152, "o_score_car": 4460.177, "CDI": -0.143 }, "geometry": { "type": "Polygon", "coordinates": [ [ [ 2.31976, 48.86 ], [ 2.32186, 48.85929 ], [ 2.32216, 48.85769 ], [ 2.32039, 48.85682 ], [ 2.31829, 48.85754 ], [ 2.31799, 48.85914 ], [ 2.31976, 48.86 ] ] ] } },
{ "type": "Feature", "properties": { "id": 754, "population": 1337, "o_score_pt": 4980.435, "o_score_car": 4355.038, "CDI": -0.067 }, "geometry": { "type": "Polygon", "coordinates": [ [ [ 2.29549, 48.86166 ], [ 2.29756, 48.86096 ], [ 2.29786, 48.85937 ], [ 2.29611, 48.85852 ], [ 2.29404, 48.85923 ], [ 2.29374, 48.86081 ], [ 2.29549, 48.86166 ] ] ] } },
{ "type": "Feature", "properties": { "id": 755, "population": 3713, "o_score_pt": 4803.845, "o_score_car": 3764.433, "CDI": -0.121 }, "geometry": { "type": "Polygon", "coordinates": [ [ [ 2.35696, 48.89373 ], [ 2.35929, 48.89294 ], [ 2.35962, 48.89117 ], [ 2.35763, 48.8902 ], [ 2.3553, 48.891 ], [ 2.35496, 48.89276 ], [ 2.35696, 48.89373 ] ] ] } },
{ "type": "Feature", "properties": { "id": 756, "population": 2689, "o_score_pt": 5680.702, "o_score_car": 4383.625, "CDI": -0.129 }, "geometry": { "type": "Polygon", "coordinates": [ [ [ 2.30879, 48.84902 ], [ 2.31108, 48.84824 ], [ 2.31141, 48.84649 ], [ 2.30945, 48.84554 ], [ 2.30716, 48.84632 ], [ 2.30683, 48.84806 ], [ 2.30879, 48.84902 ] ] ] } },
{ "type": "Feature", "properties": { "id": 757, "population": 2876, "o_score_pt": 4937.714, "o_score_car": 4144.495, "CDI": -0.087 }, "geometry": { "type": "Polygon", "coordinates": [ [ [ 2.32136, 48.89763 ], [ 2.32368, 48.89684 ], [ 2.32401, 48.89508 ], [ 2.32203, 48.89411 ], [ 2.31971, 48.8949 ], [ 2.31938, 48.89666 ], [ 2.32136, 48.89763 ] ] ] } },
{ "type": "Feature", "properties": { "id": 758, "population": 2001, "o_score_pt": 3475.405, "o_score_car": 3975.422, "CDI": 0.067 }, "geometry": { "type": "Polygon", "coordinates": [ [ [ 2.26326, 48.83639 ], [ 2.26546, 48.83564 ], [ 2.26578, 48.83396 ], [ 2.26391, 48.83305 ], [ 2.26171, 48.8338 ], [ 2.26139, 48.83548 ], [ 2.26326, 48.83639 ] ] ] } },
{ "type": "Feature", "properties": { "id": 759, "population": 64, "o_score_pt": 2378.764, "o_score_car": 3763.351, "CDI": 0.225 }, "geometry": { "type": "Polygon", "coordinates": [ [ [ 2.41921, 48.82854 ], [ 2.42031, 48.82817 ], [ 2.42047, 48.82727 ], [ 2.41965, 48.82687 ], [ 2.41856, 48.82725 ], [ 2.41839, 48.82814 ], [ 2.41921, 48.82854 ] ] ] } },
{ "type": "Feature", "properties": { "id": 760, "population": 703, "o_score_pt": 6622.559, "o_score_car": 4768.599, "CDI": -0.163 }, "geometry": { "type": "Polygon", "coordinates": [ [ [ 2.33175, 48.86566 ], [ 2.33361, 48.86502 ], [ 2.33388, 48.86358 ], [ 2.33233, 48.86283 ], [ 2.33047, 48.86346 ], [ 2.3302, 48.8649 ], [ 2.33175, 48.86566 ] ] ] } },
{ "type": "Feature", "properties": { "id": 761, "population": 4911, "o_score_pt": 6243.253, "o_score_car": 4763.422, "CDI": -0.134 }, "geometry": { "type": "Polygon", "coordinates": [ [ [ 2.3706, 48.86758 ], [ 2.37293, 48.86678 ], [ 2.37326, 48.86502 ], [ 2.37127, 48.86405 ], [ 2.36894, 48.86484 ], [ 2.36861, 48.86661 ], [ 2.3706, 48.86758 ] ] ] } },
{ "type": "Feature", "properties": { "id": 762, "population": 3906, "o_score_pt": 5256.37, "o_score_car": 4224.88, "CDI": -0.109 }, "geometry": { "type": "Polygon", "coordinates": [ [ [ 2.3553, 48.891 ], [ 2.35763, 48.8902 ], [ 2.35796, 48.88843 ], [ 2.35596, 48.88746 ], [ 2.35364, 48.88826 ], [ 2.3533, 48.89003 ], [ 2.3553, 48.891 ] ] ] } },
{ "type": "Feature", "properties": { "id": 763, "population": 1461, "o_score_pt": 4508.138, "o_score_car": 4000.696, "CDI": -0.06 }, "geometry": { "type": "Polygon", "coordinates": [ [ [ 2.2699, 48.84727 ], [ 2.272, 48.84656 ], [ 2.2723, 48.84495 ], [ 2.27053, 48.84409 ], [ 2.26843, 48.8448 ], [ 2.26812, 48.84641 ], [ 2.2699, 48.84727 ] ] ] } },
{ "type": "Feature", "properties": { "id": 764, "population": 1815, "o_score_pt": 6221.732, "o_score_car": 4535.528, "CDI": -0.157 }, "geometry": { "type": "Polygon", "coordinates": [ [ [ 2.31744, 48.84928 ], [ 2.31961, 48.84854 ], [ 2.31992, 48.84688 ], [ 2.31808, 48.84599 ], [ 2.31591, 48.84673 ], [ 2.3156, 48.84838 ], [ 2.31744, 48.84928 ] ] ] } },
{ "type": "Feature", "properties": { "id": 765, "population": 119, "o_score_pt": 2605.275, "o_score_car": 3261.104, "CDI": 0.112 }, "geometry": { "type": "Polygon", "coordinates": [ [ [ 2.45206, 48.82733 ], [ 2.45335, 48.82689 ], [ 2.45354, 48.82586 ], [ 2.45253, 48.82537 ], [ 2.45124, 48.82581 ], [ 2.45105, 48.82684 ], [ 2.45206, 48.82733 ] ] ] } },
{ "type": "Feature", "properties": { "id": 766, "population": 42, "o_score_pt": 2868.235, "o_score_car": 3795.038, "CDI": 0.139 }, "geometry": { "type": "Polygon", "coordinates": [ [ [ 2.43118, 48.83426 ], [ 2.43214, 48.83393 ], [ 2.43229, 48.83313 ], [ 2.4316, 48.83279 ], [ 2.43064, 48.83312 ], [ 2.43049, 48.83392 ], [ 2.43118, 48.83426 ] ] ] } },
{ "type": "Feature", "properties": { "id": 767, "population": 1451, "o_score_pt": 4288.387, "o_score_car": 4375.108, "CDI": 0.01 }, "geometry": { "type": "Polygon", "coordinates": [ [ [ 2.3889, 48.82808 ], [ 2.391, 48.82737 ], [ 2.3913, 48.82576 ], [ 2.38953, 48.8249 ], [ 2.38743, 48.82562 ], [ 2.38713, 48.82722 ], [ 2.3889, 48.82808 ] ] ] } },
{ "type": "Feature", "properties": { "id": 768, "population": 2819, "o_score_pt": 4026.131, "o_score_car": 3814.717, "CDI": -0.027 }, "geometry": { "type": "Polygon", "coordinates": [ [ [ 2.39055, 48.9004 ], [ 2.39285, 48.89961 ], [ 2.39318, 48.89786 ], [ 2.39121, 48.8969 ], [ 2.3889, 48.89769 ], [ 2.38857, 48.89944 ], [ 2.39055, 48.9004 ] ] ] } },
{ "type": "Feature", "properties": { "id": 769, "population": 1414, "o_score_pt": 4706.462, "o_score_car": 4261.073, "CDI": -0.05 }, "geometry": { "type": "Polygon", "coordinates": [ [ [ 2.33276, 48.8258 ], [ 2.33485, 48.82509 ], [ 2.33515, 48.82349 ], [ 2.33339, 48.82263 ], [ 2.3313, 48.82334 ], [ 2.331, 48.82494 ], [ 2.33276, 48.8258 ] ] ] } },
{ "type": "Feature", "properties": { "id": 770, "population": 252, "o_score_pt": 3191.755, "o_score_car": 3005.201, "CDI": -0.03 }, "geometry": { "type": "Polygon", "coordinates": [ [ [ 2.44574, 48.83794 ], [ 2.44727, 48.83742 ], [ 2.44749, 48.83622 ], [ 2.44626, 48.83561 ], [ 2.44473, 48.83614 ], [ 2.4445, 48.83734 ], [ 2.44574, 48.83794 ] ] ] } },
{ "type": "Feature", "properties": { "id": 771, "population": 2325, "o_score_pt": 4928.331, "o_score_car": 4079.73, "CDI": -0.094 }, "geometry": { "type": "Polygon", "coordinates": [ [ [ 2.28949, 48.85888 ], [ 2.29174, 48.85811 ], [ 2.29206, 48.8564 ], [ 2.29014, 48.85547 ], [ 2.2879, 48.85624 ], [ 2.28757, 48.85795 ], [ 2.28949, 48.85888 ] ] ] } },
{ "type": "Feature", "properties": { "id": 772, "population": 2065, "o_score_pt": 4886.013, "o_score_car": 3962.944, "CDI": -0.104 }, "geometry": { "type": "Polygon", "coordinates": [ [ [ 2.2812, 48.84515 ], [ 2.28341, 48.8444 ], [ 2.28373, 48.84272 ], [ 2.28185, 48.8418 ], [ 2.27964, 48.84255 ], [ 2.27932, 48.84424 ], [ 2.2812, 48.84515 ] ] ] } },
{ "type": "Feature", "properties": { "id": 773, "population": 2799, "o_score_pt": 5821.036, "o_score_car": 4251.634, "CDI": -0.156 }, "geometry": { "type": "Polygon", "coordinates": [ [ [ 2.3942, 48.85783 ], [ 2.3965, 48.85704 ], [ 2.39683, 48.85529 ], [ 2.39486, 48.85433 ], [ 2.39256, 48.85512 ], [ 2.39223, 48.85687 ], [ 2.3942, 48.85783 ] ] ] } },
{ "type": "Feature", "properties": { "id": 774, "population": 972, "o_score_pt": 6525.253, "o_score_car": 4589.225, "CDI": -0.174 }, "geometry": { "type": "Polygon", "coordinates": [ [ [ 2.30912, 48.87016 ], [ 2.31109, 48.86948 ], [ 2.31137, 48.86797 ], [ 2.30972, 48.86717 ], [ 2.30776, 48.86784 ], [ 2.30747, 48.86935 ], [ 2.30912, 48.87016 ] ] ] } },
{ "type": "Feature", "properties": { "id": 775, "population": 1605, "o_score_pt": 4987.46, "o_score_car": 4510.839, "CDI": -0.05 }, "geometry": { "type": "Polygon", "coordinates": [ [ [ 2.34106, 48.83953 ], [ 2.34318, 48.8388 ], [ 2.34349, 48.83717 ], [ 2.34169, 48.83629 ], [ 2.33956, 48.83702 ], [ 2.33925, 48.83865 ], [ 2.34106, 48.83953 ] ] ] } },
{ "type": "Feature", "properties": { "id": 776, "population": 3472, "o_score_pt": 4822.437, "o_score_car": 4139.871, "CDI": -0.076 }, "geometry": { "type": "Polygon", "coordinates": [ [ [ 2.40616, 48.86367 ], [ 2.40849, 48.86287 ], [ 2.40882, 48.8611 ], [ 2.40682, 48.86013 ], [ 2.4045, 48.86093 ], [ 2.40417, 48.8627 ], [ 2.40616, 48.86367 ] ] ] } },
{ "type": "Feature", "properties": { "id": 777, "population": 2774, "o_score_pt": 4989.389, "o_score_car": 4056.069, "CDI": -0.103 }, "geometry": { "type": "Polygon", "coordinates": [ [ [ 2.28545, 48.88013 ], [ 2.28776, 48.87935 ], [ 2.28809, 48.8776 ], [ 2.28612, 48.87663 ], [ 2.28382, 48.87742 ], [ 2.28348, 48.87917 ], [ 2.28545, 48.88013 ] ] ] } },
{ "type": "Feature", "properties": { "id": 778, "population": 2571, "o_score_pt": 4380.868, "o_score_car": 4078.426, "CDI": -0.036 }, "geometry": { "type": "Polygon", "coordinates": [ [ [ 2.2719, 48.83681 ], [ 2.27418, 48.83603 ], [ 2.27451, 48.8343 ], [ 2.27256, 48.83335 ], [ 2.27028, 48.83412 ], [ 2.26995, 48.83586 ], [ 2.2719, 48.83681 ] ] ] } },
{ "type": "Feature", "properties": { "id": 779, "population": 53, "o_score_pt": 2968.219, "o_score_car": 3060.106, "CDI": 0.015 }, "geometry": { "type": "Polygon", "coordinates": [ [ [ 2.45774, 48.84338 ], [ 2.45877, 48.84303 ], [ 2.45893, 48.84218 ], [ 2.45817, 48.8418 ], [ 2.45714, 48.84216 ], [ 2.45698, 48.84301 ], [ 2.45774, 48.84338 ] ] ] } },
{ "type": "Feature", "properties": { "id": 780, "population": 1047, "o_score_pt": 6363.78, "o_score_car": 4883.601, "CDI": -0.132 }, "geometry": { "type": "Polygon", "coordinates": [ [ [ 2.34038, 48.8661 ], [ 2.34237, 48.86542 ], [ 2.34266, 48.8639 ], [ 2.34099, 48.86308 ], [ 2.339, 48.86376 ], [ 2.33871, 48.86529 ], [ 2.34038, 48.8661 ] ] ] } },
{ "type": "Feature", "properties": { "id": 781, "population": 3254, "o_score_pt": 6814.031, "o_score_car": 4815.246, "CDI": -0.172 }, "geometry": { "type": "Polygon", "coordinates": [ [ [ 2.35232, 48.87218 ], [ 2.35464, 48.87139 ], [ 2.35498, 48.86962 ], [ 2.35298, 48.86865 ], [ 2.35066, 48.86945 ], [ 2.35032, 48.87121 ], [ 2.35232, 48.87218 ] ] ] } },
{ "type": "Feature", "properties": { "id": 782, "population": 2515, "o_score_pt": 6585.996, "o_score_car": 4593.907, "CDI": -0.178 }, "geometry": { "type": "Polygon", "coordinates": [ [ [ 2.33835, 48.87692 ], [ 2.34062, 48.87614 ], [ 2.34095, 48.87441 ], [ 2.33901, 48.87347 ], [ 2.33674, 48.87425 ], [ 2.33641, 48.87597 ], [ 2.33835, 48.87692 ] ] ] } },
{ "type": "Feature", "properties": { "id": 783, "population": 3659, "o_score_pt": 6001.665, "o_score_car": 4283.522, "CDI": -0.167 }, "geometry": { "type": "Polygon", "coordinates": [ [ [ 2.36062, 48.88587 ], [ 2.36295, 48.88507 ], [ 2.36328, 48.88331 ], [ 2.36129, 48.88234 ], [ 2.35896, 48.88313 ], [ 2.35863, 48.8849 ], [ 2.36062, 48.88587 ] ] ] } },
{ "type": "Feature", "properties": { "id": 784, "population": 3748, "o_score_pt": 5704.705, "o_score_car": 4257.31, "CDI": -0.145 }, "geometry": { "type": "Polygon", "coordinates": [ [ [ 2.34665, 48.89065 ], [ 2.34898, 48.88985 ], [ 2.34931, 48.88809 ], [ 2.34732, 48.88711 ], [ 2.34499, 48.88791 ], [ 2.34466, 48.88968 ], [ 2.34665, 48.89065 ] ] ] } },
{ "type": "Feature", "properties": { "id": 785, "population": 636, "o_score_pt": 4079.312, "o_score_car": 3990.557, "CDI": -0.011 }, "geometry": { "type": "Polygon", "coordinates": [ [ [ 2.26192, 48.85476 ], [ 2.26376, 48.85413 ], [ 2.26402, 48.85272 ], [ 2.2625, 48.85198 ], [ 2.26067, 48.8526 ], [ 2.2604, 48.85402 ], [ 2.26192, 48.85476 ] ] ] } },
{ "type": "Feature", "properties": { "id": 786, "population": 2431, "o_score_pt": 5805.07, "o_score_car": 4167.137, "CDI": -0.164 }, "geometry": { "type": "Polygon", "coordinates": [ [ [ 2.31778, 48.83601 ], [ 2.32004, 48.83523 ], [ 2.32037, 48.83351 ], [ 2.31844, 48.83257 ], [ 2.31618, 48.83334 ], [ 2.31585, 48.83506 ], [ 2.31778, 48.83601 ] ] ] } },
{ "type": "Feature", "properties": { "id": 787, "population": 2871, "o_score_pt": 5448.258, "o_score_car": 4162.18, "CDI": -0.134 }, "geometry": { "type": "Polygon", "coordinates": [ [ [ 2.35168, 48.82941 ], [ 2.35399, 48.82862 ], [ 2.35432, 48.82686 ], [ 2.35234, 48.8259 ], [ 2.35003, 48.82669 ], [ 2.3497, 48.82845 ], [ 2.35168, 48.82941 ] ] ] } },
{ "type": "Feature", "properties": { "id": 788, "population": 2007, "o_score_pt": 3866.375, "o_score_car": 3917.665, "CDI": 0.007 }, "geometry": { "type": "Polygon", "coordinates": [ [ [ 2.2536, 48.84133 ], [ 2.25581, 48.84058 ], [ 2.25612, 48.83891 ], [ 2.25425, 48.83799 ], [ 2.25205, 48.83874 ], [ 2.25173, 48.84042 ], [ 2.2536, 48.84133 ] ] ] } },
{ "type": "Feature", "properties": { "id": 789, "population": 2342, "o_score_pt": 3613.4, "o_score_car": 3484.399, "CDI": -0.018 }, "geometry": { "type": "Polygon", "coordinates": [ [ [ 2.27291, 48.83148 ], [ 2.27516, 48.83071 ], [ 2.27548, 48.829 ], [ 2.27357, 48.82806 ], [ 2.27132, 48.82883 ], [ 2.27099, 48.83054 ], [ 2.27291, 48.83148 ] ] ] } },
{ "type": "Feature", "properties": { "id": 790, "population": 59, "o_score_pt": 2568.168, "o_score_car": 3227.867, "CDI": 0.114 }, "geometry": { "type": "Polygon", "coordinates": [ [ [ 2.46071, 48.82751 ], [ 2.46177, 48.82714 ], [ 2.46194, 48.82627 ], [ 2.46114, 48.82588 ], [ 2.46007, 48.82625 ], [ 2.45991, 48.82712 ], [ 2.46071, 48.82751 ] ] ] } },
{ "type": "Feature", "properties": { "id": 791, "population": 2121, "o_score_pt": 5829.155, "o_score_car": 4109.002, "CDI": -0.173 }, "geometry": { "type": "Polygon", "coordinates": [ [ [ 2.40916, 48.84768 ], [ 2.41137, 48.84692 ], [ 2.41169, 48.84524 ], [ 2.4098, 48.84432 ], [ 2.40758, 48.84508 ], [ 2.40727, 48.84676 ], [ 2.40916, 48.84768 ] ] ] } },
{ "type": "Feature", "properties": { "id": 792, "population": 1000, "o_score_pt": 6507.196, "o_score_car": 4751.259, "CDI": -0.156 }, "geometry": { "type": "Polygon", "coordinates": [ [ [ 2.32209, 48.87069 ], [ 2.32407, 48.87002 ], [ 2.32435, 48.8685 ], [ 2.32269, 48.86769 ], [ 2.32072, 48.86837 ], [ 2.32043, 48.86988 ], [ 2.32209, 48.87069 ] ] ] } },
{ "type": "Feature", "properties": { "id": 793, "population": 3286, "o_score_pt": 6167.311, "o_score_car": 4217.486, "CDI": -0.188 }, "geometry": { "type": "Polygon", "coordinates": [ [ [ 2.35896, 48.88313 ], [ 2.36129, 48.88234 ], [ 2.36162, 48.88057 ], [ 2.35963, 48.8796 ], [ 2.3573, 48.8804 ], [ 2.35697, 48.88216 ], [ 2.35896, 48.88313 ] ] ] } },
{ "type": "Feature", "properties": { "id": 794, "population": 833, "o_score_pt": 4099.946, "o_score_car": 3963.98, "CDI": -0.017 }, "geometry": { "type": "Polygon", "coordinates": [ [ [ 2.26026, 48.85208 ], [ 2.26218, 48.85143 ], [ 2.26246, 48.84995 ], [ 2.26086, 48.84917 ], [ 2.25894, 48.84983 ], [ 2.25866, 48.8513 ], [ 2.26026, 48.85208 ] ] ] } },
{ "type": "Feature", "properties": { "id": 795, "population": 3822, "o_score_pt": 4778.002, "o_score_car": 4021.251, "CDI": -0.086 }, "geometry": { "type": "Polygon", "coordinates": [ [ [ 2.35862, 48.89647 ], [ 2.36095, 48.89567 ], [ 2.36128, 48.89391 ], [ 2.35929, 48.89294 ], [ 2.35696, 48.89373 ], [ 2.35663, 48.8955 ], [ 2.35862, 48.89647 ] ] ] } },
{ "type": "Feature", "properties": { "id": 796, "population": 2356, "o_score_pt": 5572.538, "o_score_car": 4451.566, "CDI": -0.112 }, "geometry": { "type": "Polygon", "coordinates": [ [ [ 2.32577, 48.82831 ], [ 2.32802, 48.82754 ], [ 2.32834, 48.82583 ], [ 2.32642, 48.82489 ], [ 2.32417, 48.82566 ], [ 2.32385, 48.82737 ], [ 2.32577, 48.82831 ] ] ] } },
{ "type": "Feature", "properties": { "id": 797, "population": 1902, "o_score_pt": 5228.354, "o_score_car": 4055.068, "CDI": -0.126 }, "geometry": { "type": "Polygon", "coordinates": [ [ [ 2.4075, 48.84492 ], [ 2.40968, 48.84417 ], [ 2.40999, 48.84251 ], [ 2.40813, 48.84161 ], [ 2.40595, 48.84235 ], [ 2.40564, 48.84402 ], [ 2.4075, 48.84492 ] ] ] } },
{ "type": "Feature", "properties": { "id": 798, "population": 23, "o_score_pt": 2386.897, "o_score_car": 3833.153, "CDI": 0.233 }, "geometry": { "type": "Polygon", "coordinates": [ [ [ 2.4209, 48.83104 ], [ 2.42168, 48.83077 ], [ 2.4218, 48.8301 ], [ 2.42128, 48.82985 ], [ 2.42051, 48.83012 ], [ 2.42039, 48.83078 ], [ 2.4209, 48.83104 ] ] ] } },
{ "type": "Feature", "properties": { "id": 799, "population": 2304, "o_score_pt": 5087.253, "o_score_car": 4276.503, "CDI": -0.087 }, "geometry": { "type": "Polygon", "coordinates": [ [ [ 2.38025, 48.82785 ], [ 2.3825, 48.82708 ], [ 2.38282, 48.82537 ], [ 2.3809, 48.82444 ], [ 2.37866, 48.82521 ], [ 2.37834, 48.82692 ], [ 2.38025, 48.82785 ] ] ] } },
{ "type": "Feature", "properties": { "id": 800, "population": 2718, "o_score_pt": 4663.079, "o_score_car": 4182.457, "CDI": -0.054 }, "geometry": { "type": "Polygon", "coordinates": [ [ [ 2.36829, 48.82206 ], [ 2.37059, 48.82128 ], [ 2.37092, 48.81953 ], [ 2.36895, 48.81857 ], [ 2.36666, 48.81936 ], [ 2.36633, 48.8211 ], [ 2.36829, 48.82206 ] ] ] } },
{ "type": "Feature", "properties": { "id": 801, "population": 2565, "o_score_pt": 4230.731, "o_score_car": 4006.254, "CDI": -0.027 }, "geometry": { "type": "Polygon", "coordinates": [ [ [ 2.35102, 48.82135 ], [ 2.3533, 48.82057 ], [ 2.35363, 48.81883 ], [ 2.35168, 48.81789 ], [ 2.3494, 48.81866 ], [ 2.34908, 48.8204 ], [ 2.35102, 48.82135 ] ] ] } },
{ "type": "Feature", "properties": { "id": 802, "population": 435, "o_score_pt": 2759.679, "o_score_car": 3344.479, "CDI": 0.096 }, "geometry": { "type": "Polygon", "coordinates": [ [ [ 2.23129, 48.86676 ], [ 2.233, 48.86618 ], [ 2.23326, 48.86485 ], [ 2.23185, 48.86417 ], [ 2.23014, 48.86475 ], [ 2.22989, 48.86608 ], [ 2.23129, 48.86676 ] ] ] } },
{ "type": "Feature", "properties": { "id": 803, "population": 118, "o_score_pt": 3706.695, "o_score_car": 3424.959, "CDI": -0.04 }, "geometry": { "type": "Polygon", "coordinates": [ [ [ 2.43713, 48.83742 ], [ 2.43842, 48.83697 ], [ 2.43861, 48.83594 ], [ 2.4376, 48.83545 ], [ 2.43632, 48.8359 ], [ 2.43612, 48.83693 ], [ 2.43713, 48.83742 ] ] ] } },
{ "type": "Feature", "properties": { "id": 804, "population": 2327, "o_score_pt": 4889.384, "o_score_car": 4028.623, "CDI": -0.097 }, "geometry": { "type": "Polygon", "coordinates": [ [ [ 2.39188, 48.88172 ], [ 2.39413, 48.88095 ], [ 2.39445, 48.87924 ], [ 2.39253, 48.87831 ], [ 2.39028, 48.87908 ], [ 2.38996, 48.88079 ], [ 2.39188, 48.88172 ] ] ] } },
{ "type": "Feature", "properties": { "id": 805, "population": 3429, "o_score_pt": 5014.572, "o_score_car": 4116.63, "CDI": -0.098 }, "geometry": { "type": "Polygon", "coordinates": [ [ [ 2.37857, 48.8946 ], [ 2.3809, 48.8938 ], [ 2.38123, 48.89204 ], [ 2.37924, 48.89107 ], [ 2.37691, 48.89186 ], [ 2.37658, 48.89363 ], [ 2.37857, 48.8946 ] ] ] } },
{ "type": "Feature", "properties": { "id": 806, "population": 2833, "o_score_pt": 6043.142, "o_score_car": 4281.609, "CDI": -0.171 }, "geometry": { "type": "Polygon", "coordinates": [ [ [ 2.34902, 48.83197 ], [ 2.35133, 48.83118 ], [ 2.35166, 48.82943 ], [ 2.34968, 48.82847 ], [ 2.34737, 48.82926 ], [ 2.34704, 48.83101 ], [ 2.34902, 48.83197 ] ] ] } },
{ "type": "Feature", "properties": { "id": 807, "population": 2328, "o_score_pt": 5864.118, "o_score_car": 4478.171, "CDI": -0.134 }, "geometry": { "type": "Polygon", "coordinates": [ [ [ 2.30874, 48.88371 ], [ 2.31099, 48.88294 ], [ 2.31132, 48.88123 ], [ 2.3094, 48.8803 ], [ 2.30715, 48.88107 ], [ 2.30683, 48.88278 ], [ 2.30874, 48.88371 ] ] ] } },
{ "type": "Feature", "properties": { "id": 808, "population": 2743, "o_score_pt": 6139.88, "o_score_car": 4008.66, "CDI": -0.21 }, "geometry": { "type": "Polygon", "coordinates": [ [ [ 2.36696, 48.84071 ], [ 2.36926, 48.83992 ], [ 2.36959, 48.83817 ], [ 2.36762, 48.83721 ], [ 2.36532, 48.838 ], [ 2.36499, 48.83975 ], [ 2.36696, 48.84071 ] ] ] } },
{ "type": "Feature", "properties": { "id": 809, "population": 3161, "o_score_pt": 5747.559, "o_score_car": 4278.383, "CDI": -0.147 }, "geometry": { "type": "Polygon", "coordinates": [ [ [ 2.3676, 48.88348 ], [ 2.36993, 48.88268 ], [ 2.37027, 48.88092 ], [ 2.36827, 48.87995 ], [ 2.36594, 48.88074 ], [ 2.36561, 48.88251 ], [ 2.3676, 48.88348 ] ] ] } },
{ "type": "Feature", "properties": { "id": 810, "population": 4249, "o_score_pt": 6043.434, "o_score_car": 4342.195, "CDI": -0.164 }, "geometry": { "type": "Polygon", "coordinates": [ [ [ 2.38356, 48.8681 ], [ 2.38589, 48.86731 ], [ 2.38622, 48.86554 ], [ 2.38423, 48.86457 ], [ 2.3819, 48.86537 ], [ 2.38157, 48.86713 ], [ 2.38356, 48.8681 ] ] ] } },
{ "type": "Feature", "properties": { "id": 811, "population": 1307, "o_score_pt": 6190.514, "o_score_car": 4683.256, "CDI": -0.139 }, "geometry": { "type": "Polygon", "coordinates": [ [ [ 2.36066, 48.85095 ], [ 2.36272, 48.85025 ], [ 2.36302, 48.84867 ], [ 2.36128, 48.84782 ], [ 2.35922, 48.84853 ], [ 2.35892, 48.85011 ], [ 2.36066, 48.85095 ] ] ] } },
{ "type": "Feature", "properties": { "id": 812, "population": 2359, "o_score_pt": 5410.751, "o_score_car": 4133.679, "CDI": -0.134 }, "geometry": { "type": "Polygon", "coordinates": [ [ [ 2.28581, 48.86675 ], [ 2.28807, 48.86598 ], [ 2.28839, 48.86427 ], [ 2.28647, 48.86333 ], [ 2.28422, 48.8641 ], [ 2.28389, 48.86581 ], [ 2.28581, 48.86675 ] ] ] } },
{ "type": "Feature", "properties": { "id": 813, "population": 1433, "o_score_pt": 4473.992, "o_score_car": 4026.491, "CDI": -0.053 }, "geometry": { "type": "Polygon", "coordinates": [ [ [ 2.28186, 48.85311 ], [ 2.28395, 48.85239 ], [ 2.28426, 48.85079 ], [ 2.28249, 48.84993 ], [ 2.2804, 48.85064 ], [ 2.28009, 48.85224 ], [ 2.28186, 48.85311 ] ] ] } },
{ "type": "Feature", "properties": { "id": 814, "population": 1740, "o_score_pt": 4917.558, "o_score_car": 4112.584, "CDI": -0.089 }, "geometry": { "type": "Polygon", "coordinates": [ [ [ 2.38059, 48.88387 ], [ 2.38274, 48.88313 ], [ 2.38305, 48.88149 ], [ 2.38122, 48.8806 ], [ 2.37907, 48.88134 ], [ 2.37876, 48.88298 ], [ 2.38059, 48.88387 ] ] ] } },
{ "type": "Feature", "properties": { "id": 815, "population": 3546, "o_score_pt": 4564.506, "o_score_car": 4015.143, "CDI": -0.064 }, "geometry": { "type": "Polygon", "coordinates": [ [ [ 2.36727, 48.89682 ], [ 2.3696, 48.89602 ], [ 2.36993, 48.89425 ], [ 2.36793, 48.89328 ], [ 2.36561, 48.89408 ], [ 2.36527, 48.89585 ], [ 2.36727, 48.89682 ] ] ] } },
{ "type": "Feature", "properties": { "id": 816, "population": 3267, "o_score_pt": 4685.878, "o_score_car": 4103.15, "CDI": -0.066 }, "geometry": { "type": "Polygon", "coordinates": [ [ [ 2.30748, 48.83296 ], [ 2.3098, 48.83217 ], [ 2.31014, 48.8304 ], [ 2.30814, 48.82943 ], [ 2.30582, 48.83022 ], [ 2.30548, 48.83199 ], [ 2.30748, 48.83296 ] ] ] } },
{ "type": "Feature", "properties": { "id": 817, "population": 2625, "o_score_pt": 5000.219, "o_score_car": 4142.934, "CDI": -0.094 }, "geometry": { "type": "Polygon", "coordinates": [ [ [ 2.37161, 48.82753 ], [ 2.3739, 48.82675 ], [ 2.37423, 48.82501 ], [ 2.37227, 48.82406 ], [ 2.36999, 48.82484 ], [ 2.36966, 48.82658 ], [ 2.37161, 48.82753 ] ] ] } },
{ "type": "Feature", "properties": { "id": 818, "population": 2457, "o_score_pt": 5528.067, "o_score_car": 4352.786, "CDI": -0.119 }, "geometry": { "type": "Polygon", "coordinates": [ [ [ 2.32411, 48.82558 ], [ 2.32637, 48.82481 ], [ 2.3267, 48.82308 ], [ 2.32476, 48.82214 ], [ 2.3225, 48.82292 ], [ 2.32218, 48.82464 ], [ 2.32411, 48.82558 ] ] ] } },
{ "type": "Feature", "properties": { "id": 819, "population": 1563, "o_score_pt": 7092.368, "o_score_car": 4882.238, "CDI": -0.185 }, "geometry": { "type": "Polygon", "coordinates": [ [ [ 2.35268, 48.85869 ], [ 2.35479, 48.85796 ], [ 2.3551, 48.85634 ], [ 2.3533, 48.85547 ], [ 2.35119, 48.85619 ], [ 2.35088, 48.85781 ], [ 2.35268, 48.85869 ] ] ] } },
{ "type": "Feature", "properties": { "id": 820, "population": 2731, "o_score_pt": 5564.346, "o_score_car": 4368.662, "CDI": -0.12 }, "geometry": { "type": "Polygon", "coordinates": [ [ [ 2.36164, 48.84583 ], [ 2.36394, 48.84505 ], [ 2.36427, 48.8433 ], [ 2.3623, 48.84234 ], [ 2.36, 48.84313 ], [ 2.35967, 48.84487 ], [ 2.36164, 48.84583 ] ] ] } },
{ "type": "Feature", "properties": { "id": 821, "population": 2280, "o_score_pt": 6114.159, "o_score_car": 4578.651, "CDI": -0.144 }, "geometry": { "type": "Polygon", "coordinates": [ [ [ 2.32974, 48.84182 ], [ 2.33198, 48.84106 ], [ 2.33231, 48.83935 ], [ 2.3304, 48.83842 ], [ 2.32816, 48.83919 ], [ 2.32783, 48.84089 ], [ 2.32974, 48.84182 ] ] ] } },
{ "type": "Feature", "properties": { "id": 822, "population": 1829, "o_score_pt": 6076.167, "o_score_car": 4750.462, "CDI": -0.122 }, "geometry": { "type": "Polygon", "coordinates": [ [ [ 2.33041, 48.84981 ], [ 2.33258, 48.84907 ], [ 2.33289, 48.84741 ], [ 2.33105, 48.84651 ], [ 2.32888, 48.84726 ], [ 2.32856, 48.84891 ], [ 2.33041, 48.84981 ] ] ] } },
{ "type": "Feature", "properties": { "id": 823, "population": 3617, "o_score_pt": 5477.629, "o_score_car": 3947.493, "CDI": -0.162 }, "geometry": { "type": "Polygon", "coordinates": [ [ [ 2.36228, 48.88861 ], [ 2.36461, 48.88781 ], [ 2.36494, 48.88604 ], [ 2.36295, 48.88507 ], [ 2.36062, 48.88587 ], [ 2.36029, 48.88764 ], [ 2.36228, 48.88861 ] ] ] } },
{ "type": "Feature", "properties": { "id": 824, "population": 704, "o_score_pt": 4141.385, "o_score_car": 4022.07, "CDI": -0.015 }, "geometry": { "type": "Polygon", "coordinates": [ [ [ 2.26358, 48.85752 ], [ 2.26544, 48.85689 ], [ 2.26572, 48.85545 ], [ 2.26417, 48.85469 ], [ 2.2623, 48.85533 ], [ 2.26203, 48.85677 ], [ 2.26358, 48.85752 ] ] ] } },
{ "type": "Feature", "properties": { "id": 825, "population": 2872, "o_score_pt": 6010.74, "o_score_car": 4375.892, "CDI": -0.157 }, "geometry": { "type": "Polygon", "coordinates": [ [ [ 2.36364, 48.83524 ], [ 2.36595, 48.83445 ], [ 2.36628, 48.83269 ], [ 2.3643, 48.83173 ], [ 2.36199, 48.83252 ], [ 2.36166, 48.83428 ], [ 2.36364, 48.83524 ] ] ] } },
{ "type": "Feature", "properties": { "id": 826, "population": 89, "o_score_pt": 3860.142, "o_score_car": 3821.721, "CDI": -0.005 }, "geometry": { "type": "Polygon", "coordinates": [ [ [ 2.2676, 48.87054 ], [ 2.26881, 48.87014 ], [ 2.26899, 48.86917 ], [ 2.26807, 48.86872 ], [ 2.26687, 48.86913 ], [ 2.26668, 48.8701 ], [ 2.2676, 48.87054 ] ] ] } },
{ "type": "Feature", "properties": { "id": 827, "population": 2418, "o_score_pt": 4655.495, "o_score_car": 4164.044, "CDI": -0.056 }, "geometry": { "type": "Polygon", "coordinates": [ [ [ 2.34571, 48.82646 ], [ 2.34796, 48.82569 ], [ 2.34829, 48.82397 ], [ 2.34636, 48.82303 ], [ 2.3441, 48.8238 ], [ 2.34378, 48.82552 ], [ 2.34571, 48.82646 ] ] ] } },
{ "type": "Feature", "properties": { "id": 828, "population": 3263, "o_score_pt": 4806.941, "o_score_car": 3998.012, "CDI": -0.092 }, "geometry": { "type": "Polygon", "coordinates": [ [ [ 2.37325, 48.89973 ], [ 2.37558, 48.89893 ], [ 2.37591, 48.89716 ], [ 2.37392, 48.89619 ], [ 2.37159, 48.89699 ], [ 2.37126, 48.89876 ], [ 2.37325, 48.89973 ] ] ] } },
{ "type": "Feature", "properties": { "id": 829, "population": 3730, "o_score_pt": 4510.833, "o_score_car": 4075.712, "CDI": -0.051 }, "geometry": { "type": "Polygon", "coordinates": [ [ [ 2.34897, 48.90142 ], [ 2.3513, 48.90063 ], [ 2.35163, 48.89886 ], [ 2.34964, 48.89789 ], [ 2.34731, 48.89869 ], [ 2.34698, 48.90045 ], [ 2.34897, 48.90142 ] ] ] } },
{ "type": "Feature", "properties": { "id": 830, "population": 1140, "o_score_pt": 6434.176, "o_score_car": 4877.8, "CDI": -0.138 }, "geometry": { "type": "Polygon", "coordinates": [ [ [ 2.35102, 48.85587 ], [ 2.35304, 48.85518 ], [ 2.35333, 48.85364 ], [ 2.35164, 48.85281 ], [ 2.34962, 48.8535 ], [ 2.34933, 48.85504 ], [ 2.35102, 48.85587 ] ] ] } },
{ "type": "Feature", "properties": { "id": 831, "population": 1678, "o_score_pt": 3957.614, "o_score_car": 4193.323, "CDI": 0.029 }, "geometry": { "type": "Polygon", "coordinates": [ [ [ 2.37694, 48.82229 ], [ 2.37908, 48.82156 ], [ 2.37939, 48.81993 ], [ 2.37757, 48.81904 ], [ 2.37544, 48.81977 ], [ 2.37513, 48.82141 ], [ 2.37694, 48.82229 ] ] ] } },
{ "type": "Feature", "properties": { "id": 832, "population": 1914, "o_score_pt": 5104.647, "o_score_car": 4096.263, "CDI": -0.11 }, "geometry": { "type": "Polygon", "coordinates": [ [ [ 2.34239, 48.82092 ], [ 2.34458, 48.82018 ], [ 2.34489, 48.81851 ], [ 2.34304, 48.81761 ], [ 2.34085, 48.81835 ], [ 2.34054, 48.82002 ], [ 2.34239, 48.82092 ] ] ] } },
{ "type": "Feature", "properties": { "id": 833, "population": 2864, "o_score_pt": 4840.945, "o_score_car": 4239.948, "CDI": -0.066 }, "geometry": { "type": "Polygon", "coordinates": [ [ [ 2.30074, 48.89145 ], [ 2.30306, 48.89066 ], [ 2.30339, 48.8889 ], [ 2.30141, 48.88794 ], [ 2.29909, 48.88873 ], [ 2.29876, 48.89048 ], [ 2.30074, 48.89145 ] ] ] } },
{ "type": "Feature", "properties": { "id": 834, "population": 1802, "o_score_pt": 5938.264, "o_score_car": 4293.004, "CDI": -0.161 }, "geometry": { "type": "Polygon", "coordinates": [ [ [ 2.38524, 48.836 ], [ 2.38741, 48.83526 ], [ 2.38772, 48.83361 ], [ 2.38588, 48.83271 ], [ 2.38372, 48.83345 ], [ 2.38341, 48.83511 ], [ 2.38524, 48.836 ] ] ] } },
{ "type": "Feature", "properties": { "id": 835, "population": 3472, "o_score_pt": 4497.674, "o_score_car": 4134.548, "CDI": -0.042 }, "geometry": { "type": "Polygon", "coordinates": [ [ [ 2.36993, 48.89425 ], [ 2.37226, 48.89346 ], [ 2.37259, 48.89169 ], [ 2.37059, 48.89072 ], [ 2.36827, 48.89152 ], [ 2.36793, 48.89328 ], [ 2.36993, 48.89425 ] ] ] } },
{ "type": "Feature", "properties": { "id": 836, "population": 2371, "o_score_pt": 5491.517, "o_score_car": 4082.153, "CDI": -0.147 }, "geometry": { "type": "Polygon", "coordinates": [ [ [ 2.2915, 48.84828 ], [ 2.29375, 48.84751 ], [ 2.29408, 48.8458 ], [ 2.29216, 48.84486 ], [ 2.2899, 48.84563 ], [ 2.28958, 48.84734 ], [ 2.2915, 48.84828 ] ] ] } },
{ "type": "Feature", "properties": { "id": 837, "population": 28, "o_score_pt": 2865.401, "o_score_car": 3567.067, "CDI": 0.109 }, "geometry": { "type": "Polygon", "coordinates": [ [ [ 2.24969, 48.86151 ], [ 2.25053, 48.86123 ], [ 2.25066, 48.86052 ], [ 2.25009, 48.86024 ], [ 2.24925, 48.86053 ], [ 2.24911, 48.86123 ], [ 2.24969, 48.86151 ] ] ] } },
{ "type": "Feature", "properties": { "id": 838, "population": 1706, "o_score_pt": 5185.119, "o_score_car": 3912.66, "CDI": -0.14 }, "geometry": { "type": "Polygon", "coordinates": [ [ [ 2.38591, 48.87874 ], [ 2.38805, 48.878 ], [ 2.38836, 48.87636 ], [ 2.38654, 48.87548 ], [ 2.38439, 48.87621 ], [ 2.38408, 48.87785 ], [ 2.38591, 48.87874 ] ] ] } },
{ "type": "Feature", "properties": { "id": 839, "population": 2324, "o_score_pt": 5749.68, "o_score_car": 4298.72, "CDI": -0.144 }, "geometry": { "type": "Polygon", "coordinates": [ [ [ 2.31739, 48.88406 ], [ 2.31964, 48.88329 ], [ 2.31997, 48.88158 ], [ 2.31805, 48.88065 ], [ 2.3158, 48.88142 ], [ 2.31548, 48.88313 ], [ 2.31739, 48.88406 ] ] ] } },
{ "type": "Feature", "properties": { "id": 840, "population": 1338, "o_score_pt": 5013.77, "o_score_car": 3964.051, "CDI": -0.117 }, "geometry": { "type": "Polygon", "coordinates": [ [ [ 2.27221, 48.85804 ], [ 2.27428, 48.85733 ], [ 2.27458, 48.85575 ], [ 2.27283, 48.85489 ], [ 2.27076, 48.8556 ], [ 2.27046, 48.85718 ], [ 2.27221, 48.85804 ] ] ] } },
{ "type": "Feature", "properties": { "id": 841, "population": 2267, "o_score_pt": 6046.377, "o_score_car": 4652.875, "CDI": -0.13 }, "geometry": { "type": "Polygon", "coordinates": [ [ [ 2.37028, 48.84614 ], [ 2.37252, 48.84537 ], [ 2.37284, 48.84367 ], [ 2.37093, 48.84274 ], [ 2.3687, 48.8435 ], [ 2.36838, 48.84521 ], [ 2.37028, 48.84614 ] ] ] } },
{ "type": "Feature", "properties": { "id": 842, "population": 1326, "o_score_pt": 5821.359, "o_score_car": 4597.794, "CDI": -0.117 }, "geometry": { "type": "Polygon", "coordinates": [ [ [ 2.32243, 48.85742 ], [ 2.3245, 48.85671 ], [ 2.32479, 48.85513 ], [ 2.32305, 48.85428 ], [ 2.32098, 48.85499 ], [ 2.32068, 48.85657 ], [ 2.32243, 48.85742 ] ] ] } },
{ "type": "Feature", "properties": { "id": 843, "population": 2354, "o_score_pt": 5563.521, "o_score_car": 4080.295, "CDI": -0.154 }, "geometry": { "type": "Polygon", "coordinates": [ [ [ 2.32808, 48.83909 ], [ 2.33033, 48.83832 ], [ 2.33066, 48.83661 ], [ 2.32874, 48.83567 ], [ 2.32649, 48.83644 ], [ 2.32616, 48.83815 ], [ 2.32808, 48.83909 ] ] ] } },
{ "type": "Feature", "properties": { "id": 844, "population": 2581, "o_score_pt": 5357.565, "o_score_car": 4268.943, "CDI": -0.113 }, "geometry": { "type": "Polygon", "coordinates": [ [ [ 2.37093, 48.88892 ], [ 2.37321, 48.88814 ], [ 2.37354, 48.88641 ], [ 2.37159, 48.88546 ], [ 2.36931, 48.88624 ], [ 2.36898, 48.88797 ], [ 2.37093, 48.88892 ] ] ] } },
{ "type": "Feature", "properties": { "id": 845, "population": 2106, "o_score_pt": 5383.176, "o_score_car": 4202.904, "CDI": -0.123 }, "geometry": { "type": "Polygon", "coordinates": [ [ [ 2.36199, 48.83243 ], [ 2.3642, 48.83167 ], [ 2.36452, 48.82998 ], [ 2.36263, 48.82906 ], [ 2.36042, 48.82982 ], [ 2.3601, 48.83151 ], [ 2.36199, 48.83243 ] ] ] } },
{ "type": "Feature", "properties": { "id": 846, "population": 1320, "o_score_pt": 4960.844, "o_score_car": 3972.364, "CDI": -0.111 }, "geometry": { "type": "Polygon", "coordinates": [ [ [ 2.27618, 48.87156 ], [ 2.27824, 48.87085 ], [ 2.27854, 48.86927 ], [ 2.2768, 48.86842 ], [ 2.27473, 48.86912 ], [ 2.27443, 48.87071 ], [ 2.27618, 48.87156 ] ] ] } },
{ "type": "Feature", "properties": { "id": 847, "population": 2425, "o_score_pt": 5713.691, "o_score_car": 4477.978, "CDI": -0.121 }, "geometry": { "type": "Polygon", "coordinates": [ [ [ 2.32743, 48.83106 ], [ 2.32969, 48.83028 ], [ 2.33001, 48.82856 ], [ 2.32808, 48.82762 ], [ 2.32582, 48.8284 ], [ 2.3255, 48.83012 ], [ 2.32743, 48.83106 ] ] ] } },
{ "type": "Feature", "properties": { "id": 848, "population": 4141, "o_score_pt": 5590.956, "o_score_car": 4502.082, "CDI": -0.108 }, "geometry": { "type": "Polygon", "coordinates": [ [ [ 2.3726, 48.85698 ], [ 2.37493, 48.85618 ], [ 2.37526, 48.85442 ], [ 2.37326, 48.85345 ], [ 2.37094, 48.85424 ], [ 2.37061, 48.85601 ], [ 2.3726, 48.85698 ] ] ] } },
{ "type": "Feature", "properties": { "id": 849, "population": 2836, "o_score_pt": 5633.169, "o_score_car": 4413.22, "CDI": -0.121 }, "geometry": { "type": "Polygon", "coordinates": [ [ [ 2.37127, 48.87561 ], [ 2.37358, 48.87481 ], [ 2.37391, 48.87306 ], [ 2.37193, 48.8721 ], [ 2.36962, 48.87289 ], [ 2.36929, 48.87464 ], [ 2.37127, 48.87561 ] ] ] } },
{ "type": "Feature", "properties": { "id": 850, "population": 2679, "o_score_pt": 6011.677, "o_score_car": 4338.781, "CDI": -0.162 }, "geometry": { "type": "Polygon", "coordinates": [ [ [ 2.38224, 48.852 ], [ 2.38453, 48.85122 ], [ 2.38486, 48.84947 ], [ 2.3829, 48.84852 ], [ 2.38061, 48.8493 ], [ 2.38028, 48.85105 ], [ 2.38224, 48.852 ] ] ] } },
{ "type": "Feature", "properties": { "id": 851, "population": 1543, "o_score_pt": 6081.271, "o_score_car": 4593.168, "CDI": -0.139 }, "geometry": { "type": "Polygon", "coordinates": [ [ [ 2.33408, 48.8419 ], [ 2.33619, 48.84118 ], [ 2.3365, 48.83956 ], [ 2.3347, 48.83869 ], [ 2.33259, 48.83941 ], [ 2.33228, 48.84103 ], [ 2.33408, 48.8419 ] ] ] } },
{ "type": "Feature", "properties": { "id": 852, "population": 1025, "o_score_pt": 5544.75, "o_score_car": 4560.719, "CDI": -0.097 }, "geometry": { "type": "Polygon", "coordinates": [ [ [ 2.32078, 48.85462 ], [ 2.32276, 48.85394 ], [ 2.32305, 48.85242 ], [ 2.32138, 48.8516 ], [ 2.3194, 48.85228 ], [ 2.31911, 48.85381 ], [ 2.32078, 48.85462 ] ] ] } },
{ "type": "Feature", "properties": { "id": 853, "population": 2421, "o_score_pt": 5459.596, "o_score_car": 4346.626, "CDI": -0.113 }, "geometry": { "type": "Polygon", "coordinates": [ [ [ 2.31944, 48.83874 ], [ 2.3217, 48.83797 ], [ 2.32203, 48.83625 ], [ 2.3201, 48.83531 ], [ 2.31784, 48.83608 ], [ 2.31751, 48.8378 ], [ 2.31944, 48.83874 ] ] ] } },
{ "type": "Feature", "properties": { "id": 854, "population": 2317, "o_score_pt": 5280.683, "o_score_car": 4237.035, "CDI": -0.11 }, "geometry": { "type": "Polygon", "coordinates": [ [ [ 2.33607, 48.8314 ], [ 2.33831, 48.83063 ], [ 2.33863, 48.82892 ], [ 2.33672, 48.82799 ], [ 2.33447, 48.82875 ], [ 2.33415, 48.83046 ], [ 2.33607, 48.8314 ] ] ] } },
{ "type": "Feature", "properties": { "id": 855, "population": 2777, "o_score_pt": 6163.88, "o_score_car": 4328.418, "CDI": -0.175 }, "geometry": { "type": "Polygon", "coordinates": [ [ [ 2.28812, 48.87757 ], [ 2.29043, 48.87678 ], [ 2.29076, 48.87503 ], [ 2.28879, 48.87407 ], [ 2.28648, 48.87486 ], [ 2.28615, 48.87661 ], [ 2.28812, 48.87757 ] ] ] } },
{ "type": "Feature", "properties": { "id": 856, "population": 3025, "o_score_pt": 4186.3, "o_score_car": 4099.769, "CDI": -0.01 }, "geometry": { "type": "Polygon", "coordinates": [ [ [ 2.40882, 48.8611 ], [ 2.41114, 48.86031 ], [ 2.41147, 48.85854 ], [ 2.40948, 48.85757 ], [ 2.40716, 48.85837 ], [ 2.40682, 48.86013 ], [ 2.40882, 48.8611 ] ] ] } },
{ "type": "Feature", "properties": { "id": 857, "population": 2811, "o_score_pt": 4395.504, "o_score_car": 4120.275, "CDI": -0.032 }, "geometry": { "type": "Polygon", "coordinates": [ [ [ 2.29642, 48.89127 ], [ 2.29873, 48.89048 ], [ 2.29906, 48.88873 ], [ 2.29708, 48.88776 ], [ 2.29477, 48.88855 ], [ 2.29444, 48.89031 ], [ 2.29642, 48.89127 ] ] ] } },
{ "type": "Feature", "properties": { "id": 858, "population": 14, "o_score_pt": 2317.87, "o_score_car": 3612.835, "CDI": 0.218 }, "geometry": { "type": "Polygon", "coordinates": [ [ [ 2.43319, 48.8234 ], [ 2.43382, 48.82319 ], [ 2.43392, 48.82263 ], [ 2.43355, 48.82245 ], [ 2.43293, 48.82266 ], [ 2.43282, 48.82322 ], [ 2.43319, 48.8234 ] ] ] } },
{ "type": "Feature", "properties": { "id": 859, "population": 1933, "o_score_pt": 6564.947, "o_score_car": 4385.306, "CDI": -0.199 }, "geometry": { "type": "Polygon", "coordinates": [ [ [ 2.35433, 48.86148 ], [ 2.35652, 48.86073 ], [ 2.35683, 48.85906 ], [ 2.35497, 48.85816 ], [ 2.35278, 48.8589 ], [ 2.35247, 48.86057 ], [ 2.35433, 48.86148 ] ] ] } },
{ "type": "Feature", "properties": { "id": 860, "population": 1790, "o_score_pt": 6791.622, "o_score_car": 4549.083, "CDI": -0.198 }, "geometry": { "type": "Polygon", "coordinates": [ [ [ 2.34237, 48.85563 ], [ 2.34453, 48.85489 ], [ 2.34484, 48.85324 ], [ 2.34301, 48.85235 ], [ 2.34084, 48.85309 ], [ 2.34053, 48.85474 ], [ 2.34237, 48.85563 ] ] ] } },
{ "type": "Feature", "properties": { "id": 861, "population": 2202, "o_score_pt": 5736.691, "o_score_car": 4756.429, "CDI": -0.093 }, "geometry": { "type": "Polygon", "coordinates": [ [ [ 2.35633, 48.85091 ], [ 2.35855, 48.85014 ], [ 2.35887, 48.84845 ], [ 2.35697, 48.84752 ], [ 2.35475, 48.84828 ], [ 2.35443, 48.84998 ], [ 2.35633, 48.85091 ] ] ] } },
{ "type": "Feature", "properties": { "id": 862, "population": 4619, "o_score_pt": 5827.892, "o_score_car": 4462.47, "CDI": -0.133 }, "geometry": { "type": "Polygon", "coordinates": [ [ [ 2.37924, 48.86793 ], [ 2.38157, 48.86713 ], [ 2.3819, 48.86537 ], [ 2.37991, 48.86439 ], [ 2.37758, 48.86519 ], [ 2.37725, 48.86696 ], [ 2.37924, 48.86793 ] ] ] } },
{ "type": "Feature", "properties": { "id": 863, "population": 70, "o_score_pt": 2023.493, "o_score_car": 3733.124, "CDI": 0.297 }, "geometry": { "type": "Polygon", "coordinates": [ [ [ 2.42618, 48.82617 ], [ 2.4273, 48.82579 ], [ 2.42747, 48.82487 ], [ 2.42662, 48.82446 ], [ 2.4255, 48.82485 ], [ 2.42533, 48.82576 ], [ 2.42618, 48.82617 ] ] ] } },
{ "type": "Feature", "properties": { "id": 864, "population": 2314, "o_score_pt": 4250.289, "o_score_car": 4240.779, "CDI": -0.001 }, "geometry": { "type": "Polygon", "coordinates": [ [ [ 2.37859, 48.82511 ], [ 2.38084, 48.82434 ], [ 2.38116, 48.82263 ], [ 2.37924, 48.8217 ], [ 2.377, 48.82247 ], [ 2.37668, 48.82418 ], [ 2.37859, 48.82511 ] ] ] } },
{ "type": "Feature", "properties": { "id": 865, "population": 3454, "o_score_pt": 5377.704, "o_score_car": 4154.548, "CDI": -0.128 }, "geometry": { "type": "Polygon", "coordinates": [ [ [ 2.38822, 48.88965 ], [ 2.39054, 48.88885 ], [ 2.39088, 48.88708 ], [ 2.38888, 48.88611 ], [ 2.38655, 48.88691 ], [ 2.38622, 48.88868 ], [ 2.38822, 48.88965 ] ] ] } },
{ "type": "Feature", "properties": { "id": 866, "population": 1817, "o_score_pt": 4651.379, "o_score_car": 3867.523, "CDI": -0.092 }, "geometry": { "type": "Polygon", "coordinates": [ [ [ 2.27955, 48.84238 ], [ 2.28172, 48.84164 ], [ 2.28203, 48.83999 ], [ 2.28019, 48.83909 ], [ 2.27802, 48.83983 ], [ 2.27771, 48.84148 ], [ 2.27955, 48.84238 ] ] ] } },
{ "type": "Feature", "properties": { "id": 867, "population": 0, "o_score_pt": 3103.845, "o_score_car": 3646.027, "CDI": 0.08 }, "geometry": { "type": "Polygon", "coordinates": [ [ [ 2.24123, 48.86057 ], [ 2.24123, 48.86057 ], [ 2.24125, 48.86046 ], [ 2.24125, 48.86046 ], [ 2.24123, 48.86057 ] ] ] } },
{ "type": "Feature", "properties": { "id": 868, "population": 2018, "o_score_pt": 5362.168, "o_score_car": 4362.065, "CDI": -0.103 }, "geometry": { "type": "Polygon", "coordinates": [ [ [ 2.3766, 48.83568 ], [ 2.3788, 48.83493 ], [ 2.37912, 48.83325 ], [ 2.37725, 48.83234 ], [ 2.37505, 48.83309 ], [ 2.37473, 48.83477 ], [ 2.3766, 48.83568 ] ] ] } },
{ "type": "Feature", "properties": { "id": 869, "population": 2911, "o_score_pt": 5521.836, "o_score_car": 4293.883, "CDI": -0.125 }, "geometry": { "type": "Polygon", "coordinates": [ [ [ 2.31905, 48.88685 ], [ 2.32137, 48.88606 ], [ 2.3217, 48.8843 ], [ 2.31971, 48.88333 ], [ 2.31739, 48.88413 ], [ 2.31706, 48.88589 ], [ 2.31905, 48.88685 ] ] ] } },
{ "type": "Feature", "properties": { "id": 870, "population": 2438, "o_score_pt": 4628.305, "o_score_car": 4142.831, "CDI": -0.055 }, "geometry": { "type": "Polygon", "coordinates": [ [ [ 2.39387, 48.87114 ], [ 2.39613, 48.87036 ], [ 2.39646, 48.86864 ], [ 2.39453, 48.8677 ], [ 2.39226, 48.86848 ], [ 2.39194, 48.8702 ], [ 2.39387, 48.87114 ] ] ] } },
{ "type": "Feature", "properties": { "id": 871, "population": 2001, "o_score_pt": 5233.144, "o_score_car": 3999.765, "CDI": -0.134 }, "geometry": { "type": "Polygon", "coordinates": [ [ [ 2.37726, 48.87843 ], [ 2.37946, 48.87768 ], [ 2.37977, 48.876 ], [ 2.3779, 48.87509 ], [ 2.3757, 48.87585 ], [ 2.37539, 48.87752 ], [ 2.37726, 48.87843 ] ] ] } },
{ "type": "Feature", "properties": { "id": 872, "population": 1575, "o_score_pt": 6255.212, "o_score_car": 4779.666, "CDI": -0.134 }, "geometry": { "type": "Polygon", "coordinates": [ [ [ 2.32675, 48.85764 ], [ 2.32887, 48.85691 ], [ 2.32917, 48.85529 ], [ 2.32738, 48.85441 ], [ 2.32525, 48.85514 ], [ 2.32495, 48.85676 ], [ 2.32675, 48.85764 ] ] ] } },
{ "type": "Feature", "properties": { "id": 873, "population": 2147, "o_score_pt": 6871.0, "o_score_car": 4759.197, "CDI": -0.182 }, "geometry": { "type": "Polygon", "coordinates": [ [ [ 2.3407, 48.85294 ], [ 2.34292, 48.85218 ], [ 2.34324, 48.85049 ], [ 2.34135, 48.84956 ], [ 2.33913, 48.85032 ], [ 2.33881, 48.85202 ], [ 2.3407, 48.85294 ] ] ] } },
{ "type": "Feature", "properties": { "id": 874, "population": 2741, "o_score_pt": 5481.443, "o_score_car": 4272.724, "CDI": -0.124 }, "geometry": { "type": "Polygon", "coordinates": [ [ [ 2.29411, 48.88048 ], [ 2.29641, 48.8797 ], [ 2.29674, 48.87795 ], [ 2.29477, 48.87699 ], [ 2.29247, 48.87778 ], [ 2.29214, 48.87952 ], [ 2.29411, 48.88048 ] ] ] } },
{ "type": "Feature", "properties": { "id": 875, "population": 51, "o_score_pt": 1881.691, "o_score_car": 3276.089, "CDI": 0.27 }, "geometry": { "type": "Polygon", "coordinates": [ [ [ 2.44179, 48.82405 ], [ 2.44281, 48.8237 ], [ 2.44297, 48.82286 ], [ 2.44222, 48.82249 ], [ 2.44119, 48.82284 ], [ 2.44104, 48.82368 ], [ 2.44179, 48.82405 ] ] ] } },
{ "type": "Feature", "properties": { "id": 876, "population": 2842, "o_score_pt": 4906.413, "o_score_car": 4214.815, "CDI": -0.076 }, "geometry": { "type": "Polygon", "coordinates": [ [ [ 2.29476, 48.88853 ], [ 2.29707, 48.88774 ], [ 2.2974, 48.88599 ], [ 2.29542, 48.88502 ], [ 2.29311, 48.88581 ], [ 2.29278, 48.88757 ], [ 2.29476, 48.88853 ] ] ] } },
{ "type": "Feature", "properties": { "id": 877, "population": 2995, "o_score_pt": 5931.422, "o_score_car": 4597.546, "CDI": -0.127 }, "geometry": { "type": "Polygon", "coordinates": [ [ [ 2.36296, 48.86193 ], [ 2.36529, 48.86114 ], [ 2.36562, 48.85937 ], [ 2.36363, 48.8584 ], [ 2.3613, 48.85919 ], [ 2.36097, 48.86096 ], [ 2.36296, 48.86193 ] ] ] } },
{ "type": "Feature", "properties": { "id": 878, "population": 3312, "o_score_pt": 6563.444, "o_score_car": 4717.545, "CDI": -0.164 }, "geometry": { "type": "Polygon", "coordinates": [ [ [ 2.36096, 48.87253 ], [ 2.36329, 48.87174 ], [ 2.36362, 48.86997 ], [ 2.36163, 48.869 ], [ 2.3593, 48.8698 ], [ 2.35897, 48.87156 ], [ 2.36096, 48.87253 ] ] ] } },
{ "type": "Feature", "properties": { "id": 879, "population": 2609, "o_score_pt": 5490.17, "o_score_car": 4235.5, "CDI": -0.129 }, "geometry": { "type": "Polygon", "coordinates": [ [ [ 2.35466, 48.84821 ], [ 2.35694, 48.84743 ], [ 2.35727, 48.84569 ], [ 2.35532, 48.84474 ], [ 2.35304, 48.84552 ], [ 2.35271, 48.84726 ], [ 2.35466, 48.84821 ] ] ] } },
{ "type": "Feature", "properties": { "id": 880, "population": 4501, "o_score_pt": 5752.526, "o_score_car": 4466.874, "CDI": -0.126 }, "geometry": { "type": "Polygon", "coordinates": [ [ [ 2.37758, 48.86519 ], [ 2.37991, 48.86439 ], [ 2.38024, 48.86263 ], [ 2.37825, 48.86166 ], [ 2.37592, 48.86245 ], [ 2.37559, 48.86422 ], [ 2.37758, 48.86519 ] ] ] } },
{ "type": "Feature", "properties": { "id": 881, "population": 2317, "o_score_pt": 6210.466, "o_score_car": 4556.555, "CDI": -0.154 }, "geometry": { "type": "Polygon", "coordinates": [ [ [ 2.37194, 48.84888 ], [ 2.37419, 48.84811 ], [ 2.37451, 48.8464 ], [ 2.3726, 48.84547 ], [ 2.37035, 48.84624 ], [ 2.37003, 48.84795 ], [ 2.37194, 48.84888 ] ] ] } },
{ "type": "Feature", "properties": { "id": 882, "population": 1509, "o_score_pt": 6245.297, "o_score_car": 4670.99, "CDI": -0.144 }, "geometry": { "type": "Polygon", "coordinates": [ [ [ 2.32408, 48.86019 ], [ 2.32619, 48.85947 ], [ 2.3265, 48.85786 ], [ 2.32471, 48.85699 ], [ 2.3226, 48.85771 ], [ 2.3223, 48.85932 ], [ 2.32408, 48.86019 ] ] ] } },
{ "type": "Feature", "properties": { "id": 883, "population": 1974, "o_score_pt": 5745.813, "o_score_car": 4385.796, "CDI": -0.134 }, "geometry": { "type": "Polygon", "coordinates": [ [ [ 2.30276, 48.88076 ], [ 2.30496, 48.88001 ], [ 2.30528, 48.87833 ], [ 2.30341, 48.87742 ], [ 2.30121, 48.87817 ], [ 2.3009, 48.87985 ], [ 2.30276, 48.88076 ] ] ] } },
{ "type": "Feature", "properties": { "id": 884, "population": 2081, "o_score_pt": 4838.619, "o_score_car": 4042.513, "CDI": -0.09 }, "geometry": { "type": "Polygon", "coordinates": [ [ [ 2.27688, 48.84498 ], [ 2.27909, 48.84422 ], [ 2.27941, 48.84254 ], [ 2.27753, 48.84162 ], [ 2.27531, 48.84237 ], [ 2.27499, 48.84406 ], [ 2.27688, 48.84498 ] ] ] } },
{ "type": "Feature", "properties": { "id": 885, "population": 2007, "o_score_pt": 4851.246, "o_score_car": 4126.932, "CDI": -0.081 }, "geometry": { "type": "Polygon", "coordinates": [ [ [ 2.27782, 48.8744 ], [ 2.28002, 48.87365 ], [ 2.28034, 48.87197 ], [ 2.27847, 48.87106 ], [ 2.27627, 48.87181 ], [ 2.27595, 48.87348 ], [ 2.27782, 48.8744 ] ] ] } },
{ "type": "Feature", "properties": { "id": 886, "population": 2890, "o_score_pt": 4530.175, "o_score_car": 4018.446, "CDI": -0.06 }, "geometry": { "type": "Polygon", "coordinates": [ [ [ 2.2861, 48.88818 ], [ 2.28842, 48.88739 ], [ 2.28876, 48.88563 ], [ 2.28677, 48.88467 ], [ 2.28445, 48.88546 ], [ 2.28412, 48.88722 ], [ 2.2861, 48.88818 ] ] ] } },
{ "type": "Feature", "properties": { "id": 887, "population": 291, "o_score_pt": 1814.111, "o_score_car": 3394.373, "CDI": 0.303 }, "geometry": { "type": "Polygon", "coordinates": [ [ [ 2.22468, 48.8557 ], [ 2.22626, 48.85516 ], [ 2.22649, 48.85392 ], [ 2.22521, 48.8533 ], [ 2.22363, 48.85384 ], [ 2.2234, 48.85507 ], [ 2.22468, 48.8557 ] ] ] } },
{ "type": "Feature", "properties": { "id": 888, "population": 2359, "o_score_pt": 4571.881, "o_score_car": 4161.124, "CDI": -0.047 }, "geometry": { "type": "Polygon", "coordinates": [ [ [ 2.36232, 48.81911 ], [ 2.36457, 48.81834 ], [ 2.36489, 48.81663 ], [ 2.36297, 48.81569 ], [ 2.36072, 48.81646 ], [ 2.3604, 48.81818 ], [ 2.36232, 48.81911 ] ] ] } },
{ "type": "Feature", "properties": { "id": 889, "population": 15, "o_score_pt": 2285.44, "o_score_car": 3472.506, "CDI": 0.206 }, "geometry": { "type": "Polygon", "coordinates": [ [ [ 2.42357, 48.82837 ], [ 2.42421, 48.82815 ], [ 2.42432, 48.82758 ], [ 2.42393, 48.82739 ], [ 2.42328, 48.82761 ], [ 2.42318, 48.82818 ], [ 2.42357, 48.82837 ] ] ] } },
{ "type": "Feature", "properties": { "id": 890, "population": 3263, "o_score_pt": 5439.652, "o_score_car": 4686.868, "CDI": -0.074 }, "geometry": { "type": "Polygon", "coordinates": [ [ [ 2.34602, 48.84789 ], [ 2.34834, 48.8471 ], [ 2.34868, 48.84533 ], [ 2.34668, 48.84436 ], [ 2.34436, 48.84515 ], [ 2.34402, 48.84692 ], [ 2.34602, 48.84789 ] ] ] } },
{ "type": "Feature", "properties": { "id": 891, "population": 1307, "o_score_pt": 5989.695, "o_score_car": 4798.487, "CDI": -0.11 }, "geometry": { "type": "Polygon", "coordinates": [ [ [ 2.33273, 48.86051 ], [ 2.33479, 48.8598 ], [ 2.33509, 48.85822 ], [ 2.33335, 48.85737 ], [ 2.33129, 48.85808 ], [ 2.33099, 48.85966 ], [ 2.33273, 48.86051 ] ] ] } },
{ "type": "Feature", "properties": { "id": 892, "population": 1467, "o_score_pt": 4776.751, "o_score_car": 4066.577, "CDI": -0.08 }, "geometry": { "type": "Polygon", "coordinates": [ [ [ 2.38325, 48.88127 ], [ 2.38535, 48.88055 ], [ 2.38565, 48.87894 ], [ 2.38388, 48.87808 ], [ 2.38178, 48.8788 ], [ 2.38147, 48.8804 ], [ 2.38325, 48.88127 ] ] ] } },
{ "type": "Feature", "properties": { "id": 893, "population": 2752, "o_score_pt": 5553.409, "o_score_car": 4382.212, "CDI": -0.118 }, "geometry": { "type": "Polygon", "coordinates": [ [ [ 2.31472, 48.88667 ], [ 2.31703, 48.88588 ], [ 2.31736, 48.88413 ], [ 2.31539, 48.88317 ], [ 2.31309, 48.88396 ], [ 2.31275, 48.88571 ], [ 2.31472, 48.88667 ] ] ] } },
{ "type": "Feature", "properties": { "id": 894, "population": 1713, "o_score_pt": 5675.724, "o_score_car": 4222.378, "CDI": -0.147 }, "geometry": { "type": "Polygon", "coordinates": [ [ [ 2.38259, 48.83855 ], [ 2.38473, 48.83782 ], [ 2.38504, 48.83618 ], [ 2.38322, 48.83529 ], [ 2.38107, 48.83602 ], [ 2.38076, 48.83766 ], [ 2.38259, 48.83855 ] ] ] } },
{ "type": "Feature", "properties": { "id": 895, "population": 0, "o_score_pt": 2029.192, "o_score_car": 3472.407, "CDI": 0.262 }, "geometry": { "type": "Polygon", "coordinates": [ [ [ 2.42805, 48.82811 ], [ 2.42805, 48.82811 ], [ 2.42807, 48.828 ], [ 2.42807, 48.828 ], [ 2.42805, 48.82811 ] ] ] } },
{ "type": "Feature", "properties": { "id": 896, "population": 92, "o_score_pt": 1702.02, "o_score_car": 3277.372, "CDI": 0.316 }, "geometry": { "type": "Polygon", "coordinates": [ [ [ 2.22904, 48.8556 ], [ 2.23025, 48.85519 ], [ 2.23044, 48.85421 ], [ 2.2295, 48.85376 ], [ 2.22829, 48.85417 ], [ 2.22811, 48.85514 ], [ 2.22904, 48.8556 ] ] ] } },
{ "type": "Feature", "properties": { "id": 897, "population": 1838, "o_score_pt": 4352.536, "o_score_car": 3964.11, "CDI": -0.047 }, "geometry": { "type": "Polygon", "coordinates": [ [ [ 2.2709, 48.84203 ], [ 2.27307, 48.84129 ], [ 2.27339, 48.83963 ], [ 2.27154, 48.83873 ], [ 2.26937, 48.83947 ], [ 2.26906, 48.84113 ], [ 2.2709, 48.84203 ] ] ] } },
{ "type": "Feature", "properties": { "id": 898, "population": 2463, "o_score_pt": 4967.144, "o_score_car": 3986.243, "CDI": -0.11 }, "geometry": { "type": "Polygon", "coordinates": [ [ [ 2.28214, 48.87462 ], [ 2.28441, 48.87385 ], [ 2.28474, 48.87213 ], [ 2.2828, 48.87118 ], [ 2.28053, 48.87196 ], [ 2.28021, 48.87368 ], [ 2.28214, 48.87462 ] ] ] } },
{ "type": "Feature", "properties": { "id": 899, "population": 2359, "o_score_pt": 5587.818, "o_score_car": 4285.955, "CDI": -0.132 }, "geometry": { "type": "Polygon", "coordinates": [ [ [ 2.29678, 48.87788 ], [ 2.29903, 48.87711 ], [ 2.29935, 48.8754 ], [ 2.29743, 48.87447 ], [ 2.29518, 48.87523 ], [ 2.29485, 48.87695 ], [ 2.29678, 48.87788 ] ] ] } },
{ "type": "Feature", "properties": { "id": 900, "population": 3763, "o_score_pt": 6070.204, "o_score_car": 4536.03, "CDI": -0.145 }, "geometry": { "type": "Polygon", "coordinates": [ [ [ 2.3819, 48.86537 ], [ 2.38423, 48.86457 ], [ 2.38456, 48.8628 ], [ 2.38257, 48.86183 ], [ 2.38024, 48.86263 ], [ 2.37991, 48.86439 ], [ 2.3819, 48.86537 ] ] ] } },
{ "type": "Feature", "properties": { "id": 901, "population": 2275, "o_score_pt": 5951.55, "o_score_car": 4518.295, "CDI": -0.137 }, "geometry": { "type": "Polygon", "coordinates": [ [ [ 2.37626, 48.84905 ], [ 2.3785, 48.84828 ], [ 2.37882, 48.84658 ], [ 2.37691, 48.84565 ], [ 2.37468, 48.84641 ], [ 2.37435, 48.84812 ], [ 2.37626, 48.84905 ] ] ] } },
{ "type": "Feature", "properties": { "id": 902, "population": 1889, "o_score_pt": 5624.526, "o_score_car": 4415.79, "CDI": -0.12 }, "geometry": { "type": "Polygon", "coordinates": [ [ [ 2.35899, 48.84831 ], [ 2.36117, 48.84756 ], [ 2.36148, 48.8459 ], [ 2.35963, 48.845 ], [ 2.35745, 48.84574 ], [ 2.35714, 48.8474 ], [ 2.35899, 48.84831 ] ] ] } },
{ "type": "Feature", "properties": { "id": 903, "population": 3235, "o_score_pt": 5963.821, "o_score_car": 4659.665, "CDI": -0.123 }, "geometry": { "type": "Polygon", "coordinates": [ [ [ 2.36528, 48.87271 ], [ 2.36761, 48.87191 ], [ 2.36794, 48.87014 ], [ 2.36595, 48.86917 ], [ 2.36362, 48.86997 ], [ 2.36329, 48.87174 ], [ 2.36528, 48.87271 ] ] ] } },
{ "type": "Feature", "properties": { "id": 904, "population": 1527, "o_score_pt": 6194.935, "o_score_car": 4768.648, "CDI": -0.13 }, "geometry": { "type": "Polygon", "coordinates": [ [ [ 2.357, 48.85886 ], [ 2.35911, 48.85813 ], [ 2.35941, 48.85652 ], [ 2.35762, 48.85565 ], [ 2.35551, 48.85637 ], [ 2.35521, 48.85799 ], [ 2.357, 48.85886 ] ] ] } },
{ "type": "Feature", "properties": { "id": 905, "population": 2305, "o_score_pt": 5280.588, "o_score_car": 3881.307, "CDI": -0.153 }, "geometry": { "type": "Polygon", "coordinates": [ [ [ 2.39919, 48.86599 ], [ 2.40143, 48.86523 ], [ 2.40175, 48.86352 ], [ 2.39984, 48.86259 ], [ 2.3976, 48.86336 ], [ 2.39728, 48.86506 ], [ 2.39919, 48.86599 ] ] ] } },
{ "type": "Feature", "properties": { "id": 906, "population": 3126, "o_score_pt": 4789.105, "o_score_car": 4073.393, "CDI": -0.081 }, "geometry": { "type": "Polygon", "coordinates": [ [ [ 2.38389, 48.88947 ], [ 2.38622, 48.88868 ], [ 2.38655, 48.88691 ], [ 2.38456, 48.88594 ], [ 2.38223, 48.88674 ], [ 2.3819, 48.8885 ], [ 2.38389, 48.88947 ] ] ] } },
{ "type": "Feature", "properties": { "id": 907, "population": 0, "o_score_pt": 3036.99, "o_score_car": 3571.788, "CDI": 0.081 }, "geometry": { "type": "Polygon", "coordinates": [ [ [ 2.24721, 48.86349 ], [ 2.24721, 48.86349 ], [ 2.24723, 48.86338 ], [ 2.24723, 48.86338 ], [ 2.24721, 48.86349 ] ] ] } },
{ "type": "Feature", "properties": { "id": 908, "population": 1936, "o_score_pt": 4485.719, "o_score_car": 3774.755, "CDI": -0.086 }, "geometry": { "type": "Polygon", "coordinates": [ [ [ 2.27522, 48.84222 ], [ 2.27741, 48.84147 ], [ 2.27773, 48.8398 ], [ 2.27587, 48.8389 ], [ 2.27368, 48.83964 ], [ 2.27336, 48.84131 ], [ 2.27522, 48.84222 ] ] ] } },
{ "type": "Feature", "properties": { "id": 909, "population": 421, "o_score_pt": 2678.128, "o_score_car": 3246.511, "CDI": 0.096 }, "geometry": { "type": "Polygon", "coordinates": [ [ [ 2.23295, 48.86949 ], [ 2.23465, 48.86891 ], [ 2.2349, 48.86759 ], [ 2.23351, 48.86691 ], [ 2.23181, 48.86749 ], [ 2.23156, 48.86881 ], [ 2.23295, 48.86949 ] ] ] } },
{ "type": "Feature", "properties": { "id": 910, "population": 2510, "o_score_pt": 4585.976, "o_score_car": 4241.379, "CDI": -0.039 }, "geometry": { "type": "Polygon", "coordinates": [ [ [ 2.37427, 48.82496 ], [ 2.37654, 48.82418 ], [ 2.37687, 48.82245 ], [ 2.37493, 48.82151 ], [ 2.37266, 48.82228 ], [ 2.37234, 48.82401 ], [ 2.37427, 48.82496 ] ] ] } },
{ "type": "Feature", "properties": { "id": 911, "population": 4372, "o_score_pt": 6033.385, "o_score_car": 4290.189, "CDI": -0.169 }, "geometry": { "type": "Polygon", "coordinates": [ [ [ 2.38091, 48.87067 ], [ 2.38323, 48.86987 ], [ 2.38356, 48.8681 ], [ 2.38157, 48.86713 ], [ 2.37924, 48.86793 ], [ 2.37891, 48.8697 ], [ 2.38091, 48.87067 ] ] ] } },
{ "type": "Feature", "properties": { "id": 912, "population": 1768, "o_score_pt": 5304.446, "o_score_car": 4103.725, "CDI": -0.128 }, "geometry": { "type": "Polygon", "coordinates": [ [ [ 2.38158, 48.87857 ], [ 2.38374, 48.87784 ], [ 2.38405, 48.87619 ], [ 2.38222, 48.8753 ], [ 2.38006, 48.87604 ], [ 2.37975, 48.87768 ], [ 2.38158, 48.87857 ] ] ] } },
{ "type": "Feature", "properties": { "id": 913, "population": 2543, "o_score_pt": 5443.881, "o_score_car": 4419.523, "CDI": -0.104 }, "geometry": { "type": "Polygon", "coordinates": [ [ [ 2.34636, 48.83451 ], [ 2.34864, 48.83373 ], [ 2.34896, 48.832 ], [ 2.34702, 48.83106 ], [ 2.34475, 48.83183 ], [ 2.34442, 48.83356 ], [ 2.34636, 48.83451 ] ] ] } },
{ "type": "Feature", "properties": { "id": 914, "population": 0, "o_score_pt": 2809.953, "o_score_car": 3621.187, "CDI": 0.126 }, "geometry": { "type": "Polygon", "coordinates": [ [ [ 2.24555, 48.86075 ], [ 2.24555, 48.86075 ], [ 2.24557, 48.86064 ], [ 2.24557, 48.86064 ], [ 2.24555, 48.86075 ] ] ] } },
{ "type": "Feature", "properties": { "id": 915, "population": 2046, "o_score_pt": 5146.049, "o_score_car": 4061.877, "CDI": -0.118 }, "geometry": { "type": "Polygon", "coordinates": [ [ [ 2.29683, 48.84312 ], [ 2.29904, 48.84237 ], [ 2.29936, 48.84069 ], [ 2.29748, 48.83977 ], [ 2.29527, 48.84052 ], [ 2.29496, 48.84221 ], [ 2.29683, 48.84312 ] ] ] } },
{ "type": "Feature", "properties": { "id": 916, "population": 1663, "o_score_pt": 5148.835, "o_score_car": 4417.927, "CDI": -0.076 }, "geometry": { "type": "Polygon", "coordinates": [ [ [ 2.38093, 48.83581 ], [ 2.38306, 48.83508 ], [ 2.38337, 48.83344 ], [ 2.38156, 48.83256 ], [ 2.37942, 48.83329 ], [ 2.37911, 48.83492 ], [ 2.38093, 48.83581 ] ] ] } },
{ "type": "Feature", "properties": { "id": 917, "population": 3131, "o_score_pt": 4840.715, "o_score_car": 3992.281, "CDI": -0.096 }, "geometry": { "type": "Polygon", "coordinates": [ [ [ 2.37591, 48.89716 ], [ 2.37824, 48.89637 ], [ 2.37857, 48.8946 ], [ 2.37658, 48.89363 ], [ 2.37425, 48.89443 ], [ 2.37392, 48.89619 ], [ 2.37591, 48.89716 ] ] ] } },
{ "type": "Feature", "properties": { "id": 918, "population": 2884, "o_score_pt": 5139.153, "o_score_car": 4294.449, "CDI": -0.09 }, "geometry": { "type": "Polygon", "coordinates": [ [ [ 2.30673, 48.89436 ], [ 2.30905, 48.89357 ], [ 2.30938, 48.89181 ], [ 2.3074, 48.89085 ], [ 2.30508, 48.89164 ], [ 2.30474, 48.8934 ], [ 2.30673, 48.89436 ] ] ] } },
{ "type": "Feature", "properties": { "id": 919, "population": 2628, "o_score_pt": 4708.037, "o_score_car": 4151.722, "CDI": -0.063 }, "geometry": { "type": "Polygon", "coordinates": [ [ [ 2.34836, 48.82392 ], [ 2.35065, 48.82313 ], [ 2.35098, 48.8214 ], [ 2.34902, 48.82044 ], [ 2.34674, 48.82122 ], [ 2.34641, 48.82296 ], [ 2.34836, 48.82392 ] ] ] } },
{ "type": "Feature", "properties": { "id": 920, "population": 2635, "o_score_pt": 5645.965, "o_score_car": 4234.615, "CDI": -0.143 }, "geometry": { "type": "Polygon", "coordinates": [ [ [ 2.37293, 48.87832 ], [ 2.37522, 48.87754 ], [ 2.37554, 48.8758 ], [ 2.37359, 48.87485 ], [ 2.3713, 48.87564 ], [ 2.37097, 48.87737 ], [ 2.37293, 48.87832 ] ] ] } },
{ "type": "Feature", "properties": { "id": 921, "population": 2565, "o_score_pt": 4980.376, "o_score_car": 4231.462, "CDI": -0.081 }, "geometry": { "type": "Polygon", "coordinates": [ [ [ 2.38955, 48.87097 ], [ 2.39183, 48.87019 ], [ 2.39215, 48.86846 ], [ 2.39021, 48.86752 ], [ 2.38793, 48.8683 ], [ 2.3876, 48.87003 ], [ 2.38955, 48.87097 ] ] ] } },
{ "type": "Feature", "properties": { "id": 922, "population": 2405, "o_score_pt": 5397.823, "o_score_car": 4013.198, "CDI": -0.147 }, "geometry": { "type": "Polygon", "coordinates": [ [ [ 2.27853, 48.84775 ], [ 2.28079, 48.84698 ], [ 2.28112, 48.84526 ], [ 2.27919, 48.84432 ], [ 2.27693, 48.84509 ], [ 2.2766, 48.84681 ], [ 2.27853, 48.84775 ] ] ] } },
{ "type": "Feature", "properties": { "id": 923, "population": 2917, "o_score_pt": 5740.272, "o_score_car": 4392.372, "CDI": -0.133 }, "geometry": { "type": "Polygon", "coordinates": [ [ [ 2.355, 48.8349 ], [ 2.35732, 48.8341 ], [ 2.35765, 48.83234 ], [ 2.35566, 48.83137 ], [ 2.35334, 48.83217 ], [ 2.35301, 48.83393 ], [ 2.355, 48.8349 ] ] ] } },
{ "type": "Feature", "properties": { "id": 924, "population": 2658, "o_score_pt": 5274.947, "o_score_car": 4361.185, "CDI": -0.095 }, "geometry": { "type": "Polygon", "coordinates": [ [ [ 2.37228, 48.83557 ], [ 2.37456, 48.83479 ], [ 2.37489, 48.83305 ], [ 2.37294, 48.8321 ], [ 2.37065, 48.83288 ], [ 2.37032, 48.83462 ], [ 2.37228, 48.83557 ] ] ] } },
{ "type": "Feature", "properties": { "id": 925, "population": 1730, "o_score_pt": 5090.204, "o_score_car": 4044.175, "CDI": -0.115 }, "geometry": { "type": "Polygon", "coordinates": [ [ [ 2.38757, 48.88148 ], [ 2.38972, 48.88074 ], [ 2.39003, 48.8791 ], [ 2.3882, 48.87821 ], [ 2.38605, 48.87895 ], [ 2.38574, 48.88059 ], [ 2.38757, 48.88148 ] ] ] } },
{ "type": "Feature", "properties": { "id": 926, "population": 3402, "o_score_pt": 5015.279, "o_score_car": 4123.431, "CDI": -0.098 }, "geometry": { "type": "Polygon", "coordinates": [ [ [ 2.37425, 48.89443 ], [ 2.37658, 48.89363 ], [ 2.37691, 48.89186 ], [ 2.37492, 48.89089 ], [ 2.37259, 48.89169 ], [ 2.37226, 48.89346 ], [ 2.37425, 48.89443 ] ] ] } },
{ "type": "Feature", "properties": { "id": 927, "population": 91, "o_score_pt": 2705.897, "o_score_car": 3532.708, "CDI": 0.133 }, "geometry": { "type": "Polygon", "coordinates": [ [ [ 2.4358, 48.82128 ], [ 2.437, 48.82087 ], [ 2.43718, 48.81989 ], [ 2.43626, 48.81944 ], [ 2.43505, 48.81986 ], [ 2.43487, 48.82083 ], [ 2.4358, 48.82128 ] ] ] } },
{ "type": "Feature", "properties": { "id": 928, "population": 1755, "o_score_pt": 3989.539, "o_score_car": 4206.128, "CDI": 0.026 }, "geometry": { "type": "Polygon", "coordinates": [ [ [ 2.34074, 48.81816 ], [ 2.34289, 48.81743 ], [ 2.3432, 48.81578 ], [ 2.34137, 48.81489 ], [ 2.33922, 48.81562 ], [ 2.33891, 48.81727 ], [ 2.34074, 48.81816 ] ] ] } },
{ "type": "Feature", "properties": { "id": 929, "population": 2860, "o_score_pt": 4858.527, "o_score_car": 4289.56, "CDI": -0.062 }, "geometry": { "type": "Polygon", "coordinates": [ [ [ 2.29908, 48.88871 ], [ 2.3014, 48.88792 ], [ 2.30173, 48.88616 ], [ 2.29975, 48.8852 ], [ 2.29743, 48.88599 ], [ 2.2971, 48.88774 ], [ 2.29908, 48.88871 ] ] ] } },
{ "type": "Feature", "properties": { "id": 930, "population": 2651, "o_score_pt": 4892.978, "o_score_car": 4116.185, "CDI": -0.086 }, "geometry": { "type": "Polygon", "coordinates": [ [ [ 2.41148, 48.85851 ], [ 2.41376, 48.85773 ], [ 2.41409, 48.85599 ], [ 2.41213, 48.85504 ], [ 2.40985, 48.85582 ], [ 2.40952, 48.85756 ], [ 2.41148, 48.85851 ] ] ] } },
{ "type": "Feature", "properties": { "id": 931, "population": 2657, "o_score_pt": 5491.213, "o_score_car": 4329.31, "CDI": -0.118 }, "geometry": { "type": "Polygon", "coordinates": [ [ [ 2.29079, 48.875 ], [ 2.29308, 48.87421 ], [ 2.29341, 48.87247 ], [ 2.29145, 48.87152 ], [ 2.28916, 48.8723 ], [ 2.28883, 48.87404 ], [ 2.29079, 48.875 ] ] ] } },
{ "type": "Feature", "properties": { "id": 932, "population": 2019, "o_score_pt": 6252.225, "o_score_car": 4451.047, "CDI": -0.168 }, "geometry": { "type": "Polygon", "coordinates": [ [ [ 2.38491, 48.84937 ], [ 2.38711, 48.84861 ], [ 2.38742, 48.84694 ], [ 2.38555, 48.84603 ], [ 2.38335, 48.84678 ], [ 2.38303, 48.84846 ], [ 2.38491, 48.84937 ] ] ] } },
{ "type": "Feature", "properties": { "id": 933, "population": 3762, "o_score_pt": 6214.117, "o_score_car": 4411.608, "CDI": -0.17 }, "geometry": { "type": "Polygon", "coordinates": [ [ [ 2.37392, 48.87306 ], [ 2.37625, 48.87226 ], [ 2.37658, 48.87049 ], [ 2.37459, 48.86952 ], [ 2.37226, 48.87032 ], [ 2.37193, 48.87208 ], [ 2.37392, 48.87306 ] ] ] } },
{ "type": "Feature", "properties": { "id": 934, "population": 4898, "o_score_pt": 6063.52, "o_score_car": 4520.976, "CDI": -0.146 }, "geometry": { "type": "Polygon", "coordinates": [ [ [ 2.37326, 48.86502 ], [ 2.37559, 48.86422 ], [ 2.37592, 48.86245 ], [ 2.37393, 48.86148 ], [ 2.3716, 48.86228 ], [ 2.37127, 48.86405 ], [ 2.37326, 48.86502 ] ] ] } },
{ "type": "Feature", "properties": { "id": 935, "population": 3156, "o_score_pt": 6262.602, "o_score_car": 4776.567, "CDI": -0.135 }, "geometry": { "type": "Polygon", "coordinates": [ [ [ 2.35034, 48.84807 ], [ 2.35266, 48.84727 ], [ 2.353, 48.8455 ], [ 2.351, 48.84453 ], [ 2.34868, 48.84533 ], [ 2.34834, 48.8471 ], [ 2.35034, 48.84807 ] ] ] } },
{ "type": "Feature", "properties": { "id": 936, "population": 539, "o_score_pt": 6268.804, "o_score_car": 4857.645, "CDI": -0.127 }, "geometry": { "type": "Polygon", "coordinates": [ [ [ 2.33708, 48.86047 ], [ 2.33886, 48.85986 ], [ 2.33912, 48.85848 ], [ 2.33765, 48.85777 ], [ 2.33587, 48.85837 ], [ 2.33561, 48.85975 ], [ 2.33708, 48.86047 ] ] ] } },
{ "type": "Feature", "properties": { "id": 937, "population": 2471, "o_score_pt": 5413.387, "o_score_car": 4383.664, "CDI": -0.105 }, "geometry": { "type": "Polygon", "coordinates": [ [ [ 2.30442, 48.88355 ], [ 2.30669, 48.88277 ], [ 2.30701, 48.88105 ], [ 2.30508, 48.88011 ], [ 2.30281, 48.88088 ], [ 2.30248, 48.88261 ], [ 2.30442, 48.88355 ] ] ] } },
{ "type": "Feature", "properties": { "id": 938, "population": 15, "o_score_pt": 2963.099, "o_score_car": 3549.974, "CDI": 0.09 }, "geometry": { "type": "Polygon", "coordinates": [ [ [ 2.23673, 48.86083 ], [ 2.23737, 48.86061 ], [ 2.23748, 48.86004 ], [ 2.23709, 48.85985 ], [ 2.23645, 48.86007 ], [ 2.23634, 48.86064 ], [ 2.23673, 48.86083 ] ] ] } },
{ "type": "Feature", "properties": { "id": 939, "population": 279, "o_score_pt": 3750.679, "o_score_car": 2939.673, "CDI": -0.121 }, "geometry": { "type": "Polygon", "coordinates": [ [ [ 2.44308, 48.84053 ], [ 2.44464, 48.84 ], [ 2.44487, 48.83877 ], [ 2.44361, 48.83815 ], [ 2.44204, 48.83869 ], [ 2.44181, 48.83992 ], [ 2.44308, 48.84053 ] ] ] } },
{ "type": "Feature", "properties": { "id": 940, "population": 2950, "o_score_pt": 5737.515, "o_score_car": 4110.257, "CDI": -0.165 }, "geometry": { "type": "Polygon", "coordinates": [ [ [ 2.31271, 48.89728 ], [ 2.31504, 48.89649 ], [ 2.31537, 48.89473 ], [ 2.31338, 48.89376 ], [ 2.31106, 48.89455 ], [ 2.31072, 48.89631 ], [ 2.31271, 48.89728 ] ] ] } },
{ "type": "Feature", "properties": { "id": 941, "population": 2355, "o_score_pt": 4748.953, "o_score_car": 4191.515, "CDI": -0.062 }, "geometry": { "type": "Polygon", "coordinates": [ [ [ 2.34671, 48.82115 ], [ 2.34896, 48.82038 ], [ 2.34928, 48.81867 ], [ 2.34736, 48.81773 ], [ 2.34511, 48.8185 ], [ 2.34479, 48.82021 ], [ 2.34671, 48.82115 ] ] ] } },
{ "type": "Feature", "properties": { "id": 942, "population": 2758, "o_score_pt": 5016.341, "o_score_car": 4182.903, "CDI": -0.091 }, "geometry": { "type": "Polygon", "coordinates": [ [ [ 2.36398, 48.82189 ], [ 2.36628, 48.8211 ], [ 2.3666, 48.81935 ], [ 2.36464, 48.81839 ], [ 2.36234, 48.81918 ], [ 2.36201, 48.82093 ], [ 2.36398, 48.82189 ] ] ] } },
{ "type": "Feature", "properties": { "id": 943, "population": 1670, "o_score_pt": 4974.351, "o_score_car": 4390.557, "CDI": -0.062 }, "geometry": { "type": "Polygon", "coordinates": [ [ [ 2.38624, 48.83068 ], [ 2.38838, 48.82995 ], [ 2.38869, 48.82831 ], [ 2.38687, 48.82743 ], [ 2.38473, 48.82816 ], [ 2.38443, 48.8298 ], [ 2.38624, 48.83068 ] ] ] } },
{ "type": "Feature", "properties": { "id": 944, "population": 958, "o_score_pt": 6140.423, "o_score_car": 4642.756, "CDI": -0.139 }, "geometry": { "type": "Polygon", "coordinates": [ [ [ 2.3151, 48.87307 ], [ 2.31707, 48.8724 ], [ 2.31735, 48.87089 ], [ 2.31571, 48.87009 ], [ 2.31374, 48.87076 ], [ 2.31346, 48.87227 ], [ 2.3151, 48.87307 ] ] ] } },
{ "type": "Feature", "properties": { "id": 945, "population": 1795, "o_score_pt": 5947.965, "o_score_car": 4546.794, "CDI": -0.134 }, "geometry": { "type": "Polygon", "coordinates": [ [ [ 2.33673, 48.83938 ], [ 2.33889, 48.83864 ], [ 2.33921, 48.83699 ], [ 2.33737, 48.83609 ], [ 2.33521, 48.83683 ], [ 2.33489, 48.83848 ], [ 2.33673, 48.83938 ] ] ] } },
{ "type": "Feature", "properties": { "id": 946, "population": 3030, "o_score_pt": 5544.957, "o_score_car": 4427.45, "CDI": -0.112 }, "geometry": { "type": "Polygon", "coordinates": [ [ [ 2.38988, 48.85767 ], [ 2.3922, 48.85688 ], [ 2.39254, 48.85511 ], [ 2.39054, 48.85414 ], [ 2.38822, 48.85494 ], [ 2.38789, 48.8567 ], [ 2.38988, 48.85767 ] ] ] } },
{ "type": "Feature", "properties": { "id": 947, "population": 1870, "o_score_pt": 5838.91, "o_score_car": 4303.101, "CDI": -0.151 }, "geometry": { "type": "Polygon", "coordinates": [ [ [ 2.38425, 48.84131 ], [ 2.38642, 48.84057 ], [ 2.38673, 48.83891 ], [ 2.38488, 48.83801 ], [ 2.38271, 48.83875 ], [ 2.3824, 48.84041 ], [ 2.38425, 48.84131 ] ] ] } },
{ "type": "Feature", "properties": { "id": 948, "population": 1992, "o_score_pt": 5637.961, "o_score_car": 4060.783, "CDI": -0.163 }, "geometry": { "type": "Polygon", "coordinates": [ [ [ 2.28517, 48.85867 ], [ 2.28737, 48.85792 ], [ 2.28769, 48.85624 ], [ 2.28582, 48.85533 ], [ 2.28362, 48.85608 ], [ 2.2833, 48.85776 ], [ 2.28517, 48.85867 ] ] ] } },
{ "type": "Feature", "properties": { "id": 949, "population": 2749, "o_score_pt": 5425.82, "o_score_car": 4048.035, "CDI": -0.145 }, "geometry": { "type": "Polygon", "coordinates": [ [ [ 2.28717, 48.84814 ], [ 2.28947, 48.84736 ], [ 2.28981, 48.84561 ], [ 2.28784, 48.84465 ], [ 2.28554, 48.84543 ], [ 2.2852, 48.84718 ], [ 2.28717, 48.84814 ] ] ] } },
{ "type": "Feature", "properties": { "id": 950, "population": 333, "o_score_pt": 3611.296, "o_score_car": 3448.492, "CDI": -0.023 }, "geometry": { "type": "Polygon", "coordinates": [ [ [ 2.44141, 48.83784 ], [ 2.44303, 48.83728 ], [ 2.44327, 48.83602 ], [ 2.44195, 48.83537 ], [ 2.44033, 48.83593 ], [ 2.44009, 48.8372 ], [ 2.44141, 48.83784 ] ] ] } },
{ "type": "Feature", "properties": { "id": 951, "population": 2717, "o_score_pt": 4157.768, "o_score_car": 3899.016, "CDI": -0.032 }, "geometry": { "type": "Polygon", "coordinates": [ [ [ 2.39587, 48.89527 ], [ 2.39816, 48.89448 ], [ 2.39849, 48.89274 ], [ 2.39653, 48.89178 ], [ 2.39423, 48.89257 ], [ 2.3939, 48.89431 ], [ 2.39587, 48.89527 ] ] ] } },
{ "type": "Feature", "properties": { "id": 952, "population": 740, "o_score_pt": 3178.497, "o_score_car": 3641.795, "CDI": 0.068 }, "geometry": { "type": "Polygon", "coordinates": [ [ [ 2.25954, 48.87875 ], [ 2.26142, 48.8781 ], [ 2.2617, 48.87666 ], [ 2.26013, 48.87589 ], [ 2.25825, 48.87653 ], [ 2.25797, 48.87798 ], [ 2.25954, 48.87875 ] ] ] } },
{ "type": "Feature", "properties": { "id": 953, "population": 1786, "o_score_pt": 5124.196, "o_score_car": 3837.858, "CDI": -0.144 }, "geometry": { "type": "Polygon", "coordinates": [ [ [ 2.33808, 48.82073 ], [ 2.34024, 48.81999 ], [ 2.34055, 48.81834 ], [ 2.33871, 48.81745 ], [ 2.33655, 48.81818 ], [ 2.33624, 48.81983 ], [ 2.33808, 48.82073 ] ] ] } },
{ "type": "Feature", "properties": { "id": 954, "population": 2287, "o_score_pt": 4637.121, "o_score_car": 4182.488, "CDI": -0.052 }, "geometry": { "type": "Polygon", "coordinates": [ [ [ 2.38457, 48.82802 ], [ 2.38681, 48.82725 ], [ 2.38713, 48.82555 ], [ 2.38522, 48.82462 ], [ 2.38298, 48.82538 ], [ 2.38266, 48.82709 ], [ 2.38457, 48.82802 ] ] ] } },
{ "type": "Feature", "properties": { "id": 955, "population": 895, "o_score_pt": 6438.091, "o_score_car": 4447.685, "CDI": -0.183 }, "geometry": { "type": "Polygon", "coordinates": [ [ [ 2.31345, 48.87031 ], [ 2.31539, 48.86965 ], [ 2.31567, 48.86816 ], [ 2.31404, 48.86737 ], [ 2.3121, 48.86803 ], [ 2.31182, 48.86952 ], [ 2.31345, 48.87031 ] ] ] } },
{ "type": "Feature", "properties": { "id": 956, "population": 2584, "o_score_pt": 5857.45, "o_score_car": 4385.834, "CDI": -0.144 }, "geometry": { "type": "Polygon", "coordinates": [ [ [ 2.33036, 48.88461 ], [ 2.33264, 48.88383 ], [ 2.33297, 48.8821 ], [ 2.33102, 48.88115 ], [ 2.32874, 48.88193 ], [ 2.32841, 48.88366 ], [ 2.33036, 48.88461 ] ] ] } },
{ "type": "Feature", "properties": { "id": 957, "population": 961, "o_score_pt": 5821.569, "o_score_car": 4476.342, "CDI": -0.131 }, "geometry": { "type": "Polygon", "coordinates": [ [ [ 2.30746, 48.86741 ], [ 2.30943, 48.86674 ], [ 2.30971, 48.86524 ], [ 2.30806, 48.86443 ], [ 2.3061, 48.8651 ], [ 2.30581, 48.86661 ], [ 2.30746, 48.86741 ] ] ] } },
{ "type": "Feature", "properties": { "id": 958, "population": 1439, "o_score_pt": 5722.083, "o_score_car": 4201.194, "CDI": -0.153 }, "geometry": { "type": "Polygon", "coordinates": [ [ [ 2.39289, 48.84159 ], [ 2.39498, 48.84088 ], [ 2.39528, 48.83928 ], [ 2.39351, 48.83842 ], [ 2.39142, 48.83913 ], [ 2.39112, 48.84073 ], [ 2.39289, 48.84159 ] ] ] } },
{ "type": "Feature", "properties": { "id": 959, "population": 2003, "o_score_pt": 4392.216, "o_score_car": 4153.945, "CDI": -0.028 }, "geometry": { "type": "Polygon", "coordinates": [ [ [ 2.36664, 48.81925 ], [ 2.36884, 48.8185 ], [ 2.36916, 48.81682 ], [ 2.36729, 48.81591 ], [ 2.36509, 48.81666 ], [ 2.36477, 48.81834 ], [ 2.36664, 48.81925 ] ] ] } },
{ "type": "Feature", "properties": { "id": 960, "population": 2823, "o_score_pt": 4942.77, "o_score_car": 4112.374, "CDI": -0.092 }, "geometry": { "type": "Polygon", "coordinates": [ [ [ 2.29043, 48.88835 ], [ 2.29274, 48.88756 ], [ 2.29308, 48.88581 ], [ 2.2911, 48.88485 ], [ 2.28879, 48.88564 ], [ 2.28845, 48.88739 ], [ 2.29043, 48.88835 ] ] ] } },
{ "type": "Feature", "properties": { "id": 961, "population": 2230, "o_score_pt": 4107.516, "o_score_car": 3995.606, "CDI": -0.014 }, "geometry": { "type": "Polygon", "coordinates": [ [ [ 2.38789, 48.90291 ], [ 2.39013, 48.90215 ], [ 2.39045, 48.90045 ], [ 2.38854, 48.89952 ], [ 2.38631, 48.90029 ], [ 2.38599, 48.90198 ], [ 2.38789, 48.90291 ] ] ] } },
{ "type": "Feature", "properties": { "id": 962, "population": 2293, "o_score_pt": 4431.662, "o_score_car": 4161.172, "CDI": -0.031 }, "geometry": { "type": "Polygon", "coordinates": [ [ [ 2.41314, 48.86121 ], [ 2.41538, 48.86044 ], [ 2.4157, 48.85874 ], [ 2.41379, 48.85781 ], [ 2.41155, 48.85858 ], [ 2.41123, 48.86028 ], [ 2.41314, 48.86121 ] ] ] } },
{ "type": "Feature", "properties": { "id": 963, "population": 1928, "o_score_pt": 5169.393, "o_score_car": 4368.212, "CDI": -0.084 }, "geometry": { "type": "Polygon", "coordinates": [ [ [ 2.33009, 48.82844 ], [ 2.33228, 48.82769 ], [ 2.33259, 48.82602 ], [ 2.33074, 48.82512 ], [ 2.32855, 48.82586 ], [ 2.32823, 48.82753 ], [ 2.33009, 48.82844 ] ] ] } },
{ "type": "Feature", "properties": { "id": 964, "population": 2740, "o_score_pt": 5655.053, "o_score_car": 4253.303, "CDI": -0.141 }, "geometry": { "type": "Polygon", "coordinates": [ [ [ 2.29245, 48.87774 ], [ 2.29475, 48.87696 ], [ 2.29508, 48.87521 ], [ 2.29311, 48.87425 ], [ 2.29081, 48.87504 ], [ 2.29048, 48.87678 ], [ 2.29245, 48.87774 ] ] ] } },
{ "type": "Feature", "properties": { "id": 965, "population": 3495, "o_score_pt": 5884.203, "o_score_car": 4370.558, "CDI": -0.148 }, "geometry": { "type": "Polygon", "coordinates": [ [ [ 2.31411, 48.84392 ], [ 2.31644, 48.84313 ], [ 2.31677, 48.84136 ], [ 2.31478, 48.84039 ], [ 2.31245, 48.84118 ], [ 2.31212, 48.84295 ], [ 2.31411, 48.84392 ] ] ] } },
{ "type": "Feature", "properties": { "id": 966, "population": 1510, "o_score_pt": 5891.398, "o_score_car": 4715.243, "CDI": -0.111 }, "geometry": { "type": "Polygon", "coordinates": [ [ [ 2.32509, 48.85489 ], [ 2.3272, 48.85417 ], [ 2.3275, 48.85256 ], [ 2.32572, 48.85169 ], [ 2.32361, 48.85241 ], [ 2.3233, 48.85402 ], [ 2.32509, 48.85489 ] ] ] } },
{ "type": "Feature", "properties": { "id": 967, "population": 2886, "o_score_pt": 5741.38, "o_score_car": 4332.038, "CDI": -0.14 }, "geometry": { "type": "Polygon", "coordinates": [ [ [ 2.38656, 48.85219 ], [ 2.38887, 48.8514 ], [ 2.3892, 48.84964 ], [ 2.38722, 48.84868 ], [ 2.38491, 48.84947 ], [ 2.38457, 48.85123 ], [ 2.38656, 48.85219 ] ] ] } },
{ "type": "Feature", "properties": { "id": 968, "population": 2585, "o_score_pt": 5938.092, "o_score_car": 4186.275, "CDI": -0.173 }, "geometry": { "type": "Polygon", "coordinates": [ [ [ 2.37559, 48.87576 ], [ 2.37787, 48.87498 ], [ 2.3782, 48.87324 ], [ 2.37625, 48.87229 ], [ 2.37397, 48.87307 ], [ 2.37364, 48.87481 ], [ 2.37559, 48.87576 ] ] ] } },
{ "type": "Feature", "properties": { "id": 969, "population": 1736, "o_score_pt": 5874.509, "o_score_car": 4597.35, "CDI": -0.122 }, "geometry": { "type": "Polygon", "coordinates": [ [ [ 2.33839, 48.84211 ], [ 2.34054, 48.84137 ], [ 2.34085, 48.83973 ], [ 2.33903, 48.83884 ], [ 2.33688, 48.83957 ], [ 2.33657, 48.84122 ], [ 2.33839, 48.84211 ] ] ] } },
{ "type": "Feature", "properties": { "id": 970, "population": 4429, "o_score_pt": 6487.877, "o_score_car": 4705.757, "CDI": -0.159 }, "geometry": { "type": "Polygon", "coordinates": [ [ [ 2.36728, 48.86211 ], [ 2.36961, 48.86131 ], [ 2.36994, 48.85954 ], [ 2.36795, 48.85857 ], [ 2.36562, 48.85937 ], [ 2.36529, 48.86114 ], [ 2.36728, 48.86211 ] ] ] } },
{ "type": "Feature", "properties": { "id": 971, "population": 1, "o_score_pt": 3160.867, "o_score_car": 3311.983, "CDI": 0.023 }, "geometry": { "type": "Polygon", "coordinates": [ [ [ 2.44266, 48.83136 ], [ 2.44266, 48.83136 ], [ 2.44268, 48.83125 ], [ 2.44268, 48.83125 ], [ 2.44266, 48.83136 ] ] ] } },
{ "type": "Feature", "properties": { "id": 972, "population": 140, "o_score_pt": 3328.487, "o_score_car": 3542.885, "CDI": 0.031 }, "geometry": { "type": "Polygon", "coordinates": [ [ [ 2.43281, 48.83728 ], [ 2.43415, 48.83682 ], [ 2.43435, 48.83575 ], [ 2.43329, 48.83524 ], [ 2.43195, 48.8357 ], [ 2.43175, 48.83677 ], [ 2.43281, 48.83728 ] ] ] } },
{ "type": "Feature", "properties": { "id": 973, "population": 3155, "o_score_pt": 4781.813, "o_score_car": 3783.433, "CDI": -0.117 }, "geometry": { "type": "Polygon", "coordinates": [ [ [ 2.37758, 48.8999 ], [ 2.3799, 48.8991 ], [ 2.38024, 48.89734 ], [ 2.37824, 48.89637 ], [ 2.37591, 48.89716 ], [ 2.37558, 48.89893 ], [ 2.37758, 48.8999 ] ] ] } },
{ "type": "Feature", "properties": { "id": 974, "population": 909, "o_score_pt": 2833.233, "o_score_car": 3727.963, "CDI": 0.136 }, "geometry": { "type": "Polygon", "coordinates": [ [ [ 2.24563, 48.84883 ], [ 2.24757, 48.84816 ], [ 2.24786, 48.84667 ], [ 2.24623, 48.84587 ], [ 2.24428, 48.84654 ], [ 2.244, 48.84803 ], [ 2.24563, 48.84883 ] ] ] } },
{ "type": "Feature", "properties": { "id": 975, "population": 2990, "o_score_pt": 5000.721, "o_score_car": 4086.217, "CDI": -0.101 }, "geometry": { "type": "Polygon", "coordinates": [ [ [ 2.28753, 48.83482 ], [ 2.28985, 48.83402 ], [ 2.29019, 48.83225 ], [ 2.2882, 48.83128 ], [ 2.28587, 48.83208 ], [ 2.28553, 48.83384 ], [ 2.28753, 48.83482 ] ] ] } },
{ "type": "Feature", "properties": { "id": 976, "population": 4137, "o_score_pt": 5430.85, "o_score_car": 4234.459, "CDI": -0.124 }, "geometry": { "type": "Polygon", "coordinates": [ [ [ 2.37958, 48.85459 ], [ 2.3819, 48.85379 ], [ 2.38224, 48.85203 ], [ 2.38024, 48.85106 ], [ 2.37792, 48.85185 ], [ 2.37758, 48.85362 ], [ 2.37958, 48.85459 ] ] ] } },
{ "type": "Feature", "properties": { "id": 977, "population": 2363, "o_score_pt": 5977.414, "o_score_car": 4338.794, "CDI": -0.159 }, "geometry": { "type": "Polygon", "coordinates": [ [ [ 2.3287, 48.88185 ], [ 2.33096, 48.88108 ], [ 2.33128, 48.87937 ], [ 2.32936, 48.87843 ], [ 2.32711, 48.8792 ], [ 2.32678, 48.88092 ], [ 2.3287, 48.88185 ] ] ] } },
{ "type": "Feature", "properties": { "id": 978, "population": 2290, "o_score_pt": 6351.476, "o_score_car": 4300.765, "CDI": -0.193 }, "geometry": { "type": "Polygon", "coordinates": [ [ [ 2.3746, 48.84631 ], [ 2.37684, 48.84555 ], [ 2.37717, 48.84384 ], [ 2.37525, 48.84291 ], [ 2.37301, 48.84368 ], [ 2.37269, 48.84538 ], [ 2.3746, 48.84631 ] ] ] } },
{ "type": "Feature", "properties": { "id": 979, "population": 779, "o_score_pt": 5649.806, "o_score_car": 4453.931, "CDI": -0.118 }, "geometry": { "type": "Polygon", "coordinates": [ [ [ 2.3048, 48.86993 ], [ 2.3067, 48.86928 ], [ 2.30698, 48.86782 ], [ 2.30539, 48.86705 ], [ 2.3035, 48.8677 ], [ 2.30322, 48.86916 ], [ 2.3048, 48.86993 ] ] ] } },
{ "type": "Feature", "properties": { "id": 980, "population": 2823, "o_score_pt": 5744.246, "o_score_car": 4402.731, "CDI": -0.132 }, "geometry": { "type": "Polygon", "coordinates": [ [ [ 2.35666, 48.83763 ], [ 2.35897, 48.83684 ], [ 2.3593, 48.83508 ], [ 2.35732, 48.83412 ], [ 2.35501, 48.83491 ], [ 2.35468, 48.83666 ], [ 2.35666, 48.83763 ] ] ] } },
{ "type": "Feature", "properties": { "id": 981, "population": 1143, "o_score_pt": 4970.56, "o_score_car": 4501.806, "CDI": -0.049 }, "geometry": { "type": "Polygon", "coordinates": [ [ [ 2.3058, 48.86472 ], [ 2.30782, 48.86403 ], [ 2.30811, 48.86248 ], [ 2.30641, 48.86165 ], [ 2.30439, 48.86234 ], [ 2.3041, 48.86389 ], [ 2.3058, 48.86472 ] ] ] } },
{ "type": "Feature", "properties": { "id": 982, "population": 1680, "o_score_pt": 5369.15, "o_score_car": 4134.797, "CDI": -0.13 }, "geometry": { "type": "Polygon", "coordinates": [ [ [ 2.39886, 48.84454 ], [ 2.401, 48.84381 ], [ 2.40131, 48.84217 ], [ 2.39949, 48.84129 ], [ 2.39736, 48.84202 ], [ 2.39705, 48.84366 ], [ 2.39886, 48.84454 ] ] ] } },
{ "type": "Feature", "properties": { "id": 983, "population": 1769, "o_score_pt": 5713.158, "o_score_car": 4211.856, "CDI": -0.151 }, "geometry": { "type": "Polygon", "coordinates": [ [ [ 2.3879, 48.83343 ], [ 2.39006, 48.83269 ], [ 2.39037, 48.83105 ], [ 2.38853, 48.83015 ], [ 2.38638, 48.83089 ], [ 2.38607, 48.83254 ], [ 2.3879, 48.83343 ] ] ] } },
{ "type": "Feature", "properties": { "id": 984, "population": 3050, "o_score_pt": 4893.602, "o_score_car": 4095.084, "CDI": -0.089 }, "geometry": { "type": "Polygon", "coordinates": [ [ [ 2.38622, 48.90025 ], [ 2.38855, 48.89945 ], [ 2.38888, 48.89768 ], [ 2.38689, 48.89671 ], [ 2.38456, 48.89751 ], [ 2.38423, 48.89928 ], [ 2.38622, 48.90025 ] ] ] } },
{ "type": "Feature", "properties": { "id": 985, "population": 184, "o_score_pt": 4083.84, "o_score_car": 3333.296, "CDI": -0.101 }, "geometry": { "type": "Polygon", "coordinates": [ [ [ 2.44476, 48.84317 ], [ 2.44619, 48.84268 ], [ 2.4464, 48.84154 ], [ 2.44526, 48.84099 ], [ 2.44383, 48.84148 ], [ 2.44362, 48.84261 ], [ 2.44476, 48.84317 ] ] ] } },
{ "type": "Feature", "properties": { "id": 986, "population": 2582, "o_score_pt": 5885.742, "o_score_car": 4513.32, "CDI": -0.132 }, "geometry": { "type": "Polygon", "coordinates": [ [ [ 2.34868, 48.84529 ], [ 2.35096, 48.84451 ], [ 2.35129, 48.84278 ], [ 2.34934, 48.84183 ], [ 2.34706, 48.84261 ], [ 2.34673, 48.84434 ], [ 2.34868, 48.84529 ] ] ] } },
{ "type": "Feature", "properties": { "id": 987, "population": 2897, "o_score_pt": 5971.49, "o_score_car": 4411.843, "CDI": -0.15 }, "geometry": { "type": "Polygon", "coordinates": [ [ [ 2.35032, 48.88278 ], [ 2.35263, 48.88198 ], [ 2.35297, 48.88023 ], [ 2.35098, 48.87926 ], [ 2.34866, 48.88005 ], [ 2.34833, 48.88181 ], [ 2.35032, 48.88278 ] ] ] } },
{ "type": "Feature", "properties": { "id": 988, "population": 996, "o_score_pt": 6498.873, "o_score_car": 4554.388, "CDI": -0.176 }, "geometry": { "type": "Polygon", "coordinates": [ [ [ 2.31676, 48.87582 ], [ 2.31874, 48.87514 ], [ 2.31902, 48.87363 ], [ 2.31737, 48.87282 ], [ 2.31539, 48.87349 ], [ 2.3151, 48.87501 ], [ 2.31676, 48.87582 ] ] ] } },
{ "type": "Feature", "properties": { "id": 989, "population": 2093, "o_score_pt": 5248.129, "o_score_car": 4315.603, "CDI": -0.098 }, "geometry": { "type": "Polygon", "coordinates": [ [ [ 2.29713, 48.86451 ], [ 2.29935, 48.86376 ], [ 2.29967, 48.86207 ], [ 2.29778, 48.86115 ], [ 2.29557, 48.86191 ], [ 2.29525, 48.86359 ], [ 2.29713, 48.86451 ] ] ] } },
{ "type": "Feature", "properties": { "id": 990, "population": 2602, "o_score_pt": 4799.004, "o_score_car": 4063.651, "CDI": -0.083 }, "geometry": { "type": "Polygon", "coordinates": [ [ [ 2.40185, 48.86346 ], [ 2.40413, 48.86268 ], [ 2.40445, 48.86094 ], [ 2.4025, 48.86 ], [ 2.40022, 48.86078 ], [ 2.39989, 48.86251 ], [ 2.40185, 48.86346 ] ] ] } },
{ "type": "Feature", "properties": { "id": 991, "population": 3817, "o_score_pt": 4657.679, "o_score_car": 4007.363, "CDI": -0.075 }, "geometry": { "type": "Polygon", "coordinates": [ [ [ 2.35163, 48.89886 ], [ 2.35396, 48.89806 ], [ 2.3543, 48.8963 ], [ 2.3523, 48.89533 ], [ 2.34997, 48.89612 ], [ 2.34964, 48.89789 ], [ 2.35163, 48.89886 ] ] ] } },
{ "type": "Feature", "properties": { "id": 992, "population": 2472, "o_score_pt": 5407.128, "o_score_car": 4317.013, "CDI": -0.112 }, "geometry": { "type": "Polygon", "coordinates": [ [ [ 2.3663, 48.83264 ], [ 2.36856, 48.83187 ], [ 2.36889, 48.83014 ], [ 2.36695, 48.8292 ], [ 2.36469, 48.82998 ], [ 2.36437, 48.8317 ], [ 2.3663, 48.83264 ] ] ] } },
{ "type": "Feature", "properties": { "id": 993, "population": 540, "o_score_pt": 4464.833, "o_score_car": 3946.56, "CDI": -0.062 }, "geometry": { "type": "Polygon", "coordinates": [ [ [ 2.27022, 48.86842 ], [ 2.272, 48.86781 ], [ 2.27226, 48.86644 ], [ 2.27079, 48.86572 ], [ 2.26901, 48.86633 ], [ 2.26875, 48.8677 ], [ 2.27022, 48.86842 ] ] ] } },
{ "type": "Feature", "properties": { "id": 994, "population": 1008, "o_score_pt": 5708.647, "o_score_car": 4351.686, "CDI": -0.135 }, "geometry": { "type": "Polygon", "coordinates": [ [ [ 2.31646, 48.85444 ], [ 2.31843, 48.85376 ], [ 2.31872, 48.85224 ], [ 2.31706, 48.85143 ], [ 2.31508, 48.85211 ], [ 2.31479, 48.85363 ], [ 2.31646, 48.85444 ] ] ] } },
{ "type": "Feature", "properties": { "id": 995, "population": 974, "o_score_pt": 4702.728, "o_score_car": 3874.54, "CDI": -0.097 }, "geometry": { "type": "Polygon", "coordinates": [ [ [ 2.26624, 48.85504 ], [ 2.2682, 48.85437 ], [ 2.26849, 48.85286 ], [ 2.26684, 48.85205 ], [ 2.26487, 48.85272 ], [ 2.26458, 48.85424 ], [ 2.26624, 48.85504 ] ] ] } },
{ "type": "Feature", "properties": { "id": 996, "population": 1931, "o_score_pt": 6058.492, "o_score_car": 4532.326, "CDI": -0.144 }, "geometry": { "type": "Polygon", "coordinates": [ [ [ 2.33241, 48.83922 ], [ 2.3346, 48.83847 ], [ 2.33491, 48.8368 ], [ 2.33305, 48.8359 ], [ 2.33087, 48.83664 ], [ 2.33055, 48.83831 ], [ 2.33241, 48.83922 ] ] ] } },
{ "type": "Feature", "properties": { "id": 997, "population": 3451, "o_score_pt": 6218.252, "o_score_car": 4359.264, "CDI": -0.176 }, "geometry": { "type": "Polygon", "coordinates": [ [ [ 2.36494, 48.88604 ], [ 2.36727, 48.88525 ], [ 2.3676, 48.88348 ], [ 2.36561, 48.88251 ], [ 2.36328, 48.88331 ], [ 2.36295, 48.88507 ], [ 2.36494, 48.88604 ] ] ] } },
{ "type": "Feature", "properties": { "id": 998, "population": 2804, "o_score_pt": 6052.492, "o_score_car": 4454.313, "CDI": -0.152 }, "geometry": { "type": "Polygon", "coordinates": [ [ [ 2.3643, 48.84328 ], [ 2.3666, 48.84249 ], [ 2.36693, 48.84073 ], [ 2.36496, 48.83977 ], [ 2.36266, 48.84056 ], [ 2.36232, 48.84231 ], [ 2.3643, 48.84328 ] ] ] } },
{ "type": "Feature", "properties": { "id": 999, "population": 1331, "o_score_pt": 6337.172, "o_score_car": 4882.479, "CDI": -0.13 }, "geometry": { "type": "Polygon", "coordinates": [ [ [ 2.35534, 48.85608 ], [ 2.35741, 48.85538 ], [ 2.35771, 48.8538 ], [ 2.35596, 48.85295 ], [ 2.35389, 48.85365 ], [ 2.35359, 48.85523 ], [ 2.35534, 48.85608 ] ] ] } },
{ "type": "Feature", "properties": { "id": 1000, "population": 2322, "o_score_pt": 4913.729, "o_score_car": 4020.434, "CDI": -0.1 }, "geometry": { "type": "Polygon", "coordinates": [ [ [ 2.39986, 48.87403 ], [ 2.4021, 48.87326 ], [ 2.40242, 48.87155 ], [ 2.40051, 48.87062 ], [ 2.39826, 48.87139 ], [ 2.39794, 48.8731 ], [ 2.39986, 48.87403 ] ] ] } },
{ "type": "Feature", "properties": { "id": 1001, "population": 1324, "o_score_pt": 4802.603, "o_score_car": 3968.351, "CDI": -0.095 }, "geometry": { "type": "Polygon", "coordinates": [ [ [ 2.26558, 48.84707 ], [ 2.26765, 48.84637 ], [ 2.26795, 48.84479 ], [ 2.2662, 48.84393 ], [ 2.26413, 48.84464 ], [ 2.26383, 48.84622 ], [ 2.26558, 48.84707 ] ] ] } },
{ "type": "Feature", "properties": { "id": 1002, "population": 20, "o_score_pt": 3163.392, "o_score_car": 3462.529, "CDI": 0.045 }, "geometry": { "type": "Polygon", "coordinates": [ [ [ 2.25035, 48.86948 ], [ 2.25108, 48.86923 ], [ 2.2512, 48.86859 ], [ 2.25072, 48.86836 ], [ 2.24999, 48.86861 ], [ 2.24987, 48.86925 ], [ 2.25035, 48.86948 ] ] ] } },
{ "type": "Feature", "properties": { "id": 1003, "population": 1563, "o_score_pt": 4721.825, "o_score_car": 4282.156, "CDI": -0.049 }, "geometry": { "type": "Polygon", "coordinates": [ [ [ 2.39654, 48.83375 ], [ 2.39866, 48.83303 ], [ 2.39896, 48.83141 ], [ 2.39717, 48.83053 ], [ 2.39505, 48.83126 ], [ 2.39475, 48.83288 ], [ 2.39654, 48.83375 ] ] ] } },
{ "type": "Feature", "properties": { "id": 1004, "population": 66, "o_score_pt": 2791.307, "o_score_car": 3305.296, "CDI": 0.084 }, "geometry": { "type": "Polygon", "coordinates": [ [ [ 2.46237, 48.83027 ], [ 2.46347, 48.82989 ], [ 2.46364, 48.82899 ], [ 2.46281, 48.82859 ], [ 2.4617, 48.82897 ], [ 2.46154, 48.82987 ], [ 2.46237, 48.83027 ] ] ] } },
{ "type": "Feature", "properties": { "id": 1005, "population": 0, "o_score_pt": 3630.661, "o_score_car": 3130.825, "CDI": -0.074 }, "geometry": { "type": "Polygon", "coordinates": [ [ [ 2.45363, 48.84248 ], [ 2.45363, 48.84248 ], [ 2.45365, 48.84237 ], [ 2.45365, 48.84237 ], [ 2.45363, 48.84248 ] ] ] } },
{ "type": "Feature", "properties": { "id": 1006, "population": 3868, "o_score_pt": 5818.939, "o_score_car": 3962.94, "CDI": -0.19 }, "geometry": { "type": "Polygon", "coordinates": [ [ [ 2.41081, 48.8505 ], [ 2.41313, 48.84971 ], [ 2.41346, 48.84794 ], [ 2.41147, 48.84697 ], [ 2.40915, 48.84777 ], [ 2.40881, 48.84953 ], [ 2.41081, 48.8505 ] ] ] } },
{ "type": "Feature", "properties": { "id": 1007, "population": 1477, "o_score_pt": 6801.989, "o_score_car": 4680.2, "CDI": -0.185 }, "geometry": { "type": "Polygon", "coordinates": [ [ [ 2.3254, 48.87626 ], [ 2.3275, 48.87554 ], [ 2.3278, 48.87394 ], [ 2.32603, 48.87307 ], [ 2.32392, 48.87379 ], [ 2.32362, 48.8754 ], [ 2.3254, 48.87626 ] ] ] } },
{ "type": "Feature", "properties": { "id": 1008, "population": 2427, "o_score_pt": 5484.357, "o_score_car": 4515.729, "CDI": -0.097 }, "geometry": { "type": "Polygon", "coordinates": [ [ [ 2.34702, 48.84254 ], [ 2.34928, 48.84177 ], [ 2.34961, 48.84005 ], [ 2.34768, 48.83911 ], [ 2.34542, 48.83988 ], [ 2.34509, 48.8416 ], [ 2.34702, 48.84254 ] ] ] } },
{ "type": "Feature", "properties": { "id": 1009, "population": 2725, "o_score_pt": 5349.871, "o_score_car": 4133.304, "CDI": -0.128 }, "geometry": { "type": "Polygon", "coordinates": [ [ [ 2.33202, 48.88736 ], [ 2.33432, 48.88658 ], [ 2.33465, 48.88483 ], [ 2.33268, 48.88388 ], [ 2.33039, 48.88466 ], [ 2.33005, 48.88641 ], [ 2.33202, 48.88736 ] ] ] } },
{ "type": "Feature", "properties": { "id": 1010, "population": 2614, "o_score_pt": 5499.407, "o_score_car": 4189.217, "CDI": -0.135 }, "geometry": { "type": "Polygon", "coordinates": [ [ [ 2.32337, 48.887 ], [ 2.32566, 48.88622 ], [ 2.32599, 48.88449 ], [ 2.32404, 48.88354 ], [ 2.32175, 48.88432 ], [ 2.32142, 48.88605 ], [ 2.32337, 48.887 ] ] ] } },
{ "type": "Feature", "properties": { "id": 1011, "population": 2125, "o_score_pt": 5449.452, "o_score_car": 4135.59, "CDI": -0.137 }, "geometry": { "type": "Polygon", "coordinates": [ [ [ 2.2995, 48.84057 ], [ 2.30171, 48.83981 ], [ 2.30203, 48.83812 ], [ 2.30015, 48.8372 ], [ 2.29793, 48.83796 ], [ 2.29761, 48.83965 ], [ 2.2995, 48.84057 ] ] ] } },
{ "type": "Feature", "properties": { "id": 1012, "population": 2249, "o_score_pt": 4749.806, "o_score_car": 4209.453, "CDI": -0.06 }, "geometry": { "type": "Polygon", "coordinates": [ [ [ 2.40019, 48.86069 ], [ 2.40242, 48.85992 ], [ 2.40274, 48.85822 ], [ 2.40083, 48.85729 ], [ 2.3986, 48.85806 ], [ 2.39828, 48.85976 ], [ 2.40019, 48.86069 ] ] ] } },
{ "type": "Feature", "properties": { "id": 1013, "population": 1456, "o_score_pt": 4545.685, "o_score_car": 3937.786, "CDI": -0.072 }, "geometry": { "type": "Polygon", "coordinates": [ [ [ 2.26392, 48.84436 ], [ 2.26602, 48.84364 ], [ 2.26632, 48.84204 ], [ 2.26455, 48.84117 ], [ 2.26245, 48.84189 ], [ 2.26214, 48.84349 ], [ 2.26392, 48.84436 ] ] ] } },
{ "type": "Feature", "properties": { "id": 1014, "population": 64, "o_score_pt": 3118.166, "o_score_car": 3401.712, "CDI": 0.043 }, "geometry": { "type": "Polygon", "coordinates": [ [ [ 2.45441, 48.83796 ], [ 2.4555, 48.83758 ], [ 2.45567, 48.83669 ], [ 2.45485, 48.83629 ], [ 2.45376, 48.83666 ], [ 2.45359, 48.83756 ], [ 2.45441, 48.83796 ] ] ] } },
{ "type": "Feature", "properties": { "id": 1015, "population": 2947, "o_score_pt": 6299.532, "o_score_car": 4148.808, "CDI": -0.206 }, "geometry": { "type": "Polygon", "coordinates": [ [ [ 2.29747, 48.85125 ], [ 2.2998, 48.85046 ], [ 2.30013, 48.84869 ], [ 2.29814, 48.84772 ], [ 2.29582, 48.84852 ], [ 2.29549, 48.85028 ], [ 2.29747, 48.85125 ] ] ] } },
{ "type": "Feature", "properties": { "id": 1016, "population": 3970, "o_score_pt": 4779.05, "o_score_car": 4090.005, "CDI": -0.078 }, "geometry": { "type": "Polygon", "coordinates": [ [ [ 2.40849, 48.87444 ], [ 2.41082, 48.87364 ], [ 2.41115, 48.87188 ], [ 2.40915, 48.87091 ], [ 2.40683, 48.8717 ], [ 2.4065, 48.87347 ], [ 2.40849, 48.87444 ] ] ] } },
{ "type": "Feature", "properties": { "id": 1017, "population": 176, "o_score_pt": 2622.716, "o_score_car": 3509.628, "CDI": 0.145 }, "geometry": { "type": "Polygon", "coordinates": [ [ [ 2.24733, 48.85117 ], [ 2.24875, 48.85069 ], [ 2.24896, 48.84956 ], [ 2.24784, 48.84901 ], [ 2.24642, 48.8495 ], [ 2.2462, 48.85062 ], [ 2.24733, 48.85117 ] ] ] } },
{ "type": "Feature", "properties": { "id": 1018, "population": 2906, "o_score_pt": 5258.219, "o_score_car": 3867.599, "CDI": -0.152 }, "geometry": { "type": "Polygon", "coordinates": [ [ [ 2.34067, 48.88773 ], [ 2.34299, 48.88694 ], [ 2.34332, 48.88518 ], [ 2.34133, 48.88421 ], [ 2.33901, 48.885 ], [ 2.33868, 48.88676 ], [ 2.34067, 48.88773 ] ] ] } },
{ "type": "Feature", "properties": { "id": 1019, "population": 2244, "o_score_pt": 5483.695, "o_score_car": 4256.618, "CDI": -0.126 }, "geometry": { "type": "Polygon", "coordinates": [ [ [ 2.39155, 48.86034 ], [ 2.39378, 48.85958 ], [ 2.3941, 48.85788 ], [ 2.3922, 48.85695 ], [ 2.38996, 48.85771 ], [ 2.38964, 48.85941 ], [ 2.39155, 48.86034 ] ] ] } },
{ "type": "Feature", "properties": { "id": 1020, "population": 146, "o_score_pt": 3006.91, "o_score_car": 3787.743, "CDI": 0.115 }, "geometry": { "type": "Polygon", "coordinates": [ [ [ 2.25397, 48.86209 ], [ 2.25533, 48.86162 ], [ 2.25553, 48.86055 ], [ 2.25446, 48.86002 ], [ 2.2531, 48.86049 ], [ 2.25289, 48.86156 ], [ 2.25397, 48.86209 ] ] ] } },
{ "type": "Feature", "properties": { "id": 1021, "population": 1167, "o_score_pt": 5432.857, "o_score_car": 4436.205, "CDI": -0.101 }, "geometry": { "type": "Polygon", "coordinates": [ [ [ 2.3071, 48.8808 ], [ 2.30913, 48.88011 ], [ 2.30943, 48.87856 ], [ 2.30772, 48.87773 ], [ 2.30569, 48.87842 ], [ 2.3054, 48.87997 ], [ 2.3071, 48.8808 ] ] ] } },
{ "type": "Feature", "properties": { "id": 1022, "population": 3329, "o_score_pt": 5482.153, "o_score_car": 4167.127, "CDI": -0.136 }, "geometry": { "type": "Polygon", "coordinates": [ [ [ 2.40118, 48.85546 ], [ 2.4035, 48.85466 ], [ 2.40383, 48.85289 ], [ 2.40184, 48.85192 ], [ 2.39951, 48.85272 ], [ 2.39918, 48.85449 ], [ 2.40118, 48.85546 ] ] ] } },
{ "type": "Feature", "properties": { "id": 1023, "population": 3723, "o_score_pt": 4440.554, "o_score_car": 4087.019, "CDI": -0.041 }, "geometry": { "type": "Polygon", "coordinates": [ [ [ 2.3533, 48.9016 ], [ 2.35562, 48.9008 ], [ 2.35596, 48.89903 ], [ 2.35396, 48.89806 ], [ 2.35163, 48.89886 ], [ 2.3513, 48.90063 ], [ 2.3533, 48.9016 ] ] ] } },
{ "type": "Feature", "properties": { "id": 1024, "population": 2760, "o_score_pt": 5736.211, "o_score_car": 4312.428, "CDI": -0.142 }, "geometry": { "type": "Polygon", "coordinates": [ [ [ 2.35766, 48.83232 ], [ 2.35996, 48.83153 ], [ 2.36029, 48.82978 ], [ 2.35832, 48.82882 ], [ 2.35602, 48.82961 ], [ 2.35569, 48.83136 ], [ 2.35766, 48.83232 ] ] ] } },
{ "type": "Feature", "properties": { "id": 1025, "population": 2168, "o_score_pt": 5540.558, "o_score_car": 4238.929, "CDI": -0.133 }, "geometry": { "type": "Polygon", "coordinates": [ [ [ 2.34039, 48.83156 ], [ 2.34261, 48.8308 ], [ 2.34293, 48.8291 ], [ 2.34104, 48.82818 ], [ 2.33881, 48.82894 ], [ 2.33849, 48.83063 ], [ 2.34039, 48.83156 ] ] ] } },
{ "type": "Feature", "properties": { "id": 1026, "population": 2453, "o_score_pt": 5777.358, "o_score_car": 4490.055, "CDI": -0.125 }, "geometry": { "type": "Polygon", "coordinates": [ [ [ 2.32376, 48.83892 ], [ 2.32602, 48.83815 ], [ 2.32635, 48.83643 ], [ 2.32442, 48.83549 ], [ 2.32215, 48.83626 ], [ 2.32183, 48.83798 ], [ 2.32376, 48.83892 ] ] ] } },
{ "type": "Feature", "properties": { "id": 1027, "population": 1500, "o_score_pt": 5592.682, "o_score_car": 4786.618, "CDI": -0.078 }, "geometry": { "type": "Polygon", "coordinates": [ [ [ 2.33473, 48.84994 ], [ 2.33684, 48.84922 ], [ 2.33714, 48.84761 ], [ 2.33536, 48.84674 ], [ 2.33326, 48.84746 ], [ 2.33295, 48.84907 ], [ 2.33473, 48.84994 ] ] ] } },
{ "type": "Feature", "properties": { "id": 1028, "population": 1553, "o_score_pt": 7028.613, "o_score_car": 4892.509, "CDI": -0.179 }, "geometry": { "type": "Polygon", "coordinates": [ [ [ 2.34669, 48.85577 ], [ 2.34881, 48.85505 ], [ 2.34912, 48.85343 ], [ 2.34732, 48.85256 ], [ 2.34521, 48.85328 ], [ 2.3449, 48.8549 ], [ 2.34669, 48.85577 ] ] ] } },
{ "type": "Feature", "properties": { "id": 1029, "population": 1964, "o_score_pt": 5396.865, "o_score_car": 3930.155, "CDI": -0.157 }, "geometry": { "type": "Polygon", "coordinates": [ [ [ 2.39022, 48.87895 ], [ 2.39242, 48.8782 ], [ 2.39273, 48.87652 ], [ 2.39086, 48.87562 ], [ 2.38867, 48.87637 ], [ 2.38836, 48.87804 ], [ 2.39022, 48.87895 ] ] ] } },
{ "type": "Feature", "properties": { "id": 1030, "population": 6, "o_score_pt": 2809.568, "o_score_car": 3671.708, "CDI": 0.133 }, "geometry": { "type": "Polygon", "coordinates": [ [ [ 2.23942, 48.85807 ], [ 2.2398, 48.85794 ], [ 2.23987, 48.85756 ], [ 2.23974, 48.85749 ], [ 2.23936, 48.85762 ], [ 2.23928, 48.858 ], [ 2.23942, 48.85807 ] ] ] } },
{ "type": "Feature", "properties": { "id": 1031, "population": 2304, "o_score_pt": 5227.291, "o_score_car": 4058.139, "CDI": -0.126 }, "geometry": { "type": "Polygon", "coordinates": [ [ [ 2.29783, 48.83785 ], [ 2.30008, 48.83708 ], [ 2.3004, 48.83537 ], [ 2.29849, 48.83444 ], [ 2.29625, 48.83521 ], [ 2.29592, 48.83691 ], [ 2.29783, 48.83785 ] ] ] } },
{ "type": "Feature", "properties": { "id": 1032, "population": 195, "o_score_pt": 2559.437, "o_score_car": 3351.362, "CDI": 0.134 }, "geometry": { "type": "Polygon", "coordinates": [ [ [ 2.45272, 48.83549 ], [ 2.45416, 48.83499 ], [ 2.45438, 48.83385 ], [ 2.45322, 48.83328 ], [ 2.45177, 48.83378 ], [ 2.45156, 48.83493 ], [ 2.45272, 48.83549 ] ] ] } },
{ "type": "Feature", "properties": { "id": 1033, "population": 3774, "o_score_pt": 4965.845, "o_score_car": 4164.443, "CDI": -0.088 }, "geometry": { "type": "Polygon", "coordinates": [ [ [ 2.33866, 48.89834 ], [ 2.34099, 48.89754 ], [ 2.34132, 48.89577 ], [ 2.33933, 48.8948 ], [ 2.337, 48.8956 ], [ 2.33667, 48.89737 ], [ 2.33866, 48.89834 ] ] ] } },
{ "type": "Feature", "properties": { "id": 1034, "population": 2970, "o_score_pt": 5687.875, "o_score_car": 4099.767, "CDI": -0.162 }, "geometry": { "type": "Polygon", "coordinates": [ [ [ 2.31538, 48.89472 ], [ 2.3177, 48.89393 ], [ 2.31804, 48.89216 ], [ 2.31605, 48.89119 ], [ 2.31372, 48.89199 ], [ 2.31338, 48.89375 ], [ 2.31538, 48.89472 ] ] ] } },
{ "type": "Feature", "properties": { "id": 1035, "population": 124, "o_score_pt": 3223.962, "o_score_car": 3374.693, "CDI": 0.023 }, "geometry": { "type": "Polygon", "coordinates": [ [ [ 2.23998, 48.86681 ], [ 2.24129, 48.86637 ], [ 2.24149, 48.86533 ], [ 2.24047, 48.86483 ], [ 2.23916, 48.86527 ], [ 2.23896, 48.86632 ], [ 2.23998, 48.86681 ] ] ] } },
{ "type": "Feature", "properties": { "id": 1036, "population": 1615, "o_score_pt": 5413.786, "o_score_car": 4340.094, "CDI": -0.11 }, "geometry": { "type": "Polygon", "coordinates": [ [ [ 2.30614, 48.85146 ], [ 2.30827, 48.85073 ], [ 2.30858, 48.84911 ], [ 2.30677, 48.84823 ], [ 2.30464, 48.84895 ], [ 2.30433, 48.85058 ], [ 2.30614, 48.85146 ] ] ] } },
{ "type": "Feature", "properties": { "id": 1037, "population": 1480, "o_score_pt": 3889.798, "o_score_car": 3801.778, "CDI": -0.011 }, "geometry": { "type": "Polygon", "coordinates": [ [ [ 2.25527, 48.844 ], [ 2.25737, 48.84328 ], [ 2.25768, 48.84168 ], [ 2.2559, 48.84081 ], [ 2.2538, 48.84153 ], [ 2.25349, 48.84313 ], [ 2.25527, 48.844 ] ] ] } },
{ "type": "Feature", "properties": { "id": 1038, "population": 2290, "o_score_pt": 4020.938, "o_score_car": 4100.637, "CDI": 0.01 }, "geometry": { "type": "Polygon", "coordinates": [ [ [ 2.31115, 48.82503 ], [ 2.31339, 48.82427 ], [ 2.31371, 48.82256 ], [ 2.3118, 48.82163 ], [ 2.30956, 48.82239 ], [ 2.30924, 48.8241 ], [ 2.31115, 48.82503 ] ] ] } },
{ "type": "Feature", "properties": { "id": 1039, "population": 2232, "o_score_pt": 6534.879, "o_score_car": 4701.264, "CDI": -0.163 }, "geometry": { "type": "Polygon", "coordinates": [ [ [ 2.34102, 48.87433 ], [ 2.34325, 48.87356 ], [ 2.34357, 48.87186 ], [ 2.34167, 48.87094 ], [ 2.33943, 48.8717 ], [ 2.33911, 48.8734 ], [ 2.34102, 48.87433 ] ] ] } },
{ "type": "Feature", "properties": { "id": 1040, "population": 1955, "o_score_pt": 5543.044, "o_score_car": 4249.436, "CDI": -0.132 }, "geometry": { "type": "Polygon", "coordinates": [ [ [ 2.28783, 48.8561 ], [ 2.29003, 48.85535 ], [ 2.29034, 48.85368 ], [ 2.28848, 48.85277 ], [ 2.28629, 48.85352 ], [ 2.28597, 48.85519 ], [ 2.28783, 48.8561 ] ] ] } },
{ "type": "Feature", "properties": { "id": 1041, "population": 2106, "o_score_pt": 5250.905, "o_score_car": 4034.605, "CDI": -0.131 }, "geometry": { "type": "Polygon", "coordinates": [ [ [ 2.30115, 48.84331 ], [ 2.30337, 48.84255 ], [ 2.30369, 48.84086 ], [ 2.3018, 48.83994 ], [ 2.29959, 48.8407 ], [ 2.29927, 48.84239 ], [ 2.30115, 48.84331 ] ] ] } },
{ "type": "Feature", "properties": { "id": 1042, "population": 2775, "o_score_pt": 5654.695, "o_score_car": 4200.778, "CDI": -0.148 }, "geometry": { "type": "Polygon", "coordinates": [ [ [ 2.31372, 48.89197 ], [ 2.31602, 48.89118 ], [ 2.31636, 48.88943 ], [ 2.31438, 48.88847 ], [ 2.31208, 48.88926 ], [ 2.31175, 48.89101 ], [ 2.31372, 48.89197 ] ] ] } },
{ "type": "Feature", "properties": { "id": 1043, "population": 29, "o_score_pt": 3292.545, "o_score_car": 3775.154, "CDI": 0.068 }, "geometry": { "type": "Polygon", "coordinates": [ [ [ 2.2623, 48.8754 ], [ 2.26315, 48.87511 ], [ 2.26329, 48.8744 ], [ 2.2627, 48.87411 ], [ 2.26185, 48.8744 ], [ 2.26172, 48.87512 ], [ 2.2623, 48.8754 ] ] ] } },
{ "type": "Feature", "properties": { "id": 1044, "population": 25, "o_score_pt": 2520.97, "o_score_car": 3586.402, "CDI": 0.174 }, "geometry": { "type": "Polygon", "coordinates": [ [ [ 2.23773, 48.85565 ], [ 2.23853, 48.85537 ], [ 2.23866, 48.85469 ], [ 2.23812, 48.85443 ], [ 2.23732, 48.8547 ], [ 2.23719, 48.85538 ], [ 2.23773, 48.85565 ] ] ] } },
{ "type": "Feature", "properties": { "id": 1045, "population": 2509, "o_score_pt": 4766.679, "o_score_car": 4033.175, "CDI": -0.083 }, "geometry": { "type": "Polygon", "coordinates": [ [ [ 2.28919, 48.83751 ], [ 2.29146, 48.83674 ], [ 2.29179, 48.83501 ], [ 2.28985, 48.83406 ], [ 2.28758, 48.83484 ], [ 2.28725, 48.83657 ], [ 2.28919, 48.83751 ] ] ] } },
{ "type": "Feature", "properties": { "id": 1046, "population": 3354, "o_score_pt": 4659.092, "o_score_car": 4015.53, "CDI": -0.074 }, "geometry": { "type": "Polygon", "coordinates": [ [ [ 2.30315, 48.83279 ], [ 2.30548, 48.83199 ], [ 2.30582, 48.83022 ], [ 2.30382, 48.82925 ], [ 2.3015, 48.83005 ], [ 2.30116, 48.83181 ], [ 2.30315, 48.83279 ] ] ] } },
{ "type": "Feature", "properties": { "id": 1047, "population": 1429, "o_score_pt": 5068.719, "o_score_car": 3927.81, "CDI": -0.127 }, "geometry": { "type": "Polygon", "coordinates": [ [ [ 2.27386, 48.86079 ], [ 2.27596, 48.86008 ], [ 2.27626, 48.85848 ], [ 2.27449, 48.85762 ], [ 2.2724, 48.85833 ], [ 2.2721, 48.85993 ], [ 2.27386, 48.86079 ] ] ] } },
{ "type": "Feature", "properties": { "id": 1048, "population": 2089, "o_score_pt": 5261.611, "o_score_car": 4070.158, "CDI": -0.128 }, "geometry": { "type": "Polygon", "coordinates": [ [ [ 2.33535, 48.89277 ], [ 2.33756, 48.89202 ], [ 2.33788, 48.89033 ], [ 2.336, 48.88942 ], [ 2.33378, 48.89017 ], [ 2.33347, 48.89186 ], [ 2.33535, 48.89277 ] ] ] } },
{ "type": "Feature", "properties": { "id": 1049, "population": 3015, "o_score_pt": 5844.624, "o_score_car": 4363.849, "CDI": -0.145 }, "geometry": { "type": "Polygon", "coordinates": [ [ [ 2.30979, 48.84374 ], [ 2.31212, 48.84295 ], [ 2.31245, 48.84118 ], [ 2.31046, 48.84021 ], [ 2.30813, 48.84101 ], [ 2.30779, 48.84277 ], [ 2.30979, 48.84374 ] ] ] } },
{ "type": "Feature", "properties": { "id": 1050, "population": 161, "o_score_pt": 3616.604, "o_score_car": 3851.433, "CDI": 0.031 }, "geometry": { "type": "Polygon", "coordinates": [ [ [ 2.26059, 48.87307 ], [ 2.26199, 48.8726 ], [ 2.26219, 48.8715 ], [ 2.26109, 48.87096 ], [ 2.2597, 48.87143 ], [ 2.25949, 48.87254 ], [ 2.26059, 48.87307 ] ] ] } },
{ "type": "Feature", "properties": { "id": 1051, "population": 3807, "o_score_pt": 4524.327, "o_score_car": 4096.95, "CDI": -0.05 }, "geometry": { "type": "Polygon", "coordinates": [ [ [ 2.41015, 48.87718 ], [ 2.41248, 48.87638 ], [ 2.41281, 48.87461 ], [ 2.41082, 48.87364 ], [ 2.40849, 48.87444 ], [ 2.40816, 48.87621 ], [ 2.41015, 48.87718 ] ] ] } },
{ "type": "Feature", "properties": { "id": 1052, "population": 3482, "o_score_pt": 4904.343, "o_score_car": 4227.838, "CDI": -0.074 }, "geometry": { "type": "Polygon", "coordinates": [ [ [ 2.3015, 48.83005 ], [ 2.30382, 48.82925 ], [ 2.30416, 48.82748 ], [ 2.30217, 48.82651 ], [ 2.29984, 48.82731 ], [ 2.2995, 48.82907 ], [ 2.3015, 48.83005 ] ] ] } },
{ "type": "Feature", "properties": { "id": 1053, "population": 128, "o_score_pt": 2335.215, "o_score_car": 3318.55, "CDI": 0.174 }, "geometry": { "type": "Polygon", "coordinates": [ [ [ 2.44442, 48.82171 ], [ 2.44573, 48.82126 ], [ 2.44592, 48.82021 ], [ 2.44489, 48.8197 ], [ 2.44358, 48.82016 ], [ 2.44339, 48.82121 ], [ 2.44442, 48.82171 ] ] ] } },
{ "type": "Feature", "properties": { "id": 1054, "population": 618, "o_score_pt": 4738.93, "o_score_car": 3943.65, "CDI": -0.092 }, "geometry": { "type": "Polygon", "coordinates": [ [ [ 2.40952, 48.83405 ], [ 2.41134, 48.83342 ], [ 2.4116, 48.83201 ], [ 2.41009, 48.83128 ], [ 2.40827, 48.8319 ], [ 2.40801, 48.83331 ], [ 2.40952, 48.83405 ] ] ] } },
{ "type": "Feature", "properties": { "id": 1055, "population": 2903, "o_score_pt": 4012.596, "o_score_car": 4006.982, "CDI": -0.001 }, "geometry": { "type": "Polygon", "coordinates": [ [ [ 2.41281, 48.8746 ], [ 2.41513, 48.87381 ], [ 2.41546, 48.87205 ], [ 2.41347, 48.87109 ], [ 2.41116, 48.87188 ], [ 2.41083, 48.87364 ], [ 2.41281, 48.8746 ] ] ] } },
{ "type": "Feature", "properties": { "id": 1056, "population": 2385, "o_score_pt": 4919.532, "o_score_car": 4168.023, "CDI": -0.083 }, "geometry": { "type": "Polygon", "coordinates": [ [ [ 2.37594, 48.82768 ], [ 2.37819, 48.82691 ], [ 2.37851, 48.82519 ], [ 2.37659, 48.82426 ], [ 2.37434, 48.82503 ], [ 2.37401, 48.82674 ], [ 2.37594, 48.82768 ] ] ] } },
{ "type": "Feature", "properties": { "id": 1057, "population": 1808, "o_score_pt": 5123.752, "o_score_car": 4227.434, "CDI": -0.096 }, "geometry": { "type": "Polygon", "coordinates": [ [ [ 2.32844, 48.82568 ], [ 2.3306, 48.82494 ], [ 2.33091, 48.82329 ], [ 2.32908, 48.82239 ], [ 2.32691, 48.82313 ], [ 2.3266, 48.82479 ], [ 2.32844, 48.82568 ] ] ] } },
{ "type": "Feature", "properties": { "id": 1058, "population": 2449, "o_score_pt": 5263.761, "o_score_car": 4025.089, "CDI": -0.133 }, "geometry": { "type": "Polygon", "coordinates": [ [ [ 2.3118, 48.83309 ], [ 2.31407, 48.83232 ], [ 2.31439, 48.8306 ], [ 2.31246, 48.82965 ], [ 2.3102, 48.83043 ], [ 2.30987, 48.83215 ], [ 2.3118, 48.83309 ] ] ] } },
{ "type": "Feature", "properties": { "id": 1059, "population": 2295, "o_score_pt": 4914.492, "o_score_car": 4131.424, "CDI": -0.087 }, "geometry": { "type": "Polygon", "coordinates": [ [ [ 2.28048, 48.87187 ], [ 2.28273, 48.8711 ], [ 2.28305, 48.86939 ], [ 2.28114, 48.86846 ], [ 2.27889, 48.86923 ], [ 2.27857, 48.87093 ], [ 2.28048, 48.87187 ] ] ] } },
{ "type": "Feature", "properties": { "id": 1060, "population": 3689, "o_score_pt": 5106.383, "o_score_car": 3923.732, "CDI": -0.131 }, "geometry": { "type": "Polygon", "coordinates": [ [ [ 2.36128, 48.89391 ], [ 2.36361, 48.89311 ], [ 2.36394, 48.89134 ], [ 2.36195, 48.89037 ], [ 2.35962, 48.89117 ], [ 2.35929, 48.89294 ], [ 2.36128, 48.89391 ] ] ] } },
{ "type": "Feature", "properties": { "id": 1061, "population": 2358, "o_score_pt": 5149.378, "o_score_car": 4183.347, "CDI": -0.104 }, "geometry": { "type": "Polygon", "coordinates": [ [ [ 2.37526, 48.88907 ], [ 2.37751, 48.8883 ], [ 2.37783, 48.88659 ], [ 2.37591, 48.88565 ], [ 2.37366, 48.88642 ], [ 2.37334, 48.88814 ], [ 2.37526, 48.88907 ] ] ] } },
{ "type": "Feature", "properties": { "id": 1062, "population": 1423, "o_score_pt": 4770.423, "o_score_car": 3966.799, "CDI": -0.092 }, "geometry": { "type": "Polygon", "coordinates": [ [ [ 2.27653, 48.85823 ], [ 2.27862, 48.85752 ], [ 2.27893, 48.85592 ], [ 2.27716, 48.85506 ], [ 2.27507, 48.85577 ], [ 2.27476, 48.85737 ], [ 2.27653, 48.85823 ] ] ] } },
{ "type": "Feature", "properties": { "id": 1063, "population": 1639, "o_score_pt": 5984.357, "o_score_car": 4796.658, "CDI": -0.11 }, "geometry": { "type": "Polygon", "coordinates": [ [ [ 2.36498, 48.85118 ], [ 2.36711, 48.85045 ], [ 2.36742, 48.84882 ], [ 2.36561, 48.84794 ], [ 2.36347, 48.84867 ], [ 2.36317, 48.8503 ], [ 2.36498, 48.85118 ] ] ] } },
{ "type": "Feature", "properties": { "id": 1064, "population": 826, "o_score_pt": 6532.751, "o_score_car": 4587.046, "CDI": -0.175 }, "geometry": { "type": "Polygon", "coordinates": [ [ [ 2.32476, 48.86808 ], [ 2.32667, 48.86743 ], [ 2.32695, 48.86595 ], [ 2.32535, 48.86518 ], [ 2.32344, 48.86583 ], [ 2.32316, 48.8673 ], [ 2.32476, 48.86808 ] ] ] } },
{ "type": "Feature", "properties": { "id": 1065, "population": 1913, "o_score_pt": 6623.113, "o_score_car": 4898.21, "CDI": -0.15 }, "geometry": { "type": "Polygon", "coordinates": [ [ [ 2.34469, 48.86643 ], [ 2.34687, 48.86568 ], [ 2.34718, 48.86401 ], [ 2.34533, 48.86311 ], [ 2.34314, 48.86386 ], [ 2.34283, 48.86552 ], [ 2.34469, 48.86643 ] ] ] } },
{ "type": "Feature", "properties": { "id": 1066, "population": 2006, "o_score_pt": 6615.914, "o_score_car": 4795.809, "CDI": -0.159 }, "geometry": { "type": "Polygon", "coordinates": [ [ [ 2.33072, 48.87121 ], [ 2.33292, 48.87046 ], [ 2.33323, 48.86878 ], [ 2.33136, 48.86787 ], [ 2.32916, 48.86862 ], [ 2.32884, 48.8703 ], [ 2.33072, 48.87121 ] ] ] } },
{ "type": "Feature", "properties": { "id": 1067, "population": 1777, "o_score_pt": 5886.182, "o_score_car": 4514.102, "CDI": -0.132 }, "geometry": { "type": "Polygon", "coordinates": [ [ [ 2.32176, 48.84945 ], [ 2.32392, 48.84871 ], [ 2.32424, 48.84706 ], [ 2.3224, 48.84617 ], [ 2.32024, 48.84691 ], [ 2.31993, 48.84856 ], [ 2.32176, 48.84945 ] ] ] } },
{ "type": "Feature", "properties": { "id": 1068, "population": 116, "o_score_pt": 3648.082, "o_score_car": 3813.674, "CDI": 0.022 }, "geometry": { "type": "Polygon", "coordinates": [ [ [ 2.26594, 48.86787 ], [ 2.26722, 48.86743 ], [ 2.26742, 48.8664 ], [ 2.26642, 48.86592 ], [ 2.26513, 48.86635 ], [ 2.26494, 48.86738 ], [ 2.26594, 48.86787 ] ] ] } },
{ "type": "Feature", "properties": { "id": 1069, "population": 1813, "o_score_pt": 5485.018, "o_score_car": 4017.955, "CDI": -0.154 }, "geometry": { "type": "Polygon", "coordinates": [ [ [ 2.40152, 48.842 ], [ 2.40368, 48.84126 ], [ 2.40399, 48.8396 ], [ 2.40215, 48.83871 ], [ 2.39999, 48.83945 ], [ 2.39968, 48.8411 ], [ 2.40152, 48.842 ] ] ] } },
{ "type": "Feature", "properties": { "id": 1070, "population": 1506, "o_score_pt": 5702.471, "o_score_car": 4456.699, "CDI": -0.123 }, "geometry": { "type": "Polygon", "coordinates": [ [ [ 2.3078, 48.85418 ], [ 2.30991, 48.85346 ], [ 2.31021, 48.85185 ], [ 2.30843, 48.85098 ], [ 2.30632, 48.8517 ], [ 2.30601, 48.85331 ], [ 2.3078, 48.85418 ] ] ] } },
{ "type": "Feature", "properties": { "id": 1071, "population": 2939, "o_score_pt": 5416.473, "o_score_car": 4199.372, "CDI": -0.127 }, "geometry": { "type": "Polygon", "coordinates": [ [ [ 2.31704, 48.89746 ], [ 2.31936, 48.89666 ], [ 2.3197, 48.8949 ], [ 2.31771, 48.89393 ], [ 2.31538, 48.89473 ], [ 2.31505, 48.89649 ], [ 2.31704, 48.89746 ] ] ] } },
{ "type": "Feature", "properties": { "id": 1072, "population": 21, "o_score_pt": 2826.768, "o_score_car": 3563.823, "CDI": 0.115 }, "geometry": { "type": "Polygon", "coordinates": [ [ [ 2.252, 48.87223 ], [ 2.25275, 48.87197 ], [ 2.25287, 48.87133 ], [ 2.25238, 48.87109 ], [ 2.25163, 48.87135 ], [ 2.25151, 48.87199 ], [ 2.252, 48.87223 ] ] ] } },
{ "type": "Feature", "properties": { "id": 1073, "population": 221, "o_score_pt": 2519.909, "o_score_car": 3142.806, "CDI": 0.11 }, "geometry": { "type": "Polygon", "coordinates": [ [ [ 2.45303, 48.82218 ], [ 2.45452, 48.82167 ], [ 2.45474, 48.8205 ], [ 2.45354, 48.81992 ], [ 2.45205, 48.82043 ], [ 2.45183, 48.8216 ], [ 2.45303, 48.82218 ] ] ] } },
{ "type": "Feature", "properties": { "id": 1074, "population": 3244, "o_score_pt": 6275.413, "o_score_car": 4660.513, "CDI": -0.148 }, "geometry": { "type": "Polygon", "coordinates": [ [ [ 2.35298, 48.88022 ], [ 2.3553, 48.87943 ], [ 2.35564, 48.87766 ], [ 2.35364, 48.87669 ], [ 2.35132, 48.87748 ], [ 2.35098, 48.87925 ], [ 2.35298, 48.88022 ] ] ] } },
{ "type": "Feature", "properties": { "id": 1075, "population": 1090, "o_score_pt": 6280.137, "o_score_car": 4709.764, "CDI": -0.143 }, "geometry": { "type": "Polygon", "coordinates": [ [ [ 2.31444, 48.86506 ], [ 2.31645, 48.86437 ], [ 2.31674, 48.86284 ], [ 2.31505, 48.86202 ], [ 2.31305, 48.8627 ], [ 2.31276, 48.86424 ], [ 2.31444, 48.86506 ] ] ] } },
{ "type": "Feature", "properties": { "id": 1076, "population": 3869, "o_score_pt": 5660.988, "o_score_car": 4191.77, "CDI": -0.149 }, "geometry": { "type": "Polygon", "coordinates": [ [ [ 2.35097, 48.89082 ], [ 2.3533, 48.89003 ], [ 2.35364, 48.88826 ], [ 2.35164, 48.88729 ], [ 2.34931, 48.88809 ], [ 2.34898, 48.88985 ], [ 2.35097, 48.89082 ] ] ] } },
{ "type": "Feature", "properties": { "id": 1077, "population": 228, "o_score_pt": 3782.826, "o_score_car": 3899.717, "CDI": 0.015 }, "geometry": { "type": "Polygon", "coordinates": [ [ [ 2.26426, 48.86529 ], [ 2.26576, 48.86478 ], [ 2.26599, 48.8636 ], [ 2.26478, 48.86301 ], [ 2.26328, 48.86352 ], [ 2.26305, 48.8647 ], [ 2.26426, 48.86529 ] ] ] } },
{ "type": "Feature", "properties": { "id": 1078, "population": 1370, "o_score_pt": 5280.495, "o_score_car": 4180.332, "CDI": -0.116 }, "geometry": { "type": "Polygon", "coordinates": [ [ [ 2.29981, 48.86185 ], [ 2.30189, 48.86114 ], [ 2.30219, 48.85955 ], [ 2.30043, 48.85869 ], [ 2.29836, 48.8594 ], [ 2.29805, 48.86099 ], [ 2.29981, 48.86185 ] ] ] } },
{ "type": "Feature", "properties": { "id": 1079, "population": 1722, "o_score_pt": 5498.189, "o_score_car": 4173.667, "CDI": -0.137 }, "geometry": { "type": "Polygon", "coordinates": [ [ [ 2.39986, 48.83925 ], [ 2.40201, 48.83851 ], [ 2.40232, 48.83687 ], [ 2.40049, 48.83598 ], [ 2.39834, 48.83672 ], [ 2.39804, 48.83836 ], [ 2.39986, 48.83925 ] ] ] } },
{ "type": "Feature", "properties": { "id": 1080, "population": 3062, "o_score_pt": 4778.49, "o_score_car": 4102.698, "CDI": -0.076 }, "geometry": { "type": "Polygon", "coordinates": [ [ [ 2.32569, 48.89781 ], [ 2.32802, 48.89702 ], [ 2.32835, 48.89525 ], [ 2.32636, 48.89428 ], [ 2.32403, 48.89507 ], [ 2.32369, 48.89684 ], [ 2.32569, 48.89781 ] ] ] } },
{ "type": "Feature", "properties": { "id": 1081, "population": 3062, "o_score_pt": 4741.929, "o_score_car": 4062.865, "CDI": -0.077 }, "geometry": { "type": "Polygon", "coordinates": [ [ [ 2.40052, 48.88213 ], [ 2.40284, 48.88133 ], [ 2.40317, 48.87957 ], [ 2.40118, 48.8786 ], [ 2.39885, 48.87939 ], [ 2.39852, 48.88116 ], [ 2.40052, 48.88213 ] ] ] } },
{ "type": "Feature", "properties": { "id": 1082, "population": 281, "o_score_pt": 3859.771, "o_score_car": 3862.11, "CDI": 0.0 }, "geometry": { "type": "Polygon", "coordinates": [ [ [ 2.26822, 48.87887 ], [ 2.26979, 48.87833 ], [ 2.27002, 48.8771 ], [ 2.26875, 48.87648 ], [ 2.26718, 48.87702 ], [ 2.26695, 48.87825 ], [ 2.26822, 48.87887 ] ] ] } },
{ "type": "Feature", "properties": { "id": 1083, "population": 419, "o_score_pt": 1802.875, "o_score_car": 3709.13, "CDI": 0.346 }, "geometry": { "type": "Polygon", "coordinates": [ [ [ 2.41318, 48.82609 ], [ 2.41487, 48.82551 ], [ 2.41512, 48.82419 ], [ 2.41373, 48.82351 ], [ 2.41204, 48.82409 ], [ 2.41179, 48.82541 ], [ 2.41318, 48.82609 ] ] ] } },
{ "type": "Feature", "properties": { "id": 1084, "population": 294, "o_score_pt": 2777.97, "o_score_car": 3277.718, "CDI": 0.083 }, "geometry": { "type": "Polygon", "coordinates": [ [ [ 2.46498, 48.82807 ], [ 2.46655, 48.82752 ], [ 2.46678, 48.82629 ], [ 2.4655, 48.82566 ], [ 2.46392, 48.8262 ], [ 2.46369, 48.82744 ], [ 2.46498, 48.82807 ] ] ] } },
{ "type": "Feature", "properties": { "id": 1085, "population": 3660, "o_score_pt": 6171.941, "o_score_car": 4757.536, "CDI": -0.129 }, "geometry": { "type": "Polygon", "coordinates": [ [ [ 2.36462, 48.86467 ], [ 2.36695, 48.86387 ], [ 2.36728, 48.86211 ], [ 2.36529, 48.86114 ], [ 2.36296, 48.86193 ], [ 2.36263, 48.8637 ], [ 2.36462, 48.86467 ] ] ] } },
{ "type": "Feature", "properties": { "id": 1086, "population": 3053, "o_score_pt": 5981.442, "o_score_car": 4593.894, "CDI": -0.131 }, "geometry": { "type": "Polygon", "coordinates": [ [ [ 2.35132, 48.87748 ], [ 2.35364, 48.87669 ], [ 2.35398, 48.87492 ], [ 2.35198, 48.87395 ], [ 2.34965, 48.87475 ], [ 2.34932, 48.87651 ], [ 2.35132, 48.87748 ] ] ] } },
{ "type": "Feature", "properties": { "id": 1087, "population": 1917, "o_score_pt": 5184.225, "o_score_car": 4002.791, "CDI": -0.129 }, "geometry": { "type": "Polygon", "coordinates": [ [ [ 2.41181, 48.84509 ], [ 2.414, 48.84435 ], [ 2.41431, 48.84268 ], [ 2.41245, 48.84178 ], [ 2.41027, 48.84253 ], [ 2.40996, 48.84419 ], [ 2.41181, 48.84509 ] ] ] } },
{ "type": "Feature", "properties": { "id": 1088, "population": 2479, "o_score_pt": 4862.347, "o_score_car": 4290.601, "CDI": -0.062 }, "geometry": { "type": "Polygon", "coordinates": [ [ [ 2.31979, 48.82541 ], [ 2.32205, 48.82463 ], [ 2.32238, 48.82291 ], [ 2.32045, 48.82196 ], [ 2.31818, 48.82274 ], [ 2.31785, 48.82446 ], [ 2.31979, 48.82541 ] ] ] } },
{ "type": "Feature", "properties": { "id": 1089, "population": 2313, "o_score_pt": 4300.795, "o_score_car": 3944.85, "CDI": -0.043 }, "geometry": { "type": "Polygon", "coordinates": [ [ [ 2.25627, 48.83881 ], [ 2.25851, 48.83804 ], [ 2.25884, 48.83633 ], [ 2.25692, 48.8354 ], [ 2.25468, 48.83616 ], [ 2.25435, 48.83787 ], [ 2.25627, 48.83881 ] ] ] } },
{ "type": "Feature", "properties": { "id": 1090, "population": 2, "o_score_pt": 1966.865, "o_score_car": 3472.653, "CDI": 0.277 }, "geometry": { "type": "Polygon", "coordinates": [ [ [ 2.4254, 48.83067 ], [ 2.4254, 48.83067 ], [ 2.42542, 48.83056 ], [ 2.42542, 48.83056 ], [ 2.4254, 48.83067 ] ] ] } },
{ "type": "Feature", "properties": { "id": 1091, "population": 2730, "o_score_pt": 5266.026, "o_score_car": 4179.983, "CDI": -0.115 }, "geometry": { "type": "Polygon", "coordinates": [ [ [ 2.35434, 48.82684 ], [ 2.35664, 48.82605 ], [ 2.35697, 48.82431 ], [ 2.355, 48.82335 ], [ 2.3527, 48.82413 ], [ 2.35238, 48.82588 ], [ 2.35434, 48.82684 ] ] ] } },
{ "type": "Feature", "properties": { "id": 1092, "population": 2326, "o_score_pt": 5192.233, "o_score_car": 4250.431, "CDI": -0.1 }, "geometry": { "type": "Polygon", "coordinates": [ [ [ 2.32044, 48.83343 ], [ 2.32269, 48.83266 ], [ 2.32301, 48.83095 ], [ 2.3211, 48.83002 ], [ 2.31885, 48.83079 ], [ 2.31853, 48.8325 ], [ 2.32044, 48.83343 ] ] ] } },
{ "type": "Feature", "properties": { "id": 1093, "population": 1005, "o_score_pt": 4242.204, "o_score_car": 3748.463, "CDI": -0.062 }, "geometry": { "type": "Polygon", "coordinates": [ [ [ 2.26458, 48.85231 ], [ 2.26656, 48.85163 ], [ 2.26684, 48.85011 ], [ 2.26518, 48.8493 ], [ 2.26321, 48.84998 ], [ 2.26292, 48.8515 ], [ 2.26458, 48.85231 ] ] ] } },
{ "type": "Feature", "properties": { "id": 1094, "population": 3259, "o_score_pt": 6002.36, "o_score_car": 4381.055, "CDI": -0.156 }, "geometry": { "type": "Polygon", "coordinates": [ [ [ 2.36328, 48.88331 ], [ 2.36561, 48.88251 ], [ 2.36594, 48.88074 ], [ 2.36395, 48.87977 ], [ 2.36162, 48.88057 ], [ 2.36129, 48.88234 ], [ 2.36328, 48.88331 ] ] ] } },
{ "type": "Feature", "properties": { "id": 1095, "population": 1281, "o_score_pt": 7031.259, "o_score_car": 4771.187, "CDI": -0.191 }, "geometry": { "type": "Polygon", "coordinates": [ [ [ 2.32641, 48.87093 ], [ 2.32846, 48.87022 ], [ 2.32876, 48.86865 ], [ 2.32702, 48.86781 ], [ 2.32497, 48.86851 ], [ 2.32467, 48.87008 ], [ 2.32641, 48.87093 ] ] ] } },
{ "type": "Feature", "properties": { "id": 1096, "population": 3283, "o_score_pt": 6640.707, "o_score_car": 4703.508, "CDI": -0.171 }, "geometry": { "type": "Polygon", "coordinates": [ [ [ 2.35498, 48.86962 ], [ 2.3573, 48.86883 ], [ 2.35764, 48.86706 ], [ 2.35564, 48.86609 ], [ 2.35332, 48.86688 ], [ 2.35298, 48.86865 ], [ 2.35498, 48.86962 ] ] ] } },
{ "type": "Feature", "properties": { "id": 1097, "population": 3804, "o_score_pt": 5403.796, "o_score_car": 4112.613, "CDI": -0.136 }, "geometry": { "type": "Polygon", "coordinates": [ [ [ 2.35962, 48.89117 ], [ 2.36195, 48.89037 ], [ 2.36228, 48.88861 ], [ 2.36029, 48.88764 ], [ 2.35796, 48.88843 ], [ 2.35763, 48.8902 ], [ 2.35962, 48.89117 ] ] ] } },
{ "type": "Feature", "properties": { "id": 1098, "population": 1950, "o_score_pt": 4807.869, "o_score_car": 4034.364, "CDI": -0.087 }, "geometry": { "type": "Polygon", "coordinates": [ [ [ 2.27421, 48.84752 ], [ 2.27641, 48.84678 ], [ 2.27672, 48.84511 ], [ 2.27486, 48.8442 ], [ 2.27267, 48.84494 ], [ 2.27235, 48.84661 ], [ 2.27421, 48.84752 ] ] ] } },
{ "type": "Feature", "properties": { "id": 1099, "population": 3, "o_score_pt": 3008.815, "o_score_car": 3280.861, "CDI": 0.043 }, "geometry": { "type": "Polygon", "coordinates": [ [ [ 2.4356, 48.83384 ], [ 2.43576, 48.83378 ], [ 2.4358, 48.83356 ], [ 2.43565, 48.83361 ], [ 2.4356, 48.83384 ] ] ] } },
{ "type": "Feature", "properties": { "id": 1100, "population": 3396, "o_score_pt": 5940.753, "o_score_car": 4384.346, "CDI": -0.151 }, "geometry": { "type": "Polygon", "coordinates": [ [ [ 2.31145, 48.84648 ], [ 2.31377, 48.84569 ], [ 2.31411, 48.84392 ], [ 2.31212, 48.84295 ], [ 2.30979, 48.84374 ], [ 2.30945, 48.84551 ], [ 2.31145, 48.84648 ] ] ] } },
{ "type": "Feature", "properties": { "id": 1101, "population": 1271, "o_score_pt": 5068.329, "o_score_car": 4142.736, "CDI": -0.1 }, "geometry": { "type": "Polygon", "coordinates": [ [ [ 2.29815, 48.85909 ], [ 2.30021, 48.85839 ], [ 2.3005, 48.85682 ], [ 2.29877, 48.85597 ], [ 2.29672, 48.85667 ], [ 2.29642, 48.85824 ], [ 2.29815, 48.85909 ] ] ] } },
{ "type": "Feature", "properties": { "id": 1102, "population": 2777, "o_score_pt": 5281.444, "o_score_car": 4149.381, "CDI": -0.12 }, "geometry": { "type": "Polygon", "coordinates": [ [ [ 2.28978, 48.88031 ], [ 2.29209, 48.87952 ], [ 2.29242, 48.87777 ], [ 2.29045, 48.87681 ], [ 2.28814, 48.8776 ], [ 2.28781, 48.87935 ], [ 2.28978, 48.88031 ] ] ] } },
{ "type": "Feature", "properties": { "id": 1103, "population": 2634, "o_score_pt": 4824.219, "o_score_car": 4133.972, "CDI": -0.077 }, "geometry": { "type": "Polygon", "coordinates": [ [ [ 2.41048, 48.86381 ], [ 2.41277, 48.86303 ], [ 2.41309, 48.86129 ], [ 2.41114, 48.86034 ], [ 2.40885, 48.86112 ], [ 2.40853, 48.86286 ], [ 2.41048, 48.86381 ] ] ] } },
{ "type": "Feature", "properties": { "id": 1104, "population": 210, "o_score_pt": 3043.11, "o_score_car": 3806.153, "CDI": 0.111 }, "geometry": { "type": "Polygon", "coordinates": [ [ [ 2.42151, 48.8396 ], [ 2.42298, 48.8391 ], [ 2.4232, 48.83794 ], [ 2.42202, 48.83736 ], [ 2.42054, 48.83787 ], [ 2.42033, 48.83903 ], [ 2.42151, 48.8396 ] ] ] } },
{ "type": "Feature", "properties": { "id": 1105, "population": 3324, "o_score_pt": 6522.103, "o_score_car": 4799.128, "CDI": -0.152 }, "geometry": { "type": "Polygon", "coordinates": [ [ [ 2.35664, 48.87236 ], [ 2.35897, 48.87156 ], [ 2.3593, 48.8698 ], [ 2.3573, 48.86883 ], [ 2.35498, 48.86962 ], [ 2.35464, 48.87139 ], [ 2.35664, 48.87236 ] ] ] } },
{ "type": "Feature", "properties": { "id": 1106, "population": 901, "o_score_pt": 6579.152, "o_score_car": 4767.068, "CDI": -0.16 }, "geometry": { "type": "Polygon", "coordinates": [ [ [ 2.3344, 48.86315 ], [ 2.33635, 48.86249 ], [ 2.33663, 48.861 ], [ 2.335, 48.8602 ], [ 2.33306, 48.86087 ], [ 2.33278, 48.86236 ], [ 2.3344, 48.86315 ] ] ] } },
{ "type": "Feature", "properties": { "id": 1107, "population": 2626, "o_score_pt": 6470.487, "o_score_car": 4608.105, "CDI": -0.168 }, "geometry": { "type": "Polygon", "coordinates": [ [ [ 2.34267, 48.8771 ], [ 2.34496, 48.87632 ], [ 2.34529, 48.87459 ], [ 2.34333, 48.87363 ], [ 2.34105, 48.87442 ], [ 2.34072, 48.87615 ], [ 2.34267, 48.8771 ] ] ] } },
{ "type": "Feature", "properties": { "id": 1108, "population": 2526, "o_score_pt": 6404.401, "o_score_car": 4510.744, "CDI": -0.173 }, "geometry": { "type": "Polygon", "coordinates": [ [ [ 2.35464, 48.88292 ], [ 2.35692, 48.88214 ], [ 2.35724, 48.88041 ], [ 2.3553, 48.87947 ], [ 2.35303, 48.88024 ], [ 2.3527, 48.88197 ], [ 2.35464, 48.88292 ] ] ] } },
{ "type": "Feature", "properties": { "id": 1109, "population": 2446, "o_score_pt": 5273.163, "o_score_car": 4352.764, "CDI": -0.096 }, "geometry": { "type": "Polygon", "coordinates": [ [ [ 2.3221, 48.83618 ], [ 2.32437, 48.83541 ], [ 2.32469, 48.83369 ], [ 2.32276, 48.83275 ], [ 2.3205, 48.83352 ], [ 2.32017, 48.83524 ], [ 2.3221, 48.83618 ] ] ] } },
{ "type": "Feature", "properties": { "id": 1110, "population": 3483, "o_score_pt": 5204.302, "o_score_car": 4136.193, "CDI": -0.114 }, "geometry": { "type": "Polygon", "coordinates": [ [ [ 2.34132, 48.89577 ], [ 2.34365, 48.89498 ], [ 2.34399, 48.89321 ], [ 2.34199, 48.89224 ], [ 2.33966, 48.89304 ], [ 2.33933, 48.8948 ], [ 2.34132, 48.89577 ] ] ] } },
{ "type": "Feature", "properties": { "id": 1111, "population": 2773, "o_score_pt": 5674.673, "o_score_car": 4304.442, "CDI": -0.137 }, "geometry": { "type": "Polygon", "coordinates": [ [ [ 2.356, 48.82958 ], [ 2.3583, 48.82879 ], [ 2.35863, 48.82704 ], [ 2.35666, 48.82608 ], [ 2.35436, 48.82687 ], [ 2.35403, 48.82862 ], [ 2.356, 48.82958 ] ] ] } },
{ "type": "Feature", "properties": { "id": 1112, "population": 0, "o_score_pt": 2612.604, "o_score_car": 3280.812, "CDI": 0.113 }, "geometry": { "type": "Polygon", "coordinates": [ [ [ 2.43403, 48.83102 ], [ 2.43403, 48.83102 ], [ 2.43405, 48.83091 ], [ 2.43405, 48.83091 ], [ 2.43403, 48.83102 ] ] ] } },
{ "type": "Feature", "properties": { "id": 1113, "population": 1914, "o_score_pt": 5386.506, "o_score_car": 4069.447, "CDI": -0.139 }, "geometry": { "type": "Polygon", "coordinates": [ [ [ 2.40318, 48.84475 ], [ 2.40536, 48.844 ], [ 2.40567, 48.84234 ], [ 2.40382, 48.84143 ], [ 2.40163, 48.84218 ], [ 2.40132, 48.84384 ], [ 2.40318, 48.84475 ] ] ] } },
{ "type": "Feature", "properties": { "id": 1114, "population": 555, "o_score_pt": 3717.978, "o_score_car": 3895.907, "CDI": 0.023 }, "geometry": { "type": "Polygon", "coordinates": [ [ [ 2.25595, 48.85181 ], [ 2.25773, 48.8512 ], [ 2.258, 48.84981 ], [ 2.25652, 48.84909 ], [ 2.25473, 48.8497 ], [ 2.25447, 48.85108 ], [ 2.25595, 48.85181 ] ] ] } },
{ "type": "Feature", "properties": { "id": 1115, "population": 1836, "o_score_pt": 4205.425, "o_score_car": 3828.909, "CDI": -0.047 }, "geometry": { "type": "Polygon", "coordinates": [ [ [ 2.25793, 48.84149 ], [ 2.2601, 48.84075 ], [ 2.26042, 48.83909 ], [ 2.25857, 48.83819 ], [ 2.2564, 48.83894 ], [ 2.25609, 48.84059 ], [ 2.25793, 48.84149 ] ] ] } },
{ "type": "Feature", "properties": { "id": 1116, "population": 117, "o_score_pt": 2456.356, "o_score_car": 3105.577, "CDI": 0.117 }, "geometry": { "type": "Polygon", "coordinates": [ [ [ 2.45471, 48.82476 ], [ 2.45599, 48.82432 ], [ 2.45619, 48.82329 ], [ 2.45518, 48.82281 ], [ 2.4539, 48.82325 ], [ 2.45371, 48.82428 ], [ 2.45471, 48.82476 ] ] ] } },
{ "type": "Feature", "properties": { "id": 1117, "population": 4, "o_score_pt": 3219.553, "o_score_car": 3317.331, "CDI": 0.015 }, "geometry": { "type": "Polygon", "coordinates": [ [ [ 2.46046, 48.84024 ], [ 2.46073, 48.84014 ], [ 2.46079, 48.83984 ], [ 2.46075, 48.83982 ], [ 2.46048, 48.83991 ], [ 2.46043, 48.84022 ], [ 2.46046, 48.84024 ] ] ] } }
]
}
