{
"type": "FeatureCollection",
"name": "cartogram",
"crs": { "type": "name", "properties": { "name": "urn:ogc:def:crs:OGC:1.3:CRS84" } },
"features": [
{ "type": "Feature", "properties": { "id": 0, "population": 307, "o_score_pt": 879.854, "o_score_car": 1223.224, "CDI": 0.163 }, "geometry": { "type": "Polygon", "coordinates": [ [ [ -122.36618, 47.56429 ], [ -122.36863, 47.56408 ], [ -122.36994, 47.56531 ], [ -122.36881, 47.56677 ], [ -122.36636, 47.56698 ], [ -122.36505, 47.56575 ], [ -122.36618, 47.56429 ] ] ] } },
{ "type": "Feature", "properties": { "id": 1, "population": 183, "o_score_pt": 473.002, "o_score_car": 1035.452, "CDI": 0.373 }, "geometry": { "type": "Polygon", "coordinates": [ [ [ -122.324, 47.51928 ], [ -122.3262, 47.51909 ], [ -122.32735, 47.52017 ], [ -122.32634, 47.52148 ], [ -122.32414, 47.52167 ], [ -122.32299, 47.52059 ], [ -122.324, 47.51928 ] ] ] } },
{ "type": "Feature", "properties": { "id": 2, "population": 270, "o_score_pt": 598.617, "o_score_car": 916.77, "CDI": 0.21 }, "geometry": { "type": "Polygon", "coordinates": [ [ [ -122.38763, 47.53657 ], [ -122.39002, 47.53636 ], [ -122.39129, 47.53755 ], [ -122.39019, 47.53897 ], [ -122.3878, 47.53918 ], [ -122.38653, 47.53799 ], [ -122.38763, 47.53657 ] ] ] } },
{ "type": "Feature", "properties": { "id": 3, "population": 508, "o_score_pt": 707.969, "o_score_car": 1051.076, "CDI": 0.195 }, "geometry": { "type": "Polygon", "coordinates": [ [ [ -122.38415, 47.54394 ], [ -122.38674, 47.54371 ], [ -122.38814, 47.54502 ], [ -122.38695, 47.54657 ], [ -122.38436, 47.54679 ], [ -122.38296, 47.54548 ], [ -122.38415, 47.54394 ] ] ] } },
{ "type": "Feature", "properties": { "id": 4, "population": 88, "o_score_pt": 387.194, "o_score_car": 1183.202, "CDI": 0.507 }, "geometry": { "type": "Polygon", "coordinates": [ [ [ -122.37533, 47.57822 ], [ -122.37718, 47.57806 ], [ -122.37811, 47.57893 ], [ -122.37726, 47.58002 ], [ -122.37541, 47.58018 ], [ -122.37448, 47.57931 ], [ -122.37533, 47.57822 ] ] ] } },
{ "type": "Feature", "properties": { "id": 5, "population": 284, "o_score_pt": 626.219, "o_score_car": 1060.619, "CDI": 0.258 }, "geometry": { "type": "Polygon", "coordinates": [ [ [ -122.38048, 47.54581 ], [ -122.38289, 47.54559 ], [ -122.38418, 47.5468 ], [ -122.38307, 47.54824 ], [ -122.38066, 47.54845 ], [ -122.37937, 47.54724 ], [ -122.38048, 47.54581 ] ] ] } },
{ "type": "Feature", "properties": { "id": 6, "population": 301, "o_score_pt": 402.889, "o_score_car": 1036.202, "CDI": 0.44 }, "geometry": { "type": "Polygon", "coordinates": [ [ [ -122.38715, 47.584 ], [ -122.38959, 47.58378 ], [ -122.39089, 47.58501 ], [ -122.38977, 47.58646 ], [ -122.38733, 47.58667 ], [ -122.38603, 47.58545 ], [ -122.38715, 47.584 ] ] ] } },
{ "type": "Feature", "properties": { "id": 7, "population": 220, "o_score_pt": 225.708, "o_score_car": 837.359, "CDI": 0.575 }, "geometry": { "type": "Polygon", "coordinates": [ [ [ -122.36968, 47.5037 ], [ -122.37197, 47.5035 ], [ -122.37317, 47.50464 ], [ -122.37213, 47.506 ], [ -122.36984, 47.5062 ], [ -122.36863, 47.50506 ], [ -122.36968, 47.5037 ] ] ] } },
{ "type": "Feature", "properties": { "id": 8, "population": 175, "o_score_pt": 596.284, "o_score_car": 950.872, "CDI": 0.229 }, "geometry": { "type": "Polygon", "coordinates": [ [ [ -122.34791, 47.52582 ], [ -122.35009, 47.52563 ], [ -122.35123, 47.5267 ], [ -122.35023, 47.52799 ], [ -122.34805, 47.52818 ], [ -122.34692, 47.52711 ], [ -122.34791, 47.52582 ] ] ] } },
{ "type": "Feature", "properties": { "id": 9, "population": 601, "o_score_pt": 660.281, "o_score_car": 937.316, "CDI": 0.173 }, "geometry": { "type": "Polygon", "coordinates": [ [ [ -122.35983, 47.53171 ], [ -122.36242, 47.53148 ], [ -122.36382, 47.5328 ], [ -122.36263, 47.53434 ], [ -122.36004, 47.53457 ], [ -122.35864, 47.53325 ], [ -122.35983, 47.53171 ] ] ] } },
{ "type": "Feature", "properties": { "id": 10, "population": 378, "o_score_pt": 402.273, "o_score_car": 1035.29, "CDI": 0.44 }, "geometry": { "type": "Polygon", "coordinates": [ [ [ -122.38331, 47.58571 ], [ -122.38586, 47.58548 ], [ -122.38723, 47.58677 ], [ -122.38606, 47.58829 ], [ -122.38351, 47.58852 ], [ -122.38214, 47.58723 ], [ -122.38331, 47.58571 ] ] ] } },
{ "type": "Feature", "properties": { "id": 11, "population": 226, "o_score_pt": 440.829, "o_score_car": 864.632, "CDI": 0.325 }, "geometry": { "type": "Polygon", "coordinates": [ [ [ -122.37029, 47.51227 ], [ -122.37259, 47.51207 ], [ -122.37381, 47.51321 ], [ -122.37275, 47.51458 ], [ -122.37045, 47.51478 ], [ -122.36924, 47.51364 ], [ -122.37029, 47.51227 ] ] ] } },
{ "type": "Feature", "properties": { "id": 12, "population": 286, "o_score_pt": 482.396, "o_score_car": 839.214, "CDI": 0.27 }, "geometry": { "type": "Polygon", "coordinates": [ [ [ -122.374, 47.51044 ], [ -122.37642, 47.51022 ], [ -122.3777, 47.51143 ], [ -122.3766, 47.51287 ], [ -122.37418, 47.51308 ], [ -122.37289, 47.51187 ], [ -122.374, 47.51044 ] ] ] } },
{ "type": "Feature", "properties": { "id": 13, "population": 2, "o_score_pt": 496.155, "o_score_car": 1207.769, "CDI": 0.418 }, "geometry": { "type": "Polygon", "coordinates": [ [ [ -122.352, 47.5669 ], [ -122.352, 47.5669 ], [ -122.35193, 47.5669 ], [ -122.35193, 47.5669 ], [ -122.352, 47.5669 ] ] ] } },
{ "type": "Feature", "properties": { "id": 14, "population": 155, "o_score_pt": 626.016, "o_score_car": 993.281, "CDI": 0.227 }, "geometry": { "type": "Polygon", "coordinates": [ [ [ -122.37226, 47.53809 ], [ -122.37439, 47.5379 ], [ -122.37549, 47.53893 ], [ -122.37452, 47.54019 ], [ -122.37239, 47.54038 ], [ -122.37129, 47.53934 ], [ -122.37226, 47.53809 ] ] ] } },
{ "type": "Feature", "properties": { "id": 15, "population": 125, "o_score_pt": 630.846, "o_score_car": 951.271, "CDI": 0.203 }, "geometry": { "type": "Polygon", "coordinates": [ [ [ -122.34904, 47.5402 ], [ -122.35106, 47.54002 ], [ -122.35209, 47.54099 ], [ -122.35117, 47.54219 ], [ -122.34915, 47.54237 ], [ -122.34812, 47.54139 ], [ -122.34904, 47.5402 ] ] ] } },
{ "type": "Feature", "properties": { "id": 16, "population": 0, "o_score_pt": 710.635, "o_score_car": 1193.602, "CDI": 0.254 }, "geometry": { "type": "Polygon", "coordinates": [ [ [ -122.36416, 47.57301 ], [ -122.36416, 47.57301 ], [ -122.3641, 47.57301 ], [ -122.3641, 47.57301 ], [ -122.36416, 47.57301 ] ] ] } },
{ "type": "Feature", "properties": { "id": 17, "population": 702, "o_score_pt": 664.815, "o_score_car": 1022.835, "CDI": 0.212 }, "geometry": { "type": "Polygon", "coordinates": [ [ [ -122.36863, 47.54531 ], [ -122.37122, 47.54508 ], [ -122.37262, 47.54639 ], [ -122.37143, 47.54794 ], [ -122.36884, 47.54817 ], [ -122.36744, 47.54685 ], [ -122.36863, 47.54531 ] ] ] } },
{ "type": "Feature", "properties": { "id": 18, "population": 1, "o_score_pt": 516.061, "o_score_car": 999.609, "CDI": 0.319 }, "geometry": { "type": "Polygon", "coordinates": [ [ [ -122.32981, 47.53004 ], [ -122.32981, 47.53004 ], [ -122.32974, 47.53005 ], [ -122.32974, 47.53005 ], [ -122.32981, 47.53004 ] ] ] } },
{ "type": "Feature", "properties": { "id": 19, "population": 244, "o_score_pt": 346.89, "o_score_car": 1033.494, "CDI": 0.497 }, "geometry": { "type": "Polygon", "coordinates": [ [ [ -122.39771, 47.56732 ], [ -122.40005, 47.56711 ], [ -122.40129, 47.56828 ], [ -122.40021, 47.56967 ], [ -122.39787, 47.56988 ], [ -122.39664, 47.56871 ], [ -122.39771, 47.56732 ] ] ] } },
{ "type": "Feature", "properties": { "id": 20, "population": 30, "o_score_pt": 490.332, "o_score_car": 1036.602, "CDI": 0.358 }, "geometry": { "type": "Polygon", "coordinates": [ [ [ -122.33604, 47.51731 ], [ -122.33738, 47.5172 ], [ -122.33798, 47.51777 ], [ -122.33738, 47.51855 ], [ -122.33604, 47.51866 ], [ -122.33544, 47.51809 ], [ -122.33604, 47.51731 ] ] ] } },
{ "type": "Feature", "properties": { "id": 21, "population": 0, "o_score_pt": 357.254, "o_score_car": 1016.803, "CDI": 0.48 }, "geometry": { "type": "Polygon", "coordinates": [ [ [ -122.3386, 47.54364 ], [ -122.3386, 47.54364 ], [ -122.33853, 47.54365 ], [ -122.33853, 47.54365 ], [ -122.3386, 47.54364 ] ] ] } },
{ "type": "Feature", "properties": { "id": 22, "population": 2, "o_score_pt": 648.642, "o_score_car": 1082.103, "CDI": 0.25 }, "geometry": { "type": "Polygon", "coordinates": [ [ [ -122.37068, 47.55519 ], [ -122.37068, 47.55519 ], [ -122.37062, 47.55519 ], [ -122.37062, 47.55519 ], [ -122.37068, 47.55519 ] ] ] } },
{ "type": "Feature", "properties": { "id": 23, "population": 82, "o_score_pt": 510.775, "o_score_car": 1123.624, "CDI": 0.375 }, "geometry": { "type": "Polygon", "coordinates": [ [ [ -122.32505, 47.53093 ], [ -122.32686, 47.53077 ], [ -122.32777, 47.53162 ], [ -122.32694, 47.53269 ], [ -122.32513, 47.53285 ], [ -122.32422, 47.532 ], [ -122.32505, 47.53093 ] ] ] } },
{ "type": "Feature", "properties": { "id": 24, "population": 243, "o_score_pt": 673.827, "o_score_car": 919.551, "CDI": 0.154 }, "geometry": { "type": "Polygon", "coordinates": [ [ [ -122.36314, 47.52151 ], [ -122.36547, 47.5213 ], [ -122.36671, 47.52247 ], [ -122.36564, 47.52386 ], [ -122.3633, 47.52406 ], [ -122.36206, 47.5229 ], [ -122.36314, 47.52151 ] ] ] } },
{ "type": "Feature", "properties": { "id": 25, "population": 282, "o_score_pt": 691.777, "o_score_car": 1048.573, "CDI": 0.205 }, "geometry": { "type": "Polygon", "coordinates": [ [ [ -122.38654, 47.57545 ], [ -122.38895, 47.57524 ], [ -122.39024, 47.57644 ], [ -122.38913, 47.57788 ], [ -122.38672, 47.57809 ], [ -122.38544, 47.57688 ], [ -122.38654, 47.57545 ] ] ] } },
{ "type": "Feature", "properties": { "id": 26, "population": 107, "o_score_pt": 461.788, "o_score_car": 1040.15, "CDI": 0.385 }, "geometry": { "type": "Polygon", "coordinates": [ [ [ -122.34469, 47.53344 ], [ -122.34663, 47.53327 ], [ -122.34762, 47.5342 ], [ -122.34673, 47.53535 ], [ -122.34479, 47.53552 ], [ -122.3438, 47.53459 ], [ -122.34469, 47.53344 ] ] ] } },
{ "type": "Feature", "properties": { "id": 27, "population": 129, "o_score_pt": 223.724, "o_score_car": 785.862, "CDI": 0.557 }, "geometry": { "type": "Polygon", "coordinates": [ [ [ -122.38136, 47.50139 ], [ -122.38339, 47.50121 ], [ -122.38444, 47.50219 ], [ -122.38351, 47.5034 ], [ -122.38148, 47.50358 ], [ -122.38043, 47.50259 ], [ -122.38136, 47.50139 ] ] ] } },
{ "type": "Feature", "properties": { "id": 28, "population": 539, "o_score_pt": 670.64, "o_score_car": 946.755, "CDI": 0.171 }, "geometry": { "type": "Polygon", "coordinates": [ [ [ -122.35921, 47.52314 ], [ -122.3618, 47.52291 ], [ -122.3632, 47.52422 ], [ -122.36201, 47.52577 ], [ -122.35942, 47.526 ], [ -122.35802, 47.52468 ], [ -122.35921, 47.52314 ] ] ] } },
{ "type": "Feature", "properties": { "id": 29, "population": 49, "o_score_pt": 809.012, "o_score_car": 1205.32, "CDI": 0.197 }, "geometry": { "type": "Polygon", "coordinates": [ [ [ -122.36648, 47.56193 ], [ -122.36805, 47.56179 ], [ -122.36881, 47.5625 ], [ -122.36809, 47.56342 ], [ -122.36652, 47.56356 ], [ -122.36577, 47.56285 ], [ -122.36648, 47.56193 ] ] ] } },
{ "type": "Feature", "properties": { "id": 30, "population": 236, "o_score_pt": 508.804, "o_score_car": 896.807, "CDI": 0.276 }, "geometry": { "type": "Polygon", "coordinates": [ [ [ -122.38704, 47.52803 ], [ -122.38937, 47.52783 ], [ -122.39059, 47.52898 ], [ -122.38953, 47.53036 ], [ -122.38721, 47.53057 ], [ -122.38598, 47.52941 ], [ -122.38704, 47.52803 ] ] ] } },
{ "type": "Feature", "properties": { "id": 31, "population": 154, "o_score_pt": 345.922, "o_score_car": 907.855, "CDI": 0.448 }, "geometry": { "type": "Polygon", "coordinates": [ [ [ -122.40581, 47.56961 ], [ -122.40792, 47.56943 ], [ -122.40902, 47.57046 ], [ -122.40806, 47.57171 ], [ -122.40594, 47.5719 ], [ -122.40484, 47.57087 ], [ -122.40581, 47.56961 ] ] ] } },
{ "type": "Feature", "properties": { "id": 32, "population": 130, "o_score_pt": 366.708, "o_score_car": 1005.072, "CDI": 0.465 }, "geometry": { "type": "Polygon", "coordinates": [ [ [ -122.39809, 47.57035 ], [ -122.40013, 47.57017 ], [ -122.40118, 47.57115 ], [ -122.40025, 47.57235 ], [ -122.39821, 47.57254 ], [ -122.39716, 47.57155 ], [ -122.39809, 47.57035 ] ] ] } },
{ "type": "Feature", "properties": { "id": 33, "population": 0, "o_score_pt": 476.988, "o_score_car": 892.97, "CDI": 0.304 }, "geometry": { "type": "Polygon", "coordinates": [ [ [ -122.39608, 47.52851 ], [ -122.39608, 47.52851 ], [ -122.39601, 47.52851 ], [ -122.39601, 47.52851 ], [ -122.39608, 47.52851 ] ] ] } },
{ "type": "Feature", "properties": { "id": 34, "population": 7, "o_score_pt": 418.138, "o_score_car": 1106.5, "CDI": 0.451 }, "geometry": { "type": "Polygon", "coordinates": [ [ [ -122.34604, 47.54271 ], [ -122.34673, 47.54265 ], [ -122.34692, 47.54283 ], [ -122.34662, 47.54321 ], [ -122.34593, 47.54327 ], [ -122.34574, 47.54309 ], [ -122.34604, 47.54271 ] ] ] } },
{ "type": "Feature", "properties": { "id": 35, "population": 256, "o_score_pt": 179.269, "o_score_car": 808.969, "CDI": 0.637 }, "geometry": { "type": "Polygon", "coordinates": [ [ [ -122.38179, 47.50978 ], [ -122.38415, 47.50957 ], [ -122.3854, 47.51075 ], [ -122.38432, 47.51216 ], [ -122.38196, 47.51236 ], [ -122.38071, 47.51119 ], [ -122.38179, 47.50978 ] ] ] } },
{ "type": "Feature", "properties": { "id": 36, "population": 250, "o_score_pt": 875.261, "o_score_car": 1260.831, "CDI": 0.181 }, "geometry": { "type": "Polygon", "coordinates": [ [ [ -122.36225, 47.56326 ], [ -122.3646, 47.56306 ], [ -122.36585, 47.56423 ], [ -122.36477, 47.56562 ], [ -122.36242, 47.56583 ], [ -122.36117, 47.56466 ], [ -122.36225, 47.56326 ] ] ] } },
{ "type": "Feature", "properties": { "id": 37, "population": 30, "o_score_pt": 2.318, "o_score_car": 1005.451, "CDI": 0.995 }, "geometry": { "type": "Polygon", "coordinates": [ [ [ -122.32052, 47.51868 ], [ -122.32186, 47.51856 ], [ -122.32246, 47.51913 ], [ -122.32186, 47.51991 ], [ -122.32052, 47.52003 ], [ -122.31991, 47.51946 ], [ -122.32052, 47.51868 ] ] ] } },
{ "type": "Feature", "properties": { "id": 38, "population": 272, "o_score_pt": 585.745, "o_score_car": 997.575, "CDI": 0.26 }, "geometry": { "type": "Polygon", "coordinates": [ [ [ -122.39452, 47.57763 ], [ -122.39692, 47.57742 ], [ -122.39819, 47.57861 ], [ -122.39709, 47.58003 ], [ -122.3947, 47.58025 ], [ -122.39343, 47.57905 ], [ -122.39452, 47.57763 ] ] ] } },
{ "type": "Feature", "properties": { "id": 39, "population": 266, "o_score_pt": 555.055, "o_score_car": 957.237, "CDI": 0.266 }, "geometry": { "type": "Polygon", "coordinates": [ [ [ -122.38365, 47.53548 ], [ -122.38603, 47.53527 ], [ -122.38729, 47.53646 ], [ -122.3862, 47.53788 ], [ -122.38382, 47.53809 ], [ -122.38256, 47.5369 ], [ -122.38365, 47.53548 ] ] ] } },
{ "type": "Feature", "properties": { "id": 40, "population": 0, "o_score_pt": 495.41, "o_score_car": 912.2, "CDI": 0.296 }, "geometry": { "type": "Polygon", "coordinates": [ [ [ -122.39629, 47.53137 ], [ -122.39629, 47.53137 ], [ -122.39622, 47.53137 ], [ -122.39622, 47.53137 ], [ -122.39629, 47.53137 ] ] ] } },
{ "type": "Feature", "properties": { "id": 41, "population": 331, "o_score_pt": 628.669, "o_score_car": 1030.87, "CDI": 0.242 }, "geometry": { "type": "Polygon", "coordinates": [ [ [ -122.38023, 47.54291 ], [ -122.38271, 47.54269 ], [ -122.38404, 47.54394 ], [ -122.3829, 47.54542 ], [ -122.38042, 47.54564 ], [ -122.37909, 47.54439 ], [ -122.38023, 47.54291 ] ] ] } },
{ "type": "Feature", "properties": { "id": 42, "population": 108, "o_score_pt": 615.503, "o_score_car": 1089.089, "CDI": 0.278 }, "geometry": { "type": "Polygon", "coordinates": [ [ [ -122.38303, 47.57748 ], [ -122.38498, 47.57731 ], [ -122.38597, 47.57824 ], [ -122.38509, 47.57939 ], [ -122.38314, 47.57956 ], [ -122.38215, 47.57863 ], [ -122.38303, 47.57748 ] ] ] } },
{ "type": "Feature", "properties": { "id": 43, "population": 396, "o_score_pt": 666.588, "o_score_car": 1100.444, "CDI": 0.246 }, "geometry": { "type": "Polygon", "coordinates": [ [ [ -122.3808, 47.55143 ], [ -122.38337, 47.5512 ], [ -122.38476, 47.55251 ], [ -122.38358, 47.55404 ], [ -122.38101, 47.55427 ], [ -122.37962, 47.55296 ], [ -122.3808, 47.55143 ] ] ] } },
{ "type": "Feature", "properties": { "id": 44, "population": 432, "o_score_pt": 405.045, "o_score_car": 1070.425, "CDI": 0.451 }, "geometry": { "type": "Polygon", "coordinates": [ [ [ -122.38308, 47.58283 ], [ -122.38567, 47.5826 ], [ -122.38706, 47.58391 ], [ -122.38587, 47.58546 ], [ -122.38328, 47.58569 ], [ -122.38189, 47.58437 ], [ -122.38308, 47.58283 ] ] ] } },
{ "type": "Feature", "properties": { "id": 45, "population": 519, "o_score_pt": 602.826, "o_score_car": 1027.298, "CDI": 0.26 }, "geometry": { "type": "Polygon", "coordinates": [ [ [ -122.34809, 47.53131 ], [ -122.35068, 47.53108 ], [ -122.35207, 47.53239 ], [ -122.35088, 47.53394 ], [ -122.3483, 47.53416 ], [ -122.3469, 47.53285 ], [ -122.34809, 47.53131 ] ] ] } },
{ "type": "Feature", "properties": { "id": 46, "population": 367, "o_score_pt": 667.829, "o_score_car": 978.617, "CDI": 0.189 }, "geometry": { "type": "Polygon", "coordinates": [ [ [ -122.35588, 47.53065 ], [ -122.35842, 47.53043 ], [ -122.35978, 47.53171 ], [ -122.35861, 47.53322 ], [ -122.35608, 47.53345 ], [ -122.35472, 47.53216 ], [ -122.35588, 47.53065 ] ] ] } },
{ "type": "Feature", "properties": { "id": 47, "population": 185, "o_score_pt": 349.738, "o_score_car": 991.842, "CDI": 0.479 }, "geometry": { "type": "Polygon", "coordinates": [ [ [ -122.38392, 47.59161 ], [ -122.38613, 47.59141 ], [ -122.38728, 47.5925 ], [ -122.38627, 47.59381 ], [ -122.38407, 47.594 ], [ -122.38291, 47.59292 ], [ -122.38392, 47.59161 ] ] ] } },
{ "type": "Feature", "properties": { "id": 48, "population": 49, "o_score_pt": 395.061, "o_score_car": 1015.749, "CDI": 0.44 }, "geometry": { "type": "Polygon", "coordinates": [ [ [ -122.3357, 47.51433 ], [ -122.33727, 47.51419 ], [ -122.33802, 47.5149 ], [ -122.33731, 47.51582 ], [ -122.33574, 47.51596 ], [ -122.33499, 47.51525 ], [ -122.3357, 47.51433 ] ] ] } },
{ "type": "Feature", "properties": { "id": 49, "population": 249, "o_score_pt": 587.102, "o_score_car": 963.602, "CDI": 0.243 }, "geometry": { "type": "Polygon", "coordinates": [ [ [ -122.37989, 47.53727 ], [ -122.38224, 47.53707 ], [ -122.38349, 47.53824 ], [ -122.38241, 47.53963 ], [ -122.38006, 47.53984 ], [ -122.37882, 47.53867 ], [ -122.37989, 47.53727 ] ] ] } },
{ "type": "Feature", "properties": { "id": 50, "population": 188, "o_score_pt": 691.076, "o_score_car": 979.507, "CDI": 0.173 }, "geometry": { "type": "Polygon", "coordinates": [ [ [ -122.35669, 47.5394 ], [ -122.3589, 47.53921 ], [ -122.36006, 47.5403 ], [ -122.35905, 47.54161 ], [ -122.35683, 47.54181 ], [ -122.35567, 47.54072 ], [ -122.35669, 47.5394 ] ] ] } },
{ "type": "Feature", "properties": { "id": 51, "population": 19, "o_score_pt": 888.707, "o_score_car": 1288.829, "CDI": 0.184 }, "geometry": { "type": "Polygon", "coordinates": [ [ [ -122.35959, 47.57143 ], [ -122.36073, 47.57133 ], [ -122.3612, 47.57177 ], [ -122.3607, 47.57242 ], [ -122.35956, 47.57252 ], [ -122.35909, 47.57208 ], [ -122.35959, 47.57143 ] ] ] } },
{ "type": "Feature", "properties": { "id": 52, "population": 277, "o_score_pt": 626.895, "o_score_car": 1053.093, "CDI": 0.254 }, "geometry": { "type": "Polygon", "coordinates": [ [ [ -122.3765, 47.54473 ], [ -122.3789, 47.54452 ], [ -122.38018, 47.54572 ], [ -122.37908, 47.54715 ], [ -122.37668, 47.54736 ], [ -122.3754, 47.54616 ], [ -122.3765, 47.54473 ] ] ] } },
{ "type": "Feature", "properties": { "id": 53, "population": 87, "o_score_pt": 520.388, "o_score_car": 1079.452, "CDI": 0.349 }, "geometry": { "type": "Polygon", "coordinates": [ [ [ -122.32482, 47.52806 ], [ -122.32667, 47.52789 ], [ -122.32759, 47.52877 ], [ -122.32675, 47.52985 ], [ -122.32491, 47.53002 ], [ -122.32398, 47.52914 ], [ -122.32482, 47.52806 ] ] ] } },
{ "type": "Feature", "properties": { "id": 54, "population": 216, "o_score_pt": 616.131, "o_score_car": 1066.52, "CDI": 0.268 }, "geometry": { "type": "Polygon", "coordinates": [ [ [ -122.39376, 47.56627 ], [ -122.39604, 47.56607 ], [ -122.39724, 47.5672 ], [ -122.39619, 47.56855 ], [ -122.39391, 47.56875 ], [ -122.39271, 47.56762 ], [ -122.39376, 47.56627 ] ] ] } },
{ "type": "Feature", "properties": { "id": 55, "population": 10, "o_score_pt": 479.079, "o_score_car": 1084.148, "CDI": 0.387 }, "geometry": { "type": "Polygon", "coordinates": [ [ [ -122.33234, 47.51651 ], [ -122.33319, 47.51643 ], [ -122.33347, 47.5167 ], [ -122.33311, 47.51718 ], [ -122.33227, 47.51725 ], [ -122.33198, 47.51698 ], [ -122.33234, 47.51651 ] ] ] } },
{ "type": "Feature", "properties": { "id": 56, "population": 350, "o_score_pt": 543.123, "o_score_car": 963.776, "CDI": 0.279 }, "geometry": { "type": "Polygon", "coordinates": [ [ [ -122.40599, 47.5751 ], [ -122.40851, 47.57488 ], [ -122.40986, 47.57615 ], [ -122.4087, 47.57764 ], [ -122.40619, 47.57787 ], [ -122.40484, 47.5766 ], [ -122.40599, 47.5751 ] ] ] } },
{ "type": "Feature", "properties": { "id": 57, "population": 102, "o_score_pt": 765.715, "o_score_car": 1112.138, "CDI": 0.184 }, "geometry": { "type": "Polygon", "coordinates": [ [ [ -122.36566, 47.55317 ], [ -122.36758, 47.553 ], [ -122.36855, 47.55391 ], [ -122.36767, 47.55505 ], [ -122.36575, 47.55522 ], [ -122.36478, 47.5543 ], [ -122.36566, 47.55317 ] ] ] } },
{ "type": "Feature", "properties": { "id": 58, "population": 134, "o_score_pt": 855.556, "o_score_car": 1138.423, "CDI": 0.142 }, "geometry": { "type": "Polygon", "coordinates": [ [ [ -122.36579, 47.55595 ], [ -122.36784, 47.55577 ], [ -122.3689, 47.55676 ], [ -122.36796, 47.55798 ], [ -122.36591, 47.55816 ], [ -122.36485, 47.55716 ], [ -122.36579, 47.55595 ] ] ] } },
{ "type": "Feature", "properties": { "id": 59, "population": 106, "o_score_pt": 379.82, "o_score_car": 1059.783, "CDI": 0.472 }, "geometry": { "type": "Polygon", "coordinates": [ [ [ -122.37968, 47.58496 ], [ -122.38162, 47.58479 ], [ -122.3826, 47.58572 ], [ -122.38172, 47.58686 ], [ -122.37978, 47.58704 ], [ -122.37879, 47.58611 ], [ -122.37968, 47.58496 ] ] ] } },
{ "type": "Feature", "properties": { "id": 60, "population": 426, "o_score_pt": 674.091, "o_score_car": 949.802, "CDI": 0.17 }, "geometry": { "type": "Polygon", "coordinates": [ [ [ -122.35901, 47.52028 ], [ -122.36159, 47.52005 ], [ -122.36299, 47.52137 ], [ -122.3618, 47.52291 ], [ -122.35921, 47.52314 ], [ -122.35782, 47.52182 ], [ -122.35901, 47.52028 ] ] ] } },
{ "type": "Feature", "properties": { "id": 61, "population": 261, "o_score_pt": 662.486, "o_score_car": 892.435, "CDI": 0.148 }, "geometry": { "type": "Polygon", "coordinates": [ [ [ -122.36332, 47.52435 ], [ -122.36569, 47.52414 ], [ -122.36695, 47.52532 ], [ -122.36586, 47.52673 ], [ -122.36349, 47.52694 ], [ -122.36224, 47.52576 ], [ -122.36332, 47.52435 ] ] ] } },
{ "type": "Feature", "properties": { "id": 62, "population": 242, "o_score_pt": 362.942, "o_score_car": 1002.71, "CDI": 0.468 }, "geometry": { "type": "Polygon", "coordinates": [ [ [ -122.39435, 47.57481 ], [ -122.39668, 47.5746 ], [ -122.39792, 47.57576 ], [ -122.39685, 47.57715 ], [ -122.39452, 47.57735 ], [ -122.39328, 47.57619 ], [ -122.39435, 47.57481 ] ] ] } },
{ "type": "Feature", "properties": { "id": 63, "population": 12, "o_score_pt": 506.889, "o_score_car": 1108.274, "CDI": 0.372 }, "geometry": { "type": "Polygon", "coordinates": [ [ [ -122.34569, 47.53973 ], [ -122.34662, 47.53964 ], [ -122.34696, 47.53996 ], [ -122.34655, 47.54049 ], [ -122.34563, 47.54057 ], [ -122.34529, 47.54025 ], [ -122.34569, 47.53973 ] ] ] } },
{ "type": "Feature", "properties": { "id": 64, "population": 284, "o_score_pt": 668.919, "o_score_car": 903.431, "CDI": 0.149 }, "geometry": { "type": "Polygon", "coordinates": [ [ [ -122.35973, 47.52895 ], [ -122.36214, 47.52874 ], [ -122.36343, 47.52995 ], [ -122.36232, 47.53138 ], [ -122.35991, 47.5316 ], [ -122.35862, 47.53039 ], [ -122.35973, 47.52895 ] ] ] } },
{ "type": "Feature", "properties": { "id": 65, "population": 218, "o_score_pt": 863.404, "o_score_car": 1196.19, "CDI": 0.162 }, "geometry": { "type": "Polygon", "coordinates": [ [ [ -122.36208, 47.56044 ], [ -122.36437, 47.56024 ], [ -122.36557, 47.56138 ], [ -122.36452, 47.56273 ], [ -122.36224, 47.56293 ], [ -122.36103, 47.5618 ], [ -122.36208, 47.56044 ] ] ] } },
{ "type": "Feature", "properties": { "id": 66, "population": 263, "o_score_pt": 356.137, "o_score_car": 1012.02, "CDI": 0.479 }, "geometry": { "type": "Polygon", "coordinates": [ [ [ -122.40167, 47.56839 ], [ -122.40405, 47.56818 ], [ -122.40531, 47.56936 ], [ -122.40422, 47.57077 ], [ -122.40184, 47.57098 ], [ -122.40058, 47.5698 ], [ -122.40167, 47.56839 ] ] ] } },
{ "type": "Feature", "properties": { "id": 67, "population": 165, "o_score_pt": 592.712, "o_score_car": 879.997, "CDI": 0.195 }, "geometry": { "type": "Polygon", "coordinates": [ [ [ -122.39092, 47.52636 ], [ -122.39307, 47.52617 ], [ -122.39419, 47.52722 ], [ -122.39321, 47.5285 ], [ -122.39105, 47.52869 ], [ -122.38994, 47.52763 ], [ -122.39092, 47.52636 ] ] ] } },
{ "type": "Feature", "properties": { "id": 68, "population": 5, "o_score_pt": 380.782, "o_score_car": 1103.338, "CDI": 0.487 }, "geometry": { "type": "Polygon", "coordinates": [ [ [ -122.34213, 47.54171 ], [ -122.34268, 47.54166 ], [ -122.34278, 47.54175 ], [ -122.34256, 47.54205 ], [ -122.342, 47.5421 ], [ -122.3419, 47.542 ], [ -122.34213, 47.54171 ] ] ] } },
{ "type": "Feature", "properties": { "id": 69, "population": 156, "o_score_pt": 416.495, "o_score_car": 831.199, "CDI": 0.332 }, "geometry": { "type": "Polygon", "coordinates": [ [ [ -122.37795, 47.50883 ], [ -122.38007, 47.50864 ], [ -122.38117, 47.50968 ], [ -122.3802, 47.51094 ], [ -122.37808, 47.51112 ], [ -122.37698, 47.51009 ], [ -122.37795, 47.50883 ] ] ] } },
{ "type": "Feature", "properties": { "id": 70, "population": 93, "o_score_pt": 230.804, "o_score_car": 731.556, "CDI": 0.52 }, "geometry": { "type": "Polygon", "coordinates": [ [ [ -122.38543, 47.50256 ], [ -122.38731, 47.5024 ], [ -122.38825, 47.50329 ], [ -122.3874, 47.5044 ], [ -122.38552, 47.50456 ], [ -122.38458, 47.50367 ], [ -122.38543, 47.50256 ] ] ] } },
{ "type": "Feature", "properties": { "id": 71, "population": 146, "o_score_pt": 519.968, "o_score_car": 1062.963, "CDI": 0.343 }, "geometry": { "type": "Polygon", "coordinates": [ [ [ -122.3209, 47.52969 ], [ -122.32299, 47.5295 ], [ -122.32408, 47.53052 ], [ -122.32312, 47.53176 ], [ -122.32103, 47.53195 ], [ -122.31994, 47.53093 ], [ -122.3209, 47.52969 ] ] ] } },
{ "type": "Feature", "properties": { "id": 72, "population": 43, "o_score_pt": 888.983, "o_score_car": 1212.001, "CDI": 0.154 }, "geometry": { "type": "Polygon", "coordinates": [ [ [ -122.36315, 47.56945 ], [ -122.36466, 47.56931 ], [ -122.36538, 47.56998 ], [ -122.36469, 47.57086 ], [ -122.36318, 47.571 ], [ -122.36247, 47.57033 ], [ -122.36315, 47.56945 ] ] ] } },
{ "type": "Feature", "properties": { "id": 73, "population": 398, "o_score_pt": 535.27, "o_score_car": 1096.708, "CDI": 0.344 }, "geometry": { "type": "Polygon", "coordinates": [ [ [ -122.32021, 47.5237 ], [ -122.32278, 47.52348 ], [ -122.32417, 47.52478 ], [ -122.32299, 47.52632 ], [ -122.32041, 47.52654 ], [ -122.31903, 47.52524 ], [ -122.32021, 47.5237 ] ] ] } },
{ "type": "Feature", "properties": { "id": 74, "population": 198, "o_score_pt": 344.913, "o_score_car": 976.908, "CDI": 0.478 }, "geometry": { "type": "Polygon", "coordinates": [ [ [ -122.40238, 47.57703 ], [ -122.40461, 47.57683 ], [ -122.40579, 47.57793 ], [ -122.40477, 47.57926 ], [ -122.40253, 47.57946 ], [ -122.40135, 47.57836 ], [ -122.40238, 47.57703 ] ] ] } },
{ "type": "Feature", "properties": { "id": 75, "population": 130, "o_score_pt": 629.112, "o_score_car": 947.27, "CDI": 0.202 }, "geometry": { "type": "Polygon", "coordinates": [ [ [ -122.39161, 47.53499 ], [ -122.39365, 47.53481 ], [ -122.39469, 47.5358 ], [ -122.39376, 47.537 ], [ -122.39173, 47.53718 ], [ -122.39068, 47.5362 ], [ -122.39161, 47.53499 ] ] ] } },
{ "type": "Feature", "properties": { "id": 76, "population": 277, "o_score_pt": 627.817, "o_score_car": 996.187, "CDI": 0.227 }, "geometry": { "type": "Polygon", "coordinates": [ [ [ -122.38804, 47.54227 ], [ -122.39044, 47.54206 ], [ -122.39171, 47.54326 ], [ -122.39061, 47.54469 ], [ -122.38822, 47.5449 ], [ -122.38694, 47.5437 ], [ -122.38804, 47.54227 ] ] ] } },
{ "type": "Feature", "properties": { "id": 77, "population": 332, "o_score_pt": 355.552, "o_score_car": 1106.325, "CDI": 0.514 }, "geometry": { "type": "Polygon", "coordinates": [ [ [ -122.37873, 47.57609 ], [ -122.38122, 47.57587 ], [ -122.38256, 47.57713 ], [ -122.38141, 47.57861 ], [ -122.37893, 47.57883 ], [ -122.37759, 47.57757 ], [ -122.37873, 47.57609 ] ] ] } },
{ "type": "Feature", "properties": { "id": 78, "population": 583, "o_score_pt": 593.247, "o_score_car": 944.399, "CDI": 0.228 }, "geometry": { "type": "Polygon", "coordinates": [ [ [ -122.3915, 47.53754 ], [ -122.39408, 47.53731 ], [ -122.39548, 47.53862 ], [ -122.39429, 47.54017 ], [ -122.3917, 47.5404 ], [ -122.39031, 47.53908 ], [ -122.3915, 47.53754 ] ] ] } },
{ "type": "Feature", "properties": { "id": 79, "population": 186, "o_score_pt": 626.646, "o_score_car": 1020.961, "CDI": 0.239 }, "geometry": { "type": "Polygon", "coordinates": [ [ [ -122.34852, 47.53438 ], [ -122.35073, 47.53418 ], [ -122.35188, 47.53527 ], [ -122.35087, 47.53658 ], [ -122.34866, 47.53677 ], [ -122.34751, 47.53569 ], [ -122.34852, 47.53438 ] ] ] } },
{ "type": "Feature", "properties": { "id": 80, "population": 298, "o_score_pt": 637.767, "o_score_car": 1098.421, "CDI": 0.265 }, "geometry": { "type": "Polygon", "coordinates": [ [ [ -122.3769, 47.55042 ], [ -122.37933, 47.55021 ], [ -122.38063, 47.55143 ], [ -122.37951, 47.55288 ], [ -122.37708, 47.55309 ], [ -122.37578, 47.55187 ], [ -122.3769, 47.55042 ] ] ] } },
{ "type": "Feature", "properties": { "id": 81, "population": 323, "o_score_pt": 581.36, "o_score_car": 1029.236, "CDI": 0.278 }, "geometry": { "type": "Polygon", "coordinates": [ [ [ -122.39091, 47.58221 ], [ -122.39338, 47.58199 ], [ -122.39471, 47.58323 ], [ -122.39357, 47.58471 ], [ -122.3911, 47.58492 ], [ -122.38977, 47.58368 ], [ -122.39091, 47.58221 ] ] ] } },
{ "type": "Feature", "properties": { "id": 82, "population": 138, "o_score_pt": 193.599, "o_score_car": 781.379, "CDI": 0.603 }, "geometry": { "type": "Polygon", "coordinates": [ [ [ -122.38553, 47.50532 ], [ -122.38759, 47.50513 ], [ -122.38866, 47.50614 ], [ -122.38772, 47.50736 ], [ -122.38565, 47.50754 ], [ -122.38459, 47.50654 ], [ -122.38553, 47.50532 ] ] ] } },
{ "type": "Feature", "properties": { "id": 83, "population": 274, "o_score_pt": 446.04, "o_score_car": 996.278, "CDI": 0.381 }, "geometry": { "type": "Polygon", "coordinates": [ [ [ -122.34422, 47.53033 ], [ -122.34661, 47.53012 ], [ -122.34789, 47.53132 ], [ -122.34679, 47.53274 ], [ -122.34439, 47.53295 ], [ -122.34312, 47.53175 ], [ -122.34422, 47.53033 ] ] ] } },
{ "type": "Feature", "properties": { "id": 84, "population": 224, "o_score_pt": 692.433, "o_score_car": 975.231, "CDI": 0.17 }, "geometry": { "type": "Polygon", "coordinates": [ [ [ -122.35643, 47.5365 ], [ -122.35873, 47.5363 ], [ -122.35994, 47.53744 ], [ -122.35889, 47.5388 ], [ -122.35659, 47.53901 ], [ -122.35538, 47.53787 ], [ -122.35643, 47.5365 ] ] ] } },
{ "type": "Feature", "properties": { "id": 85, "population": 203, "o_score_pt": 334.369, "o_score_car": 912.151, "CDI": 0.464 }, "geometry": { "type": "Polygon", "coordinates": [ [ [ -122.40552, 47.56668 ], [ -122.40777, 47.56648 ], [ -122.40895, 47.5676 ], [ -122.40792, 47.56893 ], [ -122.40567, 47.56913 ], [ -122.40449, 47.56802 ], [ -122.40552, 47.56668 ] ] ] } },
{ "type": "Feature", "properties": { "id": 86, "population": 243, "o_score_pt": 627.011, "o_score_car": 995.844, "CDI": 0.227 }, "geometry": { "type": "Polygon", "coordinates": [ [ [ -122.37592, 47.53619 ], [ -122.37825, 47.53599 ], [ -122.37949, 47.53715 ], [ -122.37842, 47.53854 ], [ -122.37608, 47.53875 ], [ -122.37484, 47.53758 ], [ -122.37592, 47.53619 ] ] ] } },
{ "type": "Feature", "properties": { "id": 87, "population": 203, "o_score_pt": 666.407, "o_score_car": 975.345, "CDI": 0.188 }, "geometry": { "type": "Polygon", "coordinates": [ [ [ -122.35268, 47.5383 ], [ -122.35493, 47.5381 ], [ -122.35612, 47.53921 ], [ -122.35508, 47.54055 ], [ -122.35283, 47.54075 ], [ -122.35165, 47.53963 ], [ -122.35268, 47.5383 ] ] ] } },
{ "type": "Feature", "properties": { "id": 88, "population": 542, "o_score_pt": 664.676, "o_score_car": 1048.597, "CDI": 0.224 }, "geometry": { "type": "Polygon", "coordinates": [ [ [ -122.37241, 47.54354 ], [ -122.37499, 47.54331 ], [ -122.37639, 47.54462 ], [ -122.3752, 47.54617 ], [ -122.37262, 47.54639 ], [ -122.37122, 47.54508 ], [ -122.37241, 47.54354 ] ] ] } },
{ "type": "Feature", "properties": { "id": 89, "population": 11, "o_score_pt": 515.111, "o_score_car": 1174.95, "CDI": 0.39 }, "geometry": { "type": "Polygon", "coordinates": [ [ [ -122.33314, 47.52791 ], [ -122.33403, 47.52784 ], [ -122.33434, 47.52813 ], [ -122.33396, 47.52863 ], [ -122.33307, 47.52871 ], [ -122.33276, 47.52841 ], [ -122.33314, 47.52791 ] ] ] } },
{ "type": "Feature", "properties": { "id": 90, "population": 74, "o_score_pt": 496.211, "o_score_car": 956.087, "CDI": 0.317 }, "geometry": { "type": "Polygon", "coordinates": [ [ [ -122.33222, 47.5217 ], [ -122.33399, 47.52155 ], [ -122.33486, 47.52237 ], [ -122.33406, 47.52341 ], [ -122.33229, 47.52357 ], [ -122.33142, 47.52274 ], [ -122.33222, 47.5217 ] ] ] } },
{ "type": "Feature", "properties": { "id": 91, "population": 287, "o_score_pt": 343.518, "o_score_car": 910.302, "CDI": 0.452 }, "geometry": { "type": "Polygon", "coordinates": [ [ [ -122.41381, 47.57447 ], [ -122.41623, 47.57425 ], [ -122.41752, 47.57546 ], [ -122.41641, 47.5769 ], [ -122.41399, 47.57712 ], [ -122.4127, 47.57591 ], [ -122.41381, 47.57447 ] ] ] } },
{ "type": "Feature", "properties": { "id": 92, "population": 170, "o_score_pt": 631.798, "o_score_car": 1121.456, "CDI": 0.279 }, "geometry": { "type": "Polygon", "coordinates": [ [ [ -122.37328, 47.55234 ], [ -122.37544, 47.55215 ], [ -122.37657, 47.55321 ], [ -122.37558, 47.5545 ], [ -122.37341, 47.55469 ], [ -122.37228, 47.55363 ], [ -122.37328, 47.55234 ] ] ] } },
{ "type": "Feature", "properties": { "id": 93, "population": 39, "o_score_pt": 342.683, "o_score_car": 1117.34, "CDI": 0.531 }, "geometry": { "type": "Polygon", "coordinates": [ [ [ -122.37597, 47.58415 ], [ -122.37743, 47.58402 ], [ -122.37812, 47.58466 ], [ -122.37746, 47.58551 ], [ -122.37599, 47.58564 ], [ -122.37531, 47.585 ], [ -122.37597, 47.58415 ] ] ] } },
{ "type": "Feature", "properties": { "id": 94, "population": 164, "o_score_pt": 685.387, "o_score_car": 918.463, "CDI": 0.145 }, "geometry": { "type": "Polygon", "coordinates": [ [ [ -122.36702, 47.51984 ], [ -122.36917, 47.51965 ], [ -122.37029, 47.5207 ], [ -122.3693, 47.52198 ], [ -122.36716, 47.52217 ], [ -122.36604, 47.52112 ], [ -122.36702, 47.51984 ] ] ] } },
{ "type": "Feature", "properties": { "id": 95, "population": 245, "o_score_pt": 611.231, "o_score_car": 1012.738, "CDI": 0.247 }, "geometry": { "type": "Polygon", "coordinates": [ [ [ -122.39036, 47.57372 ], [ -122.3927, 47.57351 ], [ -122.39394, 47.57468 ], [ -122.39287, 47.57607 ], [ -122.39053, 47.57627 ], [ -122.38929, 47.57511 ], [ -122.39036, 47.57372 ] ] ] } },
{ "type": "Feature", "properties": { "id": 96, "population": 22, "o_score_pt": 477.851, "o_score_car": 1081.28, "CDI": 0.387 }, "geometry": { "type": "Polygon", "coordinates": [ [ [ -122.34155, 47.53848 ], [ -122.34275, 47.53838 ], [ -122.34326, 47.53886 ], [ -122.34273, 47.53955 ], [ -122.34153, 47.53966 ], [ -122.34101, 47.53918 ], [ -122.34155, 47.53848 ] ] ] } },
{ "type": "Feature", "properties": { "id": 97, "population": 226, "o_score_pt": 599.855, "o_score_car": 894.321, "CDI": 0.197 }, "geometry": { "type": "Polygon", "coordinates": [ [ [ -122.3705, 47.51513 ], [ -122.3728, 47.51492 ], [ -122.37402, 47.51607 ], [ -122.37296, 47.51744 ], [ -122.37066, 47.51764 ], [ -122.36945, 47.5165 ], [ -122.3705, 47.51513 ] ] ] } },
{ "type": "Feature", "properties": { "id": 98, "population": 289, "o_score_pt": 666.841, "o_score_car": 946.347, "CDI": 0.173 }, "geometry": { "type": "Polygon", "coordinates": [ [ [ -122.35574, 47.52786 ], [ -122.35816, 47.52765 ], [ -122.35945, 47.52886 ], [ -122.35834, 47.5303 ], [ -122.35592, 47.53051 ], [ -122.35463, 47.5293 ], [ -122.35574, 47.52786 ] ] ] } },
{ "type": "Feature", "properties": { "id": 99, "population": 0, "o_score_pt": 746.838, "o_score_car": 1178.06, "CDI": 0.224 }, "geometry": { "type": "Polygon", "coordinates": [ [ [ -122.3711, 47.5609 ], [ -122.3711, 47.5609 ], [ -122.37103, 47.56091 ], [ -122.37103, 47.56091 ], [ -122.3711, 47.5609 ] ] ] } },
{ "type": "Feature", "properties": { "id": 100, "population": 166, "o_score_pt": 354.781, "o_score_car": 943.569, "CDI": 0.453 }, "geometry": { "type": "Polygon", "coordinates": [ [ [ -122.40222, 47.57422 ], [ -122.40437, 47.57403 ], [ -122.40549, 47.57508 ], [ -122.40451, 47.57636 ], [ -122.40235, 47.57655 ], [ -122.40123, 47.5755 ], [ -122.40222, 47.57422 ] ] ] } },
{ "type": "Feature", "properties": { "id": 101, "population": 0, "o_score_pt": 0.864, "o_score_car": 1027.639, "CDI": 0.998 }, "geometry": { "type": "Polygon", "coordinates": [ [ [ -122.34279, 47.54759 ], [ -122.34279, 47.54759 ], [ -122.34272, 47.54759 ], [ -122.34272, 47.54759 ], [ -122.34279, 47.54759 ] ] ] } },
{ "type": "Feature", "properties": { "id": 102, "population": 276, "o_score_pt": 871.647, "o_score_car": 1268.64, "CDI": 0.185 }, "geometry": { "type": "Polygon", "coordinates": [ [ [ -122.35865, 47.56786 ], [ -122.36105, 47.56765 ], [ -122.36233, 47.56885 ], [ -122.36123, 47.57028 ], [ -122.35883, 47.57049 ], [ -122.35755, 47.56929 ], [ -122.35865, 47.56786 ] ] ] } },
{ "type": "Feature", "properties": { "id": 103, "population": 357, "o_score_pt": 832.092, "o_score_car": 1197.083, "CDI": 0.18 }, "geometry": { "type": "Polygon", "coordinates": [ [ [ -122.36991, 47.56248 ], [ -122.37243, 47.56226 ], [ -122.37379, 47.56353 ], [ -122.37263, 47.56504 ], [ -122.37011, 47.56526 ], [ -122.36875, 47.56398 ], [ -122.36991, 47.56248 ] ] ] } },
{ "type": "Feature", "properties": { "id": 104, "population": 388, "o_score_pt": 531.885, "o_score_car": 1057.385, "CDI": 0.331 }, "geometry": { "type": "Polygon", "coordinates": [ [ [ -122.31623, 47.52262 ], [ -122.3188, 47.5224 ], [ -122.32018, 47.5237 ], [ -122.319, 47.52522 ], [ -122.31644, 47.52545 ], [ -122.31506, 47.52415 ], [ -122.31623, 47.52262 ] ] ] } },
{ "type": "Feature", "properties": { "id": 105, "population": 114, "o_score_pt": 364.675, "o_score_car": 973.794, "CDI": 0.455 }, "geometry": { "type": "Polygon", "coordinates": [ [ [ -122.39854, 47.57609 ], [ -122.40052, 47.57592 ], [ -122.40153, 47.57686 ], [ -122.40063, 47.57803 ], [ -122.39865, 47.5782 ], [ -122.39764, 47.57726 ], [ -122.39854, 47.57609 ] ] ] } },
{ "type": "Feature", "properties": { "id": 106, "population": 193, "o_score_pt": 491.33, "o_score_car": 943.067, "CDI": 0.315 }, "geometry": { "type": "Polygon", "coordinates": [ [ [ -122.38752, 47.5338 ], [ -122.38974, 47.5336 ], [ -122.39091, 47.5347 ], [ -122.38989, 47.53602 ], [ -122.38766, 47.53622 ], [ -122.3865, 47.53512 ], [ -122.38752, 47.5338 ] ] ] } },
{ "type": "Feature", "properties": { "id": 107, "population": 0, "o_score_pt": 456.555, "o_score_car": 900.715, "CDI": 0.327 }, "geometry": { "type": "Polygon", "coordinates": [ [ [ -122.40006, 47.52959 ], [ -122.40006, 47.52959 ], [ -122.4, 47.5296 ], [ -122.4, 47.5296 ], [ -122.40006, 47.52959 ] ] ] } },
{ "type": "Feature", "properties": { "id": 108, "population": 450, "o_score_pt": 610.357, "o_score_car": 1009.165, "CDI": 0.246 }, "geometry": { "type": "Polygon", "coordinates": [ [ [ -122.38394, 47.54108 ], [ -122.38653, 47.54085 ], [ -122.38793, 47.54217 ], [ -122.38674, 47.54371 ], [ -122.38415, 47.54394 ], [ -122.38276, 47.54262 ], [ -122.38394, 47.54108 ] ] ] } },
{ "type": "Feature", "properties": { "id": 109, "population": 492, "o_score_pt": 727.782, "o_score_car": 1058.453, "CDI": 0.185 }, "geometry": { "type": "Polygon", "coordinates": [ [ [ -122.38457, 47.54965 ], [ -122.38716, 47.54942 ], [ -122.38855, 47.55074 ], [ -122.38736, 47.55228 ], [ -122.38478, 47.55251 ], [ -122.38338, 47.55119 ], [ -122.38457, 47.54965 ] ] ] } },
{ "type": "Feature", "properties": { "id": 110, "population": 452, "o_score_pt": 615.25, "o_score_car": 1068.184, "CDI": 0.269 }, "geometry": { "type": "Polygon", "coordinates": [ [ [ -122.38685, 47.58106 ], [ -122.38944, 47.58083 ], [ -122.39084, 47.58214 ], [ -122.38965, 47.58369 ], [ -122.38706, 47.58391 ], [ -122.38567, 47.5826 ], [ -122.38685, 47.58106 ] ] ] } },
{ "type": "Feature", "properties": { "id": 111, "population": 333, "o_score_pt": 635.695, "o_score_car": 990.364, "CDI": 0.218 }, "geometry": { "type": "Polygon", "coordinates": [ [ [ -122.35192, 47.52959 ], [ -122.35441, 47.52937 ], [ -122.35575, 47.53063 ], [ -122.3546, 47.53211 ], [ -122.35211, 47.53233 ], [ -122.35078, 47.53107 ], [ -122.35192, 47.52959 ] ] ] } },
{ "type": "Feature", "properties": { "id": 112, "population": 137, "o_score_pt": 596.315, "o_score_car": 893.04, "CDI": 0.199 }, "geometry": { "type": "Polygon", "coordinates": [ [ [ -122.36728, 47.52275 ], [ -122.36934, 47.52257 ], [ -122.3704, 47.52357 ], [ -122.36946, 47.52479 ], [ -122.3674, 47.52497 ], [ -122.36634, 47.52397 ], [ -122.36728, 47.52275 ] ] ] } },
{ "type": "Feature", "properties": { "id": 113, "population": 282, "o_score_pt": 662.27, "o_score_car": 962.513, "CDI": 0.185 }, "geometry": { "type": "Polygon", "coordinates": [ [ [ -122.35238, 47.53535 ], [ -122.35479, 47.53514 ], [ -122.35608, 47.53635 ], [ -122.35497, 47.53778 ], [ -122.35256, 47.53799 ], [ -122.35128, 47.53678 ], [ -122.35238, 47.53535 ] ] ] } },
{ "type": "Feature", "properties": { "id": 114, "population": 326, "o_score_pt": 365.403, "o_score_car": 982.445, "CDI": 0.458 }, "geometry": { "type": "Polygon", "coordinates": [ [ [ -122.38754, 47.58969 ], [ -122.39002, 47.58947 ], [ -122.39135, 47.59071 ], [ -122.39021, 47.59219 ], [ -122.38773, 47.59241 ], [ -122.3864, 47.59116 ], [ -122.38754, 47.58969 ] ] ] } },
{ "type": "Feature", "properties": { "id": 115, "population": 253, "o_score_pt": 105.162, "o_score_car": 1032.225, "CDI": 0.815 }, "geometry": { "type": "Polygon", "coordinates": [ [ [ -122.40147, 47.56554 ], [ -122.40383, 47.56533 ], [ -122.40508, 47.56651 ], [ -122.404, 47.56791 ], [ -122.40164, 47.56812 ], [ -122.40039, 47.56694 ], [ -122.40147, 47.56554 ] ] ] } },
{ "type": "Feature", "properties": { "id": 116, "population": 269, "o_score_pt": 612.459, "o_score_car": 1031.896, "CDI": 0.255 }, "geometry": { "type": "Polygon", "coordinates": [ [ [ -122.39054, 47.57655 ], [ -122.39293, 47.57634 ], [ -122.3942, 47.57753 ], [ -122.3931, 47.57895 ], [ -122.39072, 47.57916 ], [ -122.38945, 47.57797 ], [ -122.39054, 47.57655 ] ] ] } },
{ "type": "Feature", "properties": { "id": 117, "population": 267, "o_score_pt": 412.737, "o_score_car": 819.965, "CDI": 0.33 }, "geometry": { "type": "Polygon", "coordinates": [ [ [ -122.38199, 47.51263 ], [ -122.38437, 47.51242 ], [ -122.38563, 47.51361 ], [ -122.38454, 47.51502 ], [ -122.38216, 47.51524 ], [ -122.3809, 47.51404 ], [ -122.38199, 47.51263 ] ] ] } },
{ "type": "Feature", "properties": { "id": 118, "population": 36, "o_score_pt": 753.196, "o_score_car": 1267.547, "CDI": 0.255 }, "geometry": { "type": "Polygon", "coordinates": [ [ [ -122.35544, 47.57018 ], [ -122.35687, 47.57005 ], [ -122.35752, 47.57067 ], [ -122.35688, 47.5715 ], [ -122.35545, 47.57163 ], [ -122.35479, 47.57101 ], [ -122.35544, 47.57018 ] ] ] } },
{ "type": "Feature", "properties": { "id": 119, "population": 176, "o_score_pt": 695.411, "o_score_car": 1028.581, "CDI": 0.193 }, "geometry": { "type": "Polygon", "coordinates": [ [ [ -122.35314, 47.54405 ], [ -122.35532, 47.54386 ], [ -122.35646, 47.54493 ], [ -122.35546, 47.54622 ], [ -122.35328, 47.54641 ], [ -122.35214, 47.54534 ], [ -122.35314, 47.54405 ] ] ] } },
{ "type": "Feature", "properties": { "id": 120, "population": 37, "o_score_pt": 524.595, "o_score_car": 1120.361, "CDI": 0.362 }, "geometry": { "type": "Polygon", "coordinates": [ [ [ -122.32884, 47.52651 ], [ -122.33028, 47.52639 ], [ -122.33095, 47.52702 ], [ -122.3303, 47.52786 ], [ -122.32886, 47.52798 ], [ -122.32819, 47.52735 ], [ -122.32884, 47.52651 ] ] ] } },
{ "type": "Feature", "properties": { "id": 121, "population": 379, "o_score_pt": 844.311, "o_score_car": 1186.462, "CDI": 0.168 }, "geometry": { "type": "Polygon", "coordinates": [ [ [ -122.38144, 47.56001 ], [ -122.38399, 47.55978 ], [ -122.38536, 47.56108 ], [ -122.38419, 47.5626 ], [ -122.38164, 47.56282 ], [ -122.38026, 47.56153 ], [ -122.38144, 47.56001 ] ] ] } },
{ "type": "Feature", "properties": { "id": 122, "population": 167, "o_score_pt": 475.036, "o_score_car": 1026.659, "CDI": 0.367 }, "geometry": { "type": "Polygon", "coordinates": [ [ [ -122.32801, 47.5204 ], [ -122.33017, 47.52021 ], [ -122.33129, 47.52126 ], [ -122.3303, 47.52254 ], [ -122.32814, 47.52273 ], [ -122.32702, 47.52168 ], [ -122.32801, 47.5204 ] ] ] } },
{ "type": "Feature", "properties": { "id": 123, "population": 228, "o_score_pt": 356.356, "o_score_car": 906.121, "CDI": 0.435 }, "geometry": { "type": "Polygon", "coordinates": [ [ [ -122.40989, 47.57345 ], [ -122.4122, 47.57324 ], [ -122.41342, 47.57439 ], [ -122.41236, 47.57576 ], [ -122.41005, 47.57596 ], [ -122.40883, 47.57482 ], [ -122.40989, 47.57345 ] ] ] } },
{ "type": "Feature", "properties": { "id": 124, "population": 0, "o_score_pt": 34.571, "o_score_car": 1018.452, "CDI": 0.934 }, "geometry": { "type": "Polygon", "coordinates": [ [ [ -122.3432, 47.5533 ], [ -122.3432, 47.5533 ], [ -122.34314, 47.55331 ], [ -122.34314, 47.55331 ], [ -122.3432, 47.5533 ] ] ] } },
{ "type": "Feature", "properties": { "id": 125, "population": 155, "o_score_pt": 680.674, "o_score_car": 1050.77, "CDI": 0.214 }, "geometry": { "type": "Polygon", "coordinates": [ [ [ -122.36932, 47.55128 ], [ -122.37144, 47.5511 ], [ -122.37254, 47.55213 ], [ -122.37157, 47.55339 ], [ -122.36945, 47.55357 ], [ -122.36835, 47.55254 ], [ -122.36932, 47.55128 ] ] ] } },
{ "type": "Feature", "properties": { "id": 126, "population": 2, "o_score_pt": 481.434, "o_score_car": 1149.726, "CDI": 0.41 }, "geometry": { "type": "Polygon", "coordinates": [ [ [ -122.33022, 47.53575 ], [ -122.33022, 47.53575 ], [ -122.33015, 47.53576 ], [ -122.33015, 47.53576 ], [ -122.33022, 47.53575 ] ] ] } },
{ "type": "Feature", "properties": { "id": 127, "population": 288, "o_score_pt": 679.895, "o_score_car": 919.666, "CDI": 0.15 }, "geometry": { "type": "Polygon", "coordinates": [ [ [ -122.36288, 47.5186 ], [ -122.3653, 47.51839 ], [ -122.36659, 47.5196 ], [ -122.36548, 47.52104 ], [ -122.36306, 47.52126 ], [ -122.36177, 47.52004 ], [ -122.36288, 47.5186 ] ] ] } },
{ "type": "Feature", "properties": { "id": 128, "population": 117, "o_score_pt": 662.692, "o_score_car": 983.485, "CDI": 0.195 }, "geometry": { "type": "Polygon", "coordinates": [ [ [ -122.34885, 47.53736 ], [ -122.35084, 47.53718 ], [ -122.35185, 47.53814 ], [ -122.35095, 47.53931 ], [ -122.34896, 47.53949 ], [ -122.34795, 47.53853 ], [ -122.34885, 47.53736 ] ] ] } },
{ "type": "Feature", "properties": { "id": 129, "population": 220, "o_score_pt": 498.95, "o_score_car": 850.324, "CDI": 0.26 }, "geometry": { "type": "Polygon", "coordinates": [ [ [ -122.37827, 47.51445 ], [ -122.38055, 47.51425 ], [ -122.38176, 47.51538 ], [ -122.38071, 47.51674 ], [ -122.37842, 47.51695 ], [ -122.37722, 47.51581 ], [ -122.37827, 47.51445 ] ] ] } },
{ "type": "Feature", "properties": { "id": 130, "population": 274, "o_score_pt": 661.317, "o_score_car": 915.104, "CDI": 0.161 }, "geometry": { "type": "Polygon", "coordinates": [ [ [ -122.36352, 47.52719 ], [ -122.36591, 47.52698 ], [ -122.36718, 47.52818 ], [ -122.36609, 47.5296 ], [ -122.36369, 47.52981 ], [ -122.36242, 47.52861 ], [ -122.36352, 47.52719 ] ] ] } },
{ "type": "Feature", "properties": { "id": 131, "population": 58, "o_score_pt": 865.754, "o_score_car": 1178.262, "CDI": 0.153 }, "geometry": { "type": "Polygon", "coordinates": [ [ [ -122.36623, 47.55903 ], [ -122.36788, 47.55888 ], [ -122.36868, 47.55964 ], [ -122.36793, 47.56061 ], [ -122.36628, 47.56075 ], [ -122.36548, 47.56 ], [ -122.36623, 47.55903 ] ] ] } },
{ "type": "Feature", "properties": { "id": 132, "population": 16, "o_score_pt": 363.228, "o_score_car": 981.844, "CDI": 0.46 }, "geometry": { "type": "Polygon", "coordinates": [ [ [ -122.39887, 47.57375 ], [ -122.39993, 47.57366 ], [ -122.40035, 47.57405 ], [ -122.39988, 47.57466 ], [ -122.39883, 47.57475 ], [ -122.39841, 47.57436 ], [ -122.39887, 47.57375 ] ] ] } },
{ "type": "Feature", "properties": { "id": 133, "population": 223, "o_score_pt": 598.809, "o_score_car": 864.88, "CDI": 0.182 }, "geometry": { "type": "Polygon", "coordinates": [ [ [ -122.37868, 47.52016 ], [ -122.38097, 47.51996 ], [ -122.38218, 47.5211 ], [ -122.38113, 47.52246 ], [ -122.37884, 47.52267 ], [ -122.37763, 47.52153 ], [ -122.37868, 47.52016 ] ] ] } },
{ "type": "Feature", "properties": { "id": 134, "population": 48, "o_score_pt": 822.549, "o_score_car": 1259.843, "CDI": 0.21 }, "geometry": { "type": "Polygon", "coordinates": [ [ [ -122.3669, 47.56765 ], [ -122.36846, 47.56751 ], [ -122.36921, 47.56821 ], [ -122.3685, 47.56912 ], [ -122.36694, 47.56926 ], [ -122.36619, 47.56856 ], [ -122.3669, 47.56765 ] ] ] } },
{ "type": "Feature", "properties": { "id": 135, "population": 136, "o_score_pt": 863.727, "o_score_car": 1233.058, "CDI": 0.176 }, "geometry": { "type": "Polygon", "coordinates": [ [ [ -122.37795, 47.56206 ], [ -122.38, 47.56187 ], [ -122.38106, 47.56287 ], [ -122.38012, 47.56409 ], [ -122.37807, 47.56427 ], [ -122.377, 47.56328 ], [ -122.37795, 47.56206 ] ] ] } },
{ "type": "Feature", "properties": { "id": 136, "population": 255, "o_score_pt": 512.627, "o_score_car": 1072.456, "CDI": 0.353 }, "geometry": { "type": "Polygon", "coordinates": [ [ [ -122.32411, 47.52205 ], [ -122.32647, 47.52185 ], [ -122.32772, 47.52302 ], [ -122.32664, 47.52443 ], [ -122.32428, 47.52463 ], [ -122.32303, 47.52346 ], [ -122.32411, 47.52205 ] ] ] } },
{ "type": "Feature", "properties": { "id": 137, "population": 3, "o_score_pt": 487.427, "o_score_car": 1122.438, "CDI": 0.394 }, "geometry": { "type": "Polygon", "coordinates": [ [ [ -122.33019, 47.53281 ], [ -122.33008, 47.53296 ], [ -122.32977, 47.53299 ], [ -122.32988, 47.53284 ], [ -122.33019, 47.53281 ] ] ] } },
{ "type": "Feature", "properties": { "id": 138, "population": 342, "o_score_pt": 656.167, "o_score_car": 1054.82, "CDI": 0.233 }, "geometry": { "type": "Polygon", "coordinates": [ [ [ -122.36889, 47.54821 ], [ -122.37139, 47.54799 ], [ -122.37273, 47.54926 ], [ -122.37158, 47.55074 ], [ -122.36908, 47.55097 ], [ -122.36774, 47.5497 ], [ -122.36889, 47.54821 ] ] ] } },
{ "type": "Feature", "properties": { "id": 139, "population": 402, "o_score_pt": 347.661, "o_score_car": 928.526, "CDI": 0.455 }, "geometry": { "type": "Polygon", "coordinates": [ [ [ -122.39861, 47.58146 ], [ -122.40119, 47.58123 ], [ -122.40258, 47.58254 ], [ -122.4014, 47.58408 ], [ -122.39882, 47.58431 ], [ -122.39742, 47.583 ], [ -122.39861, 47.58146 ] ] ] } },
{ "type": "Feature", "properties": { "id": 140, "population": 0, "o_score_pt": 841.146, "o_score_car": 1285.722, "CDI": 0.209 }, "geometry": { "type": "Polygon", "coordinates": [ [ [ -122.36794, 47.57124 ], [ -122.36794, 47.57124 ], [ -122.36788, 47.57124 ], [ -122.36788, 47.57124 ], [ -122.36794, 47.57124 ] ] ] } },
{ "type": "Feature", "properties": { "id": 141, "population": 395, "o_score_pt": 627.361, "o_score_car": 1092.378, "CDI": 0.27 }, "geometry": { "type": "Polygon", "coordinates": [ [ [ -122.38059, 47.54858 ], [ -122.38316, 47.54835 ], [ -122.38455, 47.54965 ], [ -122.38337, 47.55118 ], [ -122.3808, 47.55141 ], [ -122.37941, 47.55011 ], [ -122.38059, 47.54858 ] ] ] } },
{ "type": "Feature", "properties": { "id": 142, "population": 282, "o_score_pt": 594.345, "o_score_car": 998.699, "CDI": 0.254 }, "geometry": { "type": "Polygon", "coordinates": [ [ [ -122.34799, 47.52855 ], [ -122.3504, 47.52834 ], [ -122.35168, 47.52955 ], [ -122.35057, 47.53098 ], [ -122.34816, 47.53119 ], [ -122.34688, 47.52998 ], [ -122.34799, 47.52855 ] ] ] } },
{ "type": "Feature", "properties": { "id": 143, "population": 334, "o_score_pt": 632.998, "o_score_car": 880.83, "CDI": 0.164 }, "geometry": { "type": "Polygon", "coordinates": [ [ [ -122.37479, 47.52182 ], [ -122.37728, 47.5216 ], [ -122.37861, 47.52286 ], [ -122.37747, 47.52434 ], [ -122.37498, 47.52456 ], [ -122.37365, 47.52331 ], [ -122.37479, 47.52182 ] ] ] } },
{ "type": "Feature", "properties": { "id": 144, "population": 162, "o_score_pt": 780.572, "o_score_car": 1006.904, "CDI": 0.127 }, "geometry": { "type": "Polygon", "coordinates": [ [ [ -122.3603, 47.53482 ], [ -122.36244, 47.53463 ], [ -122.36356, 47.53568 ], [ -122.36258, 47.53695 ], [ -122.36043, 47.53713 ], [ -122.35932, 47.53609 ], [ -122.3603, 47.53482 ] ] ] } },
{ "type": "Feature", "properties": { "id": 145, "population": 371, "o_score_pt": 386.938, "o_score_car": 1003.378, "CDI": 0.443 }, "geometry": { "type": "Polygon", "coordinates": [ [ [ -122.38352, 47.58857 ], [ -122.38606, 47.58834 ], [ -122.38743, 47.58963 ], [ -122.38626, 47.59114 ], [ -122.38372, 47.59136 ], [ -122.38235, 47.59008 ], [ -122.38352, 47.58857 ] ] ] } },
{ "type": "Feature", "properties": { "id": 146, "population": 204, "o_score_pt": 462.592, "o_score_car": 784.921, "CDI": 0.258 }, "geometry": { "type": "Polygon", "coordinates": [ [ [ -122.38982, 47.51201 ], [ -122.39207, 47.51181 ], [ -122.39326, 47.51293 ], [ -122.39222, 47.51427 ], [ -122.38997, 47.51447 ], [ -122.38879, 47.51335 ], [ -122.38982, 47.51201 ] ] ] } },
{ "type": "Feature", "properties": { "id": 147, "population": 370, "o_score_pt": 353.025, "o_score_car": 907.654, "CDI": 0.44 }, "geometry": { "type": "Polygon", "coordinates": [ [ [ -122.40955, 47.57046 ], [ -122.41208, 47.57024 ], [ -122.41345, 47.57152 ], [ -122.41229, 47.57303 ], [ -122.40975, 47.57326 ], [ -122.40838, 47.57197 ], [ -122.40955, 47.57046 ] ] ] } },
{ "type": "Feature", "properties": { "id": 148, "population": 259, "o_score_pt": 651.989, "o_score_car": 865.009, "CDI": 0.14 }, "geometry": { "type": "Polygon", "coordinates": [ [ [ -122.36374, 47.53006 ], [ -122.36611, 47.52985 ], [ -122.36736, 47.53104 ], [ -122.36628, 47.53244 ], [ -122.36391, 47.53265 ], [ -122.36265, 47.53147 ], [ -122.36374, 47.53006 ] ] ] } },
{ "type": "Feature", "properties": { "id": 149, "population": 17, "o_score_pt": 566.312, "o_score_car": 915.267, "CDI": 0.236 }, "geometry": { "type": "Polygon", "coordinates": [ [ [ -122.34979, 47.54358 ], [ -122.35087, 47.54349 ], [ -122.35131, 47.5439 ], [ -122.35083, 47.54452 ], [ -122.34975, 47.54461 ], [ -122.34931, 47.5442 ], [ -122.34979, 47.54358 ] ] ] } },
{ "type": "Feature", "properties": { "id": 150, "population": 0, "o_score_pt": 567.058, "o_score_car": 955.169, "CDI": 0.255 }, "geometry": { "type": "Polygon", "coordinates": [ [ [ -122.36437, 47.57586 ], [ -122.36437, 47.57586 ], [ -122.3643, 47.57587 ], [ -122.3643, 47.57587 ], [ -122.36437, 47.57586 ] ] ] } },
{ "type": "Feature", "properties": { "id": 151, "population": 241, "o_score_pt": 611.367, "o_score_car": 1017.482, "CDI": 0.249 }, "geometry": { "type": "Polygon", "coordinates": [ [ [ -122.38828, 47.54517 ], [ -122.39062, 47.54496 ], [ -122.39185, 47.54612 ], [ -122.39078, 47.54751 ], [ -122.38845, 47.54771 ], [ -122.38722, 47.54655 ], [ -122.38828, 47.54517 ] ] ] } },
{ "type": "Feature", "properties": { "id": 152, "population": 432, "o_score_pt": 756.968, "o_score_car": 1126.753, "CDI": 0.196 }, "geometry": { "type": "Polygon", "coordinates": [ [ [ -122.38918, 47.5593 ], [ -122.39176, 47.55907 ], [ -122.39316, 47.56039 ], [ -122.39197, 47.56193 ], [ -122.38938, 47.56216 ], [ -122.38799, 47.56085 ], [ -122.38918, 47.5593 ] ] ] } },
{ "type": "Feature", "properties": { "id": 153, "population": 173, "o_score_pt": 525.82, "o_score_car": 1122.486, "CDI": 0.362 }, "geometry": { "type": "Polygon", "coordinates": [ [ [ -122.33576, 47.5197 ], [ -122.33793, 47.51951 ], [ -122.33907, 47.52058 ], [ -122.33807, 47.52187 ], [ -122.3359, 47.52206 ], [ -122.33477, 47.52099 ], [ -122.33576, 47.5197 ] ] ] } },
{ "type": "Feature", "properties": { "id": 154, "population": 6, "o_score_pt": 493.341, "o_score_car": 1131.949, "CDI": 0.393 }, "geometry": { "type": "Polygon", "coordinates": [ [ [ -122.32595, 47.53446 ], [ -122.32657, 47.5344 ], [ -122.32672, 47.53454 ], [ -122.32646, 47.53488 ], [ -122.32583, 47.53494 ], [ -122.32568, 47.5348 ], [ -122.32595, 47.53446 ] ] ] } },
{ "type": "Feature", "properties": { "id": 155, "population": 0, "o_score_pt": 0.932, "o_score_car": 1052.854, "CDI": 0.998 }, "geometry": { "type": "Polygon", "coordinates": [ [ [ -122.343, 47.55044 ], [ -122.343, 47.55044 ], [ -122.34293, 47.55045 ], [ -122.34293, 47.55045 ], [ -122.343, 47.55044 ] ] ] } },
{ "type": "Feature", "properties": { "id": 156, "population": 310, "o_score_pt": 353.041, "o_score_car": 993.415, "CDI": 0.476 }, "geometry": { "type": "Polygon", "coordinates": [ [ [ -122.39113, 47.58507 ], [ -122.39358, 47.58486 ], [ -122.39489, 47.58609 ], [ -122.39377, 47.58755 ], [ -122.39131, 47.58777 ], [ -122.39, 47.58653 ], [ -122.39113, 47.58507 ] ] ] } },
{ "type": "Feature", "properties": { "id": 157, "population": 247, "o_score_pt": 739.59, "o_score_car": 1169.223, "CDI": 0.225 }, "geometry": { "type": "Polygon", "coordinates": [ [ [ -122.37819, 47.56761 ], [ -122.38054, 47.5674 ], [ -122.38178, 47.56857 ], [ -122.38071, 47.56996 ], [ -122.37836, 47.57017 ], [ -122.37712, 47.569 ], [ -122.37819, 47.56761 ] ] ] } },
{ "type": "Feature", "properties": { "id": 158, "population": 33, "o_score_pt": 525.243, "o_score_car": 1061.518, "CDI": 0.338 }, "geometry": { "type": "Polygon", "coordinates": [ [ [ -122.34522, 47.53661 ], [ -122.3466, 47.53649 ], [ -122.34724, 47.53708 ], [ -122.34661, 47.53789 ], [ -122.34523, 47.53801 ], [ -122.34459, 47.53742 ], [ -122.34522, 47.53661 ] ] ] } },
{ "type": "Feature", "properties": { "id": 159, "population": 304, "o_score_pt": 500.935, "o_score_car": 866.291, "CDI": 0.267 }, "geometry": { "type": "Polygon", "coordinates": [ [ [ -122.37419, 47.51328 ], [ -122.37664, 47.51306 ], [ -122.37794, 47.51429 ], [ -122.37682, 47.51575 ], [ -122.37438, 47.51596 ], [ -122.37307, 47.51473 ], [ -122.37419, 47.51328 ] ] ] } },
{ "type": "Feature", "properties": { "id": 160, "population": 530, "o_score_pt": 688.206, "o_score_car": 930.054, "CDI": 0.149 }, "geometry": { "type": "Polygon", "coordinates": [ [ [ -122.35942, 47.526 ], [ -122.36201, 47.52577 ], [ -122.3634, 47.52708 ], [ -122.36221, 47.52862 ], [ -122.35963, 47.52885 ], [ -122.35823, 47.52754 ], [ -122.35942, 47.526 ] ] ] } },
{ "type": "Feature", "properties": { "id": 161, "population": 207, "o_score_pt": 354.506, "o_score_car": 940.103, "CDI": 0.452 }, "geometry": { "type": "Polygon", "coordinates": [ [ [ -122.40593, 47.57239 ], [ -122.40819, 47.57219 ], [ -122.40938, 47.57331 ], [ -122.40835, 47.57465 ], [ -122.40609, 47.57485 ], [ -122.4049, 47.57373 ], [ -122.40593, 47.57239 ] ] ] } },
{ "type": "Feature", "properties": { "id": 162, "population": 165, "o_score_pt": 609.516, "o_score_car": 820.383, "CDI": 0.147 }, "geometry": { "type": "Polygon", "coordinates": [ [ [ -122.38652, 47.51956 ], [ -122.38867, 47.51937 ], [ -122.38979, 47.52042 ], [ -122.38881, 47.5217 ], [ -122.38666, 47.52189 ], [ -122.38554, 47.52083 ], [ -122.38652, 47.51956 ] ] ] } },
{ "type": "Feature", "properties": { "id": 163, "population": 12, "o_score_pt": 358.367, "o_score_car": 1071.011, "CDI": 0.499 }, "geometry": { "type": "Polygon", "coordinates": [ [ [ -122.34611, 47.54544 ], [ -122.34703, 47.54536 ], [ -122.34737, 47.54568 ], [ -122.34696, 47.5462 ], [ -122.34604, 47.54628 ], [ -122.3457, 47.54596 ], [ -122.34611, 47.54544 ] ] ] } },
{ "type": "Feature", "properties": { "id": 164, "population": 13, "o_score_pt": 510.629, "o_score_car": 1162.425, "CDI": 0.39 }, "geometry": { "type": "Polygon", "coordinates": [ [ [ -122.33331, 47.53073 ], [ -122.33427, 47.53065 ], [ -122.33463, 47.53099 ], [ -122.33421, 47.53153 ], [ -122.33325, 47.53161 ], [ -122.33289, 47.53128 ], [ -122.33331, 47.53073 ] ] ] } },
{ "type": "Feature", "properties": { "id": 165, "population": 145, "o_score_pt": 884.234, "o_score_car": 1270.19, "CDI": 0.179 }, "geometry": { "type": "Polygon", "coordinates": [ [ [ -122.36261, 47.56627 ], [ -122.3647, 47.56608 ], [ -122.36578, 47.5671 ], [ -122.36482, 47.56833 ], [ -122.36273, 47.56852 ], [ -122.36165, 47.5675 ], [ -122.36261, 47.56627 ] ] ] } },
{ "type": "Feature", "properties": { "id": 166, "population": 172, "o_score_pt": 871.584, "o_score_car": 1210.711, "CDI": 0.163 }, "geometry": { "type": "Polygon", "coordinates": [ [ [ -122.37389, 47.56091 ], [ -122.37607, 47.56072 ], [ -122.3772, 47.56178 ], [ -122.37621, 47.56307 ], [ -122.37403, 47.56326 ], [ -122.3729, 47.5622 ], [ -122.37389, 47.56091 ] ] ] } },
{ "type": "Feature", "properties": { "id": 167, "population": 122, "o_score_pt": 485.65, "o_score_car": 1049.25, "CDI": 0.367 }, "geometry": { "type": "Polygon", "coordinates": [ [ [ -122.32033, 47.52116 ], [ -122.32234, 47.52099 ], [ -122.32337, 47.52195 ], [ -122.32245, 47.52314 ], [ -122.32045, 47.52332 ], [ -122.31942, 47.52235 ], [ -122.32033, 47.52116 ] ] ] } },
{ "type": "Feature", "properties": { "id": 168, "population": 276, "o_score_pt": 366.797, "o_score_car": 1017.303, "CDI": 0.47 }, "geometry": { "type": "Polygon", "coordinates": [ [ [ -122.39473, 47.58048 ], [ -122.39713, 47.58027 ], [ -122.3984, 47.58147 ], [ -122.3973, 47.58289 ], [ -122.39491, 47.5831 ], [ -122.39363, 47.58191 ], [ -122.39473, 47.58048 ] ] ] } },
{ "type": "Feature", "properties": { "id": 169, "population": 231, "o_score_pt": 637.75, "o_score_car": 934.963, "CDI": 0.189 }, "geometry": { "type": "Polygon", "coordinates": [ [ [ -122.37531, 47.52764 ], [ -122.37762, 47.52743 ], [ -122.37884, 47.52858 ], [ -122.37778, 47.52996 ], [ -122.37547, 47.53016 ], [ -122.37425, 47.52901 ], [ -122.37531, 47.52764 ] ] ] } },
{ "type": "Feature", "properties": { "id": 170, "population": 81, "o_score_pt": 232.116, "o_score_car": 801.213, "CDI": 0.551 }, "geometry": { "type": "Polygon", "coordinates": [ [ [ -122.37352, 47.49934 ], [ -122.37533, 47.49918 ], [ -122.37624, 47.50003 ], [ -122.37541, 47.5011 ], [ -122.3736, 47.50126 ], [ -122.3727, 47.50041 ], [ -122.37352, 47.49934 ] ] ] } },
{ "type": "Feature", "properties": { "id": 171, "population": 0, "o_score_pt": 457.336, "o_score_car": 936.038, "CDI": 0.344 }, "geometry": { "type": "Polygon", "coordinates": [ [ [ -122.39649, 47.53422 ], [ -122.39649, 47.53422 ], [ -122.39643, 47.53423 ], [ -122.39643, 47.53423 ], [ -122.39649, 47.53422 ] ] ] } },
{ "type": "Feature", "properties": { "id": 172, "population": 95, "o_score_pt": 676.172, "o_score_car": 1057.116, "CDI": 0.22 }, "geometry": { "type": "Polygon", "coordinates": [ [ [ -122.37364, 47.55536 ], [ -122.37553, 47.55519 ], [ -122.37648, 47.55608 ], [ -122.37562, 47.5572 ], [ -122.37374, 47.55736 ], [ -122.37279, 47.55647 ], [ -122.37364, 47.55536 ] ] ] } },
{ "type": "Feature", "properties": { "id": 173, "population": 308, "o_score_pt": 791.113, "o_score_car": 1175.516, "CDI": 0.195 }, "geometry": { "type": "Polygon", "coordinates": [ [ [ -122.37435, 47.56932 ], [ -122.37681, 47.5691 ], [ -122.37812, 47.57033 ], [ -122.37699, 47.57179 ], [ -122.37454, 47.57201 ], [ -122.37323, 47.57078 ], [ -122.37435, 47.56932 ] ] ] } },
{ "type": "Feature", "properties": { "id": 174, "population": 278, "o_score_pt": 654.557, "o_score_car": 1068.05, "CDI": 0.24 }, "geometry": { "type": "Polygon", "coordinates": [ [ [ -122.38991, 47.56797 ], [ -122.39231, 47.56776 ], [ -122.39359, 47.56896 ], [ -122.39249, 47.57039 ], [ -122.39009, 47.5706 ], [ -122.38881, 47.5694 ], [ -122.38991, 47.56797 ] ] ] } },
{ "type": "Feature", "properties": { "id": 175, "population": 110, "o_score_pt": 454.721, "o_score_car": 941.512, "CDI": 0.349 }, "geometry": { "type": "Polygon", "coordinates": [ [ [ -122.39606, 47.54183 ], [ -122.39801, 47.54166 ], [ -122.39901, 47.5426 ], [ -122.39812, 47.54375 ], [ -122.39616, 47.54393 ], [ -122.39516, 47.54299 ], [ -122.39606, 47.54183 ] ] ] } },
{ "type": "Feature", "properties": { "id": 176, "population": 98, "o_score_pt": 186.123, "o_score_car": 733.079, "CDI": 0.595 }, "geometry": { "type": "Polygon", "coordinates": [ [ [ -122.38982, 47.50935 ], [ -122.39172, 47.50918 ], [ -122.39268, 47.51009 ], [ -122.39181, 47.51121 ], [ -122.38991, 47.51138 ], [ -122.38895, 47.51048 ], [ -122.38982, 47.50935 ] ] ] } },
{ "type": "Feature", "properties": { "id": 177, "population": 246, "o_score_pt": 613.207, "o_score_car": 879.121, "CDI": 0.178 }, "geometry": { "type": "Polygon", "coordinates": [ [ [ -122.37089, 47.52082 ], [ -122.37323, 47.52061 ], [ -122.37447, 47.52178 ], [ -122.3734, 47.52317 ], [ -122.37106, 47.52338 ], [ -122.36982, 47.52221 ], [ -122.37089, 47.52082 ] ] ] } },
{ "type": "Feature", "properties": { "id": 178, "population": 282, "o_score_pt": 667.887, "o_score_car": 994.684, "CDI": 0.197 }, "geometry": { "type": "Polygon", "coordinates": [ [ [ -122.35616, 47.53358 ], [ -122.35857, 47.53337 ], [ -122.35985, 47.53458 ], [ -122.35875, 47.53601 ], [ -122.35634, 47.53622 ], [ -122.35506, 47.53501 ], [ -122.35616, 47.53358 ] ] ] } },
{ "type": "Feature", "properties": { "id": 179, "population": 137, "o_score_pt": 103.246, "o_score_car": 951.613, "CDI": 0.804 }, "geometry": { "type": "Polygon", "coordinates": [ [ [ -122.40542, 47.56393 ], [ -122.40748, 47.56375 ], [ -122.40855, 47.56475 ], [ -122.40761, 47.56597 ], [ -122.40554, 47.56615 ], [ -122.40448, 47.56516 ], [ -122.40542, 47.56393 ] ] ] } },
{ "type": "Feature", "properties": { "id": 180, "population": 315, "o_score_pt": 351.892, "o_score_car": 786.806, "CDI": 0.382 }, "geometry": { "type": "Polygon", "coordinates": [ [ [ -122.38572, 47.51081 ], [ -122.38818, 47.51059 ], [ -122.38949, 47.51183 ], [ -122.38836, 47.5133 ], [ -122.3859, 47.51352 ], [ -122.38459, 47.51228 ], [ -122.38572, 47.51081 ] ] ] } },
{ "type": "Feature", "properties": { "id": 181, "population": 222, "o_score_pt": 603.243, "o_score_car": 921.538, "CDI": 0.209 }, "geometry": { "type": "Polygon", "coordinates": [ [ [ -122.37154, 47.52942 ], [ -122.37383, 47.52922 ], [ -122.37504, 47.53036 ], [ -122.37399, 47.53172 ], [ -122.3717, 47.53192 ], [ -122.37049, 47.53078 ], [ -122.37154, 47.52942 ] ] ] } },
{ "type": "Feature", "properties": { "id": 182, "population": 178, "o_score_pt": 654.951, "o_score_car": 1000.385, "CDI": 0.209 }, "geometry": { "type": "Polygon", "coordinates": [ [ [ -122.35691, 47.54228 ], [ -122.3591, 47.54208 ], [ -122.36024, 47.54316 ], [ -122.35924, 47.54445 ], [ -122.35705, 47.54465 ], [ -122.35591, 47.54357 ], [ -122.35691, 47.54228 ] ] ] } },
{ "type": "Feature", "properties": { "id": 183, "population": 187, "o_score_pt": 324.942, "o_score_car": 904.946, "CDI": 0.472 }, "geometry": { "type": "Polygon", "coordinates": [ [ [ -122.39612, 47.54455 ], [ -122.39833, 47.54435 ], [ -122.39948, 47.54544 ], [ -122.39847, 47.54675 ], [ -122.39626, 47.54695 ], [ -122.3951, 47.54586 ], [ -122.39612, 47.54455 ] ] ] } },
{ "type": "Feature", "properties": { "id": 184, "population": 529, "o_score_pt": 830.056, "o_score_car": 1153.422, "CDI": 0.163 }, "geometry": { "type": "Polygon", "coordinates": [ [ [ -122.38519, 47.55822 ], [ -122.38778, 47.55799 ], [ -122.38918, 47.5593 ], [ -122.38799, 47.56085 ], [ -122.3854, 47.56107 ], [ -122.384, 47.55976 ], [ -122.38519, 47.55822 ] ] ] } },
{ "type": "Feature", "properties": { "id": 185, "population": 63, "o_score_pt": 490.649, "o_score_car": 1111.466, "CDI": 0.387 }, "geometry": { "type": "Polygon", "coordinates": [ [ [ -122.33206, 47.51889 ], [ -122.33375, 47.51874 ], [ -122.33458, 47.51952 ], [ -122.33381, 47.52051 ], [ -122.33212, 47.52066 ], [ -122.33129, 47.51988 ], [ -122.33206, 47.51889 ] ] ] } },
{ "type": "Feature", "properties": { "id": 186, "population": 438, "o_score_pt": 349.661, "o_score_car": 948.432, "CDI": 0.461 }, "geometry": { "type": "Polygon", "coordinates": [ [ [ -122.40616, 47.57791 ], [ -122.40875, 47.57769 ], [ -122.41014, 47.579 ], [ -122.40895, 47.58054 ], [ -122.40637, 47.58077 ], [ -122.40497, 47.57946 ], [ -122.40616, 47.57791 ] ] ] } },
{ "type": "Feature", "properties": { "id": 187, "population": 383, "o_score_pt": 727.142, "o_score_car": 1085.24, "CDI": 0.198 }, "geometry": { "type": "Polygon", "coordinates": [ [ [ -122.38479, 47.55252 ], [ -122.38735, 47.5523 ], [ -122.38873, 47.55359 ], [ -122.38755, 47.55512 ], [ -122.385, 47.55534 ], [ -122.38362, 47.55405 ], [ -122.38479, 47.55252 ] ] ] } },
{ "type": "Feature", "properties": { "id": 188, "population": 332, "o_score_pt": 688.497, "o_score_car": 1113.543, "CDI": 0.236 }, "geometry": { "type": "Polygon", "coordinates": [ [ [ -122.38587, 47.56684 ], [ -122.38836, 47.56662 ], [ -122.38969, 47.56787 ], [ -122.38855, 47.56935 ], [ -122.38607, 47.56957 ], [ -122.38473, 47.56832 ], [ -122.38587, 47.56684 ] ] ] } },
{ "type": "Feature", "properties": { "id": 189, "population": 36, "o_score_pt": 297.978, "o_score_car": 978.799, "CDI": 0.533 }, "geometry": { "type": "Polygon", "coordinates": [ [ [ -122.38836, 47.59313 ], [ -122.38979, 47.593 ], [ -122.39045, 47.59362 ], [ -122.38981, 47.59445 ], [ -122.38838, 47.59458 ], [ -122.38772, 47.59396 ], [ -122.38836, 47.59313 ] ] ] } },
{ "type": "Feature", "properties": { "id": 190, "population": 369, "o_score_pt": 632.448, "o_score_car": 869.202, "CDI": 0.158 }, "geometry": { "type": "Polygon", "coordinates": [ [ [ -122.37455, 47.51894 ], [ -122.37709, 47.51872 ], [ -122.37846, 47.52 ], [ -122.37729, 47.52151 ], [ -122.37475, 47.52174 ], [ -122.37339, 47.52045 ], [ -122.37455, 47.51894 ] ] ] } },
{ "type": "Feature", "properties": { "id": 191, "population": 228, "o_score_pt": 664.15, "o_score_car": 1097.797, "CDI": 0.246 }, "geometry": { "type": "Polygon", "coordinates": [ [ [ -122.35368, 47.55255 ], [ -122.35599, 47.55235 ], [ -122.35721, 47.55349 ], [ -122.35615, 47.55486 ], [ -122.35384, 47.55506 ], [ -122.35263, 47.55392 ], [ -122.35368, 47.55255 ] ] ] } },
{ "type": "Feature", "properties": { "id": 192, "population": 226, "o_score_pt": 350.815, "o_score_car": 971.856, "CDI": 0.47 }, "geometry": { "type": "Polygon", "coordinates": [ [ [ -122.40192, 47.57128 ], [ -122.40422, 47.57108 ], [ -122.40544, 47.57222 ], [ -122.40439, 47.57359 ], [ -122.40208, 47.57379 ], [ -122.40087, 47.57265 ], [ -122.40192, 47.57128 ] ] ] } },
{ "type": "Feature", "properties": { "id": 193, "population": 21, "o_score_pt": 489.09, "o_score_car": 775.156, "CDI": 0.226 }, "geometry": { "type": "Polygon", "coordinates": [ [ [ -122.3831, 47.51902 ], [ -122.38428, 47.51891 ], [ -122.38478, 47.51938 ], [ -122.38426, 47.52006 ], [ -122.38308, 47.52017 ], [ -122.38258, 47.5197 ], [ -122.3831, 47.51902 ] ] ] } },
{ "type": "Feature", "properties": { "id": 194, "population": 1, "o_score_pt": 334.38, "o_score_car": 974.538, "CDI": 0.489 }, "geometry": { "type": "Polygon", "coordinates": [ [ [ -122.34258, 47.54473 ], [ -122.34258, 47.54473 ], [ -122.34252, 47.54474 ], [ -122.34252, 47.54474 ], [ -122.34258, 47.54473 ] ] ] } },
{ "type": "Feature", "properties": { "id": 195, "population": 261, "o_score_pt": 492.654, "o_score_car": 1050.703, "CDI": 0.362 }, "geometry": { "type": "Polygon", "coordinates": [ [ [ -122.32809, 47.52313 ], [ -122.33046, 47.52293 ], [ -122.33172, 47.52411 ], [ -122.33063, 47.52552 ], [ -122.32826, 47.52573 ], [ -122.327, 47.52454 ], [ -122.32809, 47.52313 ] ] ] } },
{ "type": "Feature", "properties": { "id": 196, "population": 680, "o_score_pt": 650.857, "o_score_car": 1048.346, "CDI": 0.234 }, "geometry": { "type": "Polygon", "coordinates": [ [ [ -122.37262, 47.54639 ], [ -122.3752, 47.54617 ], [ -122.3766, 47.54748 ], [ -122.37541, 47.54902 ], [ -122.37282, 47.54925 ], [ -122.37143, 47.54794 ], [ -122.37262, 47.54639 ] ] ] } },
{ "type": "Feature", "properties": { "id": 197, "population": 116, "o_score_pt": 353.795, "o_score_car": 978.197, "CDI": 0.469 }, "geometry": { "type": "Polygon", "coordinates": [ [ [ -122.34047, 47.52947 ], [ -122.34246, 47.5293 ], [ -122.34347, 47.53025 ], [ -122.34256, 47.53142 ], [ -122.34058, 47.5316 ], [ -122.33957, 47.53064 ], [ -122.34047, 47.52947 ] ] ] } },
{ "type": "Feature", "properties": { "id": 198, "population": 344, "o_score_pt": 830.072, "o_score_car": 1199.056, "CDI": 0.182 }, "geometry": { "type": "Polygon", "coordinates": [ [ [ -122.37412, 47.56643 ], [ -122.37662, 47.56621 ], [ -122.37796, 47.56748 ], [ -122.37681, 47.56897 ], [ -122.37431, 47.56919 ], [ -122.37297, 47.56792 ], [ -122.37412, 47.56643 ] ] ] } },
{ "type": "Feature", "properties": { "id": 199, "population": 372, "o_score_pt": 345.758, "o_score_car": 956.209, "CDI": 0.469 }, "geometry": { "type": "Polygon", "coordinates": [ [ [ -122.40241, 47.57971 ], [ -122.40495, 47.57949 ], [ -122.40632, 47.58077 ], [ -122.40515, 47.58229 ], [ -122.40261, 47.58251 ], [ -122.40124, 47.58123 ], [ -122.40241, 47.57971 ] ] ] } },
{ "type": "Feature", "properties": { "id": 200, "population": 265, "o_score_pt": 514.029, "o_score_car": 891.029, "CDI": 0.268 }, "geometry": { "type": "Polygon", "coordinates": [ [ [ -122.38303, 47.52692 ], [ -122.38541, 47.52671 ], [ -122.38667, 47.52789 ], [ -122.38558, 47.52931 ], [ -122.3832, 47.52952 ], [ -122.38194, 47.52833 ], [ -122.38303, 47.52692 ] ] ] } },
{ "type": "Feature", "properties": { "id": 201, "population": 356, "o_score_pt": 680.079, "o_score_car": 1139.031, "CDI": 0.252 }, "geometry": { "type": "Polygon", "coordinates": [ [ [ -122.38104, 47.55432 ], [ -122.38356, 47.55409 ], [ -122.38491, 47.55537 ], [ -122.38376, 47.55687 ], [ -122.38123, 47.55709 ], [ -122.37988, 47.55582 ], [ -122.38104, 47.55432 ] ] ] } },
{ "type": "Feature", "properties": { "id": 202, "population": 308, "o_score_pt": 870.258, "o_score_car": 1240.641, "CDI": 0.175 }, "geometry": { "type": "Polygon", "coordinates": [ [ [ -122.37037, 47.56823 ], [ -122.37282, 47.56802 ], [ -122.37413, 47.56925 ], [ -122.37301, 47.57071 ], [ -122.37055, 47.57092 ], [ -122.36924, 47.56969 ], [ -122.37037, 47.56823 ] ] ] } },
{ "type": "Feature", "properties": { "id": 203, "population": 271, "o_score_pt": 483.566, "o_score_car": 963.228, "CDI": 0.332 }, "geometry": { "type": "Polygon", "coordinates": [ [ [ -122.39182, 47.54051 ], [ -122.39421, 47.5403 ], [ -122.39548, 47.54149 ], [ -122.39438, 47.54291 ], [ -122.392, 47.54312 ], [ -122.39072, 47.54193 ], [ -122.39182, 47.54051 ] ] ] } },
{ "type": "Feature", "properties": { "id": 204, "population": 81, "o_score_pt": 0.25, "o_score_car": 908.654, "CDI": 0.999 }, "geometry": { "type": "Polygon", "coordinates": [ [ [ -122.39676, 47.55048 ], [ -122.39858, 47.55032 ], [ -122.39948, 47.55117 ], [ -122.39866, 47.55224 ], [ -122.39685, 47.5524 ], [ -122.39594, 47.55155 ], [ -122.39676, 47.55048 ] ] ] } },
{ "type": "Feature", "properties": { "id": 205, "population": 175, "o_score_pt": 224.326, "o_score_car": 804.525, "CDI": 0.564 }, "geometry": { "type": "Polygon", "coordinates": [ [ [ -122.38567, 47.50811 ], [ -122.38785, 47.50792 ], [ -122.38899, 47.50899 ], [ -122.38799, 47.51028 ], [ -122.38581, 47.51047 ], [ -122.38468, 47.5094 ], [ -122.38567, 47.50811 ] ] ] } },
{ "type": "Feature", "properties": { "id": 206, "population": 31, "o_score_pt": 388.666, "o_score_car": 1054.58, "CDI": 0.461 }, "geometry": { "type": "Polygon", "coordinates": [ [ [ -122.33644, 47.52302 ], [ -122.3378, 47.5229 ], [ -122.33841, 47.52348 ], [ -122.3378, 47.52427 ], [ -122.33645, 47.52439 ], [ -122.33583, 47.52381 ], [ -122.33644, 47.52302 ] ] ] } },
{ "type": "Feature", "properties": { "id": 207, "population": 11, "o_score_pt": 536.891, "o_score_car": 1139.713, "CDI": 0.36 }, "geometry": { "type": "Polygon", "coordinates": [ [ [ -122.35073, 47.55512 ], [ -122.35162, 47.55504 ], [ -122.35193, 47.55533 ], [ -122.35155, 47.55583 ], [ -122.35066, 47.55591 ], [ -122.35035, 47.55562 ], [ -122.35073, 47.55512 ] ] ] } },
{ "type": "Feature", "properties": { "id": 208, "population": 229, "o_score_pt": 615.147, "o_score_car": 904.541, "CDI": 0.19 }, "geometry": { "type": "Polygon", "coordinates": [ [ [ -122.37133, 47.52655 ], [ -122.37363, 47.52635 ], [ -122.37485, 47.5275 ], [ -122.3738, 47.52887 ], [ -122.37149, 47.52907 ], [ -122.37027, 47.52793 ], [ -122.37133, 47.52655 ] ] ] } },
{ "type": "Feature", "properties": { "id": 209, "population": 165, "o_score_pt": 481.849, "o_score_car": 782.25, "CDI": 0.238 }, "geometry": { "type": "Polygon", "coordinates": [ [ [ -122.38631, 47.5167 ], [ -122.38846, 47.51651 ], [ -122.38958, 47.51756 ], [ -122.3886, 47.51884 ], [ -122.38645, 47.51903 ], [ -122.38533, 47.51798 ], [ -122.38631, 47.5167 ] ] ] } },
{ "type": "Feature", "properties": { "id": 210, "population": 211, "o_score_pt": 583.329, "o_score_car": 898.025, "CDI": 0.212 }, "geometry": { "type": "Polygon", "coordinates": [ [ [ -122.36757, 47.52835 ], [ -122.36984, 47.52815 ], [ -122.37104, 47.52927 ], [ -122.37, 47.53062 ], [ -122.36773, 47.53082 ], [ -122.36653, 47.52969 ], [ -122.36757, 47.52835 ] ] ] } },
{ "type": "Feature", "properties": { "id": 211, "population": 159, "o_score_pt": 678.347, "o_score_car": 997.576, "CDI": 0.19 }, "geometry": { "type": "Polygon", "coordinates": [ [ [ -122.35296, 47.54122 ], [ -122.35509, 47.54103 ], [ -122.3562, 47.54207 ], [ -122.35522, 47.54334 ], [ -122.35309, 47.54353 ], [ -122.35198, 47.54248 ], [ -122.35296, 47.54122 ] ] ] } },
{ "type": "Feature", "properties": { "id": 212, "population": 193, "o_score_pt": 528.966, "o_score_car": 979.703, "CDI": 0.299 }, "geometry": { "type": "Polygon", "coordinates": [ [ [ -122.39212, 47.54345 ], [ -122.39435, 47.54326 ], [ -122.39552, 47.54436 ], [ -122.3945, 47.54568 ], [ -122.39227, 47.54587 ], [ -122.3911, 47.54478 ], [ -122.39212, 47.54345 ] ] ] } },
{ "type": "Feature", "properties": { "id": 213, "population": 126, "o_score_pt": 629.737, "o_score_car": 1025.687, "CDI": 0.239 }, "geometry": { "type": "Polygon", "coordinates": [ [ [ -122.37631, 47.53923 ], [ -122.37833, 47.53905 ], [ -122.37936, 47.54003 ], [ -122.37844, 47.54122 ], [ -122.37642, 47.5414 ], [ -122.37538, 47.54042 ], [ -122.37631, 47.53923 ] ] ] } },
{ "type": "Feature", "properties": { "id": 214, "population": 371, "o_score_pt": 738.728, "o_score_car": 1150.411, "CDI": 0.218 }, "geometry": { "type": "Polygon", "coordinates": [ [ [ -122.38563, 47.56396 ], [ -122.38818, 47.56373 ], [ -122.38954, 47.56502 ], [ -122.38838, 47.56653 ], [ -122.38584, 47.56675 ], [ -122.38447, 47.56547 ], [ -122.38563, 47.56396 ] ] ] } },
{ "type": "Feature", "properties": { "id": 215, "population": 241, "o_score_pt": 582.335, "o_score_car": 1068.57, "CDI": 0.295 }, "geometry": { "type": "Polygon", "coordinates": [ [ [ -122.39269, 47.55196 ], [ -122.39502, 47.55176 ], [ -122.39625, 47.55292 ], [ -122.39518, 47.5543 ], [ -122.39285, 47.55451 ], [ -122.39162, 47.55335 ], [ -122.39269, 47.55196 ] ] ] } },
{ "type": "Feature", "properties": { "id": 216, "population": 187, "o_score_pt": 350.662, "o_score_car": 976.544, "CDI": 0.472 }, "geometry": { "type": "Polygon", "coordinates": [ [ [ -122.39505, 47.58344 ], [ -122.39726, 47.58324 ], [ -122.39842, 47.58433 ], [ -122.3974, 47.58564 ], [ -122.39519, 47.58584 ], [ -122.39403, 47.58475 ], [ -122.39505, 47.58344 ] ] ] } },
{ "type": "Feature", "properties": { "id": 217, "population": 244, "o_score_pt": 665.06, "o_score_car": 1148.882, "CDI": 0.267 }, "geometry": { "type": "Polygon", "coordinates": [ [ [ -122.38197, 47.56584 ], [ -122.38431, 47.56563 ], [ -122.38555, 47.5668 ], [ -122.38448, 47.56819 ], [ -122.38214, 47.56839 ], [ -122.3809, 47.56723 ], [ -122.38197, 47.56584 ] ] ] } },
{ "type": "Feature", "properties": { "id": 218, "population": 261, "o_score_pt": 775.098, "o_score_car": 986.872, "CDI": 0.12 }, "geometry": { "type": "Polygon", "coordinates": [ [ [ -122.36037, 47.53755 ], [ -122.36274, 47.53734 ], [ -122.364, 47.53852 ], [ -122.36292, 47.53993 ], [ -122.36055, 47.54014 ], [ -122.35929, 47.53896 ], [ -122.36037, 47.53755 ] ] ] } },
{ "type": "Feature", "properties": { "id": 219, "population": 301, "o_score_pt": 602.081, "o_score_car": 892.214, "CDI": 0.194 }, "geometry": { "type": "Polygon", "coordinates": [ [ [ -122.37063, 47.51791 ], [ -122.37307, 47.51769 ], [ -122.37437, 47.51892 ], [ -122.37325, 47.52037 ], [ -122.37081, 47.52059 ], [ -122.36951, 47.51936 ], [ -122.37063, 47.51791 ] ] ] } },
{ "type": "Feature", "properties": { "id": 220, "population": 424, "o_score_pt": 516.455, "o_score_car": 992.928, "CDI": 0.316 }, "geometry": { "type": "Polygon", "coordinates": [ [ [ -122.34726, 47.51988 ], [ -122.34985, 47.51965 ], [ -122.35125, 47.52096 ], [ -122.35006, 47.52251 ], [ -122.34747, 47.52273 ], [ -122.34607, 47.52142 ], [ -122.34726, 47.51988 ] ] ] } },
{ "type": "Feature", "properties": { "id": 221, "population": 396, "o_score_pt": 857.652, "o_score_car": 1144.036, "CDI": 0.143 }, "geometry": { "type": "Polygon", "coordinates": [ [ [ -122.36129, 47.55172 ], [ -122.36386, 47.55149 ], [ -122.36525, 47.55279 ], [ -122.36407, 47.55433 ], [ -122.3615, 47.55455 ], [ -122.36011, 47.55325 ], [ -122.36129, 47.55172 ] ] ] } },
{ "type": "Feature", "properties": { "id": 222, "population": 205, "o_score_pt": 488.076, "o_score_car": 810.224, "CDI": 0.248 }, "geometry": { "type": "Polygon", "coordinates": [ [ [ -122.38289, 47.52413 ], [ -122.38515, 47.52393 ], [ -122.38633, 47.52504 ], [ -122.3853, 47.52638 ], [ -122.38304, 47.52658 ], [ -122.38186, 47.52547 ], [ -122.38289, 47.52413 ] ] ] } },
{ "type": "Feature", "properties": { "id": 223, "population": 0, "o_score_pt": 0.932, "o_score_car": 973.634, "CDI": 0.998 }, "geometry": { "type": "Polygon", "coordinates": [ [ [ -122.36458, 47.57872 ], [ -122.36458, 47.57872 ], [ -122.36451, 47.57872 ], [ -122.36451, 47.57872 ], [ -122.36458, 47.57872 ] ] ] } },
{ "type": "Feature", "properties": { "id": 224, "population": 54, "o_score_pt": 0.607, "o_score_car": 1003.279, "CDI": 0.999 }, "geometry": { "type": "Polygon", "coordinates": [ [ [ -122.3367, 47.52859 ], [ -122.33832, 47.52845 ], [ -122.3391, 47.52918 ], [ -122.33837, 47.53013 ], [ -122.33675, 47.53027 ], [ -122.33597, 47.52954 ], [ -122.3367, 47.52859 ] ] ] } },
{ "type": "Feature", "properties": { "id": 225, "population": 15, "o_score_pt": 526.219, "o_score_car": 1180.008, "CDI": 0.383 }, "geometry": { "type": "Polygon", "coordinates": [ [ [ -122.35107, 47.56075 ], [ -122.35209, 47.56066 ], [ -122.35249, 47.56104 ], [ -122.35204, 47.56162 ], [ -122.35102, 47.56171 ], [ -122.35061, 47.56134 ], [ -122.35107, 47.56075 ] ] ] } },
{ "type": "Feature", "properties": { "id": 226, "population": 628, "o_score_pt": 879.841, "o_score_car": 1227.732, "CDI": 0.165 }, "geometry": { "type": "Polygon", "coordinates": [ [ [ -122.37008, 47.5653 ], [ -122.37267, 47.56507 ], [ -122.37407, 47.56639 ], [ -122.37288, 47.56793 ], [ -122.37029, 47.56816 ], [ -122.36889, 47.56684 ], [ -122.37008, 47.5653 ] ] ] } },
{ "type": "Feature", "properties": { "id": 227, "population": 194, "o_score_pt": 361.258, "o_score_car": 995.587, "CDI": 0.468 }, "geometry": { "type": "Polygon", "coordinates": [ [ [ -122.3986, 47.5788 ], [ -122.40083, 47.57861 ], [ -122.402, 47.5797 ], [ -122.40098, 47.58103 ], [ -122.39875, 47.58122 ], [ -122.39758, 47.58013 ], [ -122.3986, 47.5788 ] ] ] } },
{ "type": "Feature", "properties": { "id": 228, "population": 242, "o_score_pt": 564.075, "o_score_car": 888.947, "CDI": 0.224 }, "geometry": { "type": "Polygon", "coordinates": [ [ [ -122.37907, 47.52585 ], [ -122.3814, 47.52565 ], [ -122.38264, 47.52681 ], [ -122.38157, 47.5282 ], [ -122.37924, 47.52841 ], [ -122.378, 47.52724 ], [ -122.37907, 47.52585 ] ] ] } },
{ "type": "Feature", "properties": { "id": 229, "population": 49, "o_score_pt": 231.164, "o_score_car": 751.578, "CDI": 0.53 }, "geometry": { "type": "Polygon", "coordinates": [ [ [ -122.37744, 47.4977 ], [ -122.37901, 47.49757 ], [ -122.37976, 47.49827 ], [ -122.37905, 47.49919 ], [ -122.37748, 47.49933 ], [ -122.37673, 47.49863 ], [ -122.37744, 47.4977 ] ] ] } },
{ "type": "Feature", "properties": { "id": 230, "population": 310, "o_score_pt": 634.42, "o_score_car": 1114.652, "CDI": 0.275 }, "geometry": { "type": "Polygon", "coordinates": [ [ [ -122.37709, 47.55327 ], [ -122.37955, 47.55305 ], [ -122.38086, 47.55428 ], [ -122.37973, 47.55574 ], [ -122.37728, 47.55596 ], [ -122.37597, 47.55473 ], [ -122.37709, 47.55327 ] ] ] } },
{ "type": "Feature", "properties": { "id": 231, "population": 1, "o_score_pt": 464.278, "o_score_car": 1121.714, "CDI": 0.415 }, "geometry": { "type": "Polygon", "coordinates": [ [ [ -122.33819, 47.53793 ], [ -122.33819, 47.53793 ], [ -122.33812, 47.53793 ], [ -122.33812, 47.53793 ], [ -122.33819, 47.53793 ] ] ] } },
{ "type": "Feature", "properties": { "id": 232, "population": 136, "o_score_pt": 773.891, "o_score_car": 1218.148, "CDI": 0.223 }, "geometry": { "type": "Polygon", "coordinates": [ [ [ -122.37101, 47.57416 ], [ -122.37307, 47.57398 ], [ -122.37413, 47.57498 ], [ -122.37319, 47.5762 ], [ -122.37113, 47.57638 ], [ -122.37007, 47.57538 ], [ -122.37101, 47.57416 ] ] ] } },
{ "type": "Feature", "properties": { "id": 233, "population": 246, "o_score_pt": 493.236, "o_score_car": 989.295, "CDI": 0.335 }, "geometry": { "type": "Polygon", "coordinates": [ [ [ -122.34363, 47.52178 ], [ -122.34597, 47.52158 ], [ -122.34721, 47.52275 ], [ -122.34614, 47.52414 ], [ -122.3438, 47.52435 ], [ -122.34255, 47.52318 ], [ -122.34363, 47.52178 ] ] ] } },
{ "type": "Feature", "properties": { "id": 234, "population": 13, "o_score_pt": 523.729, "o_score_car": 1122.013, "CDI": 0.364 }, "geometry": { "type": "Polygon", "coordinates": [ [ [ -122.3467, 47.55399 ], [ -122.34767, 47.5539 ], [ -122.34803, 47.55424 ], [ -122.3476, 47.55479 ], [ -122.34664, 47.55487 ], [ -122.34628, 47.55453 ], [ -122.3467, 47.55399 ] ] ] } },
{ "type": "Feature", "properties": { "id": 235, "population": 173, "o_score_pt": 566.455, "o_score_car": 867.578, "CDI": 0.21 }, "geometry": { "type": "Polygon", "coordinates": [ [ [ -122.36742, 47.52554 ], [ -122.36959, 47.52535 ], [ -122.37073, 47.52642 ], [ -122.36973, 47.52771 ], [ -122.36756, 47.5279 ], [ -122.36643, 47.52683 ], [ -122.36742, 47.52554 ] ] ] } },
{ "type": "Feature", "properties": { "id": 236, "population": 4, "o_score_pt": 532.559, "o_score_car": 1087.593, "CDI": 0.343 }, "geometry": { "type": "Polygon", "coordinates": [ [ [ -122.34658, 47.54855 ], [ -122.34705, 47.54851 ], [ -122.34709, 47.54856 ], [ -122.3469, 47.5488 ], [ -122.34644, 47.54884 ], [ -122.34639, 47.5488 ], [ -122.34658, 47.54855 ] ] ] } },
{ "type": "Feature", "properties": { "id": 237, "population": 298, "o_score_pt": 623.717, "o_score_car": 1072.953, "CDI": 0.265 }, "geometry": { "type": "Polygon", "coordinates": [ [ [ -122.39304, 47.55762 ], [ -122.39548, 47.5574 ], [ -122.39678, 47.55862 ], [ -122.39566, 47.56007 ], [ -122.39322, 47.56029 ], [ -122.39192, 47.55907 ], [ -122.39304, 47.55762 ] ] ] } },
{ "type": "Feature", "properties": { "id": 238, "population": 130, "o_score_pt": 478.271, "o_score_car": 815.342, "CDI": 0.261 }, "geometry": { "type": "Polygon", "coordinates": [ [ [ -122.3824, 47.51568 ], [ -122.38443, 47.5155 ], [ -122.38548, 47.51648 ], [ -122.38455, 47.51769 ], [ -122.38251, 47.51787 ], [ -122.38147, 47.51688 ], [ -122.3824, 47.51568 ] ] ] } },
{ "type": "Feature", "properties": { "id": 239, "population": 307, "o_score_pt": 623.518, "o_score_car": 931.27, "CDI": 0.198 }, "geometry": { "type": "Polygon", "coordinates": [ [ [ -122.36788, 47.53396 ], [ -122.37033, 47.53374 ], [ -122.37164, 47.53498 ], [ -122.37052, 47.53643 ], [ -122.36807, 47.53665 ], [ -122.36676, 47.53542 ], [ -122.36788, 47.53396 ] ] ] } },
{ "type": "Feature", "properties": { "id": 240, "population": 263, "o_score_pt": 579.485, "o_score_car": 1042.587, "CDI": 0.286 }, "geometry": { "type": "Polygon", "coordinates": [ [ [ -122.39245, 47.54908 ], [ -122.39483, 47.54887 ], [ -122.39609, 47.55006 ], [ -122.395, 47.55147 ], [ -122.39263, 47.55168 ], [ -122.39136, 47.5505 ], [ -122.39245, 47.54908 ] ] ] } },
{ "type": "Feature", "properties": { "id": 241, "population": 47, "o_score_pt": 647.734, "o_score_car": 1224.716, "CDI": 0.308 }, "geometry": { "type": "Polygon", "coordinates": [ [ [ -122.35516, 47.56725 ], [ -122.35671, 47.56711 ], [ -122.35745, 47.56781 ], [ -122.35675, 47.56872 ], [ -122.35519, 47.56885 ], [ -122.35445, 47.56816 ], [ -122.35516, 47.56725 ] ] ] } },
{ "type": "Feature", "properties": { "id": 242, "population": 259, "o_score_pt": 758.521, "o_score_car": 1182.134, "CDI": 0.218 }, "geometry": { "type": "Polygon", "coordinates": [ [ [ -122.38175, 47.56297 ], [ -122.38412, 47.56276 ], [ -122.38538, 47.56394 ], [ -122.38429, 47.56535 ], [ -122.38192, 47.56556 ], [ -122.38066, 47.56438 ], [ -122.38175, 47.56297 ] ] ] } },
{ "type": "Feature", "properties": { "id": 243, "population": 726, "o_score_pt": 347.054, "o_score_car": 909.333, "CDI": 0.448 }, "geometry": { "type": "Polygon", "coordinates": [ [ [ -122.40994, 47.57614 ], [ -122.41252, 47.57591 ], [ -122.41392, 47.57723 ], [ -122.41273, 47.57877 ], [ -122.41014, 47.579 ], [ -122.40875, 47.57769 ], [ -122.40994, 47.57614 ] ] ] } },
{ "type": "Feature", "properties": { "id": 244, "population": 383, "o_score_pt": 695.869, "o_score_car": 1052.995, "CDI": 0.204 }, "geometry": { "type": "Polygon", "coordinates": [ [ [ -122.38857, 47.55075 ], [ -122.39113, 47.55053 ], [ -122.3925, 47.55182 ], [ -122.39133, 47.55334 ], [ -122.38877, 47.55357 ], [ -122.3874, 47.55228 ], [ -122.38857, 47.55075 ] ] ] } },
{ "type": "Feature", "properties": { "id": 245, "population": 462, "o_score_pt": 610.693, "o_score_car": 1106.224, "CDI": 0.289 }, "geometry": { "type": "Polygon", "coordinates": [ [ [ -122.38225, 47.57141 ], [ -122.38483, 47.57118 ], [ -122.38623, 47.5725 ], [ -122.38504, 47.57404 ], [ -122.38245, 47.57427 ], [ -122.38106, 47.57295 ], [ -122.38225, 47.57141 ] ] ] } },
{ "type": "Feature", "properties": { "id": 246, "population": 230, "o_score_pt": 615.846, "o_score_car": 955.922, "CDI": 0.216 }, "geometry": { "type": "Polygon", "coordinates": [ [ [ -122.36817, 47.53689 ], [ -122.37048, 47.53669 ], [ -122.3717, 47.53784 ], [ -122.37064, 47.53921 ], [ -122.36833, 47.53942 ], [ -122.36711, 47.53827 ], [ -122.36817, 47.53689 ] ] ] } },
{ "type": "Feature", "properties": { "id": 247, "population": 167, "o_score_pt": 525.518, "o_score_car": 862.091, "CDI": 0.243 }, "geometry": { "type": "Polygon", "coordinates": [ [ [ -122.37855, 47.51738 ], [ -122.38071, 47.51719 ], [ -122.38183, 47.51825 ], [ -122.38084, 47.51953 ], [ -122.37869, 47.51972 ], [ -122.37756, 47.51866 ], [ -122.37855, 47.51738 ] ] ] } },
{ "type": "Feature", "properties": { "id": 248, "population": 715, "o_score_pt": 663.457, "o_score_car": 967.511, "CDI": 0.186 }, "geometry": { "type": "Polygon", "coordinates": [ [ [ -122.35502, 47.51919 ], [ -122.35761, 47.51897 ], [ -122.35901, 47.52028 ], [ -122.35782, 47.52182 ], [ -122.35523, 47.52205 ], [ -122.35383, 47.52074 ], [ -122.35502, 47.51919 ] ] ] } },
{ "type": "Feature", "properties": { "id": 249, "population": 199, "o_score_pt": 670.25, "o_score_car": 1070.313, "CDI": 0.23 }, "geometry": { "type": "Polygon", "coordinates": [ [ [ -122.3575, 47.55082 ], [ -122.35974, 47.55062 ], [ -122.36092, 47.55172 ], [ -122.35989, 47.55305 ], [ -122.35765, 47.55325 ], [ -122.35647, 47.55215 ], [ -122.3575, 47.55082 ] ] ] } },
{ "type": "Feature", "properties": { "id": 250, "population": 258, "o_score_pt": 579.526, "o_score_car": 868.937, "CDI": 0.2 }, "geometry": { "type": "Polygon", "coordinates": [ [ [ -122.37884, 47.52298 ], [ -122.38121, 47.52277 ], [ -122.38246, 47.52395 ], [ -122.38138, 47.52536 ], [ -122.37902, 47.52557 ], [ -122.37776, 47.52439 ], [ -122.37884, 47.52298 ] ] ] } },
{ "type": "Feature", "properties": { "id": 251, "population": 129, "o_score_pt": 654.047, "o_score_car": 1042.405, "CDI": 0.229 }, "geometry": { "type": "Polygon", "coordinates": [ [ [ -122.35721, 47.54522 ], [ -122.35924, 47.54504 ], [ -122.36029, 47.54602 ], [ -122.35936, 47.54722 ], [ -122.35732, 47.5474 ], [ -122.35628, 47.54642 ], [ -122.35721, 47.54522 ] ] ] } },
{ "type": "Feature", "properties": { "id": 252, "population": 39, "o_score_pt": 606.191, "o_score_car": 1193.492, "CDI": 0.326 }, "geometry": { "type": "Polygon", "coordinates": [ [ [ -122.37156, 47.57735 ], [ -122.37303, 47.57722 ], [ -122.37371, 47.57786 ], [ -122.37305, 47.57872 ], [ -122.37159, 47.57885 ], [ -122.3709, 47.57821 ], [ -122.37156, 47.57735 ] ] ] } },
{ "type": "Feature", "properties": { "id": 253, "population": 29, "o_score_pt": 346.281, "o_score_car": 1022.073, "CDI": 0.494 }, "geometry": { "type": "Polygon", "coordinates": [ [ [ -122.33728, 47.53447 ], [ -122.33861, 47.53435 ], [ -122.33921, 47.53491 ], [ -122.33861, 47.53568 ], [ -122.33728, 47.5358 ], [ -122.33669, 47.53524 ], [ -122.33728, 47.53447 ] ] ] } },
{ "type": "Feature", "properties": { "id": 254, "population": 60, "o_score_pt": 746.863, "o_score_car": 1176.655, "CDI": 0.223 }, "geometry": { "type": "Polygon", "coordinates": [ [ [ -122.35845, 47.5597 ], [ -122.36012, 47.55956 ], [ -122.36094, 47.56032 ], [ -122.36018, 47.5613 ], [ -122.35851, 47.56145 ], [ -122.3577, 47.56068 ], [ -122.35845, 47.5597 ] ] ] } },
{ "type": "Feature", "properties": { "id": 255, "population": 146, "o_score_pt": 103.116, "o_score_car": 1045.449, "CDI": 0.82 }, "geometry": { "type": "Polygon", "coordinates": [ [ [ -122.40142, 47.56283 ], [ -122.40351, 47.56265 ], [ -122.40459, 47.56367 ], [ -122.40364, 47.5649 ], [ -122.40155, 47.56509 ], [ -122.40046, 47.56407 ], [ -122.40142, 47.56283 ] ] ] } },
{ "type": "Feature", "properties": { "id": 256, "population": 296, "o_score_pt": 822.055, "o_score_car": 1184.222, "CDI": 0.181 }, "geometry": { "type": "Polygon", "coordinates": [ [ [ -122.37794, 47.5647 ], [ -122.38037, 47.56449 ], [ -122.38167, 47.56571 ], [ -122.38055, 47.56715 ], [ -122.37812, 47.56737 ], [ -122.37682, 47.56615 ], [ -122.37794, 47.5647 ] ] ] } },
{ "type": "Feature", "properties": { "id": 257, "population": 255, "o_score_pt": 585.723, "o_score_car": 937.386, "CDI": 0.231 }, "geometry": { "type": "Polygon", "coordinates": [ [ [ -122.37947, 47.53155 ], [ -122.38183, 47.53135 ], [ -122.38308, 47.53252 ], [ -122.382, 47.53393 ], [ -122.37964, 47.53414 ], [ -122.37839, 47.53296 ], [ -122.37947, 47.53155 ] ] ] } },
{ "type": "Feature", "properties": { "id": 258, "population": 272, "o_score_pt": 835.953, "o_score_car": 1194.378, "CDI": 0.177 }, "geometry": { "type": "Polygon", "coordinates": [ [ [ -122.37754, 47.55901 ], [ -122.37994, 47.5588 ], [ -122.38121, 47.56 ], [ -122.38011, 47.56142 ], [ -122.37772, 47.56163 ], [ -122.37645, 47.56044 ], [ -122.37754, 47.55901 ] ] ] } },
{ "type": "Feature", "properties": { "id": 259, "population": 424, "o_score_pt": 360.62, "o_score_car": 1012.9, "CDI": 0.475 }, "geometry": { "type": "Polygon", "coordinates": [ [ [ -122.38727, 47.58677 ], [ -122.38986, 47.58654 ], [ -122.39126, 47.58785 ], [ -122.39007, 47.5894 ], [ -122.38748, 47.58962 ], [ -122.38608, 47.58831 ], [ -122.38727, 47.58677 ] ] ] } },
{ "type": "Feature", "properties": { "id": 260, "population": 0, "o_score_pt": 501.84, "o_score_car": 1185.016, "CDI": 0.405 }, "geometry": { "type": "Polygon", "coordinates": [ [ [ -122.3342, 47.53684 ], [ -122.3342, 47.53684 ], [ -122.33414, 47.53685 ], [ -122.33414, 47.53685 ], [ -122.3342, 47.53684 ] ] ] } },
{ "type": "Feature", "properties": { "id": 261, "population": 174, "o_score_pt": 474.939, "o_score_car": 1030.211, "CDI": 0.369 }, "geometry": { "type": "Polygon", "coordinates": [ [ [ -122.34352, 47.51902 ], [ -122.3457, 47.51883 ], [ -122.34683, 47.5199 ], [ -122.34583, 47.52119 ], [ -122.34366, 47.52138 ], [ -122.34252, 47.52031 ], [ -122.34352, 47.51902 ] ] ] } },
{ "type": "Feature", "properties": { "id": 262, "population": 364, "o_score_pt": 666.399, "o_score_car": 1020.054, "CDI": 0.21 }, "geometry": { "type": "Polygon", "coordinates": [ [ [ -122.35211, 47.53243 ], [ -122.35464, 47.5322 ], [ -122.356, 47.53348 ], [ -122.35483, 47.53499 ], [ -122.3523, 47.53521 ], [ -122.35094, 47.53393 ], [ -122.35211, 47.53243 ] ] ] } },
{ "type": "Feature", "properties": { "id": 263, "population": 0, "o_score_pt": 743.013, "o_score_car": 960.929, "CDI": 0.128 }, "geometry": { "type": "Polygon", "coordinates": [ [ [ -122.36815, 47.57409 ], [ -122.36815, 47.57409 ], [ -122.36808, 47.5741 ], [ -122.36808, 47.5741 ], [ -122.36815, 47.57409 ] ] ] } },
{ "type": "Feature", "properties": { "id": 264, "population": 165, "o_score_pt": 508.486, "o_score_car": 942.736, "CDI": 0.299 }, "geometry": { "type": "Polygon", "coordinates": [ [ [ -122.39573, 47.53887 ], [ -122.39788, 47.53868 ], [ -122.399, 47.53973 ], [ -122.39802, 47.54101 ], [ -122.39587, 47.5412 ], [ -122.39475, 47.54014 ], [ -122.39573, 47.53887 ] ] ] } },
{ "type": "Feature", "properties": { "id": 265, "population": 167, "o_score_pt": 513.205, "o_score_car": 1077.752, "CDI": 0.355 }, "geometry": { "type": "Polygon", "coordinates": [ [ [ -122.31249, 47.52176 ], [ -122.31464, 47.52157 ], [ -122.31577, 47.52263 ], [ -122.31478, 47.52391 ], [ -122.31262, 47.5241 ], [ -122.3115, 47.52304 ], [ -122.31249, 47.52176 ] ] ] } },
{ "type": "Feature", "properties": { "id": 266, "population": 22, "o_score_pt": 185.714, "o_score_car": 707.878, "CDI": 0.584 }, "geometry": { "type": "Polygon", "coordinates": [ [ [ -122.39002, 47.50689 ], [ -122.39122, 47.50678 ], [ -122.39173, 47.50727 ], [ -122.39119, 47.50796 ], [ -122.39, 47.50806 ], [ -122.38948, 47.50758 ], [ -122.39002, 47.50689 ] ] ] } },
{ "type": "Feature", "properties": { "id": 267, "population": 60, "o_score_pt": 416.605, "o_score_car": 1047.224, "CDI": 0.431 }, "geometry": { "type": "Polygon", "coordinates": [ [ [ -122.34004, 47.52108 ], [ -122.34171, 47.52093 ], [ -122.34252, 47.52169 ], [ -122.34176, 47.52267 ], [ -122.34009, 47.52282 ], [ -122.33928, 47.52206 ], [ -122.34004, 47.52108 ] ] ] } },
{ "type": "Feature", "properties": { "id": 268, "population": 227, "o_score_pt": 625.253, "o_score_car": 913.614, "CDI": 0.187 }, "geometry": { "type": "Polygon", "coordinates": [ [ [ -122.3751, 47.52479 ], [ -122.37741, 47.52458 ], [ -122.37862, 47.52573 ], [ -122.37757, 47.5271 ], [ -122.37527, 47.5273 ], [ -122.37405, 47.52615 ], [ -122.3751, 47.52479 ] ] ] } },
{ "type": "Feature", "properties": { "id": 269, "population": 152, "o_score_pt": 711.209, "o_score_car": 1049.201, "CDI": 0.192 }, "geometry": { "type": "Polygon", "coordinates": [ [ [ -122.35338, 47.54695 ], [ -122.3555, 47.54676 ], [ -122.35659, 47.54779 ], [ -122.35562, 47.54904 ], [ -122.35351, 47.54923 ], [ -122.35242, 47.5482 ], [ -122.35338, 47.54695 ] ] ] } },
{ "type": "Feature", "properties": { "id": 270, "population": 117, "o_score_pt": 0.177, "o_score_car": 970.732, "CDI": 1.0 }, "geometry": { "type": "Polygon", "coordinates": [ [ [ -122.40106, 47.55718 ], [ -122.40305, 47.55701 ], [ -122.40407, 47.55796 ], [ -122.40316, 47.55913 ], [ -122.40117, 47.55931 ], [ -122.40016, 47.55836 ], [ -122.40106, 47.55718 ] ] ] } },
{ "type": "Feature", "properties": { "id": 271, "population": 156, "o_score_pt": 474.561, "o_score_car": 800.481, "CDI": 0.256 }, "geometry": { "type": "Polygon", "coordinates": [ [ [ -122.3901, 47.51494 ], [ -122.39223, 47.51476 ], [ -122.39333, 47.51579 ], [ -122.39236, 47.51705 ], [ -122.39023, 47.51724 ], [ -122.38913, 47.5162 ], [ -122.3901, 47.51494 ] ] ] } },
{ "type": "Feature", "properties": { "id": 272, "population": 600, "o_score_pt": 658.342, "o_score_car": 950.704, "CDI": 0.182 }, "geometry": { "type": "Polygon", "coordinates": [ [ [ -122.36382, 47.5328 ], [ -122.3664, 47.53257 ], [ -122.3678, 47.53388 ], [ -122.36661, 47.53542 ], [ -122.36403, 47.53565 ], [ -122.36263, 47.53434 ], [ -122.36382, 47.5328 ] ] ] } },
{ "type": "Feature", "properties": { "id": 273, "population": 396, "o_score_pt": 612.558, "o_score_car": 1025.188, "CDI": 0.252 }, "geometry": { "type": "Polygon", "coordinates": [ [ [ -122.38835, 47.54789 ], [ -122.39092, 47.54766 ], [ -122.39231, 47.54897 ], [ -122.39113, 47.5505 ], [ -122.38856, 47.55073 ], [ -122.38717, 47.54942 ], [ -122.38835, 47.54789 ] ] ] } },
{ "type": "Feature", "properties": { "id": 274, "population": 255, "o_score_pt": 594.978, "o_score_car": 820.459, "CDI": 0.159 }, "geometry": { "type": "Polygon", "coordinates": [ [ [ -122.39017, 47.51767 ], [ -122.39253, 47.51746 ], [ -122.39378, 47.51864 ], [ -122.3927, 47.52004 ], [ -122.39034, 47.52025 ], [ -122.38909, 47.51907 ], [ -122.39017, 47.51767 ] ] ] } },
{ "type": "Feature", "properties": { "id": 275, "population": 345, "o_score_pt": 733.14, "o_score_car": 1133.974, "CDI": 0.215 }, "geometry": { "type": "Polygon", "coordinates": [ [ [ -122.38943, 47.5622 ], [ -122.39194, 47.56198 ], [ -122.39328, 47.56325 ], [ -122.39213, 47.56474 ], [ -122.38963, 47.56496 ], [ -122.38828, 47.5637 ], [ -122.38943, 47.5622 ] ] ] } },
{ "type": "Feature", "properties": { "id": 276, "population": 337, "o_score_pt": 705.51, "o_score_car": 1107.662, "CDI": 0.222 }, "geometry": { "type": "Polygon", "coordinates": [ [ [ -122.38902, 47.5565 ], [ -122.39152, 47.55628 ], [ -122.39285, 47.55754 ], [ -122.39171, 47.55902 ], [ -122.38922, 47.55924 ], [ -122.38788, 47.55798 ], [ -122.38902, 47.5565 ] ] ] } },
{ "type": "Feature", "properties": { "id": 277, "population": 301, "o_score_pt": 298.747, "o_score_car": 976.588, "CDI": 0.532 }, "geometry": { "type": "Polygon", "coordinates": [ [ [ -122.39134, 47.58794 ], [ -122.39378, 47.58772 ], [ -122.39509, 47.58894 ], [ -122.39397, 47.5904 ], [ -122.39153, 47.59061 ], [ -122.39022, 47.58939 ], [ -122.39134, 47.58794 ] ] ] } },
{ "type": "Feature", "properties": { "id": 278, "population": 158, "o_score_pt": 622.65, "o_score_car": 987.363, "CDI": 0.227 }, "geometry": { "type": "Polygon", "coordinates": [ [ [ -122.35508, 47.51659 ], [ -122.35721, 47.5164 ], [ -122.35832, 47.51745 ], [ -122.35734, 47.51871 ], [ -122.35521, 47.5189 ], [ -122.35411, 47.51786 ], [ -122.35508, 47.51659 ] ] ] } },
{ "type": "Feature", "properties": { "id": 279, "population": 388, "o_score_pt": 650.308, "o_score_car": 1152.651, "CDI": 0.279 }, "geometry": { "type": "Polygon", "coordinates": [ [ [ -122.37828, 47.57034 ], [ -122.38084, 47.57011 ], [ -122.38222, 47.57141 ], [ -122.38104, 47.57294 ], [ -122.37848, 47.57316 ], [ -122.3771, 47.57187 ], [ -122.37828, 47.57034 ] ] ] } },
{ "type": "Feature", "properties": { "id": 280, "population": 69, "o_score_pt": 741.082, "o_score_car": 959.858, "CDI": 0.129 }, "geometry": { "type": "Polygon", "coordinates": [ [ [ -122.36452, 47.53613 ], [ -122.36626, 47.53598 ], [ -122.36711, 47.53678 ], [ -122.36632, 47.5378 ], [ -122.36459, 47.53796 ], [ -122.36373, 47.53715 ], [ -122.36452, 47.53613 ] ] ] } },
{ "type": "Feature", "properties": { "id": 281, "population": 297, "o_score_pt": 601.549, "o_score_car": 897.002, "CDI": 0.197 }, "geometry": { "type": "Polygon", "coordinates": [ [ [ -122.37441, 47.51614 ], [ -122.37684, 47.51593 ], [ -122.37814, 47.51715 ], [ -122.37702, 47.5186 ], [ -122.37459, 47.51881 ], [ -122.37329, 47.51759 ], [ -122.37441, 47.51614 ] ] ] } },
{ "type": "Feature", "properties": { "id": 282, "population": 350, "o_score_pt": 527.752, "o_score_car": 993.666, "CDI": 0.306 }, "geometry": { "type": "Polygon", "coordinates": [ [ [ -122.35108, 47.51815 ], [ -122.3536, 47.51793 ], [ -122.35494, 47.5192 ], [ -122.35379, 47.52069 ], [ -122.35128, 47.52092 ], [ -122.34993, 47.51965 ], [ -122.35108, 47.51815 ] ] ] } },
{ "type": "Feature", "properties": { "id": 283, "population": 89, "o_score_pt": 855.861, "o_score_car": 1166.582, "CDI": 0.154 }, "geometry": { "type": "Polygon", "coordinates": [ [ [ -122.35814, 47.55674 ], [ -122.35999, 47.55658 ], [ -122.36093, 47.55746 ], [ -122.36008, 47.55855 ], [ -122.35822, 47.55871 ], [ -122.35729, 47.55784 ], [ -122.35814, 47.55674 ] ] ] } },
{ "type": "Feature", "properties": { "id": 284, "population": 280, "o_score_pt": 533.19, "o_score_car": 836.2, "CDI": 0.221 }, "geometry": { "type": "Polygon", "coordinates": [ [ [ -122.38658, 47.52227 ], [ -122.38898, 47.52206 ], [ -122.39026, 47.52326 ], [ -122.38916, 47.5247 ], [ -122.38676, 47.52491 ], [ -122.38548, 47.5237 ], [ -122.38658, 47.52227 ] ] ] } },
{ "type": "Feature", "properties": { "id": 285, "population": 29, "o_score_pt": 769.596, "o_score_car": 1033.337, "CDI": 0.146 }, "geometry": { "type": "Polygon", "coordinates": [ [ [ -122.36538, 47.54493 ], [ -122.36671, 47.54481 ], [ -122.3673, 47.54537 ], [ -122.36671, 47.54614 ], [ -122.36538, 47.54626 ], [ -122.36479, 47.5457 ], [ -122.36538, 47.54493 ] ] ] } },
{ "type": "Feature", "properties": { "id": 286, "population": 0, "o_score_pt": 217.278, "o_score_car": 1016.213, "CDI": 0.648 }, "geometry": { "type": "Polygon", "coordinates": [ [ [ -122.36836, 47.57695 ], [ -122.36836, 47.57695 ], [ -122.36829, 47.57695 ], [ -122.36829, 47.57695 ], [ -122.36836, 47.57695 ] ] ] } },
{ "type": "Feature", "properties": { "id": 287, "population": 0, "o_score_pt": 509.856, "o_score_car": 1131.911, "CDI": 0.379 }, "geometry": { "type": "Polygon", "coordinates": [ [ [ -122.334, 47.53398 ], [ -122.334, 47.53398 ], [ -122.33393, 47.53399 ], [ -122.33393, 47.53399 ], [ -122.334, 47.53398 ] ] ] } },
{ "type": "Feature", "properties": { "id": 288, "population": 6, "o_score_pt": 536.331, "o_score_car": 1105.289, "CDI": 0.347 }, "geometry": { "type": "Polygon", "coordinates": [ [ [ -122.35508, 47.5592 ], [ -122.3557, 47.55915 ], [ -122.35585, 47.55929 ], [ -122.35559, 47.55963 ], [ -122.35496, 47.55968 ], [ -122.35481, 47.55955 ], [ -122.35508, 47.5592 ] ] ] } },
{ "type": "Feature", "properties": { "id": 289, "population": 517, "o_score_pt": 872.285, "o_score_car": 1187.716, "CDI": 0.153 }, "geometry": { "type": "Polygon", "coordinates": [ [ [ -122.37386, 47.56353 ], [ -122.37645, 47.5633 ], [ -122.37785, 47.56462 ], [ -122.37666, 47.56616 ], [ -122.37407, 47.56639 ], [ -122.37267, 47.56507 ], [ -122.37386, 47.56353 ] ] ] } },
{ "type": "Feature", "properties": { "id": 290, "population": 268, "o_score_pt": 636.465, "o_score_car": 957.787, "CDI": 0.202 }, "geometry": { "type": "Polygon", "coordinates": [ [ [ -122.37547, 47.53045 ], [ -122.37786, 47.53024 ], [ -122.37912, 47.53144 ], [ -122.37803, 47.53285 ], [ -122.37565, 47.53307 ], [ -122.37438, 47.53187 ], [ -122.37547, 47.53045 ] ] ] } },
{ "type": "Feature", "properties": { "id": 291, "population": 65, "o_score_pt": 798.737, "o_score_car": 1198.183, "CDI": 0.2 }, "geometry": { "type": "Polygon", "coordinates": [ [ [ -122.37396, 47.55831 ], [ -122.37566, 47.55816 ], [ -122.3765, 47.55895 ], [ -122.37573, 47.55995 ], [ -122.37402, 47.5601 ], [ -122.37318, 47.55932 ], [ -122.37396, 47.55831 ] ] ] } },
{ "type": "Feature", "properties": { "id": 292, "population": 193, "o_score_pt": 511.806, "o_score_car": 1025.606, "CDI": 0.334 }, "geometry": { "type": "Polygon", "coordinates": [ [ [ -122.33951, 47.51791 ], [ -122.34173, 47.51771 ], [ -122.3429, 47.51881 ], [ -122.34188, 47.52013 ], [ -122.33965, 47.52033 ], [ -122.33849, 47.51923 ], [ -122.33951, 47.51791 ] ] ] } },
{ "type": "Feature", "properties": { "id": 293, "population": 272, "o_score_pt": 686.943, "o_score_car": 1172.954, "CDI": 0.261 }, "geometry": { "type": "Polygon", "coordinates": [ [ [ -122.3746, 47.57221 ], [ -122.37699, 47.572 ], [ -122.37826, 47.57319 ], [ -122.37716, 47.57461 ], [ -122.37477, 47.57482 ], [ -122.3735, 47.57363 ], [ -122.3746, 47.57221 ] ] ] } },
{ "type": "Feature", "properties": { "id": 294, "population": 116, "o_score_pt": 350.658, "o_score_car": 931.603, "CDI": 0.453 }, "geometry": { "type": "Polygon", "coordinates": [ [ [ -122.34027, 47.52662 ], [ -122.34225, 47.52644 ], [ -122.34326, 47.52739 ], [ -122.34236, 47.52857 ], [ -122.34037, 47.52874 ], [ -122.33936, 47.52779 ], [ -122.34027, 47.52662 ] ] ] } },
{ "type": "Feature", "properties": { "id": 295, "population": 249, "o_score_pt": 613.401, "o_score_car": 886.828, "CDI": 0.182 }, "geometry": { "type": "Polygon", "coordinates": [ [ [ -122.3711, 47.52367 ], [ -122.37344, 47.52347 ], [ -122.37469, 47.52464 ], [ -122.37361, 47.52603 ], [ -122.37126, 47.52624 ], [ -122.37002, 47.52507 ], [ -122.3711, 47.52367 ] ] ] } },
{ "type": "Feature", "properties": { "id": 296, "population": 30, "o_score_pt": 599.142, "o_score_car": 941.413, "CDI": 0.222 }, "geometry": { "type": "Polygon", "coordinates": [ [ [ -122.34985, 47.54629 ], [ -122.35119, 47.54617 ], [ -122.35179, 47.54674 ], [ -122.35119, 47.54752 ], [ -122.34985, 47.54764 ], [ -122.34924, 47.54707 ], [ -122.34985, 47.54629 ] ] ] } },
{ "type": "Feature", "properties": { "id": 297, "population": 219, "o_score_pt": 562.093, "o_score_car": 1047.436, "CDI": 0.302 }, "geometry": { "type": "Polygon", "coordinates": [ [ [ -122.3969, 47.55593 ], [ -122.39919, 47.55573 ], [ -122.4004, 47.55686 ], [ -122.39935, 47.55822 ], [ -122.39706, 47.55842 ], [ -122.39586, 47.55729 ], [ -122.3969, 47.55593 ] ] ] } },
{ "type": "Feature", "properties": { "id": 298, "population": 249, "o_score_pt": 477.209, "o_score_car": 796.411, "CDI": 0.251 }, "geometry": { "type": "Polygon", "coordinates": [ [ [ -122.38599, 47.51373 ], [ -122.38834, 47.51352 ], [ -122.38958, 47.5147 ], [ -122.38851, 47.51609 ], [ -122.38616, 47.5163 ], [ -122.38491, 47.51513 ], [ -122.38599, 47.51373 ] ] ] } },
{ "type": "Feature", "properties": { "id": 299, "population": 252, "o_score_pt": 629.422, "o_score_car": 951.216, "CDI": 0.204 }, "geometry": { "type": "Polygon", "coordinates": [ [ [ -122.37171, 47.53224 ], [ -122.37407, 47.53203 ], [ -122.37532, 47.53321 ], [ -122.37424, 47.53461 ], [ -122.37188, 47.53482 ], [ -122.37063, 47.53364 ], [ -122.37171, 47.53224 ] ] ] } },
{ "type": "Feature", "properties": { "id": 300, "population": 153, "o_score_pt": 1.863, "o_score_car": 894.469, "CDI": 0.996 }, "geometry": { "type": "Polygon", "coordinates": [ [ [ -122.39638, 47.54746 ], [ -122.39849, 47.54727 ], [ -122.39959, 47.5483 ], [ -122.39862, 47.54955 ], [ -122.39651, 47.54974 ], [ -122.39541, 47.54871 ], [ -122.39638, 47.54746 ] ] ] } },
{ "type": "Feature", "properties": { "id": 301, "population": 392, "o_score_pt": 831.981, "o_score_car": 1175.546, "CDI": 0.171 }, "geometry": { "type": "Polygon", "coordinates": [ [ [ -122.38541, 47.56109 ], [ -122.38798, 47.56086 ], [ -122.38936, 47.56216 ], [ -122.38818, 47.56369 ], [ -122.38562, 47.56392 ], [ -122.38423, 47.56262 ], [ -122.38541, 47.56109 ] ] ] } },
{ "type": "Feature", "properties": { "id": 302, "population": 244, "o_score_pt": 632.468, "o_score_car": 960.392, "CDI": 0.206 }, "geometry": { "type": "Polygon", "coordinates": [ [ [ -122.3518, 47.52682 ], [ -122.35414, 47.52661 ], [ -122.35538, 47.52778 ], [ -122.35431, 47.52917 ], [ -122.35197, 47.52937 ], [ -122.35073, 47.52821 ], [ -122.3518, 47.52682 ] ] ] } },
{ "type": "Feature", "properties": { "id": 303, "population": 490, "o_score_pt": 711.041, "o_score_car": 1102.779, "CDI": 0.216 }, "geometry": { "type": "Polygon", "coordinates": [ [ [ -122.38498, 47.55536 ], [ -122.38757, 47.55513 ], [ -122.38897, 47.55645 ], [ -122.38778, 47.55799 ], [ -122.38519, 47.55822 ], [ -122.38379, 47.5569 ], [ -122.38498, 47.55536 ] ] ] } },
{ "type": "Feature", "properties": { "id": 304, "population": 429, "o_score_pt": 687.307, "o_score_car": 1083.258, "CDI": 0.224 }, "geometry": { "type": "Polygon", "coordinates": [ [ [ -122.38602, 47.56964 ], [ -122.38861, 47.56941 ], [ -122.39001, 47.57072 ], [ -122.38882, 47.57227 ], [ -122.38623, 47.5725 ], [ -122.38483, 47.57118 ], [ -122.38602, 47.56964 ] ] ] } },
{ "type": "Feature", "properties": { "id": 305, "population": 35, "o_score_pt": 743.609, "o_score_car": 950.028, "CDI": 0.122 }, "geometry": { "type": "Polygon", "coordinates": [ [ [ -122.36512, 47.54203 ], [ -122.36654, 47.5419 ], [ -122.36719, 47.54251 ], [ -122.36655, 47.54334 ], [ -122.36514, 47.54346 ], [ -122.36449, 47.54285 ], [ -122.36512, 47.54203 ] ] ] } },
{ "type": "Feature", "properties": { "id": 306, "population": 283, "o_score_pt": 629.907, "o_score_car": 931.812, "CDI": 0.193 }, "geometry": { "type": "Polygon", "coordinates": [ [ [ -122.35156, 47.52392 ], [ -122.35397, 47.52371 ], [ -122.35525, 47.52492 ], [ -122.35414, 47.52635 ], [ -122.35173, 47.52656 ], [ -122.35045, 47.52536 ], [ -122.35156, 47.52392 ] ] ] } },
{ "type": "Feature", "properties": { "id": 307, "population": 35, "o_score_pt": 646.231, "o_score_car": 1120.504, "CDI": 0.268 }, "geometry": { "type": "Polygon", "coordinates": [ [ [ -122.35441, 47.55591 ], [ -122.35583, 47.55578 ], [ -122.35648, 47.55639 ], [ -122.35584, 47.55722 ], [ -122.35442, 47.55734 ], [ -122.35377, 47.55673 ], [ -122.35441, 47.55591 ] ] ] } },
{ "type": "Feature", "properties": { "id": 308, "population": 223, "o_score_pt": 508.992, "o_score_car": 831.367, "CDI": 0.241 }, "geometry": { "type": "Polygon", "coordinates": [ [ [ -122.38266, 47.52125 ], [ -122.38496, 47.52104 ], [ -122.38617, 47.52218 ], [ -122.38511, 47.52355 ], [ -122.38282, 47.52375 ], [ -122.38161, 47.52261 ], [ -122.38266, 47.52125 ] ] ] } },
{ "type": "Feature", "properties": { "id": 309, "population": 309, "o_score_pt": 766.507, "o_score_car": 1047.714, "CDI": 0.155 }, "geometry": { "type": "Polygon", "coordinates": [ [ [ -122.36074, 47.54321 ], [ -122.36319, 47.543 ], [ -122.3645, 47.54423 ], [ -122.36338, 47.54569 ], [ -122.36093, 47.54591 ], [ -122.35961, 47.54467 ], [ -122.36074, 47.54321 ] ] ] } },
{ "type": "Feature", "properties": { "id": 310, "population": 0, "o_score_pt": 176.252, "o_score_car": 860.789, "CDI": 0.66 }, "geometry": { "type": "Polygon", "coordinates": [ [ [ -122.36877, 47.58266 ], [ -122.36877, 47.58266 ], [ -122.36871, 47.58266 ], [ -122.36871, 47.58266 ], [ -122.36877, 47.58266 ] ] ] } },
{ "type": "Feature", "properties": { "id": 311, "population": 252, "o_score_pt": 242.162, "o_score_car": 848.125, "CDI": 0.556 }, "geometry": { "type": "Polygon", "coordinates": [ [ [ -122.37362, 47.50475 ], [ -122.37598, 47.50455 ], [ -122.37722, 47.50572 ], [ -122.37615, 47.50712 ], [ -122.37379, 47.50733 ], [ -122.37254, 47.50615 ], [ -122.37362, 47.50475 ] ] ] } },
{ "type": "Feature", "properties": { "id": 312, "population": 31, "o_score_pt": 355.739, "o_score_car": 1002.768, "CDI": 0.476 }, "geometry": { "type": "Polygon", "coordinates": [ [ [ -122.34104, 47.53268 ], [ -122.3424, 47.53256 ], [ -122.34302, 47.53314 ], [ -122.34241, 47.53393 ], [ -122.34105, 47.53405 ], [ -122.34043, 47.53347 ], [ -122.34104, 47.53268 ] ] ] } },
{ "type": "Feature", "properties": { "id": 313, "population": 45, "o_score_pt": 251.639, "o_score_car": 1176.003, "CDI": 0.647 }, "geometry": { "type": "Polygon", "coordinates": [ [ [ -122.35496, 47.56441 ], [ -122.3565, 47.56427 ], [ -122.35722, 47.56495 ], [ -122.35653, 47.56585 ], [ -122.355, 47.56599 ], [ -122.35427, 47.5653 ], [ -122.35496, 47.56441 ] ] ] } },
{ "type": "Feature", "properties": { "id": 314, "population": 299, "o_score_pt": 511.243, "o_score_car": 907.849, "CDI": 0.279 }, "geometry": { "type": "Polygon", "coordinates": [ [ [ -122.3832, 47.52974 ], [ -122.38564, 47.52952 ], [ -122.38694, 47.53075 ], [ -122.38582, 47.5322 ], [ -122.38338, 47.53241 ], [ -122.38208, 47.53119 ], [ -122.3832, 47.52974 ] ] ] } },
{ "type": "Feature", "properties": { "id": 315, "population": 0, "o_score_pt": 175.52, "o_score_car": 788.924, "CDI": 0.636 }, "geometry": { "type": "Polygon", "coordinates": [ [ [ -122.36499, 47.58443 ], [ -122.36499, 47.58443 ], [ -122.36493, 47.58443 ], [ -122.36493, 47.58443 ], [ -122.36499, 47.58443 ] ] ] } },
{ "type": "Feature", "properties": { "id": 316, "population": 437, "o_score_pt": 823.821, "o_score_car": 1158.211, "CDI": 0.169 }, "geometry": { "type": "Polygon", "coordinates": [ [ [ -122.38121, 47.55713 ], [ -122.38379, 47.5569 ], [ -122.38519, 47.55822 ], [ -122.384, 47.55976 ], [ -122.38141, 47.55999 ], [ -122.38002, 47.55868 ], [ -122.38121, 47.55713 ] ] ] } },
{ "type": "Feature", "properties": { "id": 317, "population": 268, "o_score_pt": 663.442, "o_score_car": 1065.734, "CDI": 0.233 }, "geometry": { "type": "Polygon", "coordinates": [ [ [ -122.38677, 47.57832 ], [ -122.38915, 47.57811 ], [ -122.39042, 47.5793 ], [ -122.38932, 47.58072 ], [ -122.38694, 47.58093 ], [ -122.38567, 47.57974 ], [ -122.38677, 47.57832 ] ] ] } },
{ "type": "Feature", "properties": { "id": 318, "population": 245, "o_score_pt": 513.353, "o_score_car": 973.41, "CDI": 0.309 }, "geometry": { "type": "Polygon", "coordinates": [ [ [ -122.3472, 47.51716 ], [ -122.34954, 47.51695 ], [ -122.35078, 47.51812 ], [ -122.34971, 47.51951 ], [ -122.34737, 47.51972 ], [ -122.34613, 47.51855 ], [ -122.3472, 47.51716 ] ] ] } },
{ "type": "Feature", "properties": { "id": 319, "population": 157, "o_score_pt": 825.555, "o_score_car": 1192.993, "CDI": 0.182 }, "geometry": { "type": "Polygon", "coordinates": [ [ [ -122.37076, 47.57127 ], [ -122.37289, 47.57108 ], [ -122.374, 47.57212 ], [ -122.37302, 47.57338 ], [ -122.3709, 47.57357 ], [ -122.36979, 47.57253 ], [ -122.37076, 47.57127 ] ] ] } },
{ "type": "Feature", "properties": { "id": 320, "population": 451, "o_score_pt": 639.727, "o_score_car": 1053.256, "CDI": 0.244 }, "geometry": { "type": "Polygon", "coordinates": [ [ [ -122.38436, 47.54679 ], [ -122.38695, 47.54657 ], [ -122.38834, 47.54788 ], [ -122.38716, 47.54942 ], [ -122.38457, 47.54965 ], [ -122.38317, 47.54834 ], [ -122.38436, 47.54679 ] ] ] } },
{ "type": "Feature", "properties": { "id": 321, "population": 142, "o_score_pt": 461.662, "o_score_car": 927.455, "CDI": 0.335 }, "geometry": { "type": "Polygon", "coordinates": [ [ [ -122.39682, 47.55319 ], [ -122.3989, 47.55301 ], [ -122.39997, 47.55402 ], [ -122.39902, 47.55525 ], [ -122.39694, 47.55543 ], [ -122.39587, 47.55442 ], [ -122.39682, 47.55319 ] ] ] } },
{ "type": "Feature", "properties": { "id": 322, "population": 200, "o_score_pt": 223.717, "o_score_car": 800.783, "CDI": 0.563 }, "geometry": { "type": "Polygon", "coordinates": [ [ [ -122.37726, 47.50019 ], [ -122.3795, 47.49999 ], [ -122.38067, 47.5011 ], [ -122.37965, 47.50243 ], [ -122.37741, 47.50263 ], [ -122.37623, 47.50152 ], [ -122.37726, 47.50019 ] ] ] } },
{ "type": "Feature", "properties": { "id": 323, "population": 42, "o_score_pt": 371.842, "o_score_car": 1048.597, "CDI": 0.476 }, "geometry": { "type": "Polygon", "coordinates": [ [ [ -122.33656, 47.5258 ], [ -122.33806, 47.52567 ], [ -122.33877, 47.52633 ], [ -122.33809, 47.52721 ], [ -122.33659, 47.52734 ], [ -122.33589, 47.52668 ], [ -122.33656, 47.5258 ] ] ] } },
{ "type": "Feature", "properties": { "id": 324, "population": 7, "o_score_pt": 526.136, "o_score_car": 1158.179, "CDI": 0.375 }, "geometry": { "type": "Polygon", "coordinates": [ [ [ -122.35105, 47.55808 ], [ -122.35174, 47.55802 ], [ -122.35193, 47.5582 ], [ -122.35164, 47.55858 ], [ -122.35095, 47.55864 ], [ -122.35076, 47.55846 ], [ -122.35105, 47.55808 ] ] ] } },
{ "type": "Feature", "properties": { "id": 325, "population": 12, "o_score_pt": 554.732, "o_score_car": 1001.134, "CDI": 0.287 }, "geometry": { "type": "Polygon", "coordinates": [ [ [ -122.3505, 47.55224 ], [ -122.35143, 47.55216 ], [ -122.35177, 47.55248 ], [ -122.35136, 47.553 ], [ -122.35044, 47.55308 ], [ -122.3501, 47.55276 ], [ -122.3505, 47.55224 ] ] ] } },
{ "type": "Feature", "properties": { "id": 326, "population": 245, "o_score_pt": 604.448, "o_score_car": 1060.9, "CDI": 0.274 }, "geometry": { "type": "Polygon", "coordinates": [ [ [ -122.39729, 47.56161 ], [ -122.39963, 47.5614 ], [ -122.40087, 47.56257 ], [ -122.3998, 47.56396 ], [ -122.39746, 47.56417 ], [ -122.39622, 47.563 ], [ -122.39729, 47.56161 ] ] ] } },
{ "type": "Feature", "properties": { "id": 327, "population": 193, "o_score_pt": 599.987, "o_score_car": 930.552, "CDI": 0.216 }, "geometry": { "type": "Polygon", "coordinates": [ [ [ -122.3678, 47.53123 ], [ -122.37003, 47.53103 ], [ -122.3712, 47.53213 ], [ -122.37018, 47.53345 ], [ -122.36795, 47.53365 ], [ -122.36679, 47.53255 ], [ -122.3678, 47.53123 ] ] ] } },
{ "type": "Feature", "properties": { "id": 328, "population": 258, "o_score_pt": 580.266, "o_score_car": 997.079, "CDI": 0.264 }, "geometry": { "type": "Polygon", "coordinates": [ [ [ -122.39225, 47.54623 ], [ -122.39461, 47.54602 ], [ -122.39587, 47.5472 ], [ -122.39479, 47.54861 ], [ -122.39242, 47.54882 ], [ -122.39117, 47.54764 ], [ -122.39225, 47.54623 ] ] ] } },
{ "type": "Feature", "properties": { "id": 329, "population": 134, "o_score_pt": 473.723, "o_score_car": 781.857, "CDI": 0.245 }, "geometry": { "type": "Polygon", "coordinates": [ [ [ -122.39413, 47.51607 ], [ -122.39618, 47.51589 ], [ -122.39723, 47.51688 ], [ -122.3963, 47.5181 ], [ -122.39425, 47.51828 ], [ -122.39319, 47.51728 ], [ -122.39413, 47.51607 ] ] ] } },
{ "type": "Feature", "properties": { "id": 330, "population": 261, "o_score_pt": 582.584, "o_score_car": 1059.365, "CDI": 0.29 }, "geometry": { "type": "Polygon", "coordinates": [ [ [ -122.39287, 47.5548 ], [ -122.39524, 47.55459 ], [ -122.3965, 47.55577 ], [ -122.39541, 47.55718 ], [ -122.39304, 47.55739 ], [ -122.39178, 47.55621 ], [ -122.39287, 47.5548 ] ] ] } },
{ "type": "Feature", "properties": { "id": 331, "population": 58, "o_score_pt": 231.4, "o_score_car": 915.288, "CDI": 0.596 }, "geometry": { "type": "Polygon", "coordinates": [ [ [ -122.39558, 47.58661 ], [ -122.39723, 47.58646 ], [ -122.39804, 47.58721 ], [ -122.39729, 47.58818 ], [ -122.39563, 47.58833 ], [ -122.39483, 47.58758 ], [ -122.39558, 47.58661 ] ] ] } },
{ "type": "Feature", "properties": { "id": 332, "population": 138, "o_score_pt": 225.634, "o_score_car": 816.068, "CDI": 0.567 }, "geometry": { "type": "Polygon", "coordinates": [ [ [ -122.37358, 47.50206 ], [ -122.37565, 47.50188 ], [ -122.37671, 47.50288 ], [ -122.37577, 47.5041 ], [ -122.37371, 47.50428 ], [ -122.37264, 47.50328 ], [ -122.37358, 47.50206 ] ] ] } },
{ "type": "Feature", "properties": { "id": 333, "population": 172, "o_score_pt": 561.695, "o_score_car": 971.793, "CDI": 0.267 }, "geometry": { "type": "Polygon", "coordinates": [ [ [ -122.35883, 47.5148 ], [ -122.36101, 47.51461 ], [ -122.36214, 47.51567 ], [ -122.36114, 47.51696 ], [ -122.35897, 47.51715 ], [ -122.35784, 47.51609 ], [ -122.35883, 47.5148 ] ] ] } },
{ "type": "Feature", "properties": { "id": 334, "population": 359, "o_score_pt": 636.167, "o_score_car": 1119.961, "CDI": 0.275 }, "geometry": { "type": "Polygon", "coordinates": [ [ [ -122.38207, 47.56859 ], [ -122.3846, 47.56837 ], [ -122.38596, 47.56964 ], [ -122.3848, 47.57115 ], [ -122.38227, 47.57137 ], [ -122.38091, 47.57009 ], [ -122.38207, 47.56859 ] ] ] } },
{ "type": "Feature", "properties": { "id": 335, "population": 619, "o_score_pt": 808.588, "o_score_car": 1037.542, "CDI": 0.124 }, "geometry": { "type": "Polygon", "coordinates": [ [ [ -122.36046, 47.54028 ], [ -122.36304, 47.54005 ], [ -122.36444, 47.54137 ], [ -122.36325, 47.54291 ], [ -122.36066, 47.54314 ], [ -122.35927, 47.54182 ], [ -122.36046, 47.54028 ] ] ] } },
{ "type": "Feature", "properties": { "id": 336, "population": 438, "o_score_pt": 597.988, "o_score_car": 966.839, "CDI": 0.236 }, "geometry": { "type": "Polygon", "coordinates": [ [ [ -122.34747, 47.52273 ], [ -122.35006, 47.52251 ], [ -122.35145, 47.52382 ], [ -122.35026, 47.52536 ], [ -122.34768, 47.52559 ], [ -122.34628, 47.52428 ], [ -122.34747, 47.52273 ] ] ] } },
{ "type": "Feature", "properties": { "id": 337, "population": 352, "o_score_pt": 855.971, "o_score_car": 1169.128, "CDI": 0.155 }, "geometry": { "type": "Polygon", "coordinates": [ [ [ -122.36153, 47.5546 ], [ -122.36405, 47.55438 ], [ -122.3654, 47.55565 ], [ -122.36424, 47.55715 ], [ -122.36173, 47.55737 ], [ -122.36038, 47.5561 ], [ -122.36153, 47.5546 ] ] ] } },
{ "type": "Feature", "properties": { "id": 338, "population": 286, "o_score_pt": 848.753, "o_score_car": 1108.815, "CDI": 0.133 }, "geometry": { "type": "Polygon", "coordinates": [ [ [ -122.36118, 47.54895 ], [ -122.36359, 47.54873 ], [ -122.36488, 47.54994 ], [ -122.36377, 47.55138 ], [ -122.36136, 47.55159 ], [ -122.36007, 47.55038 ], [ -122.36118, 47.54895 ] ] ] } },
{ "type": "Feature", "properties": { "id": 339, "population": 0, "o_score_pt": 0.991, "o_score_car": 925.762, "CDI": 0.998 }, "geometry": { "type": "Polygon", "coordinates": [ [ [ -122.36479, 47.58157 ], [ -122.36479, 47.58157 ], [ -122.36472, 47.58158 ], [ -122.36472, 47.58158 ], [ -122.36479, 47.58157 ] ] ] } },
{ "type": "Feature", "properties": { "id": 340, "population": 46, "o_score_pt": 331.769, "o_score_car": 1052.761, "CDI": 0.521 }, "geometry": { "type": "Polygon", "coordinates": [ [ [ -122.33695, 47.53149 ], [ -122.3385, 47.53135 ], [ -122.33923, 47.53204 ], [ -122.33853, 47.53295 ], [ -122.33699, 47.53308 ], [ -122.33625, 47.53239 ], [ -122.33695, 47.53149 ] ] ] } },
{ "type": "Feature", "properties": { "id": 341, "population": 12, "o_score_pt": 3.189, "o_score_car": 1125.822, "CDI": 0.994 }, "geometry": { "type": "Polygon", "coordinates": [ [ [ -122.35133, 47.56366 ], [ -122.35226, 47.56358 ], [ -122.35259, 47.5639 ], [ -122.35219, 47.56442 ], [ -122.35126, 47.5645 ], [ -122.35093, 47.56419 ], [ -122.35133, 47.56366 ] ] ] } },
{ "type": "Feature", "properties": { "id": 342, "population": 264, "o_score_pt": 685.755, "o_score_car": 1115.392, "CDI": 0.239 }, "geometry": { "type": "Polygon", "coordinates": [ [ [ -122.38972, 47.56513 ], [ -122.39209, 47.56492 ], [ -122.39336, 47.56611 ], [ -122.39227, 47.56752 ], [ -122.38989, 47.56773 ], [ -122.38863, 47.56655 ], [ -122.38972, 47.56513 ] ] ] } },
{ "type": "Feature", "properties": { "id": 343, "population": 340, "o_score_pt": 597.175, "o_score_car": 913.298, "CDI": 0.209 }, "geometry": { "type": "Polygon", "coordinates": [ [ [ -122.37918, 47.52862 ], [ -122.38168, 47.5284 ], [ -122.38302, 47.52966 ], [ -122.38187, 47.53115 ], [ -122.37938, 47.53137 ], [ -122.37804, 47.53011 ], [ -122.37918, 47.52862 ] ] ] } },
{ "type": "Feature", "properties": { "id": 344, "population": 507, "o_score_pt": 770.802, "o_score_car": 1158.107, "CDI": 0.201 }, "geometry": { "type": "Polygon", "coordinates": [ [ [ -122.37722, 47.55605 ], [ -122.37981, 47.55582 ], [ -122.38121, 47.55713 ], [ -122.38002, 47.55868 ], [ -122.37743, 47.5589 ], [ -122.37603, 47.55759 ], [ -122.37722, 47.55605 ] ] ] } },
{ "type": "Feature", "properties": { "id": 345, "population": 0, "o_score_pt": 383.362, "o_score_car": 1096.217, "CDI": 0.482 }, "geometry": { "type": "Polygon", "coordinates": [ [ [ -122.33839, 47.54079 ], [ -122.33839, 47.54079 ], [ -122.33833, 47.54079 ], [ -122.33833, 47.54079 ], [ -122.33839, 47.54079 ] ] ] } },
{ "type": "Feature", "properties": { "id": 346, "population": 218, "o_score_pt": 476.183, "o_score_car": 967.628, "CDI": 0.34 }, "geometry": { "type": "Polygon", "coordinates": [ [ [ -122.34387, 47.52468 ], [ -122.34615, 47.52447 ], [ -122.34736, 47.52561 ], [ -122.34631, 47.52696 ], [ -122.34403, 47.52717 ], [ -122.34282, 47.52603 ], [ -122.34387, 47.52468 ] ] ] } },
{ "type": "Feature", "properties": { "id": 347, "population": 191, "o_score_pt": 469.992, "o_score_car": 843.747, "CDI": 0.284 }, "geometry": { "type": "Polygon", "coordinates": [ [ [ -122.38689, 47.52523 ], [ -122.38911, 47.52504 ], [ -122.39028, 47.52613 ], [ -122.38926, 47.52745 ], [ -122.38704, 47.52765 ], [ -122.38588, 47.52655 ], [ -122.38689, 47.52523 ] ] ] } },
{ "type": "Feature", "properties": { "id": 348, "population": 21, "o_score_pt": 2.331, "o_score_car": 1069.22, "CDI": 0.996 }, "geometry": { "type": "Polygon", "coordinates": [ [ [ -122.34637, 47.55101 ], [ -122.34755, 47.55091 ], [ -122.34805, 47.55138 ], [ -122.34753, 47.55205 ], [ -122.34635, 47.55216 ], [ -122.34585, 47.55169 ], [ -122.34637, 47.55101 ] ] ] } },
{ "type": "Feature", "properties": { "id": 349, "population": 286, "o_score_pt": 656.433, "o_score_car": 1098.12, "CDI": 0.252 }, "geometry": { "type": "Polygon", "coordinates": [ [ [ -122.39326, 47.56048 ], [ -122.39568, 47.56027 ], [ -122.39696, 47.56148 ], [ -122.39586, 47.56292 ], [ -122.39344, 47.56313 ], [ -122.39215, 47.56192 ], [ -122.39326, 47.56048 ] ] ] } },
{ "type": "Feature", "properties": { "id": 350, "population": 175, "o_score_pt": 417.102, "o_score_car": 863.039, "CDI": 0.348 }, "geometry": { "type": "Polygon", "coordinates": [ [ [ -122.37393, 47.50771 ], [ -122.37611, 47.50752 ], [ -122.37725, 47.50859 ], [ -122.37625, 47.50988 ], [ -122.37407, 47.51007 ], [ -122.37294, 47.509 ], [ -122.37393, 47.50771 ] ] ] } },
{ "type": "Feature", "properties": { "id": 351, "population": 172, "o_score_pt": 344.578, "o_score_car": 739.479, "CDI": 0.364 }, "geometry": { "type": "Polygon", "coordinates": [ [ [ -122.39385, 47.51315 ], [ -122.39602, 47.51295 ], [ -122.39715, 47.51402 ], [ -122.39616, 47.51531 ], [ -122.39399, 47.5155 ], [ -122.39286, 47.51443 ], [ -122.39385, 47.51315 ] ] ] } },
{ "type": "Feature", "properties": { "id": 352, "population": 162, "o_score_pt": 563.416, "o_score_car": 1211.227, "CDI": 0.365 }, "geometry": { "type": "Polygon", "coordinates": [ [ [ -122.37495, 47.5752 ], [ -122.37709, 47.57501 ], [ -122.37821, 47.57606 ], [ -122.37723, 47.57733 ], [ -122.37508, 47.57752 ], [ -122.37397, 47.57647 ], [ -122.37495, 47.5752 ] ] ] } },
{ "type": "Feature", "properties": { "id": 353, "population": 324, "o_score_pt": 645.497, "o_score_car": 1076.29, "CDI": 0.25 }, "geometry": { "type": "Polygon", "coordinates": [ [ [ -122.38883, 47.55365 ], [ -122.3913, 47.55344 ], [ -122.39263, 47.55468 ], [ -122.39149, 47.55616 ], [ -122.38902, 47.55637 ], [ -122.38769, 47.55513 ], [ -122.38883, 47.55365 ] ] ] } },
{ "type": "Feature", "properties": { "id": 354, "population": 113, "o_score_pt": 658.926, "o_score_car": 1004.691, "CDI": 0.208 }, "geometry": { "type": "Polygon", "coordinates": [ [ [ -122.36858, 47.53994 ], [ -122.37055, 47.53977 ], [ -122.37155, 47.54071 ], [ -122.37065, 47.54188 ], [ -122.36868, 47.54205 ], [ -122.36768, 47.54111 ], [ -122.36858, 47.53994 ] ] ] } },
{ "type": "Feature", "properties": { "id": 355, "population": 160, "o_score_pt": 422.671, "o_score_car": 850.68, "CDI": 0.336 }, "geometry": { "type": "Polygon", "coordinates": [ [ [ -122.37018, 47.50951 ], [ -122.37232, 47.50932 ], [ -122.37343, 47.51036 ], [ -122.37245, 47.51163 ], [ -122.37032, 47.51182 ], [ -122.36921, 47.51077 ], [ -122.37018, 47.50951 ] ] ] } },
{ "type": "Feature", "properties": { "id": 356, "population": 545, "o_score_pt": 668.324, "o_score_car": 953.348, "CDI": 0.176 }, "geometry": { "type": "Polygon", "coordinates": [ [ [ -122.35523, 47.52205 ], [ -122.35782, 47.52182 ], [ -122.35921, 47.52314 ], [ -122.35802, 47.52468 ], [ -122.35544, 47.52491 ], [ -122.35404, 47.52359 ], [ -122.35523, 47.52205 ] ] ] } },
{ "type": "Feature", "properties": { "id": 357, "population": 298, "o_score_pt": 391.028, "o_score_car": 1136.288, "CDI": 0.488 }, "geometry": { "type": "Polygon", "coordinates": [ [ [ -122.37897, 47.57898 ], [ -122.38141, 47.57876 ], [ -122.38271, 47.57998 ], [ -122.38159, 47.58143 ], [ -122.37915, 47.58165 ], [ -122.37785, 47.58043 ], [ -122.37897, 47.57898 ] ] ] } },
{ "type": "Feature", "properties": { "id": 358, "population": 285, "o_score_pt": 750.428, "o_score_car": 1112.6, "CDI": 0.194 }, "geometry": { "type": "Polygon", "coordinates": [ [ [ -122.35761, 47.55357 ], [ -122.36002, 47.55336 ], [ -122.36131, 47.55457 ], [ -122.3602, 47.55601 ], [ -122.35779, 47.55622 ], [ -122.3565, 47.55501 ], [ -122.35761, 47.55357 ] ] ] } },
{ "type": "Feature", "properties": { "id": 359, "population": 205, "o_score_pt": 329.1, "o_score_car": 864.177, "CDI": 0.448 }, "geometry": { "type": "Polygon", "coordinates": [ [ [ -122.41789, 47.57564 ], [ -122.42015, 47.57544 ], [ -122.42133, 47.57656 ], [ -122.4203, 47.57789 ], [ -122.41804, 47.57809 ], [ -122.41686, 47.57698 ], [ -122.41789, 47.57564 ] ] ] } },
{ "type": "Feature", "properties": { "id": 360, "population": 334, "o_score_pt": 600.644, "o_score_car": 960.753, "CDI": 0.231 }, "geometry": { "type": "Polygon", "coordinates": [ [ [ -122.37184, 47.53502 ], [ -122.37433, 47.5348 ], [ -122.37567, 47.53606 ], [ -122.37452, 47.53754 ], [ -122.37203, 47.53776 ], [ -122.3707, 47.53651 ], [ -122.37184, 47.53502 ] ] ] } },
{ "type": "Feature", "properties": { "id": 361, "population": 134, "o_score_pt": 672.764, "o_score_car": 1046.24, "CDI": 0.217 }, "geometry": { "type": "Polygon", "coordinates": [ [ [ -122.3574, 47.54807 ], [ -122.35946, 47.54788 ], [ -122.36051, 47.54888 ], [ -122.35957, 47.55009 ], [ -122.35752, 47.55027 ], [ -122.35647, 47.54928 ], [ -122.3574, 47.54807 ] ] ] } },
{ "type": "Feature", "properties": { "id": 362, "population": 53, "o_score_pt": 340.552, "o_score_car": 1164.559, "CDI": 0.547 }, "geometry": { "type": "Polygon", "coordinates": [ [ [ -122.37169, 47.58013 ], [ -122.3733, 47.57998 ], [ -122.37407, 47.58071 ], [ -122.37335, 47.58166 ], [ -122.37173, 47.5818 ], [ -122.37096, 47.58107 ], [ -122.37169, 47.58013 ] ] ] } },
{ "type": "Feature", "properties": { "id": 363, "population": 471, "o_score_pt": 657.594, "o_score_car": 1008.091, "CDI": 0.21 }, "geometry": { "type": "Polygon", "coordinates": [ [ [ -122.36842, 47.54245 ], [ -122.37101, 47.54222 ], [ -122.37241, 47.54354 ], [ -122.37122, 47.54508 ], [ -122.36863, 47.54531 ], [ -122.36723, 47.54399 ], [ -122.36842, 47.54245 ] ] ] } },
{ "type": "Feature", "properties": { "id": 364, "population": 94, "o_score_pt": 849.592, "o_score_car": 1209.718, "CDI": 0.175 }, "geometry": { "type": "Polygon", "coordinates": [ [ [ -122.35854, 47.56244 ], [ -122.36042, 47.56227 ], [ -122.36137, 47.56317 ], [ -122.36051, 47.56428 ], [ -122.35863, 47.56444 ], [ -122.35768, 47.56355 ], [ -122.35854, 47.56244 ] ] ] } },
{ "type": "Feature", "properties": { "id": 365, "population": 183, "o_score_pt": 517.168, "o_score_car": 1069.057, "CDI": 0.348 }, "geometry": { "type": "Polygon", "coordinates": [ [ [ -122.39758, 47.56454 ], [ -122.39978, 47.56435 ], [ -122.40093, 47.56543 ], [ -122.39992, 47.56674 ], [ -122.39772, 47.56693 ], [ -122.39657, 47.56585 ], [ -122.39758, 47.56454 ] ] ] } },
{ "type": "Feature", "properties": { "id": 366, "population": 0, "o_score_pt": 508.654, "o_score_car": 1105.356, "CDI": 0.37 }, "geometry": { "type": "Polygon", "coordinates": [ [ [ -122.33441, 47.5397 ], [ -122.33441, 47.5397 ], [ -122.33434, 47.5397 ], [ -122.33434, 47.5397 ], [ -122.33441, 47.5397 ] ] ] } },
{ "type": "Feature", "properties": { "id": 367, "population": 15, "o_score_pt": 283.543, "o_score_car": 1059.755, "CDI": 0.578 }, "geometry": { "type": "Polygon", "coordinates": [ [ [ -122.37224, 47.58331 ], [ -122.37326, 47.58322 ], [ -122.37366, 47.5836 ], [ -122.37321, 47.58418 ], [ -122.37219, 47.58427 ], [ -122.37179, 47.58389 ], [ -122.37224, 47.58331 ] ] ] } },
{ "type": "Feature", "properties": { "id": 368, "population": 377, "o_score_pt": 689.382, "o_score_car": 1071.128, "CDI": 0.217 }, "geometry": { "type": "Polygon", "coordinates": [ [ [ -122.38625, 47.57252 ], [ -122.3888, 47.57229 ], [ -122.39017, 47.57358 ], [ -122.389, 47.5751 ], [ -122.38646, 47.57532 ], [ -122.38508, 47.57404 ], [ -122.38625, 47.57252 ] ] ] } },
{ "type": "Feature", "properties": { "id": 369, "population": 77, "o_score_pt": 476.611, "o_score_car": 816.67, "CDI": 0.263 }, "geometry": { "type": "Polygon", "coordinates": [ [ [ -122.39449, 47.51908 ], [ -122.39628, 47.51892 ], [ -122.39716, 47.51975 ], [ -122.39635, 47.52081 ], [ -122.39457, 47.52096 ], [ -122.39368, 47.52013 ], [ -122.39449, 47.51908 ] ] ] } },
{ "type": "Feature", "properties": { "id": 370, "population": 223, "o_score_pt": 596.857, "o_score_car": 1097.271, "CDI": 0.295 }, "geometry": { "type": "Polygon", "coordinates": [ [ [ -122.31261, 47.52454 ], [ -122.31491, 47.52434 ], [ -122.31612, 47.52548 ], [ -122.31506, 47.52684 ], [ -122.31277, 47.52704 ], [ -122.31156, 47.5259 ], [ -122.31261, 47.52454 ] ] ] } },
{ "type": "Feature", "properties": { "id": 371, "population": 7, "o_score_pt": 383.678, "o_score_car": 943.436, "CDI": 0.422 }, "geometry": { "type": "Polygon", "coordinates": [ [ [ -122.34081, 47.52448 ], [ -122.3415, 47.52442 ], [ -122.34169, 47.5246 ], [ -122.3414, 47.52498 ], [ -122.34071, 47.52504 ], [ -122.34052, 47.52486 ], [ -122.34081, 47.52448 ] ] ] } },
{ "type": "Feature", "properties": { "id": 372, "population": 166, "o_score_pt": 686.189, "o_score_car": 1072.836, "CDI": 0.22 }, "geometry": { "type": "Polygon", "coordinates": [ [ [ -122.35357, 47.54978 ], [ -122.35572, 47.54959 ], [ -122.35684, 47.55064 ], [ -122.35586, 47.55192 ], [ -122.3537, 47.55211 ], [ -122.35258, 47.55105 ], [ -122.35357, 47.54978 ] ] ] } },
{ "type": "Feature", "properties": { "id": 373, "population": 117, "o_score_pt": 102.568, "o_score_car": 1007.622, "CDI": 0.815 }, "geometry": { "type": "Polygon", "coordinates": [ [ [ -122.40127, 47.56004 ], [ -122.40326, 47.55986 ], [ -122.40427, 47.56082 ], [ -122.40337, 47.56199 ], [ -122.40138, 47.56217 ], [ -122.40037, 47.56121 ], [ -122.40127, 47.56004 ] ] ] } },
{ "type": "Feature", "properties": { "id": 374, "population": 154, "o_score_pt": 224.829, "o_score_car": 833.434, "CDI": 0.575 }, "geometry": { "type": "Polygon", "coordinates": [ [ [ -122.38173, 47.50706 ], [ -122.38384, 47.50687 ], [ -122.38494, 47.50791 ], [ -122.38397, 47.50916 ], [ -122.38186, 47.50935 ], [ -122.38076, 47.50831 ], [ -122.38173, 47.50706 ] ] ] } },
{ "type": "Feature", "properties": { "id": 375, "population": 270, "o_score_pt": 525.648, "o_score_car": 932.372, "CDI": 0.279 }, "geometry": { "type": "Polygon", "coordinates": [ [ [ -122.38344, 47.53262 ], [ -122.38582, 47.53241 ], [ -122.38709, 47.53361 ], [ -122.386, 47.53503 ], [ -122.38361, 47.53524 ], [ -122.38234, 47.53404 ], [ -122.38344, 47.53262 ] ] ] } },
{ "type": "Feature", "properties": { "id": 376, "population": 296, "o_score_pt": 614.906, "o_score_car": 985.665, "CDI": 0.232 }, "geometry": { "type": "Polygon", "coordinates": [ [ [ -122.38005, 47.54008 ], [ -122.38248, 47.53987 ], [ -122.38378, 47.54109 ], [ -122.38266, 47.54254 ], [ -122.38023, 47.54275 ], [ -122.37894, 47.54153 ], [ -122.38005, 47.54008 ] ] ] } },
{ "type": "Feature", "properties": { "id": 377, "population": 249, "o_score_pt": 598.372, "o_score_car": 845.413, "CDI": 0.171 }, "geometry": { "type": "Polygon", "coordinates": [ [ [ -122.39039, 47.52053 ], [ -122.39274, 47.52032 ], [ -122.39398, 47.5215 ], [ -122.3929, 47.52289 ], [ -122.39056, 47.5231 ], [ -122.38931, 47.52193 ], [ -122.39039, 47.52053 ] ] ] } },
{ "type": "Feature", "properties": { "id": 378, "population": 376, "o_score_pt": 591.426, "o_score_car": 965.374, "CDI": 0.24 }, "geometry": { "type": "Polygon", "coordinates": [ [ [ -122.38376, 47.53825 ], [ -122.38631, 47.53802 ], [ -122.38768, 47.53931 ], [ -122.38651, 47.54083 ], [ -122.38396, 47.54106 ], [ -122.38259, 47.53977 ], [ -122.38376, 47.53825 ] ] ] } },
{ "type": "Feature", "properties": { "id": 379, "population": 260, "o_score_pt": 659.37, "o_score_car": 1091.955, "CDI": 0.247 }, "geometry": { "type": "Polygon", "coordinates": [ [ [ -122.38258, 47.57439 ], [ -122.38495, 47.57418 ], [ -122.38621, 47.57536 ], [ -122.38512, 47.57677 ], [ -122.38275, 47.57698 ], [ -122.38149, 47.5758 ], [ -122.38258, 47.57439 ] ] ] } },
{ "type": "Feature", "properties": { "id": 380, "population": 0, "o_score_pt": 0.745, "o_score_car": 1121.877, "CDI": 0.999 }, "geometry": { "type": "Polygon", "coordinates": [ [ [ -122.32878, 47.51575 ], [ -122.32878, 47.51575 ], [ -122.32871, 47.51576 ], [ -122.32871, 47.51576 ], [ -122.32878, 47.51575 ] ] ] } },
{ "type": "Feature", "properties": { "id": 381, "population": 398, "o_score_pt": 616.92, "o_score_car": 1121.309, "CDI": 0.29 }, "geometry": { "type": "Polygon", "coordinates": [ [ [ -122.38288, 47.57998 ], [ -122.38545, 47.57976 ], [ -122.38684, 47.58106 ], [ -122.38566, 47.58259 ], [ -122.38308, 47.58282 ], [ -122.38169, 47.58152 ], [ -122.38288, 47.57998 ] ] ] } },
{ "type": "Feature", "properties": { "id": 382, "population": 191, "o_score_pt": 407.657, "o_score_car": 881.935, "CDI": 0.368 }, "geometry": { "type": "Polygon", "coordinates": [ [ [ -122.36993, 47.5066 ], [ -122.37215, 47.5064 ], [ -122.37331, 47.5075 ], [ -122.37229, 47.50882 ], [ -122.37007, 47.50901 ], [ -122.36891, 47.50792 ], [ -122.36993, 47.5066 ] ] ] } },
{ "type": "Feature", "properties": { "id": 383, "population": 103, "o_score_pt": 681.154, "o_score_car": 983.581, "CDI": 0.182 }, "geometry": { "type": "Polygon", "coordinates": [ [ [ -122.36462, 47.53888 ], [ -122.36654, 47.53871 ], [ -122.36752, 47.53963 ], [ -122.36664, 47.54077 ], [ -122.36472, 47.54094 ], [ -122.36374, 47.54002 ], [ -122.36462, 47.53888 ] ] ] } },
{ "type": "Feature", "properties": { "id": 384, "population": 322, "o_score_pt": 633.845, "o_score_car": 971.156, "CDI": 0.21 }, "geometry": { "type": "Polygon", "coordinates": [ [ [ -122.35131, 47.52103 ], [ -122.35379, 47.52081 ], [ -122.35511, 47.52206 ], [ -122.35397, 47.52353 ], [ -122.3515, 47.52375 ], [ -122.35018, 47.5225 ], [ -122.35131, 47.52103 ] ] ] } },
{ "type": "Feature", "properties": { "id": 385, "population": 303, "o_score_pt": 604.48, "o_score_car": 956.737, "CDI": 0.226 }, "geometry": { "type": "Polygon", "coordinates": [ [ [ -122.37963, 47.53436 ], [ -122.38207, 47.53415 ], [ -122.38338, 47.53538 ], [ -122.38226, 47.53683 ], [ -122.37981, 47.53705 ], [ -122.37851, 47.53582 ], [ -122.37963, 47.53436 ] ] ] } },
{ "type": "Feature", "properties": { "id": 386, "population": 71, "o_score_pt": 767.546, "o_score_car": 1067.385, "CDI": 0.163 }, "geometry": { "type": "Polygon", "coordinates": [ [ [ -122.36534, 47.54755 ], [ -122.36709, 47.5474 ], [ -122.36795, 47.54821 ], [ -122.36716, 47.54924 ], [ -122.36541, 47.54939 ], [ -122.36455, 47.54858 ], [ -122.36534, 47.54755 ] ] ] } },
{ "type": "Feature", "properties": { "id": 387, "population": 0, "o_score_pt": 217.666, "o_score_car": 982.558, "CDI": 0.637 }, "geometry": { "type": "Polygon", "coordinates": [ [ [ -122.36856, 47.5798 ], [ -122.36856, 47.5798 ], [ -122.3685, 47.57981 ], [ -122.3685, 47.57981 ], [ -122.36856, 47.5798 ] ] ] } },
{ "type": "Feature", "properties": { "id": 388, "population": 408, "o_score_pt": 630.986, "o_score_car": 1032.522, "CDI": 0.241 }, "geometry": { "type": "Polygon", "coordinates": [ [ [ -122.37619, 47.54177 ], [ -122.37877, 47.54154 ], [ -122.38017, 47.54285 ], [ -122.37898, 47.54439 ], [ -122.37639, 47.54462 ], [ -122.375, 47.54331 ], [ -122.37619, 47.54177 ] ] ] } },
{ "type": "Feature", "properties": { "id": 389, "population": 421, "o_score_pt": 540.276, "o_score_car": 1118.204, "CDI": 0.348 }, "geometry": { "type": "Polygon", "coordinates": [ [ [ -122.32419, 47.52478 ], [ -122.32677, 47.52455 ], [ -122.32817, 47.52587 ], [ -122.32698, 47.52741 ], [ -122.32439, 47.52764 ], [ -122.323, 47.52632 ], [ -122.32419, 47.52478 ] ] ] } },
{ "type": "Feature", "properties": { "id": 390, "population": 15, "o_score_pt": 639.627, "o_score_car": 1144.651, "CDI": 0.283 }, "geometry": { "type": "Polygon", "coordinates": [ [ [ -122.35505, 47.56184 ], [ -122.35608, 47.56175 ], [ -122.35648, 47.56212 ], [ -122.35603, 47.56271 ], [ -122.355, 47.5628 ], [ -122.3546, 47.56242 ], [ -122.35505, 47.56184 ] ] ] } },
{ "type": "Feature", "properties": { "id": 391, "population": 229, "o_score_pt": 627.079, "o_score_car": 1104.82, "CDI": 0.276 }, "geometry": { "type": "Polygon", "coordinates": [ [ [ -122.39353, 47.5634 ], [ -122.39584, 47.5632 ], [ -122.39706, 47.56434 ], [ -122.396, 47.56571 ], [ -122.39369, 47.56592 ], [ -122.39247, 47.56477 ], [ -122.39353, 47.5634 ] ] ] } },
{ "type": "Feature", "properties": { "id": 392, "population": 181, "o_score_pt": 799.321, "o_score_car": 1096.372, "CDI": 0.157 }, "geometry": { "type": "Polygon", "coordinates": [ [ [ -122.36529, 47.55016 ], [ -122.36748, 47.54996 ], [ -122.36863, 47.55104 ], [ -122.36763, 47.55234 ], [ -122.36543, 47.55254 ], [ -122.36428, 47.55146 ], [ -122.36529, 47.55016 ] ] ] } },
{ "type": "Feature", "properties": { "id": 393, "population": 154, "o_score_pt": 365.558, "o_score_car": 1031.071, "CDI": 0.477 }, "geometry": { "type": "Polygon", "coordinates": [ [ [ -122.37936, 47.58201 ], [ -122.38148, 47.58182 ], [ -122.38258, 47.58285 ], [ -122.38161, 47.58411 ], [ -122.37949, 47.5843 ], [ -122.3784, 47.58326 ], [ -122.37936, 47.58201 ] ] ] } },
{ "type": "Feature", "properties": { "id": 394, "population": 243, "o_score_pt": 585.168, "o_score_car": 952.677, "CDI": 0.239 }, "geometry": { "type": "Polygon", "coordinates": [ [ [ -122.35895, 47.51756 ], [ -122.36128, 47.51736 ], [ -122.36252, 47.51852 ], [ -122.36145, 47.51991 ], [ -122.35911, 47.52012 ], [ -122.35787, 47.51895 ], [ -122.35895, 47.51756 ] ] ] } },
{ "type": "Feature", "properties": { "id": 395, "population": 207, "o_score_pt": 360.687, "o_score_car": 1006.447, "CDI": 0.472 }, "geometry": { "type": "Polygon", "coordinates": [ [ [ -122.39418, 47.57199 ], [ -122.39644, 47.57179 ], [ -122.39763, 47.57291 ], [ -122.3966, 47.57425 ], [ -122.39434, 47.57445 ], [ -122.39315, 47.57333 ], [ -122.39418, 47.57199 ] ] ] } },
{ "type": "Feature", "properties": { "id": 396, "population": 185, "o_score_pt": 470.393, "o_score_car": 919.593, "CDI": 0.323 }, "geometry": { "type": "Polygon", "coordinates": [ [ [ -122.38732, 47.53095 ], [ -122.38952, 47.53076 ], [ -122.39068, 47.53185 ], [ -122.38967, 47.53315 ], [ -122.38746, 47.53335 ], [ -122.38631, 47.53226 ], [ -122.38732, 47.53095 ] ] ] } },
{ "type": "Feature", "properties": { "id": 397, "population": 139, "o_score_pt": 235.35, "o_score_car": 813.405, "CDI": 0.551 }, "geometry": { "type": "Polygon", "coordinates": [ [ [ -122.38155, 47.50423 ], [ -122.38361, 47.50405 ], [ -122.38468, 47.50505 ], [ -122.38374, 47.50628 ], [ -122.38167, 47.50646 ], [ -122.3806, 47.50545 ], [ -122.38155, 47.50423 ] ] ] } },
{ "type": "Feature", "properties": { "id": 398, "population": 336, "o_score_pt": 860.872, "o_score_car": 1199.385, "CDI": 0.164 }, "geometry": { "type": "Polygon", "coordinates": [ [ [ -122.36175, 47.55747 ], [ -122.36425, 47.55725 ], [ -122.36558, 47.55851 ], [ -122.36444, 47.55999 ], [ -122.36194, 47.56021 ], [ -122.36061, 47.55896 ], [ -122.36175, 47.55747 ] ] ] } },
{ "type": "Feature", "properties": { "id": 399, "population": 243, "o_score_pt": 592.339, "o_score_car": 852.142, "CDI": 0.18 }, "geometry": { "type": "Polygon", "coordinates": [ [ [ -122.3906, 47.5234 ], [ -122.39294, 47.52319 ], [ -122.39418, 47.52435 ], [ -122.39311, 47.52574 ], [ -122.39077, 47.52595 ], [ -122.38953, 47.52479 ], [ -122.3906, 47.5234 ] ] ] } },
{ "type": "Feature", "properties": { "id": 400, "population": 32, "o_score_pt": 600.726, "o_score_car": 1002.053, "CDI": 0.25 }, "geometry": { "type": "Polygon", "coordinates": [ [ [ -122.35004, 47.54913 ], [ -122.35141, 47.54901 ], [ -122.35203, 47.5496 ], [ -122.35142, 47.55039 ], [ -122.35004, 47.55052 ], [ -122.34942, 47.54993 ], [ -122.35004, 47.54913 ] ] ] } },
{ "type": "Feature", "properties": { "id": 401, "population": 166, "o_score_pt": 604.741, "o_score_car": 1049.306, "CDI": 0.269 }, "geometry": { "type": "Polygon", "coordinates": [ [ [ -122.39719, 47.55886 ], [ -122.39934, 47.55867 ], [ -122.40047, 47.55972 ], [ -122.39948, 47.561 ], [ -122.39733, 47.56119 ], [ -122.39621, 47.56014 ], [ -122.39719, 47.55886 ] ] ] } },
{ "type": "Feature", "properties": { "id": 402, "population": 258, "o_score_pt": 236.412, "o_score_car": 836.927, "CDI": 0.559 }, "geometry": { "type": "Polygon", "coordinates": [ [ [ -122.3776, 47.50583 ], [ -122.37996, 47.50562 ], [ -122.38122, 47.50681 ], [ -122.38013, 47.50821 ], [ -122.37777, 47.50842 ], [ -122.37651, 47.50724 ], [ -122.3776, 47.50583 ] ] ] } },
{ "type": "Feature", "properties": { "id": 403, "population": 349, "o_score_pt": 548.131, "o_score_car": 1095.421, "CDI": 0.333 }, "geometry": { "type": "Polygon", "coordinates": [ [ [ -122.32045, 47.5266 ], [ -122.32296, 47.52637 ], [ -122.32431, 47.52764 ], [ -122.32316, 47.52914 ], [ -122.32065, 47.52936 ], [ -122.3193, 47.52809 ], [ -122.32045, 47.5266 ] ] ] } },
{ "type": "Feature", "properties": { "id": 404, "population": 187, "o_score_pt": 592.552, "o_score_car": 927.164, "CDI": 0.22 }, "geometry": { "type": "Polygon", "coordinates": [ [ [ -122.3913, 47.53204 ], [ -122.39351, 47.53184 ], [ -122.39467, 47.53293 ], [ -122.39366, 47.53424 ], [ -122.39145, 47.53444 ], [ -122.39029, 47.53335 ], [ -122.3913, 47.53204 ] ] ] } },
{ "type": "Feature", "properties": { "id": 405, "population": 272, "o_score_pt": 622.125, "o_score_car": 976.905, "CDI": 0.222 }, "geometry": { "type": "Polygon", "coordinates": [ [ [ -122.38784, 47.53942 ], [ -122.39023, 47.53921 ], [ -122.3915, 47.54041 ], [ -122.3904, 47.54183 ], [ -122.38801, 47.54204 ], [ -122.38674, 47.54084 ], [ -122.38784, 47.53942 ] ] ] } },
{ "type": "Feature", "properties": { "id": 406, "population": 361, "o_score_pt": 535.137, "o_score_car": 1117.622, "CDI": 0.352 }, "geometry": { "type": "Polygon", "coordinates": [ [ [ -122.3785, 47.57322 ], [ -122.38103, 47.57299 ], [ -122.38239, 47.57427 ], [ -122.38123, 47.57577 ], [ -122.3787, 47.576 ], [ -122.37734, 47.57472 ], [ -122.3785, 47.57322 ] ] ] } },
{ "type": "Feature", "properties": { "id": 407, "population": 244, "o_score_pt": 624.728, "o_score_car": 1075.649, "CDI": 0.265 }, "geometry": { "type": "Polygon", "coordinates": [ [ [ -122.37674, 47.54762 ], [ -122.37908, 47.54741 ], [ -122.38032, 47.54858 ], [ -122.37925, 47.54997 ], [ -122.37691, 47.55017 ], [ -122.37567, 47.54901 ], [ -122.37674, 47.54762 ] ] ] } },
{ "type": "Feature", "properties": { "id": 408, "population": 452, "o_score_pt": 582.245, "o_score_car": 1060.749, "CDI": 0.291 }, "geometry": { "type": "Polygon", "coordinates": [ [ [ -122.39063, 47.57929 ], [ -122.39322, 47.57906 ], [ -122.39462, 47.58037 ], [ -122.39343, 47.58192 ], [ -122.39084, 47.58214 ], [ -122.38944, 47.58083 ], [ -122.39063, 47.57929 ] ] ] } },
{ "type": "Feature", "properties": { "id": 409, "population": 222, "o_score_pt": 487.358, "o_score_car": 994.432, "CDI": 0.342 }, "geometry": { "type": "Polygon", "coordinates": [ [ [ -122.34407, 47.52753 ], [ -122.34636, 47.52733 ], [ -122.34757, 47.52846 ], [ -122.34652, 47.52983 ], [ -122.34423, 47.53003 ], [ -122.34302, 47.52889 ], [ -122.34407, 47.52753 ] ] ] } },
{ "type": "Feature", "properties": { "id": 410, "population": 172, "o_score_pt": 379.44, "o_score_car": 1071.648, "CDI": 0.477 }, "geometry": { "type": "Polygon", "coordinates": [ [ [ -122.37975, 47.58769 ], [ -122.38192, 47.5875 ], [ -122.38305, 47.58856 ], [ -122.38206, 47.58985 ], [ -122.37989, 47.59004 ], [ -122.37876, 47.58898 ], [ -122.37975, 47.58769 ] ] ] } },
{ "type": "Feature", "properties": { "id": 411, "population": 405, "o_score_pt": 630.861, "o_score_car": 982.393, "CDI": 0.218 }, "geometry": { "type": "Polygon", "coordinates": [ [ [ -122.37556, 47.5332 ], [ -122.37815, 47.53297 ], [ -122.37954, 47.53428 ], [ -122.37835, 47.53582 ], [ -122.37577, 47.53605 ], [ -122.37438, 47.53474 ], [ -122.37556, 47.5332 ] ] ] } },
{ "type": "Feature", "properties": { "id": 412, "population": 138, "o_score_pt": 859.022, "o_score_car": 1071.499, "CDI": 0.11 }, "geometry": { "type": "Polygon", "coordinates": [ [ [ -122.36117, 47.54629 ], [ -122.36324, 47.5461 ], [ -122.3643, 47.54711 ], [ -122.36336, 47.54833 ], [ -122.36129, 47.54851 ], [ -122.36023, 47.54751 ], [ -122.36117, 47.54629 ] ] ] } },
{ "type": "Feature", "properties": { "id": 413, "population": 283, "o_score_pt": 620.68, "o_score_car": 984.732, "CDI": 0.227 }, "geometry": { "type": "Polygon", "coordinates": [ [ [ -122.3723, 47.54078 ], [ -122.37471, 47.54057 ], [ -122.376, 47.54178 ], [ -122.37489, 47.54321 ], [ -122.37248, 47.54342 ], [ -122.3712, 47.54222 ], [ -122.3723, 47.54078 ] ] ] } },
{ "type": "Feature", "properties": { "id": 414, "population": 54, "o_score_pt": 474.92, "o_score_car": 1162.353, "CDI": 0.42 }, "geometry": { "type": "Polygon", "coordinates": [ [ [ -122.33251, 47.52464 ], [ -122.33413, 47.5245 ], [ -122.33491, 47.52524 ], [ -122.33418, 47.52619 ], [ -122.33256, 47.52633 ], [ -122.33178, 47.52559 ], [ -122.33251, 47.52464 ] ] ] } },
{ "type": "Feature", "properties": { "id": 415, "population": 336, "o_score_pt": 383.307, "o_score_car": 1049.708, "CDI": 0.465 }, "geometry": { "type": "Polygon", "coordinates": [ [ [ -122.39384, 47.56901 ], [ -122.39633, 47.56879 ], [ -122.39767, 47.57004 ], [ -122.39653, 47.57153 ], [ -122.39403, 47.57175 ], [ -122.3927, 47.57049 ], [ -122.39384, 47.56901 ] ] ] } },
{ "type": "Feature", "properties": { "id": 416, "population": 377, "o_score_pt": 630.126, "o_score_car": 1083.113, "CDI": 0.264 }, "geometry": { "type": "Polygon", "coordinates": [ [ [ -122.37285, 47.54927 ], [ -122.37539, 47.54905 ], [ -122.37677, 47.55034 ], [ -122.37559, 47.55186 ], [ -122.37305, 47.55208 ], [ -122.37167, 47.55079 ], [ -122.37285, 47.54927 ] ] ] } },
{ "type": "Feature", "properties": { "id": 417, "population": 118, "o_score_pt": 232.904, "o_score_car": 1130.21, "CDI": 0.658 }, "geometry": { "type": "Polygon", "coordinates": [ [ [ -122.37545, 47.581 ], [ -122.37744, 47.58082 ], [ -122.37846, 47.58178 ], [ -122.37755, 47.58295 ], [ -122.37556, 47.58313 ], [ -122.37454, 47.58217 ], [ -122.37545, 47.581 ] ] ] } },
{ "type": "Feature", "properties": { "id": 418, "population": 459, "o_score_pt": 639.324, "o_score_car": 909.636, "CDI": 0.175 }, "geometry": { "type": "Polygon", "coordinates": [ [ [ -122.36656, 47.51674 ], [ -122.36914, 47.51651 ], [ -122.37054, 47.51783 ], [ -122.36935, 47.51937 ], [ -122.36677, 47.5196 ], [ -122.36537, 47.51828 ], [ -122.36656, 47.51674 ] ] ] } },
{ "type": "Feature", "properties": { "id": 419, "population": 184, "o_score_pt": 617.91, "o_score_car": 1044.056, "CDI": 0.256 }, "geometry": { "type": "Polygon", "coordinates": [ [ [ -122.39023, 47.57094 ], [ -122.39244, 47.57075 ], [ -122.39359, 47.57183 ], [ -122.39258, 47.57314 ], [ -122.39038, 47.57333 ], [ -122.38922, 47.57225 ], [ -122.39023, 47.57094 ] ] ] } },
{ "type": "Feature", "properties": { "id": 420, "population": 29, "o_score_pt": 364.406, "o_score_car": 1034.542, "CDI": 0.479 }, "geometry": { "type": "Polygon", "coordinates": [ [ [ -122.34127, 47.53556 ], [ -122.3426, 47.53544 ], [ -122.34319, 47.536 ], [ -122.34259, 47.53677 ], [ -122.34127, 47.53689 ], [ -122.34067, 47.53633 ], [ -122.34127, 47.53556 ] ] ] } },
{ "type": "Feature", "properties": { "id": 421, "population": 276, "o_score_pt": 223.965, "o_score_car": 812.655, "CDI": 0.568 }, "geometry": { "type": "Polygon", "coordinates": [ [ [ -122.37737, 47.50296 ], [ -122.37977, 47.50275 ], [ -122.38105, 47.50395 ], [ -122.37995, 47.50537 ], [ -122.37755, 47.50559 ], [ -122.37627, 47.50438 ], [ -122.37737, 47.50296 ] ] ] } },
{ "type": "Feature", "properties": { "id": 422, "population": 393, "o_score_pt": 665.492, "o_score_car": 931.101, "CDI": 0.166 }, "geometry": { "type": "Polygon", "coordinates": [ [ [ -122.35545, 47.52492 ], [ -122.35802, 47.52469 ], [ -122.3594, 47.526 ], [ -122.35822, 47.52753 ], [ -122.35565, 47.52775 ], [ -122.35427, 47.52645 ], [ -122.35545, 47.52492 ] ] ] } },
{ "type": "Feature", "properties": { "id": 423, "population": 0, "o_score_pt": 646.663, "o_score_car": 1050.351, "CDI": 0.238 }, "geometry": { "type": "Polygon", "coordinates": [ [ [ -122.37089, 47.55804 ], [ -122.37089, 47.55804 ], [ -122.37082, 47.55805 ], [ -122.37082, 47.55805 ], [ -122.37089, 47.55804 ] ] ] } },
{ "type": "Feature", "properties": { "id": 424, "population": 246, "o_score_pt": 855.352, "o_score_car": 1245.154, "CDI": 0.186 }, "geometry": { "type": "Polygon", "coordinates": [ [ [ -122.35848, 47.56504 ], [ -122.36082, 47.56483 ], [ -122.36206, 47.566 ], [ -122.36099, 47.56739 ], [ -122.35864, 47.5676 ], [ -122.3574, 47.56643 ], [ -122.35848, 47.56504 ] ] ] } },
{ "type": "Feature", "properties": { "id": 425, "population": 170, "o_score_pt": 592.23, "o_score_car": 885.315, "CDI": 0.198 }, "geometry": { "type": "Polygon", "coordinates": [ [ [ -122.39112, 47.52921 ], [ -122.39328, 47.52901 ], [ -122.39441, 47.53008 ], [ -122.39342, 47.53136 ], [ -122.39126, 47.53155 ], [ -122.39013, 47.53049 ], [ -122.39112, 47.52921 ] ] ] } },
{ "type": "Feature", "properties": { "id": 426, "population": 254, "o_score_pt": 465.215, "o_score_car": 824.221, "CDI": 0.278 }, "geometry": { "type": "Polygon", "coordinates": [ [ [ -122.37802, 47.51155 ], [ -122.38038, 47.51135 ], [ -122.38163, 47.51252 ], [ -122.38055, 47.51393 ], [ -122.37819, 47.51413 ], [ -122.37694, 47.51296 ], [ -122.37802, 47.51155 ] ] ] } },
{ "type": "Feature", "properties": { "id": 427, "population": 483, "o_score_pt": 603.101, "o_score_car": 1095.464, "CDI": 0.29 }, "geometry": { "type": "Polygon", "coordinates": [ [ [ -122.31642, 47.52546 ], [ -122.31901, 47.52524 ], [ -122.32041, 47.52655 ], [ -122.31922, 47.52809 ], [ -122.31663, 47.52832 ], [ -122.31523, 47.52701 ], [ -122.31642, 47.52546 ] ] ] } },
{ "type": "Feature", "properties": { "id": 428, "population": 0, "o_score_pt": 574.536, "o_score_car": 1100.287, "CDI": 0.314 }, "geometry": { "type": "Polygon", "coordinates": [ [ [ -122.34739, 47.55724 ], [ -122.34739, 47.55724 ], [ -122.34733, 47.55725 ], [ -122.34733, 47.55725 ], [ -122.34739, 47.55724 ] ] ] } },
{ "type": "Feature", "properties": { "id": 429, "population": 0, "o_score_pt": 0.0, "o_score_car": 1096.229, "CDI": 1.0 }, "geometry": { "type": "Polygon", "coordinates": [ [ [ -122.35345, 47.58688 ], [ -122.35345, 47.58688 ], [ -122.35338, 47.58689 ], [ -122.35338, 47.58689 ], [ -122.35345, 47.58688 ] ] ] } },
{ "type": "Feature", "properties": { "id": 430, "population": 0, "o_score_pt": 1.253, "o_score_car": 1171.44, "CDI": 0.998 }, "geometry": { "type": "Polygon", "coordinates": [ [ [ -122.35283, 47.57832 ], [ -122.35283, 47.57832 ], [ -122.35276, 47.57832 ], [ -122.35276, 47.57832 ], [ -122.35283, 47.57832 ] ] ] } },
{ "type": "Feature", "properties": { "id": 431, "population": 0, "o_score_pt": 0.163, "o_score_car": 1138.294, "CDI": 1.0 }, "geometry": { "type": "Polygon", "coordinates": [ [ [ -122.35723, 47.58511 ], [ -122.35723, 47.58511 ], [ -122.35716, 47.58512 ], [ -122.35716, 47.58512 ], [ -122.35723, 47.58511 ] ] ] } },
{ "type": "Feature", "properties": { "id": 432, "population": 0, "o_score_pt": 1.306, "o_score_car": 1248.524, "CDI": 0.998 }, "geometry": { "type": "Polygon", "coordinates": [ [ [ -122.35661, 47.57655 ], [ -122.35661, 47.57655 ], [ -122.35654, 47.57655 ], [ -122.35654, 47.57655 ], [ -122.35661, 47.57655 ] ] ] } },
{ "type": "Feature", "properties": { "id": 433, "population": 0, "o_score_pt": 0.679, "o_score_car": 1200.798, "CDI": 0.999 }, "geometry": { "type": "Polygon", "coordinates": [ [ [ -122.35681, 47.5794 ], [ -122.35681, 47.5794 ], [ -122.35675, 47.57941 ], [ -122.35675, 47.57941 ], [ -122.35681, 47.5794 ] ] ] } },
{ "type": "Feature", "properties": { "id": 434, "population": 0, "o_score_pt": 4.318, "o_score_car": 1305.218, "CDI": 0.993 }, "geometry": { "type": "Polygon", "coordinates": [ [ [ -122.34843, 47.57152 ], [ -122.34843, 47.57152 ], [ -122.34836, 47.57153 ], [ -122.34836, 47.57153 ], [ -122.34843, 47.57152 ] ] ] } },
{ "type": "Feature", "properties": { "id": 435, "population": 0, "o_score_pt": 0.0, "o_score_car": 1068.956, "CDI": 1.0 }, "geometry": { "type": "Polygon", "coordinates": [ [ [ -122.34967, 47.58865 ], [ -122.34967, 47.58865 ], [ -122.3496, 47.58866 ], [ -122.3496, 47.58866 ], [ -122.34967, 47.58865 ] ] ] } },
{ "type": "Feature", "properties": { "id": 436, "population": 0, "o_score_pt": 0.0, "o_score_car": 850.578, "CDI": 1.0 }, "geometry": { "type": "Polygon", "coordinates": [ [ [ -122.34905, 47.58009 ], [ -122.34905, 47.58009 ], [ -122.34898, 47.58009 ], [ -122.34898, 47.58009 ], [ -122.34905, 47.58009 ] ] ] } },
{ "type": "Feature", "properties": { "id": 437, "population": 0, "o_score_pt": 3.421, "o_score_car": 1202.27, "CDI": 0.994 }, "geometry": { "type": "Polygon", "coordinates": [ [ [ -122.35241, 47.57261 ], [ -122.35241, 47.57261 ], [ -122.35235, 47.57261 ], [ -122.35235, 47.57261 ], [ -122.35241, 47.57261 ] ] ] } },
{ "type": "Feature", "properties": { "id": 438, "population": 0, "o_score_pt": 0.162, "o_score_car": 1127.236, "CDI": 1.0 }, "geometry": { "type": "Polygon", "coordinates": [ [ [ -122.35702, 47.58226 ], [ -122.35702, 47.58226 ], [ -122.35695, 47.58226 ], [ -122.35695, 47.58226 ], [ -122.35702, 47.58226 ] ] ] } },
{ "type": "Feature", "properties": { "id": 439, "population": 0, "o_score_pt": 0.0, "o_score_car": 906.973, "CDI": 1.0 }, "geometry": { "type": "Polygon", "coordinates": [ [ [ -122.34925, 47.58294 ], [ -122.34925, 47.58294 ], [ -122.34919, 47.58295 ], [ -122.34919, 47.58295 ], [ -122.34925, 47.58294 ] ] ] } },
{ "type": "Feature", "properties": { "id": 440, "population": 0, "o_score_pt": 1.27, "o_score_car": 768.349, "CDI": 0.997 }, "geometry": { "type": "Polygon", "coordinates": [ [ [ -122.34863, 47.57438 ], [ -122.34863, 47.57438 ], [ -122.34857, 47.57438 ], [ -122.34857, 47.57438 ], [ -122.34863, 47.57438 ] ] ] } },
{ "type": "Feature", "properties": { "id": 441, "population": 0, "o_score_pt": 0.456, "o_score_car": 1174.357, "CDI": 0.999 }, "geometry": { "type": "Polygon", "coordinates": [ [ [ -122.35303, 47.58117 ], [ -122.35303, 47.58117 ], [ -122.35297, 47.58118 ], [ -122.35297, 47.58118 ], [ -122.35303, 47.58117 ] ] ] } },
{ "type": "Feature", "properties": { "id": 442, "population": 0, "o_score_pt": 2.447, "o_score_car": 1279.198, "CDI": 0.996 }, "geometry": { "type": "Polygon", "coordinates": [ [ [ -122.35262, 47.57546 ], [ -122.35262, 47.57546 ], [ -122.35255, 47.57547 ], [ -122.35255, 47.57547 ], [ -122.35262, 47.57546 ] ] ] } },
{ "type": "Feature", "properties": { "id": 443, "population": 0, "o_score_pt": 0.0, "o_score_car": 956.242, "CDI": 1.0 }, "geometry": { "type": "Polygon", "coordinates": [ [ [ -122.34946, 47.5858 ], [ -122.34946, 47.5858 ], [ -122.3494, 47.5858 ], [ -122.3494, 47.5858 ], [ -122.34946, 47.5858 ] ] ] } },
{ "type": "Feature", "properties": { "id": 444, "population": 0, "o_score_pt": 0.0, "o_score_car": 803.43, "CDI": 1.0 }, "geometry": { "type": "Polygon", "coordinates": [ [ [ -122.34884, 47.57723 ], [ -122.34884, 47.57723 ], [ -122.34877, 47.57724 ], [ -122.34877, 47.57724 ], [ -122.34884, 47.57723 ] ] ] } },
{ "type": "Feature", "properties": { "id": 445, "population": 0, "o_score_pt": 0.156, "o_score_car": 1165.773, "CDI": 1.0 }, "geometry": { "type": "Polygon", "coordinates": [ [ [ -122.35324, 47.58403 ], [ -122.35324, 47.58403 ], [ -122.35317, 47.58403 ], [ -122.35317, 47.58403 ], [ -122.35324, 47.58403 ] ] ] } },
{ "type": "Feature", "properties": { "id": 446, "population": 456, "o_score_pt": 1165.197, "o_score_car": 1510.586, "CDI": 0.129 }, "geometry": { "type": "Polygon", "coordinates": [ [ [ -122.34144, 47.65543 ], [ -122.34403, 47.6552 ], [ -122.34543, 47.65651 ], [ -122.34424, 47.65805 ], [ -122.34165, 47.65828 ], [ -122.34025, 47.65697 ], [ -122.34144, 47.65543 ] ] ] } },
{ "type": "Feature", "properties": { "id": 447, "population": 346, "o_score_pt": 803.618, "o_score_car": 1232.157, "CDI": 0.211 }, "geometry": { "type": "Polygon", "coordinates": [ [ [ -122.28512, 47.68768 ], [ -122.28763, 47.68746 ], [ -122.28898, 47.68873 ], [ -122.28783, 47.69022 ], [ -122.28531, 47.69044 ], [ -122.28397, 47.68917 ], [ -122.28512, 47.68768 ] ] ] } },
{ "type": "Feature", "properties": { "id": 448, "population": 2, "o_score_pt": 1216.68, "o_score_car": 1455.722, "CDI": 0.089 }, "geometry": { "type": "Polygon", "coordinates": [ [ [ -122.31116, 47.65091 ], [ -122.31116, 47.65091 ], [ -122.31109, 47.65092 ], [ -122.31109, 47.65092 ], [ -122.31116, 47.65091 ] ] ] } },
{ "type": "Feature", "properties": { "id": 449, "population": 486, "o_score_pt": 831.99, "o_score_car": 1217.223, "CDI": 0.188 }, "geometry": { "type": "Polygon", "coordinates": [ [ [ -122.34661, 47.72669 ], [ -122.3492, 47.72646 ], [ -122.3506, 47.72777 ], [ -122.34941, 47.72931 ], [ -122.34682, 47.72954 ], [ -122.34542, 47.72823 ], [ -122.34661, 47.72669 ] ] ] } },
{ "type": "Feature", "properties": { "id": 450, "population": 311, "o_score_pt": 1182.087, "o_score_car": 1477.107, "CDI": 0.111 }, "geometry": { "type": "Polygon", "coordinates": [ [ [ -122.33581, 47.6847 ], [ -122.33827, 47.68448 ], [ -122.33958, 47.68572 ], [ -122.33845, 47.68717 ], [ -122.33599, 47.68739 ], [ -122.33468, 47.68616 ], [ -122.33581, 47.6847 ] ] ] } },
{ "type": "Feature", "properties": { "id": 451, "population": 190, "o_score_pt": 866.774, "o_score_car": 1335.912, "CDI": 0.213 }, "geometry": { "type": "Polygon", "coordinates": [ [ [ -122.31134, 47.56064 ], [ -122.31356, 47.56044 ], [ -122.31472, 47.56154 ], [ -122.31371, 47.56285 ], [ -122.31149, 47.56305 ], [ -122.31032, 47.56195 ], [ -122.31134, 47.56064 ] ] ] } },
{ "type": "Feature", "properties": { "id": 452, "population": 255, "o_score_pt": 1138.164, "o_score_car": 1419.351, "CDI": 0.11 }, "geometry": { "type": "Polygon", "coordinates": [ [ [ -122.30994, 47.59659 ], [ -122.31231, 47.59639 ], [ -122.31356, 47.59756 ], [ -122.31247, 47.59897 ], [ -122.31011, 47.59917 ], [ -122.30886, 47.598 ], [ -122.30994, 47.59659 ] ] ] } },
{ "type": "Feature", "properties": { "id": 453, "population": 427, "o_score_pt": 994.332, "o_score_car": 1305.475, "CDI": 0.135 }, "geometry": { "type": "Polygon", "coordinates": [ [ [ -122.37124, 47.68867 ], [ -122.37383, 47.68844 ], [ -122.37523, 47.68975 ], [ -122.37404, 47.69129 ], [ -122.37145, 47.69152 ], [ -122.37005, 47.69021 ], [ -122.37124, 47.68867 ] ] ] } },
{ "type": "Feature", "properties": { "id": 454, "population": 299, "o_score_pt": 1188.787, "o_score_car": 1396.902, "CDI": 0.08 }, "geometry": { "type": "Polygon", "coordinates": [ [ [ -122.34847, 47.64342 ], [ -122.35091, 47.6432 ], [ -122.35222, 47.64442 ], [ -122.35109, 47.64587 ], [ -122.34866, 47.64609 ], [ -122.34735, 47.64486 ], [ -122.34847, 47.64342 ] ] ] } },
{ "type": "Feature", "properties": { "id": 455, "population": 202, "o_score_pt": 1088.911, "o_score_car": 1499.715, "CDI": 0.159 }, "geometry": { "type": "Polygon", "coordinates": [ [ [ -122.32017, 47.68333 ], [ -122.32242, 47.68313 ], [ -122.32361, 47.68424 ], [ -122.32257, 47.68558 ], [ -122.32032, 47.68577 ], [ -122.31914, 47.68466 ], [ -122.32017, 47.68333 ] ] ] } },
{ "type": "Feature", "properties": { "id": 456, "population": 526, "o_score_pt": 685.593, "o_score_car": 1086.101, "CDI": 0.226 }, "geometry": { "type": "Polygon", "coordinates": [ [ [ -122.27945, 47.55458 ], [ -122.28203, 47.55435 ], [ -122.28343, 47.55567 ], [ -122.28224, 47.55721 ], [ -122.27965, 47.55744 ], [ -122.27825, 47.55612 ], [ -122.27945, 47.55458 ] ] ] } },
{ "type": "Feature", "properties": { "id": 457, "population": 253, "o_score_pt": 674.909, "o_score_car": 1133.329, "CDI": 0.254 }, "geometry": { "type": "Polygon", "coordinates": [ [ [ -122.4027, 47.6358 ], [ -122.40506, 47.63559 ], [ -122.40631, 47.63677 ], [ -122.40523, 47.63817 ], [ -122.40287, 47.63838 ], [ -122.40162, 47.6372 ], [ -122.4027, 47.6358 ] ] ] } },
{ "type": "Feature", "properties": { "id": 458, "population": 433, "o_score_pt": 955.959, "o_score_car": 1486.504, "CDI": 0.217 }, "geometry": { "type": "Polygon", "coordinates": [ [ [ -122.31668, 47.63751 ], [ -122.31927, 47.63728 ], [ -122.32067, 47.63859 ], [ -122.31947, 47.64013 ], [ -122.31688, 47.64036 ], [ -122.31549, 47.63905 ], [ -122.31668, 47.63751 ] ] ] } },
{ "type": "Feature", "properties": { "id": 459, "population": 42, "o_score_pt": 14.835, "o_score_car": 1000.673, "CDI": 0.971 }, "geometry": { "type": "Polygon", "coordinates": [ [ [ -122.37353, 47.71207 ], [ -122.37504, 47.71194 ], [ -122.37574, 47.7126 ], [ -122.37507, 47.71348 ], [ -122.37356, 47.71361 ], [ -122.37286, 47.71295 ], [ -122.37353, 47.71207 ] ] ] } },
{ "type": "Feature", "properties": { "id": 460, "population": 37, "o_score_pt": 799.481, "o_score_car": 1279.917, "CDI": 0.231 }, "geometry": { "type": "Polygon", "coordinates": [ [ [ -122.31874, 47.54897 ], [ -122.32018, 47.54884 ], [ -122.32084, 47.54947 ], [ -122.3202, 47.55031 ], [ -122.31875, 47.55043 ], [ -122.31809, 47.54981 ], [ -122.31874, 47.54897 ] ] ] } },
{ "type": "Feature", "properties": { "id": 461, "population": 106, "o_score_pt": 1113.884, "o_score_car": 1383.81, "CDI": 0.108 }, "geometry": { "type": "Polygon", "coordinates": [ [ [ -122.37124, 47.63023 ], [ -122.37319, 47.63006 ], [ -122.37417, 47.63098 ], [ -122.37329, 47.63213 ], [ -122.37135, 47.6323 ], [ -122.37036, 47.63137 ], [ -122.37124, 47.63023 ] ] ] } },
{ "type": "Feature", "properties": { "id": 462, "population": 269, "o_score_pt": 631.146, "o_score_car": 1078.804, "CDI": 0.262 }, "geometry": { "type": "Polygon", "coordinates": [ [ [ -122.28651, 47.54259 ], [ -122.2889, 47.54238 ], [ -122.29017, 47.54357 ], [ -122.28907, 47.54499 ], [ -122.28668, 47.5452 ], [ -122.28542, 47.54401 ], [ -122.28651, 47.54259 ] ] ] } },
{ "type": "Feature", "properties": { "id": 463, "population": 336, "o_score_pt": 834.521, "o_score_car": 1249.813, "CDI": 0.199 }, "geometry": { "type": "Polygon", "coordinates": [ [ [ -122.28359, 47.61175 ], [ -122.28609, 47.61153 ], [ -122.28742, 47.61279 ], [ -122.28628, 47.61427 ], [ -122.28378, 47.61449 ], [ -122.28244, 47.61323 ], [ -122.28359, 47.61175 ] ] ] } },
{ "type": "Feature", "properties": { "id": 464, "population": 84, "o_score_pt": 624.992, "o_score_car": 1220.27, "CDI": 0.323 }, "geometry": { "type": "Polygon", "coordinates": [ [ [ -122.28562, 47.63495 ], [ -122.28745, 47.63479 ], [ -122.28836, 47.63565 ], [ -122.28753, 47.63673 ], [ -122.2857, 47.63689 ], [ -122.28478, 47.63603 ], [ -122.28562, 47.63495 ] ] ] } },
{ "type": "Feature", "properties": { "id": 465, "population": 416, "o_score_pt": 947.788, "o_score_car": 1402.467, "CDI": 0.193 }, "geometry": { "type": "Polygon", "coordinates": [ [ [ -122.30808, 47.62678 ], [ -122.31067, 47.62655 ], [ -122.31207, 47.62786 ], [ -122.31088, 47.6294 ], [ -122.30829, 47.62963 ], [ -122.30689, 47.62832 ], [ -122.30808, 47.62678 ] ] ] } },
{ "type": "Feature", "properties": { "id": 466, "population": 105, "o_score_pt": 897.56, "o_score_car": 1365.374, "CDI": 0.207 }, "geometry": { "type": "Polygon", "coordinates": [ [ [ -122.32641, 47.7131 ], [ -122.32835, 47.71293 ], [ -122.32933, 47.71385 ], [ -122.32845, 47.71499 ], [ -122.3265, 47.71516 ], [ -122.32552, 47.71424 ], [ -122.32641, 47.7131 ] ] ] } },
{ "type": "Feature", "properties": { "id": 467, "population": 33, "o_score_pt": 811.905, "o_score_car": 1115.288, "CDI": 0.157 }, "geometry": { "type": "Polygon", "coordinates": [ [ [ -122.27001, 47.68682 ], [ -122.2714, 47.6867 ], [ -122.27204, 47.68729 ], [ -122.27141, 47.6881 ], [ -122.27002, 47.68822 ], [ -122.26938, 47.68763 ], [ -122.27001, 47.68682 ] ] ] } },
{ "type": "Feature", "properties": { "id": 468, "population": 17, "o_score_pt": 1063.048, "o_score_car": 1479.652, "CDI": 0.164 }, "geometry": { "type": "Polygon", "coordinates": [ [ [ -122.3364, 47.68262 ], [ -122.33749, 47.68252 ], [ -122.33793, 47.68293 ], [ -122.33745, 47.68355 ], [ -122.33636, 47.68365 ], [ -122.33592, 47.68324 ], [ -122.3364, 47.68262 ] ] ] } },
{ "type": "Feature", "properties": { "id": 469, "population": 511, "o_score_pt": 998.285, "o_score_car": 1304.675, "CDI": 0.133 }, "geometry": { "type": "Polygon", "coordinates": [ [ [ -122.29785, 47.59321 ], [ -122.30044, 47.59298 ], [ -122.30184, 47.59429 ], [ -122.30064, 47.59583 ], [ -122.29805, 47.59606 ], [ -122.29666, 47.59475 ], [ -122.29785, 47.59321 ] ] ] } },
{ "type": "Feature", "properties": { "id": 470, "population": 1287, "o_score_pt": 1239.774, "o_score_car": 1470.073, "CDI": 0.085 }, "geometry": { "type": "Polygon", "coordinates": [ [ [ -122.3587, 47.62376 ], [ -122.36128, 47.62353 ], [ -122.36268, 47.62484 ], [ -122.36149, 47.62638 ], [ -122.3589, 47.62661 ], [ -122.3575, 47.6253 ], [ -122.3587, 47.62376 ] ] ] } },
{ "type": "Feature", "properties": { "id": 471, "population": 3, "o_score_pt": 15.712, "o_score_car": 1064.855, "CDI": 0.971 }, "geometry": { "type": "Polygon", "coordinates": [ [ [ -122.3783, 47.71092 ], [ -122.37818, 47.71107 ], [ -122.37787, 47.7111 ], [ -122.37798, 47.71095 ], [ -122.3783, 47.71092 ] ] ] } },
{ "type": "Feature", "properties": { "id": 472, "population": 281, "o_score_pt": 1169.512, "o_score_car": 1409.057, "CDI": 0.093 }, "geometry": { "type": "Polygon", "coordinates": [ [ [ -122.30391, 47.67606 ], [ -122.30632, 47.67584 ], [ -122.3076, 47.67705 ], [ -122.30649, 47.67848 ], [ -122.30408, 47.67869 ], [ -122.3028, 47.67748 ], [ -122.30391, 47.67606 ] ] ] } },
{ "type": "Feature", "properties": { "id": 473, "population": 548, "o_score_pt": 644.544, "o_score_car": 1054.302, "CDI": 0.241 }, "geometry": { "type": "Polygon", "coordinates": [ [ [ -122.27781, 47.53172 ], [ -122.2804, 47.5315 ], [ -122.2818, 47.53281 ], [ -122.2806, 47.53435 ], [ -122.27802, 47.53458 ], [ -122.27662, 47.53326 ], [ -122.27781, 47.53172 ] ] ] } },
{ "type": "Feature", "properties": { "id": 474, "population": 1, "o_score_pt": 373.816, "o_score_car": 976.706, "CDI": 0.446 }, "geometry": { "type": "Polygon", "coordinates": [ [ [ -122.41722, 47.65734 ], [ -122.41722, 47.65734 ], [ -122.41715, 47.65734 ], [ -122.41715, 47.65734 ], [ -122.41722, 47.65734 ] ] ] } },
{ "type": "Feature", "properties": { "id": 475, "population": 187, "o_score_pt": 620.169, "o_score_car": 1134.227, "CDI": 0.293 }, "geometry": { "type": "Polygon", "coordinates": [ [ [ -122.30373, 47.72639 ], [ -122.30595, 47.7262 ], [ -122.30711, 47.72728 ], [ -122.30609, 47.72859 ], [ -122.30387, 47.72879 ], [ -122.30271, 47.7277 ], [ -122.30373, 47.72639 ] ] ] } },
{ "type": "Feature", "properties": { "id": 476, "population": 252, "o_score_pt": 744.822, "o_score_car": 1307.619, "CDI": 0.274 }, "geometry": { "type": "Polygon", "coordinates": [ [ [ -122.30957, 47.69998 ], [ -122.31193, 47.69977 ], [ -122.31318, 47.70094 ], [ -122.3121, 47.70234 ], [ -122.30974, 47.70255 ], [ -122.30849, 47.70137 ], [ -122.30957, 47.69998 ] ] ] } },
{ "type": "Feature", "properties": { "id": 477, "population": 380, "o_score_pt": 1601.025, "o_score_car": 1593.582, "CDI": -0.002 }, "geometry": { "type": "Polygon", "coordinates": [ [ [ -122.33437, 47.61157 ], [ -122.33693, 47.61134 ], [ -122.3383, 47.61263 ], [ -122.33713, 47.61415 ], [ -122.33458, 47.61438 ], [ -122.3332, 47.61308 ], [ -122.33437, 47.61157 ] ] ] } },
{ "type": "Feature", "properties": { "id": 478, "population": 147, "o_score_pt": 798.615, "o_score_car": 1241.332, "CDI": 0.217 }, "geometry": { "type": "Polygon", "coordinates": [ [ [ -122.36121, 47.7085 ], [ -122.36331, 47.70831 ], [ -122.3644, 47.70933 ], [ -122.36344, 47.71057 ], [ -122.36134, 47.71075 ], [ -122.36025, 47.70974 ], [ -122.36121, 47.7085 ] ] ] } },
{ "type": "Feature", "properties": { "id": 479, "population": 1, "o_score_pt": 1159.361, "o_score_car": 1364.727, "CDI": 0.081 }, "geometry": { "type": "Polygon", "coordinates": [ [ [ -122.32176, 47.58105 ], [ -122.32176, 47.58105 ], [ -122.3217, 47.58106 ], [ -122.3217, 47.58106 ], [ -122.32176, 47.58105 ] ] ] } },
{ "type": "Feature", "properties": { "id": 480, "population": 495, "o_score_pt": 891.283, "o_score_car": 1264.214, "CDI": 0.173 }, "geometry": { "type": "Polygon", "coordinates": [ [ [ -122.31026, 47.71125 ], [ -122.31285, 47.71102 ], [ -122.31425, 47.71233 ], [ -122.31306, 47.71387 ], [ -122.31047, 47.7141 ], [ -122.30907, 47.71279 ], [ -122.31026, 47.71125 ] ] ] } },
{ "type": "Feature", "properties": { "id": 481, "population": 296, "o_score_pt": 697.997, "o_score_car": 1130.184, "CDI": 0.236 }, "geometry": { "type": "Polygon", "coordinates": [ [ [ -122.29981, 47.72803 ], [ -122.30225, 47.72782 ], [ -122.30355, 47.72904 ], [ -122.30243, 47.73048 ], [ -122.29999, 47.7307 ], [ -122.29869, 47.72948 ], [ -122.29981, 47.72803 ] ] ] } },
{ "type": "Feature", "properties": { "id": 482, "population": 641, "o_score_pt": 771.036, "o_score_car": 1220.668, "CDI": 0.226 }, "geometry": { "type": "Polygon", "coordinates": [ [ [ -122.38408, 47.65023 ], [ -122.38667, 47.65 ], [ -122.38807, 47.65131 ], [ -122.38688, 47.65285 ], [ -122.38429, 47.65308 ], [ -122.38289, 47.65177 ], [ -122.38408, 47.65023 ] ] ] } },
{ "type": "Feature", "properties": { "id": 483, "population": 341, "o_score_pt": 749.534, "o_score_car": 1185.275, "CDI": 0.225 }, "geometry": { "type": "Polygon", "coordinates": [ [ [ -122.39062, 47.68557 ], [ -122.39312, 47.68535 ], [ -122.39447, 47.68661 ], [ -122.39332, 47.68809 ], [ -122.39081, 47.68832 ], [ -122.38947, 47.68706 ], [ -122.39062, 47.68557 ] ] ] } },
{ "type": "Feature", "properties": { "id": 484, "population": 390, "o_score_pt": 1184.961, "o_score_car": 1434.002, "CDI": 0.095 }, "geometry": { "type": "Polygon", "coordinates": [ [ [ -122.34373, 47.6868 ], [ -122.3463, 47.68658 ], [ -122.34768, 47.68788 ], [ -122.3465, 47.6894 ], [ -122.34393, 47.68963 ], [ -122.34255, 47.68833 ], [ -122.34373, 47.6868 ] ] ] } },
{ "type": "Feature", "properties": { "id": 485, "population": 479, "o_score_pt": 1116.966, "o_score_car": 1386.733, "CDI": 0.108 }, "geometry": { "type": "Polygon", "coordinates": [ [ [ -122.30603, 47.59823 ], [ -122.30862, 47.59801 ], [ -122.31002, 47.59932 ], [ -122.30882, 47.60086 ], [ -122.30623, 47.60109 ], [ -122.30484, 47.59978 ], [ -122.30603, 47.59823 ] ] ] } },
{ "type": "Feature", "properties": { "id": 486, "population": 391, "o_score_pt": 848.05, "o_score_car": 1368.719, "CDI": 0.235 }, "geometry": { "type": "Polygon", "coordinates": [ [ [ -122.35886, 47.67973 ], [ -122.36143, 47.6795 ], [ -122.36282, 47.6808 ], [ -122.36164, 47.68233 ], [ -122.35907, 47.68256 ], [ -122.35768, 47.68126 ], [ -122.35886, 47.67973 ] ] ] } },
{ "type": "Feature", "properties": { "id": 487, "population": 407, "o_score_pt": 950.327, "o_score_car": 1349.992, "CDI": 0.174 }, "geometry": { "type": "Polygon", "coordinates": [ [ [ -122.36833, 47.64875 ], [ -122.37092, 47.64852 ], [ -122.37232, 47.64983 ], [ -122.37113, 47.65137 ], [ -122.36854, 47.6516 ], [ -122.36714, 47.65029 ], [ -122.36833, 47.64875 ] ] ] } },
{ "type": "Feature", "properties": { "id": 488, "population": 242, "o_score_pt": 1148.426, "o_score_car": 1472.032, "CDI": 0.123 }, "geometry": { "type": "Polygon", "coordinates": [ [ [ -122.31214, 47.68112 ], [ -122.31448, 47.68091 ], [ -122.31571, 47.68207 ], [ -122.31464, 47.68346 ], [ -122.3123, 47.68366 ], [ -122.31106, 47.6825 ], [ -122.31214, 47.68112 ] ] ] } },
{ "type": "Feature", "properties": { "id": 489, "population": 332, "o_score_pt": 867.713, "o_score_car": 1157.411, "CDI": 0.143 }, "geometry": { "type": "Polygon", "coordinates": [ [ [ -122.28748, 47.55682 ], [ -122.28996, 47.5566 ], [ -122.2913, 47.55785 ], [ -122.29015, 47.55933 ], [ -122.28766, 47.55955 ], [ -122.28633, 47.5583 ], [ -122.28748, 47.55682 ] ] ] } },
{ "type": "Feature", "properties": { "id": 490, "population": 390, "o_score_pt": 1333.051, "o_score_car": 1467.697, "CDI": 0.048 }, "geometry": { "type": "Polygon", "coordinates": [ [ [ -122.344, 47.63656 ], [ -122.34656, 47.63633 ], [ -122.34795, 47.63763 ], [ -122.34677, 47.63915 ], [ -122.3442, 47.63938 ], [ -122.34282, 47.63808 ], [ -122.344, 47.63656 ] ] ] } },
{ "type": "Feature", "properties": { "id": 491, "population": 0, "o_score_pt": 909.477, "o_score_car": 1363.631, "CDI": 0.2 }, "geometry": { "type": "Polygon", "coordinates": [ [ [ -122.33269, 47.57003 ], [ -122.33269, 47.57003 ], [ -122.33262, 47.57004 ], [ -122.33262, 47.57004 ], [ -122.33269, 47.57003 ] ] ] } },
{ "type": "Feature", "properties": { "id": 492, "population": 73, "o_score_pt": 5.685, "o_score_car": 1066.221, "CDI": 0.989 }, "geometry": { "type": "Polygon", "coordinates": [ [ [ -122.3696, 47.7137 ], [ -122.37136, 47.71354 ], [ -122.37224, 47.71436 ], [ -122.37144, 47.71539 ], [ -122.36967, 47.71555 ], [ -122.36879, 47.71473 ], [ -122.3696, 47.7137 ] ] ] } },
{ "type": "Feature", "properties": { "id": 493, "population": 48, "o_score_pt": 626.713, "o_score_car": 1186.371, "CDI": 0.309 }, "geometry": { "type": "Polygon", "coordinates": [ [ [ -122.3653, 47.70703 ], [ -122.36687, 47.70689 ], [ -122.36762, 47.70759 ], [ -122.36691, 47.7085 ], [ -122.36534, 47.70864 ], [ -122.3646, 47.70794 ], [ -122.3653, 47.70703 ] ] ] } },
{ "type": "Feature", "properties": { "id": 494, "population": 15, "o_score_pt": 1.539, "o_score_car": 1092.846, "CDI": 0.997 }, "geometry": { "type": "Polygon", "coordinates": [ [ [ -122.28505, 47.51191 ], [ -122.28608, 47.51182 ], [ -122.28648, 47.5122 ], [ -122.28603, 47.51279 ], [ -122.285, 47.51288 ], [ -122.2846, 47.5125 ], [ -122.28505, 47.51191 ] ] ] } },
{ "type": "Feature", "properties": { "id": 495, "population": 57, "o_score_pt": 1311.177, "o_score_car": 1586.337, "CDI": 0.095 }, "geometry": { "type": "Polygon", "coordinates": [ [ [ -122.33552, 47.62064 ], [ -122.33717, 47.62049 ], [ -122.33797, 47.62124 ], [ -122.33722, 47.6222 ], [ -122.33557, 47.62235 ], [ -122.33478, 47.6216 ], [ -122.33552, 47.62064 ] ] ] } },
{ "type": "Feature", "properties": { "id": 496, "population": 5, "o_score_pt": 1210.058, "o_score_car": 1463.606, "CDI": 0.095 }, "geometry": { "type": "Polygon", "coordinates": [ [ [ -122.3297, 47.58591 ], [ -122.33025, 47.58586 ], [ -122.33035, 47.58596 ], [ -122.33012, 47.58625 ], [ -122.32957, 47.5863 ], [ -122.32947, 47.58621 ], [ -122.3297, 47.58591 ] ] ] } },
{ "type": "Feature", "properties": { "id": 497, "population": 1, "o_score_pt": 586.803, "o_score_car": 1282.161, "CDI": 0.372 }, "geometry": { "type": "Polygon", "coordinates": [ [ [ -122.33942, 47.55507 ], [ -122.33942, 47.55507 ], [ -122.33936, 47.55508 ], [ -122.33936, 47.55508 ], [ -122.33942, 47.55507 ] ] ] } },
{ "type": "Feature", "properties": { "id": 498, "population": 58, "o_score_pt": 1072.339, "o_score_car": 1276.43, "CDI": 0.087 }, "geometry": { "type": "Polygon", "coordinates": [ [ [ -122.37939, 47.63255 ], [ -122.38104, 47.63241 ], [ -122.38185, 47.63316 ], [ -122.3811, 47.63413 ], [ -122.37944, 47.63428 ], [ -122.37864, 47.63352 ], [ -122.37939, 47.63255 ] ] ] } },
{ "type": "Feature", "properties": { "id": 499, "population": 435, "o_score_pt": 747.769, "o_score_car": 1173.624, "CDI": 0.222 }, "geometry": { "type": "Polygon", "coordinates": [ [ [ -122.39373, 47.6752 ], [ -122.39632, 47.67497 ], [ -122.39772, 47.67628 ], [ -122.39652, 47.67782 ], [ -122.39393, 47.67805 ], [ -122.39253, 47.67674 ], [ -122.39373, 47.6752 ] ] ] } },
{ "type": "Feature", "properties": { "id": 500, "population": 767, "o_score_pt": 620.295, "o_score_car": 929.05, "CDI": 0.199 }, "geometry": { "type": "Polygon", "coordinates": [ [ [ -122.26525, 47.51988 ], [ -122.26783, 47.51965 ], [ -122.26923, 47.52097 ], [ -122.26804, 47.52251 ], [ -122.26545, 47.52274 ], [ -122.26405, 47.52142 ], [ -122.26525, 47.51988 ] ] ] } },
{ "type": "Feature", "properties": { "id": 501, "population": 0, "o_score_pt": 18.433, "o_score_car": 1191.568, "CDI": 0.97 }, "geometry": { "type": "Polygon", "coordinates": [ [ [ -122.3151, 47.54283 ], [ -122.3151, 47.54283 ], [ -122.31504, 47.54284 ], [ -122.31504, 47.54284 ], [ -122.3151, 47.54283 ] ] ] } },
{ "type": "Feature", "properties": { "id": 502, "population": 371, "o_score_pt": 885.122, "o_score_car": 1136.003, "CDI": 0.124 }, "geometry": { "type": "Polygon", "coordinates": [ [ [ -122.26514, 47.68224 ], [ -122.26769, 47.68202 ], [ -122.26906, 47.6833 ], [ -122.26789, 47.68481 ], [ -122.26534, 47.68503 ], [ -122.26397, 47.68375 ], [ -122.26514, 47.68224 ] ] ] } },
{ "type": "Feature", "properties": { "id": 503, "population": 3, "o_score_pt": 709.052, "o_score_car": 1337.714, "CDI": 0.307 }, "geometry": { "type": "Polygon", "coordinates": [ [ [ -122.29477, 47.63793 ], [ -122.29465, 47.63807 ], [ -122.29434, 47.6381 ], [ -122.29445, 47.63795 ], [ -122.29477, 47.63793 ] ] ] } },
{ "type": "Feature", "properties": { "id": 504, "population": 29, "o_score_pt": 718.006, "o_score_car": 1124.488, "CDI": 0.221 }, "geometry": { "type": "Polygon", "coordinates": [ [ [ -122.26626, 47.68862 ], [ -122.26759, 47.68851 ], [ -122.26819, 47.68906 ], [ -122.26759, 47.68983 ], [ -122.26626, 47.68995 ], [ -122.26566, 47.68939 ], [ -122.26626, 47.68862 ] ] ] } },
{ "type": "Feature", "properties": { "id": 505, "population": 438, "o_score_pt": 1180.775, "o_score_car": 1523.071, "CDI": 0.127 }, "geometry": { "type": "Polygon", "coordinates": [ [ [ -122.32314, 47.67282 ], [ -122.32573, 47.67259 ], [ -122.32713, 47.6739 ], [ -122.32594, 47.67544 ], [ -122.32335, 47.67567 ], [ -122.32195, 47.67436 ], [ -122.32314, 47.67282 ] ] ] } },
{ "type": "Feature", "properties": { "id": 506, "population": 228, "o_score_pt": 866.366, "o_score_car": 1242.029, "CDI": 0.178 }, "geometry": { "type": "Polygon", "coordinates": [ [ [ -122.29004, 47.59119 ], [ -122.29235, 47.59099 ], [ -122.29356, 47.59213 ], [ -122.29251, 47.5935 ], [ -122.2902, 47.5937 ], [ -122.28898, 47.59256 ], [ -122.29004, 47.59119 ] ] ] } },
{ "type": "Feature", "properties": { "id": 507, "population": 122, "o_score_pt": 949.812, "o_score_car": 1373.013, "CDI": 0.182 }, "geometry": { "type": "Polygon", "coordinates": [ [ [ -122.29176, 47.66732 ], [ -122.29377, 47.66714 ], [ -122.2948, 47.66811 ], [ -122.29388, 47.66929 ], [ -122.29187, 47.66947 ], [ -122.29084, 47.66851 ], [ -122.29176, 47.66732 ] ] ] } },
{ "type": "Feature", "properties": { "id": 508, "population": 193, "o_score_pt": 607.458, "o_score_car": 1065.071, "CDI": 0.274 }, "geometry": { "type": "Polygon", "coordinates": [ [ [ -122.26709, 47.54294 ], [ -122.26931, 47.54275 ], [ -122.27048, 47.54385 ], [ -122.26946, 47.54517 ], [ -122.26723, 47.54536 ], [ -122.26607, 47.54427 ], [ -122.26709, 47.54294 ] ] ] } },
{ "type": "Feature", "properties": { "id": 509, "population": 183, "o_score_pt": 774.564, "o_score_car": 1232.622, "CDI": 0.228 }, "geometry": { "type": "Polygon", "coordinates": [ [ [ -122.26811, 47.6664 ], [ -122.27031, 47.66621 ], [ -122.27146, 47.66729 ], [ -122.27045, 47.66859 ], [ -122.26825, 47.66879 ], [ -122.2671, 47.66771 ], [ -122.26811, 47.6664 ] ] ] } },
{ "type": "Feature", "properties": { "id": 510, "population": 422, "o_score_pt": 1416.339, "o_score_car": 1609.968, "CDI": 0.064 }, "geometry": { "type": "Polygon", "coordinates": [ [ [ -122.33057, 47.61331 ], [ -122.33316, 47.61309 ], [ -122.33456, 47.6144 ], [ -122.33337, 47.61594 ], [ -122.33078, 47.61617 ], [ -122.32938, 47.61485 ], [ -122.33057, 47.61331 ] ] ] } },
{ "type": "Feature", "properties": { "id": 511, "population": 274, "o_score_pt": 442.777, "o_score_car": 935.752, "CDI": 0.358 }, "geometry": { "type": "Polygon", "coordinates": [ [ [ -122.25974, 47.49602 ], [ -122.26214, 47.49581 ], [ -122.26341, 47.49701 ], [ -122.26231, 47.49844 ], [ -122.25992, 47.49865 ], [ -122.25864, 47.49745 ], [ -122.25974, 47.49602 ] ] ] } },
{ "type": "Feature", "properties": { "id": 512, "population": 367, "o_score_pt": 910.676, "o_score_car": 1322.125, "CDI": 0.184 }, "geometry": { "type": "Polygon", "coordinates": [ [ [ -122.35297, 47.70609 ], [ -122.35551, 47.70586 ], [ -122.35688, 47.70714 ], [ -122.35571, 47.70865 ], [ -122.35317, 47.70887 ], [ -122.3518, 47.70759 ], [ -122.35297, 47.70609 ] ] ] } },
{ "type": "Feature", "properties": { "id": 513, "population": 2, "o_score_pt": 374.299, "o_score_car": 993.143, "CDI": 0.453 }, "geometry": { "type": "Polygon", "coordinates": [ [ [ -122.421, 47.65557 ], [ -122.421, 47.65557 ], [ -122.42093, 47.65557 ], [ -122.42093, 47.65557 ], [ -122.421, 47.65557 ] ] ] } },
{ "type": "Feature", "properties": { "id": 514, "population": 7, "o_score_pt": 1214.213, "o_score_car": 1424.441, "CDI": 0.08 }, "geometry": { "type": "Polygon", "coordinates": [ [ [ -122.32941, 47.58298 ], [ -122.3301, 47.58292 ], [ -122.33029, 47.58309 ], [ -122.33, 47.58347 ], [ -122.3293, 47.58354 ], [ -122.32912, 47.58336 ], [ -122.32941, 47.58298 ] ] ] } },
{ "type": "Feature", "properties": { "id": 515, "population": 260, "o_score_pt": 877.194, "o_score_car": 1214.509, "CDI": 0.161 }, "geometry": { "type": "Polygon", "coordinates": [ [ [ -122.3066, 47.71314 ], [ -122.30898, 47.71293 ], [ -122.31024, 47.71411 ], [ -122.30915, 47.71552 ], [ -122.30677, 47.71572 ], [ -122.30551, 47.71454 ], [ -122.3066, 47.71314 ] ] ] } },
{ "type": "Feature", "properties": { "id": 516, "population": 70, "o_score_pt": 776.313, "o_score_car": 1201.423, "CDI": 0.215 }, "geometry": { "type": "Polygon", "coordinates": [ [ [ -122.31794, 47.54023 ], [ -122.31969, 47.54007 ], [ -122.32055, 47.54088 ], [ -122.31975, 47.54191 ], [ -122.31801, 47.54206 ], [ -122.31715, 47.54125 ], [ -122.31794, 47.54023 ] ] ] } },
{ "type": "Feature", "properties": { "id": 517, "population": 358, "o_score_pt": 1046.648, "o_score_car": 1507.25, "CDI": 0.18 }, "geometry": { "type": "Polygon", "coordinates": [ [ [ -122.32971, 47.65506 ], [ -122.33224, 47.65484 ], [ -122.3336, 47.65611 ], [ -122.33244, 47.65761 ], [ -122.32991, 47.65784 ], [ -122.32855, 47.65656 ], [ -122.32971, 47.65506 ] ] ] } },
{ "type": "Feature", "properties": { "id": 518, "population": 573, "o_score_pt": 835.871, "o_score_car": 1194.008, "CDI": 0.176 }, "geometry": { "type": "Polygon", "coordinates": [ [ [ -122.29532, 47.72116 ], [ -122.29791, 47.72094 ], [ -122.29931, 47.72225 ], [ -122.29812, 47.72379 ], [ -122.29552, 47.72401 ], [ -122.29412, 47.7227 ], [ -122.29532, 47.72116 ] ] ] } },
{ "type": "Feature", "properties": { "id": 519, "population": 110, "o_score_pt": 569.985, "o_score_car": 1105.528, "CDI": 0.32 }, "geometry": { "type": "Polygon", "coordinates": [ [ [ -122.2751, 47.70755 ], [ -122.27707, 47.70737 ], [ -122.27806, 47.70831 ], [ -122.27717, 47.70946 ], [ -122.2752, 47.70963 ], [ -122.27421, 47.7087 ], [ -122.2751, 47.70755 ] ] ] } },
{ "type": "Feature", "properties": { "id": 520, "population": 221, "o_score_pt": 699.922, "o_score_car": 1234.953, "CDI": 0.277 }, "geometry": { "type": "Polygon", "coordinates": [ [ [ -122.27501, 47.65426 ], [ -122.27731, 47.65406 ], [ -122.27852, 47.6552 ], [ -122.27747, 47.65655 ], [ -122.27517, 47.65676 ], [ -122.27396, 47.65562 ], [ -122.27501, 47.65426 ] ] ] } },
{ "type": "Feature", "properties": { "id": 521, "population": 71, "o_score_pt": 1161.556, "o_score_car": 1562.558, "CDI": 0.147 }, "geometry": { "type": "Polygon", "coordinates": [ [ [ -122.30581, 47.64328 ], [ -122.30757, 47.64313 ], [ -122.30843, 47.64394 ], [ -122.30764, 47.64497 ], [ -122.30588, 47.64512 ], [ -122.30502, 47.64431 ], [ -122.30581, 47.64328 ] ] ] } },
{ "type": "Feature", "properties": { "id": 522, "population": 76, "o_score_pt": 1076.786, "o_score_car": 1377.264, "CDI": 0.122 }, "geometry": { "type": "Polygon", "coordinates": [ [ [ -122.33324, 47.69825 ], [ -122.33503, 47.69809 ], [ -122.33591, 47.69892 ], [ -122.3351, 47.69997 ], [ -122.33332, 47.70012 ], [ -122.33243, 47.69929 ], [ -122.33324, 47.69825 ] ] ] } },
{ "type": "Feature", "properties": { "id": 523, "population": 176, "o_score_pt": 772.832, "o_score_car": 1247.777, "CDI": 0.235 }, "geometry": { "type": "Polygon", "coordinates": [ [ [ -122.29961, 47.56025 ], [ -122.30179, 47.56006 ], [ -122.30293, 47.56113 ], [ -122.30193, 47.56243 ], [ -122.29975, 47.56262 ], [ -122.29861, 47.56154 ], [ -122.29961, 47.56025 ] ] ] } },
{ "type": "Feature", "properties": { "id": 524, "population": 549, "o_score_pt": 1039.075, "o_score_car": 1364.351, "CDI": 0.135 }, "geometry": { "type": "Polygon", "coordinates": [ [ [ -122.29949, 47.61604 ], [ -122.30208, 47.61582 ], [ -122.30348, 47.61713 ], [ -122.30229, 47.61867 ], [ -122.29969, 47.6189 ], [ -122.2983, 47.61758 ], [ -122.29949, 47.61604 ] ] ] } },
{ "type": "Feature", "properties": { "id": 525, "population": 347, "o_score_pt": 1017.601, "o_score_car": 1307.685, "CDI": 0.125 }, "geometry": { "type": "Polygon", "coordinates": [ [ [ -122.36688, 47.68193 ], [ -122.36939, 47.68171 ], [ -122.37074, 47.68297 ], [ -122.36958, 47.68446 ], [ -122.36707, 47.68468 ], [ -122.36572, 47.68342 ], [ -122.36688, 47.68193 ] ] ] } },
{ "type": "Feature", "properties": { "id": 526, "population": 438, "o_score_pt": 1034.72, "o_score_car": 1456.03, "CDI": 0.169 }, "geometry": { "type": "Polygon", "coordinates": [ [ [ -122.35595, 47.63979 ], [ -122.35854, 47.63957 ], [ -122.35994, 47.64088 ], [ -122.35875, 47.64242 ], [ -122.35616, 47.64265 ], [ -122.35476, 47.64133 ], [ -122.35595, 47.63979 ] ] ] } },
{ "type": "Feature", "properties": { "id": 527, "population": 365, "o_score_pt": 591.103, "o_score_car": 982.66, "CDI": 0.249 }, "geometry": { "type": "Polygon", "coordinates": [ [ [ -122.26987, 47.52957 ], [ -122.27241, 47.52935 ], [ -122.27377, 47.53064 ], [ -122.2726, 47.53214 ], [ -122.27007, 47.53236 ], [ -122.26871, 47.53108 ], [ -122.26987, 47.52957 ] ] ] } },
{ "type": "Feature", "properties": { "id": 528, "population": 365, "o_score_pt": 933.746, "o_score_car": 1402.087, "CDI": 0.201 }, "geometry": { "type": "Polygon", "coordinates": [ [ [ -122.30108, 47.69201 ], [ -122.30361, 47.69179 ], [ -122.30498, 47.69306 ], [ -122.30381, 47.69457 ], [ -122.30127, 47.69479 ], [ -122.29991, 47.69351 ], [ -122.30108, 47.69201 ] ] ] } },
{ "type": "Feature", "properties": { "id": 529, "population": 395, "o_score_pt": 1499.292, "o_score_car": 1532.862, "CDI": 0.011 }, "geometry": { "type": "Polygon", "coordinates": [ [ [ -122.31035, 47.65817 ], [ -122.31293, 47.65794 ], [ -122.31432, 47.65925 ], [ -122.31313, 47.66077 ], [ -122.31056, 47.661 ], [ -122.30917, 47.6597 ], [ -122.31035, 47.65817 ] ] ] } },
{ "type": "Feature", "properties": { "id": 530, "population": 446, "o_score_pt": 702.564, "o_score_car": 1099.018, "CDI": 0.22 }, "geometry": { "type": "Polygon", "coordinates": [ [ [ -122.27505, 47.54778 ], [ -122.27764, 47.54755 ], [ -122.27904, 47.54887 ], [ -122.27784, 47.55041 ], [ -122.27526, 47.55064 ], [ -122.27386, 47.54932 ], [ -122.27505, 47.54778 ] ] ] } },
{ "type": "Feature", "properties": { "id": 531, "population": 461, "o_score_pt": 1173.249, "o_score_car": 1468.886, "CDI": 0.112 }, "geometry": { "type": "Polygon", "coordinates": [ [ [ -122.3402, 47.63831 ], [ -122.34279, 47.63808 ], [ -122.34419, 47.6394 ], [ -122.343, 47.64094 ], [ -122.34041, 47.64116 ], [ -122.33901, 47.63985 ], [ -122.3402, 47.63831 ] ] ] } },
{ "type": "Feature", "properties": { "id": 532, "population": 16, "o_score_pt": 522.155, "o_score_car": 1095.22, "CDI": 0.354 }, "geometry": { "type": "Polygon", "coordinates": [ [ [ -122.36348, 47.73187 ], [ -122.36454, 47.73178 ], [ -122.36496, 47.73217 ], [ -122.36449, 47.73278 ], [ -122.36343, 47.73287 ], [ -122.36301, 47.73248 ], [ -122.36348, 47.73187 ] ] ] } },
{ "type": "Feature", "properties": { "id": 533, "population": 17, "o_score_pt": 919.201, "o_score_car": 1458.722, "CDI": 0.227 }, "geometry": { "type": "Polygon", "coordinates": [ [ [ -122.33736, 47.58779 ], [ -122.33844, 47.58769 ], [ -122.33888, 47.5881 ], [ -122.3384, 47.58872 ], [ -122.33732, 47.58882 ], [ -122.33688, 47.58841 ], [ -122.33736, 47.58779 ] ] ] } },
{ "type": "Feature", "properties": { "id": 534, "population": 26, "o_score_pt": 844.67, "o_score_car": 1295.638, "CDI": 0.211 }, "geometry": { "type": "Polygon", "coordinates": [ [ [ -122.32639, 47.54552 ], [ -122.32767, 47.54541 ], [ -122.32823, 47.54594 ], [ -122.32766, 47.54668 ], [ -122.32638, 47.54679 ], [ -122.32582, 47.54626 ], [ -122.32639, 47.54552 ] ] ] } },
{ "type": "Feature", "properties": { "id": 535, "population": 85, "o_score_pt": 882.214, "o_score_car": 1088.434, "CDI": 0.105 }, "geometry": { "type": "Polygon", "coordinates": [ [ [ -122.39482, 47.63108 ], [ -122.39666, 47.63092 ], [ -122.39757, 47.63178 ], [ -122.39674, 47.63286 ], [ -122.3949, 47.63302 ], [ -122.39398, 47.63216 ], [ -122.39482, 47.63108 ] ] ] } },
{ "type": "Feature", "properties": { "id": 536, "population": 213, "o_score_pt": 890.153, "o_score_car": 1210.476, "CDI": 0.152 }, "geometry": { "type": "Polygon", "coordinates": [ [ [ -122.39328, 47.66682 ], [ -122.39556, 47.66662 ], [ -122.39676, 47.66775 ], [ -122.39572, 47.66909 ], [ -122.39344, 47.6693 ], [ -122.39224, 47.66817 ], [ -122.39328, 47.66682 ] ] ] } },
{ "type": "Feature", "properties": { "id": 537, "population": 792, "o_score_pt": 1235.746, "o_score_car": 1423.063, "CDI": 0.07 }, "geometry": { "type": "Polygon", "coordinates": [ [ [ -122.29969, 47.6189 ], [ -122.30229, 47.61867 ], [ -122.30368, 47.61998 ], [ -122.30249, 47.62152 ], [ -122.2999, 47.62175 ], [ -122.2985, 47.62044 ], [ -122.29969, 47.6189 ] ] ] } },
{ "type": "Feature", "properties": { "id": 538, "population": 1, "o_score_pt": 772.177, "o_score_car": 1233.134, "CDI": 0.23 }, "geometry": { "type": "Polygon", "coordinates": [ [ [ -122.31132, 47.5446 ], [ -122.31132, 47.5446 ], [ -122.31126, 47.54461 ], [ -122.31126, 47.54461 ], [ -122.31132, 47.5446 ] ] ] } },
{ "type": "Feature", "properties": { "id": 539, "population": 215, "o_score_pt": 1028.773, "o_score_car": 1323.963, "CDI": 0.125 }, "geometry": { "type": "Polygon", "coordinates": [ [ [ -122.29262, 47.68143 ], [ -122.29491, 47.68123 ], [ -122.29611, 47.68235 ], [ -122.29506, 47.68371 ], [ -122.29278, 47.68391 ], [ -122.29158, 47.68278 ], [ -122.29262, 47.68143 ] ] ] } },
{ "type": "Feature", "properties": { "id": 540, "population": 734, "o_score_pt": 1192.1, "o_score_car": 1505.627, "CDI": 0.116 }, "geometry": { "type": "Polygon", "coordinates": [ [ [ -122.34942, 47.65759 ], [ -122.35201, 47.65736 ], [ -122.35341, 47.65868 ], [ -122.35222, 47.66022 ], [ -122.34963, 47.66044 ], [ -122.34823, 47.65913 ], [ -122.34942, 47.65759 ] ] ] } },
{ "type": "Feature", "properties": { "id": 541, "population": 149, "o_score_pt": 625.19, "o_score_car": 1248.025, "CDI": 0.332 }, "geometry": { "type": "Polygon", "coordinates": [ [ [ -122.28106, 47.62801 ], [ -122.28316, 47.62782 ], [ -122.28425, 47.62885 ], [ -122.28329, 47.63009 ], [ -122.28118, 47.63027 ], [ -122.28009, 47.62925 ], [ -122.28106, 47.62801 ] ] ] } },
{ "type": "Feature", "properties": { "id": 542, "population": 12, "o_score_pt": 893.778, "o_score_car": 1246.026, "CDI": 0.165 }, "geometry": { "type": "Polygon", "coordinates": [ [ [ -122.34317, 47.72084 ], [ -122.3441, 47.72076 ], [ -122.34444, 47.72108 ], [ -122.34404, 47.7216 ], [ -122.34311, 47.72168 ], [ -122.34277, 47.72136 ], [ -122.34317, 47.72084 ] ] ] } },
{ "type": "Feature", "properties": { "id": 543, "population": 0, "o_score_pt": 840.028, "o_score_car": 1039.601, "CDI": 0.106 }, "geometry": { "type": "Polygon", "coordinates": [ [ [ -122.25897, 47.68705 ], [ -122.25897, 47.68705 ], [ -122.2589, 47.68706 ], [ -122.2589, 47.68706 ], [ -122.25897, 47.68705 ] ] ] } },
{ "type": "Feature", "properties": { "id": 544, "population": 47, "o_score_pt": 1050.464, "o_score_car": 1391.4, "CDI": 0.14 }, "geometry": { "type": "Polygon", "coordinates": [ [ [ -122.30601, 47.59025 ], [ -122.30757, 47.59011 ], [ -122.30831, 47.59081 ], [ -122.30761, 47.59172 ], [ -122.30605, 47.59185 ], [ -122.30531, 47.59116 ], [ -122.30601, 47.59025 ] ] ] } },
{ "type": "Feature", "properties": { "id": 545, "population": 321, "o_score_pt": 394.881, "o_score_car": 1055.541, "CDI": 0.455 }, "geometry": { "type": "Polygon", "coordinates": [ [ [ -122.40746, 47.64823 ], [ -122.40993, 47.64801 ], [ -122.41125, 47.64925 ], [ -122.41012, 47.65072 ], [ -122.40765, 47.65094 ], [ -122.40632, 47.6497 ], [ -122.40746, 47.64823 ] ] ] } },
{ "type": "Feature", "properties": { "id": 546, "population": 332, "o_score_pt": 964.271, "o_score_car": 1419.058, "CDI": 0.191 }, "geometry": { "type": "Polygon", "coordinates": [ [ [ -122.29946, 47.66922 ], [ -122.30195, 47.669 ], [ -122.30328, 47.67026 ], [ -122.30214, 47.67173 ], [ -122.29965, 47.67195 ], [ -122.29831, 47.6707 ], [ -122.29946, 47.66922 ] ] ] } },
{ "type": "Feature", "properties": { "id": 547, "population": 167, "o_score_pt": 1036.515, "o_score_car": 1305.938, "CDI": 0.115 }, "geometry": { "type": "Polygon", "coordinates": [ [ [ -122.37594, 47.6426 ], [ -122.3781, 47.64241 ], [ -122.37922, 47.64346 ], [ -122.37823, 47.64474 ], [ -122.37607, 47.64493 ], [ -122.37495, 47.64388 ], [ -122.37594, 47.6426 ] ] ] } },
{ "type": "Feature", "properties": { "id": 548, "population": 220, "o_score_pt": 766.607, "o_score_car": 1185.513, "CDI": 0.215 }, "geometry": { "type": "Polygon", "coordinates": [ [ [ -122.26427, 47.66812 ], [ -122.26656, 47.66792 ], [ -122.26777, 47.66905 ], [ -122.26672, 47.67041 ], [ -122.26442, 47.67061 ], [ -122.26322, 47.66948 ], [ -122.26427, 47.66812 ] ] ] } },
{ "type": "Feature", "properties": { "id": 549, "population": 91, "o_score_pt": 1076.64, "o_score_car": 1360.736, "CDI": 0.117 }, "geometry": { "type": "Polygon", "coordinates": [ [ [ -122.36709, 47.62633 ], [ -122.36896, 47.62617 ], [ -122.3699, 47.62705 ], [ -122.36905, 47.62815 ], [ -122.36718, 47.62831 ], [ -122.36624, 47.62743 ], [ -122.36709, 47.62633 ] ] ] } },
{ "type": "Feature", "properties": { "id": 550, "population": 261, "o_score_pt": 627.094, "o_score_car": 1174.787, "CDI": 0.304 }, "geometry": { "type": "Polygon", "coordinates": [ [ [ -122.36862, 47.70481 ], [ -122.37099, 47.7046 ], [ -122.37226, 47.70578 ], [ -122.37117, 47.70718 ], [ -122.36879, 47.70739 ], [ -122.36753, 47.70621 ], [ -122.36862, 47.70481 ] ] ] } },
{ "type": "Feature", "properties": { "id": 551, "population": 72, "o_score_pt": 854.815, "o_score_car": 1383.344, "CDI": 0.236 }, "geometry": { "type": "Polygon", "coordinates": [ [ [ -122.31642, 47.57341 ], [ -122.31818, 47.57325 ], [ -122.31904, 47.57407 ], [ -122.31824, 47.5751 ], [ -122.31649, 47.57526 ], [ -122.31562, 47.57444 ], [ -122.31642, 47.57341 ] ] ] } },
{ "type": "Feature", "properties": { "id": 552, "population": 185, "o_score_pt": 611.537, "o_score_car": 997.942, "CDI": 0.24 }, "geometry": { "type": "Polygon", "coordinates": [ [ [ -122.25954, 47.54649 ], [ -122.26174, 47.5463 ], [ -122.2629, 47.54739 ], [ -122.26189, 47.54869 ], [ -122.25968, 47.54889 ], [ -122.25852, 47.5478 ], [ -122.25954, 47.54649 ] ] ] } },
{ "type": "Feature", "properties": { "id": 553, "population": 296, "o_score_pt": 963.454, "o_score_car": 1282.559, "CDI": 0.142 }, "geometry": { "type": "Polygon", "coordinates": [ [ [ -122.29858, 47.71094 ], [ -122.30102, 47.71072 ], [ -122.30232, 47.71194 ], [ -122.3012, 47.71338 ], [ -122.29876, 47.7136 ], [ -122.29746, 47.71238 ], [ -122.29858, 47.71094 ] ] ] } },
{ "type": "Feature", "properties": { "id": 554, "population": 198, "o_score_pt": 782.23, "o_score_car": 1163.615, "CDI": 0.196 }, "geometry": { "type": "Polygon", "coordinates": [ [ [ -122.3075, 47.72461 ], [ -122.30974, 47.72441 ], [ -122.31092, 47.72552 ], [ -122.30989, 47.72684 ], [ -122.30765, 47.72704 ], [ -122.30647, 47.72594 ], [ -122.3075, 47.72461 ] ] ] } },
{ "type": "Feature", "properties": { "id": 555, "population": 0, "o_score_pt": 766.671, "o_score_car": 1237.722, "CDI": 0.235 }, "geometry": { "type": "Polygon", "coordinates": [ [ [ -122.32685, 47.54324 ], [ -122.32685, 47.54324 ], [ -122.32679, 47.54324 ], [ -122.32679, 47.54324 ], [ -122.32685, 47.54324 ] ] ] } },
{ "type": "Feature", "properties": { "id": 556, "population": 197, "o_score_pt": 837.494, "o_score_car": 1164.253, "CDI": 0.163 }, "geometry": { "type": "Polygon", "coordinates": [ [ [ -122.29173, 47.72313 ], [ -122.29398, 47.72293 ], [ -122.29515, 47.72403 ], [ -122.29412, 47.72536 ], [ -122.29188, 47.72555 ], [ -122.2907, 47.72445 ], [ -122.29173, 47.72313 ] ] ] } },
{ "type": "Feature", "properties": { "id": 557, "population": 231, "o_score_pt": 622.772, "o_score_car": 1148.566, "CDI": 0.297 }, "geometry": { "type": "Polygon", "coordinates": [ [ [ -122.27428, 47.69879 ], [ -122.2766, 47.69859 ], [ -122.27782, 47.69974 ], [ -122.27676, 47.70111 ], [ -122.27444, 47.70131 ], [ -122.27322, 47.70016 ], [ -122.27428, 47.69879 ] ] ] } },
{ "type": "Feature", "properties": { "id": 558, "population": 159, "o_score_pt": 677.779, "o_score_car": 1168.229, "CDI": 0.266 }, "geometry": { "type": "Polygon", "coordinates": [ [ [ -122.29401, 47.53633 ], [ -122.29615, 47.53615 ], [ -122.29726, 47.53719 ], [ -122.29628, 47.53845 ], [ -122.29414, 47.53864 ], [ -122.29304, 47.5376 ], [ -122.29401, 47.53633 ] ] ] } },
{ "type": "Feature", "properties": { "id": 559, "population": 234, "o_score_pt": 845.022, "o_score_car": 1350.661, "CDI": 0.23 }, "geometry": { "type": "Polygon", "coordinates": [ [ [ -122.30035, 47.5716 ], [ -122.30267, 47.5714 ], [ -122.3039, 47.57255 ], [ -122.30283, 47.57393 ], [ -122.30051, 47.57413 ], [ -122.29929, 47.57298 ], [ -122.30035, 47.5716 ] ] ] } },
{ "type": "Feature", "properties": { "id": 560, "population": 367, "o_score_pt": 935.108, "o_score_car": 1294.448, "CDI": 0.161 }, "geometry": { "type": "Polygon", "coordinates": [ [ [ -122.28715, 47.6071 ], [ -122.28968, 47.60688 ], [ -122.29105, 47.60816 ], [ -122.28988, 47.60967 ], [ -122.28734, 47.60989 ], [ -122.28598, 47.60861 ], [ -122.28715, 47.6071 ] ] ] } },
{ "type": "Feature", "properties": { "id": 561, "population": 175, "o_score_pt": 886.878, "o_score_car": 1349.776, "CDI": 0.207 }, "geometry": { "type": "Polygon", "coordinates": [ [ [ -122.36416, 47.64219 ], [ -122.36635, 47.642 ], [ -122.36749, 47.64306 ], [ -122.36649, 47.64436 ], [ -122.3643, 47.64455 ], [ -122.36317, 47.64348 ], [ -122.36416, 47.64219 ] ] ] } },
{ "type": "Feature", "properties": { "id": 562, "population": 264, "o_score_pt": 793.337, "o_score_car": 1382.747, "CDI": 0.271 }, "geometry": { "type": "Polygon", "coordinates": [ [ [ -122.30915, 47.69426 ], [ -122.31153, 47.69405 ], [ -122.3128, 47.69524 ], [ -122.3117, 47.69665 ], [ -122.30932, 47.69686 ], [ -122.30806, 47.69567 ], [ -122.30915, 47.69426 ] ] ] } },
{ "type": "Feature", "properties": { "id": 563, "population": 261, "o_score_pt": 540.016, "o_score_car": 925.945, "CDI": 0.263 }, "geometry": { "type": "Polygon", "coordinates": [ [ [ -122.257, 47.5121 ], [ -122.25937, 47.51189 ], [ -122.26063, 47.51308 ], [ -122.25954, 47.51449 ], [ -122.25716, 47.5147 ], [ -122.25591, 47.51351 ], [ -122.257, 47.5121 ] ] ] } },
{ "type": "Feature", "properties": { "id": 564, "population": 382, "o_score_pt": 842.414, "o_score_car": 1252.618, "CDI": 0.196 }, "geometry": { "type": "Polygon", "coordinates": [ [ [ -122.35021, 47.72209 ], [ -122.35277, 47.72187 ], [ -122.35415, 47.72316 ], [ -122.35297, 47.72468 ], [ -122.35041, 47.7249 ], [ -122.34903, 47.72361 ], [ -122.35021, 47.72209 ] ] ] } },
{ "type": "Feature", "properties": { "id": 565, "population": 1299, "o_score_pt": 1466.835, "o_score_car": 1518.706, "CDI": 0.017 }, "geometry": { "type": "Polygon", "coordinates": [ [ [ -122.32555, 47.59796 ], [ -122.32814, 47.59773 ], [ -122.32954, 47.59904 ], [ -122.32835, 47.60058 ], [ -122.32576, 47.60081 ], [ -122.32436, 47.5995 ], [ -122.32555, 47.59796 ] ] ] } },
{ "type": "Feature", "properties": { "id": 566, "population": 0, "o_score_pt": 593.898, "o_score_car": 1249.057, "CDI": 0.355 }, "geometry": { "type": "Polygon", "coordinates": [ [ [ -122.33503, 47.54827 ], [ -122.33503, 47.54827 ], [ -122.33496, 47.54828 ], [ -122.33496, 47.54828 ], [ -122.33503, 47.54827 ] ] ] } },
{ "type": "Feature", "properties": { "id": 567, "population": 546, "o_score_pt": 1119.437, "o_score_car": 1429.927, "CDI": 0.122 }, "geometry": { "type": "Polygon", "coordinates": [ [ [ -122.3616, 47.66369 ], [ -122.36419, 47.66347 ], [ -122.36559, 47.66478 ], [ -122.36439, 47.66632 ], [ -122.3618, 47.66655 ], [ -122.3604, 47.66523 ], [ -122.3616, 47.66369 ] ] ] } },
{ "type": "Feature", "properties": { "id": 568, "population": 637, "o_score_pt": 961.985, "o_score_car": 1234.88, "CDI": 0.124 }, "geometry": { "type": "Polygon", "coordinates": [ [ [ -122.38932, 47.66842 ], [ -122.39191, 47.66819 ], [ -122.39331, 47.6695 ], [ -122.39212, 47.67104 ], [ -122.38953, 47.67127 ], [ -122.38813, 47.66996 ], [ -122.38932, 47.66842 ] ] ] } },
{ "type": "Feature", "properties": { "id": 569, "population": 203, "o_score_pt": 659.451, "o_score_car": 1287.421, "CDI": 0.323 }, "geometry": { "type": "Polygon", "coordinates": [ [ [ -122.30212, 47.5413 ], [ -122.30437, 47.54111 ], [ -122.30555, 47.54222 ], [ -122.30452, 47.54355 ], [ -122.30227, 47.54375 ], [ -122.30109, 47.54264 ], [ -122.30212, 47.5413 ] ] ] } },
{ "type": "Feature", "properties": { "id": 570, "population": 481, "o_score_pt": 1135.263, "o_score_car": 1370.388, "CDI": 0.094 }, "geometry": { "type": "Polygon", "coordinates": [ [ [ -122.29591, 47.62066 ], [ -122.2985, 47.62044 ], [ -122.2999, 47.62175 ], [ -122.29871, 47.62329 ], [ -122.29612, 47.62352 ], [ -122.29472, 47.62221 ], [ -122.29591, 47.62066 ] ] ] } },
{ "type": "Feature", "properties": { "id": 571, "population": 336, "o_score_pt": 1012.143, "o_score_car": 1348.354, "CDI": 0.142 }, "geometry": { "type": "Polygon", "coordinates": [ [ [ -122.30169, 47.59149 ], [ -122.30418, 47.59127 ], [ -122.30552, 47.59253 ], [ -122.30437, 47.59401 ], [ -122.30188, 47.59423 ], [ -122.30054, 47.59297 ], [ -122.30169, 47.59149 ] ] ] } },
{ "type": "Feature", "properties": { "id": 572, "population": 394, "o_score_pt": 885.203, "o_score_car": 1314.506, "CDI": 0.195 }, "geometry": { "type": "Polygon", "coordinates": [ [ [ -122.28867, 47.68303 ], [ -122.29124, 47.68281 ], [ -122.29263, 47.68411 ], [ -122.29144, 47.68564 ], [ -122.28887, 47.68586 ], [ -122.28748, 47.68456 ], [ -122.28867, 47.68303 ] ] ] } },
{ "type": "Feature", "properties": { "id": 573, "population": 803, "o_score_pt": 1413.786, "o_score_car": 1558.396, "CDI": 0.049 }, "geometry": { "type": "Polygon", "coordinates": [ [ [ -122.34652, 47.61765 ], [ -122.34911, 47.61743 ], [ -122.35051, 47.61874 ], [ -122.34932, 47.62028 ], [ -122.34673, 47.62051 ], [ -122.34533, 47.61919 ], [ -122.34652, 47.61765 ] ] ] } },
{ "type": "Feature", "properties": { "id": 574, "population": 488, "o_score_pt": 963.982, "o_score_car": 1332.888, "CDI": 0.161 }, "geometry": { "type": "Polygon", "coordinates": [ [ [ -122.34158, 47.71136 ], [ -122.34418, 47.71113 ], [ -122.34558, 47.71244 ], [ -122.34438, 47.71398 ], [ -122.34179, 47.71421 ], [ -122.34039, 47.7129 ], [ -122.34158, 47.71136 ] ] ] } },
{ "type": "Feature", "properties": { "id": 575, "population": 24, "o_score_pt": 978.265, "o_score_car": 1393.388, "CDI": 0.175 }, "geometry": { "type": "Polygon", "coordinates": [ [ [ -122.34009, 47.68076 ], [ -122.34134, 47.68065 ], [ -122.34188, 47.68116 ], [ -122.34132, 47.68187 ], [ -122.34008, 47.68198 ], [ -122.33954, 47.68148 ], [ -122.34009, 47.68076 ] ] ] } },
{ "type": "Feature", "properties": { "id": 576, "population": 100, "o_score_pt": 1071.32, "o_score_car": 1399.738, "CDI": 0.133 }, "geometry": { "type": "Polygon", "coordinates": [ [ [ -122.31378, 47.59222 ], [ -122.31569, 47.59205 ], [ -122.31666, 47.59296 ], [ -122.31579, 47.59409 ], [ -122.31387, 47.59426 ], [ -122.31291, 47.59335 ], [ -122.31378, 47.59222 ] ] ] } },
{ "type": "Feature", "properties": { "id": 577, "population": 493, "o_score_pt": 1277.909, "o_score_car": 1563.137, "CDI": 0.1 }, "geometry": { "type": "Polygon", "coordinates": [ [ [ -122.32218, 47.60543 ], [ -122.32477, 47.60521 ], [ -122.32617, 47.60652 ], [ -122.32498, 47.60806 ], [ -122.32239, 47.60829 ], [ -122.32099, 47.60698 ], [ -122.32218, 47.60543 ] ] ] } },
{ "type": "Feature", "properties": { "id": 578, "population": 681, "o_score_pt": 1212.956, "o_score_car": 1517.242, "CDI": 0.111 }, "geometry": { "type": "Polygon", "coordinates": [ [ [ -122.31495, 47.6678 ], [ -122.31754, 47.66757 ], [ -122.31894, 47.66889 ], [ -122.31775, 47.67042 ], [ -122.31516, 47.67065 ], [ -122.31376, 47.66934 ], [ -122.31495, 47.6678 ] ] ] } },
{ "type": "Feature", "properties": { "id": 579, "population": 428, "o_score_pt": 777.614, "o_score_car": 1228.136, "CDI": 0.225 }, "geometry": { "type": "Polygon", "coordinates": [ [ [ -122.38366, 47.64452 ], [ -122.38625, 47.64429 ], [ -122.38765, 47.64561 ], [ -122.38646, 47.64715 ], [ -122.38387, 47.64738 ], [ -122.38247, 47.64606 ], [ -122.38366, 47.64452 ] ] ] } },
{ "type": "Feature", "properties": { "id": 580, "population": 455, "o_score_pt": 1006.589, "o_score_car": 1587.928, "CDI": 0.224 }, "geometry": { "type": "Polygon", "coordinates": [ [ [ -122.32129, 47.64715 ], [ -122.32388, 47.64692 ], [ -122.32527, 47.64824 ], [ -122.32408, 47.64978 ], [ -122.32149, 47.65 ], [ -122.32009, 47.64869 ], [ -122.32129, 47.64715 ] ] ] } },
{ "type": "Feature", "properties": { "id": 581, "population": 72, "o_score_pt": 15.42, "o_score_car": 1121.909, "CDI": 0.973 }, "geometry": { "type": "Polygon", "coordinates": [ [ [ -122.37696, 47.70731 ], [ -122.37872, 47.70716 ], [ -122.37959, 47.70797 ], [ -122.37879, 47.709 ], [ -122.37703, 47.70916 ], [ -122.37616, 47.70834 ], [ -122.37696, 47.70731 ] ] ] } },
{ "type": "Feature", "properties": { "id": 582, "population": 39, "o_score_pt": 611.246, "o_score_car": 955.065, "CDI": 0.22 }, "geometry": { "type": "Polygon", "coordinates": [ [ [ -122.25618, 47.54868 ], [ -122.25765, 47.54855 ], [ -122.25833, 47.54919 ], [ -122.25767, 47.55005 ], [ -122.25621, 47.55017 ], [ -122.25552, 47.54953 ], [ -122.25618, 47.54868 ] ] ] } },
{ "type": "Feature", "properties": { "id": 583, "population": 76, "o_score_pt": 1126.82, "o_score_car": 1459.598, "CDI": 0.129 }, "geometry": { "type": "Polygon", "coordinates": [ [ [ -122.32801, 47.68006 ], [ -122.3298, 47.6799 ], [ -122.33068, 47.68073 ], [ -122.32987, 47.68178 ], [ -122.32809, 47.68194 ], [ -122.3272, 47.68111 ], [ -122.32801, 47.68006 ] ] ] } },
{ "type": "Feature", "properties": { "id": 584, "population": 224, "o_score_pt": 924.134, "o_score_car": 1296.279, "CDI": 0.168 }, "geometry": { "type": "Polygon", "coordinates": [ [ [ -122.31422, 47.70964 ], [ -122.31652, 47.70944 ], [ -122.31774, 47.71058 ], [ -122.31668, 47.71194 ], [ -122.31438, 47.71214 ], [ -122.31316, 47.71101 ], [ -122.31422, 47.70964 ] ] ] } },
{ "type": "Feature", "properties": { "id": 585, "population": 157, "o_score_pt": 774.23, "o_score_car": 1194.81, "CDI": 0.214 }, "geometry": { "type": "Polygon", "coordinates": [ [ [ -122.31555, 47.72684 ], [ -122.31769, 47.72665 ], [ -122.31879, 47.72769 ], [ -122.31782, 47.72894 ], [ -122.31568, 47.72913 ], [ -122.31458, 47.7281 ], [ -122.31555, 47.72684 ] ] ] } },
{ "type": "Feature", "properties": { "id": 586, "population": 0, "o_score_pt": 741.102, "o_score_car": 1157.86, "CDI": 0.219 }, "geometry": { "type": "Polygon", "coordinates": [ [ [ -122.31449, 47.53426 ], [ -122.31449, 47.53426 ], [ -122.31442, 47.53427 ], [ -122.31442, 47.53427 ], [ -122.31449, 47.53426 ] ] ] } },
{ "type": "Feature", "properties": { "id": 587, "population": 162, "o_score_pt": 876.433, "o_score_car": 1329.786, "CDI": 0.205 }, "geometry": { "type": "Polygon", "coordinates": [ [ [ -122.2884, 47.6216 ], [ -122.29054, 47.62141 ], [ -122.29166, 47.62245 ], [ -122.29068, 47.62372 ], [ -122.28853, 47.62391 ], [ -122.28742, 47.62286 ], [ -122.2884, 47.6216 ] ] ] } },
{ "type": "Feature", "properties": { "id": 588, "population": 427, "o_score_pt": 870.003, "o_score_car": 1234.353, "CDI": 0.173 }, "geometry": { "type": "Polygon", "coordinates": [ [ [ -122.3828, 47.68621 ], [ -122.38539, 47.68598 ], [ -122.38679, 47.68729 ], [ -122.38559, 47.68883 ], [ -122.383, 47.68906 ], [ -122.3816, 47.68775 ], [ -122.3828, 47.68621 ] ] ] } },
{ "type": "Feature", "properties": { "id": 589, "population": 169, "o_score_pt": 749.634, "o_score_car": 1102.892, "CDI": 0.191 }, "geometry": { "type": "Polygon", "coordinates": [ [ [ -122.28379, 47.721 ], [ -122.28596, 47.72081 ], [ -122.28709, 47.72187 ], [ -122.28609, 47.72315 ], [ -122.28392, 47.72334 ], [ -122.2828, 47.72228 ], [ -122.28379, 47.721 ] ] ] } },
{ "type": "Feature", "properties": { "id": 590, "population": 396, "o_score_pt": 590.806, "o_score_car": 1030.95, "CDI": 0.271 }, "geometry": { "type": "Polygon", "coordinates": [ [ [ -122.2814, 47.5271 ], [ -122.28397, 47.52688 ], [ -122.28535, 47.52819 ], [ -122.28417, 47.52972 ], [ -122.2816, 47.52994 ], [ -122.28021, 47.52864 ], [ -122.2814, 47.5271 ] ] ] } },
{ "type": "Feature", "properties": { "id": 591, "population": 409, "o_score_pt": 991.907, "o_score_car": 1400.158, "CDI": 0.171 }, "geometry": { "type": "Polygon", "coordinates": [ [ [ -122.35844, 47.67402 ], [ -122.36103, 47.67379 ], [ -122.36243, 47.6751 ], [ -122.36123, 47.67664 ], [ -122.35864, 47.67687 ], [ -122.35724, 47.67556 ], [ -122.35844, 47.67402 ] ] ] } },
{ "type": "Feature", "properties": { "id": 592, "population": 0, "o_score_pt": 72.201, "o_score_car": 1246.083, "CDI": 0.89 }, "geometry": { "type": "Polygon", "coordinates": [ [ [ -122.34424, 47.56758 ], [ -122.34424, 47.56758 ], [ -122.34417, 47.56759 ], [ -122.34417, 47.56759 ], [ -122.34424, 47.56758 ] ] ] } },
{ "type": "Feature", "properties": { "id": 593, "population": 299, "o_score_pt": 1019.604, "o_score_car": 1333.891, "CDI": 0.134 }, "geometry": { "type": "Polygon", "coordinates": [ [ [ -122.32109, 47.69748 ], [ -122.32353, 47.69727 ], [ -122.32484, 47.69849 ], [ -122.32371, 47.69993 ], [ -122.32127, 47.70015 ], [ -122.31997, 47.69893 ], [ -122.32109, 47.69748 ] ] ] } },
{ "type": "Feature", "properties": { "id": 594, "population": 158, "o_score_pt": 896.416, "o_score_car": 1217.352, "CDI": 0.152 }, "geometry": { "type": "Polygon", "coordinates": [ [ [ -122.29668, 47.57347 ], [ -122.29881, 47.57329 ], [ -122.29992, 47.57433 ], [ -122.29894, 47.57559 ], [ -122.29681, 47.57578 ], [ -122.2957, 47.57474 ], [ -122.29668, 47.57347 ] ] ] } },
{ "type": "Feature", "properties": { "id": 595, "population": 389, "o_score_pt": 975.161, "o_score_car": 1351.316, "CDI": 0.162 }, "geometry": { "type": "Polygon", "coordinates": [ [ [ -122.29511, 47.60926 ], [ -122.29767, 47.60904 ], [ -122.29905, 47.61034 ], [ -122.29787, 47.61186 ], [ -122.29531, 47.61209 ], [ -122.29392, 47.61079 ], [ -122.29511, 47.60926 ] ] ] } },
{ "type": "Feature", "properties": { "id": 596, "population": 158, "o_score_pt": 916.02, "o_score_car": 1317.085, "CDI": 0.18 }, "geometry": { "type": "Polygon", "coordinates": [ [ [ -122.29691, 47.68545 ], [ -122.29904, 47.68526 ], [ -122.30015, 47.6863 ], [ -122.29917, 47.68756 ], [ -122.29704, 47.68775 ], [ -122.29593, 47.68671 ], [ -122.29691, 47.68545 ] ] ] } },
{ "type": "Feature", "properties": { "id": 597, "population": 298, "o_score_pt": 540.386, "o_score_car": 985.101, "CDI": 0.292 }, "geometry": { "type": "Polygon", "coordinates": [ [ [ -122.26493, 47.51425 ], [ -122.26736, 47.51403 ], [ -122.26866, 47.51526 ], [ -122.26754, 47.51671 ], [ -122.26511, 47.51692 ], [ -122.26381, 47.51569 ], [ -122.26493, 47.51425 ] ] ] } },
{ "type": "Feature", "properties": { "id": 598, "population": 271, "o_score_pt": 589.406, "o_score_car": 1168.072, "CDI": 0.329 }, "geometry": { "type": "Polygon", "coordinates": [ [ [ -122.35829, 47.72435 ], [ -122.36069, 47.72414 ], [ -122.36196, 47.72533 ], [ -122.36086, 47.72675 ], [ -122.35847, 47.72696 ], [ -122.35719, 47.72577 ], [ -122.35829, 47.72435 ] ] ] } },
{ "type": "Feature", "properties": { "id": 599, "population": 5, "o_score_pt": 756.852, "o_score_car": 1283.161, "CDI": 0.258 }, "geometry": { "type": "Polygon", "coordinates": [ [ [ -122.32386, 47.55912 ], [ -122.32441, 47.55907 ], [ -122.32451, 47.55917 ], [ -122.32428, 47.55946 ], [ -122.32373, 47.55951 ], [ -122.32363, 47.55942 ], [ -122.32386, 47.55912 ] ] ] } },
{ "type": "Feature", "properties": { "id": 600, "population": 277, "o_score_pt": 810.575, "o_score_car": 1140.943, "CDI": 0.169 }, "geometry": { "type": "Polygon", "coordinates": [ [ [ -122.2911, 47.55224 ], [ -122.2935, 47.55203 ], [ -122.29478, 47.55323 ], [ -122.29368, 47.55466 ], [ -122.29128, 47.55487 ], [ -122.29, 47.55367 ], [ -122.2911, 47.55224 ] ] ] } },
{ "type": "Feature", "properties": { "id": 601, "population": 103, "o_score_pt": 859.837, "o_score_car": 1278.353, "CDI": 0.196 }, "geometry": { "type": "Polygon", "coordinates": [ [ [ -122.3388, 47.72205 ], [ -122.34073, 47.72188 ], [ -122.34171, 47.72279 ], [ -122.34083, 47.72393 ], [ -122.3389, 47.7241 ], [ -122.33792, 47.72318 ], [ -122.3388, 47.72205 ] ] ] } },
{ "type": "Feature", "properties": { "id": 602, "population": 406, "o_score_pt": 1104.465, "o_score_car": 1462.829, "CDI": 0.14 }, "geometry": { "type": "Polygon", "coordinates": [ [ [ -122.31586, 47.6261 ], [ -122.31844, 47.62587 ], [ -122.31984, 47.62718 ], [ -122.31865, 47.62872 ], [ -122.31606, 47.62895 ], [ -122.31467, 47.62764 ], [ -122.31586, 47.6261 ] ] ] } },
{ "type": "Feature", "properties": { "id": 603, "population": 442, "o_score_pt": 1053.514, "o_score_car": 1406.918, "CDI": 0.144 }, "geometry": { "type": "Polygon", "coordinates": [ [ [ -122.30011, 47.62461 ], [ -122.3027, 47.62438 ], [ -122.30409, 47.62569 ], [ -122.3029, 47.62723 ], [ -122.30031, 47.62746 ], [ -122.29891, 47.62615 ], [ -122.30011, 47.62461 ] ] ] } },
{ "type": "Feature", "properties": { "id": 604, "population": 298, "o_score_pt": 814.322, "o_score_car": 1258.868, "CDI": 0.214 }, "geometry": { "type": "Polygon", "coordinates": [ [ [ -122.28076, 47.68094 ], [ -122.2832, 47.68072 ], [ -122.2845, 47.68194 ], [ -122.28338, 47.68339 ], [ -122.28094, 47.6836 ], [ -122.27964, 47.68238 ], [ -122.28076, 47.68094 ] ] ] } },
{ "type": "Feature", "properties": { "id": 605, "population": 188, "o_score_pt": 872.937, "o_score_car": 1290.613, "CDI": 0.193 }, "geometry": { "type": "Polygon", "coordinates": [ [ [ -122.33802, 47.71334 ], [ -122.34023, 47.71314 ], [ -122.3414, 47.71423 ], [ -122.34038, 47.71554 ], [ -122.33816, 47.71574 ], [ -122.337, 47.71465 ], [ -122.33802, 47.71334 ] ] ] } },
{ "type": "Feature", "properties": { "id": 606, "population": 26, "o_score_pt": 964.293, "o_score_car": 1485.925, "CDI": 0.213 }, "geometry": { "type": "Polygon", "coordinates": [ [ [ -122.33945, 47.67219 ], [ -122.34073, 47.67208 ], [ -122.3413, 47.6726 ], [ -122.34072, 47.67334 ], [ -122.33944, 47.67345 ], [ -122.33888, 47.67293 ], [ -122.33945, 47.67219 ] ] ] } },
{ "type": "Feature", "properties": { "id": 607, "population": 132, "o_score_pt": 1064.544, "o_score_car": 1347.406, "CDI": 0.117 }, "geometry": { "type": "Polygon", "coordinates": [ [ [ -122.30133, 47.58318 ], [ -122.30338, 47.583 ], [ -122.30443, 47.58399 ], [ -122.30349, 47.5852 ], [ -122.30145, 47.58537 ], [ -122.3004, 47.58439 ], [ -122.30133, 47.58318 ] ] ] } },
{ "type": "Feature", "properties": { "id": 608, "population": 318, "o_score_pt": 814.6, "o_score_car": 1152.345, "CDI": 0.172 }, "geometry": { "type": "Polygon", "coordinates": [ [ [ -122.28248, 47.54145 ], [ -122.28495, 47.54124 ], [ -122.28627, 47.54248 ], [ -122.28513, 47.54395 ], [ -122.28266, 47.54416 ], [ -122.28135, 47.54292 ], [ -122.28248, 47.54145 ] ] ] } },
{ "type": "Feature", "properties": { "id": 609, "population": 100, "o_score_pt": 659.599, "o_score_car": 1151.746, "CDI": 0.272 }, "geometry": { "type": "Polygon", "coordinates": [ [ [ -122.3996, 47.64353 ], [ -122.40151, 47.64336 ], [ -122.40248, 47.64426 ], [ -122.40161, 47.64539 ], [ -122.39969, 47.64556 ], [ -122.39872, 47.64465 ], [ -122.3996, 47.64353 ] ] ] } },
{ "type": "Feature", "properties": { "id": 610, "population": 110, "o_score_pt": 911.406, "o_score_car": 1479.028, "CDI": 0.237 }, "geometry": { "type": "Polygon", "coordinates": [ [ [ -122.32963, 47.64967 ], [ -122.33159, 47.6495 ], [ -122.33259, 47.65044 ], [ -122.3317, 47.65159 ], [ -122.32973, 47.65176 ], [ -122.32874, 47.65083 ], [ -122.32963, 47.64967 ] ] ] } },
{ "type": "Feature", "properties": { "id": 611, "population": 386, "o_score_pt": 891.869, "o_score_car": 1269.092, "CDI": 0.175 }, "geometry": { "type": "Polygon", "coordinates": [ [ [ -122.3641, 47.69792 ], [ -122.36667, 47.69769 ], [ -122.36805, 47.69899 ], [ -122.36687, 47.70051 ], [ -122.36431, 47.70074 ], [ -122.36292, 47.69944 ], [ -122.3641, 47.69792 ] ] ] } },
{ "type": "Feature", "properties": { "id": 612, "population": 8, "o_score_pt": 998.475, "o_score_car": 1404.637, "CDI": 0.169 }, "geometry": { "type": "Polygon", "coordinates": [ [ [ -122.33316, 47.58118 ], [ -122.3339, 47.58111 ], [ -122.33413, 47.58132 ], [ -122.33381, 47.58174 ], [ -122.33306, 47.5818 ], [ -122.33284, 47.58159 ], [ -122.33316, 47.58118 ] ] ] } },
{ "type": "Feature", "properties": { "id": 613, "population": 289, "o_score_pt": 1021.774, "o_score_car": 1338.381, "CDI": 0.134 }, "geometry": { "type": "Polygon", "coordinates": [ [ [ -122.32213, 47.71174 ], [ -122.32456, 47.71153 ], [ -122.32585, 47.71274 ], [ -122.32474, 47.71418 ], [ -122.32231, 47.71439 ], [ -122.32102, 47.71318 ], [ -122.32213, 47.71174 ] ] ] } },
{ "type": "Feature", "properties": { "id": 614, "population": 140, "o_score_pt": 741.133, "o_score_car": 1270.347, "CDI": 0.263 }, "geometry": { "type": "Polygon", "coordinates": [ [ [ -122.28465, 47.6234 ], [ -122.28673, 47.62322 ], [ -122.2878, 47.62423 ], [ -122.28685, 47.62545 ], [ -122.28478, 47.62563 ], [ -122.28371, 47.62463 ], [ -122.28465, 47.6234 ] ] ] } },
{ "type": "Feature", "properties": { "id": 615, "population": 139, "o_score_pt": 681.378, "o_score_car": 1128.319, "CDI": 0.247 }, "geometry": { "type": "Polygon", "coordinates": [ [ [ -122.39864, 47.68512 ], [ -122.40072, 47.68494 ], [ -122.40179, 47.68594 ], [ -122.40084, 47.68716 ], [ -122.39877, 47.68735 ], [ -122.3977, 47.68635 ], [ -122.39864, 47.68512 ] ] ] } },
{ "type": "Feature", "properties": { "id": 616, "population": 41, "o_score_pt": 1095.793, "o_score_car": 1517.064, "CDI": 0.161 }, "geometry": { "type": "Polygon", "coordinates": [ [ [ -122.29819, 47.64411 ], [ -122.29968, 47.64398 ], [ -122.30038, 47.64463 ], [ -122.29971, 47.6455 ], [ -122.29822, 47.64563 ], [ -122.29752, 47.64498 ], [ -122.29819, 47.64411 ] ] ] } },
{ "type": "Feature", "properties": { "id": 617, "population": 33, "o_score_pt": 811.127, "o_score_car": 1233.074, "CDI": 0.206 }, "geometry": { "type": "Polygon", "coordinates": [ [ [ -122.291, 47.7065 ], [ -122.29239, 47.70638 ], [ -122.29302, 47.70697 ], [ -122.2924, 47.70778 ], [ -122.291, 47.7079 ], [ -122.29037, 47.70731 ], [ -122.291, 47.7065 ] ] ] } },
{ "type": "Feature", "properties": { "id": 618, "population": 155, "o_score_pt": 616.016, "o_score_car": 1058.49, "CDI": 0.264 }, "geometry": { "type": "Polygon", "coordinates": [ [ [ -122.28963, 47.52954 ], [ -122.29175, 47.52935 ], [ -122.29285, 47.53039 ], [ -122.29188, 47.53164 ], [ -122.28976, 47.53183 ], [ -122.28866, 47.53079 ], [ -122.28963, 47.52954 ] ] ] } },
{ "type": "Feature", "properties": { "id": 619, "population": 575, "o_score_pt": 1093.871, "o_score_car": 1403.419, "CDI": 0.124 }, "geometry": { "type": "Polygon", "coordinates": [ [ [ -122.35465, 47.67579 ], [ -122.35724, 47.67556 ], [ -122.35864, 47.67687 ], [ -122.35745, 47.67841 ], [ -122.35486, 47.67864 ], [ -122.35346, 47.67732 ], [ -122.35465, 47.67579 ] ] ] } },
{ "type": "Feature", "properties": { "id": 620, "population": 188, "o_score_pt": 697.359, "o_score_car": 1241.444, "CDI": 0.281 }, "geometry": { "type": "Polygon", "coordinates": [ [ [ -122.27884, 47.65254 ], [ -122.28106, 47.65234 ], [ -122.28222, 47.65343 ], [ -122.28121, 47.65474 ], [ -122.27899, 47.65494 ], [ -122.27783, 47.65385 ], [ -122.27884, 47.65254 ] ] ] } },
{ "type": "Feature", "properties": { "id": 621, "population": 375, "o_score_pt": 901.414, "o_score_car": 1437.407, "CDI": 0.229 }, "geometry": { "type": "Polygon", "coordinates": [ [ [ -122.35556, 47.63411 ], [ -122.35811, 47.63389 ], [ -122.35948, 47.63517 ], [ -122.35831, 47.63669 ], [ -122.35576, 47.63691 ], [ -122.35439, 47.63563 ], [ -122.35556, 47.63411 ] ] ] } },
{ "type": "Feature", "properties": { "id": 622, "population": 608, "o_score_pt": 999.278, "o_score_car": 1358.573, "CDI": 0.152 }, "geometry": { "type": "Polygon", "coordinates": [ [ [ -122.34833, 47.69643 ], [ -122.35092, 47.6962 ], [ -122.35232, 47.69751 ], [ -122.35113, 47.69905 ], [ -122.34853, 47.69928 ], [ -122.34713, 47.69797 ], [ -122.34833, 47.69643 ] ] ] } },
{ "type": "Feature", "properties": { "id": 623, "population": 444, "o_score_pt": 819.07, "o_score_car": 1183.503, "CDI": 0.182 }, "geometry": { "type": "Polygon", "coordinates": [ [ [ -122.28844, 47.57104 ], [ -122.29103, 47.57081 ], [ -122.29243, 47.57213 ], [ -122.29123, 47.57367 ], [ -122.28865, 47.5739 ], [ -122.28725, 47.57258 ], [ -122.28844, 47.57104 ] ] ] } },
{ "type": "Feature", "properties": { "id": 624, "population": 635, "o_score_pt": 1065.746, "o_score_car": 1450.185, "CDI": 0.153 }, "geometry": { "type": "Polygon", "coordinates": [ [ [ -122.31063, 47.60789 ], [ -122.31322, 47.60766 ], [ -122.31462, 47.60897 ], [ -122.31343, 47.61051 ], [ -122.31084, 47.61074 ], [ -122.30944, 47.60943 ], [ -122.31063, 47.60789 ] ] ] } },
{ "type": "Feature", "properties": { "id": 625, "population": 92, "o_score_pt": 610.746, "o_score_car": 1092.4, "CDI": 0.283 }, "geometry": { "type": "Polygon", "coordinates": [ [ [ -122.4057, 47.67314 ], [ -122.40757, 47.67298 ], [ -122.40851, 47.67386 ], [ -122.40766, 47.67496 ], [ -122.40579, 47.67513 ], [ -122.40484, 47.67425 ], [ -122.4057, 47.67314 ] ] ] } },
{ "type": "Feature", "properties": { "id": 626, "population": 160, "o_score_pt": 609.055, "o_score_car": 983.527, "CDI": 0.235 }, "geometry": { "type": "Polygon", "coordinates": [ [ [ -122.26438, 47.55905 ], [ -122.26652, 47.55886 ], [ -122.26763, 47.55991 ], [ -122.26665, 47.56117 ], [ -122.26451, 47.56136 ], [ -122.2634, 47.56031 ], [ -122.26438, 47.55905 ] ] ] } },
{ "type": "Feature", "properties": { "id": 627, "population": 92, "o_score_pt": 538.067, "o_score_car": 1053.322, "CDI": 0.324 }, "geometry": { "type": "Polygon", "coordinates": [ [ [ -122.28078, 47.51321 ], [ -122.28265, 47.51304 ], [ -122.28359, 47.51393 ], [ -122.28274, 47.51503 ], [ -122.28087, 47.5152 ], [ -122.27993, 47.51431 ], [ -122.28078, 47.51321 ] ] ] } },
{ "type": "Feature", "properties": { "id": 628, "population": 58, "o_score_pt": 1250.23, "o_score_car": 1419.598, "CDI": 0.063 }, "geometry": { "type": "Polygon", "coordinates": [ [ [ -122.31434, 47.59808 ], [ -122.316, 47.59793 ], [ -122.3168, 47.59869 ], [ -122.31605, 47.59966 ], [ -122.31439, 47.5998 ], [ -122.31359, 47.59905 ], [ -122.31434, 47.59808 ] ] ] } },
{ "type": "Feature", "properties": { "id": 629, "population": 185, "o_score_pt": 360.145, "o_score_car": 907.28, "CDI": 0.432 }, "geometry": { "type": "Polygon", "coordinates": [ [ [ -122.24892, 47.50715 ], [ -122.25113, 47.50696 ], [ -122.25228, 47.50805 ], [ -122.25127, 47.50936 ], [ -122.24906, 47.50955 ], [ -122.24791, 47.50846 ], [ -122.24892, 47.50715 ] ] ] } },
{ "type": "Feature", "properties": { "id": 630, "population": 268, "o_score_pt": 730.265, "o_score_car": 1208.762, "CDI": 0.247 }, "geometry": { "type": "Polygon", "coordinates": [ [ [ -122.29908, 47.55442 ], [ -122.30147, 47.55422 ], [ -122.30274, 47.55541 ], [ -122.30164, 47.55683 ], [ -122.29925, 47.55703 ], [ -122.29799, 47.55584 ], [ -122.29908, 47.55442 ] ] ] } },
{ "type": "Feature", "properties": { "id": 631, "population": 941, "o_score_pt": 1208.444, "o_score_car": 1428.256, "CDI": 0.083 }, "geometry": { "type": "Polygon", "coordinates": [ [ [ -122.30348, 47.61713 ], [ -122.30607, 47.6169 ], [ -122.30747, 47.61822 ], [ -122.30627, 47.61976 ], [ -122.30368, 47.61998 ], [ -122.30229, 47.61867 ], [ -122.30348, 47.61713 ] ] ] } },
{ "type": "Feature", "properties": { "id": 632, "population": 0, "o_score_pt": 2.169, "o_score_car": 1264.542, "CDI": 0.997 }, "geometry": { "type": "Polygon", "coordinates": [ [ [ -122.34149, 47.58363 ], [ -122.34149, 47.58363 ], [ -122.34142, 47.58363 ], [ -122.34142, 47.58363 ], [ -122.34149, 47.58363 ] ] ] } },
{ "type": "Feature", "properties": { "id": 633, "population": 28, "o_score_pt": 1033.582, "o_score_car": 1374.121, "CDI": 0.141 }, "geometry": { "type": "Polygon", "coordinates": [ [ [ -122.36571, 47.65694 ], [ -122.36702, 47.65682 ], [ -122.36761, 47.65737 ], [ -122.36702, 47.65813 ], [ -122.3657, 47.65824 ], [ -122.36512, 47.6577 ], [ -122.36571, 47.65694 ] ] ] } },
{ "type": "Feature", "properties": { "id": 634, "population": 51, "o_score_pt": 971.769, "o_score_car": 1492.664, "CDI": 0.211 }, "geometry": { "type": "Polygon", "coordinates": [ [ [ -122.33548, 47.67378 ], [ -122.33708, 47.67364 ], [ -122.33785, 47.67435 ], [ -122.33712, 47.67529 ], [ -122.33553, 47.67543 ], [ -122.33476, 47.67471 ], [ -122.33548, 47.67378 ] ] ] } },
{ "type": "Feature", "properties": { "id": 635, "population": 544, "o_score_pt": 1531.117, "o_score_car": 1547.911, "CDI": 0.005 }, "geometry": { "type": "Polygon", "coordinates": [ [ [ -122.33834, 47.61263 ], [ -122.34093, 47.6124 ], [ -122.34233, 47.61372 ], [ -122.34114, 47.61526 ], [ -122.33855, 47.61548 ], [ -122.33715, 47.61417 ], [ -122.33834, 47.61263 ] ] ] } },
{ "type": "Feature", "properties": { "id": 636, "population": 459, "o_score_pt": 1009.473, "o_score_car": 1437.674, "CDI": 0.175 }, "geometry": { "type": "Polygon", "coordinates": [ [ [ -122.30319, 47.6674 ], [ -122.30578, 47.66717 ], [ -122.30718, 47.66848 ], [ -122.30598, 47.67002 ], [ -122.30339, 47.67025 ], [ -122.30199, 47.66894 ], [ -122.30319, 47.6674 ] ] ] } },
{ "type": "Feature", "properties": { "id": 637, "population": 114, "o_score_pt": 797.216, "o_score_car": 1188.849, "CDI": 0.197 }, "geometry": { "type": "Polygon", "coordinates": [ [ [ -122.27724, 47.68296 ], [ -122.27922, 47.68279 ], [ -122.28023, 47.68373 ], [ -122.27933, 47.6849 ], [ -122.27735, 47.68507 ], [ -122.27634, 47.68413 ], [ -122.27724, 47.68296 ] ] ] } },
{ "type": "Feature", "properties": { "id": 638, "population": 217, "o_score_pt": 853.486, "o_score_car": 1233.813, "CDI": 0.182 }, "geometry": { "type": "Polygon", "coordinates": [ [ [ -122.30706, 47.71889 ], [ -122.30935, 47.71868 ], [ -122.31056, 47.71981 ], [ -122.30951, 47.72117 ], [ -122.30722, 47.72137 ], [ -122.30601, 47.72024 ], [ -122.30706, 47.71889 ] ] ] } },
{ "type": "Feature", "properties": { "id": 639, "population": 304, "o_score_pt": 649.655, "o_score_car": 1127.302, "CDI": 0.269 }, "geometry": { "type": "Polygon", "coordinates": [ [ [ -122.27871, 47.54323 ], [ -122.28116, 47.54302 ], [ -122.28246, 47.54425 ], [ -122.28134, 47.5457 ], [ -122.27889, 47.54592 ], [ -122.27759, 47.54469 ], [ -122.27871, 47.54323 ] ] ] } },
{ "type": "Feature", "properties": { "id": 640, "population": 0, "o_score_pt": 585.422, "o_score_car": 1084.553, "CDI": 0.299 }, "geometry": { "type": "Polygon", "coordinates": [ [ [ -122.25457, 47.68026 ], [ -122.25457, 47.68026 ], [ -122.2545, 47.68027 ], [ -122.2545, 47.68027 ], [ -122.25457, 47.68026 ] ] ] } },
{ "type": "Feature", "properties": { "id": 641, "population": 438, "o_score_pt": 1234.405, "o_score_car": 1485.167, "CDI": 0.092 }, "geometry": { "type": "Polygon", "coordinates": [ [ [ -122.34481, 47.64795 ], [ -122.3474, 47.64772 ], [ -122.3488, 47.64904 ], [ -122.34761, 47.65058 ], [ -122.34502, 47.65081 ], [ -122.34362, 47.64949 ], [ -122.34481, 47.64795 ] ] ] } },
{ "type": "Feature", "properties": { "id": 642, "population": 1, "o_score_pt": 896.491, "o_score_car": 1332.063, "CDI": 0.195 }, "geometry": { "type": "Polygon", "coordinates": [ [ [ -122.3329, 47.57289 ], [ -122.3329, 47.57289 ], [ -122.33283, 47.57289 ], [ -122.33283, 47.57289 ], [ -122.3329, 47.57289 ] ] ] } },
{ "type": "Feature", "properties": { "id": 643, "population": 146, "o_score_pt": 861.822, "o_score_car": 1248.828, "CDI": 0.183 }, "geometry": { "type": "Polygon", "coordinates": [ [ [ -122.30993, 47.70298 ], [ -122.31203, 47.70279 ], [ -122.31311, 47.70381 ], [ -122.31215, 47.70504 ], [ -122.31006, 47.70523 ], [ -122.30897, 47.70421 ], [ -122.30993, 47.70298 ] ] ] } },
{ "type": "Feature", "properties": { "id": 644, "population": 0, "o_score_pt": 587.021, "o_score_car": 1186.907, "CDI": 0.338 }, "geometry": { "type": "Polygon", "coordinates": [ [ [ -122.33063, 47.54147 ], [ -122.33063, 47.54147 ], [ -122.33056, 47.54147 ], [ -122.33056, 47.54147 ], [ -122.33063, 47.54147 ] ] ] } },
{ "type": "Feature", "properties": { "id": 645, "population": 197, "o_score_pt": 628.972, "o_score_car": 1190.424, "CDI": 0.309 }, "geometry": { "type": "Polygon", "coordinates": [ [ [ -122.27811, 47.69707 ], [ -122.28036, 47.69687 ], [ -122.28153, 47.69798 ], [ -122.2805, 47.6993 ], [ -122.27826, 47.6995 ], [ -122.27709, 47.69839 ], [ -122.27811, 47.69707 ] ] ] } },
{ "type": "Feature", "properties": { "id": 646, "population": 398, "o_score_pt": 892.28, "o_score_car": 1278.353, "CDI": 0.178 }, "geometry": { "type": "Polygon", "coordinates": [ [ [ -122.37461, 47.6812 ], [ -122.37719, 47.68098 ], [ -122.37858, 47.68228 ], [ -122.3774, 47.68381 ], [ -122.37482, 47.68404 ], [ -122.37343, 47.68274 ], [ -122.37461, 47.6812 ] ] ] } },
{ "type": "Feature", "properties": { "id": 647, "population": 309, "o_score_pt": 881.065, "o_score_car": 1334.446, "CDI": 0.205 }, "geometry": { "type": "Polygon", "coordinates": [ [ [ -122.27952, 47.66381 ], [ -122.28198, 47.6636 ], [ -122.28329, 47.66483 ], [ -122.28216, 47.66629 ], [ -122.27971, 47.6665 ], [ -122.27839, 47.66527 ], [ -122.27952, 47.66381 ] ] ] } },
{ "type": "Feature", "properties": { "id": 648, "population": 489, "o_score_pt": 1031.789, "o_score_car": 1439.689, "CDI": 0.165 }, "geometry": { "type": "Polygon", "coordinates": [ [ [ -122.35175, 47.63586 ], [ -122.35434, 47.63563 ], [ -122.35574, 47.63694 ], [ -122.35455, 47.63848 ], [ -122.35196, 47.63871 ], [ -122.35056, 47.6374 ], [ -122.35175, 47.63586 ] ] ] } },
{ "type": "Feature", "properties": { "id": 649, "population": 492, "o_score_pt": 1030.535, "o_score_car": 1381.272, "CDI": 0.145 }, "geometry": { "type": "Polygon", "coordinates": [ [ [ -122.34454, 47.69819 ], [ -122.34713, 47.69797 ], [ -122.34853, 47.69928 ], [ -122.34734, 47.70082 ], [ -122.34475, 47.70104 ], [ -122.34335, 47.69973 ], [ -122.34454, 47.69819 ] ] ] } },
{ "type": "Feature", "properties": { "id": 650, "population": 81, "o_score_pt": 713.063, "o_score_car": 1392.251, "CDI": 0.323 }, "geometry": { "type": "Polygon", "coordinates": [ [ [ -122.30443, 47.57012 ], [ -122.30624, 47.56996 ], [ -122.30714, 47.57081 ], [ -122.30632, 47.57187 ], [ -122.30451, 47.57203 ], [ -122.3036, 47.57118 ], [ -122.30443, 47.57012 ] ] ] } },
{ "type": "Feature", "properties": { "id": 651, "population": 195, "o_score_pt": 972.182, "o_score_car": 1457.904, "CDI": 0.2 }, "geometry": { "type": "Polygon", "coordinates": [ [ [ -122.32026, 47.63023 ], [ -122.32249, 47.63004 ], [ -122.32366, 47.63114 ], [ -122.32264, 47.63246 ], [ -122.3204, 47.63266 ], [ -122.31923, 47.63156 ], [ -122.32026, 47.63023 ] ] ] } },
{ "type": "Feature", "properties": { "id": 652, "population": 348, "o_score_pt": 1072.665, "o_score_car": 1406.592, "CDI": 0.135 }, "geometry": { "type": "Polygon", "coordinates": [ [ [ -122.31286, 47.69242 ], [ -122.31537, 47.6922 ], [ -122.31672, 47.69347 ], [ -122.31557, 47.69496 ], [ -122.31305, 47.69518 ], [ -122.3117, 47.69391 ], [ -122.31286, 47.69242 ] ] ] } },
{ "type": "Feature", "properties": { "id": 653, "population": 134, "o_score_pt": 773.154, "o_score_car": 1254.548, "CDI": 0.237 }, "geometry": { "type": "Polygon", "coordinates": [ [ [ -122.28722, 47.60452 ], [ -122.28928, 47.60434 ], [ -122.29033, 47.60533 ], [ -122.28939, 47.60655 ], [ -122.28734, 47.60673 ], [ -122.28628, 47.60573 ], [ -122.28722, 47.60452 ] ] ] } },
{ "type": "Feature", "properties": { "id": 654, "population": 280, "o_score_pt": 833.243, "o_score_car": 1295.45, "CDI": 0.217 }, "geometry": { "type": "Polygon", "coordinates": [ [ [ -122.31103, 47.55768 ], [ -122.31343, 47.55747 ], [ -122.31471, 47.55867 ], [ -122.31361, 47.5601 ], [ -122.3112, 47.56031 ], [ -122.30992, 47.55911 ], [ -122.31103, 47.55768 ] ] ] } },
{ "type": "Feature", "properties": { "id": 655, "population": 260, "o_score_pt": 525.954, "o_score_car": 910.825, "CDI": 0.268 }, "geometry": { "type": "Polygon", "coordinates": [ [ [ -122.25679, 47.50924 ], [ -122.25916, 47.50904 ], [ -122.26042, 47.51022 ], [ -122.25933, 47.51163 ], [ -122.25696, 47.51184 ], [ -122.2557, 47.51065 ], [ -122.25679, 47.50924 ] ] ] } },
{ "type": "Feature", "properties": { "id": 656, "population": 212, "o_score_pt": 744.343, "o_score_car": 1191.621, "CDI": 0.231 }, "geometry": { "type": "Polygon", "coordinates": [ [ [ -122.28678, 47.54551 ], [ -122.28906, 47.54531 ], [ -122.29025, 47.54644 ], [ -122.28921, 47.54778 ], [ -122.28694, 47.54798 ], [ -122.28574, 47.54686 ], [ -122.28678, 47.54551 ] ] ] } },
{ "type": "Feature", "properties": { "id": 657, "population": 553, "o_score_pt": 1309.278, "o_score_car": 1494.625, "CDI": 0.066 }, "geometry": { "type": "Polygon", "coordinates": [ [ [ -122.31145, 47.6193 ], [ -122.31405, 47.61907 ], [ -122.31544, 47.62039 ], [ -122.31425, 47.62193 ], [ -122.31166, 47.62216 ], [ -122.31026, 47.62084 ], [ -122.31145, 47.6193 ] ] ] } },
{ "type": "Feature", "properties": { "id": 658, "population": 295, "o_score_pt": 1031.388, "o_score_car": 1431.282, "CDI": 0.162 }, "geometry": { "type": "Polygon", "coordinates": [ [ [ -122.32949, 47.70535 ], [ -122.33193, 47.70514 ], [ -122.33323, 47.70635 ], [ -122.33211, 47.7078 ], [ -122.32967, 47.70801 ], [ -122.32837, 47.70679 ], [ -122.32949, 47.70535 ] ] ] } },
{ "type": "Feature", "properties": { "id": 659, "population": 198, "o_score_pt": 738.361, "o_score_car": 1085.428, "CDI": 0.19 }, "geometry": { "type": "Polygon", "coordinates": [ [ [ -122.28815, 47.72774 ], [ -122.29039, 47.72754 ], [ -122.29157, 47.72865 ], [ -122.29054, 47.72997 ], [ -122.2883, 47.73017 ], [ -122.28712, 47.72907 ], [ -122.28815, 47.72774 ] ] ] } },
{ "type": "Feature", "properties": { "id": 660, "population": 571, "o_score_pt": 1105.109, "o_score_car": 1451.664, "CDI": 0.136 }, "geometry": { "type": "Polygon", "coordinates": [ [ [ -122.35403, 47.66723 ], [ -122.35662, 47.667 ], [ -122.35802, 47.66831 ], [ -122.35683, 47.66985 ], [ -122.35424, 47.67008 ], [ -122.35284, 47.66877 ], [ -122.35403, 47.66723 ] ] ] } },
{ "type": "Feature", "properties": { "id": 661, "population": 165, "o_score_pt": 7.697, "o_score_car": 1140.705, "CDI": 0.987 }, "geometry": { "type": "Polygon", "coordinates": [ [ [ -122.38031, 47.70247 ], [ -122.38246, 47.70228 ], [ -122.38358, 47.70333 ], [ -122.3826, 47.70461 ], [ -122.38044, 47.7048 ], [ -122.37932, 47.70375 ], [ -122.38031, 47.70247 ] ] ] } },
{ "type": "Feature", "properties": { "id": 662, "population": 691, "o_score_pt": 1448.932, "o_score_car": 1544.765, "CDI": 0.032 }, "geometry": { "type": "Polygon", "coordinates": [ [ [ -122.33772, 47.60407 ], [ -122.34031, 47.60384 ], [ -122.34171, 47.60515 ], [ -122.34052, 47.60669 ], [ -122.33793, 47.60692 ], [ -122.33653, 47.60561 ], [ -122.33772, 47.60407 ] ] ] } },
{ "type": "Feature", "properties": { "id": 663, "population": 246, "o_score_pt": 726.672, "o_score_car": 1161.595, "CDI": 0.23 }, "geometry": { "type": "Polygon", "coordinates": [ [ [ -122.30324, 47.72062 ], [ -122.30559, 47.72041 ], [ -122.30683, 47.72158 ], [ -122.30575, 47.72297 ], [ -122.30341, 47.72317 ], [ -122.30216, 47.72201 ], [ -122.30324, 47.72062 ] ] ] } },
{ "type": "Feature", "properties": { "id": 664, "population": 491, "o_score_pt": 655.649, "o_score_car": 1087.449, "CDI": 0.248 }, "geometry": { "type": "Polygon", "coordinates": [ [ [ -122.27066, 47.54097 ], [ -122.27325, 47.54075 ], [ -122.27464, 47.54206 ], [ -122.27345, 47.54361 ], [ -122.27086, 47.54383 ], [ -122.26947, 47.54252 ], [ -122.27066, 47.54097 ] ] ] } },
{ "type": "Feature", "properties": { "id": 665, "population": 263, "o_score_pt": 702.767, "o_score_car": 1194.078, "CDI": 0.259 }, "geometry": { "type": "Polygon", "coordinates": [ [ [ -122.38757, 47.64287 ], [ -122.38995, 47.64266 ], [ -122.39121, 47.64385 ], [ -122.39012, 47.64526 ], [ -122.38774, 47.64547 ], [ -122.38648, 47.64428 ], [ -122.38757, 47.64287 ] ] ] } },
{ "type": "Feature", "properties": { "id": 666, "population": 277, "o_score_pt": 525.861, "o_score_car": 970.727, "CDI": 0.297 }, "geometry": { "type": "Polygon", "coordinates": [ [ [ -122.26056, 47.50746 ], [ -122.26296, 47.50725 ], [ -122.26423, 47.50845 ], [ -122.26313, 47.50988 ], [ -122.26073, 47.51009 ], [ -122.25945, 47.50888 ], [ -122.26056, 47.50746 ] ] ] } },
{ "type": "Feature", "properties": { "id": 667, "population": 0, "o_score_pt": 998.788, "o_score_car": 1391.594, "CDI": 0.164 }, "geometry": { "type": "Polygon", "coordinates": [ [ [ -122.32912, 47.57466 ], [ -122.32912, 47.57466 ], [ -122.32905, 47.57466 ], [ -122.32905, 47.57466 ], [ -122.32912, 47.57466 ] ] ] } },
{ "type": "Feature", "properties": { "id": 668, "population": 298, "o_score_pt": 729.665, "o_score_car": 1147.311, "CDI": 0.223 }, "geometry": { "type": "Polygon", "coordinates": [ [ [ -122.39402, 47.67814 ], [ -122.39646, 47.67792 ], [ -122.39776, 47.67914 ], [ -122.39664, 47.68059 ], [ -122.39421, 47.6808 ], [ -122.3929, 47.67958 ], [ -122.39402, 47.67814 ] ] ] } },
{ "type": "Feature", "properties": { "id": 669, "population": 362, "o_score_pt": 1011.043, "o_score_car": 1507.246, "CDI": 0.197 }, "geometry": { "type": "Polygon", "coordinates": [ [ [ -122.32111, 47.64433 ], [ -122.32365, 47.64411 ], [ -122.32501, 47.64539 ], [ -122.32384, 47.64689 ], [ -122.32131, 47.64711 ], [ -122.31995, 47.64584 ], [ -122.32111, 47.64433 ] ] ] } },
{ "type": "Feature", "properties": { "id": 670, "population": 277, "o_score_pt": 790.944, "o_score_car": 1234.868, "CDI": 0.219 }, "geometry": { "type": "Polygon", "coordinates": [ [ [ -122.286, 47.69915 ], [ -122.28841, 47.69894 ], [ -122.28969, 47.70014 ], [ -122.28858, 47.70156 ], [ -122.28618, 47.70177 ], [ -122.2849, 47.70057 ], [ -122.286, 47.69915 ] ] ] } },
{ "type": "Feature", "properties": { "id": 671, "population": 386, "o_score_pt": 1030.431, "o_score_car": 1372.757, "CDI": 0.142 }, "geometry": { "type": "Polygon", "coordinates": [ [ [ -122.36224, 47.67226 ], [ -122.3648, 47.67204 ], [ -122.36618, 47.67333 ], [ -122.365, 47.67485 ], [ -122.36244, 47.67508 ], [ -122.36106, 47.67379 ], [ -122.36224, 47.67226 ] ] ] } },
{ "type": "Feature", "properties": { "id": 672, "population": 223, "o_score_pt": 801.967, "o_score_car": 1285.279, "CDI": 0.232 }, "geometry": { "type": "Polygon", "coordinates": [ [ [ -122.27583, 47.66567 ], [ -122.27813, 47.66547 ], [ -122.27934, 47.66661 ], [ -122.27829, 47.66797 ], [ -122.27599, 47.66817 ], [ -122.27477, 47.66703 ], [ -122.27583, 47.66567 ] ] ] } },
{ "type": "Feature", "properties": { "id": 673, "population": 460, "o_score_pt": 981.672, "o_score_car": 1293.952, "CDI": 0.137 }, "geometry": { "type": "Polygon", "coordinates": [ [ [ -122.3717, 47.64127 ], [ -122.37429, 47.64105 ], [ -122.37569, 47.64236 ], [ -122.3745, 47.6439 ], [ -122.37191, 47.64413 ], [ -122.37051, 47.64282 ], [ -122.3717, 47.64127 ] ] ] } },
{ "type": "Feature", "properties": { "id": 674, "population": 454, "o_score_pt": 1058.853, "o_score_car": 1410.923, "CDI": 0.143 }, "geometry": { "type": "Polygon", "coordinates": [ [ [ -122.33656, 47.69603 ], [ -122.33915, 47.6958 ], [ -122.34055, 47.69711 ], [ -122.33936, 47.69865 ], [ -122.33676, 47.69888 ], [ -122.33537, 47.69757 ], [ -122.33656, 47.69603 ] ] ] } },
{ "type": "Feature", "properties": { "id": 675, "population": 517, "o_score_pt": 919.989, "o_score_car": 1429.935, "CDI": 0.217 }, "geometry": { "type": "Polygon", "coordinates": [ [ [ -122.31195, 47.57185 ], [ -122.31454, 47.57163 ], [ -122.31593, 47.57294 ], [ -122.31474, 47.57448 ], [ -122.31215, 47.57471 ], [ -122.31076, 47.5734 ], [ -122.31195, 47.57185 ] ] ] } },
{ "type": "Feature", "properties": { "id": 676, "population": 276, "o_score_pt": 974.616, "o_score_car": 1378.575, "CDI": 0.172 }, "geometry": { "type": "Polygon", "coordinates": [ [ [ -122.29898, 47.60759 ], [ -122.30139, 47.60738 ], [ -122.30266, 47.60858 ], [ -122.30156, 47.61 ], [ -122.29916, 47.61021 ], [ -122.29788, 47.60901 ], [ -122.29898, 47.60759 ] ] ] } },
{ "type": "Feature", "properties": { "id": 677, "population": 559, "o_score_pt": 1158.009, "o_score_car": 1444.249, "CDI": 0.11 }, "geometry": { "type": "Polygon", "coordinates": [ [ [ -122.34735, 47.62907 ], [ -122.34994, 47.62884 ], [ -122.35134, 47.63015 ], [ -122.35015, 47.63169 ], [ -122.34756, 47.63192 ], [ -122.34616, 47.63061 ], [ -122.34735, 47.62907 ] ] ] } },
{ "type": "Feature", "properties": { "id": 678, "population": 356, "o_score_pt": 1117.301, "o_score_car": 1473.342, "CDI": 0.137 }, "geometry": { "type": "Polygon", "coordinates": [ [ [ -122.31223, 47.68386 ], [ -122.31476, 47.68364 ], [ -122.31612, 47.68491 ], [ -122.31495, 47.68641 ], [ -122.31243, 47.68663 ], [ -122.31107, 47.68536 ], [ -122.31223, 47.68386 ] ] ] } },
{ "type": "Feature", "properties": { "id": 679, "population": 56, "o_score_pt": 789.221, "o_score_car": 979.686, "CDI": 0.108 }, "geometry": { "type": "Polygon", "coordinates": [ [ [ -122.27755, 47.52082 ], [ -122.27918, 47.52068 ], [ -122.27998, 47.52143 ], [ -122.27923, 47.52239 ], [ -122.2776, 47.52253 ], [ -122.27681, 47.52178 ], [ -122.27755, 47.52082 ] ] ] } },
{ "type": "Feature", "properties": { "id": 680, "population": 307, "o_score_pt": 688.545, "o_score_car": 1111.088, "CDI": 0.235 }, "geometry": { "type": "Polygon", "coordinates": [ [ [ -122.28034, 47.56609 ], [ -122.2828, 47.56587 ], [ -122.2841, 47.5671 ], [ -122.28298, 47.56856 ], [ -122.28053, 47.56877 ], [ -122.27922, 47.56754 ], [ -122.28034, 47.56609 ] ] ] } },
{ "type": "Feature", "properties": { "id": 681, "population": 596, "o_score_pt": 857.676, "o_score_car": 1192.774, "CDI": 0.163 }, "geometry": { "type": "Polygon", "coordinates": [ [ [ -122.39709, 47.66773 ], [ -122.39968, 47.6675 ], [ -122.40108, 47.66881 ], [ -122.39989, 47.67035 ], [ -122.3973, 47.67058 ], [ -122.3959, 47.66927 ], [ -122.39709, 47.66773 ] ] ] } },
{ "type": "Feature", "properties": { "id": 682, "population": 146, "o_score_pt": 538.437, "o_score_car": 1053.876, "CDI": 0.324 }, "geometry": { "type": "Polygon", "coordinates": [ [ [ -122.26891, 47.51267 ], [ -122.271, 47.51249 ], [ -122.27208, 47.51351 ], [ -122.27112, 47.51475 ], [ -122.26903, 47.51493 ], [ -122.26795, 47.51391 ], [ -122.26891, 47.51267 ] ] ] } },
{ "type": "Feature", "properties": { "id": 683, "population": 161, "o_score_pt": 587.444, "o_score_car": 1164.715, "CDI": 0.329 }, "geometry": { "type": "Polygon", "coordinates": [ [ [ -122.36222, 47.72272 ], [ -122.36437, 47.72253 ], [ -122.36548, 47.72357 ], [ -122.3645, 47.72484 ], [ -122.36236, 47.72503 ], [ -122.36124, 47.72399 ], [ -122.36222, 47.72272 ] ] ] } },
{ "type": "Feature", "properties": { "id": 684, "population": 5, "o_score_pt": 476.919, "o_score_car": 1317.144, "CDI": 0.468 }, "geometry": { "type": "Polygon", "coordinates": [ [ [ -122.33939, 47.55776 ], [ -122.33994, 47.55771 ], [ -122.34004, 47.5578 ], [ -122.33981, 47.5581 ], [ -122.33926, 47.55815 ], [ -122.33916, 47.55805 ], [ -122.33939, 47.55776 ] ] ] } },
{ "type": "Feature", "properties": { "id": 685, "population": 269, "o_score_pt": 864.109, "o_score_car": 1193.983, "CDI": 0.16 }, "geometry": { "type": "Polygon", "coordinates": [ [ [ -122.26861, 47.67486 ], [ -122.271, 47.67465 ], [ -122.27227, 47.67584 ], [ -122.27117, 47.67725 ], [ -122.26878, 47.67746 ], [ -122.26751, 47.67627 ], [ -122.26861, 47.67486 ] ] ] } },
{ "type": "Feature", "properties": { "id": 686, "population": 217, "o_score_pt": 335.63, "o_score_car": 844.798, "CDI": 0.431 }, "geometry": { "type": "Polygon", "coordinates": [ [ [ -122.24449, 47.5003 ], [ -122.24677, 47.5001 ], [ -122.24797, 47.50123 ], [ -122.24692, 47.50259 ], [ -122.24464, 47.50279 ], [ -122.24344, 47.50165 ], [ -122.24449, 47.5003 ] ] ] } },
{ "type": "Feature", "properties": { "id": 687, "population": 292, "o_score_pt": 1056.46, "o_score_car": 1415.176, "CDI": 0.145 }, "geometry": { "type": "Polygon", "coordinates": [ [ [ -122.30061, 47.6304 ], [ -122.30304, 47.63019 ], [ -122.30433, 47.63141 ], [ -122.30322, 47.63285 ], [ -122.30079, 47.63306 ], [ -122.29949, 47.63184 ], [ -122.30061, 47.6304 ] ] ] } },
{ "type": "Feature", "properties": { "id": 688, "population": 440, "o_score_pt": 1021.983, "o_score_car": 1555.889, "CDI": 0.207 }, "geometry": { "type": "Polygon", "coordinates": [ [ [ -122.32651, 47.66535 ], [ -122.3291, 47.66512 ], [ -122.3305, 47.66643 ], [ -122.32931, 47.66797 ], [ -122.32672, 47.6682 ], [ -122.32532, 47.66689 ], [ -122.32651, 47.66535 ] ] ] } },
{ "type": "Feature", "properties": { "id": 689, "population": 274, "o_score_pt": 898.807, "o_score_car": 1270.015, "CDI": 0.171 }, "geometry": { "type": "Polygon", "coordinates": [ [ [ -122.29336, 47.58366 ], [ -122.29576, 47.58345 ], [ -122.29703, 47.58465 ], [ -122.29593, 47.58607 ], [ -122.29353, 47.58628 ], [ -122.29226, 47.58508 ], [ -122.29336, 47.58366 ] ] ] } },
{ "type": "Feature", "properties": { "id": 690, "population": 383, "o_score_pt": 1045.299, "o_score_car": 1396.418, "CDI": 0.144 }, "geometry": { "type": "Polygon", "coordinates": [ [ [ -122.36203, 47.66941 ], [ -122.36459, 47.66919 ], [ -122.36597, 47.67048 ], [ -122.36479, 47.672 ], [ -122.36223, 47.67223 ], [ -122.36085, 47.67094 ], [ -122.36203, 47.66941 ] ] ] } },
{ "type": "Feature", "properties": { "id": 691, "population": 412, "o_score_pt": 1080.981, "o_score_car": 1430.349, "CDI": 0.139 }, "geometry": { "type": "Polygon", "coordinates": [ [ [ -122.35113, 47.6273 ], [ -122.35372, 47.62707 ], [ -122.35512, 47.62838 ], [ -122.35393, 47.62992 ], [ -122.35134, 47.63015 ], [ -122.34994, 47.62884 ], [ -122.35113, 47.6273 ] ] ] } },
{ "type": "Feature", "properties": { "id": 692, "population": 0, "o_score_pt": 1231.073, "o_score_car": 1461.43, "CDI": 0.086 }, "geometry": { "type": "Polygon", "coordinates": [ [ [ -122.29623, 47.66083 ], [ -122.29623, 47.66083 ], [ -122.29616, 47.66084 ], [ -122.29616, 47.66084 ], [ -122.29623, 47.66083 ] ] ] } },
{ "type": "Feature", "properties": { "id": 693, "population": 8, "o_score_pt": 263.217, "o_score_car": 953.262, "CDI": 0.567 }, "geometry": { "type": "Polygon", "coordinates": [ [ [ -122.4137, 47.66738 ], [ -122.41445, 47.66732 ], [ -122.41468, 47.66753 ], [ -122.41436, 47.66794 ], [ -122.41361, 47.66801 ], [ -122.41338, 47.6678 ], [ -122.4137, 47.66738 ] ] ] } },
{ "type": "Feature", "properties": { "id": 694, "population": 104, "o_score_pt": 1624.448, "o_score_car": 1591.376, "CDI": -0.01 }, "geometry": { "type": "Polygon", "coordinates": [ [ [ -122.33432, 47.60621 ], [ -122.33626, 47.60604 ], [ -122.33724, 47.60696 ], [ -122.33635, 47.60809 ], [ -122.33442, 47.60826 ], [ -122.33344, 47.60734 ], [ -122.33432, 47.60621 ] ] ] } },
{ "type": "Feature", "properties": { "id": 695, "population": 330, "o_score_pt": 899.011, "o_score_car": 1297.896, "CDI": 0.182 }, "geometry": { "type": "Polygon", "coordinates": [ [ [ -122.35637, 47.69865 ], [ -122.35886, 47.69843 ], [ -122.36019, 47.69968 ], [ -122.35905, 47.70115 ], [ -122.35656, 47.70137 ], [ -122.35523, 47.70012 ], [ -122.35637, 47.69865 ] ] ] } },
{ "type": "Feature", "properties": { "id": 696, "population": 89, "o_score_pt": 377.844, "o_score_car": 1372.956, "CDI": 0.568 }, "geometry": { "type": "Polygon", "coordinates": [ [ [ -122.32349, 47.72631 ], [ -122.32535, 47.72614 ], [ -122.32629, 47.72702 ], [ -122.32544, 47.72811 ], [ -122.32358, 47.72827 ], [ -122.32264, 47.7274 ], [ -122.32349, 47.72631 ] ] ] } },
{ "type": "Feature", "properties": { "id": 697, "population": 963, "o_score_pt": 1037.182, "o_score_car": 1334.818, "CDI": 0.125 }, "geometry": { "type": "Polygon", "coordinates": [ [ [ -122.37756, 47.66802 ], [ -122.38015, 47.66779 ], [ -122.38155, 47.66911 ], [ -122.38036, 47.67065 ], [ -122.37776, 47.67087 ], [ -122.37637, 47.66956 ], [ -122.37756, 47.66802 ] ] ] } },
{ "type": "Feature", "properties": { "id": 698, "population": 303, "o_score_pt": 743.529, "o_score_car": 1207.187, "CDI": 0.238 }, "geometry": { "type": "Polygon", "coordinates": [ [ [ -122.38836, 47.65424 ], [ -122.39081, 47.65403 ], [ -122.39211, 47.65525 ], [ -122.39099, 47.6567 ], [ -122.38855, 47.65692 ], [ -122.38724, 47.65569 ], [ -122.38836, 47.65424 ] ] ] } },
{ "type": "Feature", "properties": { "id": 699, "population": 480, "o_score_pt": 1101.703, "o_score_car": 1464.313, "CDI": 0.141 }, "geometry": { "type": "Polygon", "coordinates": [ [ [ -122.33305, 47.64755 ], [ -122.33564, 47.64732 ], [ -122.33704, 47.64864 ], [ -122.33584, 47.65018 ], [ -122.33325, 47.65041 ], [ -122.33186, 47.64909 ], [ -122.33305, 47.64755 ] ] ] } },
{ "type": "Feature", "properties": { "id": 700, "population": 271, "o_score_pt": 392.067, "o_score_car": 927.946, "CDI": 0.406 }, "geometry": { "type": "Polygon", "coordinates": [ [ [ -122.25995, 47.49889 ], [ -122.26234, 47.49868 ], [ -122.26361, 47.49987 ], [ -122.26251, 47.5013 ], [ -122.26012, 47.5015 ], [ -122.25885, 47.50031 ], [ -122.25995, 47.49889 ] ] ] } },
{ "type": "Feature", "properties": { "id": 701, "population": 169, "o_score_pt": 827.258, "o_score_car": 1242.448, "CDI": 0.201 }, "geometry": { "type": "Polygon", "coordinates": [ [ [ -122.29894, 47.71394 ], [ -122.30111, 47.71375 ], [ -122.30224, 47.7148 ], [ -122.30125, 47.71608 ], [ -122.29908, 47.71627 ], [ -122.29795, 47.71522 ], [ -122.29894, 47.71394 ] ] ] } },
{ "type": "Feature", "properties": { "id": 702, "population": 27, "o_score_pt": 780.965, "o_score_car": 1403.69, "CDI": 0.285 }, "geometry": { "type": "Polygon", "coordinates": [ [ [ -122.30945, 47.63606 ], [ -122.31075, 47.63595 ], [ -122.31132, 47.63649 ], [ -122.31074, 47.63724 ], [ -122.30945, 47.63735 ], [ -122.30887, 47.63681 ], [ -122.30945, 47.63606 ] ] ] } },
{ "type": "Feature", "properties": { "id": 703, "population": 9, "o_score_pt": 367.47, "o_score_car": 1035.958, "CDI": 0.476 }, "geometry": { "type": "Polygon", "coordinates": [ [ [ -122.29418, 47.52851 ], [ -122.29497, 47.52844 ], [ -122.29523, 47.52868 ], [ -122.29489, 47.52913 ], [ -122.29409, 47.5292 ], [ -122.29383, 47.52896 ], [ -122.29418, 47.52851 ] ] ] } },
{ "type": "Feature", "properties": { "id": 704, "population": 351, "o_score_pt": 947.988, "o_score_car": 1341.515, "CDI": 0.172 }, "geometry": { "type": "Polygon", "coordinates": [ [ [ -122.37024, 47.67445 ], [ -122.37276, 47.67423 ], [ -122.37411, 47.6755 ], [ -122.37296, 47.67699 ], [ -122.37044, 47.67722 ], [ -122.36909, 47.67595 ], [ -122.37024, 47.67445 ] ] ] } },
{ "type": "Feature", "properties": { "id": 705, "population": 21, "o_score_pt": 750.21, "o_score_car": 1224.752, "CDI": 0.24 }, "geometry": { "type": "Polygon", "coordinates": [ [ [ -122.2685, 47.66412 ], [ -122.26968, 47.66402 ], [ -122.27018, 47.66449 ], [ -122.26965, 47.66517 ], [ -122.26847, 47.66527 ], [ -122.26797, 47.6648 ], [ -122.2685, 47.66412 ] ] ] } },
{ "type": "Feature", "properties": { "id": 706, "population": 447, "o_score_pt": 882.16, "o_score_car": 1404.39, "CDI": 0.228 }, "geometry": { "type": "Polygon", "coordinates": [ [ [ -122.35932, 47.63232 ], [ -122.36191, 47.63209 ], [ -122.36331, 47.6334 ], [ -122.36211, 47.63494 ], [ -122.35952, 47.63517 ], [ -122.35813, 47.63386 ], [ -122.35932, 47.63232 ] ] ] } },
{ "type": "Feature", "properties": { "id": 707, "population": 34, "o_score_pt": 645.882, "o_score_car": 1087.371, "CDI": 0.255 }, "geometry": { "type": "Polygon", "coordinates": [ [ [ -122.38394, 47.63948 ], [ -122.38534, 47.63936 ], [ -122.38599, 47.63996 ], [ -122.38536, 47.64078 ], [ -122.38395, 47.6409 ], [ -122.38331, 47.6403 ], [ -122.38394, 47.63948 ] ] ] } },
{ "type": "Feature", "properties": { "id": 708, "population": 67, "o_score_pt": 678.477, "o_score_car": 1241.172, "CDI": 0.293 }, "geometry": { "type": "Polygon", "coordinates": [ [ [ -122.30008, 47.56337 ], [ -122.30181, 47.56322 ], [ -122.30265, 47.56401 ], [ -122.30187, 47.56502 ], [ -122.30015, 47.56517 ], [ -122.2993, 47.56438 ], [ -122.30008, 47.56337 ] ] ] } },
{ "type": "Feature", "properties": { "id": 709, "population": 623, "o_score_pt": 1349.83, "o_score_car": 1492.242, "CDI": 0.05 }, "geometry": { "type": "Polygon", "coordinates": [ [ [ -122.34357, 47.63084 ], [ -122.34616, 47.63061 ], [ -122.34756, 47.63192 ], [ -122.34637, 47.63346 ], [ -122.34378, 47.63369 ], [ -122.34238, 47.63238 ], [ -122.34357, 47.63084 ] ] ] } },
{ "type": "Feature", "properties": { "id": 710, "population": 364, "o_score_pt": 922.591, "o_score_car": 1472.213, "CDI": 0.23 }, "geometry": { "type": "Polygon", "coordinates": [ [ [ -122.30844, 47.68562 ], [ -122.31098, 47.6854 ], [ -122.31234, 47.68668 ], [ -122.31118, 47.68818 ], [ -122.30864, 47.68841 ], [ -122.30728, 47.68713 ], [ -122.30844, 47.68562 ] ] ] } },
{ "type": "Feature", "properties": { "id": 711, "population": 11, "o_score_pt": 807.52, "o_score_car": 1285.754, "CDI": 0.228 }, "geometry": { "type": "Polygon", "coordinates": [ [ [ -122.32284, 47.54751 ], [ -122.32372, 47.54743 ], [ -122.32404, 47.54773 ], [ -122.32365, 47.54823 ], [ -122.32277, 47.5483 ], [ -122.32245, 47.54801 ], [ -122.32284, 47.54751 ] ] ] } },
{ "type": "Feature", "properties": { "id": 712, "population": 190, "o_score_pt": 609.918, "o_score_car": 1008.76, "CDI": 0.246 }, "geometry": { "type": "Polygon", "coordinates": [ [ [ -122.26811, 47.55724 ], [ -122.27033, 47.55704 ], [ -122.27149, 47.55814 ], [ -122.27048, 47.55945 ], [ -122.26826, 47.55965 ], [ -122.26709, 47.55855 ], [ -122.26811, 47.55724 ] ] ] } },
{ "type": "Feature", "properties": { "id": 713, "population": 372, "o_score_pt": 780.013, "o_score_car": 1125.643, "CDI": 0.181 }, "geometry": { "type": "Polygon", "coordinates": [ [ [ -122.39649, 47.6592 ], [ -122.39904, 47.65898 ], [ -122.40041, 47.66026 ], [ -122.39924, 47.66177 ], [ -122.39669, 47.662 ], [ -122.39532, 47.66071 ], [ -122.39649, 47.6592 ] ] ] } },
{ "type": "Feature", "properties": { "id": 714, "population": 98, "o_score_pt": 627.216, "o_score_car": 954.103, "CDI": 0.207 }, "geometry": { "type": "Polygon", "coordinates": [ [ [ -122.26983, 47.52421 ], [ -122.27174, 47.52405 ], [ -122.2727, 47.52495 ], [ -122.27183, 47.52607 ], [ -122.26993, 47.52624 ], [ -122.26896, 47.52533 ], [ -122.26983, 47.52421 ] ] ] } },
{ "type": "Feature", "properties": { "id": 715, "population": 13, "o_score_pt": 1400.221, "o_score_car": 1481.052, "CDI": 0.028 }, "geometry": { "type": "Polygon", "coordinates": [ [ [ -122.33028, 47.5971 ], [ -122.33124, 47.59702 ], [ -122.33161, 47.59736 ], [ -122.33118, 47.5979 ], [ -122.33022, 47.59799 ], [ -122.32986, 47.59765 ], [ -122.33028, 47.5971 ] ] ] } },
{ "type": "Feature", "properties": { "id": 716, "population": 0, "o_score_pt": 476.087, "o_score_car": 1242.448, "CDI": 0.446 }, "geometry": { "type": "Polygon", "coordinates": [ [ [ -122.33585, 47.5597 ], [ -122.33585, 47.5597 ], [ -122.33579, 47.5597 ], [ -122.33579, 47.5597 ], [ -122.33585, 47.5597 ] ] ] } },
{ "type": "Feature", "properties": { "id": 717, "population": 410, "o_score_pt": 1197.364, "o_score_car": 1381.903, "CDI": 0.072 }, "geometry": { "type": "Polygon", "coordinates": [ [ [ -122.29582, 47.67378 ], [ -122.29841, 47.67356 ], [ -122.29981, 47.67487 ], [ -122.29862, 47.67641 ], [ -122.29602, 47.67664 ], [ -122.29463, 47.67532 ], [ -122.29582, 47.67378 ] ] ] } },
{ "type": "Feature", "properties": { "id": 718, "population": 411, "o_score_pt": 826.818, "o_score_car": 1213.04, "CDI": 0.189 }, "geometry": { "type": "Polygon", "coordinates": [ [ [ -122.30274, 47.55254 ], [ -122.30533, 47.55231 ], [ -122.30673, 47.55363 ], [ -122.30554, 47.55517 ], [ -122.30295, 47.5554 ], [ -122.30155, 47.55408 ], [ -122.30274, 47.55254 ] ] ] } },
{ "type": "Feature", "properties": { "id": 719, "population": 58, "o_score_pt": 774.272, "o_score_car": 1219.269, "CDI": 0.223 }, "geometry": { "type": "Polygon", "coordinates": [ [ [ -122.34612, 47.71297 ], [ -122.34778, 47.71282 ], [ -122.34858, 47.71357 ], [ -122.34783, 47.71454 ], [ -122.34617, 47.71469 ], [ -122.34537, 47.71394 ], [ -122.34612, 47.71297 ] ] ] } },
{ "type": "Feature", "properties": { "id": 720, "population": 248, "o_score_pt": 1010.139, "o_score_car": 1316.335, "CDI": 0.132 }, "geometry": { "type": "Polygon", "coordinates": [ [ [ -122.30892, 47.58233 ], [ -122.31127, 47.58212 ], [ -122.31252, 47.58329 ], [ -122.31144, 47.58468 ], [ -122.30909, 47.58489 ], [ -122.30785, 47.58372 ], [ -122.30892, 47.58233 ] ] ] } },
{ "type": "Feature", "properties": { "id": 721, "population": 720, "o_score_pt": 1237.916, "o_score_car": 1511.936, "CDI": 0.1 }, "geometry": { "type": "Polygon", "coordinates": [ [ [ -122.34963, 47.66044 ], [ -122.35222, 47.66022 ], [ -122.35362, 47.66153 ], [ -122.35242, 47.66307 ], [ -122.34983, 47.6633 ], [ -122.34843, 47.66198 ], [ -122.34963, 47.66044 ] ] ] } },
{ "type": "Feature", "properties": { "id": 722, "population": 582, "o_score_pt": 928.015, "o_score_car": 1417.149, "CDI": 0.209 }, "geometry": { "type": "Polygon", "coordinates": [ [ [ -122.35911, 47.62947 ], [ -122.3617, 47.62924 ], [ -122.3631, 47.63055 ], [ -122.36191, 47.63209 ], [ -122.35932, 47.63232 ], [ -122.35792, 47.63101 ], [ -122.35911, 47.62947 ] ] ] } },
{ "type": "Feature", "properties": { "id": 723, "population": 1538, "o_score_pt": 1214.319, "o_score_car": 1465.571, "CDI": 0.094 }, "geometry": { "type": "Polygon", "coordinates": [ [ [ -122.30277, 47.66169 ], [ -122.30537, 47.66147 ], [ -122.30677, 47.66278 ], [ -122.30557, 47.66432 ], [ -122.30298, 47.66455 ], [ -122.30158, 47.66323 ], [ -122.30277, 47.66169 ] ] ] } },
{ "type": "Feature", "properties": { "id": 724, "population": 429, "o_score_pt": 667.072, "o_score_car": 1099.238, "CDI": 0.245 }, "geometry": { "type": "Polygon", "coordinates": [ [ [ -122.40025, 47.65741 ], [ -122.40284, 47.65718 ], [ -122.40423, 47.65849 ], [ -122.40304, 47.66003 ], [ -122.40045, 47.66026 ], [ -122.39905, 47.65895 ], [ -122.40025, 47.65741 ] ] ] } },
{ "type": "Feature", "properties": { "id": 725, "population": 533, "o_score_pt": 1126.824, "o_score_car": 1485.883, "CDI": 0.137 }, "geometry": { "type": "Polygon", "coordinates": [ [ [ -122.32741, 47.62364 ], [ -122.33, 47.62342 ], [ -122.3314, 47.62473 ], [ -122.33021, 47.62627 ], [ -122.32761, 47.6265 ], [ -122.32622, 47.62518 ], [ -122.32741, 47.62364 ] ] ] } },
{ "type": "Feature", "properties": { "id": 726, "population": 235, "o_score_pt": 892.699, "o_score_car": 1237.98, "CDI": 0.162 }, "geometry": { "type": "Polygon", "coordinates": [ [ [ -122.37202, 47.69737 ], [ -122.37434, 47.69716 ], [ -122.37557, 47.69831 ], [ -122.37451, 47.69969 ], [ -122.37218, 47.69989 ], [ -122.37095, 47.69874 ], [ -122.37202, 47.69737 ] ] ] } },
{ "type": "Feature", "properties": { "id": 727, "population": 19, "o_score_pt": 817.042, "o_score_car": 1415.042, "CDI": 0.268 }, "geometry": { "type": "Polygon", "coordinates": [ [ [ -122.32015, 47.56628 ], [ -122.32128, 47.56618 ], [ -122.32175, 47.56662 ], [ -122.32125, 47.56727 ], [ -122.32012, 47.56737 ], [ -122.31965, 47.56693 ], [ -122.32015, 47.56628 ] ] ] } },
{ "type": "Feature", "properties": { "id": 728, "population": 357, "o_score_pt": 861.445, "o_score_car": 1324.415, "CDI": 0.212 }, "geometry": { "type": "Polygon", "coordinates": [ [ [ -122.3019, 47.70342 ], [ -122.30443, 47.7032 ], [ -122.30579, 47.70447 ], [ -122.30463, 47.70597 ], [ -122.3021, 47.70619 ], [ -122.30074, 47.70492 ], [ -122.3019, 47.70342 ] ] ] } },
{ "type": "Feature", "properties": { "id": 729, "population": 1, "o_score_pt": 1152.084, "o_score_car": 1436.362, "CDI": 0.11 }, "geometry": { "type": "Polygon", "coordinates": [ [ [ -122.32238, 47.58962 ], [ -122.32238, 47.58962 ], [ -122.32231, 47.58962 ], [ -122.32231, 47.58962 ], [ -122.32238, 47.58962 ] ] ] } },
{ "type": "Feature", "properties": { "id": 730, "population": 395, "o_score_pt": 851.071, "o_score_car": 1269.237, "CDI": 0.197 }, "geometry": { "type": "Polygon", "coordinates": [ [ [ -122.31068, 47.71696 ], [ -122.31326, 47.71673 ], [ -122.31465, 47.71803 ], [ -122.31346, 47.71956 ], [ -122.31089, 47.71979 ], [ -122.3095, 47.71849 ], [ -122.31068, 47.71696 ] ] ] } },
{ "type": "Feature", "properties": { "id": 731, "population": 81, "o_score_pt": 0.954, "o_score_car": 1044.019, "CDI": 0.998 }, "geometry": { "type": "Polygon", "coordinates": [ [ [ -122.37398, 47.72045 ], [ -122.37579, 47.72029 ], [ -122.3767, 47.72113 ], [ -122.37587, 47.7222 ], [ -122.37406, 47.72236 ], [ -122.37315, 47.72151 ], [ -122.37398, 47.72045 ] ] ] } },
{ "type": "Feature", "properties": { "id": 732, "population": 54, "o_score_pt": 758.956, "o_score_car": 1232.209, "CDI": 0.238 }, "geometry": { "type": "Polygon", "coordinates": [ [ [ -122.38506, 47.65647 ], [ -122.38668, 47.65633 ], [ -122.38746, 47.65706 ], [ -122.38673, 47.65801 ], [ -122.38511, 47.65815 ], [ -122.38433, 47.65742 ], [ -122.38506, 47.65647 ] ] ] } },
{ "type": "Feature", "properties": { "id": 733, "population": 3, "o_score_pt": 833.047, "o_score_car": 1168.676, "CDI": 0.168 }, "geometry": { "type": "Polygon", "coordinates": [ [ [ -122.25854, 47.67841 ], [ -122.25843, 47.67856 ], [ -122.25811, 47.67859 ], [ -122.25823, 47.67844 ], [ -122.25854, 47.67841 ] ] ] } },
{ "type": "Feature", "properties": { "id": 734, "population": 436, "o_score_pt": 1264.331, "o_score_car": 1541.042, "CDI": 0.099 }, "geometry": { "type": "Polygon", "coordinates": [ [ [ -122.33387, 47.65896 ], [ -122.33646, 47.65873 ], [ -122.33786, 47.66005 ], [ -122.33667, 47.66159 ], [ -122.33408, 47.66181 ], [ -122.33268, 47.6605 ], [ -122.33387, 47.65896 ] ] ] } },
{ "type": "Feature", "properties": { "id": 735, "population": 628, "o_score_pt": 894.139, "o_score_car": 1242.601, "CDI": 0.163 }, "geometry": { "type": "Polygon", "coordinates": [ [ [ -122.29491, 47.71546 ], [ -122.2975, 47.71524 ], [ -122.2989, 47.71655 ], [ -122.29771, 47.71809 ], [ -122.29511, 47.71831 ], [ -122.29371, 47.717 ], [ -122.29491, 47.71546 ] ] ] } },
{ "type": "Feature", "properties": { "id": 736, "population": 220, "o_score_pt": 580.794, "o_score_car": 1147.528, "CDI": 0.328 }, "geometry": { "type": "Polygon", "coordinates": [ [ [ -122.27767, 47.69134 ], [ -122.27997, 47.69114 ], [ -122.28118, 47.69227 ], [ -122.28013, 47.69363 ], [ -122.27783, 47.69383 ], [ -122.27662, 47.6927 ], [ -122.27767, 47.69134 ] ] ] } },
{ "type": "Feature", "properties": { "id": 737, "population": 233, "o_score_pt": 684.645, "o_score_car": 1164.216, "CDI": 0.259 }, "geometry": { "type": "Polygon", "coordinates": [ [ [ -122.38379, 47.69776 ], [ -122.38611, 47.69756 ], [ -122.38733, 47.69871 ], [ -122.38627, 47.70008 ], [ -122.38395, 47.70029 ], [ -122.38272, 47.69914 ], [ -122.38379, 47.69776 ] ] ] } },
{ "type": "Feature", "properties": { "id": 738, "population": 137, "o_score_pt": 377.988, "o_score_car": 1255.445, "CDI": 0.537 }, "geometry": { "type": "Polygon", "coordinates": [ [ [ -122.32757, 47.73012 ], [ -122.32964, 47.72994 ], [ -122.3307, 47.73094 ], [ -122.32976, 47.73215 ], [ -122.32769, 47.73234 ], [ -122.32663, 47.73134 ], [ -122.32757, 47.73012 ] ] ] } },
{ "type": "Feature", "properties": { "id": 739, "population": 198, "o_score_pt": 937.394, "o_score_car": 1278.804, "CDI": 0.154 }, "geometry": { "type": "Polygon", "coordinates": [ [ [ -122.29069, 47.59979 ], [ -122.29293, 47.5996 ], [ -122.29411, 47.6007 ], [ -122.29308, 47.60203 ], [ -122.29084, 47.60223 ], [ -122.28966, 47.60112 ], [ -122.29069, 47.59979 ] ] ] } },
{ "type": "Feature", "properties": { "id": 740, "population": 342, "o_score_pt": 942.799, "o_score_car": 1372.381, "CDI": 0.186 }, "geometry": { "type": "Polygon", "coordinates": [ [ [ -122.35932, 47.68547 ], [ -122.36182, 47.68525 ], [ -122.36316, 47.68651 ], [ -122.36201, 47.68799 ], [ -122.35951, 47.68821 ], [ -122.35816, 47.68696 ], [ -122.35932, 47.68547 ] ] ] } },
{ "type": "Feature", "properties": { "id": 741, "population": 421, "o_score_pt": 970.378, "o_score_car": 1374.769, "CDI": 0.172 }, "geometry": { "type": "Polygon", "coordinates": [ [ [ -122.28323, 47.66197 ], [ -122.28582, 47.66175 ], [ -122.28722, 47.66306 ], [ -122.28603, 47.6646 ], [ -122.28344, 47.66482 ], [ -122.28204, 47.66351 ], [ -122.28323, 47.66197 ] ] ] } },
{ "type": "Feature", "properties": { "id": 742, "population": 432, "o_score_pt": 938.392, "o_score_car": 1361.536, "CDI": 0.184 }, "geometry": { "type": "Polygon", "coordinates": [ [ [ -122.36729, 47.63449 ], [ -122.36988, 47.63426 ], [ -122.37128, 47.63557 ], [ -122.37009, 47.63711 ], [ -122.3675, 47.63734 ], [ -122.3661, 47.63603 ], [ -122.36729, 47.63449 ] ] ] } },
{ "type": "Feature", "properties": { "id": 743, "population": 373, "o_score_pt": 785.548, "o_score_car": 1233.727, "CDI": 0.222 }, "geometry": { "type": "Polygon", "coordinates": [ [ [ -122.35359, 47.71463 ], [ -122.35613, 47.71441 ], [ -122.35751, 47.71569 ], [ -122.35633, 47.7172 ], [ -122.35379, 47.71743 ], [ -122.35242, 47.71614 ], [ -122.35359, 47.71463 ] ] ] } },
{ "type": "Feature", "properties": { "id": 744, "population": 207, "o_score_pt": 633.939, "o_score_car": 1073.987, "CDI": 0.258 }, "geometry": { "type": "Polygon", "coordinates": [ [ [ -122.27606, 47.55939 ], [ -122.27832, 47.55919 ], [ -122.27951, 47.56031 ], [ -122.27847, 47.56165 ], [ -122.27621, 47.56185 ], [ -122.27502, 47.56073 ], [ -122.27606, 47.55939 ] ] ] } },
{ "type": "Feature", "properties": { "id": 745, "population": 89, "o_score_pt": 768.148, "o_score_car": 1143.925, "CDI": 0.197 }, "geometry": { "type": "Polygon", "coordinates": [ [ [ -122.39311, 47.66136 ], [ -122.39497, 47.66119 ], [ -122.3959, 47.66206 ], [ -122.39506, 47.66316 ], [ -122.3932, 47.66332 ], [ -122.39226, 47.66245 ], [ -122.39311, 47.66136 ] ] ] } },
{ "type": "Feature", "properties": { "id": 746, "population": 284, "o_score_pt": 617.782, "o_score_car": 949.391, "CDI": 0.212 }, "geometry": { "type": "Polygon", "coordinates": [ [ [ -122.26576, 47.52569 ], [ -122.26817, 47.52548 ], [ -122.26945, 47.52669 ], [ -122.26834, 47.52813 ], [ -122.26593, 47.52834 ], [ -122.26465, 47.52713 ], [ -122.26576, 47.52569 ] ] ] } },
{ "type": "Feature", "properties": { "id": 747, "population": 0, "o_score_pt": 820.531, "o_score_car": 1217.88, "CDI": 0.195 }, "geometry": { "type": "Polygon", "coordinates": [ [ [ -122.32788, 47.55752 ], [ -122.32788, 47.55752 ], [ -122.32781, 47.55753 ], [ -122.32781, 47.55753 ], [ -122.32788, 47.55752 ] ] ] } },
{ "type": "Feature", "properties": { "id": 748, "population": 330, "o_score_pt": 912.084, "o_score_car": 1345.036, "CDI": 0.192 }, "geometry": { "type": "Polygon", "coordinates": [ [ [ -122.29209, 47.67561 ], [ -122.29458, 47.67539 ], [ -122.29592, 47.67664 ], [ -122.29477, 47.67812 ], [ -122.29228, 47.67834 ], [ -122.29095, 47.67709 ], [ -122.29209, 47.67561 ] ] ] } },
{ "type": "Feature", "properties": { "id": 749, "population": 387, "o_score_pt": 698.651, "o_score_car": 1303.159, "CDI": 0.302 }, "geometry": { "type": "Polygon", "coordinates": [ [ [ -122.30215, 47.54399 ], [ -122.30471, 47.54376 ], [ -122.30609, 47.54506 ], [ -122.30491, 47.54659 ], [ -122.30235, 47.54681 ], [ -122.30097, 47.54551 ], [ -122.30215, 47.54399 ] ] ] } },
{ "type": "Feature", "properties": { "id": 750, "population": 149, "o_score_pt": 629.073, "o_score_car": 1314.555, "CDI": 0.353 }, "geometry": { "type": "Polygon", "coordinates": [ [ [ -122.28904, 47.63018 ], [ -122.29114, 47.63 ], [ -122.29223, 47.63102 ], [ -122.29127, 47.63226 ], [ -122.28916, 47.63245 ], [ -122.28807, 47.63142 ], [ -122.28904, 47.63018 ] ] ] } },
{ "type": "Feature", "properties": { "id": 751, "population": 100, "o_score_pt": 115.396, "o_score_car": 1054.612, "CDI": 0.803 }, "geometry": { "type": "Polygon", "coordinates": [ [ [ -122.40231, 47.68059 ], [ -122.40422, 47.68042 ], [ -122.40519, 47.68133 ], [ -122.40432, 47.68246 ], [ -122.4024, 47.68263 ], [ -122.40144, 47.68172 ], [ -122.40231, 47.68059 ] ] ] } },
{ "type": "Feature", "properties": { "id": 752, "population": 667, "o_score_pt": 1111.831, "o_score_car": 1400.101, "CDI": 0.115 }, "geometry": { "type": "Polygon", "coordinates": [ [ [ -122.34496, 47.70389 ], [ -122.34755, 47.70367 ], [ -122.34895, 47.70498 ], [ -122.34775, 47.70652 ], [ -122.34516, 47.70674 ], [ -122.34376, 47.70543 ], [ -122.34496, 47.70389 ] ] ] } },
{ "type": "Feature", "properties": { "id": 753, "population": 2, "o_score_pt": 962.424, "o_score_car": 1468.205, "CDI": 0.208 }, "geometry": { "type": "Polygon", "coordinates": [ [ [ -122.34411, 47.67384 ], [ -122.34411, 47.67384 ], [ -122.34405, 47.67385 ], [ -122.34405, 47.67385 ], [ -122.34411, 47.67384 ] ] ] } },
{ "type": "Feature", "properties": { "id": 754, "population": 352, "o_score_pt": 906.424, "o_score_car": 1364.355, "CDI": 0.202 }, "geometry": { "type": "Polygon", "coordinates": [ [ [ -122.3168, 47.5844 ], [ -122.31932, 47.58418 ], [ -122.32067, 47.58545 ], [ -122.31951, 47.58695 ], [ -122.31699, 47.58717 ], [ -122.31564, 47.5859 ], [ -122.3168, 47.5844 ] ] ] } },
{ "type": "Feature", "properties": { "id": 755, "population": 152, "o_score_pt": 801.536, "o_score_car": 1214.659, "CDI": 0.205 }, "geometry": { "type": "Polygon", "coordinates": [ [ [ -122.28637, 47.59307 ], [ -122.28848, 47.59288 ], [ -122.28958, 47.59391 ], [ -122.28861, 47.59516 ], [ -122.2865, 47.59535 ], [ -122.2854, 47.59432 ], [ -122.28637, 47.59307 ] ] ] } },
{ "type": "Feature", "properties": { "id": 756, "population": 271, "o_score_pt": 626.235, "o_score_car": 1138.984, "CDI": 0.29 }, "geometry": { "type": "Polygon", "coordinates": [ [ [ -122.28171, 47.63926 ], [ -122.2841, 47.63905 ], [ -122.28537, 47.64025 ], [ -122.28427, 47.64166 ], [ -122.28188, 47.64187 ], [ -122.28061, 47.64068 ], [ -122.28171, 47.63926 ] ] ] } },
{ "type": "Feature", "properties": { "id": 757, "population": 0, "o_score_pt": 1334.68, "o_score_car": 1546.939, "CDI": 0.074 }, "geometry": { "type": "Polygon", "coordinates": [ [ [ -122.34816, 47.62182 ], [ -122.34816, 47.62182 ], [ -122.3481, 47.62182 ], [ -122.3481, 47.62182 ], [ -122.34816, 47.62182 ] ] ] } },
{ "type": "Feature", "properties": { "id": 758, "population": 1127, "o_score_pt": 1317.804, "o_score_car": 1600.304, "CDI": 0.097 }, "geometry": { "type": "Polygon", "coordinates": [ [ [ -122.31832, 47.66033 ], [ -122.32092, 47.6601 ], [ -122.32232, 47.66141 ], [ -122.32112, 47.66295 ], [ -122.31853, 47.66318 ], [ -122.31713, 47.66187 ], [ -122.31832, 47.66033 ] ] ] } },
{ "type": "Feature", "properties": { "id": 759, "population": 147, "o_score_pt": 630.593, "o_score_car": 1171.579, "CDI": 0.3 }, "geometry": { "type": "Polygon", "coordinates": [ [ [ -122.28535, 47.5788 ], [ -122.28745, 47.57861 ], [ -122.28854, 47.57963 ], [ -122.28758, 47.58087 ], [ -122.28548, 47.58106 ], [ -122.28439, 47.58004 ], [ -122.28535, 47.5788 ] ] ] } },
{ "type": "Feature", "properties": { "id": 760, "population": 26, "o_score_pt": 596.419, "o_score_car": 1048.438, "CDI": 0.275 }, "geometry": { "type": "Polygon", "coordinates": [ [ [ -122.40899, 47.6603 ], [ -122.41027, 47.66019 ], [ -122.41083, 47.66072 ], [ -122.41026, 47.66146 ], [ -122.40898, 47.66157 ], [ -122.40842, 47.66104 ], [ -122.40899, 47.6603 ] ] ] } },
{ "type": "Feature", "properties": { "id": 761, "population": 97, "o_score_pt": 370.806, "o_score_car": 971.691, "CDI": 0.448 }, "geometry": { "type": "Polygon", "coordinates": [ [ [ -122.41535, 47.64501 ], [ -122.41725, 47.64484 ], [ -122.41821, 47.64574 ], [ -122.41734, 47.64686 ], [ -122.41544, 47.64703 ], [ -122.41449, 47.64613 ], [ -122.41535, 47.64501 ] ] ] } },
{ "type": "Feature", "properties": { "id": 762, "population": 799, "o_score_pt": 1322.567, "o_score_car": 1529.59, "CDI": 0.073 }, "geometry": { "type": "Polygon", "coordinates": [ [ [ -122.31503, 47.61468 ], [ -122.31762, 47.61445 ], [ -122.31902, 47.61577 ], [ -122.31783, 47.61731 ], [ -122.31524, 47.61753 ], [ -122.31384, 47.61622 ], [ -122.31503, 47.61468 ] ] ] } },
{ "type": "Feature", "properties": { "id": 763, "population": 162, "o_score_pt": 604.146, "o_score_car": 1166.281, "CDI": 0.318 }, "geometry": { "type": "Polygon", "coordinates": [ [ [ -122.3801, 47.69963 ], [ -122.38225, 47.69944 ], [ -122.38337, 47.70048 ], [ -122.38238, 47.70175 ], [ -122.38024, 47.70194 ], [ -122.37912, 47.7009 ], [ -122.3801, 47.69963 ] ] ] } },
{ "type": "Feature", "properties": { "id": 764, "population": 367, "o_score_pt": 1057.711, "o_score_car": 1335.401, "CDI": 0.116 }, "geometry": { "type": "Polygon", "coordinates": [ [ [ -122.31745, 47.70204 ], [ -122.31999, 47.70182 ], [ -122.32136, 47.7031 ], [ -122.32019, 47.70461 ], [ -122.31765, 47.70483 ], [ -122.31628, 47.70355 ], [ -122.31745, 47.70204 ] ] ] } },
{ "type": "Feature", "properties": { "id": 765, "population": 227, "o_score_pt": 484.636, "o_score_car": 935.839, "CDI": 0.318 }, "geometry": { "type": "Polygon", "coordinates": [ [ [ -122.26408, 47.5561 ], [ -122.26638, 47.5559 ], [ -122.2676, 47.55704 ], [ -122.26654, 47.55841 ], [ -122.26423, 47.55861 ], [ -122.26302, 47.55747 ], [ -122.26408, 47.5561 ] ] ] } },
{ "type": "Feature", "properties": { "id": 766, "population": 469, "o_score_pt": 845.549, "o_score_car": 1325.288, "CDI": 0.221 }, "geometry": { "type": "Polygon", "coordinates": [ [ [ -122.31866, 47.71911 ], [ -122.32125, 47.71889 ], [ -122.32265, 47.7202 ], [ -122.32146, 47.72174 ], [ -122.31887, 47.72196 ], [ -122.31747, 47.72065 ], [ -122.31866, 47.71911 ] ] ] } },
{ "type": "Feature", "properties": { "id": 767, "population": 673, "o_score_pt": 1101.417, "o_score_car": 1490.607, "CDI": 0.15 }, "geometry": { "type": "Polygon", "coordinates": [ [ [ -122.32376, 47.68138 ], [ -122.32635, 47.68115 ], [ -122.32775, 47.68246 ], [ -122.32656, 47.684 ], [ -122.32396, 47.68423 ], [ -122.32256, 47.68291 ], [ -122.32376, 47.68138 ] ] ] } },
{ "type": "Feature", "properties": { "id": 768, "population": 304, "o_score_pt": 900.147, "o_score_car": 1316.695, "CDI": 0.188 }, "geometry": { "type": "Polygon", "coordinates": [ [ [ -122.2916, 47.61395 ], [ -122.29404, 47.61374 ], [ -122.29535, 47.61496 ], [ -122.29423, 47.61642 ], [ -122.29178, 47.61663 ], [ -122.29047, 47.6154 ], [ -122.2916, 47.61395 ] ] ] } },
{ "type": "Feature", "properties": { "id": 769, "population": 12, "o_score_pt": 885.336, "o_score_car": 1223.932, "CDI": 0.161 }, "geometry": { "type": "Polygon", "coordinates": [ [ [ -122.37749, 47.6547 ], [ -122.37841, 47.65462 ], [ -122.37875, 47.65493 ], [ -122.37835, 47.65546 ], [ -122.37742, 47.65554 ], [ -122.37708, 47.65522 ], [ -122.37749, 47.6547 ] ] ] } },
{ "type": "Feature", "properties": { "id": 770, "population": 98, "o_score_pt": 568.691, "o_score_car": 1113.214, "CDI": 0.324 }, "geometry": { "type": "Polygon", "coordinates": [ [ [ -122.25671, 47.66902 ], [ -122.25862, 47.66885 ], [ -122.25958, 47.66975 ], [ -122.25871, 47.67087 ], [ -122.25681, 47.67104 ], [ -122.25585, 47.67014 ], [ -122.25671, 47.66902 ] ] ] } },
{ "type": "Feature", "properties": { "id": 771, "population": 409, "o_score_pt": 1158.188, "o_score_car": 1559.982, "CDI": 0.148 }, "geometry": { "type": "Polygon", "coordinates": [ [ [ -122.33009, 47.66073 ], [ -122.33268, 47.6605 ], [ -122.33408, 47.66181 ], [ -122.33289, 47.66335 ], [ -122.3303, 47.66358 ], [ -122.3289, 47.66227 ], [ -122.33009, 47.66073 ] ] ] } },
{ "type": "Feature", "properties": { "id": 772, "population": 0, "o_score_pt": 1.562, "o_score_car": 939.635, "CDI": 0.997 }, "geometry": { "type": "Polygon", "coordinates": [ [ [ -122.2498, 47.55861 ], [ -122.2498, 47.55861 ], [ -122.24974, 47.55861 ], [ -122.24974, 47.55861 ], [ -122.2498, 47.55861 ] ] ] } },
{ "type": "Feature", "properties": { "id": 773, "population": 207, "o_score_pt": 750.016, "o_score_car": 1176.853, "CDI": 0.222 }, "geometry": { "type": "Polygon", "coordinates": [ [ [ -122.28711, 47.71348 ], [ -122.28938, 47.71328 ], [ -122.29057, 47.7144 ], [ -122.28953, 47.71574 ], [ -122.28726, 47.71593 ], [ -122.28607, 47.71482 ], [ -122.28711, 47.71348 ] ] ] } },
{ "type": "Feature", "properties": { "id": 774, "population": 250, "o_score_pt": 881.653, "o_score_car": 1167.946, "CDI": 0.14 }, "geometry": { "type": "Polygon", "coordinates": [ [ [ -122.27385, 47.69307 ], [ -122.27621, 47.69286 ], [ -122.27746, 47.69403 ], [ -122.27637, 47.69543 ], [ -122.27402, 47.69563 ], [ -122.27277, 47.69446 ], [ -122.27385, 47.69307 ] ] ] } },
{ "type": "Feature", "properties": { "id": 775, "population": 334, "o_score_pt": 589.506, "o_score_car": 994.742, "CDI": 0.256 }, "geometry": { "type": "Polygon", "coordinates": [ [ [ -122.28481, 47.51967 ], [ -122.2873, 47.51945 ], [ -122.28864, 47.5207 ], [ -122.28749, 47.52219 ], [ -122.285, 47.52241 ], [ -122.28367, 47.52115 ], [ -122.28481, 47.51967 ] ] ] } },
{ "type": "Feature", "properties": { "id": 776, "population": 339, "o_score_pt": 1021.151, "o_score_car": 1243.732, "CDI": 0.098 }, "geometry": { "type": "Polygon", "coordinates": [ [ [ -122.38306, 47.68911 ], [ -122.38556, 47.68889 ], [ -122.3869, 47.69015 ], [ -122.38575, 47.69163 ], [ -122.38325, 47.69185 ], [ -122.38191, 47.6906 ], [ -122.38306, 47.68911 ] ] ] } },
{ "type": "Feature", "properties": { "id": 777, "population": 0, "o_score_pt": 1149.691, "o_score_car": 1430.279, "CDI": 0.109 }, "geometry": { "type": "Polygon", "coordinates": [ [ [ -122.29981, 47.65621 ], [ -122.29981, 47.65621 ], [ -122.29974, 47.65622 ], [ -122.29974, 47.65622 ], [ -122.29981, 47.65621 ] ] ] } },
{ "type": "Feature", "properties": { "id": 778, "population": 369, "o_score_pt": 822.469, "o_score_car": 1171.64, "CDI": 0.175 }, "geometry": { "type": "Polygon", "coordinates": [ [ [ -122.35463, 47.72888 ], [ -122.35717, 47.72866 ], [ -122.35854, 47.72994 ], [ -122.35737, 47.73145 ], [ -122.35483, 47.73167 ], [ -122.35346, 47.73039 ], [ -122.35463, 47.72888 ] ] ] } },
{ "type": "Feature", "properties": { "id": 779, "population": 307, "o_score_pt": 937.174, "o_score_car": 1411.252, "CDI": 0.202 }, "geometry": { "type": "Polygon", "coordinates": [ [ [ -122.32446, 47.69001 ], [ -122.32691, 47.68979 ], [ -122.32822, 47.69102 ], [ -122.32709, 47.69247 ], [ -122.32464, 47.69269 ], [ -122.32333, 47.69146 ], [ -122.32446, 47.69001 ] ] ] } },
{ "type": "Feature", "properties": { "id": 780, "population": 456, "o_score_pt": 993.6, "o_score_car": 1348.991, "CDI": 0.152 }, "geometry": { "type": "Polygon", "coordinates": [ [ [ -122.29846, 47.60177 ], [ -122.30105, 47.60154 ], [ -122.30245, 47.60286 ], [ -122.30126, 47.6044 ], [ -122.29867, 47.60463 ], [ -122.29727, 47.60331 ], [ -122.29846, 47.60177 ] ] ] } },
{ "type": "Feature", "properties": { "id": 781, "population": 92, "o_score_pt": 801.463, "o_score_car": 1307.56, "CDI": 0.24 }, "geometry": { "type": "Polygon", "coordinates": [ [ [ -122.29163, 47.66454 ], [ -122.29351, 47.66438 ], [ -122.29445, 47.66526 ], [ -122.29359, 47.66637 ], [ -122.29172, 47.66653 ], [ -122.29077, 47.66565 ], [ -122.29163, 47.66454 ] ] ] } },
{ "type": "Feature", "properties": { "id": 782, "population": 495, "o_score_pt": 996.671, "o_score_car": 1437.616, "CDI": 0.181 }, "geometry": { "type": "Polygon", "coordinates": [ [ [ -122.35636, 47.6455 ], [ -122.35895, 47.64527 ], [ -122.36035, 47.64658 ], [ -122.35916, 47.64812 ], [ -122.35657, 47.64835 ], [ -122.35517, 47.64704 ], [ -122.35636, 47.6455 ] ] ] } },
{ "type": "Feature", "properties": { "id": 783, "population": 410, "o_score_pt": 962.721, "o_score_car": 1388.784, "CDI": 0.181 }, "geometry": { "type": "Polygon", "coordinates": [ [ [ -122.30002, 47.67772 ], [ -122.30261, 47.67749 ], [ -122.30401, 47.67881 ], [ -122.30281, 47.68035 ], [ -122.30022, 47.68057 ], [ -122.29882, 47.67926 ], [ -122.30002, 47.67772 ] ] ] } },
{ "type": "Feature", "properties": { "id": 784, "population": 571, "o_score_pt": 1050.428, "o_score_car": 1558.689, "CDI": 0.195 }, "geometry": { "type": "Polygon", "coordinates": [ [ [ -122.32466, 47.63968 ], [ -122.32725, 47.63945 ], [ -122.32865, 47.64076 ], [ -122.32745, 47.6423 ], [ -122.32486, 47.64253 ], [ -122.32346, 47.64122 ], [ -122.32466, 47.63968 ] ] ] } },
{ "type": "Feature", "properties": { "id": 785, "population": 258, "o_score_pt": 546.339, "o_score_car": 1158.572, "CDI": 0.359 }, "geometry": { "type": "Polygon", "coordinates": [ [ [ -122.36168, 47.71689 ], [ -122.36405, 47.71669 ], [ -122.3653, 47.71786 ], [ -122.36422, 47.71927 ], [ -122.36185, 47.71948 ], [ -122.36059, 47.7183 ], [ -122.36168, 47.71689 ] ] ] } },
{ "type": "Feature", "properties": { "id": 786, "population": 567, "o_score_pt": 927.923, "o_score_car": 1217.356, "CDI": 0.135 }, "geometry": { "type": "Polygon", "coordinates": [ [ [ -122.38616, 47.67874 ], [ -122.38875, 47.67851 ], [ -122.39015, 47.67982 ], [ -122.38896, 47.68136 ], [ -122.38637, 47.68159 ], [ -122.38497, 47.68028 ], [ -122.38616, 47.67874 ] ] ] } },
{ "type": "Feature", "properties": { "id": 787, "population": 350, "o_score_pt": 1020.429, "o_score_car": 1462.217, "CDI": 0.178 }, "geometry": { "type": "Polygon", "coordinates": [ [ [ -122.35221, 47.64161 ], [ -122.35473, 47.64138 ], [ -122.35608, 47.64265 ], [ -122.35492, 47.64414 ], [ -122.35241, 47.64437 ], [ -122.35106, 47.6431 ], [ -122.35221, 47.64161 ] ] ] } },
{ "type": "Feature", "properties": { "id": 788, "population": 307, "o_score_pt": 882.268, "o_score_car": 1283.112, "CDI": 0.185 }, "geometry": { "type": "Polygon", "coordinates": [ [ [ -122.28413, 47.67346 ], [ -122.28659, 47.67324 ], [ -122.2879, 47.67447 ], [ -122.28677, 47.67593 ], [ -122.28431, 47.67614 ], [ -122.283, 47.67491 ], [ -122.28413, 47.67346 ] ] ] } },
{ "type": "Feature", "properties": { "id": 789, "population": 239, "o_score_pt": 824.276, "o_score_car": 1310.88, "CDI": 0.228 }, "geometry": { "type": "Polygon", "coordinates": [ [ [ -122.2754, 47.65995 ], [ -122.27773, 47.65974 ], [ -122.27897, 47.6609 ], [ -122.2779, 47.66228 ], [ -122.27556, 47.66248 ], [ -122.27433, 47.66133 ], [ -122.2754, 47.65995 ] ] ] } },
{ "type": "Feature", "properties": { "id": 790, "population": 344, "o_score_pt": 722.31, "o_score_car": 1242.122, "CDI": 0.265 }, "geometry": { "type": "Polygon", "coordinates": [ [ [ -122.2984, 47.54579 ], [ -122.3009, 47.54557 ], [ -122.30225, 47.54683 ], [ -122.30109, 47.54832 ], [ -122.29859, 47.54854 ], [ -122.29725, 47.54728 ], [ -122.2984, 47.54579 ] ] ] } },
{ "type": "Feature", "properties": { "id": 791, "population": 88, "o_score_pt": 968.438, "o_score_car": 1468.304, "CDI": 0.205 }, "geometry": { "type": "Polygon", "coordinates": [ [ [ -122.31649, 47.62936 ], [ -122.31834, 47.6292 ], [ -122.31927, 47.63007 ], [ -122.31843, 47.63116 ], [ -122.31657, 47.63132 ], [ -122.31565, 47.63045 ], [ -122.31649, 47.62936 ] ] ] } },
{ "type": "Feature", "properties": { "id": 792, "population": 537, "o_score_pt": 1036.517, "o_score_car": 1390.946, "CDI": 0.146 }, "geometry": { "type": "Polygon", "coordinates": [ [ [ -122.34117, 47.70566 ], [ -122.34376, 47.70543 ], [ -122.34516, 47.70674 ], [ -122.34397, 47.70828 ], [ -122.34138, 47.70851 ], [ -122.33998, 47.7072 ], [ -122.34117, 47.70566 ] ] ] } },
{ "type": "Feature", "properties": { "id": 793, "population": 199, "o_score_pt": 1099.373, "o_score_car": 1533.475, "CDI": 0.165 }, "geometry": { "type": "Polygon", "coordinates": [ [ [ -122.34226, 47.66418 ], [ -122.34451, 47.66398 ], [ -122.34568, 47.66508 ], [ -122.34466, 47.66641 ], [ -122.34241, 47.66661 ], [ -122.34123, 47.6655 ], [ -122.34226, 47.66418 ] ] ] } },
{ "type": "Feature", "properties": { "id": 794, "population": 450, "o_score_pt": 884.122, "o_score_car": 1315.086, "CDI": 0.196 }, "geometry": { "type": "Polygon", "coordinates": [ [ [ -122.30439, 47.57539 ], [ -122.30698, 47.57516 ], [ -122.30837, 47.57648 ], [ -122.30718, 47.57802 ], [ -122.30459, 47.57825 ], [ -122.30319, 47.57693 ], [ -122.30439, 47.57539 ] ] ] } },
{ "type": "Feature", "properties": { "id": 795, "population": 365, "o_score_pt": 1148.015, "o_score_car": 1389.955, "CDI": 0.095 }, "geometry": { "type": "Polygon", "coordinates": [ [ [ -122.36583, 47.66766 ], [ -122.36836, 47.66744 ], [ -122.36973, 47.66871 ], [ -122.36856, 47.67022 ], [ -122.36602, 47.67044 ], [ -122.36466, 47.66917 ], [ -122.36583, 47.66766 ] ] ] } },
{ "type": "Feature", "properties": { "id": 796, "population": 265, "o_score_pt": 709.88, "o_score_car": 1132.16, "CDI": 0.229 }, "geometry": { "type": "Polygon", "coordinates": [ [ [ -122.2859, 47.53402 ], [ -122.28828, 47.53381 ], [ -122.28954, 47.535 ], [ -122.28845, 47.53641 ], [ -122.28607, 47.53662 ], [ -122.28481, 47.53543 ], [ -122.2859, 47.53402 ] ] ] } },
{ "type": "Feature", "properties": { "id": 797, "population": 1, "o_score_pt": 4.175, "o_score_car": 905.085, "CDI": 0.991 }, "geometry": { "type": "Polygon", "coordinates": [ [ [ -122.4252, 47.6595 ], [ -122.4252, 47.6595 ], [ -122.42513, 47.6595 ], [ -122.42513, 47.6595 ], [ -122.4252, 47.6595 ] ] ] } },
{ "type": "Feature", "properties": { "id": 798, "population": 2194, "o_score_pt": 1410.82, "o_score_car": 1585.524, "CDI": 0.058 }, "geometry": { "type": "Polygon", "coordinates": [ [ [ -122.32301, 47.61685 ], [ -122.3256, 47.61662 ], [ -122.327, 47.61794 ], [ -122.3258, 47.61948 ], [ -122.32321, 47.6197 ], [ -122.32182, 47.61839 ], [ -122.32301, 47.61685 ] ] ] } },
{ "type": "Feature", "properties": { "id": 799, "population": 310, "o_score_pt": 992.653, "o_score_car": 1307.6, "CDI": 0.137 }, "geometry": { "type": "Polygon", "coordinates": [ [ [ -122.36753, 47.69051 ], [ -122.36999, 47.69029 ], [ -122.3713, 47.69152 ], [ -122.37018, 47.69298 ], [ -122.36772, 47.6932 ], [ -122.3664, 47.69197 ], [ -122.36753, 47.69051 ] ] ] } },
{ "type": "Feature", "properties": { "id": 800, "population": 2, "o_score_pt": 897.476, "o_score_car": 1360.061, "CDI": 0.205 }, "geometry": { "type": "Polygon", "coordinates": [ [ [ -122.33688, 47.57397 ], [ -122.33688, 47.57397 ], [ -122.33682, 47.57398 ], [ -122.33682, 47.57398 ], [ -122.33688, 47.57397 ] ] ] } },
{ "type": "Feature", "properties": { "id": 801, "population": 0, "o_score_pt": 1222.133, "o_score_car": 1343.677, "CDI": 0.047 }, "geometry": { "type": "Polygon", "coordinates": [ [ [ -122.32684, 47.70549 ], [ -122.32684, 47.70549 ], [ -122.32677, 47.7055 ], [ -122.32677, 47.7055 ], [ -122.32684, 47.70549 ] ] ] } },
{ "type": "Feature", "properties": { "id": 802, "population": 300, "o_score_pt": 553.394, "o_score_car": 1189.261, "CDI": 0.365 }, "geometry": { "type": "Polygon", "coordinates": [ [ [ -122.3078, 47.7302 ], [ -122.31024, 47.72998 ], [ -122.31154, 47.7312 ], [ -122.31042, 47.73265 ], [ -122.30798, 47.73287 ], [ -122.30667, 47.73164 ], [ -122.3078, 47.7302 ] ] ] } },
{ "type": "Feature", "properties": { "id": 803, "population": 352, "o_score_pt": 890.65, "o_score_car": 1308.169, "CDI": 0.19 }, "geometry": { "type": "Polygon", "coordinates": [ [ [ -122.28777, 47.61568 ], [ -122.29029, 47.61546 ], [ -122.29164, 47.61673 ], [ -122.29048, 47.61822 ], [ -122.28796, 47.61844 ], [ -122.28661, 47.61717 ], [ -122.28777, 47.61568 ] ] ] } },
{ "type": "Feature", "properties": { "id": 804, "population": 300, "o_score_pt": 634.388, "o_score_car": 1150.684, "CDI": 0.289 }, "geometry": { "type": "Polygon", "coordinates": [ [ [ -122.39215, 47.65248 ], [ -122.39459, 47.65226 ], [ -122.39589, 47.65348 ], [ -122.39477, 47.65493 ], [ -122.39233, 47.65515 ], [ -122.39103, 47.65392 ], [ -122.39215, 47.65248 ] ] ] } },
{ "type": "Feature", "properties": { "id": 805, "population": 458, "o_score_pt": 973.002, "o_score_car": 1390.697, "CDI": 0.177 }, "geometry": { "type": "Polygon", "coordinates": [ [ [ -122.35128, 47.68326 ], [ -122.35387, 47.68303 ], [ -122.35527, 47.68434 ], [ -122.35408, 47.68588 ], [ -122.35149, 47.68611 ], [ -122.35009, 47.6848 ], [ -122.35128, 47.68326 ] ] ] } },
{ "type": "Feature", "properties": { "id": 806, "population": 91, "o_score_pt": 568.148, "o_score_car": 1102.434, "CDI": 0.32 }, "geometry": { "type": "Polygon", "coordinates": [ [ [ -122.25295, 47.6708 ], [ -122.25482, 47.67064 ], [ -122.25576, 47.67152 ], [ -122.25491, 47.67262 ], [ -122.25303, 47.67278 ], [ -122.25209, 47.6719 ], [ -122.25295, 47.6708 ] ] ] } },
{ "type": "Feature", "properties": { "id": 807, "population": 436, "o_score_pt": 1193.299, "o_score_car": 1575.021, "CDI": 0.138 }, "geometry": { "type": "Polygon", "coordinates": [ [ [ -122.32211, 47.65856 ], [ -122.3247, 47.65833 ], [ -122.3261, 47.65965 ], [ -122.32491, 47.66119 ], [ -122.32232, 47.66141 ], [ -122.32092, 47.6601 ], [ -122.32211, 47.65856 ] ] ] } },
{ "type": "Feature", "properties": { "id": 808, "population": 253, "o_score_pt": 305.244, "o_score_car": 907.884, "CDI": 0.497 }, "geometry": { "type": "Polygon", "coordinates": [ [ [ -122.26375, 47.49714 ], [ -122.26611, 47.49693 ], [ -122.26736, 47.49811 ], [ -122.26627, 47.49951 ], [ -122.26392, 47.49971 ], [ -122.26267, 47.49854 ], [ -122.26375, 47.49714 ] ] ] } },
{ "type": "Feature", "properties": { "id": 809, "population": 305, "o_score_pt": 1092.554, "o_score_car": 1470.989, "CDI": 0.148 }, "geometry": { "type": "Polygon", "coordinates": [ [ [ -122.31051, 47.60511 ], [ -122.31296, 47.6049 ], [ -122.31427, 47.60612 ], [ -122.31314, 47.60758 ], [ -122.31069, 47.60779 ], [ -122.30938, 47.60656 ], [ -122.31051, 47.60511 ] ] ] } },
{ "type": "Feature", "properties": { "id": 810, "population": 3, "o_score_pt": 1.566, "o_score_car": 939.922, "CDI": 0.997 }, "geometry": { "type": "Polygon", "coordinates": [ [ [ -122.36819, 47.73332 ], [ -122.36808, 47.73347 ], [ -122.36776, 47.73349 ], [ -122.36788, 47.73335 ], [ -122.36819, 47.73332 ] ] ] } },
{ "type": "Feature", "properties": { "id": 811, "population": 0, "o_score_pt": 421.07, "o_score_car": 920.158, "CDI": 0.372 }, "geometry": { "type": "Polygon", "coordinates": [ [ [ -122.24919, 47.55004 ], [ -122.24919, 47.55004 ], [ -122.24913, 47.55004 ], [ -122.24913, 47.55004 ], [ -122.24919, 47.55004 ] ] ] } },
{ "type": "Feature", "properties": { "id": 812, "population": 223, "o_score_pt": 639.832, "o_score_car": 1282.565, "CDI": 0.334 }, "geometry": { "type": "Polygon", "coordinates": [ [ [ -122.29384, 47.69853 ], [ -122.29615, 47.69832 ], [ -122.29736, 47.69946 ], [ -122.2963, 47.70082 ], [ -122.294, 47.70102 ], [ -122.29279, 47.69989 ], [ -122.29384, 47.69853 ] ] ] } },
{ "type": "Feature", "properties": { "id": 813, "population": 368, "o_score_pt": 925.236, "o_score_car": 1239.363, "CDI": 0.145 }, "geometry": { "type": "Polygon", "coordinates": [ [ [ -122.37925, 47.69086 ], [ -122.38179, 47.69063 ], [ -122.38316, 47.69191 ], [ -122.38199, 47.69342 ], [ -122.37945, 47.69365 ], [ -122.37808, 47.69237 ], [ -122.37925, 47.69086 ] ] ] } },
{ "type": "Feature", "properties": { "id": 814, "population": 452, "o_score_pt": 666.959, "o_score_car": 1160.372, "CDI": 0.27 }, "geometry": { "type": "Polygon", "coordinates": [ [ [ -122.35081, 47.73062 ], [ -122.3534, 47.73039 ], [ -122.3548, 47.7317 ], [ -122.35361, 47.73324 ], [ -122.35102, 47.73347 ], [ -122.34962, 47.73216 ], [ -122.35081, 47.73062 ] ] ] } },
{ "type": "Feature", "properties": { "id": 815, "population": 640, "o_score_pt": 1043.378, "o_score_car": 1413.053, "CDI": 0.15 }, "geometry": { "type": "Polygon", "coordinates": [ [ [ -122.3517, 47.68896 ], [ -122.35429, 47.68873 ], [ -122.35569, 47.69004 ], [ -122.3545, 47.69158 ], [ -122.3519, 47.69181 ], [ -122.3505, 47.6905 ], [ -122.3517, 47.68896 ] ] ] } },
{ "type": "Feature", "properties": { "id": 816, "population": 227, "o_score_pt": 829.4, "o_score_car": 1170.375, "CDI": 0.171 }, "geometry": { "type": "Polygon", "coordinates": [ [ [ -122.29198, 47.56372 ], [ -122.29428, 47.56352 ], [ -122.2955, 47.56466 ], [ -122.29444, 47.56603 ], [ -122.29214, 47.56623 ], [ -122.29092, 47.56509 ], [ -122.29198, 47.56372 ] ] ] } },
{ "type": "Feature", "properties": { "id": 817, "population": 194, "o_score_pt": 1196.65, "o_score_car": 1482.354, "CDI": 0.107 }, "geometry": { "type": "Polygon", "coordinates": [ [ [ -122.31421, 47.60061 ], [ -122.31644, 47.60041 ], [ -122.31761, 47.60151 ], [ -122.31659, 47.60283 ], [ -122.31436, 47.60303 ], [ -122.31319, 47.60193 ], [ -122.31421, 47.60061 ] ] ] } },
{ "type": "Feature", "properties": { "id": 818, "population": 394, "o_score_pt": 1062.478, "o_score_car": 1425.114, "CDI": 0.146 }, "geometry": { "type": "Polygon", "coordinates": [ [ [ -122.34751, 47.68503 ], [ -122.35008, 47.68481 ], [ -122.35147, 47.68611 ], [ -122.35029, 47.68764 ], [ -122.34771, 47.68786 ], [ -122.34633, 47.68656 ], [ -122.34751, 47.68503 ] ] ] } },
{ "type": "Feature", "properties": { "id": 819, "population": 705, "o_score_pt": 833.24, "o_score_car": 1209.226, "CDI": 0.184 }, "geometry": { "type": "Polygon", "coordinates": [ [ [ -122.29559, 47.56179 ], [ -122.29818, 47.56157 ], [ -122.29958, 47.56288 ], [ -122.29839, 47.56442 ], [ -122.2958, 47.56465 ], [ -122.2944, 47.56333 ], [ -122.29559, 47.56179 ] ] ] } },
{ "type": "Feature", "properties": { "id": 820, "population": 323, "o_score_pt": 748.86, "o_score_car": 1281.886, "CDI": 0.262 }, "geometry": { "type": "Polygon", "coordinates": [ [ [ -122.2789, 47.65524 ], [ -122.28138, 47.65503 ], [ -122.2827, 47.65627 ], [ -122.28156, 47.65774 ], [ -122.27908, 47.65796 ], [ -122.27776, 47.65671 ], [ -122.2789, 47.65524 ] ] ] } },
{ "type": "Feature", "properties": { "id": 821, "population": 364, "o_score_pt": 1022.244, "o_score_car": 1380.926, "CDI": 0.149 }, "geometry": { "type": "Polygon", "coordinates": [ [ [ -122.34815, 47.69361 ], [ -122.35069, 47.69338 ], [ -122.35205, 47.69466 ], [ -122.35089, 47.69617 ], [ -122.34835, 47.69639 ], [ -122.34699, 47.69511 ], [ -122.34815, 47.69361 ] ] ] } },
{ "type": "Feature", "properties": { "id": 822, "population": 312, "o_score_pt": 631.618, "o_score_car": 1018.907, "CDI": 0.235 }, "geometry": { "type": "Polygon", "coordinates": [ [ [ -122.26756, 47.55139 ], [ -122.27002, 47.55117 ], [ -122.27134, 47.55241 ], [ -122.27021, 47.55387 ], [ -122.26775, 47.55409 ], [ -122.26643, 47.55285 ], [ -122.26756, 47.55139 ] ] ] } },
{ "type": "Feature", "properties": { "id": 823, "population": 267, "o_score_pt": 395.351, "o_score_car": 1037.915, "CDI": 0.448 }, "geometry": { "type": "Polygon", "coordinates": [ [ [ -122.41129, 47.64651 ], [ -122.41367, 47.6463 ], [ -122.41494, 47.64748 ], [ -122.41385, 47.6489 ], [ -122.41146, 47.64911 ], [ -122.41019, 47.64792 ], [ -122.41129, 47.64651 ] ] ] } },
{ "type": "Feature", "properties": { "id": 824, "population": 141, "o_score_pt": 95.997, "o_score_car": 1055.541, "CDI": 0.833 }, "geometry": { "type": "Polygon", "coordinates": [ [ [ -122.40579, 47.67588 ], [ -122.40786, 47.6757 ], [ -122.40894, 47.6767 ], [ -122.40799, 47.67793 ], [ -122.40591, 47.67811 ], [ -122.40484, 47.67711 ], [ -122.40579, 47.67588 ] ] ] } },
{ "type": "Feature", "properties": { "id": 825, "population": 189, "o_score_pt": 1049.795, "o_score_car": 1365.591, "CDI": 0.131 }, "geometry": { "type": "Polygon", "coordinates": [ [ [ -122.31738, 47.59028 ], [ -122.3196, 47.59009 ], [ -122.32076, 47.59118 ], [ -122.31975, 47.59249 ], [ -122.31753, 47.59269 ], [ -122.31637, 47.5916 ], [ -122.31738, 47.59028 ] ] ] } },
{ "type": "Feature", "properties": { "id": 826, "population": 174, "o_score_pt": 684.04, "o_score_car": 1201.16, "CDI": 0.274 }, "geometry": { "type": "Polygon", "coordinates": [ [ [ -122.38706, 47.63443 ], [ -122.38924, 47.63423 ], [ -122.39038, 47.6353 ], [ -122.38938, 47.63659 ], [ -122.3872, 47.63678 ], [ -122.38606, 47.63572 ], [ -122.38706, 47.63443 ] ] ] } },
{ "type": "Feature", "properties": { "id": 827, "population": 589, "o_score_pt": 1010.327, "o_score_car": 1322.249, "CDI": 0.134 }, "geometry": { "type": "Polygon", "coordinates": [ [ [ -122.37377, 47.66979 ], [ -122.37637, 47.66956 ], [ -122.37776, 47.67087 ], [ -122.37657, 47.67241 ], [ -122.37398, 47.67264 ], [ -122.37258, 47.67133 ], [ -122.37377, 47.66979 ] ] ] } },
{ "type": "Feature", "properties": { "id": 828, "population": 260, "o_score_pt": 794.657, "o_score_car": 982.655, "CDI": 0.106 }, "geometry": { "type": "Polygon", "coordinates": [ [ [ -122.27334, 47.52218 ], [ -122.27571, 47.52197 ], [ -122.27697, 47.52316 ], [ -122.27588, 47.52457 ], [ -122.27351, 47.52477 ], [ -122.27225, 47.52359 ], [ -122.27334, 47.52218 ] ] ] } },
{ "type": "Feature", "properties": { "id": 829, "population": 129, "o_score_pt": 429.542, "o_score_car": 1022.605, "CDI": 0.408 }, "geometry": { "type": "Polygon", "coordinates": [ [ [ -122.28448, 47.72962 ], [ -122.28652, 47.72944 ], [ -122.28756, 47.73042 ], [ -122.28663, 47.73162 ], [ -122.28459, 47.7318 ], [ -122.28355, 47.73082 ], [ -122.28448, 47.72962 ] ] ] } },
{ "type": "Feature", "properties": { "id": 830, "population": 254, "o_score_pt": 10.564, "o_score_car": 1164.696, "CDI": 0.982 }, "geometry": { "type": "Polygon", "coordinates": [ [ [ -122.27323, 47.68451 ], [ -122.2756, 47.6843 ], [ -122.27685, 47.68548 ], [ -122.27576, 47.68688 ], [ -122.2734, 47.68709 ], [ -122.27215, 47.68591 ], [ -122.27323, 47.68451 ] ] ] } },
{ "type": "Feature", "properties": { "id": 831, "population": 145, "o_score_pt": 969.66, "o_score_car": 1327.351, "CDI": 0.156 }, "geometry": { "type": "Polygon", "coordinates": [ [ [ -122.31257, 47.631 ], [ -122.31466, 47.63081 ], [ -122.31574, 47.63183 ], [ -122.31478, 47.63306 ], [ -122.31269, 47.63325 ], [ -122.31161, 47.63223 ], [ -122.31257, 47.631 ] ] ] } },
{ "type": "Feature", "properties": { "id": 832, "population": 37, "o_score_pt": 809.314, "o_score_car": 1226.507, "CDI": 0.205 }, "geometry": { "type": "Polygon", "coordinates": [ [ [ -122.3353, 47.72409 ], [ -122.33675, 47.72396 ], [ -122.33741, 47.72458 ], [ -122.33676, 47.72542 ], [ -122.33532, 47.72555 ], [ -122.33465, 47.72493 ], [ -122.3353, 47.72409 ] ] ] } },
{ "type": "Feature", "properties": { "id": 833, "population": 0, "o_score_pt": 379.136, "o_score_car": 999.385, "CDI": 0.45 }, "geometry": { "type": "Polygon", "coordinates": [ [ [ -122.247, 47.68379 ], [ -122.247, 47.68379 ], [ -122.24693, 47.6838 ], [ -122.24693, 47.6838 ], [ -122.247, 47.68379 ] ] ] } },
{ "type": "Feature", "properties": { "id": 834, "population": 249, "o_score_pt": 1046.09, "o_score_car": 1507.007, "CDI": 0.181 }, "geometry": { "type": "Polygon", "coordinates": [ [ [ -122.33842, 47.66588 ], [ -122.34077, 47.66568 ], [ -122.34201, 47.66685 ], [ -122.34094, 47.66824 ], [ -122.33858, 47.66845 ], [ -122.33734, 47.66728 ], [ -122.33842, 47.66588 ] ] ] } },
{ "type": "Feature", "properties": { "id": 835, "population": 84, "o_score_pt": 1098.469, "o_score_car": 1410.132, "CDI": 0.124 }, "geometry": { "type": "Polygon", "coordinates": [ [ [ -122.36561, 47.6595 ], [ -122.36745, 47.65934 ], [ -122.36836, 47.66019 ], [ -122.36753, 47.66127 ], [ -122.3657, 47.66143 ], [ -122.36478, 47.66058 ], [ -122.36561, 47.6595 ] ] ] } },
{ "type": "Feature", "properties": { "id": 836, "population": 360, "o_score_pt": 908.248, "o_score_car": 1394.061, "CDI": 0.211 }, "geometry": { "type": "Polygon", "coordinates": [ [ [ -122.36293, 47.62773 ], [ -122.36545, 47.62751 ], [ -122.36681, 47.62878 ], [ -122.36565, 47.63029 ], [ -122.36312, 47.63051 ], [ -122.36176, 47.62923 ], [ -122.36293, 47.62773 ] ] ] } },
{ "type": "Feature", "properties": { "id": 837, "population": 1793, "o_score_pt": 1297.912, "o_score_car": 1516.211, "CDI": 0.078 }, "geometry": { "type": "Polygon", "coordinates": [ [ [ -122.30656, 47.65993 ], [ -122.30915, 47.6597 ], [ -122.31055, 47.66101 ], [ -122.30936, 47.66255 ], [ -122.30677, 47.66278 ], [ -122.30537, 47.66147 ], [ -122.30656, 47.65993 ] ] ] } },
{ "type": "Feature", "properties": { "id": 838, "population": 453, "o_score_pt": 800.6, "o_score_car": 1126.6, "CDI": 0.169 }, "geometry": { "type": "Polygon", "coordinates": [ [ [ -122.282, 47.53567 ], [ -122.28459, 47.53544 ], [ -122.28599, 47.53676 ], [ -122.28479, 47.5383 ], [ -122.2822, 47.53853 ], [ -122.28081, 47.53721 ], [ -122.282, 47.53567 ] ] ] } },
{ "type": "Feature", "properties": { "id": 839, "population": 56, "o_score_pt": 711.34, "o_score_car": 1275.127, "CDI": 0.284 }, "geometry": { "type": "Polygon", "coordinates": [ [ [ -122.33918, 47.72506 ], [ -122.34082, 47.72492 ], [ -122.34161, 47.72566 ], [ -122.34087, 47.72661 ], [ -122.33923, 47.72676 ], [ -122.33844, 47.72602 ], [ -122.33918, 47.72506 ] ] ] } },
{ "type": "Feature", "properties": { "id": 840, "population": 154, "o_score_pt": 638.304, "o_score_car": 1136.319, "CDI": 0.281 }, "geometry": { "type": "Polygon", "coordinates": [ [ [ -122.28095, 47.57198 ], [ -122.28307, 47.5718 ], [ -122.28416, 47.57283 ], [ -122.28319, 47.57409 ], [ -122.28107, 47.57427 ], [ -122.27998, 47.57324 ], [ -122.28095, 47.57198 ] ] ] } },
{ "type": "Feature", "properties": { "id": 841, "population": 380, "o_score_pt": 1441.171, "o_score_car": 1567.763, "CDI": 0.042 }, "geometry": { "type": "Polygon", "coordinates": [ [ [ -122.33857, 47.6155 ], [ -122.34112, 47.61528 ], [ -122.3425, 47.61657 ], [ -122.34132, 47.61809 ], [ -122.33877, 47.61831 ], [ -122.33739, 47.61702 ], [ -122.33857, 47.6155 ] ] ] } },
{ "type": "Feature", "properties": { "id": 842, "population": 1, "o_score_pt": 76.808, "o_score_car": 1219.807, "CDI": 0.882 }, "geometry": { "type": "Polygon", "coordinates": [ [ [ -122.33626, 47.56541 ], [ -122.33626, 47.56541 ], [ -122.3362, 47.56541 ], [ -122.3362, 47.56541 ], [ -122.33626, 47.56541 ] ] ] } },
{ "type": "Feature", "properties": { "id": 843, "population": 287, "o_score_pt": 915.025, "o_score_car": 1382.593, "CDI": 0.204 }, "geometry": { "type": "Polygon", "coordinates": [ [ [ -122.31312, 47.69533 ], [ -122.31554, 47.69511 ], [ -122.31683, 47.69632 ], [ -122.31572, 47.69776 ], [ -122.3133, 47.69797 ], [ -122.31201, 47.69676 ], [ -122.31312, 47.69533 ] ] ] } },
{ "type": "Feature", "properties": { "id": 844, "population": 369, "o_score_pt": 652.38, "o_score_car": 1087.751, "CDI": 0.25 }, "geometry": { "type": "Polygon", "coordinates": [ [ [ -122.40007, 47.65458 ], [ -122.40261, 47.65436 ], [ -122.40397, 47.65564 ], [ -122.40281, 47.65715 ], [ -122.40027, 47.65737 ], [ -122.3989, 47.65609 ], [ -122.40007, 47.65458 ] ] ] } },
{ "type": "Feature", "properties": { "id": 845, "population": 341, "o_score_pt": 1177.109, "o_score_car": 1515.56, "CDI": 0.126 }, "geometry": { "type": "Polygon", "coordinates": [ [ [ -122.33771, 47.65724 ], [ -122.34021, 47.65702 ], [ -122.34155, 47.65828 ], [ -122.3404, 47.65977 ], [ -122.3379, 47.65999 ], [ -122.33656, 47.65873 ], [ -122.33771, 47.65724 ] ] ] } },
{ "type": "Feature", "properties": { "id": 846, "population": 256, "o_score_pt": 701.977, "o_score_car": 1205.327, "CDI": 0.264 }, "geometry": { "type": "Polygon", "coordinates": [ [ [ -122.28142, 47.68953 ], [ -122.28379, 47.68932 ], [ -122.28504, 47.6905 ], [ -122.28395, 47.6919 ], [ -122.28159, 47.69211 ], [ -122.28033, 47.69093 ], [ -122.28142, 47.68953 ] ] ] } },
{ "type": "Feature", "properties": { "id": 847, "population": 138, "o_score_pt": 699.419, "o_score_car": 1064.914, "CDI": 0.207 }, "geometry": { "type": "Polygon", "coordinates": [ [ [ -122.28425, 47.72675 ], [ -122.28633, 47.72657 ], [ -122.28739, 47.72757 ], [ -122.28645, 47.72879 ], [ -122.28437, 47.72897 ], [ -122.28331, 47.72797 ], [ -122.28425, 47.72675 ] ] ] } },
{ "type": "Feature", "properties": { "id": 848, "population": 92, "o_score_pt": 55.545, "o_score_car": 1021.111, "CDI": 0.897 }, "geometry": { "type": "Polygon", "coordinates": [ [ [ -122.39959, 47.69663 ], [ -122.40147, 47.69647 ], [ -122.40241, 47.69735 ], [ -122.40156, 47.69845 ], [ -122.39968, 47.69862 ], [ -122.39874, 47.69774 ], [ -122.39959, 47.69663 ] ] ] } },
{ "type": "Feature", "properties": { "id": 849, "population": 278, "o_score_pt": 749.595, "o_score_car": 1222.742, "CDI": 0.24 }, "geometry": { "type": "Polygon", "coordinates": [ [ [ -122.34293, 47.72856 ], [ -122.34534, 47.72835 ], [ -122.34662, 47.72955 ], [ -122.34552, 47.73097 ], [ -122.34311, 47.73119 ], [ -122.34183, 47.72999 ], [ -122.34293, 47.72856 ] ] ] } },
{ "type": "Feature", "properties": { "id": 850, "population": 495, "o_score_pt": 1038.82, "o_score_car": 1416.646, "CDI": 0.154 }, "geometry": { "type": "Polygon", "coordinates": [ [ [ -122.34791, 47.69072 ], [ -122.3505, 47.6905 ], [ -122.3519, 47.69181 ], [ -122.35071, 47.69335 ], [ -122.34812, 47.69358 ], [ -122.34672, 47.69226 ], [ -122.34791, 47.69072 ] ] ] } },
{ "type": "Feature", "properties": { "id": 851, "population": 8, "o_score_pt": 901.315, "o_score_car": 1280.84, "CDI": 0.174 }, "geometry": { "type": "Polygon", "coordinates": [ [ [ -122.30842, 47.56323 ], [ -122.30917, 47.56317 ], [ -122.30939, 47.56338 ], [ -122.30907, 47.56379 ], [ -122.30832, 47.56386 ], [ -122.3081, 47.56365 ], [ -122.30842, 47.56323 ] ] ] } },
{ "type": "Feature", "properties": { "id": 852, "population": 277, "o_score_pt": 922.95, "o_score_car": 1288.466, "CDI": 0.165 }, "geometry": { "type": "Polygon", "coordinates": [ [ [ -122.37492, 47.68415 ], [ -122.37733, 47.68394 ], [ -122.37861, 47.68514 ], [ -122.3775, 47.68656 ], [ -122.3751, 47.68678 ], [ -122.37382, 47.68558 ], [ -122.37492, 47.68415 ] ] ] } },
{ "type": "Feature", "properties": { "id": 853, "population": 288, "o_score_pt": 1073.604, "o_score_car": 1503.317, "CDI": 0.167 }, "geometry": { "type": "Polygon", "coordinates": [ [ [ -122.31629, 47.685 ], [ -122.31871, 47.68479 ], [ -122.32, 47.686 ], [ -122.31889, 47.68744 ], [ -122.31646, 47.68765 ], [ -122.31517, 47.68644 ], [ -122.31629, 47.685 ] ] ] } },
{ "type": "Feature", "properties": { "id": 854, "population": 280, "o_score_pt": 609.206, "o_score_car": 973.64, "CDI": 0.23 }, "geometry": { "type": "Polygon", "coordinates": [ [ [ -122.26381, 47.55318 ], [ -122.26622, 47.55297 ], [ -122.2675, 47.55418 ], [ -122.26639, 47.55561 ], [ -122.26399, 47.55582 ], [ -122.26271, 47.55461 ], [ -122.26381, 47.55318 ] ] ] } },
{ "type": "Feature", "properties": { "id": 855, "population": 256, "o_score_pt": 680.097, "o_score_car": 1160.002, "CDI": 0.261 }, "geometry": { "type": "Polygon", "coordinates": [ [ [ -122.39892, 47.63757 ], [ -122.40128, 47.63736 ], [ -122.40254, 47.63854 ], [ -122.40145, 47.63994 ], [ -122.39909, 47.64015 ], [ -122.39783, 47.63897 ], [ -122.39892, 47.63757 ] ] ] } },
{ "type": "Feature", "properties": { "id": 856, "population": 129, "o_score_pt": 865.086, "o_score_car": 1245.172, "CDI": 0.18 }, "geometry": { "type": "Polygon", "coordinates": [ [ [ -122.29061, 47.59705 ], [ -122.29264, 47.59687 ], [ -122.29369, 47.59786 ], [ -122.29276, 47.59906 ], [ -122.29072, 47.59924 ], [ -122.28968, 47.59825 ], [ -122.29061, 47.59705 ] ] ] } },
{ "type": "Feature", "properties": { "id": 857, "population": 108, "o_score_pt": 981.077, "o_score_car": 1429.587, "CDI": 0.186 }, "geometry": { "type": "Polygon", "coordinates": [ [ [ -122.32063, 47.63325 ], [ -122.32258, 47.63307 ], [ -122.32357, 47.634 ], [ -122.32268, 47.63515 ], [ -122.32073, 47.63533 ], [ -122.31974, 47.6344 ], [ -122.32063, 47.63325 ] ] ] } },
{ "type": "Feature", "properties": { "id": 858, "population": 1, "o_score_pt": 1.766, "o_score_car": 1024.338, "CDI": 0.997 }, "geometry": { "type": "Polygon", "coordinates": [ [ [ -122.28976, 47.5163 ], [ -122.28976, 47.5163 ], [ -122.2897, 47.5163 ], [ -122.2897, 47.5163 ], [ -122.28976, 47.5163 ] ] ] } },
{ "type": "Feature", "properties": { "id": 859, "population": 212, "o_score_pt": 674.874, "o_score_car": 1113.206, "CDI": 0.245 }, "geometry": { "type": "Polygon", "coordinates": [ [ [ -122.39516, 47.69248 ], [ -122.39744, 47.69228 ], [ -122.39863, 47.6934 ], [ -122.39759, 47.69475 ], [ -122.39532, 47.69495 ], [ -122.39412, 47.69383 ], [ -122.39516, 47.69248 ] ] ] } },
{ "type": "Feature", "properties": { "id": 860, "population": 58, "o_score_pt": 785.804, "o_score_car": 1372.512, "CDI": 0.272 }, "geometry": { "type": "Polygon", "coordinates": [ [ [ -122.31483, 47.55062 ], [ -122.31649, 47.55047 ], [ -122.31729, 47.55123 ], [ -122.31654, 47.5522 ], [ -122.31489, 47.55234 ], [ -122.31408, 47.55159 ], [ -122.31483, 47.55062 ] ] ] } },
{ "type": "Feature", "properties": { "id": 861, "population": 21, "o_score_pt": 657.488, "o_score_car": 1134.143, "CDI": 0.266 }, "geometry": { "type": "Polygon", "coordinates": [ [ [ -122.38386, 47.63676 ], [ -122.38504, 47.63665 ], [ -122.38554, 47.63712 ], [ -122.38502, 47.6378 ], [ -122.38384, 47.6379 ], [ -122.38334, 47.63744 ], [ -122.38386, 47.63676 ] ] ] } },
{ "type": "Feature", "properties": { "id": 862, "population": 581, "o_score_pt": 945.176, "o_score_car": 1279.375, "CDI": 0.15 }, "geometry": { "type": "Polygon", "coordinates": [ [ [ -122.38175, 47.67196 ], [ -122.38435, 47.67173 ], [ -122.38575, 47.67304 ], [ -122.38455, 47.67458 ], [ -122.38196, 47.67481 ], [ -122.38056, 47.6735 ], [ -122.38175, 47.67196 ] ] ] } },
{ "type": "Feature", "properties": { "id": 863, "population": 298, "o_score_pt": 629.252, "o_score_car": 1028.987, "CDI": 0.241 }, "geometry": { "type": "Polygon", "coordinates": [ [ [ -122.28127, 47.52432 ], [ -122.28371, 47.52411 ], [ -122.28501, 47.52533 ], [ -122.28389, 47.52678 ], [ -122.28145, 47.527 ], [ -122.28015, 47.52577 ], [ -122.28127, 47.52432 ] ] ] } },
{ "type": "Feature", "properties": { "id": 864, "population": 986, "o_score_pt": 738.6, "o_score_car": 1137.192, "CDI": 0.212 }, "geometry": { "type": "Polygon", "coordinates": [ [ [ -122.29214, 47.73148 ], [ -122.29474, 47.73125 ], [ -122.29614, 47.73256 ], [ -122.29494, 47.7341 ], [ -122.29235, 47.73433 ], [ -122.29095, 47.73302 ], [ -122.29214, 47.73148 ] ] ] } },
{ "type": "Feature", "properties": { "id": 865, "population": 332, "o_score_pt": 744.109, "o_score_car": 1180.657, "CDI": 0.227 }, "geometry": { "type": "Polygon", "coordinates": [ [ [ -122.29003, 47.5379 ], [ -122.29252, 47.53769 ], [ -122.29385, 47.53894 ], [ -122.2927, 47.54042 ], [ -122.29022, 47.54064 ], [ -122.28888, 47.53938 ], [ -122.29003, 47.5379 ] ] ] } },
{ "type": "Feature", "properties": { "id": 866, "population": 214, "o_score_pt": 640.255, "o_score_car": 1212.553, "CDI": 0.309 }, "geometry": { "type": "Polygon", "coordinates": [ [ [ -122.28126, 47.68673 ], [ -122.28355, 47.68653 ], [ -122.28475, 47.68765 ], [ -122.2837, 47.689 ], [ -122.28142, 47.6892 ], [ -122.28022, 47.68808 ], [ -122.28126, 47.68673 ] ] ] } },
{ "type": "Feature", "properties": { "id": 867, "population": 424, "o_score_pt": 921.508, "o_score_car": 1384.934, "CDI": 0.201 }, "geometry": { "type": "Polygon", "coordinates": [ [ [ -122.3043, 47.62854 ], [ -122.30689, 47.62832 ], [ -122.30829, 47.62963 ], [ -122.3071, 47.63117 ], [ -122.3045, 47.6314 ], [ -122.30311, 47.63009 ], [ -122.3043, 47.62854 ] ] ] } },
{ "type": "Feature", "properties": { "id": 868, "population": 178, "o_score_pt": 945.442, "o_score_car": 1303.529, "CDI": 0.159 }, "geometry": { "type": "Polygon", "coordinates": [ [ [ -122.32247, 47.71472 ], [ -122.32467, 47.71453 ], [ -122.32581, 47.7156 ], [ -122.32481, 47.7169 ], [ -122.32261, 47.71709 ], [ -122.32147, 47.71602 ], [ -122.32247, 47.71472 ] ] ] } },
{ "type": "Feature", "properties": { "id": 869, "population": 296, "o_score_pt": 1049.827, "o_score_car": 1465.107, "CDI": 0.165 }, "geometry": { "type": "Polygon", "coordinates": [ [ [ -122.33183, 47.68363 ], [ -122.33427, 47.68342 ], [ -122.33557, 47.68463 ], [ -122.33445, 47.68608 ], [ -122.33201, 47.68629 ], [ -122.33071, 47.68507 ], [ -122.33183, 47.68363 ] ] ] } },
{ "type": "Feature", "properties": { "id": 870, "population": 373, "o_score_pt": 958.192, "o_score_car": 1282.65, "CDI": 0.145 }, "geometry": { "type": "Polygon", "coordinates": [ [ [ -122.29409, 47.595 ], [ -122.29664, 47.59478 ], [ -122.29801, 47.59606 ], [ -122.29684, 47.59758 ], [ -122.29429, 47.5978 ], [ -122.29292, 47.59651 ], [ -122.29409, 47.595 ] ] ] } },
{ "type": "Feature", "properties": { "id": 871, "population": 355, "o_score_pt": 1119.311, "o_score_car": 1421.794, "CDI": 0.119 }, "geometry": { "type": "Polygon", "coordinates": [ [ [ -122.36143, 47.66088 ], [ -122.36395, 47.66066 ], [ -122.36531, 47.66193 ], [ -122.36415, 47.66343 ], [ -122.36163, 47.66365 ], [ -122.36027, 47.66238 ], [ -122.36143, 47.66088 ] ] ] } },
{ "type": "Feature", "properties": { "id": 872, "population": 173, "o_score_pt": 1111.766, "o_score_car": 1436.075, "CDI": 0.127 }, "geometry": { "type": "Polygon", "coordinates": [ [ [ -122.30762, 47.67157 ], [ -122.3098, 47.67138 ], [ -122.31094, 47.67244 ], [ -122.30994, 47.67373 ], [ -122.30776, 47.67392 ], [ -122.30662, 47.67285 ], [ -122.30762, 47.67157 ] ] ] } },
{ "type": "Feature", "properties": { "id": 873, "population": 438, "o_score_pt": 660.823, "o_score_car": 1047.66, "CDI": 0.226 }, "geometry": { "type": "Polygon", "coordinates": [ [ [ -122.27403, 47.53349 ], [ -122.27662, 47.53326 ], [ -122.27802, 47.53458 ], [ -122.27682, 47.53612 ], [ -122.27424, 47.53635 ], [ -122.27284, 47.53503 ], [ -122.27403, 47.53349 ] ] ] } },
{ "type": "Feature", "properties": { "id": 874, "population": 0, "o_score_pt": 393.571, "o_score_car": 1021.408, "CDI": 0.444 }, "geometry": { "type": "Polygon", "coordinates": [ [ [ -122.41344, 47.65911 ], [ -122.41344, 47.65911 ], [ -122.41337, 47.65911 ], [ -122.41337, 47.65911 ], [ -122.41344, 47.65911 ] ] ] } },
{ "type": "Feature", "properties": { "id": 875, "population": 77, "o_score_pt": 595.042, "o_score_car": 1012.652, "CDI": 0.26 }, "geometry": { "type": "Polygon", "coordinates": [ [ [ -122.28022, 47.72298 ], [ -122.28201, 47.72282 ], [ -122.2829, 47.72365 ], [ -122.28209, 47.7247 ], [ -122.28029, 47.72486 ], [ -122.2794, 47.72403 ], [ -122.28022, 47.72298 ] ] ] } },
{ "type": "Feature", "properties": { "id": 876, "population": 188, "o_score_pt": 638.418, "o_score_car": 1341.631, "CDI": 0.355 }, "geometry": { "type": "Polygon", "coordinates": [ [ [ -122.29768, 47.6968 ], [ -122.2999, 47.69661 ], [ -122.30106, 47.6977 ], [ -122.30004, 47.69901 ], [ -122.29782, 47.6992 ], [ -122.29666, 47.69812 ], [ -122.29768, 47.6968 ] ] ] } },
{ "type": "Feature", "properties": { "id": 877, "population": 272, "o_score_pt": 791.879, "o_score_car": 1251.682, "CDI": 0.225 }, "geometry": { "type": "Polygon", "coordinates": [ [ [ -122.35725, 47.7101 ], [ -122.35965, 47.70989 ], [ -122.36092, 47.71108 ], [ -122.35982, 47.7125 ], [ -122.35743, 47.71271 ], [ -122.35615, 47.71152 ], [ -122.35725, 47.7101 ] ] ] } },
{ "type": "Feature", "properties": { "id": 878, "population": 0, "o_score_pt": 850.228, "o_score_car": 1344.573, "CDI": 0.225 }, "geometry": { "type": "Polygon", "coordinates": [ [ [ -122.33248, 47.56718 ], [ -122.33248, 47.56718 ], [ -122.33242, 47.56718 ], [ -122.33242, 47.56718 ], [ -122.33248, 47.56718 ] ] ] } },
{ "type": "Feature", "properties": { "id": 879, "population": 491, "o_score_pt": 684.243, "o_score_car": 1128.157, "CDI": 0.245 }, "geometry": { "type": "Polygon", "coordinates": [ [ [ -122.29593, 47.72971 ], [ -122.29853, 47.72949 ], [ -122.29993, 47.7308 ], [ -122.29873, 47.73233 ], [ -122.29614, 47.73256 ], [ -122.29474, 47.73125 ], [ -122.29593, 47.72971 ] ] ] } },
{ "type": "Feature", "properties": { "id": 880, "population": 243, "o_score_pt": 739.37, "o_score_car": 1204.875, "CDI": 0.239 }, "geometry": { "type": "Polygon", "coordinates": [ [ [ -122.3878, 47.64575 ], [ -122.39014, 47.64554 ], [ -122.39138, 47.6467 ], [ -122.39031, 47.64809 ], [ -122.38797, 47.64829 ], [ -122.38673, 47.64713 ], [ -122.3878, 47.64575 ] ] ] } },
{ "type": "Feature", "properties": { "id": 881, "population": 694, "o_score_pt": 1289.751, "o_score_car": 1524.182, "CDI": 0.083 }, "geometry": { "type": "Polygon", "coordinates": [ [ [ -122.34564, 47.65936 ], [ -122.34823, 47.65913 ], [ -122.34963, 47.66044 ], [ -122.34843, 47.66198 ], [ -122.34584, 47.66221 ], [ -122.34444, 47.6609 ], [ -122.34564, 47.65936 ] ] ] } },
{ "type": "Feature", "properties": { "id": 882, "population": 249, "o_score_pt": 819.567, "o_score_car": 1255.51, "CDI": 0.21 }, "geometry": { "type": "Polygon", "coordinates": [ [ [ -122.28941, 47.69171 ], [ -122.29177, 47.6915 ], [ -122.29301, 47.69267 ], [ -122.29193, 47.69406 ], [ -122.28958, 47.69427 ], [ -122.28833, 47.6931 ], [ -122.28941, 47.69171 ] ] ] } },
{ "type": "Feature", "properties": { "id": 883, "population": 437, "o_score_pt": 927.95, "o_score_car": 1199.219, "CDI": 0.128 }, "geometry": { "type": "Polygon", "coordinates": [ [ [ -122.38679, 47.68729 ], [ -122.38938, 47.68706 ], [ -122.39078, 47.68837 ], [ -122.38959, 47.68991 ], [ -122.38699, 47.69014 ], [ -122.38559, 47.68883 ], [ -122.38679, 47.68729 ] ] ] } },
{ "type": "Feature", "properties": { "id": 884, "population": 12, "o_score_pt": 2.641, "o_score_car": 851.18, "CDI": 0.994 }, "geometry": { "type": "Polygon", "coordinates": [ [ [ -122.43271, 47.66128 ], [ -122.43364, 47.6612 ], [ -122.43398, 47.66152 ], [ -122.43357, 47.66204 ], [ -122.43264, 47.66212 ], [ -122.43231, 47.66181 ], [ -122.43271, 47.66128 ] ] ] } },
{ "type": "Feature", "properties": { "id": 885, "population": 2032, "o_score_pt": 1305.901, "o_score_car": 1495.816, "CDI": 0.068 }, "geometry": { "type": "Polygon", "coordinates": [ [ [ -122.31392, 47.65354 ], [ -122.31651, 47.65331 ], [ -122.31791, 47.65462 ], [ -122.31672, 47.65616 ], [ -122.31413, 47.65639 ], [ -122.31273, 47.65508 ], [ -122.31392, 47.65354 ] ] ] } },
{ "type": "Feature", "properties": { "id": 886, "population": 533, "o_score_pt": 1159.081, "o_score_car": 1466.85, "CDI": 0.117 }, "geometry": { "type": "Polygon", "coordinates": [ [ [ -122.33993, 47.68856 ], [ -122.34252, 47.68833 ], [ -122.34392, 47.68964 ], [ -122.34273, 47.69118 ], [ -122.34014, 47.69141 ], [ -122.33874, 47.6901 ], [ -122.33993, 47.68856 ] ] ] } },
{ "type": "Feature", "properties": { "id": 887, "population": 265, "o_score_pt": 843.142, "o_score_car": 1329.702, "CDI": 0.224 }, "geometry": { "type": "Polygon", "coordinates": [ [ [ -122.31544, 47.56449 ], [ -122.31782, 47.56428 ], [ -122.31908, 47.56547 ], [ -122.31799, 47.56689 ], [ -122.31561, 47.56709 ], [ -122.31435, 47.5659 ], [ -122.31544, 47.56449 ] ] ] } },
{ "type": "Feature", "properties": { "id": 888, "population": 641, "o_score_pt": 1005.214, "o_score_car": 1384.328, "CDI": 0.159 }, "geometry": { "type": "Polygon", "coordinates": [ [ [ -122.30225, 47.6 ], [ -122.30484, 47.59978 ], [ -122.30623, 47.60109 ], [ -122.30504, 47.60263 ], [ -122.30245, 47.60286 ], [ -122.30105, 47.60154 ], [ -122.30225, 47.6 ] ] ] } },
{ "type": "Feature", "properties": { "id": 889, "population": 439, "o_score_pt": 924.786, "o_score_car": 1302.159, "CDI": 0.169 }, "geometry": { "type": "Polygon", "coordinates": [ [ [ -122.37103, 47.68582 ], [ -122.37362, 47.68559 ], [ -122.37502, 47.6869 ], [ -122.37383, 47.68844 ], [ -122.37124, 47.68867 ], [ -122.36984, 47.68736 ], [ -122.37103, 47.68582 ] ] ] } },
{ "type": "Feature", "properties": { "id": 890, "population": 486, "o_score_pt": 1004.884, "o_score_car": 1311.829, "CDI": 0.132 }, "geometry": { "type": "Polygon", "coordinates": [ [ [ -122.37191, 47.64413 ], [ -122.3745, 47.6439 ], [ -122.37589, 47.64521 ], [ -122.3747, 47.64675 ], [ -122.37211, 47.64698 ], [ -122.37071, 47.64567 ], [ -122.37191, 47.64413 ] ] ] } },
{ "type": "Feature", "properties": { "id": 891, "population": 388, "o_score_pt": 1296.051, "o_score_car": 1499.6, "CDI": 0.073 }, "geometry": { "type": "Polygon", "coordinates": [ [ [ -122.31558, 47.67637 ], [ -122.31815, 47.67614 ], [ -122.31953, 47.67744 ], [ -122.31835, 47.67897 ], [ -122.31579, 47.67919 ], [ -122.3144, 47.67789 ], [ -122.31558, 47.67637 ] ] ] } },
{ "type": "Feature", "properties": { "id": 892, "population": 315, "o_score_pt": 831.115, "o_score_car": 1149.018, "CDI": 0.161 }, "geometry": { "type": "Polygon", "coordinates": [ [ [ -122.28371, 47.5586 ], [ -122.28617, 47.55838 ], [ -122.28749, 47.55962 ], [ -122.28636, 47.56109 ], [ -122.28389, 47.5613 ], [ -122.28258, 47.56006 ], [ -122.28371, 47.5586 ] ] ] } },
{ "type": "Feature", "properties": { "id": 893, "population": 64, "o_score_pt": 1.561, "o_score_car": 964.749, "CDI": 0.997 }, "geometry": { "type": "Polygon", "coordinates": [ [ [ -122.37088, 47.73083 ], [ -122.37258, 47.73067 ], [ -122.37342, 47.73145 ], [ -122.37265, 47.73245 ], [ -122.37094, 47.7326 ], [ -122.37011, 47.73182 ], [ -122.37088, 47.73083 ] ] ] } },
{ "type": "Feature", "properties": { "id": 894, "population": 299, "o_score_pt": 608.236, "o_score_car": 1096.2, "CDI": 0.286 }, "geometry": { "type": "Polygon", "coordinates": [ [ [ -122.40685, 47.63969 ], [ -122.40929, 47.63948 ], [ -122.41059, 47.6407 ], [ -122.40947, 47.64215 ], [ -122.40703, 47.64236 ], [ -122.40573, 47.64114 ], [ -122.40685, 47.63969 ] ] ] } },
{ "type": "Feature", "properties": { "id": 895, "population": 138, "o_score_pt": 305.196, "o_score_car": 935.94, "CDI": 0.508 }, "geometry": { "type": "Polygon", "coordinates": [ [ [ -122.2677, 47.49553 ], [ -122.26976, 47.49535 ], [ -122.27083, 47.49635 ], [ -122.26988, 47.49758 ], [ -122.26782, 47.49776 ], [ -122.26675, 47.49675 ], [ -122.2677, 47.49553 ] ] ] } },
{ "type": "Feature", "properties": { "id": 896, "population": 523, "o_score_pt": 1095.792, "o_score_car": 1543.658, "CDI": 0.17 }, "geometry": { "type": "Polygon", "coordinates": [ [ [ -122.32589, 47.65679 ], [ -122.32848, 47.65657 ], [ -122.32988, 47.65788 ], [ -122.32869, 47.65942 ], [ -122.3261, 47.65965 ], [ -122.3247, 47.65833 ], [ -122.32589, 47.65679 ] ] ] } },
{ "type": "Feature", "properties": { "id": 897, "population": 178, "o_score_pt": 539.765, "o_score_car": 1141.631, "CDI": 0.358 }, "geometry": { "type": "Polygon", "coordinates": [ [ [ -122.36556, 47.71523 ], [ -122.36776, 47.71503 ], [ -122.3689, 47.7161 ], [ -122.3679, 47.7174 ], [ -122.36571, 47.71759 ], [ -122.36456, 47.71652 ], [ -122.36556, 47.71523 ] ] ] } },
{ "type": "Feature", "properties": { "id": 898, "population": 0, "o_score_pt": 845.349, "o_score_car": 1257.99, "CDI": 0.196 }, "geometry": { "type": "Polygon", "coordinates": [ [ [ -122.34211, 47.59219 ], [ -122.34211, 47.59219 ], [ -122.34204, 47.5922 ], [ -122.34204, 47.5922 ], [ -122.34211, 47.59219 ] ] ] } },
{ "type": "Feature", "properties": { "id": 899, "population": 16, "o_score_pt": 1131.545, "o_score_car": 1357.442, "CDI": 0.091 }, "geometry": { "type": "Polygon", "coordinates": [ [ [ -122.37596, 47.63466 ], [ -122.37701, 47.63457 ], [ -122.37743, 47.63496 ], [ -122.37697, 47.63556 ], [ -122.37591, 47.63566 ], [ -122.37549, 47.63526 ], [ -122.37596, 47.63466 ] ] ] } },
{ "type": "Feature", "properties": { "id": 900, "population": 317, "o_score_pt": 778.693, "o_score_car": 1177.438, "CDI": 0.204 }, "geometry": { "type": "Polygon", "coordinates": [ [ [ -122.39737, 47.67065 ], [ -122.39984, 47.67043 ], [ -122.40116, 47.67167 ], [ -122.40003, 47.67313 ], [ -122.39756, 47.67335 ], [ -122.39624, 47.67211 ], [ -122.39737, 47.67065 ] ] ] } },
{ "type": "Feature", "properties": { "id": 901, "population": 273, "o_score_pt": 585.771, "o_score_car": 1031.886, "CDI": 0.276 }, "geometry": { "type": "Polygon", "coordinates": [ [ [ -122.26894, 47.51536 ], [ -122.27133, 47.51515 ], [ -122.2726, 47.51635 ], [ -122.2715, 47.51777 ], [ -122.26911, 47.51798 ], [ -122.26784, 47.51678 ], [ -122.26894, 47.51536 ] ] ] } },
{ "type": "Feature", "properties": { "id": 902, "population": 325, "o_score_pt": 846.653, "o_score_car": 1167.0, "CDI": 0.159 }, "geometry": { "type": "Polygon", "coordinates": [ [ [ -122.26876, 47.67766 ], [ -122.27125, 47.67744 ], [ -122.27257, 47.67869 ], [ -122.27143, 47.68016 ], [ -122.26895, 47.68037 ], [ -122.26762, 47.67913 ], [ -122.26876, 47.67766 ] ] ] } },
{ "type": "Feature", "properties": { "id": 903, "population": 77, "o_score_pt": 1.102, "o_score_car": 790.609, "CDI": 0.997 }, "geometry": { "type": "Polygon", "coordinates": [ [ [ -122.23762, 47.50983 ], [ -122.23941, 47.50968 ], [ -122.24029, 47.51051 ], [ -122.23948, 47.51156 ], [ -122.23769, 47.51172 ], [ -122.23681, 47.51088 ], [ -122.23762, 47.50983 ] ] ] } },
{ "type": "Feature", "properties": { "id": 904, "population": 48, "o_score_pt": 13.207, "o_score_car": 1392.124, "CDI": 0.981 }, "geometry": { "type": "Polygon", "coordinates": [ [ [ -122.28996, 47.63904 ], [ -122.29153, 47.63891 ], [ -122.29228, 47.63961 ], [ -122.29157, 47.64052 ], [ -122.29, 47.64066 ], [ -122.28926, 47.63996 ], [ -122.28996, 47.63904 ] ] ] } },
{ "type": "Feature", "properties": { "id": 905, "population": 172, "o_score_pt": 817.763, "o_score_car": 1287.192, "CDI": 0.223 }, "geometry": { "type": "Polygon", "coordinates": [ [ [ -122.33047, 47.7169 ], [ -122.33264, 47.71671 ], [ -122.33378, 47.71777 ], [ -122.33278, 47.71905 ], [ -122.33061, 47.71924 ], [ -122.32947, 47.71818 ], [ -122.33047, 47.7169 ] ] ] } },
{ "type": "Feature", "properties": { "id": 906, "population": 244, "o_score_pt": 1297.04, "o_score_car": 1560.011, "CDI": 0.092 }, "geometry": { "type": "Polygon", "coordinates": [ [ [ -122.3195, 47.67473 ], [ -122.32184, 47.67452 ], [ -122.32308, 47.67569 ], [ -122.32201, 47.67707 ], [ -122.31966, 47.67728 ], [ -122.31842, 47.67612 ], [ -122.3195, 47.67473 ] ] ] } },
{ "type": "Feature", "properties": { "id": 907, "population": 265, "o_score_pt": 882.565, "o_score_car": 1284.466, "CDI": 0.185 }, "geometry": { "type": "Polygon", "coordinates": [ [ [ -122.29357, 47.58653 ], [ -122.29595, 47.58632 ], [ -122.29722, 47.58751 ], [ -122.29612, 47.58892 ], [ -122.29374, 47.58913 ], [ -122.29248, 47.58794 ], [ -122.29357, 47.58653 ] ] ] } },
{ "type": "Feature", "properties": { "id": 908, "population": 533, "o_score_pt": 1214.046, "o_score_car": 1465.185, "CDI": 0.094 }, "geometry": { "type": "Polygon", "coordinates": [ [ [ -122.35849, 47.62091 ], [ -122.36108, 47.62068 ], [ -122.36248, 47.62199 ], [ -122.36128, 47.62353 ], [ -122.3587, 47.62376 ], [ -122.3573, 47.62245 ], [ -122.35849, 47.62091 ] ] ] } },
{ "type": "Feature", "properties": { "id": 909, "population": 495, "o_score_pt": 1175.44, "o_score_car": 1415.196, "CDI": 0.093 }, "geometry": { "type": "Polygon", "coordinates": [ [ [ -122.3036, 47.6731 ], [ -122.30619, 47.67288 ], [ -122.30759, 47.67419 ], [ -122.30639, 47.67573 ], [ -122.3038, 47.67595 ], [ -122.3024, 47.67464 ], [ -122.3036, 47.6731 ] ] ] } },
{ "type": "Feature", "properties": { "id": 910, "population": 257, "o_score_pt": 612.735, "o_score_car": 1033.105, "CDI": 0.255 }, "geometry": { "type": "Polygon", "coordinates": [ [ [ -122.26323, 47.54464 ], [ -122.26559, 47.54443 ], [ -122.26685, 47.54561 ], [ -122.26576, 47.54702 ], [ -122.26339, 47.54722 ], [ -122.26214, 47.54604 ], [ -122.26323, 47.54464 ] ] ] } },
{ "type": "Feature", "properties": { "id": 911, "population": 1070, "o_score_pt": 1386.35, "o_score_car": 1590.204, "CDI": 0.068 }, "geometry": { "type": "Polygon", "coordinates": [ [ [ -122.32679, 47.61508 ], [ -122.32938, 47.61485 ], [ -122.33078, 47.61617 ], [ -122.32959, 47.61771 ], [ -122.327, 47.61794 ], [ -122.3256, 47.61662 ], [ -122.32679, 47.61508 ] ] ] } },
{ "type": "Feature", "properties": { "id": 912, "population": 376, "o_score_pt": 917.087, "o_score_car": 1324.314, "CDI": 0.182 }, "geometry": { "type": "Polygon", "coordinates": [ [ [ -122.35654, 47.70146 ], [ -122.35909, 47.70124 ], [ -122.36047, 47.70252 ], [ -122.35929, 47.70404 ], [ -122.35674, 47.70426 ], [ -122.35537, 47.70298 ], [ -122.35654, 47.70146 ] ] ] } },
{ "type": "Feature", "properties": { "id": 913, "population": 312, "o_score_pt": 599.865, "o_score_car": 1138.747, "CDI": 0.31 }, "geometry": { "type": "Polygon", "coordinates": [ [ [ -122.39592, 47.65069 ], [ -122.39837, 47.65048 ], [ -122.39969, 47.65171 ], [ -122.39856, 47.65317 ], [ -122.3961, 47.65339 ], [ -122.39479, 47.65216 ], [ -122.39592, 47.65069 ] ] ] } },
{ "type": "Feature", "properties": { "id": 914, "population": 4, "o_score_pt": 1105.698, "o_score_car": 1429.045, "CDI": 0.128 }, "geometry": { "type": "Polygon", "coordinates": [ [ [ -122.32576, 47.58487 ], [ -122.32623, 47.58483 ], [ -122.32627, 47.58488 ], [ -122.32608, 47.58512 ], [ -122.32562, 47.58516 ], [ -122.32557, 47.58512 ], [ -122.32576, 47.58487 ] ] ] } },
{ "type": "Feature", "properties": { "id": 915, "population": 179, "o_score_pt": 838.079, "o_score_car": 1209.984, "CDI": 0.182 }, "geometry": { "type": "Polygon", "coordinates": [ [ [ -122.30292, 47.715 ], [ -122.30511, 47.71481 ], [ -122.30626, 47.71589 ], [ -122.30525, 47.71718 ], [ -122.30306, 47.71737 ], [ -122.30191, 47.7163 ], [ -122.30292, 47.715 ] ] ] } },
{ "type": "Feature", "properties": { "id": 916, "population": 91, "o_score_pt": 377.791, "o_score_car": 1352.79, "CDI": 0.563 }, "geometry": { "type": "Polygon", "coordinates": [ [ [ -122.32369, 47.72915 ], [ -122.32556, 47.72898 ], [ -122.3265, 47.72986 ], [ -122.32565, 47.73096 ], [ -122.32378, 47.73113 ], [ -122.32284, 47.73025 ], [ -122.32369, 47.72915 ] ] ] } },
{ "type": "Feature", "properties": { "id": 917, "population": 489, "o_score_pt": 1138.535, "o_score_car": 1483.808, "CDI": 0.132 }, "geometry": { "type": "Polygon", "coordinates": [ [ [ -122.33325, 47.65041 ], [ -122.33584, 47.65018 ], [ -122.33724, 47.65149 ], [ -122.33605, 47.65303 ], [ -122.33346, 47.65326 ], [ -122.33206, 47.65195 ], [ -122.33325, 47.65041 ] ] ] } },
{ "type": "Feature", "properties": { "id": 918, "population": 250, "o_score_pt": 629.658, "o_score_car": 1145.011, "CDI": 0.29 }, "geometry": { "type": "Polygon", "coordinates": [ [ [ -122.27846, 47.70271 ], [ -122.28081, 47.7025 ], [ -122.28206, 47.70367 ], [ -122.28098, 47.70507 ], [ -122.27862, 47.70527 ], [ -122.27738, 47.7041 ], [ -122.27846, 47.70271 ] ] ] } },
{ "type": "Feature", "properties": { "id": 919, "population": 341, "o_score_pt": 854.539, "o_score_car": 1158.684, "CDI": 0.151 }, "geometry": { "type": "Polygon", "coordinates": [ [ [ -122.39482, 47.6895 ], [ -122.39732, 47.68928 ], [ -122.39867, 47.69054 ], [ -122.39752, 47.69202 ], [ -122.39501, 47.69225 ], [ -122.39367, 47.69099 ], [ -122.39482, 47.6895 ] ] ] } },
{ "type": "Feature", "properties": { "id": 920, "population": 359, "o_score_pt": 701.877, "o_score_car": 1238.479, "CDI": 0.277 }, "geometry": { "type": "Polygon", "coordinates": [ [ [ -122.27109, 47.6559 ], [ -122.27362, 47.65568 ], [ -122.27498, 47.65695 ], [ -122.27382, 47.65845 ], [ -122.27129, 47.65867 ], [ -122.26993, 47.6574 ], [ -122.27109, 47.6559 ] ] ] } },
{ "type": "Feature", "properties": { "id": 921, "population": 178, "o_score_pt": 1228.038, "o_score_car": 1503.908, "CDI": 0.101 }, "geometry": { "type": "Polygon", "coordinates": [ [ [ -122.30177, 47.6448 ], [ -122.30397, 47.64461 ], [ -122.30511, 47.64568 ], [ -122.30411, 47.64698 ], [ -122.30191, 47.64717 ], [ -122.30077, 47.6461 ], [ -122.30177, 47.6448 ] ] ] } },
{ "type": "Feature", "properties": { "id": 922, "population": 14, "o_score_pt": 1205.492, "o_score_car": 1485.669, "CDI": 0.104 }, "geometry": { "type": "Polygon", "coordinates": [ [ [ -122.32992, 47.70046 ], [ -122.33091, 47.70037 ], [ -122.3313, 47.70073 ], [ -122.33086, 47.70129 ], [ -122.32986, 47.70138 ], [ -122.32948, 47.70102 ], [ -122.32992, 47.70046 ] ] ] } },
{ "type": "Feature", "properties": { "id": 923, "population": 278, "o_score_pt": 835.997, "o_score_car": 1228.764, "CDI": 0.19 }, "geometry": { "type": "Polygon", "coordinates": [ [ [ -122.30306, 47.5555 ], [ -122.30546, 47.55529 ], [ -122.30674, 47.5565 ], [ -122.30564, 47.55792 ], [ -122.30323, 47.55813 ], [ -122.30195, 47.55693 ], [ -122.30306, 47.5555 ] ] ] } },
{ "type": "Feature", "properties": { "id": 924, "population": 411, "o_score_pt": 1054.893, "o_score_car": 1427.991, "CDI": 0.15 }, "geometry": { "type": "Polygon", "coordinates": [ [ [ -122.30307, 47.61142 ], [ -122.30566, 47.61119 ], [ -122.30706, 47.61251 ], [ -122.30586, 47.61405 ], [ -122.30327, 47.61428 ], [ -122.30188, 47.61296 ], [ -122.30307, 47.61142 ] ] ] } },
{ "type": "Feature", "properties": { "id": 925, "population": 384, "o_score_pt": 940.244, "o_score_car": 1328.71, "CDI": 0.171 }, "geometry": { "type": "Polygon", "coordinates": [ [ [ -122.36307, 47.68367 ], [ -122.36563, 47.68344 ], [ -122.36701, 47.68474 ], [ -122.36583, 47.68626 ], [ -122.36327, 47.68648 ], [ -122.36189, 47.68519 ], [ -122.36307, 47.68367 ] ] ] } },
{ "type": "Feature", "properties": { "id": 926, "population": 366, "o_score_pt": 955.747, "o_score_car": 1354.229, "CDI": 0.173 }, "geometry": { "type": "Polygon", "coordinates": [ [ [ -122.36816, 47.64593 ], [ -122.37069, 47.6457 ], [ -122.37206, 47.64698 ], [ -122.37089, 47.64849 ], [ -122.36835, 47.64871 ], [ -122.36699, 47.64743 ], [ -122.36816, 47.64593 ] ] ] } },
{ "type": "Feature", "properties": { "id": 927, "population": 364, "o_score_pt": 1273.055, "o_score_car": 1477.684, "CDI": 0.074 }, "geometry": { "type": "Polygon", "coordinates": [ [ [ -122.31182, 47.67815 ], [ -122.31435, 47.67793 ], [ -122.31572, 47.67921 ], [ -122.31455, 47.68072 ], [ -122.31201, 47.68094 ], [ -122.31065, 47.67966 ], [ -122.31182, 47.67815 ] ] ] } },
{ "type": "Feature", "properties": { "id": 928, "population": 336, "o_score_pt": 620.25, "o_score_car": 1055.349, "CDI": 0.26 }, "geometry": { "type": "Polygon", "coordinates": [ [ [ -122.27133, 47.5496 ], [ -122.27382, 47.54938 ], [ -122.27516, 47.55064 ], [ -122.27401, 47.55212 ], [ -122.27151, 47.55234 ], [ -122.27018, 47.55108 ], [ -122.27133, 47.5496 ] ] ] } },
{ "type": "Feature", "properties": { "id": 929, "population": 53, "o_score_pt": 474.754, "o_score_car": 1083.723, "CDI": 0.391 }, "geometry": { "type": "Polygon", "coordinates": [ [ [ -122.36673, 47.72695 ], [ -122.36835, 47.7268 ], [ -122.36912, 47.72753 ], [ -122.36839, 47.72847 ], [ -122.36678, 47.72861 ], [ -122.366, 47.72789 ], [ -122.36673, 47.72695 ] ] ] } },
{ "type": "Feature", "properties": { "id": 930, "population": 14, "o_score_pt": 1097.025, "o_score_car": 1495.861, "CDI": 0.154 }, "geometry": { "type": "Polygon", "coordinates": [ [ [ -122.33363, 47.5896 ], [ -122.33463, 47.58952 ], [ -122.33501, 47.58988 ], [ -122.33457, 47.59044 ], [ -122.33358, 47.59053 ], [ -122.33319, 47.59017 ], [ -122.33363, 47.5896 ] ] ] } },
{ "type": "Feature", "properties": { "id": 931, "population": 0, "o_score_pt": 472.052, "o_score_car": 1210.057, "CDI": 0.439 }, "geometry": { "type": "Polygon", "coordinates": [ [ [ -122.33922, 47.55221 ], [ -122.33922, 47.55221 ], [ -122.33915, 47.55222 ], [ -122.33915, 47.55222 ], [ -122.33922, 47.55221 ] ] ] } },
{ "type": "Feature", "properties": { "id": 932, "population": 177, "o_score_pt": 994.625, "o_score_car": 1242.226, "CDI": 0.111 }, "geometry": { "type": "Polygon", "coordinates": [ [ [ -122.39084, 47.63265 ], [ -122.39302, 47.63246 ], [ -122.39416, 47.63353 ], [ -122.39316, 47.63482 ], [ -122.39098, 47.63502 ], [ -122.38983, 47.63395 ], [ -122.39084, 47.63265 ] ] ] } },
{ "type": "Feature", "properties": { "id": 933, "population": 73, "o_score_pt": 681.174, "o_score_car": 1342.796, "CDI": 0.327 }, "geometry": { "type": "Polygon", "coordinates": [ [ [ -122.30659, 47.54552 ], [ -122.30836, 47.54537 ], [ -122.30923, 47.54619 ], [ -122.30843, 47.54722 ], [ -122.30666, 47.54738 ], [ -122.30579, 47.54656 ], [ -122.30659, 47.54552 ] ] ] } },
{ "type": "Feature", "properties": { "id": 934, "population": 698, "o_score_pt": 1151.562, "o_score_car": 1489.002, "CDI": 0.128 }, "geometry": { "type": "Polygon", "coordinates": [ [ [ -122.353, 47.65297 ], [ -122.35559, 47.65274 ], [ -122.35699, 47.65406 ], [ -122.35579, 47.6556 ], [ -122.3532, 47.65582 ], [ -122.3518, 47.65451 ], [ -122.353, 47.65297 ] ] ] } },
{ "type": "Feature", "properties": { "id": 935, "population": 151, "o_score_pt": 625.701, "o_score_car": 1235.79, "CDI": 0.328 }, "geometry": { "type": "Polygon", "coordinates": [ [ [ -122.27727, 47.62977 ], [ -122.27938, 47.62959 ], [ -122.28047, 47.63061 ], [ -122.27951, 47.63186 ], [ -122.2774, 47.63204 ], [ -122.2763, 47.63102 ], [ -122.27727, 47.62977 ] ] ] } },
{ "type": "Feature", "properties": { "id": 936, "population": 52, "o_score_pt": 768.721, "o_score_car": 1194.837, "CDI": 0.217 }, "geometry": { "type": "Polygon", "coordinates": [ [ [ -122.34636, 47.71585 ], [ -122.34796, 47.7157 ], [ -122.34873, 47.71643 ], [ -122.34801, 47.71736 ], [ -122.3464, 47.7175 ], [ -122.34563, 47.71678 ], [ -122.34636, 47.71585 ] ] ] } },
{ "type": "Feature", "properties": { "id": 937, "population": 197, "o_score_pt": 907.404, "o_score_car": 1137.675, "CDI": 0.113 }, "geometry": { "type": "Polygon", "coordinates": [ [ [ -122.26133, 47.68132 ], [ -122.26357, 47.68113 ], [ -122.26474, 47.68223 ], [ -122.26372, 47.68355 ], [ -122.26147, 47.68375 ], [ -122.2603, 47.68265 ], [ -122.26133, 47.68132 ] ] ] } },
{ "type": "Feature", "properties": { "id": 938, "population": 199, "o_score_pt": 1105.046, "o_score_car": 1501.598, "CDI": 0.152 }, "geometry": { "type": "Polygon", "coordinates": [ [ [ -122.32754, 47.67695 ], [ -122.32978, 47.67675 ], [ -122.33096, 47.67786 ], [ -122.32993, 47.67919 ], [ -122.32769, 47.67938 ], [ -122.32651, 47.67828 ], [ -122.32754, 47.67695 ] ] ] } },
{ "type": "Feature", "properties": { "id": 939, "population": 266, "o_score_pt": 866.012, "o_score_car": 1238.011, "CDI": 0.177 }, "geometry": { "type": "Polygon", "coordinates": [ [ [ -122.28979, 47.58829 ], [ -122.29217, 47.58808 ], [ -122.29344, 47.58927 ], [ -122.29234, 47.59069 ], [ -122.28996, 47.5909 ], [ -122.2887, 47.58971 ], [ -122.28979, 47.58829 ] ] ] } },
{ "type": "Feature", "properties": { "id": 940, "population": 305, "o_score_pt": 414.796, "o_score_car": 1068.491, "CDI": 0.441 }, "geometry": { "type": "Polygon", "coordinates": [ [ [ -122.40369, 47.65001 ], [ -122.40614, 47.6498 ], [ -122.40745, 47.65102 ], [ -122.40632, 47.65248 ], [ -122.40388, 47.65269 ], [ -122.40257, 47.65147 ], [ -122.40369, 47.65001 ] ] ] } },
{ "type": "Feature", "properties": { "id": 941, "population": 455, "o_score_pt": 956.46, "o_score_car": 1363.218, "CDI": 0.175 }, "geometry": { "type": "Polygon", "coordinates": [ [ [ -122.29561, 47.67093 ], [ -122.29821, 47.67071 ], [ -122.29961, 47.67202 ], [ -122.29841, 47.67356 ], [ -122.29582, 47.67378 ], [ -122.29442, 47.67247 ], [ -122.29561, 47.67093 ] ] ] } },
{ "type": "Feature", "properties": { "id": 942, "population": 435, "o_score_pt": 578.686, "o_score_car": 1081.414, "CDI": 0.303 }, "geometry": { "type": "Polygon", "coordinates": [ [ [ -122.27107, 47.54669 ], [ -122.27366, 47.54646 ], [ -122.27505, 47.54778 ], [ -122.27386, 47.54932 ], [ -122.27127, 47.54955 ], [ -122.26987, 47.54823 ], [ -122.27107, 47.54669 ] ] ] } },
{ "type": "Feature", "properties": { "id": 943, "population": 195, "o_score_pt": 577.057, "o_score_car": 1161.441, "CDI": 0.336 }, "geometry": { "type": "Polygon", "coordinates": [ [ [ -122.26051, 47.66992 ], [ -122.26275, 47.66972 ], [ -122.26392, 47.67082 ], [ -122.2629, 47.67214 ], [ -122.26066, 47.67234 ], [ -122.25949, 47.67124 ], [ -122.26051, 47.66992 ] ] ] } },
{ "type": "Feature", "properties": { "id": 944, "population": 509, "o_score_pt": 986.102, "o_score_car": 1344.947, "CDI": 0.154 }, "geometry": { "type": "Polygon", "coordinates": [ [ [ -122.35273, 47.70321 ], [ -122.35532, 47.70298 ], [ -122.35672, 47.70429 ], [ -122.35553, 47.70583 ], [ -122.35294, 47.70606 ], [ -122.35154, 47.70475 ], [ -122.35273, 47.70321 ] ] ] } },
{ "type": "Feature", "properties": { "id": 945, "population": 5, "o_score_pt": 866.964, "o_score_car": 1255.036, "CDI": 0.183 }, "geometry": { "type": "Polygon", "coordinates": [ [ [ -122.34042, 47.57204 ], [ -122.34097, 47.57199 ], [ -122.34107, 47.57208 ], [ -122.34084, 47.57238 ], [ -122.34029, 47.57243 ], [ -122.34019, 47.57233 ], [ -122.34042, 47.57204 ] ] ] } },
{ "type": "Feature", "properties": { "id": 946, "population": 392, "o_score_pt": 1006.496, "o_score_car": 1395.103, "CDI": 0.162 }, "geometry": { "type": "Polygon", "coordinates": [ [ [ -122.31217, 47.57472 ], [ -122.31473, 47.5745 ], [ -122.31612, 47.5758 ], [ -122.31494, 47.57733 ], [ -122.31237, 47.57755 ], [ -122.31098, 47.57625 ], [ -122.31217, 47.57472 ] ] ] } },
{ "type": "Feature", "properties": { "id": 947, "population": 367, "o_score_pt": 928.256, "o_score_car": 1279.752, "CDI": 0.159 }, "geometry": { "type": "Polygon", "coordinates": [ [ [ -122.36391, 47.69508 ], [ -122.36645, 47.69486 ], [ -122.36781, 47.69614 ], [ -122.36665, 47.69765 ], [ -122.36411, 47.69787 ], [ -122.36274, 47.69659 ], [ -122.36391, 47.69508 ] ] ] } },
{ "type": "Feature", "properties": { "id": 948, "population": 216, "o_score_pt": 897.539, "o_score_car": 1294.104, "CDI": 0.181 }, "geometry": { "type": "Polygon", "coordinates": [ [ [ -122.30225, 47.7064 ], [ -122.30454, 47.7062 ], [ -122.30574, 47.70733 ], [ -122.30469, 47.70868 ], [ -122.3024, 47.70888 ], [ -122.3012, 47.70775 ], [ -122.30225, 47.7064 ] ] ] } },
{ "type": "Feature", "properties": { "id": 949, "population": 22, "o_score_pt": 6.644, "o_score_car": 1272.004, "CDI": 0.99 }, "geometry": { "type": "Polygon", "coordinates": [ [ [ -122.32029, 47.73129 ], [ -122.3215, 47.73118 ], [ -122.32201, 47.73166 ], [ -122.32148, 47.73236 ], [ -122.32027, 47.73246 ], [ -122.31976, 47.73198 ], [ -122.32029, 47.73129 ] ] ] } },
{ "type": "Feature", "properties": { "id": 950, "population": 148, "o_score_pt": 534.988, "o_score_car": 1223.702, "CDI": 0.392 }, "geometry": { "type": "Polygon", "coordinates": [ [ [ -122.32193, 47.54397 ], [ -122.32403, 47.54379 ], [ -122.32511, 47.54481 ], [ -122.32415, 47.54605 ], [ -122.32205, 47.54624 ], [ -122.32097, 47.54521 ], [ -122.32193, 47.54397 ] ] ] } },
{ "type": "Feature", "properties": { "id": 951, "population": 240, "o_score_pt": 743.171, "o_score_car": 1097.519, "CDI": 0.193 }, "geometry": { "type": "Polygon", "coordinates": [ [ [ -122.28789, 47.72484 ], [ -122.29023, 47.72463 ], [ -122.29146, 47.72579 ], [ -122.29039, 47.72717 ], [ -122.28805, 47.72738 ], [ -122.28682, 47.72622 ], [ -122.28789, 47.72484 ] ] ] } },
{ "type": "Feature", "properties": { "id": 952, "population": 0, "o_score_pt": 0.253, "o_score_car": 1093.897, "CDI": 1.0 }, "geometry": { "type": "Polygon", "coordinates": [ [ [ -122.29875, 47.53276 ], [ -122.29875, 47.53276 ], [ -122.29869, 47.53277 ], [ -122.29869, 47.53277 ], [ -122.29875, 47.53276 ] ] ] } },
{ "type": "Feature", "properties": { "id": 953, "population": 15, "o_score_pt": 798.422, "o_score_car": 1323.922, "CDI": 0.248 }, "geometry": { "type": "Polygon", "coordinates": [ [ [ -122.28752, 47.65538 ], [ -122.28855, 47.65529 ], [ -122.28895, 47.65566 ], [ -122.2885, 47.65625 ], [ -122.28747, 47.65634 ], [ -122.28706, 47.65596 ], [ -122.28752, 47.65538 ] ] ] } },
{ "type": "Feature", "properties": { "id": 954, "population": 152, "o_score_pt": 375.869, "o_score_car": 1243.513, "CDI": 0.536 }, "geometry": { "type": "Polygon", "coordinates": [ [ [ -122.32775, 47.73294 ], [ -122.32987, 47.73276 ], [ -122.33096, 47.73378 ], [ -122.32999, 47.73503 ], [ -122.32788, 47.73522 ], [ -122.32678, 47.73419 ], [ -122.32775, 47.73294 ] ] ] } },
{ "type": "Feature", "properties": { "id": 955, "population": 259, "o_score_pt": 987.538, "o_score_car": 1383.307, "CDI": 0.167 }, "geometry": { "type": "Polygon", "coordinates": [ [ [ -122.3371, 47.70185 ], [ -122.33947, 47.70164 ], [ -122.34073, 47.70282 ], [ -122.33964, 47.70423 ], [ -122.33727, 47.70444 ], [ -122.33601, 47.70326 ], [ -122.3371, 47.70185 ] ] ] } },
{ "type": "Feature", "properties": { "id": 956, "population": 397, "o_score_pt": 1010.43, "o_score_car": 1370.92, "CDI": 0.151 }, "geometry": { "type": "Polygon", "coordinates": [ [ [ -122.29929, 47.6132 ], [ -122.30187, 47.61297 ], [ -122.30326, 47.61428 ], [ -122.30207, 47.61581 ], [ -122.2995, 47.61603 ], [ -122.29811, 47.61473 ], [ -122.29929, 47.6132 ] ] ] } },
{ "type": "Feature", "properties": { "id": 957, "population": 134, "o_score_pt": 965.968, "o_score_car": 1400.667, "CDI": 0.184 }, "geometry": { "type": "Polygon", "coordinates": [ [ [ -122.36046, 47.64403 ], [ -122.36251, 47.64385 ], [ -122.36357, 47.64484 ], [ -122.36263, 47.64605 ], [ -122.36058, 47.64623 ], [ -122.35952, 47.64524 ], [ -122.36046, 47.64403 ] ] ] } },
{ "type": "Feature", "properties": { "id": 958, "population": 209, "o_score_pt": 807.726, "o_score_car": 1371.693, "CDI": 0.259 }, "geometry": { "type": "Polygon", "coordinates": [ [ [ -122.30543, 47.69609 ], [ -122.3077, 47.69589 ], [ -122.30889, 47.69701 ], [ -122.30785, 47.69835 ], [ -122.30558, 47.69855 ], [ -122.30439, 47.69744 ], [ -122.30543, 47.69609 ] ] ] } },
{ "type": "Feature", "properties": { "id": 959, "population": 360, "o_score_pt": 736.716, "o_score_car": 1092.035, "CDI": 0.194 }, "geometry": { "type": "Polygon", "coordinates": [ [ [ -122.27928, 47.55176 ], [ -122.2818, 47.55154 ], [ -122.28316, 47.55282 ], [ -122.282, 47.55432 ], [ -122.27947, 47.55454 ], [ -122.27811, 47.55326 ], [ -122.27928, 47.55176 ] ] ] } },
{ "type": "Feature", "properties": { "id": 960, "population": 54, "o_score_pt": 474.321, "o_score_car": 1062.578, "CDI": 0.383 }, "geometry": { "type": "Polygon", "coordinates": [ [ [ -122.36294, 47.72871 ], [ -122.36457, 47.72857 ], [ -122.36535, 47.7293 ], [ -122.36461, 47.73024 ], [ -122.36299, 47.73039 ], [ -122.36221, 47.72966 ], [ -122.36294, 47.72871 ] ] ] } },
{ "type": "Feature", "properties": { "id": 961, "population": 663, "o_score_pt": 1355.446, "o_score_car": 1568.165, "CDI": 0.073 }, "geometry": { "type": "Polygon", "coordinates": [ [ [ -122.32177, 47.59973 ], [ -122.32436, 47.5995 ], [ -122.32576, 47.60081 ], [ -122.32457, 47.60235 ], [ -122.32198, 47.60258 ], [ -122.32058, 47.60127 ], [ -122.32177, 47.59973 ] ] ] } },
{ "type": "Feature", "properties": { "id": 962, "population": 2, "o_score_pt": 823.284, "o_score_car": 1244.687, "CDI": 0.204 }, "geometry": { "type": "Polygon", "coordinates": [ [ [ -122.33125, 47.55004 ], [ -122.33125, 47.55004 ], [ -122.33118, 47.55004 ], [ -122.33118, 47.55004 ], [ -122.33125, 47.55004 ] ] ] } },
{ "type": "Feature", "properties": { "id": 963, "population": 199, "o_score_pt": 671.031, "o_score_car": 1183.787, "CDI": 0.276 }, "geometry": { "type": "Polygon", "coordinates": [ [ [ -122.39878, 47.63479 ], [ -122.40102, 47.63459 ], [ -122.4022, 47.63569 ], [ -122.40117, 47.63702 ], [ -122.39893, 47.63722 ], [ -122.39775, 47.63611 ], [ -122.39878, 47.63479 ] ] ] } },
{ "type": "Feature", "properties": { "id": 964, "population": 788, "o_score_pt": 961.315, "o_score_car": 1262.197, "CDI": 0.135 }, "geometry": { "type": "Polygon", "coordinates": [ [ [ -122.38554, 47.67019 ], [ -122.38813, 47.66996 ], [ -122.38953, 47.67127 ], [ -122.38834, 47.67281 ], [ -122.38575, 47.67304 ], [ -122.38435, 47.67173 ], [ -122.38554, 47.67019 ] ] ] } },
{ "type": "Feature", "properties": { "id": 965, "population": 316, "o_score_pt": 1024.337, "o_score_car": 1361.222, "CDI": 0.141 }, "geometry": { "type": "Polygon", "coordinates": [ [ [ -122.2922, 47.6225 ], [ -122.29467, 47.62229 ], [ -122.29599, 47.62353 ], [ -122.29485, 47.62499 ], [ -122.29238, 47.62521 ], [ -122.29107, 47.62397 ], [ -122.2922, 47.6225 ] ] ] } },
{ "type": "Feature", "properties": { "id": 966, "population": 0, "o_score_pt": 585.187, "o_score_car": 1129.641, "CDI": 0.317 }, "geometry": { "type": "Polygon", "coordinates": [ [ [ -122.30693, 47.5378 ], [ -122.30693, 47.5378 ], [ -122.30686, 47.53781 ], [ -122.30686, 47.53781 ], [ -122.30693, 47.5378 ] ] ] } },
{ "type": "Feature", "properties": { "id": 967, "population": 0, "o_score_pt": 8.176, "o_score_car": 945.686, "CDI": 0.983 }, "geometry": { "type": "Polygon", "coordinates": [ [ [ -122.42163, 47.66412 ], [ -122.42163, 47.66412 ], [ -122.42156, 47.66413 ], [ -122.42156, 47.66413 ], [ -122.42163, 47.66412 ] ] ] } },
{ "type": "Feature", "properties": { "id": 968, "population": 193, "o_score_pt": 805.358, "o_score_car": 1265.32, "CDI": 0.222 }, "geometry": { "type": "Polygon", "coordinates": [ [ [ -122.28508, 47.68499 ], [ -122.28731, 47.68479 ], [ -122.28848, 47.68589 ], [ -122.28746, 47.68721 ], [ -122.28523, 47.6874 ], [ -122.28406, 47.68631 ], [ -122.28508, 47.68499 ] ] ] } },
{ "type": "Feature", "properties": { "id": 969, "population": 83, "o_score_pt": 625.663, "o_score_car": 1271.474, "CDI": 0.34 }, "geometry": { "type": "Polygon", "coordinates": [ [ [ -122.28541, 47.6321 ], [ -122.28724, 47.63194 ], [ -122.28815, 47.6328 ], [ -122.28732, 47.63387 ], [ -122.28549, 47.63403 ], [ -122.28458, 47.63318 ], [ -122.28541, 47.6321 ] ] ] } },
{ "type": "Feature", "properties": { "id": 970, "population": 1620, "o_score_pt": 1261.093, "o_score_car": 1488.309, "CDI": 0.083 }, "geometry": { "type": "Polygon", "coordinates": [ [ [ -122.3501, 47.61303 ], [ -122.35269, 47.6128 ], [ -122.35409, 47.61412 ], [ -122.35289, 47.61566 ], [ -122.35031, 47.61588 ], [ -122.34891, 47.61457 ], [ -122.3501, 47.61303 ] ] ] } },
{ "type": "Feature", "properties": { "id": 971, "population": 63, "o_score_pt": 586.184, "o_score_car": 1005.216, "CDI": 0.263 }, "geometry": { "type": "Polygon", "coordinates": [ [ [ -122.277, 47.56828 ], [ -122.2787, 47.56813 ], [ -122.27952, 47.56891 ], [ -122.27875, 47.5699 ], [ -122.27706, 47.57005 ], [ -122.27623, 47.56927 ], [ -122.277, 47.56828 ] ] ] } },
{ "type": "Feature", "properties": { "id": 972, "population": 0, "o_score_pt": 728.408, "o_score_car": 981.762, "CDI": 0.148 }, "geometry": { "type": "Polygon", "coordinates": [ [ [ -122.25877, 47.6842 ], [ -122.25877, 47.6842 ], [ -122.2587, 47.68421 ], [ -122.2587, 47.68421 ], [ -122.25877, 47.6842 ] ] ] } },
{ "type": "Feature", "properties": { "id": 973, "population": 9, "o_score_pt": 1027.092, "o_score_car": 1400.107, "CDI": 0.154 }, "geometry": { "type": "Polygon", "coordinates": [ [ [ -122.34393, 47.67639 ], [ -122.34473, 47.67632 ], [ -122.34499, 47.67656 ], [ -122.34464, 47.67701 ], [ -122.34384, 47.67708 ], [ -122.34358, 47.67684 ], [ -122.34393, 47.67639 ] ] ] } },
{ "type": "Feature", "properties": { "id": 974, "population": 212, "o_score_pt": 1088.518, "o_score_car": 1455.342, "CDI": 0.144 }, "geometry": { "type": "Polygon", "coordinates": [ [ [ -122.30979, 47.59379 ], [ -122.31206, 47.59359 ], [ -122.31326, 47.59471 ], [ -122.31222, 47.59606 ], [ -122.30994, 47.59626 ], [ -122.30875, 47.59514 ], [ -122.30979, 47.59379 ] ] ] } },
{ "type": "Feature", "properties": { "id": 975, "population": 213, "o_score_pt": 397.775, "o_score_car": 1017.505, "CDI": 0.438 }, "geometry": { "type": "Polygon", "coordinates": [ [ [ -122.41177, 47.65227 ], [ -122.41405, 47.65207 ], [ -122.41524, 47.65319 ], [ -122.4142, 47.65454 ], [ -122.41193, 47.65474 ], [ -122.41073, 47.65362 ], [ -122.41177, 47.65227 ] ] ] } },
{ "type": "Feature", "properties": { "id": 976, "population": 525, "o_score_pt": 1215.54, "o_score_car": 1511.194, "CDI": 0.108 }, "geometry": { "type": "Polygon", "coordinates": [ [ [ -122.3184, 47.6072 ], [ -122.32099, 47.60698 ], [ -122.32239, 47.60829 ], [ -122.3212, 47.60983 ], [ -122.31861, 47.61006 ], [ -122.31721, 47.60874 ], [ -122.3184, 47.6072 ] ] ] } },
{ "type": "Feature", "properties": { "id": 977, "population": 709, "o_score_pt": 1280.936, "o_score_car": 1486.96, "CDI": 0.074 }, "geometry": { "type": "Polygon", "coordinates": [ [ [ -122.31117, 47.66957 ], [ -122.31376, 47.66934 ], [ -122.31516, 47.67065 ], [ -122.31396, 47.67219 ], [ -122.31137, 47.67242 ], [ -122.30997, 47.67111 ], [ -122.31117, 47.66957 ] ] ] } },
{ "type": "Feature", "properties": { "id": 978, "population": 95, "o_score_pt": 655.746, "o_score_car": 1154.327, "CDI": 0.275 }, "geometry": { "type": "Polygon", "coordinates": [ [ [ -122.28568, 47.58177 ], [ -122.28757, 47.5816 ], [ -122.28852, 47.5825 ], [ -122.28766, 47.58361 ], [ -122.28577, 47.58378 ], [ -122.28482, 47.58288 ], [ -122.28568, 47.58177 ] ] ] } },
{ "type": "Feature", "properties": { "id": 979, "population": 181, "o_score_pt": 964.359, "o_score_car": 1285.846, "CDI": 0.143 }, "geometry": { "type": "Polygon", "coordinates": [ [ [ -122.38011, 47.64651 ], [ -122.38231, 47.64632 ], [ -122.38346, 47.6474 ], [ -122.38245, 47.6487 ], [ -122.38025, 47.64889 ], [ -122.37911, 47.64781 ], [ -122.38011, 47.64651 ] ] ] } },
{ "type": "Feature", "properties": { "id": 980, "population": 12, "o_score_pt": 14.313, "o_score_car": 1120.269, "CDI": 0.975 }, "geometry": { "type": "Polygon", "coordinates": [ [ [ -122.37366, 47.70955 ], [ -122.37459, 47.70947 ], [ -122.37493, 47.70978 ], [ -122.37452, 47.71031 ], [ -122.37359, 47.71039 ], [ -122.37326, 47.71007 ], [ -122.37366, 47.70955 ] ] ] } },
{ "type": "Feature", "properties": { "id": 981, "population": 458, "o_score_pt": 829.737, "o_score_car": 1086.191, "CDI": 0.134 }, "geometry": { "type": "Polygon", "coordinates": [ [ [ -122.2822, 47.53853 ], [ -122.28479, 47.5383 ], [ -122.28619, 47.53962 ], [ -122.285, 47.54116 ], [ -122.28241, 47.54138 ], [ -122.28101, 47.54007 ], [ -122.2822, 47.53853 ] ] ] } },
{ "type": "Feature", "properties": { "id": 982, "population": 10, "o_score_pt": 1154.596, "o_score_car": 1357.143, "CDI": 0.081 }, "geometry": { "type": "Polygon", "coordinates": [ [ [ -122.32114, 47.57786 ], [ -122.32199, 47.57779 ], [ -122.32227, 47.57806 ], [ -122.32191, 47.57853 ], [ -122.32106, 47.57861 ], [ -122.32077, 47.57834 ], [ -122.32114, 47.57786 ] ] ] } },
{ "type": "Feature", "properties": { "id": 983, "population": 1320, "o_score_pt": 1381.617, "o_score_car": 1531.28, "CDI": 0.051 }, "geometry": { "type": "Polygon", "coordinates": [ [ [ -122.31413, 47.65639 ], [ -122.31672, 47.65616 ], [ -122.31812, 47.65748 ], [ -122.31693, 47.65902 ], [ -122.31433, 47.65924 ], [ -122.31294, 47.65793 ], [ -122.31413, 47.65639 ] ] ] } },
{ "type": "Feature", "properties": { "id": 984, "population": 0, "o_score_pt": 421.689, "o_score_car": 921.479, "CDI": 0.372 }, "geometry": { "type": "Polygon", "coordinates": [ [ [ -122.25318, 47.55113 ], [ -122.25318, 47.55113 ], [ -122.25311, 47.55113 ], [ -122.25311, 47.55113 ], [ -122.25318, 47.55113 ] ] ] } },
{ "type": "Feature", "properties": { "id": 985, "population": 425, "o_score_pt": 851.013, "o_score_car": 1291.278, "CDI": 0.206 }, "geometry": { "type": "Polygon", "coordinates": [ [ [ -122.29828, 47.708 ], [ -122.30088, 47.70777 ], [ -122.30228, 47.70908 ], [ -122.30108, 47.71062 ], [ -122.29849, 47.71085 ], [ -122.29709, 47.70954 ], [ -122.29828, 47.708 ] ] ] } },
{ "type": "Feature", "properties": { "id": 986, "population": 439, "o_score_pt": 800.026, "o_score_car": 1198.012, "CDI": 0.199 }, "geometry": { "type": "Polygon", "coordinates": [ [ [ -122.3115, 47.72835 ], [ -122.31409, 47.72812 ], [ -122.31549, 47.72943 ], [ -122.3143, 47.73097 ], [ -122.3117, 47.7312 ], [ -122.3103, 47.72989 ], [ -122.3115, 47.72835 ] ] ] } },
{ "type": "Feature", "properties": { "id": 987, "population": 0, "o_score_pt": 716.207, "o_score_car": 1127.974, "CDI": 0.223 }, "geometry": { "type": "Polygon", "coordinates": [ [ [ -122.31071, 47.53603 ], [ -122.31071, 47.53603 ], [ -122.31064, 47.53604 ], [ -122.31064, 47.53604 ], [ -122.31071, 47.53603 ] ] ] } },
{ "type": "Feature", "properties": { "id": 988, "population": 541, "o_score_pt": 946.365, "o_score_car": 1209.271, "CDI": 0.122 }, "geometry": { "type": "Polygon", "coordinates": [ [ [ -122.38637, 47.68159 ], [ -122.38896, 47.68136 ], [ -122.39036, 47.68267 ], [ -122.38917, 47.68421 ], [ -122.38658, 47.68444 ], [ -122.38518, 47.68313 ], [ -122.38637, 47.68159 ] ] ] } },
{ "type": "Feature", "properties": { "id": 989, "population": 228, "o_score_pt": 762.954, "o_score_car": 1168.949, "CDI": 0.21 }, "geometry": { "type": "Polygon", "coordinates": [ [ [ -122.28729, 47.7163 ], [ -122.2896, 47.7161 ], [ -122.29082, 47.71724 ], [ -122.28976, 47.71861 ], [ -122.28745, 47.71881 ], [ -122.28623, 47.71767 ], [ -122.28729, 47.7163 ] ] ] } },
{ "type": "Feature", "properties": { "id": 990, "population": 187, "o_score_pt": 592.491, "o_score_car": 1126.684, "CDI": 0.311 }, "geometry": { "type": "Polygon", "coordinates": [ [ [ -122.29376, 47.53343 ], [ -122.29598, 47.53324 ], [ -122.29713, 47.53433 ], [ -122.29612, 47.53564 ], [ -122.29391, 47.53583 ], [ -122.29275, 47.53474 ], [ -122.29376, 47.53343 ] ] ] } },
{ "type": "Feature", "properties": { "id": 991, "population": 0, "o_score_pt": 935.495, "o_score_car": 1400.833, "CDI": 0.199 }, "geometry": { "type": "Polygon", "coordinates": [ [ [ -122.29602, 47.65798 ], [ -122.29602, 47.65798 ], [ -122.29595, 47.65799 ], [ -122.29595, 47.65799 ], [ -122.29602, 47.65798 ] ] ] } },
{ "type": "Feature", "properties": { "id": 992, "population": 290, "o_score_pt": 1003.262, "o_score_car": 1401.276, "CDI": 0.166 }, "geometry": { "type": "Polygon", "coordinates": [ [ [ -122.32468, 47.69287 ], [ -122.32711, 47.69266 ], [ -122.3284, 47.69387 ], [ -122.32728, 47.69531 ], [ -122.32486, 47.69552 ], [ -122.32356, 47.69431 ], [ -122.32468, 47.69287 ] ] ] } },
{ "type": "Feature", "properties": { "id": 993, "population": 134, "o_score_pt": 929.498, "o_score_car": 1243.933, "CDI": 0.145 }, "geometry": { "type": "Polygon", "coordinates": [ [ [ -122.29294, 47.57529 ], [ -122.295, 47.57511 ], [ -122.29605, 47.5761 ], [ -122.29511, 47.57731 ], [ -122.29306, 47.57749 ], [ -122.292, 47.5765 ], [ -122.29294, 47.57529 ] ] ] } },
{ "type": "Feature", "properties": { "id": 994, "population": 443, "o_score_pt": 920.77, "o_score_car": 1326.487, "CDI": 0.181 }, "geometry": { "type": "Polygon", "coordinates": [ [ [ -122.29131, 47.61102 ], [ -122.2939, 47.61079 ], [ -122.2953, 47.6121 ], [ -122.2941, 47.61364 ], [ -122.29151, 47.61387 ], [ -122.29012, 47.61256 ], [ -122.29131, 47.61102 ] ] ] } },
{ "type": "Feature", "properties": { "id": 995, "population": 291, "o_score_pt": 836.989, "o_score_car": 1279.736, "CDI": 0.209 }, "geometry": { "type": "Polygon", "coordinates": [ [ [ -122.29295, 47.68705 ], [ -122.29538, 47.68684 ], [ -122.29667, 47.68805 ], [ -122.29556, 47.68949 ], [ -122.29313, 47.6897 ], [ -122.29183, 47.68849 ], [ -122.29295, 47.68705 ] ] ] } },
{ "type": "Feature", "properties": { "id": 996, "population": 203, "o_score_pt": 609.291, "o_score_car": 1039.124, "CDI": 0.261 }, "geometry": { "type": "Polygon", "coordinates": [ [ [ -122.2685, 47.56293 ], [ -122.27075, 47.56273 ], [ -122.27194, 47.56385 ], [ -122.2709, 47.56518 ], [ -122.26865, 47.56538 ], [ -122.26747, 47.56427 ], [ -122.2685, 47.56293 ] ] ] } },
{ "type": "Feature", "properties": { "id": 997, "population": 55, "o_score_pt": 580.78, "o_score_car": 944.052, "CDI": 0.238 }, "geometry": { "type": "Polygon", "coordinates": [ [ [ -122.4111, 47.63837 ], [ -122.41273, 47.63823 ], [ -122.41352, 47.63897 ], [ -122.41278, 47.63992 ], [ -122.41115, 47.64007 ], [ -122.41036, 47.63933 ], [ -122.4111, 47.63837 ] ] ] } },
{ "type": "Feature", "properties": { "id": 998, "population": 350, "o_score_pt": 551.744, "o_score_car": 976.786, "CDI": 0.278 }, "geometry": { "type": "Polygon", "coordinates": [ [ [ -122.2611, 47.51597 ], [ -122.26361, 47.51575 ], [ -122.26496, 47.51702 ], [ -122.26381, 47.51852 ], [ -122.26129, 47.51874 ], [ -122.25995, 47.51747 ], [ -122.2611, 47.51597 ] ] ] } },
{ "type": "Feature", "properties": { "id": 999, "population": 694, "o_score_pt": 830.733, "o_score_car": 1190.661, "CDI": 0.178 }, "geometry": { "type": "Polygon", "coordinates": [ [ [ -122.35439, 47.726 ], [ -122.35698, 47.72578 ], [ -122.35838, 47.72709 ], [ -122.35719, 47.72862 ], [ -122.3546, 47.72885 ], [ -122.3532, 47.72754 ], [ -122.35439, 47.726 ] ] ] } },
{ "type": "Feature", "properties": { "id": 1000, "population": 825, "o_score_pt": 1551.299, "o_score_car": 1579.91, "CDI": 0.009 }, "geometry": { "type": "Polygon", "coordinates": [ [ [ -122.32975, 47.6019 ], [ -122.33234, 47.60167 ], [ -122.33373, 47.60298 ], [ -122.33254, 47.60452 ], [ -122.32995, 47.60475 ], [ -122.32856, 47.60344 ], [ -122.32975, 47.6019 ] ] ] } },
{ "type": "Feature", "properties": { "id": 1001, "population": 15, "o_score_pt": 777.67, "o_score_car": 1263.182, "CDI": 0.238 }, "geometry": { "type": "Polygon", "coordinates": [ [ [ -122.3198, 47.56063 ], [ -122.32083, 47.56054 ], [ -122.32123, 47.56091 ], [ -122.32078, 47.5615 ], [ -122.31975, 47.56159 ], [ -122.31935, 47.56121 ], [ -122.3198, 47.56063 ] ] ] } },
{ "type": "Feature", "properties": { "id": 1002, "population": 3, "o_score_pt": 640.597, "o_score_car": 974.201, "CDI": 0.207 }, "geometry": { "type": "Polygon", "coordinates": [ [ [ -122.30333, 47.53948 ], [ -122.30321, 47.53963 ], [ -122.3029, 47.53966 ], [ -122.30302, 47.53951 ], [ -122.30333, 47.53948 ] ] ] } },
{ "type": "Feature", "properties": { "id": 1003, "population": 0, "o_score_pt": 1030.742, "o_score_car": 1159.834, "CDI": 0.059 }, "geometry": { "type": "Polygon", "coordinates": [ [ [ -122.37188, 47.62547 ], [ -122.37188, 47.62547 ], [ -122.37182, 47.62547 ], [ -122.37182, 47.62547 ], [ -122.37188, 47.62547 ] ] ] } },
{ "type": "Feature", "properties": { "id": 1004, "population": 1053, "o_score_pt": 1438.89, "o_score_car": 1527.326, "CDI": 0.03 }, "geometry": { "type": "Polygon", "coordinates": [ [ [ -122.31943, 47.62147 ], [ -122.32202, 47.62125 ], [ -122.32342, 47.62256 ], [ -122.32223, 47.6241 ], [ -122.31964, 47.62433 ], [ -122.31824, 47.62301 ], [ -122.31943, 47.62147 ] ] ] } },
{ "type": "Feature", "properties": { "id": 1005, "population": 259, "o_score_pt": 889.746, "o_score_car": 1282.686, "CDI": 0.181 }, "geometry": { "type": "Polygon", "coordinates": [ [ [ -122.28438, 47.67636 ], [ -122.28676, 47.67615 ], [ -122.28801, 47.67733 ], [ -122.28693, 47.67873 ], [ -122.28455, 47.67894 ], [ -122.28329, 47.67776 ], [ -122.28438, 47.67636 ] ] ] } },
{ "type": "Feature", "properties": { "id": 1006, "population": 41, "o_score_pt": 1055.931, "o_score_car": 1378.463, "CDI": 0.132 }, "geometry": { "type": "Polygon", "coordinates": [ [ [ -122.3698, 47.66077 ], [ -122.37129, 47.66064 ], [ -122.37199, 47.66129 ], [ -122.37132, 47.66216 ], [ -122.36983, 47.6623 ], [ -122.36913, 47.66164 ], [ -122.3698, 47.66077 ] ] ] } },
{ "type": "Feature", "properties": { "id": 1007, "population": 178, "o_score_pt": 833.906, "o_score_car": 1305.962, "CDI": 0.221 }, "geometry": { "type": "Polygon", "coordinates": [ [ [ -122.33424, 47.71512 ], [ -122.33644, 47.71493 ], [ -122.33758, 47.716 ], [ -122.33658, 47.71729 ], [ -122.33439, 47.71749 ], [ -122.33324, 47.71641 ], [ -122.33424, 47.71512 ] ] ] } },
{ "type": "Feature", "properties": { "id": 1008, "population": 296, "o_score_pt": 901.19, "o_score_car": 1291.489, "CDI": 0.178 }, "geometry": { "type": "Polygon", "coordinates": [ [ [ -122.29732, 47.58473 ], [ -122.29976, 47.58451 ], [ -122.30106, 47.58574 ], [ -122.29994, 47.58718 ], [ -122.2975, 47.58739 ], [ -122.29621, 47.58617 ], [ -122.29732, 47.58473 ] ] ] } },
{ "type": "Feature", "properties": { "id": 1009, "population": 1340, "o_score_pt": 1369.251, "o_score_car": 1566.251, "CDI": 0.067 }, "geometry": { "type": "Polygon", "coordinates": [ [ [ -122.32638, 47.60937 ], [ -122.32897, 47.60915 ], [ -122.33037, 47.61046 ], [ -122.32917, 47.612 ], [ -122.32658, 47.61223 ], [ -122.32519, 47.61092 ], [ -122.32638, 47.60937 ] ] ] } },
{ "type": "Feature", "properties": { "id": 1010, "population": 202, "o_score_pt": 1216.254, "o_score_car": 1534.895, "CDI": 0.116 }, "geometry": { "type": "Polygon", "coordinates": [ [ [ -122.31935, 47.67193 ], [ -122.3216, 47.67173 ], [ -122.32278, 47.67284 ], [ -122.32175, 47.67417 ], [ -122.3195, 47.67437 ], [ -122.31831, 47.67326 ], [ -122.31935, 47.67193 ] ] ] } },
{ "type": "Feature", "properties": { "id": 1011, "population": 289, "o_score_pt": 652.695, "o_score_car": 1167.172, "CDI": 0.283 }, "geometry": { "type": "Polygon", "coordinates": [ [ [ -122.39552, 47.64501 ], [ -122.39794, 47.6448 ], [ -122.39923, 47.64601 ], [ -122.39812, 47.64745 ], [ -122.3957, 47.64766 ], [ -122.39441, 47.64645 ], [ -122.39552, 47.64501 ] ] ] } },
{ "type": "Feature", "properties": { "id": 1012, "population": 284, "o_score_pt": 938.541, "o_score_car": 1307.672, "CDI": 0.164 }, "geometry": { "type": "Polygon", "coordinates": [ [ [ -122.3604, 47.69977 ], [ -122.36282, 47.69956 ], [ -122.36411, 47.70076 ], [ -122.363, 47.70219 ], [ -122.36058, 47.70241 ], [ -122.35929, 47.7012 ], [ -122.3604, 47.69977 ] ] ] } },
{ "type": "Feature", "properties": { "id": 1013, "population": 1, "o_score_pt": 905.722, "o_score_car": 1349.201, "CDI": 0.197 }, "geometry": { "type": "Polygon", "coordinates": [ [ [ -122.33709, 47.57683 ], [ -122.33709, 47.57683 ], [ -122.33702, 47.57684 ], [ -122.33702, 47.57684 ], [ -122.33709, 47.57683 ] ] ] } },
{ "type": "Feature", "properties": { "id": 1014, "population": 227, "o_score_pt": 857.684, "o_score_car": 1274.79, "CDI": 0.196 }, "geometry": { "type": "Polygon", "coordinates": [ [ [ -122.31841, 47.71357 ], [ -122.32072, 47.71337 ], [ -122.32194, 47.71451 ], [ -122.32088, 47.71588 ], [ -122.31857, 47.71608 ], [ -122.31735, 47.71494 ], [ -122.31841, 47.71357 ] ] ] } },
{ "type": "Feature", "properties": { "id": 1015, "population": 0, "o_score_pt": 771.352, "o_score_car": 1213.644, "CDI": 0.223 }, "geometry": { "type": "Polygon", "coordinates": [ [ [ -122.31868, 47.53821 ], [ -122.31868, 47.53821 ], [ -122.31861, 47.53821 ], [ -122.31861, 47.53821 ], [ -122.31868, 47.53821 ] ] ] } },
{ "type": "Feature", "properties": { "id": 1016, "population": 71, "o_score_pt": 624.059, "o_score_car": 1209.183, "CDI": 0.319 }, "geometry": { "type": "Polygon", "coordinates": [ [ [ -122.28106, 47.62535 ], [ -122.28281, 47.6252 ], [ -122.28367, 47.62601 ], [ -122.28288, 47.62704 ], [ -122.28113, 47.62719 ], [ -122.28026, 47.62638 ], [ -122.28106, 47.62535 ] ] ] } },
{ "type": "Feature", "properties": { "id": 1017, "population": 244, "o_score_pt": 825.658, "o_score_car": 1223.879, "CDI": 0.194 }, "geometry": { "type": "Polygon", "coordinates": [ [ [ -122.38273, 47.6835 ], [ -122.38507, 47.68329 ], [ -122.38632, 47.68445 ], [ -122.38524, 47.68584 ], [ -122.3829, 47.68605 ], [ -122.38166, 47.68489 ], [ -122.38273, 47.6835 ] ] ] } },
{ "type": "Feature", "properties": { "id": 1018, "population": 357, "o_score_pt": 1102.24, "o_score_car": 1495.274, "CDI": 0.151 }, "geometry": { "type": "Polygon", "coordinates": [ [ [ -122.30117, 47.63891 ], [ -122.3037, 47.63869 ], [ -122.30505, 47.63996 ], [ -122.30389, 47.64146 ], [ -122.30136, 47.64168 ], [ -122.30001, 47.64041 ], [ -122.30117, 47.63891 ] ] ] } },
{ "type": "Feature", "properties": { "id": 1019, "population": 261, "o_score_pt": 706.447, "o_score_car": 1279.774, "CDI": 0.289 }, "geometry": { "type": "Polygon", "coordinates": [ [ [ -122.29401, 47.70133 ], [ -122.29638, 47.70113 ], [ -122.29764, 47.70231 ], [ -122.29655, 47.70371 ], [ -122.29418, 47.70392 ], [ -122.29291, 47.70274 ], [ -122.29401, 47.70133 ] ] ] } },
{ "type": "Feature", "properties": { "id": 1020, "population": 170, "o_score_pt": 773.249, "o_score_car": 1150.963, "CDI": 0.196 }, "geometry": { "type": "Polygon", "coordinates": [ [ [ -122.28358, 47.71815 ], [ -122.28575, 47.71796 ], [ -122.28688, 47.71902 ], [ -122.28589, 47.7203 ], [ -122.28372, 47.72049 ], [ -122.28259, 47.71943 ], [ -122.28358, 47.71815 ] ] ] } },
{ "type": "Feature", "properties": { "id": 1021, "population": 193, "o_score_pt": 1092.732, "o_score_car": 1364.543, "CDI": 0.111 }, "geometry": { "type": "Polygon", "coordinates": [ [ [ -122.36979, 47.66606 ], [ -122.37202, 47.66586 ], [ -122.37319, 47.66696 ], [ -122.37216, 47.66828 ], [ -122.36993, 47.66848 ], [ -122.36877, 47.66738 ], [ -122.36979, 47.66606 ] ] ] } },
{ "type": "Feature", "properties": { "id": 1022, "population": 373, "o_score_pt": 630.007, "o_score_car": 1114.842, "CDI": 0.278 }, "geometry": { "type": "Polygon", "coordinates": [ [ [ -122.2856, 47.53107 ], [ -122.28815, 47.53085 ], [ -122.28951, 47.53213 ], [ -122.28834, 47.53365 ], [ -122.2858, 47.53387 ], [ -122.28443, 47.53258 ], [ -122.2856, 47.53107 ] ] ] } },
{ "type": "Feature", "properties": { "id": 1023, "population": 378, "o_score_pt": 1069.526, "o_score_car": 1412.652, "CDI": 0.138 }, "geometry": { "type": "Polygon", "coordinates": [ [ [ -122.35089, 47.67757 ], [ -122.35344, 47.67735 ], [ -122.35482, 47.67864 ], [ -122.35364, 47.68015 ], [ -122.35109, 47.68038 ], [ -122.34972, 47.67909 ], [ -122.35089, 47.67757 ] ] ] } },
{ "type": "Feature", "properties": { "id": 1024, "population": 0, "o_score_pt": 75.055, "o_score_car": 1283.41, "CDI": 0.89 }, "geometry": { "type": "Polygon", "coordinates": [ [ [ -122.34403, 47.56472 ], [ -122.34403, 47.56472 ], [ -122.34396, 47.56473 ], [ -122.34396, 47.56473 ], [ -122.34403, 47.56472 ] ] ] } },
{ "type": "Feature", "properties": { "id": 1025, "population": 191, "o_score_pt": 950.648, "o_score_car": 1292.635, "CDI": 0.152 }, "geometry": { "type": "Polygon", "coordinates": [ [ [ -122.30102, 47.58022 ], [ -122.30325, 47.58003 ], [ -122.30441, 47.58112 ], [ -122.30339, 47.58244 ], [ -122.30117, 47.58263 ], [ -122.3, 47.58154 ], [ -122.30102, 47.58022 ] ] ] } },
{ "type": "Feature", "properties": { "id": 1026, "population": 349, "o_score_pt": 759.116, "o_score_car": 1197.159, "CDI": 0.224 }, "geometry": { "type": "Polygon", "coordinates": [ [ [ -122.29206, 47.56646 ], [ -122.29457, 47.56624 ], [ -122.29592, 47.56751 ], [ -122.29477, 47.569 ], [ -122.29225, 47.56922 ], [ -122.29091, 47.56795 ], [ -122.29206, 47.56646 ] ] ] } },
{ "type": "Feature", "properties": { "id": 1027, "population": 717, "o_score_pt": 1037.985, "o_score_car": 1416.19, "CDI": 0.154 }, "geometry": { "type": "Polygon", "coordinates": [ [ [ -122.30685, 47.60965 ], [ -122.30944, 47.60943 ], [ -122.31084, 47.61074 ], [ -122.30965, 47.61228 ], [ -122.30706, 47.61251 ], [ -122.30566, 47.61119 ], [ -122.30685, 47.60965 ] ] ] } },
{ "type": "Feature", "properties": { "id": 1028, "population": 168, "o_score_pt": 260.047, "o_score_car": 965.344, "CDI": 0.576 }, "geometry": { "type": "Polygon", "coordinates": [ [ [ -122.4091, 47.66836 ], [ -122.41126, 47.66817 ], [ -122.41239, 47.66922 ], [ -122.4114, 47.6705 ], [ -122.40924, 47.6707 ], [ -122.40811, 47.66964 ], [ -122.4091, 47.66836 ] ] ] } },
{ "type": "Feature", "properties": { "id": 1029, "population": 282, "o_score_pt": 953.567, "o_score_car": 1403.712, "CDI": 0.191 }, "geometry": { "type": "Polygon", "coordinates": [ [ [ -122.30094, 47.68923 ], [ -122.30336, 47.68902 ], [ -122.30464, 47.69022 ], [ -122.30353, 47.69165 ], [ -122.30112, 47.69186 ], [ -122.29983, 47.69066 ], [ -122.30094, 47.68923 ] ] ] } },
{ "type": "Feature", "properties": { "id": 1030, "population": 46, "o_score_pt": 1088.245, "o_score_car": 1355.787, "CDI": 0.109 }, "geometry": { "type": "Polygon", "coordinates": [ [ [ -122.37775, 47.66291 ], [ -122.3793, 47.66277 ], [ -122.38003, 47.66346 ], [ -122.37933, 47.66436 ], [ -122.37778, 47.66449 ], [ -122.37705, 47.66381 ], [ -122.37775, 47.66291 ] ] ] } },
{ "type": "Feature", "properties": { "id": 1031, "population": 35, "o_score_pt": 588.825, "o_score_car": 1033.158, "CDI": 0.274 }, "geometry": { "type": "Polygon", "coordinates": [ [ [ -122.27727, 47.51523 ], [ -122.27868, 47.51511 ], [ -122.27933, 47.51572 ], [ -122.2787, 47.51654 ], [ -122.27728, 47.51667 ], [ -122.27663, 47.51606 ], [ -122.27727, 47.51523 ] ] ] } },
{ "type": "Feature", "properties": { "id": 1032, "population": 49, "o_score_pt": 2.266, "o_score_car": 1081.522, "CDI": 0.996 }, "geometry": { "type": "Polygon", "coordinates": [ [ [ -122.37054, 47.7252 ], [ -122.37212, 47.72506 ], [ -122.37287, 47.72576 ], [ -122.37216, 47.72668 ], [ -122.37058, 47.72682 ], [ -122.36983, 47.72612 ], [ -122.37054, 47.7252 ] ] ] } },
{ "type": "Feature", "properties": { "id": 1033, "population": 56, "o_score_pt": 1042.322, "o_score_car": 1304.368, "CDI": 0.112 }, "geometry": { "type": "Polygon", "coordinates": [ [ [ -122.31793, 47.59346 ], [ -122.31957, 47.59332 ], [ -122.32036, 47.59406 ], [ -122.31962, 47.59502 ], [ -122.31798, 47.59517 ], [ -122.31719, 47.59442 ], [ -122.31793, 47.59346 ] ] ] } },
{ "type": "Feature", "properties": { "id": 1034, "population": 2, "o_score_pt": 816.626, "o_score_car": 1266.628, "CDI": 0.216 }, "geometry": { "type": "Polygon", "coordinates": [ [ [ -122.32829, 47.56323 ], [ -122.32829, 47.56323 ], [ -122.32823, 47.56324 ], [ -122.32823, 47.56324 ], [ -122.32829, 47.56323 ] ] ] } },
{ "type": "Feature", "properties": { "id": 1035, "population": 261, "o_score_pt": 780.592, "o_score_car": 1193.361, "CDI": 0.209 }, "geometry": { "type": "Polygon", "coordinates": [ [ [ -122.29531, 47.5562 ], [ -122.29768, 47.55599 ], [ -122.29894, 47.55718 ], [ -122.29785, 47.55859 ], [ -122.29548, 47.55879 ], [ -122.29422, 47.55761 ], [ -122.29531, 47.5562 ] ] ] } },
{ "type": "Feature", "properties": { "id": 1036, "population": 874, "o_score_pt": 1262.416, "o_score_car": 1482.566, "CDI": 0.08 }, "geometry": { "type": "Polygon", "coordinates": [ [ [ -122.31565, 47.62324 ], [ -122.31824, 47.62301 ], [ -122.31964, 47.62433 ], [ -122.31845, 47.62587 ], [ -122.31585, 47.62609 ], [ -122.31446, 47.62478 ], [ -122.31565, 47.62324 ] ] ] } },
{ "type": "Feature", "properties": { "id": 1037, "population": 216, "o_score_pt": 985.751, "o_score_car": 1498.094, "CDI": 0.206 }, "geometry": { "type": "Polygon", "coordinates": [ [ [ -122.33866, 47.66877 ], [ -122.34095, 47.66857 ], [ -122.34215, 47.6697 ], [ -122.3411, 47.67105 ], [ -122.33882, 47.67125 ], [ -122.33761, 47.67013 ], [ -122.33866, 47.66877 ] ] ] } },
{ "type": "Feature", "properties": { "id": 1038, "population": 279, "o_score_pt": 849.271, "o_score_car": 1251.879, "CDI": 0.192 }, "geometry": { "type": "Polygon", "coordinates": [ [ [ -122.28058, 47.6781 ], [ -122.28298, 47.67789 ], [ -122.28427, 47.67909 ], [ -122.28316, 47.68052 ], [ -122.28075, 47.68073 ], [ -122.27947, 47.67953 ], [ -122.28058, 47.6781 ] ] ] } },
{ "type": "Feature", "properties": { "id": 1039, "population": 453, "o_score_pt": 917.182, "o_score_car": 1342.729, "CDI": 0.188 }, "geometry": { "type": "Polygon", "coordinates": [ [ [ -122.36854, 47.6516 ], [ -122.37113, 47.65137 ], [ -122.37253, 47.65268 ], [ -122.37134, 47.65422 ], [ -122.36875, 47.65445 ], [ -122.36735, 47.65314 ], [ -122.36854, 47.6516 ] ] ] } },
{ "type": "Feature", "properties": { "id": 1040, "population": 269, "o_score_pt": 996.769, "o_score_car": 1507.31, "CDI": 0.204 }, "geometry": { "type": "Polygon", "coordinates": [ [ [ -122.33124, 47.6751 ], [ -122.33363, 47.67489 ], [ -122.3349, 47.67608 ], [ -122.3338, 47.6775 ], [ -122.33141, 47.67771 ], [ -122.33014, 47.67652 ], [ -122.33124, 47.6751 ] ] ] } },
{ "type": "Feature", "properties": { "id": 1041, "population": 205, "o_score_pt": 941.398, "o_score_car": 1370.984, "CDI": 0.186 }, "geometry": { "type": "Polygon", "coordinates": [ [ [ -122.3054, 47.587 ], [ -122.30766, 47.5868 ], [ -122.30884, 47.58792 ], [ -122.30781, 47.58926 ], [ -122.30555, 47.58945 ], [ -122.30437, 47.58834 ], [ -122.3054, 47.587 ] ] ] } },
{ "type": "Feature", "properties": { "id": 1042, "population": 653, "o_score_pt": 1335.969, "o_score_car": 1522.146, "CDI": 0.065 }, "geometry": { "type": "Polygon", "coordinates": [ [ [ -122.34192, 47.60801 ], [ -122.34451, 47.60778 ], [ -122.3459, 47.60909 ], [ -122.34471, 47.61063 ], [ -122.34212, 47.61086 ], [ -122.34072, 47.60955 ], [ -122.34192, 47.60801 ] ] ] } },
{ "type": "Feature", "properties": { "id": 1043, "population": 1729, "o_score_pt": 1226.482, "o_score_car": 1477.919, "CDI": 0.093 }, "geometry": { "type": "Polygon", "coordinates": [ [ [ -122.30677, 47.66278 ], [ -122.30936, 47.66255 ], [ -122.31076, 47.66386 ], [ -122.30956, 47.6654 ], [ -122.30697, 47.66563 ], [ -122.30557, 47.66432 ], [ -122.30677, 47.66278 ] ] ] } },
{ "type": "Feature", "properties": { "id": 1044, "population": 620, "o_score_pt": 689.033, "o_score_car": 1128.984, "CDI": 0.242 }, "geometry": { "type": "Polygon", "coordinates": [ [ [ -122.27485, 47.54492 ], [ -122.27744, 47.54469 ], [ -122.27883, 47.54601 ], [ -122.27764, 47.54755 ], [ -122.27505, 47.54778 ], [ -122.27366, 47.54646 ], [ -122.27485, 47.54492 ] ] ] } },
{ "type": "Feature", "properties": { "id": 1045, "population": 268, "o_score_pt": 432.66, "o_score_car": 1102.4, "CDI": 0.436 }, "geometry": { "type": "Polygon", "coordinates": [ [ [ -122.40352, 47.6472 ], [ -122.4059, 47.64698 ], [ -122.40717, 47.64817 ], [ -122.40608, 47.64959 ], [ -122.40369, 47.6498 ], [ -122.40242, 47.64861 ], [ -122.40352, 47.6472 ] ] ] } },
{ "type": "Feature", "properties": { "id": 1046, "population": 0, "o_score_pt": 391.609, "o_score_car": 1004.77, "CDI": 0.439 }, "geometry": { "type": "Polygon", "coordinates": [ [ [ -122.25079, 47.68203 ], [ -122.25079, 47.68203 ], [ -122.25072, 47.68203 ], [ -122.25072, 47.68203 ], [ -122.25079, 47.68203 ] ] ] } },
{ "type": "Feature", "properties": { "id": 1047, "population": 338, "o_score_pt": 1176.543, "o_score_car": 1491.648, "CDI": 0.118 }, "geometry": { "type": "Polygon", "coordinates": [ [ [ -122.34108, 47.64977 ], [ -122.34358, 47.64955 ], [ -122.34492, 47.65081 ], [ -122.34377, 47.65229 ], [ -122.34127, 47.65251 ], [ -122.33993, 47.65126 ], [ -122.34108, 47.64977 ] ] ] } },
{ "type": "Feature", "properties": { "id": 1048, "population": 168, "o_score_pt": 768.386, "o_score_car": 1219.116, "CDI": 0.227 }, "geometry": { "type": "Polygon", "coordinates": [ [ [ -122.36853, 47.70208 ], [ -122.3707, 47.70188 ], [ -122.37183, 47.70294 ], [ -122.37084, 47.70422 ], [ -122.36867, 47.70441 ], [ -122.36754, 47.70335 ], [ -122.36853, 47.70208 ] ] ] } },
{ "type": "Feature", "properties": { "id": 1049, "population": 228, "o_score_pt": 921.389, "o_score_car": 1293.413, "CDI": 0.168 }, "geometry": { "type": "Polygon", "coordinates": [ [ [ -122.30602, 47.70462 ], [ -122.30833, 47.70442 ], [ -122.30955, 47.70556 ], [ -122.30849, 47.70693 ], [ -122.30618, 47.70713 ], [ -122.30496, 47.70599 ], [ -122.30602, 47.70462 ] ] ] } },
{ "type": "Feature", "properties": { "id": 1050, "population": 45, "o_score_pt": 736.359, "o_score_car": 1210.661, "CDI": 0.244 }, "geometry": { "type": "Polygon", "coordinates": [ [ [ -122.28057, 47.61691 ], [ -122.28211, 47.61678 ], [ -122.28283, 47.61746 ], [ -122.28214, 47.61835 ], [ -122.2806, 47.61849 ], [ -122.27988, 47.61781 ], [ -122.28057, 47.61691 ] ] ] } },
{ "type": "Feature", "properties": { "id": 1051, "population": 207, "o_score_pt": 1101.317, "o_score_car": 1489.772, "CDI": 0.15 }, "geometry": { "type": "Polygon", "coordinates": [ [ [ -122.29754, 47.64082 ], [ -122.2998, 47.64063 ], [ -122.30099, 47.64174 ], [ -122.29995, 47.64308 ], [ -122.29769, 47.64328 ], [ -122.2965, 47.64216 ], [ -122.29754, 47.64082 ] ] ] } },
{ "type": "Feature", "properties": { "id": 1052, "population": 196, "o_score_pt": 844.073, "o_score_car": 1245.696, "CDI": 0.192 }, "geometry": { "type": "Polygon", "coordinates": [ [ [ -122.2903, 47.70318 ], [ -122.29254, 47.70298 ], [ -122.29371, 47.70408 ], [ -122.29269, 47.7054 ], [ -122.29045, 47.7056 ], [ -122.28927, 47.7045 ], [ -122.2903, 47.70318 ] ] ] } },
{ "type": "Feature", "properties": { "id": 1053, "population": 0, "o_score_pt": 0.24, "o_score_car": 1069.757, "CDI": 1.0 }, "geometry": { "type": "Polygon", "coordinates": [ [ [ -122.30253, 47.531 ], [ -122.30253, 47.531 ], [ -122.30247, 47.531 ], [ -122.30247, 47.531 ], [ -122.30253, 47.531 ] ] ] } },
{ "type": "Feature", "properties": { "id": 1054, "population": 380, "o_score_pt": 879.195, "o_score_car": 1283.064, "CDI": 0.187 }, "geometry": { "type": "Polygon", "coordinates": [ [ [ -122.3782, 47.6766 ], [ -122.38076, 47.67637 ], [ -122.38213, 47.67766 ], [ -122.38096, 47.67918 ], [ -122.3784, 47.6794 ], [ -122.37703, 47.67811 ], [ -122.3782, 47.6766 ] ] ] } },
{ "type": "Feature", "properties": { "id": 1055, "population": 133, "o_score_pt": 690.542, "o_score_car": 1281.994, "CDI": 0.3 }, "geometry": { "type": "Polygon", "coordinates": [ [ [ -122.33075, 47.71982 ], [ -122.3328, 47.71963 ], [ -122.33386, 47.72062 ], [ -122.33292, 47.72183 ], [ -122.33086, 47.72201 ], [ -122.32981, 47.72102 ], [ -122.33075, 47.71982 ] ] ] } },
{ "type": "Feature", "properties": { "id": 1056, "population": 364, "o_score_pt": 1125.017, "o_score_car": 1466.892, "CDI": 0.132 }, "geometry": { "type": "Polygon", "coordinates": [ [ [ -122.348, 47.63766 ], [ -122.35054, 47.63743 ], [ -122.3519, 47.63871 ], [ -122.35074, 47.64022 ], [ -122.3482, 47.64044 ], [ -122.34684, 47.63916 ], [ -122.348, 47.63766 ] ] ] } },
{ "type": "Feature", "properties": { "id": 1057, "population": 13, "o_score_pt": 932.702, "o_score_car": 1378.059, "CDI": 0.193 }, "geometry": { "type": "Polygon", "coordinates": [ [ [ -122.31343, 47.63448 ], [ -122.31439, 47.6344 ], [ -122.31475, 47.63474 ], [ -122.31433, 47.63528 ], [ -122.31337, 47.63537 ], [ -122.31301, 47.63503 ], [ -122.31343, 47.63448 ] ] ] } },
{ "type": "Feature", "properties": { "id": 1058, "population": 332, "o_score_pt": 827.074, "o_score_car": 1200.44, "CDI": 0.184 }, "geometry": { "type": "Polygon", "coordinates": [ [ [ -122.34309, 47.73136 ], [ -122.34558, 47.73114 ], [ -122.34692, 47.73239 ], [ -122.34577, 47.73387 ], [ -122.34328, 47.73409 ], [ -122.34194, 47.73284 ], [ -122.34309, 47.73136 ] ] ] } },
{ "type": "Feature", "properties": { "id": 1059, "population": 101, "o_score_pt": 1049.838, "o_score_car": 1357.223, "CDI": 0.128 }, "geometry": { "type": "Polygon", "coordinates": [ [ [ -122.34115, 47.70034 ], [ -122.34307, 47.70017 ], [ -122.34404, 47.70108 ], [ -122.34317, 47.70221 ], [ -122.34124, 47.70238 ], [ -122.34027, 47.70147 ], [ -122.34115, 47.70034 ] ] ] } },
{ "type": "Feature", "properties": { "id": 1060, "population": 572, "o_score_pt": 802.535, "o_score_car": 1168.356, "CDI": 0.186 }, "geometry": { "type": "Polygon", "coordinates": [ [ [ -122.28824, 47.56818 ], [ -122.29083, 47.56796 ], [ -122.29222, 47.56927 ], [ -122.29103, 47.57081 ], [ -122.28844, 47.57104 ], [ -122.28704, 47.56973 ], [ -122.28824, 47.56818 ] ] ] } },
{ "type": "Feature", "properties": { "id": 1061, "population": 640, "o_score_pt": 1326.265, "o_score_car": 1507.996, "CDI": 0.064 }, "geometry": { "type": "Polygon", "coordinates": [ [ [ -122.31483, 47.61183 ], [ -122.31742, 47.6116 ], [ -122.31881, 47.61291 ], [ -122.31762, 47.61445 ], [ -122.31503, 47.61468 ], [ -122.31363, 47.61337 ], [ -122.31483, 47.61183 ] ] ] } },
{ "type": "Feature", "properties": { "id": 1062, "population": 1187, "o_score_pt": 1124.332, "o_score_car": 1512.482, "CDI": 0.147 }, "geometry": { "type": "Polygon", "coordinates": [ [ [ -122.32363, 47.62541 ], [ -122.32622, 47.62518 ], [ -122.32761, 47.6265 ], [ -122.32642, 47.62804 ], [ -122.32383, 47.62827 ], [ -122.32243, 47.62695 ], [ -122.32363, 47.62541 ] ] ] } },
{ "type": "Feature", "properties": { "id": 1063, "population": 249, "o_score_pt": 1062.718, "o_score_car": 1470.808, "CDI": 0.161 }, "geometry": { "type": "Polygon", "coordinates": [ [ [ -122.31653, 47.68789 ], [ -122.31889, 47.68769 ], [ -122.32013, 47.68886 ], [ -122.31905, 47.69025 ], [ -122.3167, 47.69046 ], [ -122.31545, 47.68929 ], [ -122.31653, 47.68789 ] ] ] } },
{ "type": "Feature", "properties": { "id": 1064, "population": 197, "o_score_pt": 738.706, "o_score_car": 1223.322, "CDI": 0.247 }, "geometry": { "type": "Polygon", "coordinates": [ [ [ -122.28333, 47.60618 ], [ -122.28557, 47.60599 ], [ -122.28674, 47.60709 ], [ -122.28572, 47.60842 ], [ -122.28348, 47.60861 ], [ -122.2823, 47.60751 ], [ -122.28333, 47.60618 ] ] ] } },
{ "type": "Feature", "properties": { "id": 1065, "population": 23, "o_score_pt": 931.27, "o_score_car": 1236.913, "CDI": 0.141 }, "geometry": { "type": "Polygon", "coordinates": [ [ [ -122.38592, 47.66525 ], [ -122.38714, 47.66514 ], [ -122.38767, 47.66564 ], [ -122.38712, 47.66634 ], [ -122.3859, 47.66645 ], [ -122.38537, 47.66596 ], [ -122.38592, 47.66525 ] ] ] } },
{ "type": "Feature", "properties": { "id": 1066, "population": 212, "o_score_pt": 610.224, "o_score_car": 970.306, "CDI": 0.228 }, "geometry": { "type": "Polygon", "coordinates": [ [ [ -122.28474, 47.51693 ], [ -122.28701, 47.51673 ], [ -122.2882, 47.51786 ], [ -122.28716, 47.51921 ], [ -122.28489, 47.5194 ], [ -122.2837, 47.51828 ], [ -122.28474, 47.51693 ] ] ] } },
{ "type": "Feature", "properties": { "id": 1067, "population": 314, "o_score_pt": 807.077, "o_score_car": 1240.263, "CDI": 0.212 }, "geometry": { "type": "Polygon", "coordinates": [ [ [ -122.31457, 47.55302 ], [ -122.31703, 47.5528 ], [ -122.31835, 47.55404 ], [ -122.31721, 47.55551 ], [ -122.31475, 47.55572 ], [ -122.31344, 47.55448 ], [ -122.31457, 47.55302 ] ] ] } },
{ "type": "Feature", "properties": { "id": 1068, "population": 197, "o_score_pt": 392.506, "o_score_car": 890.219, "CDI": 0.388 }, "geometry": { "type": "Polygon", "coordinates": [ [ [ -122.25309, 47.51109 ], [ -122.25533, 47.51089 ], [ -122.2565, 47.512 ], [ -122.25547, 47.51332 ], [ -122.25324, 47.51352 ], [ -122.25206, 47.51241 ], [ -122.25309, 47.51109 ] ] ] } },
{ "type": "Feature", "properties": { "id": 1069, "population": 488, "o_score_pt": 647.5, "o_score_car": 1129.521, "CDI": 0.271 }, "geometry": { "type": "Polygon", "coordinates": [ [ [ -122.28282, 47.5471 ], [ -122.28541, 47.54687 ], [ -122.2868, 47.54819 ], [ -122.28561, 47.54973 ], [ -122.28302, 47.54996 ], [ -122.28163, 47.54864 ], [ -122.28282, 47.5471 ] ] ] } },
{ "type": "Feature", "properties": { "id": 1070, "population": 661, "o_score_pt": 1174.03, "o_score_car": 1429.456, "CDI": 0.098 }, "geometry": { "type": "Polygon", "coordinates": [ [ [ -122.30767, 47.62107 ], [ -122.31026, 47.62084 ], [ -122.31166, 47.62216 ], [ -122.31047, 47.6237 ], [ -122.30788, 47.62392 ], [ -122.30648, 47.62261 ], [ -122.30767, 47.62107 ] ] ] } },
{ "type": "Feature", "properties": { "id": 1071, "population": 348, "o_score_pt": 1077.241, "o_score_car": 1373.353, "CDI": 0.121 }, "geometry": { "type": "Polygon", "coordinates": [ [ [ -122.32566, 47.70707 ], [ -122.32817, 47.70685 ], [ -122.32952, 47.70812 ], [ -122.32837, 47.70961 ], [ -122.32585, 47.70983 ], [ -122.3245, 47.70857 ], [ -122.32566, 47.70707 ] ] ] } },
{ "type": "Feature", "properties": { "id": 1072, "population": 65, "o_score_pt": 371.696, "o_score_car": 983.374, "CDI": 0.451 }, "geometry": { "type": "Polygon", "coordinates": [ [ [ -122.41588, 47.65082 ], [ -122.41759, 47.65067 ], [ -122.41843, 47.65145 ], [ -122.41765, 47.65245 ], [ -122.41594, 47.65261 ], [ -122.41511, 47.65182 ], [ -122.41588, 47.65082 ] ] ] } },
{ "type": "Feature", "properties": { "id": 1073, "population": 245, "o_score_pt": 755.741, "o_score_car": 1146.401, "CDI": 0.205 }, "geometry": { "type": "Polygon", "coordinates": [ [ [ -122.29945, 47.72239 ], [ -122.3018, 47.72218 ], [ -122.30304, 47.72334 ], [ -122.30197, 47.72473 ], [ -122.29962, 47.72494 ], [ -122.29838, 47.72377 ], [ -122.29945, 47.72239 ] ] ] } },
{ "type": "Feature", "properties": { "id": 1074, "population": 470, "o_score_pt": 803.248, "o_score_car": 1068.529, "CDI": 0.142 }, "geometry": { "type": "Polygon", "coordinates": [ [ [ -122.27424, 47.53635 ], [ -122.27682, 47.53612 ], [ -122.27822, 47.53744 ], [ -122.27703, 47.53898 ], [ -122.27444, 47.53921 ], [ -122.27304, 47.53789 ], [ -122.27424, 47.53635 ] ] ] } },
{ "type": "Feature", "properties": { "id": 1075, "population": 254, "o_score_pt": 938.297, "o_score_car": 1187.518, "CDI": 0.117 }, "geometry": { "type": "Polygon", "coordinates": [ [ [ -122.39115, 47.63826 ], [ -122.39351, 47.63805 ], [ -122.39476, 47.63923 ], [ -122.39368, 47.64063 ], [ -122.39132, 47.64083 ], [ -122.39007, 47.63966 ], [ -122.39115, 47.63826 ] ] ] } },
{ "type": "Feature", "properties": { "id": 1076, "population": 687, "o_score_pt": 1195.575, "o_score_car": 1492.907, "CDI": 0.111 }, "geometry": { "type": "Polygon", "coordinates": [ [ [ -122.34901, 47.65189 ], [ -122.3516, 47.65166 ], [ -122.353, 47.65297 ], [ -122.3518, 47.65451 ], [ -122.34921, 47.65474 ], [ -122.34781, 47.65343 ], [ -122.34901, 47.65189 ] ] ] } },
{ "type": "Feature", "properties": { "id": 1077, "population": 225, "o_score_pt": 458.305, "o_score_car": 974.062, "CDI": 0.36 }, "geometry": { "type": "Polygon", "coordinates": [ [ [ -122.26419, 47.50289 ], [ -122.26649, 47.50269 ], [ -122.2677, 47.50383 ], [ -122.26665, 47.5052 ], [ -122.26435, 47.5054 ], [ -122.26313, 47.50425 ], [ -122.26419, 47.50289 ] ] ] } },
{ "type": "Feature", "properties": { "id": 1078, "population": 0, "o_score_pt": 1053.685, "o_score_car": 1391.063, "CDI": 0.138 }, "geometry": { "type": "Polygon", "coordinates": [ [ [ -122.32534, 47.57643 ], [ -122.32534, 47.57643 ], [ -122.32527, 47.57643 ], [ -122.32527, 47.57643 ], [ -122.32534, 47.57643 ] ] ] } },
{ "type": "Feature", "properties": { "id": 1079, "population": 250, "o_score_pt": 990.077, "o_score_car": 1316.971, "CDI": 0.142 }, "geometry": { "type": "Polygon", "coordinates": [ [ [ -122.31398, 47.70676 ], [ -122.31634, 47.70656 ], [ -122.31758, 47.70773 ], [ -122.3165, 47.70912 ], [ -122.31415, 47.70933 ], [ -122.3129, 47.70816 ], [ -122.31398, 47.70676 ] ] ] } },
{ "type": "Feature", "properties": { "id": 1080, "population": 445, "o_score_pt": 763.666, "o_score_car": 1173.342, "CDI": 0.211 }, "geometry": { "type": "Polygon", "coordinates": [ [ [ -122.39015, 47.67982 ], [ -122.39274, 47.67959 ], [ -122.39414, 47.6809 ], [ -122.39295, 47.68244 ], [ -122.39036, 47.68267 ], [ -122.38896, 47.68136 ], [ -122.39015, 47.67982 ] ] ] } },
{ "type": "Feature", "properties": { "id": 1081, "population": 321, "o_score_pt": 993.386, "o_score_car": 1491.313, "CDI": 0.2 }, "geometry": { "type": "Polygon", "coordinates": [ [ [ -122.31736, 47.64613 ], [ -122.31984, 47.64592 ], [ -122.32116, 47.64716 ], [ -122.32002, 47.64863 ], [ -122.31755, 47.64884 ], [ -122.31623, 47.6476 ], [ -122.31736, 47.64613 ] ] ] } },
{ "type": "Feature", "properties": { "id": 1082, "population": 235, "o_score_pt": 589.995, "o_score_car": 1174.075, "CDI": 0.331 }, "geometry": { "type": "Polygon", "coordinates": [ [ [ -122.28226, 47.70096 ], [ -122.28459, 47.70076 ], [ -122.28582, 47.70191 ], [ -122.28475, 47.70328 ], [ -122.28242, 47.70349 ], [ -122.28119, 47.70233 ], [ -122.28226, 47.70096 ] ] ] } },
{ "type": "Feature", "properties": { "id": 1083, "population": 0, "o_score_pt": 716.127, "o_score_car": 1146.534, "CDI": 0.231 }, "geometry": { "type": "Polygon", "coordinates": [ [ [ -122.3105, 47.53317 ], [ -122.3105, 47.53317 ], [ -122.31044, 47.53318 ], [ -122.31044, 47.53318 ], [ -122.3105, 47.53317 ] ] ] } },
{ "type": "Feature", "properties": { "id": 1084, "population": 491, "o_score_pt": 927.062, "o_score_car": 1290.825, "CDI": 0.164 }, "geometry": { "type": "Polygon", "coordinates": [ [ [ -122.3744, 47.67835 ], [ -122.37699, 47.67812 ], [ -122.37839, 47.67943 ], [ -122.3772, 47.68097 ], [ -122.37461, 47.6812 ], [ -122.37321, 47.67989 ], [ -122.3744, 47.67835 ] ] ] } },
{ "type": "Feature", "properties": { "id": 1085, "population": 200, "o_score_pt": 844.684, "o_score_car": 1280.09, "CDI": 0.205 }, "geometry": { "type": "Polygon", "coordinates": [ [ [ -122.27207, 47.66746 ], [ -122.27432, 47.66727 ], [ -122.2755, 47.66837 ], [ -122.27447, 47.6697 ], [ -122.27222, 47.6699 ], [ -122.27104, 47.66879 ], [ -122.27207, 47.66746 ] ] ] } },
{ "type": "Feature", "properties": { "id": 1086, "population": 87, "o_score_pt": 1111.455, "o_score_car": 1344.229, "CDI": 0.095 }, "geometry": { "type": "Polygon", "coordinates": [ [ [ -122.3757, 47.63707 ], [ -122.37755, 47.63691 ], [ -122.37848, 47.63777 ], [ -122.37764, 47.63886 ], [ -122.37579, 47.63902 ], [ -122.37486, 47.63816 ], [ -122.3757, 47.63707 ] ] ] } },
{ "type": "Feature", "properties": { "id": 1087, "population": 827, "o_score_pt": 1111.269, "o_score_car": 1448.614, "CDI": 0.132 }, "geometry": { "type": "Polygon", "coordinates": [ [ [ -122.34014, 47.69141 ], [ -122.34273, 47.69118 ], [ -122.34413, 47.69249 ], [ -122.34294, 47.69403 ], [ -122.34034, 47.69426 ], [ -122.33894, 47.69295 ], [ -122.34014, 47.69141 ] ] ] } },
{ "type": "Feature", "properties": { "id": 1088, "population": 423, "o_score_pt": 996.006, "o_score_car": 1358.594, "CDI": 0.154 }, "geometry": { "type": "Polygon", "coordinates": [ [ [ -122.30817, 47.57362 ], [ -122.31076, 47.5734 ], [ -122.31215, 47.57471 ], [ -122.31096, 47.57625 ], [ -122.30837, 47.57648 ], [ -122.30698, 47.57516 ], [ -122.30817, 47.57362 ] ] ] } },
{ "type": "Feature", "properties": { "id": 1089, "population": 509, "o_score_pt": 995.937, "o_score_car": 1383.817, "CDI": 0.163 }, "geometry": { "type": "Polygon", "coordinates": [ [ [ -122.30245, 47.60286 ], [ -122.30504, 47.60263 ], [ -122.30644, 47.60394 ], [ -122.30525, 47.60549 ], [ -122.30266, 47.60571 ], [ -122.30126, 47.6044 ], [ -122.30245, 47.60286 ] ] ] } },
{ "type": "Feature", "properties": { "id": 1090, "population": 372, "o_score_pt": 808.445, "o_score_car": 1138.131, "CDI": 0.169 }, "geometry": { "type": "Polygon", "coordinates": [ [ [ -122.28387, 47.56141 ], [ -122.28641, 47.56119 ], [ -122.28778, 47.56247 ], [ -122.28661, 47.56399 ], [ -122.28406, 47.56421 ], [ -122.2827, 47.56292 ], [ -122.28387, 47.56141 ] ] ] } },
{ "type": "Feature", "properties": { "id": 1091, "population": 440, "o_score_pt": 908.733, "o_score_car": 1323.312, "CDI": 0.186 }, "geometry": { "type": "Polygon", "coordinates": [ [ [ -122.28784, 47.67161 ], [ -122.29043, 47.67139 ], [ -122.29183, 47.6727 ], [ -122.29063, 47.67424 ], [ -122.28804, 47.67447 ], [ -122.28664, 47.67315 ], [ -122.28784, 47.67161 ] ] ] } },
{ "type": "Feature", "properties": { "id": 1092, "population": 301, "o_score_pt": 822.844, "o_score_car": 1133.629, "CDI": 0.159 }, "geometry": { "type": "Polygon", "coordinates": [ [ [ -122.37851, 47.62641 ], [ -122.38096, 47.62619 ], [ -122.38226, 47.62742 ], [ -122.38114, 47.62887 ], [ -122.3787, 47.62908 ], [ -122.37739, 47.62786 ], [ -122.37851, 47.62641 ] ] ] } },
{ "type": "Feature", "properties": { "id": 1093, "population": 135, "o_score_pt": 666.52, "o_score_car": 993.854, "CDI": 0.197 }, "geometry": { "type": "Polygon", "coordinates": [ [ [ -122.40097, 47.66341 ], [ -122.40303, 47.66322 ], [ -122.40409, 47.66422 ], [ -122.40315, 47.66543 ], [ -122.40109, 47.66561 ], [ -122.40003, 47.66462 ], [ -122.40097, 47.66341 ] ] ] } },
{ "type": "Feature", "properties": { "id": 1094, "population": 239, "o_score_pt": 542.596, "o_score_car": 1146.856, "CDI": 0.358 }, "geometry": { "type": "Polygon", "coordinates": [ [ [ -122.36569, 47.718 ], [ -122.36802, 47.71779 ], [ -122.36926, 47.71895 ], [ -122.36819, 47.72033 ], [ -122.36585, 47.72053 ], [ -122.36462, 47.71938 ], [ -122.36569, 47.718 ] ] ] } },
{ "type": "Feature", "properties": { "id": 1095, "population": 517, "o_score_pt": 1514.52, "o_score_car": 1538.556, "CDI": 0.008 }, "geometry": { "type": "Polygon", "coordinates": [ [ [ -122.33353, 47.60013 ], [ -122.33612, 47.5999 ], [ -122.33752, 47.60121 ], [ -122.33632, 47.60275 ], [ -122.33373, 47.60298 ], [ -122.33234, 47.60167 ], [ -122.33353, 47.60013 ] ] ] } },
{ "type": "Feature", "properties": { "id": 1096, "population": 282, "o_score_pt": 875.495, "o_score_car": 1241.446, "CDI": 0.173 }, "geometry": { "type": "Polygon", "coordinates": [ [ [ -122.27218, 47.67022 ], [ -122.27459, 47.67001 ], [ -122.27588, 47.67122 ], [ -122.27477, 47.67265 ], [ -122.27236, 47.67286 ], [ -122.27107, 47.67165 ], [ -122.27218, 47.67022 ] ] ] } },
{ "type": "Feature", "properties": { "id": 1097, "population": 257, "o_score_pt": 746.831, "o_score_car": 1180.667, "CDI": 0.225 }, "geometry": { "type": "Polygon", "coordinates": [ [ [ -122.29092, 47.5494 ], [ -122.29328, 47.5492 ], [ -122.29454, 47.55038 ], [ -122.29345, 47.55178 ], [ -122.29109, 47.55199 ], [ -122.28983, 47.55081 ], [ -122.29092, 47.5494 ] ] ] } },
{ "type": "Feature", "properties": { "id": 1098, "population": 80, "o_score_pt": 978.712, "o_score_car": 1412.87, "CDI": 0.182 }, "geometry": { "type": "Polygon", "coordinates": [ [ [ -122.29719, 47.63252 ], [ -122.299, 47.63236 ], [ -122.2999, 47.63321 ], [ -122.29907, 47.63427 ], [ -122.29726, 47.63443 ], [ -122.29636, 47.63358 ], [ -122.29719, 47.63252 ] ] ] } },
{ "type": "Feature", "properties": { "id": 1099, "population": 149, "o_score_pt": 992.54, "o_score_car": 1400.007, "CDI": 0.17 }, "geometry": { "type": "Polygon", "coordinates": [ [ [ -122.33388, 47.70947 ], [ -122.33599, 47.70928 ], [ -122.33708, 47.7103 ], [ -122.33612, 47.71155 ], [ -122.33401, 47.71173 ], [ -122.33292, 47.71071 ], [ -122.33388, 47.70947 ] ] ] } },
{ "type": "Feature", "properties": { "id": 1100, "population": 331, "o_score_pt": 986.383, "o_score_car": 1550.763, "CDI": 0.222 }, "geometry": { "type": "Polygon", "coordinates": [ [ [ -122.32279, 47.66717 ], [ -122.32528, 47.66696 ], [ -122.32661, 47.66821 ], [ -122.32547, 47.66968 ], [ -122.32298, 47.6699 ], [ -122.32164, 47.66865 ], [ -122.32279, 47.66717 ] ] ] } },
{ "type": "Feature", "properties": { "id": 1101, "population": 74, "o_score_pt": 943.207, "o_score_car": 1274.779, "CDI": 0.149 }, "geometry": { "type": "Polygon", "coordinates": [ [ [ -122.2973, 47.57939 ], [ -122.29907, 47.57923 ], [ -122.29995, 47.58006 ], [ -122.29914, 47.5811 ], [ -122.29737, 47.58125 ], [ -122.2965, 47.58043 ], [ -122.2973, 47.57939 ] ] ] } },
{ "type": "Feature", "properties": { "id": 1102, "population": 378, "o_score_pt": 1054.399, "o_score_car": 1395.474, "CDI": 0.139 }, "geometry": { "type": "Polygon", "coordinates": [ [ [ -122.35825, 47.67119 ], [ -122.3608, 47.67096 ], [ -122.36218, 47.67225 ], [ -122.361, 47.67377 ], [ -122.35845, 47.67399 ], [ -122.35708, 47.6727 ], [ -122.35825, 47.67119 ] ] ] } },
{ "type": "Feature", "properties": { "id": 1103, "population": 2, "o_score_pt": 266.816, "o_score_car": 974.706, "CDI": 0.57 }, "geometry": { "type": "Polygon", "coordinates": [ [ [ -122.41764, 47.66304 ], [ -122.41764, 47.66304 ], [ -122.41757, 47.66304 ], [ -122.41757, 47.66304 ], [ -122.41764, 47.66304 ] ] ] } },
{ "type": "Feature", "properties": { "id": 1104, "population": 275, "o_score_pt": 1481.815, "o_score_car": 1562.162, "CDI": 0.026 }, "geometry": { "type": "Polygon", "coordinates": [ [ [ -122.33027, 47.60771 ], [ -122.33267, 47.6075 ], [ -122.33395, 47.6087 ], [ -122.33284, 47.61012 ], [ -122.33045, 47.61034 ], [ -122.32917, 47.60914 ], [ -122.33027, 47.60771 ] ] ] } },
{ "type": "Feature", "properties": { "id": 1105, "population": 287, "o_score_pt": 916.967, "o_score_car": 1310.915, "CDI": 0.177 }, "geometry": { "type": "Polygon", "coordinates": [ [ [ -122.35999, 47.69407 ], [ -122.36241, 47.69385 ], [ -122.3637, 47.69506 ], [ -122.36259, 47.6965 ], [ -122.36017, 47.69671 ], [ -122.35887, 47.6955 ], [ -122.35999, 47.69407 ] ] ] } },
{ "type": "Feature", "properties": { "id": 1106, "population": 163, "o_score_pt": 740.399, "o_score_car": 1376.696, "CDI": 0.301 }, "geometry": { "type": "Polygon", "coordinates": [ [ [ -122.3269, 47.72153 ], [ -122.32905, 47.72134 ], [ -122.33017, 47.72238 ], [ -122.32919, 47.72365 ], [ -122.32704, 47.72384 ], [ -122.32592, 47.7228 ], [ -122.3269, 47.72153 ] ] ] } },
{ "type": "Feature", "properties": { "id": 1107, "population": 508, "o_score_pt": 648.392, "o_score_car": 1049.213, "CDI": 0.236 }, "geometry": { "type": "Polygon", "coordinates": [ [ [ -122.27045, 47.53812 ], [ -122.27304, 47.53789 ], [ -122.27444, 47.53921 ], [ -122.27325, 47.54075 ], [ -122.27066, 47.54097 ], [ -122.26926, 47.53966 ], [ -122.27045, 47.53812 ] ] ] } },
{ "type": "Feature", "properties": { "id": 1108, "population": 0, "o_score_pt": 646.921, "o_score_car": 1188.749, "CDI": 0.295 }, "geometry": { "type": "Polygon", "coordinates": [ [ [ -122.32246, 47.53644 ], [ -122.32246, 47.53644 ], [ -122.32239, 47.53644 ], [ -122.32239, 47.53644 ], [ -122.32246, 47.53644 ] ] ] } },
{ "type": "Feature", "properties": { "id": 1109, "population": 300, "o_score_pt": 667.846, "o_score_car": 1117.748, "CDI": 0.252 }, "geometry": { "type": "Polygon", "coordinates": [ [ [ -122.39822, 47.68207 ], [ -122.40066, 47.68185 ], [ -122.40197, 47.68307 ], [ -122.40085, 47.68452 ], [ -122.3984, 47.68474 ], [ -122.3971, 47.68352 ], [ -122.39822, 47.68207 ] ] ] } },
{ "type": "Feature", "properties": { "id": 1110, "population": 348, "o_score_pt": 979.205, "o_score_car": 1432.553, "CDI": 0.188 }, "geometry": { "type": "Polygon", "coordinates": [ [ [ -122.30496, 47.63715 ], [ -122.30747, 47.63693 ], [ -122.30882, 47.63819 ], [ -122.30767, 47.63969 ], [ -122.30515, 47.63991 ], [ -122.30381, 47.63864 ], [ -122.30496, 47.63715 ] ] ] } },
{ "type": "Feature", "properties": { "id": 1111, "population": 287, "o_score_pt": 335.654, "o_score_car": 829.912, "CDI": 0.424 }, "geometry": { "type": "Polygon", "coordinates": [ [ [ -122.24043, 47.49913 ], [ -122.24284, 47.49892 ], [ -122.24413, 47.50014 ], [ -122.24302, 47.50157 ], [ -122.2406, 47.50178 ], [ -122.23931, 47.50057 ], [ -122.24043, 47.49913 ] ] ] } },
{ "type": "Feature", "properties": { "id": 1112, "population": 431, "o_score_pt": 1008.111, "o_score_car": 1341.297, "CDI": 0.142 }, "geometry": { "type": "Polygon", "coordinates": [ [ [ -122.36642, 47.67618 ], [ -122.36901, 47.67595 ], [ -122.37041, 47.67726 ], [ -122.36922, 47.6788 ], [ -122.36662, 47.67903 ], [ -122.36522, 47.67772 ], [ -122.36642, 47.67618 ] ] ] } },
{ "type": "Feature", "properties": { "id": 1113, "population": 390, "o_score_pt": 723.467, "o_score_car": 1257.836, "CDI": 0.27 }, "geometry": { "type": "Polygon", "coordinates": [ [ [ -122.27127, 47.65873 ], [ -122.27384, 47.6585 ], [ -122.27523, 47.6598 ], [ -122.27404, 47.66133 ], [ -122.27147, 47.66155 ], [ -122.27009, 47.66025 ], [ -122.27127, 47.65873 ] ] ] } },
{ "type": "Feature", "properties": { "id": 1114, "population": 596, "o_score_pt": 1002.667, "o_score_car": 1327.027, "CDI": 0.139 }, "geometry": { "type": "Polygon", "coordinates": [ [ [ -122.37149, 47.63842 ], [ -122.37408, 47.63819 ], [ -122.37548, 47.63951 ], [ -122.37429, 47.64105 ], [ -122.3717, 47.64127 ], [ -122.3703, 47.63996 ], [ -122.37149, 47.63842 ] ] ] } },
{ "type": "Feature", "properties": { "id": 1115, "population": 241, "o_score_pt": 1119.791, "o_score_car": 1435.964, "CDI": 0.124 }, "geometry": { "type": "Polygon", "coordinates": [ [ [ -122.3365, 47.69332 ], [ -122.33884, 47.69311 ], [ -122.34007, 47.69427 ], [ -122.339, 47.69566 ], [ -122.33666, 47.69586 ], [ -122.33543, 47.6947 ], [ -122.3365, 47.69332 ] ] ] } },
{ "type": "Feature", "properties": { "id": 1116, "population": 308, "o_score_pt": 828.051, "o_score_car": 1186.817, "CDI": 0.178 }, "geometry": { "type": "Polygon", "coordinates": [ [ [ -122.29588, 47.56473 ], [ -122.29833, 47.56451 ], [ -122.29964, 47.56574 ], [ -122.29851, 47.5672 ], [ -122.29606, 47.56742 ], [ -122.29475, 47.56618 ], [ -122.29588, 47.56473 ] ] ] } },
{ "type": "Feature", "properties": { "id": 1117, "population": 470, "o_score_pt": 1310.267, "o_score_car": 1516.974, "CDI": 0.073 }, "geometry": { "type": "Polygon", "coordinates": [ [ [ -122.33979, 47.6326 ], [ -122.34238, 47.63238 ], [ -122.34378, 47.63369 ], [ -122.34258, 47.63523 ], [ -122.33999, 47.63546 ], [ -122.3386, 47.63415 ], [ -122.33979, 47.6326 ] ] ] } },
{ "type": "Feature", "properties": { "id": 1118, "population": 414, "o_score_pt": 956.381, "o_score_car": 1420.78, "CDI": 0.195 }, "geometry": { "type": "Polygon", "coordinates": [ [ [ -122.30462, 47.68736 ], [ -122.30722, 47.68713 ], [ -122.30862, 47.68844 ], [ -122.30742, 47.68998 ], [ -122.30483, 47.69021 ], [ -122.30343, 47.6889 ], [ -122.30462, 47.68736 ] ] ] } },
{ "type": "Feature", "properties": { "id": 1119, "population": 255, "o_score_pt": 628.725, "o_score_car": 1108.447, "CDI": 0.276 }, "geometry": { "type": "Polygon", "coordinates": [ [ [ -122.28019, 47.56328 ], [ -122.28255, 47.56307 ], [ -122.28381, 47.56425 ], [ -122.28272, 47.56565 ], [ -122.28036, 47.56586 ], [ -122.27911, 47.56468 ], [ -122.28019, 47.56328 ] ] ] } },
{ "type": "Feature", "properties": { "id": 1120, "population": 7, "o_score_pt": 1160.802, "o_score_car": 1502.148, "CDI": 0.128 }, "geometry": { "type": "Polygon", "coordinates": [ [ [ -122.33401, 47.59263 ], [ -122.33471, 47.59257 ], [ -122.3349, 47.59275 ], [ -122.3346, 47.59313 ], [ -122.33391, 47.59319 ], [ -122.33372, 47.59301 ], [ -122.33401, 47.59263 ] ] ] } },
{ "type": "Feature", "properties": { "id": 1121, "population": 0, "o_score_pt": 798.183, "o_score_car": 1151.526, "CDI": 0.181 }, "geometry": { "type": "Polygon", "coordinates": [ [ [ -122.33207, 47.56146 ], [ -122.33207, 47.56146 ], [ -122.33201, 47.56147 ], [ -122.33201, 47.56147 ], [ -122.33207, 47.56146 ] ] ] } },
{ "type": "Feature", "properties": { "id": 1122, "population": 263, "o_score_pt": 343.184, "o_score_car": 898.434, "CDI": 0.447 }, "geometry": { "type": "Polygon", "coordinates": [ [ [ -122.24862, 47.5042 ], [ -122.251, 47.50399 ], [ -122.25226, 47.50518 ], [ -122.25116, 47.50659 ], [ -122.24879, 47.5068 ], [ -122.24753, 47.50561 ], [ -122.24862, 47.5042 ] ] ] } },
{ "type": "Feature", "properties": { "id": 1123, "population": 260, "o_score_pt": 632.303, "o_score_car": 1309.854, "CDI": 0.349 }, "geometry": { "type": "Polygon", "coordinates": [ [ [ -122.30645, 47.54804 ], [ -122.30882, 47.54783 ], [ -122.31007, 47.54901 ], [ -122.30899, 47.55042 ], [ -122.30662, 47.55063 ], [ -122.30536, 47.54945 ], [ -122.30645, 47.54804 ] ] ] } },
{ "type": "Feature", "properties": { "id": 1124, "population": 62, "o_score_pt": 955.353, "o_score_car": 1417.37, "CDI": 0.195 }, "geometry": { "type": "Polygon", "coordinates": [ [ [ -122.30524, 47.63476 ], [ -122.30692, 47.63461 ], [ -122.30775, 47.63538 ], [ -122.30698, 47.63637 ], [ -122.30529, 47.63652 ], [ -122.30447, 47.63575 ], [ -122.30524, 47.63476 ] ] ] } },
{ "type": "Feature", "properties": { "id": 1125, "population": 183, "o_score_pt": 883.38, "o_score_car": 1294.873, "CDI": 0.189 }, "geometry": { "type": "Polygon", "coordinates": [ [ [ -122.34938, 47.70804 ], [ -122.35159, 47.70785 ], [ -122.35274, 47.70893 ], [ -122.35173, 47.71023 ], [ -122.34952, 47.71043 ], [ -122.34837, 47.70935 ], [ -122.34938, 47.70804 ] ] ] } },
{ "type": "Feature", "properties": { "id": 1126, "population": 467, "o_score_pt": 974.114, "o_score_car": 1482.525, "CDI": 0.207 }, "geometry": { "type": "Polygon", "coordinates": [ [ [ -122.33071, 47.66929 ], [ -122.3333, 47.66906 ], [ -122.3347, 47.67037 ], [ -122.33351, 47.67191 ], [ -122.33091, 47.67214 ], [ -122.32952, 47.67083 ], [ -122.33071, 47.66929 ] ] ] } },
{ "type": "Feature", "properties": { "id": 1127, "population": 384, "o_score_pt": 887.297, "o_score_car": 1257.035, "CDI": 0.172 }, "geometry": { "type": "Polygon", "coordinates": [ [ [ -122.29306, 47.58071 ], [ -122.29562, 47.58049 ], [ -122.297, 47.58179 ], [ -122.29582, 47.58331 ], [ -122.29326, 47.58353 ], [ -122.29188, 47.58224 ], [ -122.29306, 47.58071 ] ] ] } },
{ "type": "Feature", "properties": { "id": 1128, "population": 364, "o_score_pt": 1239.402, "o_score_car": 1512.058, "CDI": 0.099 }, "geometry": { "type": "Polygon", "coordinates": [ [ [ -122.34588, 47.66224 ], [ -122.34841, 47.66202 ], [ -122.34977, 47.6633 ], [ -122.34861, 47.6648 ], [ -122.34607, 47.66503 ], [ -122.34471, 47.66375 ], [ -122.34588, 47.66224 ] ] ] } },
{ "type": "Feature", "properties": { "id": 1129, "population": 662, "o_score_pt": 1027.31, "o_score_car": 1446.67, "CDI": 0.17 }, "geometry": { "type": "Polygon", "coordinates": [ [ [ -122.35533, 47.63124 ], [ -122.35792, 47.63101 ], [ -122.35932, 47.63232 ], [ -122.35813, 47.63386 ], [ -122.35554, 47.63409 ], [ -122.35414, 47.63278 ], [ -122.35533, 47.63124 ] ] ] } },
{ "type": "Feature", "properties": { "id": 1130, "population": 534, "o_score_pt": 984.427, "o_score_car": 1437.847, "CDI": 0.187 }, "geometry": { "type": "Polygon", "coordinates": [ [ [ -122.29899, 47.66346 ], [ -122.30158, 47.66323 ], [ -122.30298, 47.66455 ], [ -122.30179, 47.66609 ], [ -122.29919, 47.66631 ], [ -122.2978, 47.665 ], [ -122.29899, 47.66346 ] ] ] } },
{ "type": "Feature", "properties": { "id": 1131, "population": 0, "o_score_pt": 532.798, "o_score_car": 978.65, "CDI": 0.295 }, "geometry": { "type": "Polygon", "coordinates": [ [ [ -122.41386, 47.66481 ], [ -122.41386, 47.66481 ], [ -122.41379, 47.66481 ], [ -122.41379, 47.66481 ], [ -122.41386, 47.66481 ] ] ] } },
{ "type": "Feature", "properties": { "id": 1132, "population": 791, "o_score_pt": 1387.604, "o_score_car": 1586.682, "CDI": 0.067 }, "geometry": { "type": "Polygon", "coordinates": [ [ [ -122.33098, 47.61902 ], [ -122.33357, 47.61879 ], [ -122.33497, 47.62011 ], [ -122.33378, 47.62165 ], [ -122.33119, 47.62188 ], [ -122.32979, 47.62056 ], [ -122.33098, 47.61902 ] ] ] } },
{ "type": "Feature", "properties": { "id": 1133, "population": 387, "o_score_pt": 862.383, "o_score_car": 1305.506, "CDI": 0.204 }, "geometry": { "type": "Polygon", "coordinates": [ [ [ -122.35612, 47.69576 ], [ -122.35868, 47.69553 ], [ -122.36007, 47.69682 ], [ -122.35889, 47.69835 ], [ -122.35632, 47.69857 ], [ -122.35494, 47.69728 ], [ -122.35612, 47.69576 ] ] ] } },
{ "type": "Feature", "properties": { "id": 1134, "population": 150, "o_score_pt": 827.632, "o_score_car": 1335.296, "CDI": 0.235 }, "geometry": { "type": "Polygon", "coordinates": [ [ [ -122.3158, 47.5675 ], [ -122.31791, 47.56732 ], [ -122.319, 47.56834 ], [ -122.31804, 47.56959 ], [ -122.31593, 47.56977 ], [ -122.31484, 47.56875 ], [ -122.3158, 47.5675 ] ] ] } },
{ "type": "Feature", "properties": { "id": 1135, "population": 198, "o_score_pt": 849.505, "o_score_car": 1342.297, "CDI": 0.225 }, "geometry": { "type": "Polygon", "coordinates": [ [ [ -122.30565, 47.69896 ], [ -122.30789, 47.69876 ], [ -122.30907, 47.69986 ], [ -122.30804, 47.70119 ], [ -122.3058, 47.70139 ], [ -122.30462, 47.70028 ], [ -122.30565, 47.69896 ] ] ] } },
{ "type": "Feature", "properties": { "id": 1136, "population": 139, "o_score_pt": 747.233, "o_score_car": 1224.461, "CDI": 0.242 }, "geometry": { "type": "Polygon", "coordinates": [ [ [ -122.32316, 47.72334 ], [ -122.32524, 47.72315 ], [ -122.3263, 47.72416 ], [ -122.32536, 47.72538 ], [ -122.32328, 47.72556 ], [ -122.32221, 47.72456 ], [ -122.32316, 47.72334 ] ] ] } },
{ "type": "Feature", "properties": { "id": 1137, "population": 637, "o_score_pt": 886.189, "o_score_car": 1160.093, "CDI": 0.134 }, "geometry": { "type": "Polygon", "coordinates": [ [ [ -122.26051, 47.67257 ], [ -122.2631, 47.67234 ], [ -122.2645, 47.67366 ], [ -122.26331, 47.6752 ], [ -122.26072, 47.67542 ], [ -122.25932, 47.67411 ], [ -122.26051, 47.67257 ] ] ] } },
{ "type": "Feature", "properties": { "id": 1138, "population": 283, "o_score_pt": 525.274, "o_score_car": 916.45, "CDI": 0.271 }, "geometry": { "type": "Polygon", "coordinates": [ [ [ -122.25238, 47.50241 ], [ -122.25479, 47.5022 ], [ -122.25607, 47.50341 ], [ -122.25496, 47.50484 ], [ -122.25255, 47.50505 ], [ -122.25127, 47.50384 ], [ -122.25238, 47.50241 ] ] ] } },
{ "type": "Feature", "properties": { "id": 1139, "population": 714, "o_score_pt": 877.741, "o_score_car": 1197.652, "CDI": 0.154 }, "geometry": { "type": "Polygon", "coordinates": [ [ [ -122.29112, 47.71723 ], [ -122.29371, 47.717 ], [ -122.29511, 47.71831 ], [ -122.29392, 47.71985 ], [ -122.29132, 47.72008 ], [ -122.28992, 47.71877 ], [ -122.29112, 47.71723 ] ] ] } },
{ "type": "Feature", "properties": { "id": 1140, "population": 162, "o_score_pt": 742.027, "o_score_car": 1176.713, "CDI": 0.227 }, "geometry": { "type": "Polygon", "coordinates": [ [ [ -122.38746, 47.69324 ], [ -122.38961, 47.69305 ], [ -122.39072, 47.6941 ], [ -122.38974, 47.69536 ], [ -122.3876, 47.69555 ], [ -122.38648, 47.69451 ], [ -122.38746, 47.69324 ] ] ] } },
{ "type": "Feature", "properties": { "id": 1141, "population": 226, "o_score_pt": 941.701, "o_score_car": 1515.388, "CDI": 0.233 }, "geometry": { "type": "Polygon", "coordinates": [ [ [ -122.31306, 47.63944 ], [ -122.31537, 47.63923 ], [ -122.31658, 47.64038 ], [ -122.31553, 47.64174 ], [ -122.31322, 47.64194 ], [ -122.312, 47.6408 ], [ -122.31306, 47.63944 ] ] ] } },
{ "type": "Feature", "properties": { "id": 1142, "population": 238, "o_score_pt": 803.193, "o_score_car": 1298.387, "CDI": 0.236 }, "geometry": { "type": "Polygon", "coordinates": [ [ [ -122.331, 47.72536 ], [ -122.33333, 47.72515 ], [ -122.33456, 47.72631 ], [ -122.33349, 47.72769 ], [ -122.33116, 47.72789 ], [ -122.32993, 47.72674 ], [ -122.331, 47.72536 ] ] ] } },
{ "type": "Feature", "properties": { "id": 1143, "population": 482, "o_score_pt": 965.016, "o_score_car": 1385.951, "CDI": 0.179 }, "geometry": { "type": "Polygon", "coordinates": [ [ [ -122.35548, 47.68719 ], [ -122.35807, 47.68696 ], [ -122.35947, 47.68827 ], [ -122.35828, 47.68981 ], [ -122.35569, 47.69004 ], [ -122.35429, 47.68873 ], [ -122.35548, 47.68719 ] ] ] } },
{ "type": "Feature", "properties": { "id": 1144, "population": 86, "o_score_pt": 702.559, "o_score_car": 1204.564, "CDI": 0.263 }, "geometry": { "type": "Polygon", "coordinates": [ [ [ -122.26791, 47.6609 ], [ -122.26975, 47.66074 ], [ -122.27067, 47.6616 ], [ -122.26984, 47.66269 ], [ -122.26799, 47.66285 ], [ -122.26707, 47.66198 ], [ -122.26791, 47.6609 ] ] ] } },
{ "type": "Feature", "properties": { "id": 1145, "population": 506, "o_score_pt": 884.541, "o_score_car": 1385.507, "CDI": 0.221 }, "geometry": { "type": "Polygon", "coordinates": [ [ [ -122.36351, 47.63626 ], [ -122.3661, 47.63603 ], [ -122.3675, 47.63734 ], [ -122.36631, 47.63888 ], [ -122.36372, 47.63911 ], [ -122.36232, 47.6378 ], [ -122.36351, 47.63626 ] ] ] } },
{ "type": "Feature", "properties": { "id": 1146, "population": 1, "o_score_pt": 829.616, "o_score_car": 1365.403, "CDI": 0.244 }, "geometry": { "type": "Polygon", "coordinates": [ [ [ -122.3052, 47.56814 ], [ -122.3052, 47.56814 ], [ -122.30513, 47.56814 ], [ -122.30513, 47.56814 ], [ -122.3052, 47.56814 ] ] ] } },
{ "type": "Feature", "properties": { "id": 1147, "population": 36, "o_score_pt": 1283.597, "o_score_car": 1598.863, "CDI": 0.109 }, "geometry": { "type": "Polygon", "coordinates": [ [ [ -122.33984, 47.6247 ], [ -122.34127, 47.62457 ], [ -122.34193, 47.62519 ], [ -122.34129, 47.62602 ], [ -122.33986, 47.62615 ], [ -122.3392, 47.62553 ], [ -122.33984, 47.6247 ] ] ] } },
{ "type": "Feature", "properties": { "id": 1148, "population": 283, "o_score_pt": 610.242, "o_score_car": 1030.467, "CDI": 0.256 }, "geometry": { "type": "Polygon", "coordinates": [ [ [ -122.27219, 47.56107 ], [ -122.2746, 47.56086 ], [ -122.27589, 47.56207 ], [ -122.27478, 47.5635 ], [ -122.27237, 47.56372 ], [ -122.27108, 47.56251 ], [ -122.27219, 47.56107 ] ] ] } },
{ "type": "Feature", "properties": { "id": 1149, "population": 157, "o_score_pt": 416.045, "o_score_car": 931.867, "CDI": 0.383 }, "geometry": { "type": "Polygon", "coordinates": [ [ [ -122.26214, 47.52762 ], [ -122.26427, 47.52744 ], [ -122.26537, 47.52848 ], [ -122.2644, 47.52974 ], [ -122.26227, 47.52992 ], [ -122.26117, 47.52888 ], [ -122.26214, 47.52762 ] ] ] } },
{ "type": "Feature", "properties": { "id": 1150, "population": 16, "o_score_pt": 1091.544, "o_score_car": 1486.085, "CDI": 0.153 }, "geometry": { "type": "Polygon", "coordinates": [ [ [ -122.33002, 47.59419 ], [ -122.33108, 47.5941 ], [ -122.3315, 47.5945 ], [ -122.33103, 47.5951 ], [ -122.32998, 47.59519 ], [ -122.32956, 47.5948 ], [ -122.33002, 47.59419 ] ] ] } },
{ "type": "Feature", "properties": { "id": 1151, "population": 391, "o_score_pt": 787.015, "o_score_car": 1193.369, "CDI": 0.205 }, "geometry": { "type": "Polygon", "coordinates": [ [ [ -122.38996, 47.67698 ], [ -122.39253, 47.67676 ], [ -122.39391, 47.67805 ], [ -122.39273, 47.67958 ], [ -122.39016, 47.67981 ], [ -122.38878, 47.67851 ], [ -122.38996, 47.67698 ] ] ] } },
{ "type": "Feature", "properties": { "id": 1152, "population": 40, "o_score_pt": 823.826, "o_score_car": 1264.03, "CDI": 0.211 }, "geometry": { "type": "Polygon", "coordinates": [ [ [ -122.33067, 47.55221 ], [ -122.33215, 47.55208 ], [ -122.33284, 47.55273 ], [ -122.33217, 47.55359 ], [ -122.33069, 47.55372 ], [ -122.33, 47.55307 ], [ -122.33067, 47.55221 ] ] ] } },
{ "type": "Feature", "properties": { "id": 1153, "population": 353, "o_score_pt": 874.68, "o_score_car": 1300.332, "CDI": 0.196 }, "geometry": { "type": "Polygon", "coordinates": [ [ [ -122.28829, 47.67736 ], [ -122.29081, 47.67714 ], [ -122.29216, 47.67841 ], [ -122.291, 47.6799 ], [ -122.28848, 47.68012 ], [ -122.28713, 47.67885 ], [ -122.28829, 47.67736 ] ] ] } },
{ "type": "Feature", "properties": { "id": 1154, "population": 165, "o_score_pt": 881.86, "o_score_car": 1382.733, "CDI": 0.221 }, "geometry": { "type": "Polygon", "coordinates": [ [ [ -122.29259, 47.62553 ], [ -122.29474, 47.62534 ], [ -122.29586, 47.62639 ], [ -122.29488, 47.62767 ], [ -122.29272, 47.62786 ], [ -122.2916, 47.6268 ], [ -122.29259, 47.62553 ] ] ] } },
{ "type": "Feature", "properties": { "id": 1155, "population": 2, "o_score_pt": 970.94, "o_score_car": 1509.307, "CDI": 0.217 }, "geometry": { "type": "Polygon", "coordinates": [ [ [ -122.34769, 47.66923 ], [ -122.34769, 47.66923 ], [ -122.34762, 47.66923 ], [ -122.34762, 47.66923 ], [ -122.34769, 47.66923 ] ] ] } },
{ "type": "Feature", "properties": { "id": 1156, "population": 677, "o_score_pt": 1037.681, "o_score_car": 1355.918, "CDI": 0.133 }, "geometry": { "type": "Polygon", "coordinates": [ [ [ -122.31298, 47.58613 ], [ -122.31557, 47.58591 ], [ -122.31696, 47.58722 ], [ -122.31577, 47.58876 ], [ -122.31318, 47.58899 ], [ -122.31178, 47.58767 ], [ -122.31298, 47.58613 ] ] ] } },
{ "type": "Feature", "properties": { "id": 1157, "population": 479, "o_score_pt": 1131.218, "o_score_car": 1480.186, "CDI": 0.134 }, "geometry": { "type": "Polygon", "coordinates": [ [ [ -122.35382, 47.66438 ], [ -122.35641, 47.66415 ], [ -122.35781, 47.66546 ], [ -122.35662, 47.667 ], [ -122.35403, 47.66723 ], [ -122.35263, 47.66592 ], [ -122.35382, 47.66438 ] ] ] } },
{ "type": "Feature", "properties": { "id": 1158, "population": 247, "o_score_pt": 624.739, "o_score_car": 1117.768, "CDI": 0.283 }, "geometry": { "type": "Polygon", "coordinates": [ [ [ -122.27795, 47.64105 ], [ -122.2803, 47.64085 ], [ -122.28154, 47.64201 ], [ -122.28046, 47.64341 ], [ -122.27811, 47.64361 ], [ -122.27687, 47.64244 ], [ -122.27795, 47.64105 ] ] ] } },
{ "type": "Feature", "properties": { "id": 1159, "population": 0, "o_score_pt": 1351.08, "o_score_car": 1588.907, "CDI": 0.081 }, "geometry": { "type": "Polygon", "coordinates": [ [ [ -122.34438, 47.62359 ], [ -122.34438, 47.62359 ], [ -122.34431, 47.62359 ], [ -122.34431, 47.62359 ], [ -122.34438, 47.62359 ] ] ] } },
{ "type": "Feature", "properties": { "id": 1160, "population": 1059, "o_score_pt": 1337.57, "o_score_car": 1552.989, "CDI": 0.075 }, "geometry": { "type": "Polygon", "coordinates": [ [ [ -122.31454, 47.6621 ], [ -122.31713, 47.66187 ], [ -122.31853, 47.66318 ], [ -122.31734, 47.66472 ], [ -122.31475, 47.66495 ], [ -122.31335, 47.66364 ], [ -122.31454, 47.6621 ] ] ] } },
{ "type": "Feature", "properties": { "id": 1161, "population": 111, "o_score_pt": 453.692, "o_score_car": 952.552, "CDI": 0.355 }, "geometry": { "type": "Polygon", "coordinates": [ [ [ -122.26244, 47.53057 ], [ -122.2644, 47.5304 ], [ -122.2654, 47.53134 ], [ -122.26451, 47.5325 ], [ -122.26254, 47.53267 ], [ -122.26154, 47.53173 ], [ -122.26244, 47.53057 ] ] ] } },
{ "type": "Feature", "properties": { "id": 1162, "population": 380, "o_score_pt": 833.384, "o_score_car": 1197.312, "CDI": 0.179 }, "geometry": { "type": "Polygon", "coordinates": [ [ [ -122.28867, 47.57392 ], [ -122.29122, 47.57369 ], [ -122.29259, 47.57499 ], [ -122.29142, 47.57651 ], [ -122.28887, 47.57673 ], [ -122.28749, 47.57544 ], [ -122.28867, 47.57392 ] ] ] } },
{ "type": "Feature", "properties": { "id": 1163, "population": 6, "o_score_pt": 632.125, "o_score_car": 1040.907, "CDI": 0.244 }, "geometry": { "type": "Polygon", "coordinates": [ [ [ -122.40559, 47.66244 ], [ -122.40622, 47.66238 ], [ -122.40636, 47.66252 ], [ -122.4061, 47.66286 ], [ -122.40547, 47.66292 ], [ -122.40532, 47.66278 ], [ -122.40559, 47.66244 ] ] ] } },
{ "type": "Feature", "properties": { "id": 1164, "population": 864, "o_score_pt": 1132.335, "o_score_car": 1523.054, "CDI": 0.147 }, "geometry": { "type": "Polygon", "coordinates": [ [ [ -122.3272, 47.62079 ], [ -122.32979, 47.62056 ], [ -122.33119, 47.62188 ], [ -122.33, 47.62342 ], [ -122.32741, 47.62364 ], [ -122.32601, 47.62233 ], [ -122.3272, 47.62079 ] ] ] } },
{ "type": "Feature", "properties": { "id": 1165, "population": 164, "o_score_pt": 681.774, "o_score_car": 1204.078, "CDI": 0.277 }, "geometry": { "type": "Polygon", "coordinates": [ [ [ -122.37632, 47.70139 ], [ -122.37847, 47.7012 ], [ -122.37959, 47.70225 ], [ -122.3786, 47.70352 ], [ -122.37645, 47.70371 ], [ -122.37533, 47.70267 ], [ -122.37632, 47.70139 ] ] ] } },
{ "type": "Feature", "properties": { "id": 1166, "population": 11, "o_score_pt": 840.218, "o_score_car": 1351.524, "CDI": 0.233 }, "geometry": { "type": "Polygon", "coordinates": [ [ [ -122.32448, 47.57036 ], [ -122.32537, 47.57028 ], [ -122.32569, 47.57058 ], [ -122.3253, 47.57108 ], [ -122.32441, 47.57115 ], [ -122.3241, 47.57086 ], [ -122.32448, 47.57036 ] ] ] } },
{ "type": "Feature", "properties": { "id": 1167, "population": 214, "o_score_pt": 784.232, "o_score_car": 1295.894, "CDI": 0.246 }, "geometry": { "type": "Polygon", "coordinates": [ [ [ -122.30184, 47.7007 ], [ -122.30412, 47.7005 ], [ -122.30532, 47.70163 ], [ -122.30428, 47.70298 ], [ -122.30199, 47.70318 ], [ -122.30079, 47.70205 ], [ -122.30184, 47.7007 ] ] ] } },
{ "type": "Feature", "properties": { "id": 1168, "population": 352, "o_score_pt": 796.566, "o_score_car": 1257.011, "CDI": 0.224 }, "geometry": { "type": "Polygon", "coordinates": [ [ [ -122.31491, 47.72092 ], [ -122.31744, 47.7207 ], [ -122.31879, 47.72197 ], [ -122.31763, 47.72346 ], [ -122.31511, 47.72368 ], [ -122.31375, 47.72242 ], [ -122.31491, 47.72092 ] ] ] } },
{ "type": "Feature", "properties": { "id": 1169, "population": 149, "o_score_pt": 915.563, "o_score_car": 1269.279, "CDI": 0.162 }, "geometry": { "type": "Polygon", "coordinates": [ [ [ -122.38037, 47.64942 ], [ -122.38248, 47.64923 ], [ -122.38357, 47.65025 ], [ -122.38261, 47.6515 ], [ -122.3805, 47.65168 ], [ -122.37941, 47.65066 ], [ -122.38037, 47.64942 ] ] ] } },
{ "type": "Feature", "properties": { "id": 1170, "population": 567, "o_score_pt": 1094.105, "o_score_car": 1570.212, "CDI": 0.179 }, "geometry": { "type": "Polygon", "coordinates": [ [ [ -122.32631, 47.6625 ], [ -122.3289, 47.66227 ], [ -122.3303, 47.66358 ], [ -122.3291, 47.66512 ], [ -122.32651, 47.66535 ], [ -122.32511, 47.66404 ], [ -122.32631, 47.6625 ] ] ] } },
{ "type": "Feature", "properties": { "id": 1171, "population": 0, "o_score_pt": 421.489, "o_score_car": 948.948, "CDI": 0.385 }, "geometry": { "type": "Polygon", "coordinates": [ [ [ -122.25338, 47.55398 ], [ -122.25338, 47.55398 ], [ -122.25332, 47.55399 ], [ -122.25332, 47.55399 ], [ -122.25338, 47.55398 ] ] ] } },
{ "type": "Feature", "properties": { "id": 1172, "population": 150, "o_score_pt": 805.87, "o_score_car": 1233.793, "CDI": 0.21 }, "geometry": { "type": "Polygon", "coordinates": [ [ [ -122.29078, 47.70895 ], [ -122.29289, 47.70876 ], [ -122.29399, 47.70979 ], [ -122.29302, 47.71103 ], [ -122.29091, 47.71122 ], [ -122.28982, 47.71019 ], [ -122.29078, 47.70895 ] ] ] } },
{ "type": "Feature", "properties": { "id": 1173, "population": 0, "o_score_pt": 1438.769, "o_score_car": 1499.259, "CDI": 0.021 }, "geometry": { "type": "Polygon", "coordinates": [ [ [ -122.30339, 47.65159 ], [ -122.30339, 47.65159 ], [ -122.30332, 47.6516 ], [ -122.30332, 47.6516 ], [ -122.30339, 47.65159 ] ] ] } },
{ "type": "Feature", "properties": { "id": 1174, "population": 388, "o_score_pt": 865.492, "o_score_car": 1488.899, "CDI": 0.265 }, "geometry": { "type": "Polygon", "coordinates": [ [ [ -122.32797, 47.68532 ], [ -122.33054, 47.6851 ], [ -122.33192, 47.68639 ], [ -122.33074, 47.68792 ], [ -122.32817, 47.68814 ], [ -122.32679, 47.68685 ], [ -122.32797, 47.68532 ] ] ] } },
{ "type": "Feature", "properties": { "id": 1175, "population": 291, "o_score_pt": 984.665, "o_score_car": 1332.346, "CDI": 0.15 }, "geometry": { "type": "Polygon", "coordinates": [ [ [ -122.29478, 47.60363 ], [ -122.2972, 47.60342 ], [ -122.2985, 47.60463 ], [ -122.29738, 47.60607 ], [ -122.29495, 47.60629 ], [ -122.29366, 47.60507 ], [ -122.29478, 47.60363 ] ] ] } },
{ "type": "Feature", "properties": { "id": 1176, "population": 506, "o_score_pt": 1034.156, "o_score_car": 1355.589, "CDI": 0.135 }, "geometry": { "type": "Polygon", "coordinates": [ [ [ -122.36346, 47.68935 ], [ -122.36605, 47.68912 ], [ -122.36745, 47.69044 ], [ -122.36626, 47.69197 ], [ -122.36367, 47.6922 ], [ -122.36227, 47.69089 ], [ -122.36346, 47.68935 ] ] ] } },
{ "type": "Feature", "properties": { "id": 1177, "population": 347, "o_score_pt": 964.632, "o_score_car": 1356.89, "CDI": 0.169 }, "geometry": { "type": "Polygon", "coordinates": [ [ [ -122.28747, 47.66595 ], [ -122.28999, 47.66573 ], [ -122.29133, 47.667 ], [ -122.29018, 47.66849 ], [ -122.28767, 47.66871 ], [ -122.28632, 47.66745 ], [ -122.28747, 47.66595 ] ] ] } },
{ "type": "Feature", "properties": { "id": 1178, "population": 265, "o_score_pt": 1193.993, "o_score_car": 1428.632, "CDI": 0.089 }, "geometry": { "type": "Polygon", "coordinates": [ [ [ -122.3527, 47.64739 ], [ -122.35508, 47.64717 ], [ -122.35635, 47.64836 ], [ -122.35526, 47.64977 ], [ -122.35288, 47.64998 ], [ -122.35161, 47.6488 ], [ -122.3527, 47.64739 ] ] ] } },
{ "type": "Feature", "properties": { "id": 1179, "population": 313, "o_score_pt": 911.955, "o_score_car": 1357.996, "CDI": 0.196 }, "geometry": { "type": "Polygon", "coordinates": [ [ [ -122.2963, 47.67956 ], [ -122.29877, 47.67934 ], [ -122.30009, 47.68058 ], [ -122.29895, 47.68204 ], [ -122.29649, 47.68226 ], [ -122.29517, 47.68102 ], [ -122.2963, 47.67956 ] ] ] } },
{ "type": "Feature", "properties": { "id": 1180, "population": 8, "o_score_pt": 1189.251, "o_score_car": 1553.458, "CDI": 0.133 }, "geometry": { "type": "Polygon", "coordinates": [ [ [ -122.33646, 47.62685 ], [ -122.33721, 47.62678 ], [ -122.33743, 47.62699 ], [ -122.33711, 47.62741 ], [ -122.33636, 47.62747 ], [ -122.33614, 47.62726 ], [ -122.33646, 47.62685 ] ] ] } },
{ "type": "Feature", "properties": { "id": 1181, "population": 387, "o_score_pt": 798.873, "o_score_car": 1195.594, "CDI": 0.199 }, "geometry": { "type": "Polygon", "coordinates": [ [ [ -122.35778, 47.71855 ], [ -122.36034, 47.71833 ], [ -122.36173, 47.71962 ], [ -122.36055, 47.72114 ], [ -122.35798, 47.72137 ], [ -122.3566, 47.72008 ], [ -122.35778, 47.71855 ] ] ] } },
{ "type": "Feature", "properties": { "id": 1182, "population": 458, "o_score_pt": 865.048, "o_score_car": 1203.852, "CDI": 0.164 }, "geometry": { "type": "Polygon", "coordinates": [ [ [ -122.38974, 47.67412 ], [ -122.39233, 47.67389 ], [ -122.39373, 47.6752 ], [ -122.39253, 47.67674 ], [ -122.38994, 47.67697 ], [ -122.38854, 47.67566 ], [ -122.38974, 47.67412 ] ] ] } },
{ "type": "Feature", "properties": { "id": 1183, "population": 22, "o_score_pt": 1161.821, "o_score_car": 1421.25, "CDI": 0.1 }, "geometry": { "type": "Polygon", "coordinates": [ [ [ -122.32554, 47.58732 ], [ -122.32674, 47.58721 ], [ -122.32725, 47.58769 ], [ -122.32672, 47.58838 ], [ -122.32552, 47.58849 ], [ -122.325, 47.58801 ], [ -122.32554, 47.58732 ] ] ] } },
{ "type": "Feature", "properties": { "id": 1184, "population": 331, "o_score_pt": 615.929, "o_score_car": 957.923, "CDI": 0.217 }, "geometry": { "type": "Polygon", "coordinates": [ [ [ -122.26132, 47.51884 ], [ -122.26381, 47.51863 ], [ -122.26514, 47.51988 ], [ -122.26399, 47.52136 ], [ -122.26151, 47.52158 ], [ -122.26018, 47.52032 ], [ -122.26132, 47.51884 ] ] ] } },
{ "type": "Feature", "properties": { "id": 1185, "population": 17, "o_score_pt": 830.27, "o_score_car": 1265.263, "CDI": 0.208 }, "geometry": { "type": "Polygon", "coordinates": [ [ [ -122.32712, 47.5542 ], [ -122.3282, 47.55411 ], [ -122.32864, 47.55452 ], [ -122.32816, 47.55514 ], [ -122.32708, 47.55523 ], [ -122.32664, 47.55482 ], [ -122.32712, 47.5542 ] ] ] } },
{ "type": "Feature", "properties": { "id": 1186, "population": 445, "o_score_pt": 927.193, "o_score_car": 1340.395, "CDI": 0.182 }, "geometry": { "type": "Polygon", "coordinates": [ [ [ -122.28763, 47.66876 ], [ -122.29022, 47.66854 ], [ -122.29162, 47.66985 ], [ -122.29043, 47.67139 ], [ -122.28784, 47.67161 ], [ -122.28644, 47.6703 ], [ -122.28763, 47.66876 ] ] ] } },
{ "type": "Feature", "properties": { "id": 1187, "population": 244, "o_score_pt": 618.144, "o_score_car": 1216.776, "CDI": 0.326 }, "geometry": { "type": "Polygon", "coordinates": [ [ [ -122.29471, 47.54765 ], [ -122.29705, 47.54744 ], [ -122.29829, 47.54861 ], [ -122.29722, 47.55 ], [ -122.29488, 47.5502 ], [ -122.29364, 47.54904 ], [ -122.29471, 47.54765 ] ] ] } },
{ "type": "Feature", "properties": { "id": 1188, "population": 94, "o_score_pt": 880.116, "o_score_car": 1369.189, "CDI": 0.217 }, "geometry": { "type": "Polygon", "coordinates": [ [ [ -122.33779, 47.70782 ], [ -122.33968, 47.70766 ], [ -122.34063, 47.70855 ], [ -122.33977, 47.70966 ], [ -122.33789, 47.70982 ], [ -122.33694, 47.70893 ], [ -122.33779, 47.70782 ] ] ] } },
{ "type": "Feature", "properties": { "id": 1189, "population": 146, "o_score_pt": 928.96, "o_score_car": 1313.699, "CDI": 0.172 }, "geometry": { "type": "Polygon", "coordinates": [ [ [ -122.30089, 47.57744 ], [ -122.30299, 47.57725 ], [ -122.30407, 47.57827 ], [ -122.30311, 47.57951 ], [ -122.30102, 47.57969 ], [ -122.29993, 47.57868 ], [ -122.30089, 47.57744 ] ] ] } },
{ "type": "Feature", "properties": { "id": 1190, "population": 103, "o_score_pt": 1126.727, "o_score_car": 1393.503, "CDI": 0.106 }, "geometry": { "type": "Polygon", "coordinates": [ [ [ -122.36975, 47.66338 ], [ -122.37168, 47.66321 ], [ -122.37266, 47.66412 ], [ -122.37178, 47.66526 ], [ -122.36985, 47.66543 ], [ -122.36888, 47.66451 ], [ -122.36975, 47.66338 ] ] ] } },
{ "type": "Feature", "properties": { "id": 1191, "population": 732, "o_score_pt": 1203.556, "o_score_car": 1498.995, "CDI": 0.109 }, "geometry": { "type": "Polygon", "coordinates": [ [ [ -122.35093, 47.62445 ], [ -122.35352, 47.62422 ], [ -122.35491, 47.62553 ], [ -122.35372, 47.62707 ], [ -122.35113, 47.6273 ], [ -122.34973, 47.62599 ], [ -122.35093, 47.62445 ] ] ] } },
{ "type": "Feature", "properties": { "id": 1192, "population": 158, "o_score_pt": 530.359, "o_score_car": 1056.516, "CDI": 0.332 }, "geometry": { "type": "Polygon", "coordinates": [ [ [ -122.39566, 47.69826 ], [ -122.39779, 47.69807 ], [ -122.3989, 47.69911 ], [ -122.39793, 47.70037 ], [ -122.39579, 47.70056 ], [ -122.39468, 47.69952 ], [ -122.39566, 47.69826 ] ] ] } },
{ "type": "Feature", "properties": { "id": 1193, "population": 417, "o_score_pt": 1066.404, "o_score_car": 1595.596, "CDI": 0.199 }, "geometry": { "type": "Polygon", "coordinates": [ [ [ -122.32252, 47.66427 ], [ -122.32511, 47.66404 ], [ -122.32651, 47.66535 ], [ -122.32532, 47.66689 ], [ -122.32273, 47.66712 ], [ -122.32133, 47.66581 ], [ -122.32252, 47.66427 ] ] ] } },
{ "type": "Feature", "properties": { "id": 1194, "population": 255, "o_score_pt": 676.225, "o_score_car": 1195.367, "CDI": 0.277 }, "geometry": { "type": "Polygon", "coordinates": [ [ [ -122.285, 47.57579 ], [ -122.28736, 47.57559 ], [ -122.28861, 47.57676 ], [ -122.28753, 47.57817 ], [ -122.28516, 47.57837 ], [ -122.28391, 47.5772 ], [ -122.285, 47.57579 ] ] ] } },
{ "type": "Feature", "properties": { "id": 1195, "population": 0, "o_score_pt": 253.375, "o_score_car": 954.02, "CDI": 0.58 }, "geometry": { "type": "Polygon", "coordinates": [ [ [ -122.42142, 47.66127 ], [ -122.42142, 47.66127 ], [ -122.42135, 47.66127 ], [ -122.42135, 47.66127 ], [ -122.42142, 47.66127 ] ] ] } },
{ "type": "Feature", "properties": { "id": 1196, "population": 796, "o_score_pt": 1626.638, "o_score_car": 1574.709, "CDI": -0.016 }, "geometry": { "type": "Polygon", "coordinates": [ [ [ -122.31923, 47.61862 ], [ -122.32182, 47.61839 ], [ -122.32321, 47.6197 ], [ -122.32202, 47.62125 ], [ -122.31943, 47.62147 ], [ -122.31803, 47.62016 ], [ -122.31923, 47.61862 ] ] ] } },
{ "type": "Feature", "properties": { "id": 1197, "population": 338, "o_score_pt": 995.643, "o_score_car": 1312.798, "CDI": 0.137 }, "geometry": { "type": "Polygon", "coordinates": [ [ [ -122.36372, 47.69226 ], [ -122.36622, 47.69203 ], [ -122.36756, 47.69329 ], [ -122.36642, 47.69477 ], [ -122.36392, 47.69499 ], [ -122.36258, 47.69374 ], [ -122.36372, 47.69226 ] ] ] } },
{ "type": "Feature", "properties": { "id": 1198, "population": 1, "o_score_pt": 770.996, "o_score_car": 1332.36, "CDI": 0.267 }, "geometry": { "type": "Polygon", "coordinates": [ [ [ -122.34046, 47.56935 ], [ -122.34046, 47.56935 ], [ -122.34039, 47.56936 ], [ -122.34039, 47.56936 ], [ -122.34046, 47.56935 ] ] ] } },
{ "type": "Feature", "properties": { "id": 1199, "population": 205, "o_score_pt": 1155.606, "o_score_car": 1367.617, "CDI": 0.084 }, "geometry": { "type": "Polygon", "coordinates": [ [ [ -122.32181, 47.70613 ], [ -122.32408, 47.70594 ], [ -122.32526, 47.70705 ], [ -122.32423, 47.70838 ], [ -122.32197, 47.70858 ], [ -122.32078, 47.70747 ], [ -122.32181, 47.70613 ] ] ] } },
{ "type": "Feature", "properties": { "id": 1200, "population": 298, "o_score_pt": 621.962, "o_score_car": 1191.244, "CDI": 0.314 }, "geometry": { "type": "Polygon", "coordinates": [ [ [ -122.30401, 47.73196 ], [ -122.30645, 47.73175 ], [ -122.30775, 47.73297 ], [ -122.30663, 47.73442 ], [ -122.30419, 47.73463 ], [ -122.30289, 47.73341 ], [ -122.30401, 47.73196 ] ] ] } },
{ "type": "Feature", "properties": { "id": 1201, "population": 226, "o_score_pt": 844.934, "o_score_car": 1290.059, "CDI": 0.208 }, "geometry": { "type": "Polygon", "coordinates": [ [ [ -122.28411, 47.61757 ], [ -122.28642, 47.61736 ], [ -122.28763, 47.61851 ], [ -122.28658, 47.61987 ], [ -122.28427, 47.62007 ], [ -122.28305, 47.61893 ], [ -122.28411, 47.61757 ] ] ] } },
{ "type": "Feature", "properties": { "id": 1202, "population": 63, "o_score_pt": 954.265, "o_score_car": 1262.409, "CDI": 0.139 }, "geometry": { "type": "Polygon", "coordinates": [ [ [ -122.37683, 47.65142 ], [ -122.37853, 47.65127 ], [ -122.37935, 47.65204 ], [ -122.37859, 47.65304 ], [ -122.37689, 47.65318 ], [ -122.37606, 47.65241 ], [ -122.37683, 47.65142 ] ] ] } },
{ "type": "Feature", "properties": { "id": 1203, "population": 607, "o_score_pt": 1068.25, "o_score_car": 1538.312, "CDI": 0.18 }, "geometry": { "type": "Polygon", "coordinates": [ [ [ -122.32569, 47.65394 ], [ -122.32828, 47.65371 ], [ -122.32968, 47.65503 ], [ -122.32848, 47.65657 ], [ -122.32589, 47.65679 ], [ -122.32449, 47.65548 ], [ -122.32569, 47.65394 ] ] ] } },
{ "type": "Feature", "properties": { "id": 1204, "population": 279, "o_score_pt": 725.158, "o_score_car": 1332.889, "CDI": 0.295 }, "geometry": { "type": "Polygon", "coordinates": [ [ [ -122.29736, 47.69385 ], [ -122.29977, 47.69364 ], [ -122.30105, 47.69484 ], [ -122.29995, 47.69626 ], [ -122.29754, 47.69648 ], [ -122.29626, 47.69527 ], [ -122.29736, 47.69385 ] ] ] } },
{ "type": "Feature", "properties": { "id": 1205, "population": 240, "o_score_pt": 806.813, "o_score_car": 1199.323, "CDI": 0.196 }, "geometry": { "type": "Polygon", "coordinates": [ [ [ -122.28686, 47.71059 ], [ -122.2892, 47.71038 ], [ -122.29044, 47.71154 ], [ -122.28936, 47.71292 ], [ -122.28703, 47.71313 ], [ -122.28579, 47.71197 ], [ -122.28686, 47.71059 ] ] ] } },
{ "type": "Feature", "properties": { "id": 1206, "population": 73, "o_score_pt": 624.085, "o_score_car": 1250.251, "CDI": 0.334 }, "geometry": { "type": "Polygon", "coordinates": [ [ [ -122.28943, 47.52402 ], [ -122.29119, 47.52387 ], [ -122.29206, 47.52469 ], [ -122.29126, 47.52573 ], [ -122.2895, 47.52588 ], [ -122.28863, 47.52506 ], [ -122.28943, 47.52402 ] ] ] } },
{ "type": "Feature", "properties": { "id": 1207, "population": 290, "o_score_pt": 1007.447, "o_score_car": 1278.834, "CDI": 0.119 }, "geometry": { "type": "Polygon", "coordinates": [ [ [ -122.37553, 47.69269 ], [ -122.37796, 47.69248 ], [ -122.37925, 47.69369 ], [ -122.37814, 47.69513 ], [ -122.37571, 47.69534 ], [ -122.37442, 47.69413 ], [ -122.37553, 47.69269 ] ] ] } },
{ "type": "Feature", "properties": { "id": 1208, "population": 351, "o_score_pt": 724.204, "o_score_car": 1174.687, "CDI": 0.237 }, "geometry": { "type": "Polygon", "coordinates": [ [ [ -122.34707, 47.73243 ], [ -122.34959, 47.73221 ], [ -122.35094, 47.73347 ], [ -122.34978, 47.73497 ], [ -122.34726, 47.73519 ], [ -122.34591, 47.73392 ], [ -122.34707, 47.73243 ] ] ] } },
{ "type": "Feature", "properties": { "id": 1209, "population": 205, "o_score_pt": 856.668, "o_score_car": 1168.094, "CDI": 0.154 }, "geometry": { "type": "Polygon", "coordinates": [ [ [ -122.29558, 47.55912 ], [ -122.29784, 47.55892 ], [ -122.29902, 47.56004 ], [ -122.29799, 47.56138 ], [ -122.29573, 47.56158 ], [ -122.29455, 47.56046 ], [ -122.29558, 47.55912 ] ] ] } },
{ "type": "Feature", "properties": { "id": 1210, "population": 685, "o_score_pt": 992.989, "o_score_car": 1430.827, "CDI": 0.181 }, "geometry": { "type": "Polygon", "coordinates": [ [ [ -122.31022, 47.60218 ], [ -122.31281, 47.60195 ], [ -122.31421, 47.60326 ], [ -122.31302, 47.6048 ], [ -122.31043, 47.60503 ], [ -122.30903, 47.60372 ], [ -122.31022, 47.60218 ] ] ] } },
{ "type": "Feature", "properties": { "id": 1211, "population": 420, "o_score_pt": 997.927, "o_score_car": 1402.865, "CDI": 0.169 }, "geometry": { "type": "Polygon", "coordinates": [ [ [ -122.35108, 47.6804 ], [ -122.35367, 47.68018 ], [ -122.35507, 47.68149 ], [ -122.35387, 47.68303 ], [ -122.35128, 47.68326 ], [ -122.34988, 47.68194 ], [ -122.35108, 47.6804 ] ] ] } },
{ "type": "Feature", "properties": { "id": 1212, "population": 333, "o_score_pt": 743.08, "o_score_car": 1287.185, "CDI": 0.268 }, "geometry": { "type": "Polygon", "coordinates": [ [ [ -122.2751, 47.657 ], [ -122.2776, 47.65679 ], [ -122.27893, 47.65804 ], [ -122.27778, 47.65952 ], [ -122.27529, 47.65974 ], [ -122.27396, 47.65848 ], [ -122.2751, 47.657 ] ] ] } },
{ "type": "Feature", "properties": { "id": 1213, "population": 341, "o_score_pt": 994.329, "o_score_car": 1388.853, "CDI": 0.166 }, "geometry": { "type": "Polygon", "coordinates": [ [ [ -122.36061, 47.64948 ], [ -122.36311, 47.64926 ], [ -122.36446, 47.65052 ], [ -122.36331, 47.65201 ], [ -122.3608, 47.65223 ], [ -122.35946, 47.65097 ], [ -122.36061, 47.64948 ] ] ] } },
{ "type": "Feature", "properties": { "id": 1214, "population": 303, "o_score_pt": 1112.283, "o_score_car": 1446.988, "CDI": 0.131 }, "geometry": { "type": "Polygon", "coordinates": [ [ [ -122.3043, 47.68174 ], [ -122.30674, 47.68152 ], [ -122.30805, 47.68275 ], [ -122.30693, 47.6842 ], [ -122.30448, 47.68441 ], [ -122.30317, 47.68319 ], [ -122.3043, 47.68174 ] ] ] } },
{ "type": "Feature", "properties": { "id": 1215, "population": 293, "o_score_pt": 606.328, "o_score_car": 1085.048, "CDI": 0.283 }, "geometry": { "type": "Polygon", "coordinates": [ [ [ -122.40706, 47.64255 ], [ -122.40949, 47.64233 ], [ -122.41079, 47.64355 ], [ -122.40968, 47.64499 ], [ -122.40725, 47.64521 ], [ -122.40595, 47.64399 ], [ -122.40706, 47.64255 ] ] ] } },
{ "type": "Feature", "properties": { "id": 1216, "population": 93, "o_score_pt": 370.238, "o_score_car": 1002.574, "CDI": 0.461 }, "geometry": { "type": "Polygon", "coordinates": [ [ [ -122.41515, 47.64217 ], [ -122.41703, 47.642 ], [ -122.41798, 47.64289 ], [ -122.41712, 47.64399 ], [ -122.41524, 47.64416 ], [ -122.4143, 47.64327 ], [ -122.41515, 47.64217 ] ] ] } },
{ "type": "Feature", "properties": { "id": 1217, "population": 209, "o_score_pt": 90.936, "o_score_car": 1095.796, "CDI": 0.847 }, "geometry": { "type": "Polygon", "coordinates": [ [ [ -122.40189, 47.67754 ], [ -122.40416, 47.67734 ], [ -122.40536, 47.67846 ], [ -122.40432, 47.6798 ], [ -122.40205, 47.68 ], [ -122.40086, 47.67889 ], [ -122.40189, 47.67754 ] ] ] } },
{ "type": "Feature", "properties": { "id": 1218, "population": 53, "o_score_pt": 1.781, "o_score_car": 1080.044, "CDI": 0.997 }, "geometry": { "type": "Polygon", "coordinates": [ [ [ -122.37389, 47.71771 ], [ -122.3755, 47.71757 ], [ -122.37628, 47.7183 ], [ -122.37555, 47.71924 ], [ -122.37393, 47.71938 ], [ -122.37316, 47.71865 ], [ -122.37389, 47.71771 ] ] ] } },
{ "type": "Feature", "properties": { "id": 1219, "population": 25, "o_score_pt": 1150.005, "o_score_car": 1401.143, "CDI": 0.098 }, "geometry": { "type": "Polygon", "coordinates": [ [ [ -122.32152, 47.5862 ], [ -122.32278, 47.58609 ], [ -122.32333, 47.5866 ], [ -122.32277, 47.58733 ], [ -122.3215, 47.58744 ], [ -122.32095, 47.58692 ], [ -122.32152, 47.5862 ] ] ] } },
{ "type": "Feature", "properties": { "id": 1220, "population": 638, "o_score_pt": 927.046, "o_score_car": 1235.647, "CDI": 0.143 }, "geometry": { "type": "Polygon", "coordinates": [ [ [ -122.38595, 47.67589 ], [ -122.38854, 47.67566 ], [ -122.38994, 47.67697 ], [ -122.38875, 47.67851 ], [ -122.38616, 47.67874 ], [ -122.38476, 47.67743 ], [ -122.38595, 47.67589 ] ] ] } },
{ "type": "Feature", "properties": { "id": 1221, "population": 197, "o_score_pt": 916.02, "o_score_car": 1363.186, "CDI": 0.196 }, "geometry": { "type": "Polygon", "coordinates": [ [ [ -122.29664, 47.68254 ], [ -122.29888, 47.68234 ], [ -122.30006, 47.68344 ], [ -122.29903, 47.68477 ], [ -122.29679, 47.68496 ], [ -122.29561, 47.68386 ], [ -122.29664, 47.68254 ] ] ] } },
{ "type": "Feature", "properties": { "id": 1222, "population": 360, "o_score_pt": 895.305, "o_score_car": 1299.212, "CDI": 0.184 }, "geometry": { "type": "Polygon", "coordinates": [ [ [ -122.28388, 47.67056 ], [ -122.28641, 47.67034 ], [ -122.28777, 47.67162 ], [ -122.28661, 47.67312 ], [ -122.28408, 47.67334 ], [ -122.28272, 47.67207 ], [ -122.28388, 47.67056 ] ] ] } },
{ "type": "Feature", "properties": { "id": 1223, "population": 176, "o_score_pt": 929.561, "o_score_car": 1415.432, "CDI": 0.207 }, "geometry": { "type": "Polygon", "coordinates": [ [ [ -122.30873, 47.63271 ], [ -122.31092, 47.63252 ], [ -122.31206, 47.63359 ], [ -122.31105, 47.63488 ], [ -122.30887, 47.63507 ], [ -122.30773, 47.634 ], [ -122.30873, 47.63271 ] ] ] } },
{ "type": "Feature", "properties": { "id": 1224, "population": 109, "o_score_pt": 887.067, "o_score_car": 1236.24, "CDI": 0.164 }, "geometry": { "type": "Polygon", "coordinates": [ [ [ -122.33858, 47.71918 ], [ -122.34054, 47.71901 ], [ -122.34153, 47.71994 ], [ -122.34064, 47.72109 ], [ -122.33868, 47.72127 ], [ -122.33769, 47.72033 ], [ -122.33858, 47.71918 ] ] ] } },
{ "type": "Feature", "properties": { "id": 1225, "population": 414, "o_score_pt": 1032.245, "o_score_car": 1498.762, "CDI": 0.184 }, "geometry": { "type": "Polygon", "coordinates": [ [ [ -122.33449, 47.66752 ], [ -122.33708, 47.66729 ], [ -122.33848, 47.6686 ], [ -122.33729, 47.67014 ], [ -122.3347, 47.67037 ], [ -122.3333, 47.66906 ], [ -122.33449, 47.66752 ] ] ] } },
{ "type": "Feature", "properties": { "id": 1226, "population": 301, "o_score_pt": 1067.947, "o_score_car": 1324.705, "CDI": 0.107 }, "geometry": { "type": "Polygon", "coordinates": [ [ [ -122.30866, 47.57942 ], [ -122.31111, 47.5792 ], [ -122.31241, 47.58043 ], [ -122.31129, 47.58188 ], [ -122.30885, 47.58209 ], [ -122.30754, 47.58087 ], [ -122.30866, 47.57942 ] ] ] } },
{ "type": "Feature", "properties": { "id": 1227, "population": 26, "o_score_pt": 1003.205, "o_score_car": 1406.762, "CDI": 0.167 }, "geometry": { "type": "Polygon", "coordinates": [ [ [ -122.36723, 47.62381 ], [ -122.36851, 47.6237 ], [ -122.36907, 47.62422 ], [ -122.3685, 47.62496 ], [ -122.36722, 47.62508 ], [ -122.36666, 47.62455 ], [ -122.36723, 47.62381 ] ] ] } },
{ "type": "Feature", "properties": { "id": 1228, "population": 222, "o_score_pt": 1364.383, "o_score_car": 1495.309, "CDI": 0.046 }, "geometry": { "type": "Polygon", "coordinates": [ [ [ -122.31031, 47.65547 ], [ -122.31261, 47.65527 ], [ -122.31382, 47.65641 ], [ -122.31276, 47.65777 ], [ -122.31047, 47.65797 ], [ -122.30926, 47.65683 ], [ -122.31031, 47.65547 ] ] ] } },
{ "type": "Feature", "properties": { "id": 1229, "population": 223, "o_score_pt": 830.214, "o_score_car": 1082.71, "CDI": 0.132 }, "geometry": { "type": "Polygon", "coordinates": [ [ [ -122.27839, 47.5376 ], [ -122.28069, 47.5374 ], [ -122.2819, 47.53854 ], [ -122.28084, 47.5399 ], [ -122.27855, 47.54011 ], [ -122.27734, 47.53896 ], [ -122.27839, 47.5376 ] ] ] } },
{ "type": "Feature", "properties": { "id": 1230, "population": 9, "o_score_pt": 2.521, "o_score_car": 882.697, "CDI": 0.994 }, "geometry": { "type": "Polygon", "coordinates": [ [ [ -122.429, 47.66312 ], [ -122.42981, 47.66305 ], [ -122.43006, 47.66329 ], [ -122.42972, 47.66374 ], [ -122.42892, 47.66381 ], [ -122.42866, 47.66357 ], [ -122.429, 47.66312 ] ] ] } },
{ "type": "Feature", "properties": { "id": 1231, "population": 848, "o_score_pt": 1452.818, "o_score_car": 1611.242, "CDI": 0.052 }, "geometry": { "type": "Polygon", "coordinates": [ [ [ -122.33477, 47.61725 ], [ -122.33736, 47.61703 ], [ -122.33875, 47.61834 ], [ -122.33756, 47.61988 ], [ -122.33497, 47.62011 ], [ -122.33357, 47.61879 ], [ -122.33477, 47.61725 ] ] ] } },
{ "type": "Feature", "properties": { "id": 1232, "population": 345, "o_score_pt": 943.242, "o_score_car": 1261.471, "CDI": 0.144 }, "geometry": { "type": "Polygon", "coordinates": [ [ [ -122.3717, 47.69441 ], [ -122.37421, 47.69419 ], [ -122.37556, 47.69545 ], [ -122.37441, 47.69694 ], [ -122.3719, 47.69716 ], [ -122.37055, 47.6959 ], [ -122.3717, 47.69441 ] ] ] } },
{ "type": "Feature", "properties": { "id": 1233, "population": 261, "o_score_pt": 768.076, "o_score_car": 1357.353, "CDI": 0.277 }, "geometry": { "type": "Polygon", "coordinates": [ [ [ -122.30936, 47.69712 ], [ -122.31174, 47.69691 ], [ -122.313, 47.69809 ], [ -122.31191, 47.6995 ], [ -122.30953, 47.69971 ], [ -122.30827, 47.69852 ], [ -122.30936, 47.69712 ] ] ] } },
{ "type": "Feature", "properties": { "id": 1234, "population": 91, "o_score_pt": 797.834, "o_score_car": 1238.898, "CDI": 0.217 }, "geometry": { "type": "Polygon", "coordinates": [ [ [ -122.28375, 47.60925 ], [ -122.28562, 47.60908 ], [ -122.28656, 47.60996 ], [ -122.28571, 47.61106 ], [ -122.28384, 47.61123 ], [ -122.2829, 47.61035 ], [ -122.28375, 47.60925 ] ] ] } },
{ "type": "Feature", "properties": { "id": 1235, "population": 354, "o_score_pt": 676.761, "o_score_car": 1096.306, "CDI": 0.237 }, "geometry": { "type": "Polygon", "coordinates": [ [ [ -122.3963, 47.65636 ], [ -122.39882, 47.65614 ], [ -122.40017, 47.65741 ], [ -122.39901, 47.65891 ], [ -122.39649, 47.65913 ], [ -122.39514, 47.65786 ], [ -122.3963, 47.65636 ] ] ] } },
{ "type": "Feature", "properties": { "id": 1236, "population": 496, "o_score_pt": 1123.034, "o_score_car": 1542.991, "CDI": 0.158 }, "geometry": { "type": "Polygon", "coordinates": [ [ [ -122.3219, 47.65571 ], [ -122.32449, 47.65548 ], [ -122.32589, 47.65679 ], [ -122.3247, 47.65833 ], [ -122.32211, 47.65856 ], [ -122.32071, 47.65725 ], [ -122.3219, 47.65571 ] ] ] } },
{ "type": "Feature", "properties": { "id": 1237, "population": 255, "o_score_pt": 442.472, "o_score_car": 1013.35, "CDI": 0.392 }, "geometry": { "type": "Polygon", "coordinates": [ [ [ -122.26793, 47.50108 ], [ -122.2703, 47.50088 ], [ -122.27155, 47.50206 ], [ -122.27046, 47.50346 ], [ -122.2681, 47.50367 ], [ -122.26685, 47.50249 ], [ -122.26793, 47.50108 ] ] ] } },
{ "type": "Feature", "properties": { "id": 1238, "population": 181, "o_score_pt": 835.283, "o_score_car": 1300.931, "CDI": 0.218 }, "geometry": { "type": "Polygon", "coordinates": [ [ [ -122.2937, 47.69573 ], [ -122.2959, 47.69554 ], [ -122.29705, 47.69661 ], [ -122.29604, 47.69791 ], [ -122.29384, 47.69811 ], [ -122.29269, 47.69703 ], [ -122.2937, 47.69573 ] ] ] } },
{ "type": "Feature", "properties": { "id": 1239, "population": 0, "o_score_pt": 573.721, "o_score_car": 971.052, "CDI": 0.257 }, "geometry": { "type": "Polygon", "coordinates": [ [ [ -122.40418, 47.69292 ], [ -122.40418, 47.69292 ], [ -122.40412, 47.69293 ], [ -122.40412, 47.69293 ], [ -122.40418, 47.69292 ] ] ] } },
{ "type": "Feature", "properties": { "id": 1240, "population": 544, "o_score_pt": 854.529, "o_score_car": 1248.661, "CDI": 0.187 }, "geometry": { "type": "Polygon", "coordinates": [ [ [ -122.3464, 47.72384 ], [ -122.349, 47.72361 ], [ -122.3504, 47.72492 ], [ -122.3492, 47.72646 ], [ -122.34661, 47.72669 ], [ -122.34521, 47.72538 ], [ -122.3464, 47.72384 ] ] ] } },
{ "type": "Feature", "properties": { "id": 1241, "population": 223, "o_score_pt": 1230.949, "o_score_car": 1445.777, "CDI": 0.08 }, "geometry": { "type": "Polygon", "coordinates": [ [ [ -122.35296, 47.65028 ], [ -122.35526, 47.65008 ], [ -122.35647, 47.65122 ], [ -122.35542, 47.65258 ], [ -122.35312, 47.65278 ], [ -122.3519, 47.65165 ], [ -122.35296, 47.65028 ] ] ] } },
{ "type": "Feature", "properties": { "id": 1242, "population": 353, "o_score_pt": 1105.42, "o_score_car": 1433.651, "CDI": 0.129 }, "geometry": { "type": "Polygon", "coordinates": [ [ [ -122.34417, 47.69253 ], [ -122.34669, 47.69231 ], [ -122.34804, 47.69358 ], [ -122.34689, 47.69507 ], [ -122.34436, 47.6953 ], [ -122.34301, 47.69403 ], [ -122.34417, 47.69253 ] ] ] } },
{ "type": "Feature", "properties": { "id": 1243, "population": 220, "o_score_pt": 885.134, "o_score_car": 1184.319, "CDI": 0.145 }, "geometry": { "type": "Polygon", "coordinates": [ [ [ -122.29178, 47.56087 ], [ -122.29407, 47.56067 ], [ -122.29528, 47.56181 ], [ -122.29423, 47.56317 ], [ -122.29194, 47.56337 ], [ -122.29073, 47.56223 ], [ -122.29178, 47.56087 ] ] ] } },
{ "type": "Feature", "properties": { "id": 1244, "population": 1643, "o_score_pt": 1218.494, "o_score_car": 1514.604, "CDI": 0.108 }, "geometry": { "type": "Polygon", "coordinates": [ [ [ -122.3182, 47.60435 ], [ -122.32079, 47.60412 ], [ -122.32218, 47.60543 ], [ -122.32099, 47.60698 ], [ -122.3184, 47.6072 ], [ -122.317, 47.60589 ], [ -122.3182, 47.60435 ] ] ] } },
{ "type": "Feature", "properties": { "id": 1245, "population": 176, "o_score_pt": 1112.193, "o_score_car": 1361.269, "CDI": 0.101 }, "geometry": { "type": "Polygon", "coordinates": [ [ [ -122.28326, 47.65935 ], [ -122.28545, 47.65916 ], [ -122.28659, 47.66023 ], [ -122.28559, 47.66152 ], [ -122.2834, 47.66171 ], [ -122.28226, 47.66064 ], [ -122.28326, 47.65935 ] ] ] } },
{ "type": "Feature", "properties": { "id": 1246, "population": 305, "o_score_pt": 1187.336, "o_score_car": 1506.527, "CDI": 0.118 }, "geometry": { "type": "Polygon", "coordinates": [ [ [ -122.34826, 47.64056 ], [ -122.35071, 47.64034 ], [ -122.35202, 47.64157 ], [ -122.35089, 47.64302 ], [ -122.34844, 47.64324 ], [ -122.34714, 47.64201 ], [ -122.34826, 47.64056 ] ] ] } },
{ "type": "Feature", "properties": { "id": 1247, "population": 304, "o_score_pt": 1193.476, "o_score_car": 1523.359, "CDI": 0.121 }, "geometry": { "type": "Polygon", "coordinates": [ [ [ -122.31985, 47.68037 ], [ -122.3223, 47.68016 ], [ -122.32361, 47.68138 ], [ -122.32248, 47.68283 ], [ -122.32003, 47.68305 ], [ -122.31872, 47.68182 ], [ -122.31985, 47.68037 ] ] ] } },
{ "type": "Feature", "properties": { "id": 1248, "population": 195, "o_score_pt": 398.219, "o_score_car": 1058.323, "CDI": 0.453 }, "geometry": { "type": "Polygon", "coordinates": [ [ [ -122.41117, 47.64374 ], [ -122.4134, 47.64354 ], [ -122.41457, 47.64464 ], [ -122.41355, 47.64596 ], [ -122.41132, 47.64616 ], [ -122.41015, 47.64506 ], [ -122.41117, 47.64374 ] ] ] } },
{ "type": "Feature", "properties": { "id": 1249, "population": 241, "o_score_pt": 633.707, "o_score_car": 1218.4, "CDI": 0.316 }, "geometry": { "type": "Polygon", "coordinates": [ [ [ -122.28665, 47.59865 ], [ -122.28898, 47.59845 ], [ -122.29022, 47.59961 ], [ -122.28915, 47.60099 ], [ -122.28681, 47.6012 ], [ -122.28558, 47.60004 ], [ -122.28665, 47.59865 ] ] ] } },
{ "type": "Feature", "properties": { "id": 1250, "population": 181, "o_score_pt": 980.052, "o_score_car": 1463.532, "CDI": 0.198 }, "geometry": { "type": "Polygon", "coordinates": [ [ [ -122.3167, 47.63488 ], [ -122.3189, 47.63468 ], [ -122.32005, 47.63576 ], [ -122.31904, 47.63706 ], [ -122.31684, 47.63725 ], [ -122.31569, 47.63618 ], [ -122.3167, 47.63488 ] ] ] } },
{ "type": "Feature", "properties": { "id": 1251, "population": 181, "o_score_pt": 800.115, "o_score_car": 1316.832, "CDI": 0.244 }, "geometry": { "type": "Polygon", "coordinates": [ [ [ -122.31809, 47.54569 ], [ -122.32029, 47.54549 ], [ -122.32144, 47.54657 ], [ -122.32043, 47.54787 ], [ -122.31823, 47.54807 ], [ -122.31709, 47.54699 ], [ -122.31809, 47.54569 ] ] ] } },
{ "type": "Feature", "properties": { "id": 1252, "population": 1, "o_score_pt": 1033.409, "o_score_car": 1271.628, "CDI": 0.103 }, "geometry": { "type": "Polygon", "coordinates": [ [ [ -122.38069, 47.63904 ], [ -122.38069, 47.63904 ], [ -122.38062, 47.63905 ], [ -122.38062, 47.63905 ], [ -122.38069, 47.63904 ] ] ] } },
{ "type": "Feature", "properties": { "id": 1253, "population": 438, "o_score_pt": 909.44, "o_score_car": 1300.004, "CDI": 0.177 }, "geometry": { "type": "Polygon", "coordinates": [ [ [ -122.37797, 47.67373 ], [ -122.38056, 47.6735 ], [ -122.38196, 47.67481 ], [ -122.38077, 47.67635 ], [ -122.37818, 47.67658 ], [ -122.37678, 47.67527 ], [ -122.37797, 47.67373 ] ] ] } },
{ "type": "Feature", "properties": { "id": 1254, "population": 335, "o_score_pt": 641.608, "o_score_car": 1001.095, "CDI": 0.219 }, "geometry": { "type": "Polygon", "coordinates": [ [ [ -122.27746, 47.52606 ], [ -122.27995, 47.52584 ], [ -122.28129, 47.5271 ], [ -122.28014, 47.52858 ], [ -122.27765, 47.5288 ], [ -122.27631, 47.52754 ], [ -122.27746, 47.52606 ] ] ] } },
{ "type": "Feature", "properties": { "id": 1255, "population": 328, "o_score_pt": 669.031, "o_score_car": 1073.555, "CDI": 0.232 }, "geometry": { "type": "Polygon", "coordinates": [ [ [ -122.28625, 47.53968 ], [ -122.28873, 47.53946 ], [ -122.29006, 47.54071 ], [ -122.28892, 47.54219 ], [ -122.28644, 47.5424 ], [ -122.28511, 47.54115 ], [ -122.28625, 47.53968 ] ] ] } },
{ "type": "Feature", "properties": { "id": 1256, "population": 51, "o_score_pt": 231.735, "o_score_car": 1140.605, "CDI": 0.662 }, "geometry": { "type": "Polygon", "coordinates": [ [ [ -122.27787, 47.68888 ], [ -122.27947, 47.68874 ], [ -122.28024, 47.68946 ], [ -122.27951, 47.69039 ], [ -122.27792, 47.69053 ], [ -122.27715, 47.68981 ], [ -122.27787, 47.68888 ] ] ] } },
{ "type": "Feature", "properties": { "id": 1257, "population": 270, "o_score_pt": 385.829, "o_score_car": 920.692, "CDI": 0.409 }, "geometry": { "type": "Polygon", "coordinates": [ [ [ -122.25321, 47.51386 ], [ -122.25559, 47.51365 ], [ -122.25686, 47.51485 ], [ -122.25577, 47.51627 ], [ -122.25338, 47.51648 ], [ -122.25211, 47.51528 ], [ -122.25321, 47.51386 ] ] ] } },
{ "type": "Feature", "properties": { "id": 1258, "population": 379, "o_score_pt": 1078.767, "o_score_car": 1424.356, "CDI": 0.138 }, "geometry": { "type": "Polygon", "coordinates": [ [ [ -122.3079, 47.62394 ], [ -122.31045, 47.62372 ], [ -122.31183, 47.62501 ], [ -122.31065, 47.62653 ], [ -122.3081, 47.62675 ], [ -122.30672, 47.62546 ], [ -122.3079, 47.62394 ] ] ] } },
{ "type": "Feature", "properties": { "id": 1259, "population": 458, "o_score_pt": 1109.902, "o_score_car": 1383.73, "CDI": 0.11 }, "geometry": { "type": "Polygon", "coordinates": [ [ [ -122.35507, 47.68149 ], [ -122.35766, 47.68126 ], [ -122.35906, 47.68257 ], [ -122.35787, 47.68411 ], [ -122.35527, 47.68434 ], [ -122.35387, 47.68303 ], [ -122.35507, 47.68149 ] ] ] } },
{ "type": "Feature", "properties": { "id": 1260, "population": 226, "o_score_pt": 831.355, "o_score_car": 1310.911, "CDI": 0.224 }, "geometry": { "type": "Polygon", "coordinates": [ [ [ -122.33459, 47.72076 ], [ -122.3369, 47.72055 ], [ -122.33812, 47.72169 ], [ -122.33706, 47.72306 ], [ -122.33475, 47.72326 ], [ -122.33353, 47.72212 ], [ -122.33459, 47.72076 ] ] ] } },
{ "type": "Feature", "properties": { "id": 1261, "population": 0, "o_score_pt": 24.174, "o_score_car": 1386.582, "CDI": 0.966 }, "geometry": { "type": "Polygon", "coordinates": [ [ [ -122.33675, 47.68023 ], [ -122.33675, 47.68023 ], [ -122.33668, 47.68024 ], [ -122.33668, 47.68024 ], [ -122.33675, 47.68023 ] ] ] } },
{ "type": "Feature", "properties": { "id": 1262, "population": 337, "o_score_pt": 997.596, "o_score_car": 1310.071, "CDI": 0.135 }, "geometry": { "type": "Polygon", "coordinates": [ [ [ -122.2977, 47.5904 ], [ -122.30019, 47.59018 ], [ -122.30153, 47.59144 ], [ -122.30038, 47.59293 ], [ -122.29789, 47.59315 ], [ -122.29655, 47.59189 ], [ -122.2977, 47.5904 ] ] ] } },
{ "type": "Feature", "properties": { "id": 1263, "population": 325, "o_score_pt": 1169.29, "o_score_car": 1466.46, "CDI": 0.113 }, "geometry": { "type": "Polygon", "coordinates": [ [ [ -122.35767, 47.66267 ], [ -122.36015, 47.66245 ], [ -122.36148, 47.6637 ], [ -122.36034, 47.66517 ], [ -122.35786, 47.66539 ], [ -122.35653, 47.66415 ], [ -122.35767, 47.66267 ] ] ] } },
{ "type": "Feature", "properties": { "id": 1264, "population": 506, "o_score_pt": 598.629, "o_score_car": 1028.147, "CDI": 0.264 }, "geometry": { "type": "Polygon", "coordinates": [ [ [ -122.27761, 47.52886 ], [ -122.2802, 47.52864 ], [ -122.28159, 47.52995 ], [ -122.2804, 47.5315 ], [ -122.27781, 47.53172 ], [ -122.27642, 47.53041 ], [ -122.27761, 47.52886 ] ] ] } },
{ "type": "Feature", "properties": { "id": 1265, "population": 35, "o_score_pt": 374.324, "o_score_car": 1001.434, "CDI": 0.456 }, "geometry": { "type": "Polygon", "coordinates": [ [ [ -122.41626, 47.65383 ], [ -122.41768, 47.65371 ], [ -122.41833, 47.65432 ], [ -122.41769, 47.65514 ], [ -122.41627, 47.65527 ], [ -122.41562, 47.65466 ], [ -122.41626, 47.65383 ] ] ] } },
{ "type": "Feature", "properties": { "id": 1266, "population": 91, "o_score_pt": 1469.75, "o_score_car": 1570.042, "CDI": 0.033 }, "geometry": { "type": "Polygon", "coordinates": [ [ [ -122.34316, 47.61983 ], [ -122.34503, 47.61966 ], [ -122.34597, 47.62054 ], [ -122.34512, 47.62164 ], [ -122.34325, 47.62181 ], [ -122.34231, 47.62093 ], [ -122.34316, 47.61983 ] ] ] } },
{ "type": "Feature", "properties": { "id": 1267, "population": 124, "o_score_pt": 848.251, "o_score_car": 1271.856, "CDI": 0.2 }, "geometry": { "type": "Polygon", "coordinates": [ [ [ -122.36105, 47.70569 ], [ -122.36307, 47.70551 ], [ -122.3641, 47.70648 ], [ -122.36318, 47.70767 ], [ -122.36116, 47.70785 ], [ -122.36013, 47.70688 ], [ -122.36105, 47.70569 ] ] ] } },
{ "type": "Feature", "properties": { "id": 1268, "population": 3, "o_score_pt": 937.404, "o_score_car": 1389.24, "CDI": 0.194 }, "geometry": { "type": "Polygon", "coordinates": [ [ [ -122.32889, 47.56886 ], [ -122.32877, 47.56901 ], [ -122.32846, 47.56904 ], [ -122.32857, 47.56889 ], [ -122.32889, 47.56886 ] ] ] } },
{ "type": "Feature", "properties": { "id": 1269, "population": 436, "o_score_pt": 1025.337, "o_score_car": 1359.388, "CDI": 0.14 }, "geometry": { "type": "Polygon", "coordinates": [ [ [ -122.31722, 47.69916 ], [ -122.31981, 47.69894 ], [ -122.32121, 47.70025 ], [ -122.32002, 47.70179 ], [ -122.31742, 47.70201 ], [ -122.31602, 47.7007 ], [ -122.31722, 47.69916 ] ] ] } },
{ "type": "Feature", "properties": { "id": 1270, "population": 210, "o_score_pt": 707.317, "o_score_car": 1114.924, "CDI": 0.224 }, "geometry": { "type": "Polygon", "coordinates": [ [ [ -122.2997, 47.72528 ], [ -122.30198, 47.72508 ], [ -122.30317, 47.7262 ], [ -122.30213, 47.72754 ], [ -122.29985, 47.72774 ], [ -122.29866, 47.72662 ], [ -122.2997, 47.72528 ] ] ] } },
{ "type": "Feature", "properties": { "id": 1271, "population": 484, "o_score_pt": 922.122, "o_score_car": 1263.494, "CDI": 0.156 }, "geometry": { "type": "Polygon", "coordinates": [ [ [ -122.38387, 47.64738 ], [ -122.38646, 47.64715 ], [ -122.38786, 47.64846 ], [ -122.38667, 47.65 ], [ -122.38408, 47.65023 ], [ -122.38268, 47.64892 ], [ -122.38387, 47.64738 ] ] ] } },
{ "type": "Feature", "properties": { "id": 1272, "population": 394, "o_score_pt": 1303.778, "o_score_car": 1528.543, "CDI": 0.079 }, "geometry": { "type": "Polygon", "coordinates": [ [ [ -122.34186, 47.66114 ], [ -122.34444, 47.66091 ], [ -122.34582, 47.66221 ], [ -122.34464, 47.66374 ], [ -122.34207, 47.66397 ], [ -122.34068, 47.66267 ], [ -122.34186, 47.66114 ] ] ] } },
{ "type": "Feature", "properties": { "id": 1273, "population": 299, "o_score_pt": 876.386, "o_score_car": 1180.473, "CDI": 0.148 }, "geometry": { "type": "Polygon", "coordinates": [ [ [ -122.28771, 47.5597 ], [ -122.29015, 47.55949 ], [ -122.29145, 47.56071 ], [ -122.29033, 47.56216 ], [ -122.28789, 47.56237 ], [ -122.28659, 47.56115 ], [ -122.28771, 47.5597 ] ] ] } },
{ "type": "Feature", "properties": { "id": 1274, "population": 272, "o_score_pt": 821.514, "o_score_car": 1226.63, "CDI": 0.198 }, "geometry": { "type": "Polygon", "coordinates": [ [ [ -122.2856, 47.69345 ], [ -122.288, 47.69324 ], [ -122.28927, 47.69444 ], [ -122.28817, 47.69586 ], [ -122.28577, 47.69606 ], [ -122.2845, 47.69487 ], [ -122.2856, 47.69345 ] ] ] } },
{ "type": "Feature", "properties": { "id": 1275, "population": 196, "o_score_pt": 805.001, "o_score_car": 1470.897, "CDI": 0.293 }, "geometry": { "type": "Polygon", "coordinates": [ [ [ -122.32837, 47.68836 ], [ -122.33061, 47.68816 ], [ -122.33178, 47.68926 ], [ -122.33075, 47.69059 ], [ -122.32852, 47.69078 ], [ -122.32734, 47.68968 ], [ -122.32837, 47.68836 ] ] ] } },
{ "type": "Feature", "properties": { "id": 1276, "population": 159, "o_score_pt": 618.572, "o_score_car": 1105.243, "CDI": 0.282 }, "geometry": { "type": "Polygon", "coordinates": [ [ [ -122.39923, 47.69364 ], [ -122.40137, 47.69345 ], [ -122.40248, 47.69449 ], [ -122.4015, 47.69575 ], [ -122.39937, 47.69594 ], [ -122.39826, 47.6949 ], [ -122.39923, 47.69364 ] ] ] } },
{ "type": "Feature", "properties": { "id": 1277, "population": 154, "o_score_pt": 884.166, "o_score_car": 1251.074, "CDI": 0.172 }, "geometry": { "type": "Polygon", "coordinates": [ [ [ -122.34289, 47.72587 ], [ -122.34502, 47.72568 ], [ -122.34612, 47.72671 ], [ -122.34514, 47.72797 ], [ -122.34302, 47.72815 ], [ -122.34192, 47.72712 ], [ -122.34289, 47.72587 ] ] ] } },
{ "type": "Feature", "properties": { "id": 1278, "population": 286, "o_score_pt": 1150.935, "o_score_car": 1449.587, "CDI": 0.115 }, "geometry": { "type": "Polygon", "coordinates": [ [ [ -122.34361, 47.68404 ], [ -122.34603, 47.68382 ], [ -122.34732, 47.68503 ], [ -122.34621, 47.68647 ], [ -122.34379, 47.68668 ], [ -122.3425, 47.68547 ], [ -122.34361, 47.68404 ] ] ] } },
{ "type": "Feature", "properties": { "id": 1279, "population": 314, "o_score_pt": 926.611, "o_score_car": 1386.978, "CDI": 0.199 }, "geometry": { "type": "Polygon", "coordinates": [ [ [ -122.31161, 47.56621 ], [ -122.31407, 47.566 ], [ -122.31539, 47.56724 ], [ -122.31426, 47.5687 ], [ -122.3118, 47.56892 ], [ -122.31048, 47.56768 ], [ -122.31161, 47.56621 ] ] ] } },
{ "type": "Feature", "properties": { "id": 1280, "population": 370, "o_score_pt": 1034.447, "o_score_car": 1383.785, "CDI": 0.144 }, "geometry": { "type": "Polygon", "coordinates": [ [ [ -122.30585, 47.59541 ], [ -122.30839, 47.59518 ], [ -122.30976, 47.59647 ], [ -122.30859, 47.59798 ], [ -122.30605, 47.5982 ], [ -122.30468, 47.59692 ], [ -122.30585, 47.59541 ] ] ] } },
{ "type": "Feature", "properties": { "id": 1281, "population": 470, "o_score_pt": 960.551, "o_score_car": 1314.424, "CDI": 0.156 }, "geometry": { "type": "Polygon", "coordinates": [ [ [ -122.36725, 47.68758 ], [ -122.36984, 47.68736 ], [ -122.37124, 47.68867 ], [ -122.37005, 47.69021 ], [ -122.36745, 47.69044 ], [ -122.36605, 47.68912 ], [ -122.36725, 47.68758 ] ] ] } },
{ "type": "Feature", "properties": { "id": 1282, "population": 530, "o_score_pt": 816.776, "o_score_car": 1142.132, "CDI": 0.166 }, "geometry": { "type": "Polygon", "coordinates": [ [ [ -122.28721, 47.5539 ], [ -122.2898, 47.55368 ], [ -122.2912, 47.55499 ], [ -122.29001, 47.55653 ], [ -122.28742, 47.55676 ], [ -122.28602, 47.55544 ], [ -122.28721, 47.5539 ] ] ] } },
{ "type": "Feature", "properties": { "id": 1283, "population": 259, "o_score_pt": 642.65, "o_score_car": 1115.299, "CDI": 0.269 }, "geometry": { "type": "Polygon", "coordinates": [ [ [ -122.40311, 47.6415 ], [ -122.40548, 47.64129 ], [ -122.40674, 47.64247 ], [ -122.40565, 47.64388 ], [ -122.40328, 47.64409 ], [ -122.40202, 47.64291 ], [ -122.40311, 47.6415 ] ] ] } },
{ "type": "Feature", "properties": { "id": 1284, "population": 1151, "o_score_pt": 1037.648, "o_score_car": 1559.177, "CDI": 0.201 }, "geometry": { "type": "Polygon", "coordinates": [ [ [ -122.32445, 47.63683 ], [ -122.32704, 47.6366 ], [ -122.32844, 47.63791 ], [ -122.32725, 47.63945 ], [ -122.32466, 47.63968 ], [ -122.32326, 47.63837 ], [ -122.32445, 47.63683 ] ] ] } },
{ "type": "Feature", "properties": { "id": 1285, "population": 30, "o_score_pt": 14.803, "o_score_car": 1158.664, "CDI": 0.975 }, "geometry": { "type": "Polygon", "coordinates": [ [ [ -122.36963, 47.71108 ], [ -122.37098, 47.71096 ], [ -122.37159, 47.71153 ], [ -122.37098, 47.71231 ], [ -122.36963, 47.71243 ], [ -122.36903, 47.71186 ], [ -122.36963, 47.71108 ] ] ] } },
{ "type": "Feature", "properties": { "id": 1286, "population": 0, "o_score_pt": 1076.39, "o_score_car": 1315.997, "CDI": 0.1 }, "geometry": { "type": "Polygon", "coordinates": [ [ [ -122.33833, 47.59396 ], [ -122.33833, 47.59396 ], [ -122.33826, 47.59397 ], [ -122.33826, 47.59397 ], [ -122.33833, 47.59396 ] ] ] } },
{ "type": "Feature", "properties": { "id": 1287, "population": 186, "o_score_pt": 1047.916, "o_score_car": 1209.182, "CDI": 0.071 }, "geometry": { "type": "Polygon", "coordinates": [ [ [ -122.37886, 47.62939 ], [ -122.38107, 47.62919 ], [ -122.38222, 47.63028 ], [ -122.38121, 47.63159 ], [ -122.379, 47.63178 ], [ -122.37784, 47.6307 ], [ -122.37886, 47.62939 ] ] ] } },
{ "type": "Feature", "properties": { "id": 1288, "population": 315, "o_score_pt": 802.579, "o_score_car": 1181.029, "CDI": 0.191 }, "geometry": { "type": "Polygon", "coordinates": [ [ [ -122.39359, 47.67242 ], [ -122.39606, 47.6722 ], [ -122.39737, 47.67344 ], [ -122.39624, 47.6749 ], [ -122.39378, 47.67512 ], [ -122.39246, 47.67388 ], [ -122.39359, 47.67242 ] ] ] } },
{ "type": "Feature", "properties": { "id": 1289, "population": 414, "o_score_pt": 555.041, "o_score_car": 986.519, "CDI": 0.28 }, "geometry": { "type": "Polygon", "coordinates": [ [ [ -122.26504, 47.51702 ], [ -122.26763, 47.51679 ], [ -122.26903, 47.51811 ], [ -122.26783, 47.51965 ], [ -122.26525, 47.51988 ], [ -122.26385, 47.51856 ], [ -122.26504, 47.51702 ] ] ] } },
{ "type": "Feature", "properties": { "id": 1290, "population": 820, "o_score_pt": 668.082, "o_score_car": 1205.153, "CDI": 0.287 }, "geometry": { "type": "Polygon", "coordinates": [ [ [ -122.29416, 47.54179 ], [ -122.29675, 47.54157 ], [ -122.29814, 47.54288 ], [ -122.29695, 47.54442 ], [ -122.29436, 47.54465 ], [ -122.29297, 47.54334 ], [ -122.29416, 47.54179 ] ] ] } },
{ "type": "Feature", "properties": { "id": 1291, "population": 482, "o_score_pt": 881.542, "o_score_car": 1164.41, "CDI": 0.138 }, "geometry": { "type": "Polygon", "coordinates": [ [ [ -122.26491, 47.67936 ], [ -122.2675, 47.67913 ], [ -122.2689, 47.68045 ], [ -122.26771, 47.68198 ], [ -122.26512, 47.68221 ], [ -122.26372, 47.6809 ], [ -122.26491, 47.67936 ] ] ] } },
{ "type": "Feature", "properties": { "id": 1292, "population": 5, "o_score_pt": 710.256, "o_score_car": 1338.239, "CDI": 0.307 }, "geometry": { "type": "Polygon", "coordinates": [ [ [ -122.29413, 47.63499 ], [ -122.29469, 47.63494 ], [ -122.29479, 47.63504 ], [ -122.29456, 47.63533 ], [ -122.294, 47.63538 ], [ -122.2939, 47.63529 ], [ -122.29413, 47.63499 ] ] ] } },
{ "type": "Feature", "properties": { "id": 1293, "population": 334, "o_score_pt": 1028.768, "o_score_car": 1410.542, "CDI": 0.157 }, "geometry": { "type": "Polygon", "coordinates": [ [ [ -122.30415, 47.62575 ], [ -122.30664, 47.62553 ], [ -122.30798, 47.62678 ], [ -122.30683, 47.62826 ], [ -122.30434, 47.62848 ], [ -122.303, 47.62723 ], [ -122.30415, 47.62575 ] ] ] } },
{ "type": "Feature", "properties": { "id": 1294, "population": 158, "o_score_pt": 854.848, "o_score_car": 1315.463, "CDI": 0.212 }, "geometry": { "type": "Polygon", "coordinates": [ [ [ -122.3267, 47.71869 ], [ -122.32884, 47.7185 ], [ -122.32995, 47.71954 ], [ -122.32897, 47.7208 ], [ -122.32684, 47.72098 ], [ -122.32573, 47.71995 ], [ -122.3267, 47.71869 ] ] ] } },
{ "type": "Feature", "properties": { "id": 1295, "population": 182, "o_score_pt": 344.059, "o_score_car": 890.565, "CDI": 0.443 }, "geometry": { "type": "Polygon", "coordinates": [ [ [ -122.24832, 47.49858 ], [ -122.25051, 47.49839 ], [ -122.25166, 47.49947 ], [ -122.25065, 47.50077 ], [ -122.24846, 47.50097 ], [ -122.24731, 47.49988 ], [ -122.24832, 47.49858 ] ] ] } },
{ "type": "Feature", "properties": { "id": 1296, "population": 0, "o_score_pt": 1251.93, "o_score_car": 1388.578, "CDI": 0.052 }, "geometry": { "type": "Polygon", "coordinates": [ [ [ -122.30359, 47.65445 ], [ -122.30359, 47.65445 ], [ -122.30352, 47.65445 ], [ -122.30352, 47.65445 ], [ -122.30359, 47.65445 ] ] ] } },
{ "type": "Feature", "properties": { "id": 1297, "population": 149, "o_score_pt": 873.874, "o_score_car": 1111.592, "CDI": 0.12 }, "geometry": { "type": "Polygon", "coordinates": [ [ [ -122.2656, 47.68534 ], [ -122.26771, 47.68515 ], [ -122.2688, 47.68617 ], [ -122.26784, 47.68742 ], [ -122.26573, 47.6876 ], [ -122.26464, 47.68658 ], [ -122.2656, 47.68534 ] ] ] } },
{ "type": "Feature", "properties": { "id": 1298, "population": 72, "o_score_pt": 998.224, "o_score_car": 1495.085, "CDI": 0.199 }, "geometry": { "type": "Polygon", "coordinates": [ [ [ -122.33202, 47.68116 ], [ -122.33378, 47.681 ], [ -122.33465, 47.68182 ], [ -122.33385, 47.68285 ], [ -122.33209, 47.683 ], [ -122.33122, 47.68219 ], [ -122.33202, 47.68116 ] ] ] } },
{ "type": "Feature", "properties": { "id": 1299, "population": 344, "o_score_pt": 1290.706, "o_score_car": 1504.767, "CDI": 0.077 }, "geometry": { "type": "Polygon", "coordinates": [ [ [ -122.35476, 47.62272 ], [ -122.35726, 47.6225 ], [ -122.35861, 47.62376 ], [ -122.35746, 47.62525 ], [ -122.35495, 47.62548 ], [ -122.3536, 47.62421 ], [ -122.35476, 47.62272 ] ] ] } },
{ "type": "Feature", "properties": { "id": 1300, "population": 527, "o_score_pt": 1310.758, "o_score_car": 1414.26, "CDI": 0.038 }, "geometry": { "type": "Polygon", "coordinates": [ [ [ -122.29981, 47.67487 ], [ -122.3024, 47.67464 ], [ -122.3038, 47.67595 ], [ -122.30261, 47.67749 ], [ -122.30002, 47.67772 ], [ -122.29862, 47.67641 ], [ -122.29981, 47.67487 ] ] ] } },
{ "type": "Feature", "properties": { "id": 1301, "population": 335, "o_score_pt": 618.252, "o_score_car": 1024.956, "CDI": 0.248 }, "geometry": { "type": "Polygon", "coordinates": [ [ [ -122.27388, 47.53069 ], [ -122.27637, 47.53047 ], [ -122.27771, 47.53173 ], [ -122.27656, 47.53321 ], [ -122.27407, 47.53343 ], [ -122.27274, 47.53217 ], [ -122.27388, 47.53069 ] ] ] } },
{ "type": "Feature", "properties": { "id": 1302, "population": 667, "o_score_pt": 1453.714, "o_score_car": 1588.222, "CDI": 0.044 }, "geometry": { "type": "Polygon", "coordinates": [ [ [ -122.33037, 47.61046 ], [ -122.33296, 47.61023 ], [ -122.33435, 47.61155 ], [ -122.33316, 47.61309 ], [ -122.33057, 47.61331 ], [ -122.32917, 47.612 ], [ -122.33037, 47.61046 ] ] ] } },
{ "type": "Feature", "properties": { "id": 1303, "population": 3, "o_score_pt": 1169.074, "o_score_car": 1401.402, "CDI": 0.09 }, "geometry": { "type": "Polygon", "coordinates": [ [ [ -122.32971, 47.58028 ], [ -122.3296, 47.58043 ], [ -122.32928, 47.58046 ], [ -122.3294, 47.58031 ], [ -122.32971, 47.58028 ] ] ] } },
{ "type": "Feature", "properties": { "id": 1304, "population": 237, "o_score_pt": 923.711, "o_score_car": 1247.435, "CDI": 0.149 }, "geometry": { "type": "Polygon", "coordinates": [ [ [ -122.30642, 47.71031 ], [ -122.30875, 47.71011 ], [ -122.30998, 47.71126 ], [ -122.30891, 47.71264 ], [ -122.30658, 47.71284 ], [ -122.30535, 47.71169 ], [ -122.30642, 47.71031 ] ] ] } },
{ "type": "Feature", "properties": { "id": 1305, "population": 307, "o_score_pt": 748.306, "o_score_car": 1176.02, "CDI": 0.222 }, "geometry": { "type": "Polygon", "coordinates": [ [ [ -122.39193, 47.64962 ], [ -122.39438, 47.6494 ], [ -122.39569, 47.65063 ], [ -122.39457, 47.65208 ], [ -122.39212, 47.6523 ], [ -122.39081, 47.65107 ], [ -122.39193, 47.64962 ] ] ] } },
{ "type": "Feature", "properties": { "id": 1306, "population": 376, "o_score_pt": 997.807, "o_score_car": 1487.443, "CDI": 0.197 }, "geometry": { "type": "Polygon", "coordinates": [ [ [ -122.32949, 47.6522 ], [ -122.33204, 47.65197 ], [ -122.33342, 47.65326 ], [ -122.33224, 47.65477 ], [ -122.32969, 47.655 ], [ -122.32832, 47.65371 ], [ -122.32949, 47.6522 ] ] ] } },
{ "type": "Feature", "properties": { "id": 1307, "population": 178, "o_score_pt": 644.902, "o_score_car": 1119.969, "CDI": 0.269 }, "geometry": { "type": "Polygon", "coordinates": [ [ [ -122.27476, 47.70457 ], [ -122.27696, 47.70437 ], [ -122.2781, 47.70545 ], [ -122.2771, 47.70674 ], [ -122.2749, 47.70693 ], [ -122.27376, 47.70586 ], [ -122.27476, 47.70457 ] ] ] } },
{ "type": "Feature", "properties": { "id": 1308, "population": 305, "o_score_pt": 731.042, "o_score_car": 1160.377, "CDI": 0.227 }, "geometry": { "type": "Polygon", "coordinates": [ [ [ -122.39107, 47.6913 ], [ -122.39352, 47.69109 ], [ -122.39483, 47.69231 ], [ -122.3937, 47.69376 ], [ -122.39125, 47.69398 ], [ -122.38994, 47.69276 ], [ -122.39107, 47.6913 ] ] ] } },
{ "type": "Feature", "properties": { "id": 1309, "population": 3, "o_score_pt": 1201.416, "o_score_car": 1491.179, "CDI": 0.108 }, "geometry": { "type": "Polygon", "coordinates": [ [ [ -122.31533, 47.65191 ], [ -122.31522, 47.65206 ], [ -122.3149, 47.65209 ], [ -122.31502, 47.65194 ], [ -122.31533, 47.65191 ] ] ] } },
{ "type": "Feature", "properties": { "id": 1310, "population": 281, "o_score_pt": 1101.406, "o_score_car": 1472.399, "CDI": 0.144 }, "geometry": { "type": "Polygon", "coordinates": [ [ [ -122.33983, 47.68581 ], [ -122.34224, 47.6856 ], [ -122.34352, 47.6868 ], [ -122.34242, 47.68823 ], [ -122.34001, 47.68844 ], [ -122.33872, 47.68724 ], [ -122.33983, 47.68581 ] ] ] } },
{ "type": "Feature", "properties": { "id": 1311, "population": 293, "o_score_pt": 800.207, "o_score_car": 1235.784, "CDI": 0.214 }, "geometry": { "type": "Polygon", "coordinates": [ [ [ -122.29926, 47.55726 ], [ -122.30169, 47.55704 ], [ -122.30299, 47.55826 ], [ -122.30187, 47.55971 ], [ -122.29944, 47.55992 ], [ -122.29815, 47.5587 ], [ -122.29926, 47.55726 ] ] ] } },
{ "type": "Feature", "properties": { "id": 1312, "population": 437, "o_score_pt": 994.56, "o_score_car": 1312.532, "CDI": 0.138 }, "geometry": { "type": "Polygon", "coordinates": [ [ [ -122.36662, 47.67903 ], [ -122.36922, 47.6788 ], [ -122.37061, 47.68011 ], [ -122.36942, 47.68165 ], [ -122.36683, 47.68188 ], [ -122.36543, 47.68057 ], [ -122.36662, 47.67903 ] ] ] } },
{ "type": "Feature", "properties": { "id": 1313, "population": 152, "o_score_pt": 836.428, "o_score_car": 1231.879, "CDI": 0.191 }, "geometry": { "type": "Polygon", "coordinates": [ [ [ -122.37971, 47.69395 ], [ -122.38182, 47.69376 ], [ -122.38292, 47.69479 ], [ -122.38195, 47.69603 ], [ -122.37983, 47.69622 ], [ -122.37874, 47.6952 ], [ -122.37971, 47.69395 ] ] ] } },
{ "type": "Feature", "properties": { "id": 1314, "population": 816, "o_score_pt": 914.147, "o_score_car": 1343.018, "CDI": 0.19 }, "geometry": { "type": "Polygon", "coordinates": [ [ [ -122.36434, 47.64767 ], [ -122.36693, 47.64744 ], [ -122.36833, 47.64875 ], [ -122.36714, 47.65029 ], [ -122.36455, 47.65052 ], [ -122.36315, 47.64921 ], [ -122.36434, 47.64767 ] ] ] } },
{ "type": "Feature", "properties": { "id": 1315, "population": 471, "o_score_pt": 1086.848, "o_score_car": 1453.386, "CDI": 0.144 }, "geometry": { "type": "Polygon", "coordinates": [ [ [ -122.308, 47.67989 ], [ -122.31059, 47.67966 ], [ -122.31199, 47.68097 ], [ -122.3108, 47.68251 ], [ -122.3082, 47.68274 ], [ -122.30681, 47.68143 ], [ -122.308, 47.67989 ] ] ] } },
{ "type": "Feature", "properties": { "id": 1316, "population": 226, "o_score_pt": 829.812, "o_score_car": 1131.005, "CDI": 0.154 }, "geometry": { "type": "Polygon", "coordinates": [ [ [ -122.2836, 47.55583 ], [ -122.2859, 47.55563 ], [ -122.28712, 47.55677 ], [ -122.28606, 47.55814 ], [ -122.28376, 47.55834 ], [ -122.28254, 47.5572 ], [ -122.2836, 47.55583 ] ] ] } },
{ "type": "Feature", "properties": { "id": 1317, "population": 464, "o_score_pt": 1259.894, "o_score_car": 1484.595, "CDI": 0.082 }, "geometry": { "type": "Polygon", "coordinates": [ [ [ -122.33999, 47.63546 ], [ -122.34258, 47.63523 ], [ -122.34398, 47.63654 ], [ -122.34279, 47.63808 ], [ -122.3402, 47.63831 ], [ -122.3388, 47.637 ], [ -122.33999, 47.63546 ] ] ] } },
{ "type": "Feature", "properties": { "id": 1318, "population": 19, "o_score_pt": 1.369, "o_score_car": 1034.115, "CDI": 0.997 }, "geometry": { "type": "Polygon", "coordinates": [ [ [ -122.28101, 47.51076 ], [ -122.28214, 47.51066 ], [ -122.28261, 47.51111 ], [ -122.28211, 47.51176 ], [ -122.28097, 47.51186 ], [ -122.28051, 47.51141 ], [ -122.28101, 47.51076 ] ] ] } },
{ "type": "Feature", "properties": { "id": 1319, "population": 0, "o_score_pt": 822.645, "o_score_car": 1432.773, "CDI": 0.271 }, "geometry": { "type": "Polygon", "coordinates": [ [ [ -122.33771, 47.5854 ], [ -122.33771, 47.5854 ], [ -122.33764, 47.5854 ], [ -122.33764, 47.5854 ], [ -122.33771, 47.5854 ] ] ] } },
{ "type": "Feature", "properties": { "id": 1320, "population": 7, "o_score_pt": 806.896, "o_score_car": 1278.235, "CDI": 0.226 }, "geometry": { "type": "Polygon", "coordinates": [ [ [ -122.33511, 47.55374 ], [ -122.3358, 47.55368 ], [ -122.33599, 47.55385 ], [ -122.3357, 47.55423 ], [ -122.33501, 47.55429 ], [ -122.33482, 47.55412 ], [ -122.33511, 47.55374 ] ] ] } },
{ "type": "Feature", "properties": { "id": 1321, "population": 1, "o_score_pt": 1145.328, "o_score_car": 1353.543, "CDI": 0.083 }, "geometry": { "type": "Polygon", "coordinates": [ [ [ -122.37629, 47.63226 ], [ -122.37629, 47.63226 ], [ -122.37622, 47.63226 ], [ -122.37622, 47.63226 ], [ -122.37629, 47.63226 ] ] ] } },
{ "type": "Feature", "properties": { "id": 1322, "population": 277, "o_score_pt": 595.867, "o_score_car": 1138.82, "CDI": 0.313 }, "geometry": { "type": "Polygon", "coordinates": [ [ [ -122.40161, 47.67462 ], [ -122.40401, 47.6744 ], [ -122.40529, 47.6756 ], [ -122.40419, 47.67703 ], [ -122.40178, 47.67724 ], [ -122.4005, 47.67604 ], [ -122.40161, 47.67462 ] ] ] } },
{ "type": "Feature", "properties": { "id": 1323, "population": 262, "o_score_pt": 643.143, "o_score_car": 979.601, "CDI": 0.207 }, "geometry": { "type": "Polygon", "coordinates": [ [ [ -122.27313, 47.51932 ], [ -122.27551, 47.51911 ], [ -122.27677, 47.5203 ], [ -122.27568, 47.52171 ], [ -122.2733, 47.52192 ], [ -122.27204, 47.52073 ], [ -122.27313, 47.51932 ] ] ] } },
{ "type": "Feature", "properties": { "id": 1324, "population": 0, "o_score_pt": 638.425, "o_score_car": 1195.941, "CDI": 0.304 }, "geometry": { "type": "Polygon", "coordinates": [ [ [ -122.31112, 47.54174 ], [ -122.31112, 47.54174 ], [ -122.31105, 47.54175 ], [ -122.31105, 47.54175 ], [ -122.31112, 47.54174 ] ] ] } },
{ "type": "Feature", "properties": { "id": 1325, "population": 208, "o_score_pt": 795.945, "o_score_car": 1214.642, "CDI": 0.208 }, "geometry": { "type": "Polygon", "coordinates": [ [ [ -122.27308, 47.68171 ], [ -122.27535, 47.68152 ], [ -122.27654, 47.68263 ], [ -122.2755, 47.68397 ], [ -122.27324, 47.68417 ], [ -122.27204, 47.68305 ], [ -122.27308, 47.68171 ] ] ] } },
{ "type": "Feature", "properties": { "id": 1326, "population": 372, "o_score_pt": 1137.881, "o_score_car": 1490.541, "CDI": 0.134 }, "geometry": { "type": "Polygon", "coordinates": [ [ [ -122.34924, 47.65477 ], [ -122.35178, 47.65454 ], [ -122.35315, 47.65583 ], [ -122.35198, 47.65734 ], [ -122.34944, 47.65756 ], [ -122.34807, 47.65628 ], [ -122.34924, 47.65477 ] ] ] } },
{ "type": "Feature", "properties": { "id": 1327, "population": 17, "o_score_pt": 1.835, "o_score_car": 1062.298, "CDI": 0.997 }, "geometry": { "type": "Polygon", "coordinates": [ [ [ -122.28941, 47.51869 ], [ -122.29049, 47.51859 ], [ -122.29093, 47.51901 ], [ -122.29045, 47.51963 ], [ -122.28937, 47.51972 ], [ -122.28893, 47.51931 ], [ -122.28941, 47.51869 ] ] ] } },
{ "type": "Feature", "properties": { "id": 1328, "population": 135, "o_score_pt": 628.033, "o_score_car": 1364.43, "CDI": 0.37 }, "geometry": { "type": "Polygon", "coordinates": [ [ [ -122.28947, 47.63591 ], [ -122.29153, 47.63573 ], [ -122.29259, 47.63673 ], [ -122.29165, 47.63794 ], [ -122.28959, 47.63812 ], [ -122.28853, 47.63713 ], [ -122.28947, 47.63591 ] ] ] } },
{ "type": "Feature", "properties": { "id": 1329, "population": 194, "o_score_pt": 822.295, "o_score_car": 1223.01, "CDI": 0.196 }, "geometry": { "type": "Polygon", "coordinates": [ [ [ -122.29092, 47.71173 ], [ -122.29315, 47.71154 ], [ -122.29432, 47.71263 ], [ -122.2933, 47.71395 ], [ -122.29106, 47.71415 ], [ -122.28989, 47.71305 ], [ -122.29092, 47.71173 ] ] ] } },
{ "type": "Feature", "properties": { "id": 1330, "population": 377, "o_score_pt": 824.429, "o_score_car": 1276.859, "CDI": 0.215 }, "geometry": { "type": "Polygon", "coordinates": [ [ [ -122.2895, 47.69445 ], [ -122.29205, 47.69422 ], [ -122.29343, 47.69551 ], [ -122.29225, 47.69703 ], [ -122.2897, 47.69725 ], [ -122.28832, 47.69596 ], [ -122.2895, 47.69445 ] ] ] } },
{ "type": "Feature", "properties": { "id": 1331, "population": 124, "o_score_pt": 891.886, "o_score_car": 1243.998, "CDI": 0.165 }, "geometry": { "type": "Polygon", "coordinates": [ [ [ -122.34233, 47.71738 ], [ -122.34435, 47.7172 ], [ -122.34539, 47.71817 ], [ -122.34446, 47.71936 ], [ -122.34244, 47.71954 ], [ -122.34141, 47.71857 ], [ -122.34233, 47.71738 ] ] ] } },
{ "type": "Feature", "properties": { "id": 1332, "population": 559, "o_score_pt": 1199.222, "o_score_car": 1541.999, "CDI": 0.125 }, "geometry": { "type": "Polygon", "coordinates": [ [ [ -122.32355, 47.67852 ], [ -122.32614, 47.6783 ], [ -122.32754, 47.67961 ], [ -122.32635, 47.68115 ], [ -122.32376, 47.68138 ], [ -122.32236, 47.68006 ], [ -122.32355, 47.67852 ] ] ] } },
{ "type": "Feature", "properties": { "id": 1333, "population": 83, "o_score_pt": 622.925, "o_score_car": 1195.248, "CDI": 0.315 }, "geometry": { "type": "Polygon", "coordinates": [ [ [ -122.28633, 47.59037 ], [ -122.28816, 47.59021 ], [ -122.28907, 47.59107 ], [ -122.28824, 47.59214 ], [ -122.28641, 47.5923 ], [ -122.2855, 47.59145 ], [ -122.28633, 47.59037 ] ] ] } },
{ "type": "Feature", "properties": { "id": 1334, "population": 657, "o_score_pt": 990.394, "o_score_car": 1436.268, "CDI": 0.184 }, "geometry": { "type": "Polygon", "coordinates": [ [ [ -122.29919, 47.66631 ], [ -122.30179, 47.66609 ], [ -122.30319, 47.6674 ], [ -122.30199, 47.66894 ], [ -122.2994, 47.66917 ], [ -122.298, 47.66785 ], [ -122.29919, 47.66631 ] ] ] } },
{ "type": "Feature", "properties": { "id": 1335, "population": 254, "o_score_pt": 601.601, "o_score_car": 1032.777, "CDI": 0.264 }, "geometry": { "type": "Polygon", "coordinates": [ [ [ -122.26742, 47.54859 ], [ -122.26978, 47.54838 ], [ -122.27103, 47.54956 ], [ -122.26994, 47.55096 ], [ -122.26759, 47.55116 ], [ -122.26633, 47.54999 ], [ -122.26742, 47.54859 ] ] ] } },
{ "type": "Feature", "properties": { "id": 1336, "population": 73, "o_score_pt": 671.721, "o_score_car": 1173.315, "CDI": 0.272 }, "geometry": { "type": "Polygon", "coordinates": [ [ [ -122.26437, 47.66556 ], [ -122.26614, 47.66541 ], [ -122.26701, 47.66623 ], [ -122.26621, 47.66726 ], [ -122.26444, 47.66742 ], [ -122.26357, 47.6666 ], [ -122.26437, 47.66556 ] ] ] } },
{ "type": "Feature", "properties": { "id": 1337, "population": 0, "o_score_pt": 295.298, "o_score_car": 939.586, "CDI": 0.522 }, "geometry": { "type": "Polygon", "coordinates": [ [ [ -122.25359, 47.55684 ], [ -122.25359, 47.55684 ], [ -122.25352, 47.55685 ], [ -122.25352, 47.55685 ], [ -122.25359, 47.55684 ] ] ] } },
{ "type": "Feature", "properties": { "id": 1338, "population": 277, "o_score_pt": 1036.13, "o_score_car": 1357.156, "CDI": 0.134 }, "geometry": { "type": "Polygon", "coordinates": [ [ [ -122.34906, 47.70508 ], [ -122.35146, 47.70487 ], [ -122.35274, 47.70607 ], [ -122.35164, 47.70749 ], [ -122.34923, 47.7077 ], [ -122.34795, 47.70651 ], [ -122.34906, 47.70508 ] ] ] } },
{ "type": "Feature", "properties": { "id": 1339, "population": 1, "o_score_pt": 1085.201, "o_score_car": 1386.901, "CDI": 0.122 }, "geometry": { "type": "Polygon", "coordinates": [ [ [ -122.32575, 47.58214 ], [ -122.32575, 47.58214 ], [ -122.32568, 47.58214 ], [ -122.32568, 47.58214 ], [ -122.32575, 47.58214 ] ] ] } },
{ "type": "Feature", "properties": { "id": 1340, "population": 134, "o_score_pt": 546.496, "o_score_car": 1267.41, "CDI": 0.397 }, "geometry": { "type": "Polygon", "coordinates": [ [ [ -122.31601, 47.73258 ], [ -122.31807, 47.7324 ], [ -122.31912, 47.73339 ], [ -122.31818, 47.7346 ], [ -122.31613, 47.73478 ], [ -122.31507, 47.73379 ], [ -122.31601, 47.73258 ] ] ] } },
{ "type": "Feature", "properties": { "id": 1341, "population": 0, "o_score_pt": 659.152, "o_score_car": 1205.437, "CDI": 0.293 }, "geometry": { "type": "Polygon", "coordinates": [ [ [ -122.32665, 47.54038 ], [ -122.32665, 47.54038 ], [ -122.32658, 47.54039 ], [ -122.32658, 47.54039 ], [ -122.32665, 47.54038 ] ] ] } },
{ "type": "Feature", "properties": { "id": 1342, "population": 420, "o_score_pt": 1156.568, "o_score_car": 1523.519, "CDI": 0.137 }, "geometry": { "type": "Polygon", "coordinates": [ [ [ -122.33745, 47.65434 ], [ -122.34004, 47.65411 ], [ -122.34144, 47.65543 ], [ -122.34025, 47.65697 ], [ -122.33766, 47.65719 ], [ -122.33626, 47.65588 ], [ -122.33745, 47.65434 ] ] ] } },
{ "type": "Feature", "properties": { "id": 1343, "population": 885, "o_score_pt": 819.663, "o_score_car": 1181.898, "CDI": 0.181 }, "geometry": { "type": "Polygon", "coordinates": [ [ [ -122.29132, 47.72008 ], [ -122.29392, 47.71985 ], [ -122.29532, 47.72116 ], [ -122.29412, 47.7227 ], [ -122.29153, 47.72293 ], [ -122.29013, 47.72162 ], [ -122.29132, 47.72008 ] ] ] } },
{ "type": "Feature", "properties": { "id": 1344, "population": 186, "o_score_pt": 632.024, "o_score_car": 1147.673, "CDI": 0.29 }, "geometry": { "type": "Polygon", "coordinates": [ [ [ -122.28274, 47.70672 ], [ -122.28495, 47.70653 ], [ -122.28611, 47.70761 ], [ -122.2851, 47.70892 ], [ -122.28288, 47.70912 ], [ -122.28172, 47.70803 ], [ -122.28274, 47.70672 ] ] ] } },
{ "type": "Feature", "properties": { "id": 1345, "population": 0, "o_score_pt": 1390.134, "o_score_car": 1500.926, "CDI": 0.038 }, "geometry": { "type": "Polygon", "coordinates": [ [ [ -122.30717, 47.64983 ], [ -122.30717, 47.64983 ], [ -122.3071, 47.64983 ], [ -122.3071, 47.64983 ], [ -122.30717, 47.64983 ] ] ] } },
{ "type": "Feature", "properties": { "id": 1346, "population": 581, "o_score_pt": 1101.569, "o_score_car": 1418.654, "CDI": 0.126 }, "geometry": { "type": "Polygon", "coordinates": [ [ [ -122.33319, 47.7035 ], [ -122.33578, 47.70327 ], [ -122.33718, 47.70458 ], [ -122.33598, 47.70612 ], [ -122.33339, 47.70635 ], [ -122.33199, 47.70504 ], [ -122.33319, 47.7035 ] ] ] } },
{ "type": "Feature", "properties": { "id": 1347, "population": 185, "o_score_pt": 763.902, "o_score_car": 1308.275, "CDI": 0.263 }, "geometry": { "type": "Polygon", "coordinates": [ [ [ -122.30736, 47.55956 ], [ -122.30957, 47.55936 ], [ -122.31072, 47.56045 ], [ -122.30971, 47.56176 ], [ -122.30751, 47.56195 ], [ -122.30635, 47.56087 ], [ -122.30736, 47.55956 ] ] ] } },
{ "type": "Feature", "properties": { "id": 1348, "population": 309, "o_score_pt": 1041.619, "o_score_car": 1335.428, "CDI": 0.124 }, "geometry": { "type": "Polygon", "coordinates": [ [ [ -122.29558, 47.61503 ], [ -122.29804, 47.61482 ], [ -122.29935, 47.61605 ], [ -122.29822, 47.61751 ], [ -122.29576, 47.61772 ], [ -122.29445, 47.61649 ], [ -122.29558, 47.61503 ] ] ] } },
{ "type": "Feature", "properties": { "id": 1349, "population": 1242, "o_score_pt": 1302.029, "o_score_car": 1552.2, "CDI": 0.088 }, "geometry": { "type": "Polygon", "coordinates": [ [ [ -122.31791, 47.65462 ], [ -122.3205, 47.6544 ], [ -122.3219, 47.65571 ], [ -122.32071, 47.65725 ], [ -122.31812, 47.65748 ], [ -122.31672, 47.65616 ], [ -122.31791, 47.65462 ] ] ] } },
{ "type": "Feature", "properties": { "id": 1350, "population": 535, "o_score_pt": 987.238, "o_score_car": 1322.082, "CDI": 0.145 }, "geometry": { "type": "Polygon", "coordinates": [ [ [ -122.36284, 47.6808 ], [ -122.36543, 47.68057 ], [ -122.36683, 47.68188 ], [ -122.36564, 47.68342 ], [ -122.36305, 47.68365 ], [ -122.36165, 47.68234 ], [ -122.36284, 47.6808 ] ] ] } },
{ "type": "Feature", "properties": { "id": 1351, "population": 35, "o_score_pt": 577.74, "o_score_car": 1104.803, "CDI": 0.313 }, "geometry": { "type": "Polygon", "coordinates": [ [ [ -122.25341, 47.67391 ], [ -122.25483, 47.67378 ], [ -122.25549, 47.67439 ], [ -122.25485, 47.67522 ], [ -122.25343, 47.67534 ], [ -122.25278, 47.67473 ], [ -122.25341, 47.67391 ] ] ] } },
{ "type": "Feature", "properties": { "id": 1352, "population": 376, "o_score_pt": 897.988, "o_score_car": 1391.805, "CDI": 0.216 }, "geometry": { "type": "Polygon", "coordinates": [ [ [ -122.36374, 47.63913 ], [ -122.36629, 47.63891 ], [ -122.36767, 47.64019 ], [ -122.36649, 47.64171 ], [ -122.36394, 47.64193 ], [ -122.36257, 47.64065 ], [ -122.36374, 47.63913 ] ] ] } },
{ "type": "Feature", "properties": { "id": 1353, "population": 403, "o_score_pt": 953.774, "o_score_car": 1409.615, "CDI": 0.193 }, "geometry": { "type": "Polygon", "coordinates": [ [ [ -122.30883, 47.6913 ], [ -122.31141, 47.69107 ], [ -122.31281, 47.69238 ], [ -122.31162, 47.69391 ], [ -122.30903, 47.69414 ], [ -122.30764, 47.69283 ], [ -122.30883, 47.6913 ] ] ] } },
{ "type": "Feature", "properties": { "id": 1354, "population": 392, "o_score_pt": 630.364, "o_score_car": 1046.75, "CDI": 0.248 }, "geometry": { "type": "Polygon", "coordinates": [ [ [ -122.27547, 47.5535 ], [ -122.27804, 47.55328 ], [ -122.27942, 47.55458 ], [ -122.27824, 47.55611 ], [ -122.27567, 47.55634 ], [ -122.27429, 47.55503 ], [ -122.27547, 47.5535 ] ] ] } },
{ "type": "Feature", "properties": { "id": 1355, "population": 196, "o_score_pt": 600.589, "o_score_car": 1115.39, "CDI": 0.3 }, "geometry": { "type": "Polygon", "coordinates": [ [ [ -122.3588, 47.73013 ], [ -122.36104, 47.72993 ], [ -122.36221, 47.73103 ], [ -122.36118, 47.73236 ], [ -122.35895, 47.73255 ], [ -122.35777, 47.73146 ], [ -122.3588, 47.73013 ] ] ] } },
{ "type": "Feature", "properties": { "id": 1356, "population": 6, "o_score_pt": 1050.495, "o_score_car": 1464.002, "CDI": 0.164 }, "geometry": { "type": "Polygon", "coordinates": [ [ [ -122.33364, 47.58696 ], [ -122.33427, 47.5869 ], [ -122.33441, 47.58704 ], [ -122.33415, 47.58738 ], [ -122.33352, 47.58744 ], [ -122.33338, 47.5873 ], [ -122.33364, 47.58696 ] ] ] } },
{ "type": "Feature", "properties": { "id": 1357, "population": 0, "o_score_pt": 621.86, "o_score_car": 1249.293, "CDI": 0.335 }, "geometry": { "type": "Polygon", "coordinates": [ [ [ -122.33482, 47.54541 ], [ -122.33482, 47.54541 ], [ -122.33475, 47.54542 ], [ -122.33475, 47.54542 ], [ -122.33482, 47.54541 ] ] ] } },
{ "type": "Feature", "properties": { "id": 1358, "population": 276, "o_score_pt": 889.507, "o_score_car": 1192.663, "CDI": 0.146 }, "geometry": { "type": "Polygon", "coordinates": [ [ [ -122.39491, 47.63647 ], [ -122.39731, 47.63625 ], [ -122.39859, 47.63745 ], [ -122.39748, 47.63888 ], [ -122.39508, 47.63909 ], [ -122.39381, 47.63789 ], [ -122.39491, 47.63647 ] ] ] } },
{ "type": "Feature", "properties": { "id": 1359, "population": 465, "o_score_pt": 1018.557, "o_score_car": 1363.114, "CDI": 0.145 }, "geometry": { "type": "Polygon", "coordinates": [ [ [ -122.29571, 47.61781 ], [ -122.2983, 47.61758 ], [ -122.29969, 47.6189 ], [ -122.2985, 47.62044 ], [ -122.29591, 47.62066 ], [ -122.29451, 47.61935 ], [ -122.29571, 47.61781 ] ] ] } },
{ "type": "Feature", "properties": { "id": 1360, "population": 431, "o_score_pt": 873.276, "o_score_car": 1268.531, "CDI": 0.185 }, "geometry": { "type": "Polygon", "coordinates": [ [ [ -122.28845, 47.68017 ], [ -122.29104, 47.67994 ], [ -122.29244, 47.68125 ], [ -122.29125, 47.68279 ], [ -122.28866, 47.68302 ], [ -122.28726, 47.68171 ], [ -122.28845, 47.68017 ] ] ] } },
{ "type": "Feature", "properties": { "id": 1361, "population": 359, "o_score_pt": 1054.468, "o_score_car": 1438.104, "CDI": 0.154 }, "geometry": { "type": "Polygon", "coordinates": [ [ [ -122.35723, 47.65694 ], [ -122.35976, 47.65672 ], [ -122.36112, 47.65799 ], [ -122.35995, 47.6595 ], [ -122.35743, 47.65972 ], [ -122.35607, 47.65844 ], [ -122.35723, 47.65694 ] ] ] } },
{ "type": "Feature", "properties": { "id": 1362, "population": 310, "o_score_pt": 627.756, "o_score_car": 1245.122, "CDI": 0.33 }, "geometry": { "type": "Polygon", "coordinates": [ [ [ -122.28126, 47.63352 ], [ -122.28372, 47.6333 ], [ -122.28503, 47.63454 ], [ -122.2839, 47.63599 ], [ -122.28145, 47.63621 ], [ -122.28013, 47.63498 ], [ -122.28126, 47.63352 ] ] ] } },
{ "type": "Feature", "properties": { "id": 1363, "population": 2352, "o_score_pt": 1462.859, "o_score_car": 1515.11, "CDI": 0.018 }, "geometry": { "type": "Polygon", "coordinates": [ [ [ -122.34632, 47.6148 ], [ -122.34891, 47.61457 ], [ -122.35031, 47.61588 ], [ -122.34911, 47.61743 ], [ -122.34652, 47.61765 ], [ -122.34513, 47.61634 ], [ -122.34632, 47.6148 ] ] ] } },
{ "type": "Feature", "properties": { "id": 1364, "population": 268, "o_score_pt": 845.629, "o_score_car": 1233.811, "CDI": 0.187 }, "geometry": { "type": "Polygon", "coordinates": [ [ [ -122.3501, 47.71934 ], [ -122.35249, 47.71913 ], [ -122.35376, 47.72032 ], [ -122.35266, 47.72173 ], [ -122.35027, 47.72194 ], [ -122.349, 47.72075 ], [ -122.3501, 47.71934 ] ] ] } },
{ "type": "Feature", "properties": { "id": 1365, "population": 0, "o_score_pt": 37.174, "o_score_car": 885.014, "CDI": 0.919 }, "geometry": { "type": "Polygon", "coordinates": [ [ [ -122.25498, 47.68597 ], [ -122.25498, 47.68597 ], [ -122.25491, 47.68597 ], [ -122.25491, 47.68597 ], [ -122.25498, 47.68597 ] ] ] } },
{ "type": "Feature", "properties": { "id": 1366, "population": 0, "o_score_pt": 26.253, "o_score_car": 1418.822, "CDI": 0.964 }, "geometry": { "type": "Polygon", "coordinates": [ [ [ -122.34054, 47.67846 ], [ -122.34054, 47.67846 ], [ -122.34047, 47.67847 ], [ -122.34047, 47.67847 ], [ -122.34054, 47.67846 ] ] ] } },
{ "type": "Feature", "properties": { "id": 1367, "population": 34, "o_score_pt": 971.269, "o_score_car": 1296.968, "CDI": 0.144 }, "geometry": { "type": "Polygon", "coordinates": [ [ [ -122.38099, 47.65266 ], [ -122.38239, 47.65254 ], [ -122.38304, 47.65314 ], [ -122.38241, 47.65395 ], [ -122.381, 47.65408 ], [ -122.38036, 47.65348 ], [ -122.38099, 47.65266 ] ] ] } },
{ "type": "Feature", "properties": { "id": 1368, "population": 753, "o_score_pt": 1034.993, "o_score_car": 1371.008, "CDI": 0.14 }, "geometry": { "type": "Polygon", "coordinates": [ [ [ -122.31318, 47.58899 ], [ -122.31577, 47.58876 ], [ -122.31717, 47.59007 ], [ -122.31598, 47.59162 ], [ -122.31339, 47.59184 ], [ -122.31199, 47.59053 ], [ -122.31318, 47.58899 ] ] ] } },
{ "type": "Feature", "properties": { "id": 1369, "population": 2, "o_score_pt": 492.69, "o_score_car": 951.973, "CDI": 0.318 }, "geometry": { "type": "Polygon", "coordinates": [ [ [ -122.40924, 47.65517 ], [ -122.40924, 47.65517 ], [ -122.40917, 47.65518 ], [ -122.40917, 47.65518 ], [ -122.40924, 47.65517 ] ] ] } },
{ "type": "Feature", "properties": { "id": 1370, "population": 437, "o_score_pt": 936.967, "o_score_car": 1390.681, "CDI": 0.195 }, "geometry": { "type": "Polygon", "coordinates": [ [ [ -122.29541, 47.66808 ], [ -122.298, 47.66785 ], [ -122.2994, 47.66917 ], [ -122.29821, 47.67071 ], [ -122.29561, 47.67093 ], [ -122.29422, 47.66962 ], [ -122.29541, 47.66808 ] ] ] } },
{ "type": "Feature", "properties": { "id": 1371, "population": 220, "o_score_pt": 825.594, "o_score_car": 1279.937, "CDI": 0.216 }, "geometry": { "type": "Polygon", "coordinates": [ [ [ -122.28811, 47.61866 ], [ -122.2904, 47.61846 ], [ -122.29161, 47.61959 ], [ -122.29056, 47.62095 ], [ -122.28826, 47.62115 ], [ -122.28706, 47.62002 ], [ -122.28811, 47.61866 ] ] ] } },
{ "type": "Feature", "properties": { "id": 1372, "population": 517, "o_score_pt": 768.567, "o_score_car": 1225.495, "CDI": 0.229 }, "geometry": { "type": "Polygon", "coordinates": [ [ [ -122.38346, 47.64167 ], [ -122.38605, 47.64144 ], [ -122.38744, 47.64275 ], [ -122.38625, 47.64429 ], [ -122.38366, 47.64452 ], [ -122.38227, 47.64321 ], [ -122.38346, 47.64167 ] ] ] } },
{ "type": "Feature", "properties": { "id": 1373, "population": 175, "o_score_pt": 16.08, "o_score_car": 1162.319, "CDI": 0.973 }, "geometry": { "type": "Polygon", "coordinates": [ [ [ -122.37651, 47.70423 ], [ -122.37869, 47.70403 ], [ -122.37983, 47.7051 ], [ -122.37883, 47.70639 ], [ -122.37665, 47.70658 ], [ -122.37551, 47.70552 ], [ -122.37651, 47.70423 ] ] ] } },
{ "type": "Feature", "properties": { "id": 1374, "population": 158, "o_score_pt": 1049.558, "o_score_car": 1331.883, "CDI": 0.119 }, "geometry": { "type": "Polygon", "coordinates": [ [ [ -122.31661, 47.57891 ], [ -122.31874, 47.57872 ], [ -122.31985, 47.57976 ], [ -122.31887, 47.58102 ], [ -122.31674, 47.58121 ], [ -122.31564, 47.58017 ], [ -122.31661, 47.57891 ] ] ] } },
{ "type": "Feature", "properties": { "id": 1375, "population": 199, "o_score_pt": 841.037, "o_score_car": 1253.383, "CDI": 0.197 }, "geometry": { "type": "Polygon", "coordinates": [ [ [ -122.2947, 47.70996 ], [ -122.29694, 47.70976 ], [ -122.29812, 47.71087 ], [ -122.29709, 47.71219 ], [ -122.29485, 47.71239 ], [ -122.29367, 47.71129 ], [ -122.2947, 47.70996 ] ] ] } },
{ "type": "Feature", "properties": { "id": 1376, "population": 201, "o_score_pt": 641.018, "o_score_car": 1211.999, "CDI": 0.308 }, "geometry": { "type": "Polygon", "coordinates": [ [ [ -122.31528, 47.72392 ], [ -122.31753, 47.72372 ], [ -122.31871, 47.72483 ], [ -122.31768, 47.72616 ], [ -122.31543, 47.72636 ], [ -122.31424, 47.72525 ], [ -122.31528, 47.72392 ] ] ] } },
{ "type": "Feature", "properties": { "id": 1377, "population": 284, "o_score_pt": 786.556, "o_score_car": 1271.696, "CDI": 0.236 }, "geometry": { "type": "Polygon", "coordinates": [ [ [ -122.32154, 47.54094 ], [ -122.32395, 47.54073 ], [ -122.32524, 47.54194 ], [ -122.32413, 47.54337 ], [ -122.32172, 47.54358 ], [ -122.32043, 47.54237 ], [ -122.32154, 47.54094 ] ] ] } },
{ "type": "Feature", "properties": { "id": 1378, "population": 306, "o_score_pt": 671.713, "o_score_car": 1162.169, "CDI": 0.267 }, "geometry": { "type": "Polygon", "coordinates": [ [ [ -122.28985, 47.53507 ], [ -122.29229, 47.53485 ], [ -122.2936, 47.53609 ], [ -122.29248, 47.53754 ], [ -122.29003, 47.53776 ], [ -122.28872, 47.53652 ], [ -122.28985, 47.53507 ] ] ] } },
{ "type": "Feature", "properties": { "id": 1379, "population": 242, "o_score_pt": 1216.525, "o_score_car": 1405.551, "CDI": 0.072 }, "geometry": { "type": "Polygon", "coordinates": [ [ [ -122.29095, 47.65858 ], [ -122.29329, 47.65838 ], [ -122.29453, 47.65954 ], [ -122.29345, 47.66092 ], [ -122.29111, 47.66113 ], [ -122.28988, 47.65997 ], [ -122.29095, 47.65858 ] ] ] } },
{ "type": "Feature", "properties": { "id": 1380, "population": 262, "o_score_pt": 1057.228, "o_score_car": 1400.47, "CDI": 0.14 }, "geometry": { "type": "Polygon", "coordinates": [ [ [ -122.32092, 47.69467 ], [ -122.3233, 47.69446 ], [ -122.32456, 47.69564 ], [ -122.32347, 47.69705 ], [ -122.32109, 47.69726 ], [ -122.31983, 47.69607 ], [ -122.32092, 47.69467 ] ] ] } },
{ "type": "Feature", "properties": { "id": 1381, "population": 263, "o_score_pt": 904.876, "o_score_car": 1270.925, "CDI": 0.168 }, "geometry": { "type": "Polygon", "coordinates": [ [ [ -122.29633, 47.57048 ], [ -122.29871, 47.57027 ], [ -122.29997, 47.57146 ], [ -122.29888, 47.57287 ], [ -122.2965, 47.57308 ], [ -122.29524, 47.57189 ], [ -122.29633, 47.57048 ] ] ] } },
{ "type": "Feature", "properties": { "id": 1382, "population": 464, "o_score_pt": 983.59, "o_score_car": 1355.812, "CDI": 0.159 }, "geometry": { "type": "Polygon", "coordinates": [ [ [ -122.29489, 47.60639 ], [ -122.29748, 47.60617 ], [ -122.29887, 47.60748 ], [ -122.29768, 47.60902 ], [ -122.29509, 47.60925 ], [ -122.29369, 47.60793 ], [ -122.29489, 47.60639 ] ] ] } },
{ "type": "Feature", "properties": { "id": 1383, "population": 684, "o_score_pt": 1216.238, "o_score_car": 1341.729, "CDI": 0.049 }, "geometry": { "type": "Polygon", "coordinates": [ [ [ -122.32121, 47.70025 ], [ -122.3238, 47.70002 ], [ -122.3252, 47.70133 ], [ -122.32401, 47.70287 ], [ -122.32142, 47.7031 ], [ -122.32002, 47.70179 ], [ -122.32121, 47.70025 ] ] ] } },
{ "type": "Feature", "properties": { "id": 1384, "population": 401, "o_score_pt": 1033.348, "o_score_car": 1411.052, "CDI": 0.155 }, "geometry": { "type": "Polygon", "coordinates": [ [ [ -122.35994, 47.64088 ], [ -122.36252, 47.64066 ], [ -122.36392, 47.64196 ], [ -122.36273, 47.6435 ], [ -122.36015, 47.64372 ], [ -122.35876, 47.64242 ], [ -122.35994, 47.64088 ] ] ] } },
{ "type": "Feature", "properties": { "id": 1385, "population": 486, "o_score_pt": 990.515, "o_score_car": 1407.678, "CDI": 0.174 }, "geometry": { "type": "Polygon", "coordinates": [ [ [ -122.30503, 47.69306 ], [ -122.30763, 47.69283 ], [ -122.30903, 47.69415 ], [ -122.30783, 47.69569 ], [ -122.30524, 47.69591 ], [ -122.30384, 47.6946 ], [ -122.30503, 47.69306 ] ] ] } },
{ "type": "Feature", "properties": { "id": 1386, "population": 57, "o_score_pt": 539.508, "o_score_car": 935.206, "CDI": 0.268 }, "geometry": { "type": "Polygon", "coordinates": [ [ [ -122.26518, 47.51183 ], [ -122.26683, 47.51169 ], [ -122.26762, 47.51244 ], [ -122.26688, 47.5134 ], [ -122.26523, 47.51355 ], [ -122.26444, 47.5128 ], [ -122.26518, 47.51183 ] ] ] } },
{ "type": "Feature", "properties": { "id": 1387, "population": 194, "o_score_pt": 770.294, "o_score_car": 1199.098, "CDI": 0.218 }, "geometry": { "type": "Polygon", "coordinates": [ [ [ -122.35818, 47.72159 ], [ -122.36041, 47.72139 ], [ -122.36158, 47.72249 ], [ -122.36056, 47.72381 ], [ -122.35833, 47.724 ], [ -122.35715, 47.72291 ], [ -122.35818, 47.72159 ] ] ] } },
{ "type": "Feature", "properties": { "id": 1388, "population": 1196, "o_score_pt": 1416.367, "o_score_car": 1601.06, "CDI": 0.061 }, "geometry": { "type": "Polygon", "coordinates": [ [ [ -122.32597, 47.60367 ], [ -122.32856, 47.60344 ], [ -122.32995, 47.60475 ], [ -122.32876, 47.60629 ], [ -122.32617, 47.60652 ], [ -122.32477, 47.60521 ], [ -122.32597, 47.60367 ] ] ] } },
{ "type": "Feature", "properties": { "id": 1389, "population": 41, "o_score_pt": 826.109, "o_score_car": 1237.181, "CDI": 0.199 }, "geometry": { "type": "Polygon", "coordinates": [ [ [ -122.33025, 47.54649 ], [ -122.33174, 47.54636 ], [ -122.33244, 47.54701 ], [ -122.33177, 47.54788 ], [ -122.33028, 47.54801 ], [ -122.32958, 47.54736 ], [ -122.33025, 47.54649 ] ] ] } },
{ "type": "Feature", "properties": { "id": 1390, "population": 361, "o_score_pt": 676.947, "o_score_car": 1232.403, "CDI": 0.291 }, "geometry": { "type": "Polygon", "coordinates": [ [ [ -122.29797, 47.54006 ], [ -122.3005, 47.53984 ], [ -122.30186, 47.54112 ], [ -122.3007, 47.54262 ], [ -122.29817, 47.54284 ], [ -122.29681, 47.54156 ], [ -122.29797, 47.54006 ] ] ] } },
{ "type": "Feature", "properties": { "id": 1391, "population": 6, "o_score_pt": 903.409, "o_score_car": 1308.419, "CDI": 0.183 }, "geometry": { "type": "Polygon", "coordinates": [ [ [ -122.37388, 47.65664 ], [ -122.37451, 47.65658 ], [ -122.37466, 47.65672 ], [ -122.37439, 47.65706 ], [ -122.37376, 47.65711 ], [ -122.37361, 47.65698 ], [ -122.37388, 47.65664 ] ] ] } },
{ "type": "Feature", "properties": { "id": 1392, "population": 859, "o_score_pt": 1279.397, "o_score_car": 1487.298, "CDI": 0.075 }, "geometry": { "type": "Polygon", "coordinates": [ [ [ -122.35429, 47.61697 ], [ -122.35688, 47.61674 ], [ -122.35828, 47.61805 ], [ -122.35709, 47.61959 ], [ -122.3545, 47.61982 ], [ -122.3531, 47.61851 ], [ -122.35429, 47.61697 ] ] ] } },
{ "type": "Feature", "properties": { "id": 1393, "population": 54, "o_score_pt": 890.902, "o_score_car": 1326.153, "CDI": 0.196 }, "geometry": { "type": "Polygon", "coordinates": [ [ [ -122.33815, 47.71082 ], [ -122.33978, 47.71068 ], [ -122.34056, 47.71141 ], [ -122.33983, 47.71236 ], [ -122.3382, 47.7125 ], [ -122.33742, 47.71177 ], [ -122.33815, 47.71082 ] ] ] } },
{ "type": "Feature", "properties": { "id": 1394, "population": 485, "o_score_pt": 1065.215, "o_score_car": 1420.249, "CDI": 0.143 }, "geometry": { "type": "Polygon", "coordinates": [ [ [ -122.34708, 47.67932 ], [ -122.34968, 47.67909 ], [ -122.35108, 47.6804 ], [ -122.34988, 47.68194 ], [ -122.34729, 47.68217 ], [ -122.34589, 47.68086 ], [ -122.34708, 47.67932 ] ] ] } },
{ "type": "Feature", "properties": { "id": 1395, "population": 31, "o_score_pt": 1005.418, "o_score_car": 1496.036, "CDI": 0.196 }, "geometry": { "type": "Polygon", "coordinates": [ [ [ -122.31011, 47.59145 ], [ -122.31148, 47.59133 ], [ -122.31209, 47.59191 ], [ -122.31148, 47.59269 ], [ -122.31012, 47.59281 ], [ -122.3095, 47.59224 ], [ -122.31011, 47.59145 ] ] ] } },
{ "type": "Feature", "properties": { "id": 1396, "population": 1803, "o_score_pt": 1328.587, "o_score_car": 1550.296, "CDI": 0.077 }, "geometry": { "type": "Polygon", "coordinates": [ [ [ -122.3226, 47.61114 ], [ -122.32519, 47.61092 ], [ -122.32658, 47.61223 ], [ -122.32539, 47.61377 ], [ -122.3228, 47.614 ], [ -122.3214, 47.61268 ], [ -122.3226, 47.61114 ] ] ] } },
{ "type": "Feature", "properties": { "id": 1397, "population": 487, "o_score_pt": 1336.722, "o_score_car": 1495.015, "CDI": 0.056 }, "geometry": { "type": "Polygon", "coordinates": [ [ [ -122.31536, 47.6735 ], [ -122.31796, 47.67328 ], [ -122.31935, 47.67459 ], [ -122.31816, 47.67613 ], [ -122.31557, 47.67636 ], [ -122.31417, 47.67504 ], [ -122.31536, 47.6735 ] ] ] } },
{ "type": "Feature", "properties": { "id": 1398, "population": 161, "o_score_pt": 645.342, "o_score_car": 1021.475, "CDI": 0.226 }, "geometry": { "type": "Polygon", "coordinates": [ [ [ -122.26315, 47.5419 ], [ -122.26529, 47.54172 ], [ -122.2664, 47.54276 ], [ -122.26542, 47.54403 ], [ -122.26328, 47.54422 ], [ -122.26217, 47.54317 ], [ -122.26315, 47.5419 ] ] ] } },
{ "type": "Feature", "properties": { "id": 1399, "population": 1, "o_score_pt": 521.914, "o_score_car": 1299.738, "CDI": 0.427 }, "geometry": { "type": "Polygon", "coordinates": [ [ [ -122.34444, 47.57044 ], [ -122.34444, 47.57044 ], [ -122.34438, 47.57044 ], [ -122.34438, 47.57044 ], [ -122.34444, 47.57044 ] ] ] } },
{ "type": "Feature", "properties": { "id": 1400, "population": 81, "o_score_pt": 788.37, "o_score_car": 1247.248, "CDI": 0.225 }, "geometry": { "type": "Polygon", "coordinates": [ [ [ -122.38013, 47.64388 ], [ -122.38194, 47.64372 ], [ -122.38285, 47.64456 ], [ -122.38202, 47.64563 ], [ -122.38021, 47.64579 ], [ -122.3793, 47.64494 ], [ -122.38013, 47.64388 ] ] ] } },
{ "type": "Feature", "properties": { "id": 1401, "population": 224, "o_score_pt": 15.183, "o_score_car": 1148.973, "CDI": 0.974 }, "geometry": { "type": "Polygon", "coordinates": [ [ [ -122.37265, 47.70593 ], [ -122.37496, 47.70573 ], [ -122.37617, 47.70686 ], [ -122.37512, 47.70823 ], [ -122.37281, 47.70843 ], [ -122.3716, 47.70729 ], [ -122.37265, 47.70593 ] ] ] } },
{ "type": "Feature", "properties": { "id": 1402, "population": 1, "o_score_pt": 999.622, "o_score_car": 1377.748, "CDI": 0.159 }, "geometry": { "type": "Polygon", "coordinates": [ [ [ -122.33331, 47.5786 ], [ -122.33331, 47.5786 ], [ -122.33324, 47.57861 ], [ -122.33324, 47.57861 ], [ -122.33331, 47.5786 ] ] ] } },
{ "type": "Feature", "properties": { "id": 1403, "population": 177, "o_score_pt": 1355.513, "o_score_car": 1555.637, "CDI": 0.069 }, "geometry": { "type": "Polygon", "coordinates": [ [ [ -122.31905, 47.61314 ], [ -122.32124, 47.61295 ], [ -122.32238, 47.61402 ], [ -122.32138, 47.61531 ], [ -122.31919, 47.6155 ], [ -122.31805, 47.61443 ], [ -122.31905, 47.61314 ] ] ] } },
{ "type": "Feature", "properties": { "id": 1404, "population": 602, "o_score_pt": 1141.938, "o_score_car": 1336.713, "CDI": 0.079 }, "geometry": { "type": "Polygon", "coordinates": [ [ [ -122.32183, 47.7088 ], [ -122.32442, 47.70857 ], [ -122.32582, 47.70988 ], [ -122.32463, 47.71142 ], [ -122.32203, 47.71165 ], [ -122.32063, 47.71034 ], [ -122.32183, 47.7088 ] ] ] } },
{ "type": "Feature", "properties": { "id": 1405, "population": 296, "o_score_pt": 800.443, "o_score_car": 1206.727, "CDI": 0.202 }, "geometry": { "type": "Polygon", "coordinates": [ [ [ -122.31138, 47.72558 ], [ -122.31382, 47.72537 ], [ -122.31512, 47.72659 ], [ -122.314, 47.72803 ], [ -122.31156, 47.72825 ], [ -122.31026, 47.72703 ], [ -122.31138, 47.72558 ] ] ] } },
{ "type": "Feature", "properties": { "id": 1406, "population": 0, "o_score_pt": 5.96, "o_score_car": 1116.435, "CDI": 0.989 }, "geometry": { "type": "Polygon", "coordinates": [ [ [ -122.3149, 47.53998 ], [ -122.3149, 47.53998 ], [ -122.31483, 47.53998 ], [ -122.31483, 47.53998 ], [ -122.3149, 47.53998 ] ] ] } },
{ "type": "Feature", "properties": { "id": 1407, "population": 153, "o_score_pt": 834.627, "o_score_car": 1287.011, "CDI": 0.213 }, "geometry": { "type": "Polygon", "coordinates": [ [ [ -122.28443, 47.62052 ], [ -122.28654, 47.62034 ], [ -122.28764, 47.62137 ], [ -122.28667, 47.62262 ], [ -122.28455, 47.62281 ], [ -122.28346, 47.62178 ], [ -122.28443, 47.62052 ] ] ] } },
{ "type": "Feature", "properties": { "id": 1408, "population": 409, "o_score_pt": 884.751, "o_score_car": 1268.503, "CDI": 0.178 }, "geometry": { "type": "Polygon", "coordinates": [ [ [ -122.3788, 47.68513 ], [ -122.3814, 47.6849 ], [ -122.38279, 47.68621 ], [ -122.3816, 47.68775 ], [ -122.37901, 47.68798 ], [ -122.37761, 47.68667 ], [ -122.3788, 47.68513 ] ] ] } },
{ "type": "Feature", "properties": { "id": 1409, "population": 63, "o_score_pt": 616.349, "o_score_car": 1046.352, "CDI": 0.259 }, "geometry": { "type": "Polygon", "coordinates": [ [ [ -122.28007, 47.72018 ], [ -122.28177, 47.72003 ], [ -122.2826, 47.72081 ], [ -122.28183, 47.7218 ], [ -122.28013, 47.72195 ], [ -122.2793, 47.72117 ], [ -122.28007, 47.72018 ] ] ] } },
{ "type": "Feature", "properties": { "id": 1410, "population": 69, "o_score_pt": 640.402, "o_score_car": 1061.291, "CDI": 0.247 }, "geometry": { "type": "Polygon", "coordinates": [ [ [ -122.28965, 47.5269 ], [ -122.29138, 47.52674 ], [ -122.29224, 47.52755 ], [ -122.29145, 47.52857 ], [ -122.28971, 47.52872 ], [ -122.28886, 47.52792 ], [ -122.28965, 47.5269 ] ] ] } },
{ "type": "Feature", "properties": { "id": 1411, "population": 455, "o_score_pt": 1095.151, "o_score_car": 1428.717, "CDI": 0.132 }, "geometry": { "type": "Polygon", "coordinates": [ [ [ -122.35445, 47.67293 ], [ -122.35704, 47.67271 ], [ -122.35844, 47.67402 ], [ -122.35724, 47.67556 ], [ -122.35465, 47.67579 ], [ -122.35325, 47.67447 ], [ -122.35445, 47.67293 ] ] ] } },
{ "type": "Feature", "properties": { "id": 1412, "population": 1, "o_score_pt": 522.57, "o_score_car": 1325.289, "CDI": 0.434 }, "geometry": { "type": "Polygon", "coordinates": [ [ [ -122.34025, 47.56649 ], [ -122.34025, 47.56649 ], [ -122.34018, 47.5665 ], [ -122.34018, 47.5665 ], [ -122.34025, 47.56649 ] ] ] } },
{ "type": "Feature", "properties": { "id": 1413, "population": 42, "o_score_pt": 1088.457, "o_score_car": 1501.525, "CDI": 0.159 }, "geometry": { "type": "Polygon", "coordinates": [ [ [ -122.32941, 47.69732 ], [ -122.33092, 47.69719 ], [ -122.33162, 47.69785 ], [ -122.33095, 47.69873 ], [ -122.32944, 47.69886 ], [ -122.32874, 47.6982 ], [ -122.32941, 47.69732 ] ] ] } },
{ "type": "Feature", "properties": { "id": 1414, "population": 421, "o_score_pt": 941.638, "o_score_car": 1305.933, "CDI": 0.162 }, "geometry": { "type": "Polygon", "coordinates": [ [ [ -122.2911, 47.60816 ], [ -122.29369, 47.60793 ], [ -122.29509, 47.60925 ], [ -122.2939, 47.61079 ], [ -122.29131, 47.61102 ], [ -122.28991, 47.6097 ], [ -122.2911, 47.60816 ] ] ] } },
{ "type": "Feature", "properties": { "id": 1415, "population": 246, "o_score_pt": 748.807, "o_score_car": 1298.181, "CDI": 0.268 }, "geometry": { "type": "Polygon", "coordinates": [ [ [ -122.29719, 47.69103 ], [ -122.29954, 47.69082 ], [ -122.30078, 47.69199 ], [ -122.29971, 47.69338 ], [ -122.29736, 47.69359 ], [ -122.29612, 47.69242 ], [ -122.29719, 47.69103 ] ] ] } },
{ "type": "Feature", "properties": { "id": 1416, "population": 143, "o_score_pt": 608.293, "o_score_car": 1001.968, "CDI": 0.244 }, "geometry": { "type": "Polygon", "coordinates": [ [ [ -122.27279, 47.56697 ], [ -122.27487, 47.56679 ], [ -122.27595, 47.5678 ], [ -122.275, 47.56903 ], [ -122.27291, 47.56922 ], [ -122.27184, 47.5682 ], [ -122.27279, 47.56697 ] ] ] } },
{ "type": "Feature", "properties": { "id": 1417, "population": 213, "o_score_pt": 536.301, "o_score_car": 950.237, "CDI": 0.278 }, "geometry": { "type": "Polygon", "coordinates": [ [ [ -122.26104, 47.51325 ], [ -122.26331, 47.51305 ], [ -122.26451, 47.51418 ], [ -122.26346, 47.51553 ], [ -122.26119, 47.51572 ], [ -122.25999, 47.5146 ], [ -122.26104, 47.51325 ] ] ] } },
{ "type": "Feature", "properties": { "id": 1418, "population": 551, "o_score_pt": 831.306, "o_score_car": 1222.418, "CDI": 0.19 }, "geometry": { "type": "Polygon", "coordinates": [ [ [ -122.35418, 47.72316 ], [ -122.35678, 47.72293 ], [ -122.35818, 47.72424 ], [ -122.35698, 47.72578 ], [ -122.35439, 47.726 ], [ -122.35299, 47.72469 ], [ -122.35418, 47.72316 ] ] ] } },
{ "type": "Feature", "properties": { "id": 1419, "population": 59, "o_score_pt": 1125.021, "o_score_car": 1432.925, "CDI": 0.12 }, "geometry": { "type": "Polygon", "coordinates": [ [ [ -122.31413, 47.59522 ], [ -122.31579, 47.59507 ], [ -122.3166, 47.59583 ], [ -122.31585, 47.59681 ], [ -122.31419, 47.59695 ], [ -122.31338, 47.59619 ], [ -122.31413, 47.59522 ] ] ] } },
{ "type": "Feature", "properties": { "id": 1420, "population": 0, "o_score_pt": 822.649, "o_score_car": 1349.511, "CDI": 0.243 }, "geometry": { "type": "Polygon", "coordinates": [ [ [ -122.32451, 47.565 ], [ -122.32451, 47.565 ], [ -122.32445, 47.56501 ], [ -122.32445, 47.56501 ], [ -122.32451, 47.565 ] ] ] } },
{ "type": "Feature", "properties": { "id": 1421, "population": 27, "o_score_pt": 883.649, "o_score_car": 1180.844, "CDI": 0.144 }, "geometry": { "type": "Polygon", "coordinates": [ [ [ -122.39115, 47.6303 ], [ -122.39244, 47.63018 ], [ -122.39302, 47.63072 ], [ -122.39244, 47.63147 ], [ -122.39114, 47.63159 ], [ -122.39057, 47.63105 ], [ -122.39115, 47.6303 ] ] ] } },
{ "type": "Feature", "properties": { "id": 1422, "population": 291, "o_score_pt": 671.691, "o_score_car": 1182.131, "CDI": 0.275 }, "geometry": { "type": "Polygon", "coordinates": [ [ [ -122.29885, 47.55155 ], [ -122.30128, 47.55133 ], [ -122.30257, 47.55255 ], [ -122.30146, 47.55399 ], [ -122.29903, 47.5542 ], [ -122.29774, 47.55299 ], [ -122.29885, 47.55155 ] ] ] } },
{ "type": "Feature", "properties": { "id": 1423, "population": 534, "o_score_pt": 1076.387, "o_score_car": 1436.941, "CDI": 0.143 }, "geometry": { "type": "Polygon", "coordinates": [ [ [ -122.31187, 47.62501 ], [ -122.31446, 47.62478 ], [ -122.31585, 47.62609 ], [ -122.31466, 47.62764 ], [ -122.31207, 47.62786 ], [ -122.31067, 47.62655 ], [ -122.31187, 47.62501 ] ] ] } },
{ "type": "Feature", "properties": { "id": 1424, "population": 239, "o_score_pt": 809.93, "o_score_car": 1225.384, "CDI": 0.204 }, "geometry": { "type": "Polygon", "coordinates": [ [ [ -122.27683, 47.67991 ], [ -122.27917, 47.67971 ], [ -122.2804, 47.68086 ], [ -122.27933, 47.68224 ], [ -122.27699, 47.68245 ], [ -122.27576, 47.68129 ], [ -122.27683, 47.67991 ] ] ] } },
{ "type": "Feature", "properties": { "id": 1425, "population": 284, "o_score_pt": 828.854, "o_score_car": 1226.693, "CDI": 0.194 }, "geometry": { "type": "Polygon", "coordinates": [ [ [ -122.28895, 47.57685 ], [ -122.29137, 47.57664 ], [ -122.29265, 47.57785 ], [ -122.29154, 47.57928 ], [ -122.28913, 47.57949 ], [ -122.28784, 47.57829 ], [ -122.28895, 47.57685 ] ] ] } },
{ "type": "Feature", "properties": { "id": 1426, "population": 333, "o_score_pt": 967.643, "o_score_car": 1477.784, "CDI": 0.209 }, "geometry": { "type": "Polygon", "coordinates": [ [ [ -122.33476, 47.67042 ], [ -122.33725, 47.67021 ], [ -122.33858, 47.67146 ], [ -122.33744, 47.67294 ], [ -122.33495, 47.67316 ], [ -122.33361, 47.6719 ], [ -122.33476, 47.67042 ] ] ] } },
{ "type": "Feature", "properties": { "id": 1427, "population": 168, "o_score_pt": 1038.035, "o_score_car": 1003.546, "CDI": -0.017 }, "geometry": { "type": "Polygon", "coordinates": [ [ [ -122.30167, 47.58882 ], [ -122.30384, 47.58863 ], [ -122.30496, 47.58969 ], [ -122.30397, 47.59097 ], [ -122.30181, 47.59116 ], [ -122.30068, 47.5901 ], [ -122.30167, 47.58882 ] ] ] } },
{ "type": "Feature", "properties": { "id": 1428, "population": 855, "o_score_pt": 1555.269, "o_score_car": 1530.8, "CDI": -0.008 }, "geometry": { "type": "Polygon", "coordinates": [ [ [ -122.33814, 47.60978 ], [ -122.34072, 47.60955 ], [ -122.34212, 47.61086 ], [ -122.34093, 47.6124 ], [ -122.33834, 47.61263 ], [ -122.33694, 47.61132 ], [ -122.33814, 47.60978 ] ] ] } },
{ "type": "Feature", "properties": { "id": 1429, "population": 968, "o_score_pt": 1018.582, "o_score_car": 1441.98, "CDI": 0.172 }, "geometry": { "type": "Polygon", "coordinates": [ [ [ -122.30298, 47.66455 ], [ -122.30557, 47.66432 ], [ -122.30697, 47.66563 ], [ -122.30578, 47.66717 ], [ -122.30319, 47.6674 ], [ -122.30179, 47.66609 ], [ -122.30298, 47.66455 ] ] ] } },
{ "type": "Feature", "properties": { "id": 1430, "population": 344, "o_score_pt": 794.179, "o_score_car": 1099.758, "CDI": 0.161 }, "geometry": { "type": "Polygon", "coordinates": [ [ [ -122.27847, 47.54034 ], [ -122.28098, 47.54012 ], [ -122.28232, 47.54139 ], [ -122.28117, 47.54288 ], [ -122.27866, 47.5431 ], [ -122.27732, 47.54183 ], [ -122.27847, 47.54034 ] ] ] } },
{ "type": "Feature", "properties": { "id": 1431, "population": 381, "o_score_pt": 495.082, "o_score_car": 1117.686, "CDI": 0.386 }, "geometry": { "type": "Polygon", "coordinates": [ [ [ -122.39964, 47.64887 ], [ -122.4022, 47.64864 ], [ -122.40357, 47.64993 ], [ -122.4024, 47.65145 ], [ -122.39984, 47.65168 ], [ -122.39847, 47.65039 ], [ -122.39964, 47.64887 ] ] ] } },
{ "type": "Feature", "properties": { "id": 1432, "population": 0, "o_score_pt": 594.658, "o_score_car": 1128.183, "CDI": 0.31 }, "geometry": { "type": "Polygon", "coordinates": [ [ [ -122.25437, 47.67741 ], [ -122.25437, 47.67741 ], [ -122.2543, 47.67742 ], [ -122.2543, 47.67742 ], [ -122.25437, 47.67741 ] ] ] } },
{ "type": "Feature", "properties": { "id": 1433, "population": 204, "o_score_pt": 818.467, "o_score_car": 1221.696, "CDI": 0.198 }, "geometry": { "type": "Polygon", "coordinates": [ [ [ -122.3647, 47.70379 ], [ -122.36695, 47.70359 ], [ -122.36814, 47.7047 ], [ -122.36711, 47.70604 ], [ -122.36485, 47.70624 ], [ -122.36366, 47.70513 ], [ -122.3647, 47.70379 ] ] ] } },
{ "type": "Feature", "properties": { "id": 1434, "population": 0, "o_score_pt": 533.889, "o_score_car": 1330.303, "CDI": 0.427 }, "geometry": { "type": "Polygon", "coordinates": [ [ [ -122.34128, 47.58077 ], [ -122.34128, 47.58077 ], [ -122.34122, 47.58078 ], [ -122.34122, 47.58078 ], [ -122.34128, 47.58077 ] ] ] } },
{ "type": "Feature", "properties": { "id": 1435, "population": 400, "o_score_pt": 938.906, "o_score_car": 1306.857, "CDI": 0.164 }, "geometry": { "type": "Polygon", "coordinates": [ [ [ -122.31805, 47.71057 ], [ -122.32063, 47.71034 ], [ -122.32202, 47.71165 ], [ -122.32083, 47.71318 ], [ -122.31825, 47.71341 ], [ -122.31686, 47.7121 ], [ -122.31805, 47.71057 ] ] ] } },
{ "type": "Feature", "properties": { "id": 1436, "population": 0, "o_score_pt": 645.358, "o_score_car": 1437.351, "CDI": 0.38 }, "geometry": { "type": "Polygon", "coordinates": [ [ [ -122.295, 47.64372 ], [ -122.295, 47.64372 ], [ -122.29493, 47.64372 ], [ -122.29493, 47.64372 ], [ -122.295, 47.64372 ] ] ] } },
{ "type": "Feature", "properties": { "id": 1437, "population": 778, "o_score_pt": 1221.537, "o_score_car": 1545.204, "CDI": 0.117 }, "geometry": { "type": "Polygon", "coordinates": [ [ [ -122.31475, 47.66495 ], [ -122.31734, 47.66472 ], [ -122.31874, 47.66603 ], [ -122.31754, 47.66757 ], [ -122.31495, 47.6678 ], [ -122.31355, 47.66649 ], [ -122.31475, 47.66495 ] ] ] } },
{ "type": "Feature", "properties": { "id": 1438, "population": 146, "o_score_pt": 716.271, "o_score_car": 1188.073, "CDI": 0.248 }, "geometry": { "type": "Polygon", "coordinates": [ [ [ -122.28659, 47.70502 ], [ -122.28869, 47.70484 ], [ -122.28978, 47.70585 ], [ -122.28882, 47.70709 ], [ -122.28672, 47.70727 ], [ -122.28563, 47.70626 ], [ -122.28659, 47.70502 ] ] ] } },
{ "type": "Feature", "properties": { "id": 1439, "population": 315, "o_score_pt": 616.86, "o_score_car": 1087.188, "CDI": 0.276 }, "geometry": { "type": "Polygon", "coordinates": [ [ [ -122.28544, 47.52826 ], [ -122.28791, 47.52804 ], [ -122.28922, 47.52928 ], [ -122.28809, 47.53075 ], [ -122.28563, 47.53096 ], [ -122.28431, 47.52972 ], [ -122.28544, 47.52826 ] ] ] } },
{ "type": "Feature", "properties": { "id": 1440, "population": 391, "o_score_pt": 1024.318, "o_score_car": 1432.309, "CDI": 0.166 }, "geometry": { "type": "Polygon", "coordinates": [ [ [ -122.35156, 47.63302 ], [ -122.35413, 47.63279 ], [ -122.35551, 47.63409 ], [ -122.35433, 47.63562 ], [ -122.35176, 47.63584 ], [ -122.35038, 47.63454 ], [ -122.35156, 47.63302 ] ] ] } },
{ "type": "Feature", "properties": { "id": 1441, "population": 414, "o_score_pt": 1064.133, "o_score_car": 1409.156, "CDI": 0.139 }, "geometry": { "type": "Polygon", "coordinates": [ [ [ -122.34433, 47.69534 ], [ -122.34693, 47.69511 ], [ -122.34833, 47.69643 ], [ -122.34713, 47.69797 ], [ -122.34454, 47.69819 ], [ -122.34314, 47.69688 ], [ -122.34433, 47.69534 ] ] ] } },
{ "type": "Feature", "properties": { "id": 1442, "population": 391, "o_score_pt": 719.604, "o_score_car": 1148.862, "CDI": 0.23 }, "geometry": { "type": "Polygon", "coordinates": [ [ [ -122.28447, 47.56997 ], [ -122.28703, 47.56974 ], [ -122.28842, 47.57104 ], [ -122.28724, 47.57257 ], [ -122.28467, 47.57279 ], [ -122.28329, 47.57149 ], [ -122.28447, 47.56997 ] ] ] } },
{ "type": "Feature", "properties": { "id": 1443, "population": 1220, "o_score_pt": 1271.213, "o_score_car": 1486.648, "CDI": 0.078 }, "geometry": { "type": "Polygon", "coordinates": [ [ [ -122.31104, 47.61359 ], [ -122.31363, 47.61337 ], [ -122.31503, 47.61468 ], [ -122.31384, 47.61622 ], [ -122.31125, 47.61645 ], [ -122.30985, 47.61513 ], [ -122.31104, 47.61359 ] ] ] } },
{ "type": "Feature", "properties": { "id": 1444, "population": 532, "o_score_pt": 1095.973, "o_score_car": 1480.123, "CDI": 0.149 }, "geometry": { "type": "Polygon", "coordinates": [ [ [ -122.31984, 47.62718 ], [ -122.32243, 47.62695 ], [ -122.32383, 47.62827 ], [ -122.32264, 47.62981 ], [ -122.32005, 47.63003 ], [ -122.31865, 47.62872 ], [ -122.31984, 47.62718 ] ] ] } },
{ "type": "Feature", "properties": { "id": 1445, "population": 150, "o_score_pt": 955.86, "o_score_car": 1433.469, "CDI": 0.2 }, "geometry": { "type": "Polygon", "coordinates": [ [ [ -122.31289, 47.6898 ], [ -122.315, 47.68961 ], [ -122.31609, 47.69064 ], [ -122.31513, 47.69188 ], [ -122.31301, 47.69207 ], [ -122.31192, 47.69104 ], [ -122.31289, 47.6898 ] ] ] } },
{ "type": "Feature", "properties": { "id": 1446, "population": 216, "o_score_pt": 566.381, "o_score_car": 1197.971, "CDI": 0.358 }, "geometry": { "type": "Polygon", "coordinates": [ [ [ -122.28688, 47.60154 ], [ -122.28917, 47.60134 ], [ -122.29037, 47.60247 ], [ -122.28932, 47.60382 ], [ -122.28704, 47.60402 ], [ -122.28584, 47.60289 ], [ -122.28688, 47.60154 ] ] ] } },
{ "type": "Feature", "properties": { "id": 1447, "population": 609, "o_score_pt": 1042.66, "o_score_car": 1321.84, "CDI": 0.118 }, "geometry": { "type": "Polygon", "coordinates": [ [ [ -122.38134, 47.66625 ], [ -122.38393, 47.66603 ], [ -122.38533, 47.66734 ], [ -122.38414, 47.66888 ], [ -122.38155, 47.66911 ], [ -122.38015, 47.66779 ], [ -122.38134, 47.66625 ] ] ] } },
{ "type": "Feature", "properties": { "id": 1448, "population": 90, "o_score_pt": 640.923, "o_score_car": 969.735, "CDI": 0.204 }, "geometry": { "type": "Polygon", "coordinates": [ [ [ -122.2812, 47.51893 ], [ -122.28306, 47.51877 ], [ -122.28399, 47.51965 ], [ -122.28314, 47.52074 ], [ -122.28128, 47.52091 ], [ -122.28035, 47.52003 ], [ -122.2812, 47.51893 ] ] ] } },
{ "type": "Feature", "properties": { "id": 1449, "population": 739, "o_score_pt": 1375.189, "o_score_car": 1464.22, "CDI": 0.031 }, "geometry": { "type": "Polygon", "coordinates": [ [ [ -122.32157, 47.59687 ], [ -122.32416, 47.59664 ], [ -122.32555, 47.59796 ], [ -122.32436, 47.5995 ], [ -122.32177, 47.59973 ], [ -122.32038, 47.59841 ], [ -122.32157, 47.59687 ] ] ] } },
{ "type": "Feature", "properties": { "id": 1450, "population": 236, "o_score_pt": 849.116, "o_score_car": 1271.674, "CDI": 0.199 }, "geometry": { "type": "Polygon", "coordinates": [ [ [ -122.31087, 47.55487 ], [ -122.31319, 47.55466 ], [ -122.31442, 47.55582 ], [ -122.31336, 47.5572 ], [ -122.31103, 47.5574 ], [ -122.3098, 47.55625 ], [ -122.31087, 47.55487 ] ] ] } },
{ "type": "Feature", "properties": { "id": 1451, "population": 327, "o_score_pt": 525.776, "o_score_car": 956.241, "CDI": 0.29 }, "geometry": { "type": "Polygon", "coordinates": [ [ [ -122.25653, 47.50632 ], [ -122.25901, 47.50611 ], [ -122.26033, 47.50736 ], [ -122.25919, 47.50883 ], [ -122.25671, 47.50905 ], [ -122.25539, 47.5078 ], [ -122.25653, 47.50632 ] ] ] } },
{ "type": "Feature", "properties": { "id": 1452, "population": 188, "o_score_pt": 750.021, "o_score_car": 1151.249, "CDI": 0.211 }, "geometry": { "type": "Polygon", "coordinates": [ [ [ -122.2952, 47.55343 ], [ -122.29741, 47.55324 ], [ -122.29857, 47.55433 ], [ -122.29756, 47.55564 ], [ -122.29534, 47.55584 ], [ -122.29418, 47.55474 ], [ -122.2952, 47.55343 ] ] ] } },
{ "type": "Feature", "properties": { "id": 1453, "population": 761, "o_score_pt": 1295.511, "o_score_car": 1484.605, "CDI": 0.068 }, "geometry": { "type": "Polygon", "coordinates": [ [ [ -122.31125, 47.61645 ], [ -122.31384, 47.61622 ], [ -122.31524, 47.61753 ], [ -122.31405, 47.61907 ], [ -122.31145, 47.6193 ], [ -122.31006, 47.61799 ], [ -122.31125, 47.61645 ] ] ] } },
{ "type": "Feature", "properties": { "id": 1454, "population": 134, "o_score_pt": 1079.091, "o_score_car": 1440.448, "CDI": 0.143 }, "geometry": { "type": "Polygon", "coordinates": [ [ [ -122.36129, 47.65544 ], [ -122.36334, 47.65526 ], [ -122.3644, 47.65625 ], [ -122.36346, 47.65746 ], [ -122.36141, 47.65764 ], [ -122.36035, 47.65665 ], [ -122.36129, 47.65544 ] ] ] } },
{ "type": "Feature", "properties": { "id": 1455, "population": 1238, "o_score_pt": 1405.915, "o_score_car": 1512.078, "CDI": 0.036 }, "geometry": { "type": "Polygon", "coordinates": [ [ [ -122.34611, 47.61195 ], [ -122.3487, 47.61172 ], [ -122.3501, 47.61303 ], [ -122.34891, 47.61457 ], [ -122.34632, 47.6148 ], [ -122.34492, 47.61349 ], [ -122.34611, 47.61195 ] ] ] } },
{ "type": "Feature", "properties": { "id": 1456, "population": 1059, "o_score_pt": 1233.367, "o_score_car": 1490.764, "CDI": 0.094 }, "geometry": { "type": "Polygon", "coordinates": [ [ [ -122.31096, 47.66672 ], [ -122.31355, 47.66649 ], [ -122.31495, 47.6678 ], [ -122.31376, 47.66934 ], [ -122.31117, 47.66957 ], [ -122.30977, 47.66826 ], [ -122.31096, 47.66672 ] ] ] } },
{ "type": "Feature", "properties": { "id": 1457, "population": 350, "o_score_pt": 1215.668, "o_score_car": 1554.723, "CDI": 0.122 }, "geometry": { "type": "Polygon", "coordinates": [ [ [ -122.3432, 47.62517 ], [ -122.34571, 47.62495 ], [ -122.34706, 47.62622 ], [ -122.34591, 47.62771 ], [ -122.34339, 47.62793 ], [ -122.34204, 47.62667 ], [ -122.3432, 47.62517 ] ] ] } },
{ "type": "Feature", "properties": { "id": 1458, "population": 230, "o_score_pt": 831.399, "o_score_car": 1233.966, "CDI": 0.195 }, "geometry": { "type": "Polygon", "coordinates": [ [ [ -122.30305, 47.71779 ], [ -122.30537, 47.71758 ], [ -122.30659, 47.71873 ], [ -122.30553, 47.7201 ], [ -122.30321, 47.7203 ], [ -122.30199, 47.71916 ], [ -122.30305, 47.71779 ] ] ] } },
{ "type": "Feature", "properties": { "id": 1459, "population": 347, "o_score_pt": 764.78, "o_score_car": 1194.851, "CDI": 0.219 }, "geometry": { "type": "Polygon", "coordinates": [ [ [ -122.38728, 47.63995 ], [ -122.38979, 47.63972 ], [ -122.39114, 47.64099 ], [ -122.38999, 47.64248 ], [ -122.38748, 47.6427 ], [ -122.38613, 47.64144 ], [ -122.38728, 47.63995 ] ] ] } },
{ "type": "Feature", "properties": { "id": 1460, "population": 0, "o_score_pt": 390.671, "o_score_car": 1059.313, "CDI": 0.461 }, "geometry": { "type": "Polygon", "coordinates": [ [ [ -122.25058, 47.67918 ], [ -122.25058, 47.67918 ], [ -122.25051, 47.67918 ], [ -122.25051, 47.67918 ], [ -122.25058, 47.67918 ] ] ] } },
{ "type": "Feature", "properties": { "id": 1461, "population": 678, "o_score_pt": 1185.356, "o_score_car": 1502.827, "CDI": 0.118 }, "geometry": { "type": "Polygon", "coordinates": [ [ [ -122.34522, 47.65366 ], [ -122.34781, 47.65343 ], [ -122.34921, 47.65474 ], [ -122.34802, 47.65628 ], [ -122.34543, 47.65651 ], [ -122.34403, 47.6552 ], [ -122.34522, 47.65366 ] ] ] } },
{ "type": "Feature", "properties": { "id": 1462, "population": 314, "o_score_pt": 336.916, "o_score_car": 988.986, "CDI": 0.492 }, "geometry": { "type": "Polygon", "coordinates": [ [ [ -122.26032, 47.50456 ], [ -122.26278, 47.50435 ], [ -122.26409, 47.50559 ], [ -122.26296, 47.50705 ], [ -122.2605, 47.50727 ], [ -122.25919, 47.50603 ], [ -122.26032, 47.50456 ] ] ] } },
{ "type": "Feature", "properties": { "id": 1463, "population": 0, "o_score_pt": 1021.637, "o_score_car": 1359.834, "CDI": 0.142 }, "geometry": { "type": "Polygon", "coordinates": [ [ [ -122.32891, 47.5718 ], [ -122.32891, 47.5718 ], [ -122.32884, 47.57181 ], [ -122.32884, 47.57181 ], [ -122.32891, 47.5718 ] ] ] } },
{ "type": "Feature", "properties": { "id": 1464, "population": 277, "o_score_pt": 927.191, "o_score_car": 1271.695, "CDI": 0.157 }, "geometry": { "type": "Polygon", "coordinates": [ [ [ -122.31016, 47.7085 ], [ -122.31257, 47.70829 ], [ -122.31385, 47.70949 ], [ -122.31275, 47.71092 ], [ -122.31034, 47.71113 ], [ -122.30906, 47.70993 ], [ -122.31016, 47.7085 ] ] ] } },
{ "type": "Feature", "properties": { "id": 1465, "population": 114, "o_score_pt": 590.584, "o_score_car": 1012.606, "CDI": 0.263 }, "geometry": { "type": "Polygon", "coordinates": [ [ [ -122.40269, 47.68626 ], [ -122.40467, 47.68608 ], [ -122.40568, 47.68703 ], [ -122.40477, 47.68819 ], [ -122.4028, 47.68837 ], [ -122.40179, 47.68742 ], [ -122.40269, 47.68626 ] ] ] } },
{ "type": "Feature", "properties": { "id": 1466, "population": 88, "o_score_pt": 1008.67, "o_score_car": 1486.397, "CDI": 0.191 }, "geometry": { "type": "Polygon", "coordinates": [ [ [ -122.3213, 47.64186 ], [ -122.32316, 47.6417 ], [ -122.32409, 47.64257 ], [ -122.32324, 47.64366 ], [ -122.32139, 47.64382 ], [ -122.32046, 47.64295 ], [ -122.3213, 47.64186 ] ] ] } },
{ "type": "Feature", "properties": { "id": 1467, "population": 277, "o_score_pt": 792.164, "o_score_car": 1267.061, "CDI": 0.231 }, "geometry": { "type": "Polygon", "coordinates": [ [ [ -122.2858, 47.6963 ], [ -122.2882, 47.69609 ], [ -122.28948, 47.69729 ], [ -122.28838, 47.69871 ], [ -122.28597, 47.69892 ], [ -122.28469, 47.69772 ], [ -122.2858, 47.6963 ] ] ] } },
{ "type": "Feature", "properties": { "id": 1468, "population": 0, "o_score_pt": 0.319, "o_score_car": 1123.437, "CDI": 0.999 }, "geometry": { "type": "Polygon", "coordinates": [ [ [ -122.30672, 47.53494 ], [ -122.30672, 47.53494 ], [ -122.30666, 47.53495 ], [ -122.30666, 47.53495 ], [ -122.30672, 47.53494 ] ] ] } },
{ "type": "Feature", "properties": { "id": 1469, "population": 445, "o_score_pt": 830.602, "o_score_car": 1283.982, "CDI": 0.214 }, "geometry": { "type": "Polygon", "coordinates": [ [ [ -122.37061, 47.68011 ], [ -122.37321, 47.67989 ], [ -122.37461, 47.6812 ], [ -122.37341, 47.68274 ], [ -122.37082, 47.68297 ], [ -122.36942, 47.68165 ], [ -122.37061, 47.68011 ] ] ] } },
{ "type": "Feature", "properties": { "id": 1470, "population": 323, "o_score_pt": 790.512, "o_score_car": 1292.084, "CDI": 0.241 }, "geometry": { "type": "Polygon", "coordinates": [ [ [ -122.27552, 47.66272 ], [ -122.278, 47.6625 ], [ -122.27933, 47.66374 ], [ -122.27819, 47.66521 ], [ -122.27571, 47.66543 ], [ -122.27438, 47.66419 ], [ -122.27552, 47.66272 ] ] ] } },
{ "type": "Feature", "properties": { "id": 1471, "population": 332, "o_score_pt": 907.389, "o_score_car": 1427.68, "CDI": 0.223 }, "geometry": { "type": "Polygon", "coordinates": [ [ [ -122.3118, 47.56906 ], [ -122.31429, 47.56884 ], [ -122.31562, 47.57009 ], [ -122.31448, 47.57157 ], [ -122.31199, 47.57179 ], [ -122.31066, 47.57054 ], [ -122.3118, 47.56906 ] ] ] } },
{ "type": "Feature", "properties": { "id": 1472, "population": 213, "o_score_pt": 969.447, "o_score_car": 1340.864, "CDI": 0.161 }, "geometry": { "type": "Polygon", "coordinates": [ [ [ -122.29885, 47.6048 ], [ -122.30113, 47.6046 ], [ -122.30233, 47.60573 ], [ -122.30128, 47.60708 ], [ -122.29901, 47.60728 ], [ -122.29781, 47.60615 ], [ -122.29885, 47.6048 ] ] ] } },
{ "type": "Feature", "properties": { "id": 1473, "population": 11, "o_score_pt": 1163.326, "o_score_car": 1506.495, "CDI": 0.129 }, "geometry": { "type": "Polygon", "coordinates": [ [ [ -122.32881, 47.63031 ], [ -122.3297, 47.63023 ], [ -122.33001, 47.63052 ], [ -122.32963, 47.63102 ], [ -122.32874, 47.6311 ], [ -122.32842, 47.63081 ], [ -122.32881, 47.63031 ] ] ] } },
{ "type": "Feature", "properties": { "id": 1474, "population": 364, "o_score_pt": 971.197, "o_score_car": 1414.055, "CDI": 0.186 }, "geometry": { "type": "Polygon", "coordinates": [ [ [ -122.32062, 47.69173 ], [ -122.32316, 47.6915 ], [ -122.32452, 47.69278 ], [ -122.32336, 47.69429 ], [ -122.32082, 47.69451 ], [ -122.31946, 47.69323 ], [ -122.32062, 47.69173 ] ] ] } },
{ "type": "Feature", "properties": { "id": 1475, "population": 106, "o_score_pt": 1034.96, "o_score_car": 1354.765, "CDI": 0.134 }, "geometry": { "type": "Polygon", "coordinates": [ [ [ -122.37374, 47.66445 ], [ -122.37568, 47.66428 ], [ -122.37667, 47.66521 ], [ -122.37578, 47.66635 ], [ -122.37384, 47.66652 ], [ -122.37285, 47.6656 ], [ -122.37374, 47.66445 ] ] ] } },
{ "type": "Feature", "properties": { "id": 1476, "population": 131, "o_score_pt": 620.062, "o_score_car": 1230.564, "CDI": 0.33 }, "geometry": { "type": "Polygon", "coordinates": [ [ [ -122.28324, 47.60344 ], [ -122.28528, 47.60326 ], [ -122.28633, 47.60425 ], [ -122.2854, 47.60545 ], [ -122.28336, 47.60563 ], [ -122.28231, 47.60465 ], [ -122.28324, 47.60344 ] ] ] } },
{ "type": "Feature", "properties": { "id": 1477, "population": 98, "o_score_pt": 867.083, "o_score_car": 1194.707, "CDI": 0.159 }, "geometry": { "type": "Polygon", "coordinates": [ [ [ -122.39728, 47.66526 ], [ -122.39919, 47.66509 ], [ -122.40015, 47.666 ], [ -122.39928, 47.66712 ], [ -122.39738, 47.66729 ], [ -122.39641, 47.66638 ], [ -122.39728, 47.66526 ] ] ] } },
{ "type": "Feature", "properties": { "id": 1478, "population": 132, "o_score_pt": 474.974, "o_score_car": 1068.286, "CDI": 0.384 }, "geometry": { "type": "Polygon", "coordinates": [ [ [ -122.26873, 47.50984 ], [ -122.27077, 47.50966 ], [ -122.27183, 47.51065 ], [ -122.27089, 47.51186 ], [ -122.26885, 47.51204 ], [ -122.2678, 47.51105 ], [ -122.26873, 47.50984 ] ] ] } },
{ "type": "Feature", "properties": { "id": 1479, "population": 236, "o_score_pt": 567.702, "o_score_car": 1158.262, "CDI": 0.342 }, "geometry": { "type": "Polygon", "coordinates": [ [ [ -122.36191, 47.71977 ], [ -122.36424, 47.71956 ], [ -122.36547, 47.72071 ], [ -122.3644, 47.72209 ], [ -122.36207, 47.7223 ], [ -122.36084, 47.72115 ], [ -122.36191, 47.71977 ] ] ] } },
{ "type": "Feature", "properties": { "id": 1480, "population": 0, "o_score_pt": 1190.565, "o_score_car": 1412.644, "CDI": 0.085 }, "geometry": { "type": "Polygon", "coordinates": [ [ [ -122.33853, 47.59682 ], [ -122.33853, 47.59682 ], [ -122.33847, 47.59682 ], [ -122.33847, 47.59682 ], [ -122.33853, 47.59682 ] ] ] } },
{ "type": "Feature", "properties": { "id": 1481, "population": 17, "o_score_pt": 780.785, "o_score_car": 1419.371, "CDI": 0.29 }, "geometry": { "type": "Polygon", "coordinates": [ [ [ -122.31956, 47.55774 ], [ -122.32064, 47.55764 ], [ -122.32108, 47.55806 ], [ -122.3206, 47.55867 ], [ -122.31952, 47.55877 ], [ -122.31908, 47.55836 ], [ -122.31956, 47.55774 ] ] ] } },
{ "type": "Feature", "properties": { "id": 1482, "population": 272, "o_score_pt": 870.771, "o_score_car": 1163.024, "CDI": 0.144 }, "geometry": { "type": "Polygon", "coordinates": [ [ [ -122.2684, 47.672 ], [ -122.2708, 47.67179 ], [ -122.27207, 47.67299 ], [ -122.27097, 47.6744 ], [ -122.26858, 47.67461 ], [ -122.2673, 47.67342 ], [ -122.2684, 47.672 ] ] ] } },
{ "type": "Feature", "properties": { "id": 1483, "population": 268, "o_score_pt": 451.879, "o_score_car": 924.61, "CDI": 0.343 }, "geometry": { "type": "Polygon", "coordinates": [ [ [ -122.2528, 47.50814 ], [ -122.25519, 47.50794 ], [ -122.25645, 47.50913 ], [ -122.25536, 47.51055 ], [ -122.25297, 47.51076 ], [ -122.25171, 47.50956 ], [ -122.2528, 47.50814 ] ] ] } },
{ "type": "Feature", "properties": { "id": 1484, "population": 270, "o_score_pt": 812.461, "o_score_car": 1123.339, "CDI": 0.161 }, "geometry": { "type": "Polygon", "coordinates": [ [ [ -122.28712, 47.55116 ], [ -122.28951, 47.55095 ], [ -122.29078, 47.55214 ], [ -122.28969, 47.55356 ], [ -122.2873, 47.55377 ], [ -122.28603, 47.55258 ], [ -122.28712, 47.55116 ] ] ] } },
{ "type": "Feature", "properties": { "id": 1485, "population": 964, "o_score_pt": 1188.076, "o_score_car": 1448.707, "CDI": 0.099 }, "geometry": { "type": "Polygon", "coordinates": [ [ [ -122.30747, 47.61822 ], [ -122.31006, 47.61799 ], [ -122.31145, 47.6193 ], [ -122.31026, 47.62084 ], [ -122.30767, 47.62107 ], [ -122.30627, 47.61976 ], [ -122.30747, 47.61822 ] ] ] } },
{ "type": "Feature", "properties": { "id": 1486, "population": 325, "o_score_pt": 876.7, "o_score_car": 1354.896, "CDI": 0.214 }, "geometry": { "type": "Polygon", "coordinates": [ [ [ -122.32988, 47.71103 ], [ -122.33236, 47.71081 ], [ -122.33369, 47.71205 ], [ -122.33255, 47.71352 ], [ -122.33007, 47.71374 ], [ -122.32874, 47.7125 ], [ -122.32988, 47.71103 ] ] ] } },
{ "type": "Feature", "properties": { "id": 1487, "population": 403, "o_score_pt": 1149.665, "o_score_car": 1411.159, "CDI": 0.102 }, "geometry": { "type": "Polygon", "coordinates": [ [ [ -122.36181, 47.66655 ], [ -122.36439, 47.66632 ], [ -122.36579, 47.66763 ], [ -122.3646, 47.66916 ], [ -122.36201, 47.66939 ], [ -122.36062, 47.66809 ], [ -122.36181, 47.66655 ] ] ] } },
{ "type": "Feature", "properties": { "id": 1488, "population": 78, "o_score_pt": 1551.991, "o_score_car": 1556.84, "CDI": 0.002 }, "geometry": { "type": "Polygon", "coordinates": [ [ [ -122.3342, 47.60343 ], [ -122.33599, 47.60327 ], [ -122.33688, 47.60411 ], [ -122.33607, 47.60516 ], [ -122.33427, 47.60532 ], [ -122.33338, 47.60448 ], [ -122.3342, 47.60343 ] ] ] } },
{ "type": "Feature", "properties": { "id": 1489, "population": 327, "o_score_pt": 567.641, "o_score_car": 1029.01, "CDI": 0.289 }, "geometry": { "type": "Polygon", "coordinates": [ [ [ -122.26674, 47.53994 ], [ -122.26922, 47.53973 ], [ -122.27054, 47.54098 ], [ -122.2694, 47.54245 ], [ -122.26692, 47.54267 ], [ -122.26559, 47.54142 ], [ -122.26674, 47.53994 ] ] ] } },
{ "type": "Feature", "properties": { "id": 1490, "population": 318, "o_score_pt": 752.807, "o_score_car": 1165.071, "CDI": 0.215 }, "geometry": { "type": "Polygon", "coordinates": [ [ [ -122.39528, 47.64213 ], [ -122.39775, 47.64192 ], [ -122.39907, 47.64315 ], [ -122.39794, 47.64462 ], [ -122.39547, 47.64484 ], [ -122.39415, 47.6436 ], [ -122.39528, 47.64213 ] ] ] } },
{ "type": "Feature", "properties": { "id": 1491, "population": 151, "o_score_pt": 1062.798, "o_score_car": 1485.059, "CDI": 0.166 }, "geometry": { "type": "Polygon", "coordinates": [ [ [ -122.34674, 47.67104 ], [ -122.34886, 47.67085 ], [ -122.34995, 47.67188 ], [ -122.34898, 47.67312 ], [ -122.34687, 47.67331 ], [ -122.34578, 47.67228 ], [ -122.34674, 47.67104 ] ] ] } },
{ "type": "Feature", "properties": { "id": 1492, "population": 199, "o_score_pt": 458.066, "o_score_car": 1054.947, "CDI": 0.394 }, "geometry": { "type": "Polygon", "coordinates": [ [ [ -122.26841, 47.50687 ], [ -122.27065, 47.50667 ], [ -122.27183, 47.50778 ], [ -122.2708, 47.50911 ], [ -122.26856, 47.50931 ], [ -122.26738, 47.5082 ], [ -122.26841, 47.50687 ] ] ] } },
{ "type": "Feature", "properties": { "id": 1493, "population": 29, "o_score_pt": 955.227, "o_score_car": 1448.912, "CDI": 0.205 }, "geometry": { "type": "Polygon", "coordinates": [ [ [ -122.33357, 47.64541 ], [ -122.33491, 47.64529 ], [ -122.3355, 47.64585 ], [ -122.3349, 47.64662 ], [ -122.33357, 47.64673 ], [ -122.33298, 47.64618 ], [ -122.33357, 47.64541 ] ] ] } },
{ "type": "Feature", "properties": { "id": 1494, "population": 191, "o_score_pt": 648.102, "o_score_car": 1088.504, "CDI": 0.254 }, "geometry": { "type": "Polygon", "coordinates": [ [ [ -122.27935, 47.71418 ], [ -122.28158, 47.71399 ], [ -122.28274, 47.71508 ], [ -122.28172, 47.7164 ], [ -122.2795, 47.71659 ], [ -122.27833, 47.7155 ], [ -122.27935, 47.71418 ] ] ] } },
{ "type": "Feature", "properties": { "id": 1495, "population": 273, "o_score_pt": 706.954, "o_score_car": 1143.13, "CDI": 0.236 }, "geometry": { "type": "Polygon", "coordinates": [ [ [ -122.39446, 47.68386 ], [ -122.39686, 47.68365 ], [ -122.39814, 47.68484 ], [ -122.39704, 47.68626 ], [ -122.39464, 47.68648 ], [ -122.39337, 47.68528 ], [ -122.39446, 47.68386 ] ] ] } },
{ "type": "Feature", "properties": { "id": 1496, "population": 209, "o_score_pt": 968.003, "o_score_car": 1538.617, "CDI": 0.228 }, "geometry": { "type": "Polygon", "coordinates": [ [ [ -122.31728, 47.6434 ], [ -122.31955, 47.6432 ], [ -122.32074, 47.64432 ], [ -122.3197, 47.64566 ], [ -122.31743, 47.64586 ], [ -122.31624, 47.64474 ], [ -122.31728, 47.6434 ] ] ] } },
{ "type": "Feature", "properties": { "id": 1497, "population": 230, "o_score_pt": 608.821, "o_score_car": 1193.906, "CDI": 0.325 }, "geometry": { "type": "Polygon", "coordinates": [ [ [ -122.28206, 47.69811 ], [ -122.28438, 47.69791 ], [ -122.2856, 47.69906 ], [ -122.28454, 47.70043 ], [ -122.28222, 47.70063 ], [ -122.281, 47.69948 ], [ -122.28206, 47.69811 ] ] ] } },
{ "type": "Feature", "properties": { "id": 1498, "population": 0, "o_score_pt": 396.631, "o_score_car": 1078.442, "CDI": 0.462 }, "geometry": { "type": "Polygon", "coordinates": [ [ [ -122.29436, 47.52596 ], [ -122.29436, 47.52596 ], [ -122.29429, 47.52597 ], [ -122.29429, 47.52597 ], [ -122.29436, 47.52596 ] ] ] } },
{ "type": "Feature", "properties": { "id": 1499, "population": 497, "o_score_pt": 1048.425, "o_score_car": 1339.107, "CDI": 0.122 }, "geometry": { "type": "Polygon", "coordinates": [ [ [ -122.36999, 47.67156 ], [ -122.37258, 47.67133 ], [ -122.37398, 47.67264 ], [ -122.37279, 47.67418 ], [ -122.3702, 47.67441 ], [ -122.3688, 47.6731 ], [ -122.36999, 47.67156 ] ] ] } },
{ "type": "Feature", "properties": { "id": 1500, "population": 390, "o_score_pt": 957.24, "o_score_car": 1354.616, "CDI": 0.172 }, "geometry": { "type": "Polygon", "coordinates": [ [ [ -122.36772, 47.6402 ], [ -122.37029, 47.63998 ], [ -122.37167, 47.64128 ], [ -122.37049, 47.6428 ], [ -122.36793, 47.64303 ], [ -122.36654, 47.64173 ], [ -122.36772, 47.6402 ] ] ] } },
{ "type": "Feature", "properties": { "id": 1501, "population": 142, "o_score_pt": 1083.853, "o_score_car": 1357.199, "CDI": 0.112 }, "geometry": { "type": "Polygon", "coordinates": [ [ [ -122.33286, 47.69523 ], [ -122.33495, 47.69505 ], [ -122.33602, 47.69605 ], [ -122.33507, 47.69728 ], [ -122.33298, 47.69747 ], [ -122.33191, 47.69646 ], [ -122.33286, 47.69523 ] ] ] } },
{ "type": "Feature", "properties": { "id": 1502, "population": 405, "o_score_pt": 877.796, "o_score_car": 1424.559, "CDI": 0.237 }, "geometry": { "type": "Polygon", "coordinates": [ [ [ -122.30796, 47.57077 ], [ -122.31055, 47.57054 ], [ -122.31194, 47.57185 ], [ -122.31075, 47.57339 ], [ -122.30817, 47.57362 ], [ -122.30678, 47.57231 ], [ -122.30796, 47.57077 ] ] ] } },
{ "type": "Feature", "properties": { "id": 1503, "population": 283, "o_score_pt": 1028.965, "o_score_car": 1444.262, "CDI": 0.168 }, "geometry": { "type": "Polygon", "coordinates": [ [ [ -122.30675, 47.6069 ], [ -122.30916, 47.60669 ], [ -122.31045, 47.60789 ], [ -122.30934, 47.60933 ], [ -122.30692, 47.60954 ], [ -122.30564, 47.60833 ], [ -122.30675, 47.6069 ] ] ] } },
{ "type": "Feature", "properties": { "id": 1504, "population": 1100, "o_score_pt": 1278.279, "o_score_car": 1520.309, "CDI": 0.086 }, "geometry": { "type": "Polygon", "coordinates": [ [ [ -122.34336, 47.62798 ], [ -122.34595, 47.62775 ], [ -122.34735, 47.62907 ], [ -122.34616, 47.63061 ], [ -122.34357, 47.63084 ], [ -122.34217, 47.62952 ], [ -122.34336, 47.62798 ] ] ] } },
{ "type": "Feature", "properties": { "id": 1505, "population": 424, "o_score_pt": 1057.922, "o_score_car": 1457.034, "CDI": 0.159 }, "geometry": { "type": "Polygon", "coordinates": [ [ [ -122.3082, 47.68274 ], [ -122.3108, 47.68251 ], [ -122.3122, 47.68383 ], [ -122.311, 47.68537 ], [ -122.30841, 47.68559 ], [ -122.30701, 47.68428 ], [ -122.3082, 47.68274 ] ] ] } },
{ "type": "Feature", "properties": { "id": 1506, "population": 60, "o_score_pt": 623.368, "o_score_car": 1057.23, "CDI": 0.258 }, "geometry": { "type": "Polygon", "coordinates": [ [ [ -122.27681, 47.56544 ], [ -122.27848, 47.56529 ], [ -122.27929, 47.56605 ], [ -122.27854, 47.56703 ], [ -122.27687, 47.56718 ], [ -122.27605, 47.56641 ], [ -122.27681, 47.56544 ] ] ] } },
{ "type": "Feature", "properties": { "id": 1507, "population": 17, "o_score_pt": 546.269, "o_score_car": 1075.422, "CDI": 0.326 }, "geometry": { "type": "Polygon", "coordinates": [ [ [ -122.27726, 47.51256 ], [ -122.27834, 47.51247 ], [ -122.27878, 47.51288 ], [ -122.2783, 47.5135 ], [ -122.27722, 47.51359 ], [ -122.27678, 47.51318 ], [ -122.27726, 47.51256 ] ] ] } },
{ "type": "Feature", "properties": { "id": 1508, "population": 147, "o_score_pt": 1.375, "o_score_car": 1072.932, "CDI": 0.997 }, "geometry": { "type": "Polygon", "coordinates": [ [ [ -122.37003, 47.72206 ], [ -122.37213, 47.72187 ], [ -122.37321, 47.72289 ], [ -122.37225, 47.72413 ], [ -122.37015, 47.72431 ], [ -122.36907, 47.7233 ], [ -122.37003, 47.72206 ] ] ] } },
{ "type": "Feature", "properties": { "id": 1509, "population": 42, "o_score_pt": 935.933, "o_score_car": 1335.749, "CDI": 0.176 }, "geometry": { "type": "Polygon", "coordinates": [ [ [ -122.34201, 47.70912 ], [ -122.34352, 47.70899 ], [ -122.34422, 47.70965 ], [ -122.34354, 47.71052 ], [ -122.34204, 47.71066 ], [ -122.34133, 47.71 ], [ -122.34201, 47.70912 ] ] ] } },
{ "type": "Feature", "properties": { "id": 1510, "population": 0, "o_score_pt": 760.841, "o_score_car": 1288.104, "CDI": 0.257 }, "geometry": { "type": "Polygon", "coordinates": [ [ [ -122.33565, 47.55684 ], [ -122.33565, 47.55684 ], [ -122.33558, 47.55684 ], [ -122.33558, 47.55684 ], [ -122.33565, 47.55684 ] ] ] } },
{ "type": "Feature", "properties": { "id": 1511, "population": 23, "o_score_pt": 854.873, "o_score_car": 1339.751, "CDI": 0.221 }, "geometry": { "type": "Polygon", "coordinates": [ [ [ -122.29333, 47.62891 ], [ -122.29456, 47.6288 ], [ -122.29508, 47.6293 ], [ -122.29454, 47.63 ], [ -122.29331, 47.63011 ], [ -122.29279, 47.62961 ], [ -122.29333, 47.62891 ] ] ] } },
{ "type": "Feature", "properties": { "id": 1512, "population": 322, "o_score_pt": 703.816, "o_score_car": 1236.774, "CDI": 0.275 }, "geometry": { "type": "Polygon", "coordinates": [ [ [ -122.29862, 47.54866 ], [ -122.30109, 47.54844 ], [ -122.30242, 47.54969 ], [ -122.30128, 47.55116 ], [ -122.29881, 47.55138 ], [ -122.29748, 47.55013 ], [ -122.29862, 47.54866 ] ] ] } },
{ "type": "Feature", "properties": { "id": 1513, "population": 255, "o_score_pt": 837.387, "o_score_car": 1244.59, "CDI": 0.196 }, "geometry": { "type": "Polygon", "coordinates": [ [ [ -122.27641, 47.67419 ], [ -122.27877, 47.67398 ], [ -122.28002, 47.67516 ], [ -122.27894, 47.67656 ], [ -122.27657, 47.67677 ], [ -122.27532, 47.67559 ], [ -122.27641, 47.67419 ] ] ] } },
{ "type": "Feature", "properties": { "id": 1514, "population": 316, "o_score_pt": 672.071, "o_score_car": 1229.999, "CDI": 0.293 }, "geometry": { "type": "Polygon", "coordinates": [ [ [ -122.30261, 47.54975 ], [ -122.30508, 47.54954 ], [ -122.30639, 47.55078 ], [ -122.30526, 47.55224 ], [ -122.3028, 47.55246 ], [ -122.30148, 47.55122 ], [ -122.30261, 47.54975 ] ] ] } },
{ "type": "Feature", "properties": { "id": 1515, "population": 422, "o_score_pt": 1026.362, "o_score_car": 1453.138, "CDI": 0.172 }, "geometry": { "type": "Polygon", "coordinates": [ [ [ -122.30093, 47.63602 ], [ -122.30352, 47.63579 ], [ -122.30492, 47.63711 ], [ -122.30372, 47.63865 ], [ -122.30113, 47.63887 ], [ -122.29973, 47.63756 ], [ -122.30093, 47.63602 ] ] ] } },
{ "type": "Feature", "properties": { "id": 1516, "population": 57, "o_score_pt": 898.204, "o_score_car": 1302.706, "CDI": 0.184 }, "geometry": { "type": "Polygon", "coordinates": [ [ [ -122.34592, 47.71012 ], [ -122.34757, 47.70998 ], [ -122.34837, 47.71072 ], [ -122.34762, 47.71169 ], [ -122.34597, 47.71183 ], [ -122.34517, 47.71109 ], [ -122.34592, 47.71012 ] ] ] } },
{ "type": "Feature", "properties": { "id": 1517, "population": 337, "o_score_pt": 962.272, "o_score_car": 1497.48, "CDI": 0.218 }, "geometry": { "type": "Polygon", "coordinates": [ [ [ -122.32698, 47.67111 ], [ -122.32948, 47.67089 ], [ -122.33082, 47.67214 ], [ -122.32967, 47.67362 ], [ -122.32717, 47.67384 ], [ -122.32583, 47.67259 ], [ -122.32698, 47.67111 ] ] ] } },
{ "type": "Feature", "properties": { "id": 1518, "population": 331, "o_score_pt": 784.914, "o_score_car": 1245.231, "CDI": 0.227 }, "geometry": { "type": "Polygon", "coordinates": [ [ [ -122.28932, 47.58252 ], [ -122.29181, 47.5823 ], [ -122.29314, 47.58356 ], [ -122.29199, 47.58504 ], [ -122.28951, 47.58525 ], [ -122.28818, 47.584 ], [ -122.28932, 47.58252 ] ] ] } },
{ "type": "Feature", "properties": { "id": 1519, "population": 403, "o_score_pt": 1121.823, "o_score_car": 1415.597, "CDI": 0.116 }, "geometry": { "type": "Polygon", "coordinates": [ [ [ -122.35803, 47.66832 ], [ -122.36061, 47.66809 ], [ -122.362, 47.6694 ], [ -122.36082, 47.67093 ], [ -122.35823, 47.67116 ], [ -122.35684, 47.66985 ], [ -122.35803, 47.66832 ] ] ] } },
{ "type": "Feature", "properties": { "id": 1520, "population": 782, "o_score_pt": 1159.109, "o_score_car": 1443.503, "CDI": 0.109 }, "geometry": { "type": "Polygon", "coordinates": [ [ [ -122.3589, 47.62661 ], [ -122.36149, 47.62638 ], [ -122.36289, 47.6277 ], [ -122.3617, 47.62924 ], [ -122.35911, 47.62947 ], [ -122.35771, 47.62815 ], [ -122.3589, 47.62661 ] ] ] } },
{ "type": "Feature", "properties": { "id": 1521, "population": 64, "o_score_pt": 2.58, "o_score_car": 1096.336, "CDI": 0.995 }, "geometry": { "type": "Polygon", "coordinates": [ [ [ -122.38456, 47.70381 ], [ -122.38627, 47.70366 ], [ -122.3871, 47.70444 ], [ -122.38633, 47.70543 ], [ -122.38462, 47.70558 ], [ -122.38379, 47.7048 ], [ -122.38456, 47.70381 ] ] ] } },
{ "type": "Feature", "properties": { "id": 1522, "population": 2162, "o_score_pt": 1226.837, "o_score_car": 1379.896, "CDI": 0.059 }, "geometry": { "type": "Polygon", "coordinates": [ [ [ -122.30257, 47.65884 ], [ -122.30516, 47.65861 ], [ -122.30656, 47.65993 ], [ -122.30537, 47.66147 ], [ -122.30277, 47.66169 ], [ -122.30138, 47.66038 ], [ -122.30257, 47.65884 ] ] ] } },
{ "type": "Feature", "properties": { "id": 1523, "population": 116, "o_score_pt": 532.361, "o_score_car": 997.805, "CDI": 0.304 }, "geometry": { "type": "Polygon", "coordinates": [ [ [ -122.40899, 47.66561 ], [ -122.41098, 47.66543 ], [ -122.41199, 47.66638 ], [ -122.41109, 47.66755 ], [ -122.4091, 47.66773 ], [ -122.40809, 47.66678 ], [ -122.40899, 47.66561 ] ] ] } },
{ "type": "Feature", "properties": { "id": 1524, "population": 363, "o_score_pt": 899.659, "o_score_car": 1314.437, "CDI": 0.187 }, "geometry": { "type": "Polygon", "coordinates": [ [ [ -122.35235, 47.69754 ], [ -122.35489, 47.69732 ], [ -122.35625, 47.69859 ], [ -122.35508, 47.7001 ], [ -122.35255, 47.70032 ], [ -122.35119, 47.69904 ], [ -122.35235, 47.69754 ] ] ] } },
{ "type": "Feature", "properties": { "id": 1525, "population": 24, "o_score_pt": 632.898, "o_score_car": 779.735, "CDI": 0.104 }, "geometry": { "type": "Polygon", "coordinates": [ [ [ -122.31986, 47.72557 ], [ -122.3211, 47.72546 ], [ -122.32164, 47.72596 ], [ -122.32109, 47.72668 ], [ -122.31984, 47.72679 ], [ -122.3193, 47.72628 ], [ -122.31986, 47.72557 ] ] ] } },
{ "type": "Feature", "properties": { "id": 1526, "population": 284, "o_score_pt": 747.494, "o_score_car": 1229.827, "CDI": 0.244 }, "geometry": { "type": "Polygon", "coordinates": [ [ [ -122.38439, 47.65318 ], [ -122.38681, 47.65296 ], [ -122.38809, 47.65417 ], [ -122.38698, 47.6556 ], [ -122.38457, 47.65582 ], [ -122.38328, 47.65461 ], [ -122.38439, 47.65318 ] ] ] } },
{ "type": "Feature", "properties": { "id": 1527, "population": 138, "o_score_pt": 839.576, "o_score_car": 1127.886, "CDI": 0.147 }, "geometry": { "type": "Polygon", "coordinates": [ [ [ -122.25703, 47.67463 ], [ -122.2591, 47.67445 ], [ -122.26016, 47.67545 ], [ -122.25922, 47.67667 ], [ -122.25715, 47.67685 ], [ -122.25608, 47.67585 ], [ -122.25703, 47.67463 ] ] ] } },
{ "type": "Feature", "properties": { "id": 1528, "population": 48, "o_score_pt": 1171.122, "o_score_car": 1459.661, "CDI": 0.11 }, "geometry": { "type": "Polygon", "coordinates": [ [ [ -122.34142, 47.64744 ], [ -122.34298, 47.64731 ], [ -122.34373, 47.648 ], [ -122.34302, 47.64892 ], [ -122.34145, 47.64906 ], [ -122.34071, 47.64836 ], [ -122.34142, 47.64744 ] ] ] } },
{ "type": "Feature", "properties": { "id": 1529, "population": 64, "o_score_pt": 593.507, "o_score_car": 1137.766, "CDI": 0.314 }, "geometry": { "type": "Polygon", "coordinates": [ [ [ -122.35931, 47.73328 ], [ -122.36102, 47.73313 ], [ -122.36185, 47.73391 ], [ -122.36108, 47.73491 ], [ -122.35938, 47.73506 ], [ -122.35854, 47.73428 ], [ -122.35931, 47.73328 ] ] ] } },
{ "type": "Feature", "properties": { "id": 1530, "population": 230, "o_score_pt": 840.373, "o_score_car": 1249.68, "CDI": 0.196 }, "geometry": { "type": "Polygon", "coordinates": [ [ [ -122.29486, 47.71277 ], [ -122.29718, 47.71257 ], [ -122.2984, 47.71371 ], [ -122.29734, 47.71508 ], [ -122.29502, 47.71528 ], [ -122.2938, 47.71414 ], [ -122.29486, 47.71277 ] ] ] } },
{ "type": "Feature", "properties": { "id": 1531, "population": 217, "o_score_pt": 740.392, "o_score_car": 1164.081, "CDI": 0.222 }, "geometry": { "type": "Polygon", "coordinates": [ [ [ -122.3836, 47.69493 ], [ -122.38588, 47.69473 ], [ -122.38709, 47.69586 ], [ -122.38604, 47.69721 ], [ -122.38375, 47.69741 ], [ -122.38255, 47.69629 ], [ -122.3836, 47.69493 ] ] ] } },
{ "type": "Feature", "properties": { "id": 1532, "population": 71, "o_score_pt": 835.507, "o_score_car": 1502.44, "CDI": 0.285 }, "geometry": { "type": "Polygon", "coordinates": [ [ [ -122.3096, 47.64151 ], [ -122.31135, 47.64136 ], [ -122.31221, 47.64217 ], [ -122.31142, 47.6432 ], [ -122.30967, 47.64335 ], [ -122.3088, 47.64254 ], [ -122.3096, 47.64151 ] ] ] } },
{ "type": "Feature", "properties": { "id": 1533, "population": 205, "o_score_pt": 500.491, "o_score_car": 1296.072, "CDI": 0.443 }, "geometry": { "type": "Polygon", "coordinates": [ [ [ -122.32725, 47.72716 ], [ -122.32951, 47.72697 ], [ -122.3307, 47.72808 ], [ -122.32966, 47.72941 ], [ -122.3274, 47.72961 ], [ -122.32622, 47.7285 ], [ -122.32725, 47.72716 ] ] ] } },
{ "type": "Feature", "properties": { "id": 1534, "population": 421, "o_score_pt": 1017.492, "o_score_car": 1358.714, "CDI": 0.144 }, "geometry": { "type": "Polygon", "coordinates": [ [ [ -122.36621, 47.67333 ], [ -122.3688, 47.6731 ], [ -122.3702, 47.67441 ], [ -122.36901, 47.67595 ], [ -122.36642, 47.67618 ], [ -122.36502, 47.67487 ], [ -122.36621, 47.67333 ] ] ] } },
{ "type": "Feature", "properties": { "id": 1535, "population": 313, "o_score_pt": 1078.575, "o_score_car": 1357.488, "CDI": 0.114 }, "geometry": { "type": "Polygon", "coordinates": [ [ [ -122.36716, 47.63171 ], [ -122.36962, 47.63149 ], [ -122.37094, 47.63272 ], [ -122.36981, 47.63419 ], [ -122.36735, 47.6344 ], [ -122.36603, 47.63317 ], [ -122.36716, 47.63171 ] ] ] } },
{ "type": "Feature", "properties": { "id": 1536, "population": 58, "o_score_pt": 824.365, "o_score_car": 1299.906, "CDI": 0.224 }, "geometry": { "type": "Polygon", "coordinates": [ [ [ -122.30053, 47.56912 ], [ -122.30219, 47.56897 ], [ -122.30299, 47.56973 ], [ -122.30224, 47.5707 ], [ -122.30059, 47.57084 ], [ -122.29978, 47.57009 ], [ -122.30053, 47.56912 ] ] ] } },
{ "type": "Feature", "properties": { "id": 1537, "population": 307, "o_score_pt": 627.693, "o_score_car": 1057.722, "CDI": 0.255 }, "geometry": { "type": "Polygon", "coordinates": [ [ [ -122.27574, 47.55643 ], [ -122.2782, 47.55621 ], [ -122.2795, 47.55745 ], [ -122.27838, 47.5589 ], [ -122.27593, 47.55912 ], [ -122.27462, 47.55788 ], [ -122.27574, 47.55643 ] ] ] } },
{ "type": "Feature", "properties": { "id": 1538, "population": 365, "o_score_pt": 674.208, "o_score_car": 1152.735, "CDI": 0.262 }, "geometry": { "type": "Polygon", "coordinates": [ [ [ -122.39251, 47.65813 ], [ -122.39504, 47.6579 ], [ -122.39641, 47.65918 ], [ -122.39524, 47.66069 ], [ -122.39271, 47.66091 ], [ -122.39134, 47.65963 ], [ -122.39251, 47.65813 ] ] ] } },
{ "type": "Feature", "properties": { "id": 1539, "population": 182, "o_score_pt": 603.371, "o_score_car": 940.177, "CDI": 0.218 }, "geometry": { "type": "Polygon", "coordinates": [ [ [ -122.26568, 47.52295 ], [ -122.26788, 47.52276 ], [ -122.26902, 47.52385 ], [ -122.26802, 47.52515 ], [ -122.26582, 47.52534 ], [ -122.26467, 47.52426 ], [ -122.26568, 47.52295 ] ] ] } },
{ "type": "Feature", "properties": { "id": 1540, "population": 500, "o_score_pt": 1334.478, "o_score_car": 1452.226, "CDI": 0.042 }, "geometry": { "type": "Polygon", "coordinates": [ [ [ -122.32535, 47.5951 ], [ -122.32794, 47.59487 ], [ -122.32934, 47.59619 ], [ -122.32814, 47.59773 ], [ -122.32555, 47.59796 ], [ -122.32416, 47.59664 ], [ -122.32535, 47.5951 ] ] ] } },
{ "type": "Feature", "properties": { "id": 1541, "population": 339, "o_score_pt": 922.816, "o_score_car": 1340.051, "CDI": 0.184 }, "geometry": { "type": "Polygon", "coordinates": [ [ [ -122.29188, 47.67275 ], [ -122.29438, 47.67253 ], [ -122.29572, 47.67379 ], [ -122.29457, 47.67527 ], [ -122.29207, 47.67549 ], [ -122.29073, 47.67423 ], [ -122.29188, 47.67275 ] ] ] } },
{ "type": "Feature", "properties": { "id": 1542, "population": 416, "o_score_pt": 839.94, "o_score_car": 1237.363, "CDI": 0.191 }, "geometry": { "type": "Polygon", "coordinates": [ [ [ -122.31051, 47.55186 ], [ -122.3131, 47.55163 ], [ -122.3145, 47.55295 ], [ -122.3133, 47.55449 ], [ -122.31072, 47.55472 ], [ -122.30932, 47.5534 ], [ -122.31051, 47.55186 ] ] ] } },
{ "type": "Feature", "properties": { "id": 1543, "population": 232, "o_score_pt": 836.51, "o_score_car": 1337.54, "CDI": 0.23 }, "geometry": { "type": "Polygon", "coordinates": [ [ [ -122.28871, 47.62721 ], [ -122.29103, 47.627 ], [ -122.29225, 47.62815 ], [ -122.29119, 47.62953 ], [ -122.28887, 47.62973 ], [ -122.28764, 47.62858 ], [ -122.28871, 47.62721 ] ] ] } },
{ "type": "Feature", "properties": { "id": 1544, "population": 537, "o_score_pt": 789.654, "o_score_car": 1258.999, "CDI": 0.229 }, "geometry": { "type": "Polygon", "coordinates": [ [ [ -122.35335, 47.71176 ], [ -122.35595, 47.71153 ], [ -122.35735, 47.71284 ], [ -122.35615, 47.71438 ], [ -122.35356, 47.71461 ], [ -122.35216, 47.7133 ], [ -122.35335, 47.71176 ] ] ] } },
{ "type": "Feature", "properties": { "id": 1545, "population": 345, "o_score_pt": 893.503, "o_score_car": 1285.693, "CDI": 0.18 }, "geometry": { "type": "Polygon", "coordinates": [ [ [ -122.2799, 47.66949 ], [ -122.28241, 47.66927 ], [ -122.28376, 47.67053 ], [ -122.2826, 47.67202 ], [ -122.28009, 47.67224 ], [ -122.27875, 47.67098 ], [ -122.2799, 47.66949 ] ] ] } },
{ "type": "Feature", "properties": { "id": 1546, "population": 2, "o_score_pt": 999.365, "o_score_car": 1432.077, "CDI": 0.178 }, "geometry": { "type": "Polygon", "coordinates": [ [ [ -122.34391, 47.67099 ], [ -122.34391, 47.67099 ], [ -122.34384, 47.671 ], [ -122.34384, 47.671 ], [ -122.34391, 47.67099 ] ] ] } },
{ "type": "Feature", "properties": { "id": 1547, "population": 124, "o_score_pt": 887.15, "o_score_car": 1359.389, "CDI": 0.21 }, "geometry": { "type": "Polygon", "coordinates": [ [ [ -122.31688, 47.58183 ], [ -122.3189, 47.58165 ], [ -122.31993, 47.58262 ], [ -122.31901, 47.58381 ], [ -122.317, 47.58399 ], [ -122.31596, 47.58302 ], [ -122.31688, 47.58183 ] ] ] } },
{ "type": "Feature", "properties": { "id": 1548, "population": 7, "o_score_pt": 1084.404, "o_score_car": 1472.762, "CDI": 0.152 }, "geometry": { "type": "Polygon", "coordinates": [ [ [ -122.35115, 47.66721 ], [ -122.35184, 47.66715 ], [ -122.35203, 47.66733 ], [ -122.35173, 47.66771 ], [ -122.35104, 47.66777 ], [ -122.35085, 47.66759 ], [ -122.35115, 47.66721 ] ] ] } },
{ "type": "Feature", "properties": { "id": 1549, "population": 221, "o_score_pt": 628.71, "o_score_car": 1187.553, "CDI": 0.308 }, "geometry": { "type": "Polygon", "coordinates": [ [ [ -122.28156, 47.63646 ], [ -122.28386, 47.63626 ], [ -122.28507, 47.6374 ], [ -122.28401, 47.63876 ], [ -122.28172, 47.63896 ], [ -122.28051, 47.63782 ], [ -122.28156, 47.63646 ] ] ] } },
{ "type": "Feature", "properties": { "id": 1550, "population": 1010, "o_score_pt": 1066.332, "o_score_car": 1462.478, "CDI": 0.157 }, "geometry": { "type": "Polygon", "coordinates": [ [ [ -122.35512, 47.62838 ], [ -122.35771, 47.62815 ], [ -122.35911, 47.62947 ], [ -122.35792, 47.63101 ], [ -122.35533, 47.63124 ], [ -122.35393, 47.62992 ], [ -122.35512, 47.62838 ] ] ] } },
{ "type": "Feature", "properties": { "id": 1551, "population": 107, "o_score_pt": 1097.934, "o_score_car": 1440.455, "CDI": 0.135 }, "geometry": { "type": "Polygon", "coordinates": [ [ [ -122.29916, 47.66097 ], [ -122.30111, 47.6608 ], [ -122.3021, 47.66173 ], [ -122.30121, 47.66287 ], [ -122.29926, 47.66304 ], [ -122.29827, 47.66212 ], [ -122.29916, 47.66097 ] ] ] } },
{ "type": "Feature", "properties": { "id": 1552, "population": 0, "o_score_pt": 598.2, "o_score_car": 1010.619, "CDI": 0.256 }, "geometry": { "type": "Polygon", "coordinates": [ [ [ -122.40945, 47.65803 ], [ -122.40945, 47.65803 ], [ -122.40938, 47.65803 ], [ -122.40938, 47.65803 ], [ -122.40945, 47.65803 ] ] ] } },
{ "type": "Feature", "properties": { "id": 1553, "population": 1575, "o_score_pt": 1253.45, "o_score_car": 1509.448, "CDI": 0.093 }, "geometry": { "type": "Polygon", "coordinates": [ [ [ -122.32342, 47.62256 ], [ -122.32601, 47.62233 ], [ -122.32741, 47.62364 ], [ -122.32622, 47.62518 ], [ -122.32363, 47.62541 ], [ -122.32223, 47.6241 ], [ -122.32342, 47.62256 ] ] ] } },
{ "type": "Feature", "properties": { "id": 1554, "population": 186, "o_score_pt": 685.24, "o_score_car": 1176.416, "CDI": 0.264 }, "geometry": { "type": "Polygon", "coordinates": [ [ [ -122.37986, 47.69674 ], [ -122.38207, 47.69655 ], [ -122.38323, 47.69763 ], [ -122.38222, 47.69894 ], [ -122.38, 47.69913 ], [ -122.37884, 47.69805 ], [ -122.37986, 47.69674 ] ] ] } },
{ "type": "Feature", "properties": { "id": 1555, "population": 2, "o_score_pt": 892.875, "o_score_car": 1275.899, "CDI": 0.177 }, "geometry": { "type": "Polygon", "coordinates": [ [ [ -122.32115, 47.57248 ], [ -122.32115, 47.57248 ], [ -122.32108, 47.57249 ], [ -122.32108, 47.57249 ], [ -122.32115, 47.57248 ] ] ] } },
{ "type": "Feature", "properties": { "id": 1556, "population": 198, "o_score_pt": 675.213, "o_score_car": 1313.078, "CDI": 0.321 }, "geometry": { "type": "Polygon", "coordinates": [ [ [ -122.29808, 47.70249 ], [ -122.30032, 47.7023 ], [ -122.3015, 47.7034 ], [ -122.30047, 47.70472 ], [ -122.29822, 47.70492 ], [ -122.29705, 47.70382 ], [ -122.29808, 47.70249 ] ] ] } },
{ "type": "Feature", "properties": { "id": 1557, "population": 379, "o_score_pt": 849.69, "o_score_car": 1295.305, "CDI": 0.208 }, "geometry": { "type": "Polygon", "coordinates": [ [ [ -122.31847, 47.71629 ], [ -122.32103, 47.71606 ], [ -122.32241, 47.71735 ], [ -122.32123, 47.71887 ], [ -122.31867, 47.71909 ], [ -122.3173, 47.7178 ], [ -122.31847, 47.71629 ] ] ] } },
{ "type": "Feature", "properties": { "id": 1558, "population": 195, "o_score_pt": 873.458, "o_score_car": 1174.172, "CDI": 0.147 }, "geometry": { "type": "Polygon", "coordinates": [ [ [ -122.26491, 47.67671 ], [ -122.26715, 47.67651 ], [ -122.26832, 47.67761 ], [ -122.2673, 47.67893 ], [ -122.26506, 47.67913 ], [ -122.26389, 47.67803 ], [ -122.26491, 47.67671 ] ] ] } },
{ "type": "Feature", "properties": { "id": 1559, "population": 365, "o_score_pt": 1096.066, "o_score_car": 1534.181, "CDI": 0.167 }, "geometry": { "type": "Polygon", "coordinates": [ [ [ -122.32992, 47.65791 ], [ -122.33245, 47.65769 ], [ -122.33382, 47.65896 ], [ -122.33265, 47.66047 ], [ -122.33011, 47.66069 ], [ -122.32875, 47.65942 ], [ -122.32992, 47.65791 ] ] ] } },
{ "type": "Feature", "properties": { "id": 1560, "population": 0, "o_score_pt": 376.984, "o_score_car": 948.8, "CDI": 0.431 }, "geometry": { "type": "Polygon", "coordinates": [ [ [ -122.2496, 47.55575 ], [ -122.2496, 47.55575 ], [ -122.24953, 47.55576 ], [ -122.24953, 47.55576 ], [ -122.2496, 47.55575 ] ] ] } },
{ "type": "Feature", "properties": { "id": 1561, "population": 227, "o_score_pt": 602.956, "o_score_car": 1096.996, "CDI": 0.291 }, "geometry": { "type": "Polygon", "coordinates": [ [ [ -122.27367, 47.69024 ], [ -122.27598, 47.69004 ], [ -122.2772, 47.69119 ], [ -122.27614, 47.69255 ], [ -122.27383, 47.69275 ], [ -122.27261, 47.69161 ], [ -122.27367, 47.69024 ] ] ] } },
{ "type": "Feature", "properties": { "id": 1562, "population": 206, "o_score_pt": 594.163, "o_score_car": 1094.668, "CDI": 0.296 }, "geometry": { "type": "Polygon", "coordinates": [ [ [ -122.39159, 47.69711 ], [ -122.39386, 47.69691 ], [ -122.39505, 47.69802 ], [ -122.39401, 47.69936 ], [ -122.39175, 47.69956 ], [ -122.39056, 47.69845 ], [ -122.39159, 47.69711 ] ] ] } },
{ "type": "Feature", "properties": { "id": 1563, "population": 0, "o_score_pt": 1211.622, "o_score_car": 1408.919, "CDI": 0.075 }, "geometry": { "type": "Polygon", "coordinates": [ [ [ -122.2996, 47.65336 ], [ -122.2996, 47.65336 ], [ -122.29953, 47.65337 ], [ -122.29953, 47.65337 ], [ -122.2996, 47.65336 ] ] ] } },
{ "type": "Feature", "properties": { "id": 1564, "population": 298, "o_score_pt": 728.768, "o_score_car": 1243.307, "CDI": 0.261 }, "geometry": { "type": "Polygon", "coordinates": [ [ [ -122.33513, 47.72923 ], [ -122.33757, 47.72901 ], [ -122.33888, 47.73023 ], [ -122.33776, 47.73168 ], [ -122.33532, 47.73189 ], [ -122.33401, 47.73067 ], [ -122.33513, 47.72923 ] ] ] } },
{ "type": "Feature", "properties": { "id": 1565, "population": 4, "o_score_pt": 823.982, "o_score_car": 1289.615, "CDI": 0.22 }, "geometry": { "type": "Polygon", "coordinates": [ [ [ -122.33147, 47.55563 ], [ -122.33193, 47.55559 ], [ -122.33198, 47.55563 ], [ -122.33179, 47.55588 ], [ -122.33132, 47.55592 ], [ -122.33128, 47.55588 ], [ -122.33147, 47.55563 ] ] ] } },
{ "type": "Feature", "properties": { "id": 1566, "population": 284, "o_score_pt": 843.342, "o_score_car": 1449.435, "CDI": 0.264 }, "geometry": { "type": "Polygon", "coordinates": [ [ [ -122.32427, 47.68718 ], [ -122.32669, 47.68696 ], [ -122.32798, 47.68817 ], [ -122.32687, 47.6896 ], [ -122.32445, 47.68981 ], [ -122.32316, 47.68861 ], [ -122.32427, 47.68718 ] ] ] } },
{ "type": "Feature", "properties": { "id": 1567, "population": 454, "o_score_pt": 1007.394, "o_score_car": 1347.618, "CDI": 0.144 }, "geometry": { "type": "Polygon", "coordinates": [ [ [ -122.29826, 47.59892 ], [ -122.30085, 47.59869 ], [ -122.30225, 47.6 ], [ -122.30105, 47.60154 ], [ -122.29846, 47.60177 ], [ -122.29707, 47.60046 ], [ -122.29826, 47.59892 ] ] ] } },
{ "type": "Feature", "properties": { "id": 1568, "population": 238, "o_score_pt": 959.378, "o_score_car": 1348.276, "CDI": 0.169 }, "geometry": { "type": "Polygon", "coordinates": [ [ [ -122.35983, 47.69127 ], [ -122.36216, 47.69106 ], [ -122.3634, 47.69222 ], [ -122.36233, 47.6936 ], [ -122.36, 47.6938 ], [ -122.35876, 47.69265 ], [ -122.35983, 47.69127 ] ] ] } },
{ "type": "Feature", "properties": { "id": 1569, "population": 213, "o_score_pt": 1179.962, "o_score_car": 1411.819, "CDI": 0.089 }, "geometry": { "type": "Polygon", "coordinates": [ [ [ -122.29119, 47.66147 ], [ -122.29347, 47.66127 ], [ -122.29467, 47.66239 ], [ -122.29362, 47.66374 ], [ -122.29134, 47.66394 ], [ -122.29015, 47.66281 ], [ -122.29119, 47.66147 ] ] ] } },
{ "type": "Feature", "properties": { "id": 1570, "population": 380, "o_score_pt": 869.827, "o_score_car": 1381.116, "CDI": 0.227 }, "geometry": { "type": "Polygon", "coordinates": [ [ [ -122.36333, 47.63342 ], [ -122.36588, 47.6332 ], [ -122.36726, 47.63449 ], [ -122.36608, 47.63601 ], [ -122.36353, 47.63623 ], [ -122.36215, 47.63494 ], [ -122.36333, 47.63342 ] ] ] } },
{ "type": "Feature", "properties": { "id": 1571, "population": 152, "o_score_pt": 546.796, "o_score_car": 1190.973, "CDI": 0.371 }, "geometry": { "type": "Polygon", "coordinates": [ [ [ -122.36162, 47.71419 ], [ -122.36373, 47.714 ], [ -122.36483, 47.71503 ], [ -122.36386, 47.71628 ], [ -122.36174, 47.71646 ], [ -122.36065, 47.71544 ], [ -122.36162, 47.71419 ] ] ] } },
{ "type": "Feature", "properties": { "id": 1572, "population": 261, "o_score_pt": 623.998, "o_score_car": 1030.342, "CDI": 0.246 }, "geometry": { "type": "Polygon", "coordinates": [ [ [ -122.27201, 47.55824 ], [ -122.27438, 47.55803 ], [ -122.27564, 47.55922 ], [ -122.27455, 47.56063 ], [ -122.27218, 47.56083 ], [ -122.27092, 47.55965 ], [ -122.27201, 47.55824 ] ] ] } },
{ "type": "Feature", "properties": { "id": 1573, "population": 2, "o_score_pt": 778.659, "o_score_car": 1149.168, "CDI": 0.192 }, "geometry": { "type": "Polygon", "coordinates": [ [ [ -122.3239, 47.55643 ], [ -122.3239, 47.55643 ], [ -122.32383, 47.55644 ], [ -122.32383, 47.55644 ], [ -122.3239, 47.55643 ] ] ] } },
{ "type": "Feature", "properties": { "id": 1574, "population": 388, "o_score_pt": 704.965, "o_score_car": 1260.995, "CDI": 0.283 }, "geometry": { "type": "Polygon", "coordinates": [ [ [ -122.29816, 47.5429 ], [ -122.30072, 47.54267 ], [ -122.3021, 47.54397 ], [ -122.30092, 47.5455 ], [ -122.29836, 47.54572 ], [ -122.29698, 47.54442 ], [ -122.29816, 47.5429 ] ] ] } },
{ "type": "Feature", "properties": { "id": 1575, "population": 44, "o_score_pt": 813.894, "o_score_car": 1386.092, "CDI": 0.26 }, "geometry": { "type": "Polygon", "coordinates": [ [ [ -122.29715, 47.62982 ], [ -122.29867, 47.62969 ], [ -122.29939, 47.63037 ], [ -122.2987, 47.63126 ], [ -122.29718, 47.63139 ], [ -122.29646, 47.63071 ], [ -122.29715, 47.62982 ] ] ] } },
{ "type": "Feature", "properties": { "id": 1576, "population": 285, "o_score_pt": 1097.398, "o_score_car": 1382.574, "CDI": 0.115 }, "geometry": { "type": "Polygon", "coordinates": [ [ [ -122.34106, 47.70291 ], [ -122.34348, 47.7027 ], [ -122.34477, 47.7039 ], [ -122.34366, 47.70534 ], [ -122.34124, 47.70555 ], [ -122.33995, 47.70434 ], [ -122.34106, 47.70291 ] ] ] } },
{ "type": "Feature", "properties": { "id": 1577, "population": 379, "o_score_pt": 1105.963, "o_score_car": 1453.903, "CDI": 0.136 }, "geometry": { "type": "Polygon", "coordinates": [ [ [ -122.35048, 47.67187 ], [ -122.35303, 47.67165 ], [ -122.35441, 47.67294 ], [ -122.35323, 47.67445 ], [ -122.35068, 47.67468 ], [ -122.3493, 47.67339 ], [ -122.35048, 47.67187 ] ] ] } },
{ "type": "Feature", "properties": { "id": 1578, "population": 474, "o_score_pt": 1013.349, "o_score_car": 1339.074, "CDI": 0.138 }, "geometry": { "type": "Polygon", "coordinates": [ [ [ -122.31277, 47.58328 ], [ -122.31536, 47.58305 ], [ -122.31676, 47.58436 ], [ -122.31557, 47.58591 ], [ -122.31298, 47.58613 ], [ -122.31158, 47.58482 ], [ -122.31277, 47.58328 ] ] ] } },
{ "type": "Feature", "properties": { "id": 1579, "population": 547, "o_score_pt": 1080.501, "o_score_car": 1390.304, "CDI": 0.125 }, "geometry": { "type": "Polygon", "coordinates": [ [ [ -122.36559, 47.66478 ], [ -122.36818, 47.66455 ], [ -122.36958, 47.66586 ], [ -122.36839, 47.6674 ], [ -122.36579, 47.66763 ], [ -122.36439, 47.66632 ], [ -122.36559, 47.66478 ] ] ] } },
{ "type": "Feature", "properties": { "id": 1580, "population": 491, "o_score_pt": 626.637, "o_score_car": 1167.186, "CDI": 0.301 }, "geometry": { "type": "Polygon", "coordinates": [ [ [ -122.2776, 47.63806 ], [ -122.2802, 47.63784 ], [ -122.28159, 47.63915 ], [ -122.2804, 47.64069 ], [ -122.27781, 47.64092 ], [ -122.27641, 47.6396 ], [ -122.2776, 47.63806 ] ] ] } },
{ "type": "Feature", "properties": { "id": 1581, "population": 896, "o_score_pt": 1173.782, "o_score_car": 1519.864, "CDI": 0.128 }, "geometry": { "type": "Polygon", "coordinates": [ [ [ -122.34714, 47.62621 ], [ -122.34973, 47.62599 ], [ -122.35113, 47.6273 ], [ -122.34994, 47.62884 ], [ -122.34735, 47.62907 ], [ -122.34595, 47.62775 ], [ -122.34714, 47.62621 ] ] ] } },
{ "type": "Feature", "properties": { "id": 1582, "population": 104, "o_score_pt": 35.326, "o_score_car": 1077.705, "CDI": 0.937 }, "geometry": { "type": "Polygon", "coordinates": [ [ [ -122.39199, 47.70014 ], [ -122.39393, 47.69997 ], [ -122.39491, 47.70089 ], [ -122.39403, 47.70202 ], [ -122.39209, 47.7022 ], [ -122.39111, 47.70128 ], [ -122.39199, 47.70014 ] ] ] } },
{ "type": "Feature", "properties": { "id": 1583, "population": 358, "o_score_pt": 1064.448, "o_score_car": 1544.408, "CDI": 0.184 }, "geometry": { "type": "Polygon", "coordinates": [ [ [ -122.31877, 47.66607 ], [ -122.3213, 47.66585 ], [ -122.32266, 47.66712 ], [ -122.3215, 47.66862 ], [ -122.31897, 47.66884 ], [ -122.31761, 47.66757 ], [ -122.31877, 47.66607 ] ] ] } },
{ "type": "Feature", "properties": { "id": 1584, "population": 404, "o_score_pt": 623.689, "o_score_car": 1015.038, "CDI": 0.239 }, "geometry": { "type": "Polygon", "coordinates": [ [ [ -122.26627, 47.53417 ], [ -122.26885, 47.53395 ], [ -122.27024, 47.53526 ], [ -122.26905, 47.5368 ], [ -122.26647, 47.53702 ], [ -122.26508, 47.53571 ], [ -122.26627, 47.53417 ] ] ] } },
{ "type": "Feature", "properties": { "id": 1585, "population": 0, "o_score_pt": 633.0, "o_score_car": 1050.093, "CDI": 0.248 }, "geometry": { "type": "Polygon", "coordinates": [ [ [ -122.40567, 47.6598 ], [ -122.40567, 47.6598 ], [ -122.4056, 47.6598 ], [ -122.4056, 47.6598 ], [ -122.40567, 47.6598 ] ] ] } },
{ "type": "Feature", "properties": { "id": 1586, "population": 1231, "o_score_pt": 1379.405, "o_score_car": 1588.594, "CDI": 0.07 }, "geometry": { "type": "Polygon", "coordinates": [ [ [ -122.3228, 47.614 ], [ -122.32539, 47.61377 ], [ -122.32679, 47.61508 ], [ -122.3256, 47.61662 ], [ -122.32301, 47.61685 ], [ -122.32161, 47.61554 ], [ -122.3228, 47.614 ] ] ] } },
{ "type": "Feature", "properties": { "id": 1587, "population": 189, "o_score_pt": 731.259, "o_score_car": 1181.92, "CDI": 0.236 }, "geometry": { "type": "Polygon", "coordinates": [ [ [ -122.37607, 47.69851 ], [ -122.37829, 47.69831 ], [ -122.37945, 47.6994 ], [ -122.37844, 47.70071 ], [ -122.37622, 47.70091 ], [ -122.37505, 47.69982 ], [ -122.37607, 47.69851 ] ] ] } },
{ "type": "Feature", "properties": { "id": 1588, "population": 3, "o_score_pt": 895.809, "o_score_car": 1370.314, "CDI": 0.209 }, "geometry": { "type": "Polygon", "coordinates": [ [ [ -122.33686, 47.57103 ], [ -122.33674, 47.57118 ], [ -122.33643, 47.57121 ], [ -122.33654, 47.57106 ], [ -122.33686, 47.57103 ] ] ] } },
{ "type": "Feature", "properties": { "id": 1589, "population": 155, "o_score_pt": 1275.916, "o_score_car": 1317.03, "CDI": 0.016 }, "geometry": { "type": "Polygon", "coordinates": [ [ [ -122.32547, 47.70159 ], [ -122.3276, 47.7014 ], [ -122.3287, 47.70244 ], [ -122.32773, 47.70369 ], [ -122.3256, 47.70388 ], [ -122.3245, 47.70285 ], [ -122.32547, 47.70159 ] ] ] } },
{ "type": "Feature", "properties": { "id": 1590, "population": 547, "o_score_pt": 846.677, "o_score_car": 1311.597, "CDI": 0.215 }, "geometry": { "type": "Polygon", "coordinates": [ [ [ -122.31467, 47.71803 ], [ -122.31726, 47.7178 ], [ -122.31866, 47.71911 ], [ -122.31747, 47.72065 ], [ -122.31487, 47.72088 ], [ -122.31347, 47.71957 ], [ -122.31467, 47.71803 ] ] ] } },
{ "type": "Feature", "properties": { "id": 1591, "population": 2, "o_score_pt": 511.86, "o_score_car": 1083.459, "CDI": 0.358 }, "geometry": { "type": "Polygon", "coordinates": [ [ [ -122.31827, 47.53249 ], [ -122.31827, 47.53249 ], [ -122.3182, 47.5325 ], [ -122.3182, 47.5325 ], [ -122.31827, 47.53249 ] ] ] } },
{ "type": "Feature", "properties": { "id": 1592, "population": 366, "o_score_pt": 917.819, "o_score_car": 1302.563, "CDI": 0.173 }, "geometry": { "type": "Polygon", "coordinates": [ [ [ -122.28756, 47.61281 ], [ -122.29009, 47.61259 ], [ -122.29146, 47.61387 ], [ -122.29029, 47.61538 ], [ -122.28775, 47.6156 ], [ -122.28639, 47.61432 ], [ -122.28756, 47.61281 ] ] ] } },
{ "type": "Feature", "properties": { "id": 1593, "population": 552, "o_score_pt": 949.923, "o_score_car": 1324.81, "CDI": 0.165 }, "geometry": { "type": "Polygon", "coordinates": [ [ [ -122.37253, 47.65268 ], [ -122.37512, 47.65245 ], [ -122.37652, 47.65377 ], [ -122.37533, 47.65531 ], [ -122.37274, 47.65554 ], [ -122.37134, 47.65422 ], [ -122.37253, 47.65268 ] ] ] } },
{ "type": "Feature", "properties": { "id": 1594, "population": 253, "o_score_pt": 665.194, "o_score_car": 1137.935, "CDI": 0.262 }, "geometry": { "type": "Polygon", "coordinates": [ [ [ -122.28306, 47.71234 ], [ -122.28542, 47.71213 ], [ -122.28668, 47.71331 ], [ -122.28559, 47.71471 ], [ -122.28323, 47.71491 ], [ -122.28198, 47.71374 ], [ -122.28306, 47.71234 ] ] ] } },
{ "type": "Feature", "properties": { "id": 1595, "population": 476, "o_score_pt": 969.665, "o_score_car": 1256.109, "CDI": 0.129 }, "geometry": { "type": "Polygon", "coordinates": [ [ [ -122.37901, 47.68798 ], [ -122.3816, 47.68775 ], [ -122.383, 47.68906 ], [ -122.38181, 47.6906 ], [ -122.37922, 47.69083 ], [ -122.37782, 47.68952 ], [ -122.37901, 47.68798 ] ] ] } },
{ "type": "Feature", "properties": { "id": 1596, "population": 0, "o_score_pt": 1219.278, "o_score_car": 1327.895, "CDI": 0.043 }, "geometry": { "type": "Polygon", "coordinates": [ [ [ -122.30758, 47.65553 ], [ -122.30758, 47.65553 ], [ -122.30751, 47.65554 ], [ -122.30751, 47.65554 ], [ -122.30758, 47.65553 ] ] ] } },
{ "type": "Feature", "properties": { "id": 1597, "population": 369, "o_score_pt": 695.527, "o_score_car": 1171.843, "CDI": 0.255 }, "geometry": { "type": "Polygon", "coordinates": [ [ [ -122.35063, 47.7278 ], [ -122.35318, 47.72758 ], [ -122.35454, 47.72886 ], [ -122.35338, 47.73036 ], [ -122.35083, 47.73059 ], [ -122.34946, 47.72931 ], [ -122.35063, 47.7278 ] ] ] } },
{ "type": "Feature", "properties": { "id": 1598, "population": 6, "o_score_pt": 76.042, "o_score_car": 1281.042, "CDI": 0.888 }, "geometry": { "type": "Polygon", "coordinates": [ [ [ -122.34333, 47.5588 ], [ -122.34395, 47.55875 ], [ -122.3441, 47.55889 ], [ -122.34384, 47.55923 ], [ -122.34321, 47.55928 ], [ -122.34306, 47.55914 ], [ -122.34333, 47.5588 ] ] ] } },
{ "type": "Feature", "properties": { "id": 1599, "population": 205, "o_score_pt": 1101.788, "o_score_car": 1438.678, "CDI": 0.133 }, "geometry": { "type": "Polygon", "coordinates": [ [ [ -122.33235, 47.68943 ], [ -122.33461, 47.68923 ], [ -122.33579, 47.69034 ], [ -122.33476, 47.69168 ], [ -122.3325, 47.69188 ], [ -122.33131, 47.69077 ], [ -122.33235, 47.68943 ] ] ] } },
{ "type": "Feature", "properties": { "id": 1600, "population": 525, "o_score_pt": 988.189, "o_score_car": 1330.097, "CDI": 0.147 }, "geometry": { "type": "Polygon", "coordinates": [ [ [ -122.29448, 47.60068 ], [ -122.29707, 47.60046 ], [ -122.29846, 47.60177 ], [ -122.29727, 47.60331 ], [ -122.29468, 47.60354 ], [ -122.29328, 47.60222 ], [ -122.29448, 47.60068 ] ] ] } },
{ "type": "Feature", "properties": { "id": 1601, "population": 546, "o_score_pt": 1048.096, "o_score_car": 1414.611, "CDI": 0.149 }, "geometry": { "type": "Polygon", "coordinates": [ [ [ -122.34729, 47.68217 ], [ -122.34988, 47.68194 ], [ -122.35128, 47.68326 ], [ -122.35009, 47.6848 ], [ -122.3475, 47.68502 ], [ -122.3461, 47.68371 ], [ -122.34729, 47.68217 ] ] ] } },
{ "type": "Feature", "properties": { "id": 1602, "population": 426, "o_score_pt": 926.131, "o_score_car": 1348.571, "CDI": 0.186 }, "geometry": { "type": "Polygon", "coordinates": [ [ [ -122.28722, 47.66306 ], [ -122.28981, 47.66283 ], [ -122.29121, 47.66414 ], [ -122.29002, 47.66568 ], [ -122.28743, 47.66591 ], [ -122.28603, 47.6646 ], [ -122.28722, 47.66306 ] ] ] } },
{ "type": "Feature", "properties": { "id": 1603, "population": 169, "o_score_pt": 1159.321, "o_score_car": 1439.49, "CDI": 0.108 }, "geometry": { "type": "Polygon", "coordinates": [ [ [ -122.35703, 47.65144 ], [ -122.35919, 47.65125 ], [ -122.36032, 47.65231 ], [ -122.35933, 47.65359 ], [ -122.35716, 47.65378 ], [ -122.35603, 47.65272 ], [ -122.35703, 47.65144 ] ] ] } },
{ "type": "Feature", "properties": { "id": 1604, "population": 247, "o_score_pt": 1039.893, "o_score_car": 1397.489, "CDI": 0.147 }, "geometry": { "type": "Polygon", "coordinates": [ [ [ -122.30057, 47.68356 ], [ -122.30292, 47.68335 ], [ -122.30416, 47.68452 ], [ -122.30308, 47.68591 ], [ -122.30073, 47.68612 ], [ -122.29949, 47.68495 ], [ -122.30057, 47.68356 ] ] ] } },
{ "type": "Feature", "properties": { "id": 1605, "population": 432, "o_score_pt": 909.764, "o_score_car": 1273.331, "CDI": 0.167 }, "geometry": { "type": "Polygon", "coordinates": [ [ [ -122.38196, 47.67481 ], [ -122.38455, 47.67458 ], [ -122.38595, 47.67589 ], [ -122.38476, 47.67743 ], [ -122.38217, 47.67766 ], [ -122.38077, 47.67635 ], [ -122.38196, 47.67481 ] ] ] } },
{ "type": "Feature", "properties": { "id": 1606, "population": 252, "o_score_pt": 780.565, "o_score_car": 1191.354, "CDI": 0.208 }, "geometry": { "type": "Polygon", "coordinates": [ [ [ -122.35769, 47.71582 ], [ -122.36005, 47.71561 ], [ -122.3613, 47.71678 ], [ -122.36022, 47.71818 ], [ -122.35786, 47.71839 ], [ -122.35661, 47.71722 ], [ -122.35769, 47.71582 ] ] ] } },
{ "type": "Feature", "properties": { "id": 1607, "population": 742, "o_score_pt": 1035.665, "o_score_car": 1337.456, "CDI": 0.127 }, "geometry": { "type": "Polygon", "coordinates": [ [ [ -122.31696, 47.58722 ], [ -122.31955, 47.58699 ], [ -122.32095, 47.58831 ], [ -122.31976, 47.58985 ], [ -122.31717, 47.59007 ], [ -122.31577, 47.58876 ], [ -122.31696, 47.58722 ] ] ] } },
{ "type": "Feature", "properties": { "id": 1608, "population": 420, "o_score_pt": 889.219, "o_score_car": 1243.2, "CDI": 0.166 }, "geometry": { "type": "Polygon", "coordinates": [ [ [ -122.38217, 47.67766 ], [ -122.38476, 47.67743 ], [ -122.38616, 47.67874 ], [ -122.38497, 47.68028 ], [ -122.38238, 47.68051 ], [ -122.38098, 47.6792 ], [ -122.38217, 47.67766 ] ] ] } },
{ "type": "Feature", "properties": { "id": 1609, "population": 325, "o_score_pt": 866.948, "o_score_car": 1268.811, "CDI": 0.188 }, "geometry": { "type": "Polygon", "coordinates": [ [ [ -122.28012, 47.67236 ], [ -122.28261, 47.67214 ], [ -122.28393, 47.67339 ], [ -122.28279, 47.67486 ], [ -122.28031, 47.67508 ], [ -122.27898, 47.67383 ], [ -122.28012, 47.67236 ] ] ] } },
{ "type": "Feature", "properties": { "id": 1610, "population": 188, "o_score_pt": 956.424, "o_score_car": 1412.12, "CDI": 0.192 }, "geometry": { "type": "Polygon", "coordinates": [ [ [ -122.31229, 47.62807 ], [ -122.31451, 47.62788 ], [ -122.31567, 47.62897 ], [ -122.31465, 47.63028 ], [ -122.31243, 47.63047 ], [ -122.31127, 47.62938 ], [ -122.31229, 47.62807 ] ] ] } },
{ "type": "Feature", "properties": { "id": 1611, "population": 427, "o_score_pt": 1141.073, "o_score_car": 1530.543, "CDI": 0.146 }, "geometry": { "type": "Polygon", "coordinates": [ [ [ -122.33807, 47.6629 ], [ -122.34066, 47.66267 ], [ -122.34206, 47.66398 ], [ -122.34087, 47.66552 ], [ -122.33828, 47.66575 ], [ -122.33688, 47.66444 ], [ -122.33807, 47.6629 ] ] ] } },
{ "type": "Feature", "properties": { "id": 1612, "population": 401, "o_score_pt": 997.265, "o_score_car": 1323.796, "CDI": 0.141 }, "geometry": { "type": "Polygon", "coordinates": [ [ [ -122.3048, 47.58111 ], [ -122.30738, 47.58088 ], [ -122.30877, 47.58219 ], [ -122.30759, 47.58373 ], [ -122.30501, 47.58395 ], [ -122.30362, 47.58264 ], [ -122.3048, 47.58111 ] ] ] } },
{ "type": "Feature", "properties": { "id": 1613, "population": 257, "o_score_pt": 1046.27, "o_score_car": 1348.404, "CDI": 0.126 }, "geometry": { "type": "Polygon", "coordinates": [ [ [ -122.3737, 47.66707 ], [ -122.37606, 47.66686 ], [ -122.37732, 47.66804 ], [ -122.37624, 47.66944 ], [ -122.37387, 47.66965 ], [ -122.37261, 47.66847 ], [ -122.3737, 47.66707 ] ] ] } },
{ "type": "Feature", "properties": { "id": 1614, "population": 973, "o_score_pt": 1057.921, "o_score_car": 1435.286, "CDI": 0.151 }, "geometry": { "type": "Polygon", "coordinates": [ [ [ -122.36268, 47.62484 ], [ -122.36527, 47.62462 ], [ -122.36667, 47.62593 ], [ -122.36548, 47.62747 ], [ -122.36289, 47.6277 ], [ -122.36149, 47.62638 ], [ -122.36268, 47.62484 ] ] ] } },
{ "type": "Feature", "properties": { "id": 1615, "population": 217, "o_score_pt": 1314.555, "o_score_car": 1423.988, "CDI": 0.04 }, "geometry": { "type": "Polygon", "coordinates": [ [ [ -122.30653, 47.65725 ], [ -122.30882, 47.65705 ], [ -122.31002, 47.65818 ], [ -122.30897, 47.65953 ], [ -122.30669, 47.65973 ], [ -122.30548, 47.6586 ], [ -122.30653, 47.65725 ] ] ] } },
{ "type": "Feature", "properties": { "id": 1616, "population": 667, "o_score_pt": 642.813, "o_score_car": 1055.155, "CDI": 0.243 }, "geometry": { "type": "Polygon", "coordinates": [ [ [ -122.2818, 47.53281 ], [ -122.28438, 47.53258 ], [ -122.28578, 47.5339 ], [ -122.28459, 47.53544 ], [ -122.282, 47.53567 ], [ -122.2806, 47.53435 ], [ -122.2818, 47.53281 ] ] ] } },
{ "type": "Feature", "properties": { "id": 1617, "population": 202, "o_score_pt": 654.025, "o_score_car": 1104.017, "CDI": 0.256 }, "geometry": { "type": "Polygon", "coordinates": [ [ [ -122.28067, 47.56906 ], [ -122.28292, 47.56886 ], [ -122.2841, 47.56997 ], [ -122.28306, 47.5713 ], [ -122.28081, 47.5715 ], [ -122.27963, 47.57039 ], [ -122.28067, 47.56906 ] ] ] } },
{ "type": "Feature", "properties": { "id": 1618, "population": 155, "o_score_pt": 1461.746, "o_score_car": 1545.817, "CDI": 0.028 }, "geometry": { "type": "Polygon", "coordinates": [ [ [ -122.31929, 47.61603 ], [ -122.32142, 47.61584 ], [ -122.32252, 47.61687 ], [ -122.32155, 47.61813 ], [ -122.31942, 47.61832 ], [ -122.31832, 47.61728 ], [ -122.31929, 47.61603 ] ] ] } },
{ "type": "Feature", "properties": { "id": 1619, "population": 324, "o_score_pt": 911.345, "o_score_car": 1265.202, "CDI": 0.163 }, "geometry": { "type": "Polygon", "coordinates": [ [ [ -122.36794, 47.6962 ], [ -122.37041, 47.69598 ], [ -122.37174, 47.69722 ], [ -122.3706, 47.69869 ], [ -122.36812, 47.69891 ], [ -122.3668, 47.69767 ], [ -122.36794, 47.6962 ] ] ] } },
{ "type": "Feature", "properties": { "id": 1620, "population": 232, "o_score_pt": 1216.51, "o_score_car": 1326.806, "CDI": 0.043 }, "geometry": { "type": "Polygon", "coordinates": [ [ [ -122.32157, 47.70325 ], [ -122.32389, 47.70305 ], [ -122.32512, 47.70419 ], [ -122.32406, 47.70557 ], [ -122.32174, 47.70577 ], [ -122.32051, 47.70462 ], [ -122.32157, 47.70325 ] ] ] } },
{ "type": "Feature", "properties": { "id": 1621, "population": 303, "o_score_pt": 550.778, "o_score_car": 1101.591, "CDI": 0.333 }, "geometry": { "type": "Polygon", "coordinates": [ [ [ -122.39991, 47.65178 ], [ -122.40236, 47.65157 ], [ -122.40366, 47.65279 ], [ -122.40254, 47.65424 ], [ -122.4001, 47.65446 ], [ -122.39879, 47.65324 ], [ -122.39991, 47.65178 ] ] ] } },
{ "type": "Feature", "properties": { "id": 1622, "population": 1829, "o_score_pt": 1328.889, "o_score_car": 1544.032, "CDI": 0.075 }, "geometry": { "type": "Polygon", "coordinates": [ [ [ -122.31812, 47.65748 ], [ -122.32071, 47.65725 ], [ -122.32211, 47.65856 ], [ -122.32092, 47.6601 ], [ -122.31832, 47.66033 ], [ -122.31693, 47.65902 ], [ -122.31812, 47.65748 ] ] ] } },
{ "type": "Feature", "properties": { "id": 1623, "population": 218, "o_score_pt": 826.37, "o_score_car": 1276.088, "CDI": 0.214 }, "geometry": { "type": "Polygon", "coordinates": [ [ [ -122.28986, 47.69745 ], [ -122.29215, 47.69725 ], [ -122.29335, 47.69838 ], [ -122.2923, 47.69973 ], [ -122.29001, 47.69993 ], [ -122.28881, 47.6988 ], [ -122.28986, 47.69745 ] ] ] } },
{ "type": "Feature", "properties": { "id": 1624, "population": 120, "o_score_pt": 728.507, "o_score_car": 1074.189, "CDI": 0.192 }, "geometry": { "type": "Polygon", "coordinates": [ [ [ -122.28409, 47.72394 ], [ -122.28609, 47.72377 ], [ -122.28712, 47.72473 ], [ -122.2862, 47.7259 ], [ -122.2842, 47.72608 ], [ -122.28317, 47.72512 ], [ -122.28409, 47.72394 ] ] ] } },
{ "type": "Feature", "properties": { "id": 1625, "population": 69, "o_score_pt": 566.274, "o_score_car": 1236.934, "CDI": 0.372 }, "geometry": { "type": "Polygon", "coordinates": [ [ [ -122.28924, 47.52118 ], [ -122.29097, 47.52103 ], [ -122.29183, 47.52183 ], [ -122.29104, 47.52285 ], [ -122.2893, 47.523 ], [ -122.28845, 47.5222 ], [ -122.28924, 47.52118 ] ] ] } },
{ "type": "Feature", "properties": { "id": 1626, "population": 631, "o_score_pt": 1080.724, "o_score_car": 1431.186, "CDI": 0.14 }, "geometry": { "type": "Polygon", "coordinates": [ [ [ -122.34771, 47.68787 ], [ -122.3503, 47.68765 ], [ -122.3517, 47.68896 ], [ -122.3505, 47.6905 ], [ -122.34791, 47.69072 ], [ -122.34651, 47.68941 ], [ -122.34771, 47.68787 ] ] ] } },
{ "type": "Feature", "properties": { "id": 1627, "population": 276, "o_score_pt": 824.086, "o_score_car": 1166.159, "CDI": 0.172 }, "geometry": { "type": "Polygon", "coordinates": [ [ [ -122.28794, 47.56258 ], [ -122.29034, 47.56237 ], [ -122.29161, 47.56357 ], [ -122.29051, 47.565 ], [ -122.28811, 47.56521 ], [ -122.28683, 47.564 ], [ -122.28794, 47.56258 ] ] ] } },
{ "type": "Feature", "properties": { "id": 1628, "population": 555, "o_score_pt": 1111.61, "o_score_car": 1492.0, "CDI": 0.146 }, "geometry": { "type": "Polygon", "coordinates": [ [ [ -122.31441, 47.60612 ], [ -122.317, 47.60589 ], [ -122.3184, 47.6072 ], [ -122.31721, 47.60874 ], [ -122.31462, 47.60897 ], [ -122.31322, 47.60766 ], [ -122.31441, 47.60612 ] ] ] } },
{ "type": "Feature", "properties": { "id": 1629, "population": 350, "o_score_pt": 1061.826, "o_score_car": 1381.561, "CDI": 0.131 }, "geometry": { "type": "Polygon", "coordinates": [ [ [ -122.35532, 47.68438 ], [ -122.35783, 47.68416 ], [ -122.35919, 47.68542 ], [ -122.35803, 47.68692 ], [ -122.35551, 47.68714 ], [ -122.35416, 47.68587 ], [ -122.35532, 47.68438 ] ] ] } },
{ "type": "Feature", "properties": { "id": 1630, "population": 163, "o_score_pt": 852.834, "o_score_car": 1216.424, "CDI": 0.176 }, "geometry": { "type": "Polygon", "coordinates": [ [ [ -122.2795, 47.66113 ], [ -122.28165, 47.66095 ], [ -122.28277, 47.66199 ], [ -122.28178, 47.66326 ], [ -122.27963, 47.66345 ], [ -122.27851, 47.6624 ], [ -122.2795, 47.66113 ] ] ] } },
{ "type": "Feature", "properties": { "id": 1631, "population": 268, "o_score_pt": 1160.565, "o_score_car": 1481.127, "CDI": 0.121 }, "geometry": { "type": "Polygon", "coordinates": [ [ [ -122.34451, 47.64236 ], [ -122.3469, 47.64215 ], [ -122.34817, 47.64334 ], [ -122.34707, 47.64476 ], [ -122.34469, 47.64497 ], [ -122.34342, 47.64378 ], [ -122.34451, 47.64236 ] ] ] } },
{ "type": "Feature", "properties": { "id": 1632, "population": 238, "o_score_pt": 1159.751, "o_score_car": 1520.19, "CDI": 0.134 }, "geometry": { "type": "Polygon", "coordinates": [ [ [ -122.31613, 47.6822 ], [ -122.31846, 47.682 ], [ -122.3197, 47.68316 ], [ -122.31863, 47.68454 ], [ -122.3163, 47.68474 ], [ -122.31506, 47.68358 ], [ -122.31613, 47.6822 ] ] ] } },
{ "type": "Feature", "properties": { "id": 1633, "population": 202, "o_score_pt": 615.556, "o_score_car": 1010.05, "CDI": 0.243 }, "geometry": { "type": "Polygon", "coordinates": [ [ [ -122.2637, 47.55042 ], [ -122.26595, 47.55022 ], [ -122.26713, 47.55133 ], [ -122.2661, 47.55266 ], [ -122.26385, 47.55286 ], [ -122.26267, 47.55175 ], [ -122.2637, 47.55042 ] ] ] } },
{ "type": "Feature", "properties": { "id": 1634, "population": 214, "o_score_pt": 395.753, "o_score_car": 1058.538, "CDI": 0.456 }, "geometry": { "type": "Polygon", "coordinates": [ [ [ -122.40736, 47.64549 ], [ -122.40964, 47.64528 ], [ -122.41084, 47.64641 ], [ -122.4098, 47.64776 ], [ -122.40752, 47.64796 ], [ -122.40632, 47.64684 ], [ -122.40736, 47.64549 ] ] ] } },
{ "type": "Feature", "properties": { "id": 1635, "population": 343, "o_score_pt": 852.084, "o_score_car": 1242.953, "CDI": 0.187 }, "geometry": { "type": "Polygon", "coordinates": [ [ [ -122.29013, 47.59393 ], [ -122.29263, 47.59371 ], [ -122.29398, 47.59498 ], [ -122.29282, 47.59647 ], [ -122.29032, 47.59669 ], [ -122.28898, 47.59542 ], [ -122.29013, 47.59393 ] ] ] } },
{ "type": "Feature", "properties": { "id": 1636, "population": 0, "o_score_pt": 0.422, "o_score_car": 1031.878, "CDI": 0.999 }, "geometry": { "type": "Polygon", "coordinates": [ [ [ -122.28956, 47.51344 ], [ -122.28956, 47.51344 ], [ -122.28949, 47.51344 ], [ -122.28949, 47.51344 ], [ -122.28956, 47.51344 ] ] ] } },
{ "type": "Feature", "properties": { "id": 1637, "population": 8, "o_score_pt": 1343.699, "o_score_car": 1425.706, "CDI": 0.03 }, "geometry": { "type": "Polygon", "coordinates": [ [ [ -122.32601, 47.59043 ], [ -122.32676, 47.59036 ], [ -122.32698, 47.59057 ], [ -122.32666, 47.59099 ], [ -122.32591, 47.59105 ], [ -122.32569, 47.59084 ], [ -122.32601, 47.59043 ] ] ] } },
{ "type": "Feature", "properties": { "id": 1638, "population": 51, "o_score_pt": 811.999, "o_score_car": 1297.325, "CDI": 0.23 }, "geometry": { "type": "Polygon", "coordinates": [ [ [ -122.31466, 47.54779 ], [ -122.31626, 47.54765 ], [ -122.31702, 47.54837 ], [ -122.3163, 47.5493 ], [ -122.31471, 47.54944 ], [ -122.31394, 47.54873 ], [ -122.31466, 47.54779 ] ] ] } },
{ "type": "Feature", "properties": { "id": 1639, "population": 237, "o_score_pt": 781.893, "o_score_car": 1228.293, "CDI": 0.222 }, "geometry": { "type": "Polygon", "coordinates": [ [ [ -122.3575, 47.71299 ], [ -122.35983, 47.71278 ], [ -122.36106, 47.71393 ], [ -122.35999, 47.71531 ], [ -122.35766, 47.71552 ], [ -122.35643, 47.71437 ], [ -122.3575, 47.71299 ] ] ] } },
{ "type": "Feature", "properties": { "id": 1640, "population": 0, "o_score_pt": 1017.686, "o_score_car": 1202.079, "CDI": 0.083 }, "geometry": { "type": "Polygon", "coordinates": [ [ [ -122.38426, 47.63442 ], [ -122.38426, 47.63442 ], [ -122.3842, 47.63443 ], [ -122.3842, 47.63443 ], [ -122.38426, 47.63442 ] ] ] } },
{ "type": "Feature", "properties": { "id": 1641, "population": 334, "o_score_pt": 1227.245, "o_score_car": 1558.719, "CDI": 0.119 }, "geometry": { "type": "Polygon", "coordinates": [ [ [ -122.33943, 47.62695 ], [ -122.34192, 47.62673 ], [ -122.34326, 47.62799 ], [ -122.34211, 47.62947 ], [ -122.33962, 47.62969 ], [ -122.33829, 47.62843 ], [ -122.33943, 47.62695 ] ] ] } },
{ "type": "Feature", "properties": { "id": 1642, "population": 673, "o_score_pt": 1019.552, "o_score_car": 1286.805, "CDI": 0.116 }, "geometry": { "type": "Polygon", "coordinates": [ [ [ -122.38155, 47.66911 ], [ -122.38414, 47.66888 ], [ -122.38554, 47.67019 ], [ -122.38435, 47.67173 ], [ -122.38175, 47.67196 ], [ -122.38036, 47.67065 ], [ -122.38155, 47.66911 ] ] ] } },
{ "type": "Feature", "properties": { "id": 1643, "population": 214, "o_score_pt": 792.885, "o_score_car": 981.677, "CDI": 0.106 }, "geometry": { "type": "Polygon", "coordinates": [ [ [ -122.28116, 47.52155 ], [ -122.28344, 47.52136 ], [ -122.28463, 47.52248 ], [ -122.28359, 47.52384 ], [ -122.28131, 47.52403 ], [ -122.28012, 47.52291 ], [ -122.28116, 47.52155 ] ] ] } },
{ "type": "Feature", "properties": { "id": 1644, "population": 756, "o_score_pt": 739.063, "o_score_car": 1122.101, "CDI": 0.206 }, "geometry": { "type": "Polygon", "coordinates": [ [ [ -122.29194, 47.72863 ], [ -122.29453, 47.7284 ], [ -122.29593, 47.72971 ], [ -122.29474, 47.73125 ], [ -122.29214, 47.73148 ], [ -122.29074, 47.73017 ], [ -122.29194, 47.72863 ] ] ] } },
{ "type": "Feature", "properties": { "id": 1645, "population": 259, "o_score_pt": 687.015, "o_score_car": 1249.275, "CDI": 0.29 }, "geometry": { "type": "Polygon", "coordinates": [ [ [ -122.28101, 47.68383 ], [ -122.28338, 47.68362 ], [ -122.28464, 47.6848 ], [ -122.28355, 47.6862 ], [ -122.28118, 47.68641 ], [ -122.27992, 47.68523 ], [ -122.28101, 47.68383 ] ] ] } },
{ "type": "Feature", "properties": { "id": 1646, "population": 202, "o_score_pt": 802.605, "o_score_car": 1341.505, "CDI": 0.251 }, "geometry": { "type": "Polygon", "coordinates": [ [ [ -122.33084, 47.72255 ], [ -122.33309, 47.72235 ], [ -122.33427, 47.72346 ], [ -122.33324, 47.72479 ], [ -122.33099, 47.72499 ], [ -122.3298, 47.72388 ], [ -122.33084, 47.72255 ] ] ] } },
{ "type": "Feature", "properties": { "id": 1647, "population": 625, "o_score_pt": 920.963, "o_score_car": 1269.859, "CDI": 0.159 }, "geometry": { "type": "Polygon", "coordinates": [ [ [ -122.29386, 47.59212 ], [ -122.29645, 47.59189 ], [ -122.29785, 47.59321 ], [ -122.29666, 47.59475 ], [ -122.29407, 47.59497 ], [ -122.29267, 47.59366 ], [ -122.29386, 47.59212 ] ] ] } },
{ "type": "Feature", "properties": { "id": 1648, "population": 352, "o_score_pt": 1063.472, "o_score_car": 1419.451, "CDI": 0.143 }, "geometry": { "type": "Polygon", "coordinates": [ [ [ -122.36122, 47.65803 ], [ -122.36374, 47.65781 ], [ -122.3651, 47.65908 ], [ -122.36394, 47.66057 ], [ -122.36142, 47.6608 ], [ -122.36007, 47.65953 ], [ -122.36122, 47.65803 ] ] ] } },
{ "type": "Feature", "properties": { "id": 1649, "population": 17, "o_score_pt": 1149.306, "o_score_car": 1382.183, "CDI": 0.092 }, "geometry": { "type": "Polygon", "coordinates": [ [ [ -122.37154, 47.62786 ], [ -122.37262, 47.62776 ], [ -122.37306, 47.62817 ], [ -122.37258, 47.62879 ], [ -122.3715, 47.62889 ], [ -122.37106, 47.62848 ], [ -122.37154, 47.62786 ] ] ] } },
{ "type": "Feature", "properties": { "id": 1650, "population": 524, "o_score_pt": 1468.275, "o_score_car": 1564.166, "CDI": 0.032 }, "geometry": { "type": "Polygon", "coordinates": [ [ [ -122.31433, 47.65924 ], [ -122.31693, 47.65902 ], [ -122.31832, 47.66033 ], [ -122.31713, 47.66187 ], [ -122.31454, 47.6621 ], [ -122.31314, 47.66078 ], [ -122.31433, 47.65924 ] ] ] } },
{ "type": "Feature", "properties": { "id": 1651, "population": 0, "o_score_pt": 397.18, "o_score_car": 988.587, "CDI": 0.427 }, "geometry": { "type": "Polygon", "coordinates": [ [ [ -122.41323, 47.65626 ], [ -122.41323, 47.65626 ], [ -122.41316, 47.65626 ], [ -122.41316, 47.65626 ], [ -122.41323, 47.65626 ] ] ] } },
{ "type": "Feature", "properties": { "id": 1652, "population": 208, "o_score_pt": 1352.438, "o_score_car": 1592.348, "CDI": 0.081 }, "geometry": { "type": "Polygon", "coordinates": [ [ [ -122.33915, 47.62137 ], [ -122.34142, 47.62117 ], [ -122.34261, 47.62229 ], [ -122.34157, 47.62363 ], [ -122.3393, 47.62383 ], [ -122.33811, 47.62272 ], [ -122.33915, 47.62137 ] ] ] } },
{ "type": "Feature", "properties": { "id": 1653, "population": 340, "o_score_pt": 859.583, "o_score_car": 1281.576, "CDI": 0.197 }, "geometry": { "type": "Polygon", "coordinates": [ [ [ -122.35698, 47.70719 ], [ -122.35949, 47.70697 ], [ -122.36083, 47.70823 ], [ -122.35968, 47.70971 ], [ -122.35718, 47.70993 ], [ -122.35583, 47.70867 ], [ -122.35698, 47.70719 ] ] ] } },
{ "type": "Feature", "properties": { "id": 1654, "population": 0, "o_score_pt": 798.966, "o_score_car": 1288.53, "CDI": 0.235 }, "geometry": { "type": "Polygon", "coordinates": [ [ [ -122.33228, 47.56432 ], [ -122.33228, 47.56432 ], [ -122.33221, 47.56433 ], [ -122.33221, 47.56433 ], [ -122.33228, 47.56432 ] ] ] } },
{ "type": "Feature", "properties": { "id": 1655, "population": 320, "o_score_pt": 1001.308, "o_score_car": 1333.477, "CDI": 0.142 }, "geometry": { "type": "Polygon", "coordinates": [ [ [ -122.3135, 47.701 ], [ -122.31597, 47.70078 ], [ -122.3173, 47.70202 ], [ -122.31616, 47.70349 ], [ -122.31369, 47.7037 ], [ -122.31236, 47.70246 ], [ -122.3135, 47.701 ] ] ] } },
{ "type": "Feature", "properties": { "id": 1656, "population": 369, "o_score_pt": 740.115, "o_score_car": 1131.357, "CDI": 0.209 }, "geometry": { "type": "Polygon", "coordinates": [ [ [ -122.29576, 47.72689 ], [ -122.2983, 47.72667 ], [ -122.29967, 47.72795 ], [ -122.2985, 47.72946 ], [ -122.29595, 47.72968 ], [ -122.29459, 47.7284 ], [ -122.29576, 47.72689 ] ] ] } },
{ "type": "Feature", "properties": { "id": 1657, "population": 216, "o_score_pt": 634.212, "o_score_car": 1111.288, "CDI": 0.273 }, "geometry": { "type": "Polygon", "coordinates": [ [ [ -122.39623, 47.65365 ], [ -122.39851, 47.65344 ], [ -122.39971, 47.65457 ], [ -122.39867, 47.65592 ], [ -122.39638, 47.65613 ], [ -122.39518, 47.655 ], [ -122.39623, 47.65365 ] ] ] } },
{ "type": "Feature", "properties": { "id": 1658, "population": 525, "o_score_pt": 1207.779, "o_score_car": 1506.73, "CDI": 0.11 }, "geometry": { "type": "Polygon", "coordinates": [ [ [ -122.34543, 47.65651 ], [ -122.34802, 47.65628 ], [ -122.34942, 47.65759 ], [ -122.34823, 47.65913 ], [ -122.34564, 47.65936 ], [ -122.34424, 47.65805 ], [ -122.34543, 47.65651 ] ] ] } },
{ "type": "Feature", "properties": { "id": 1659, "population": 198, "o_score_pt": 442.529, "o_score_car": 968.73, "CDI": 0.373 }, "geometry": { "type": "Polygon", "coordinates": [ [ [ -122.2678, 47.49829 ], [ -122.27004, 47.4981 ], [ -122.27121, 47.4992 ], [ -122.27019, 47.50053 ], [ -122.26795, 47.50073 ], [ -122.26677, 47.49962 ], [ -122.2678, 47.49829 ] ] ] } },
{ "type": "Feature", "properties": { "id": 1660, "population": 212, "o_score_pt": 825.401, "o_score_car": 1269.758, "CDI": 0.212 }, "geometry": { "type": "Polygon", "coordinates": [ [ [ -122.28925, 47.6889 ], [ -122.29153, 47.6887 ], [ -122.29273, 47.68982 ], [ -122.29168, 47.69117 ], [ -122.2894, 47.69137 ], [ -122.28821, 47.69025 ], [ -122.28925, 47.6889 ] ] ] } },
{ "type": "Feature", "properties": { "id": 1661, "population": 47, "o_score_pt": 0.533, "o_score_car": 933.544, "CDI": 0.999 }, "geometry": { "type": "Polygon", "coordinates": [ [ [ -122.28056, 47.72596 ], [ -122.28212, 47.72582 ], [ -122.28286, 47.72651 ], [ -122.28215, 47.72742 ], [ -122.28059, 47.72756 ], [ -122.27985, 47.72686 ], [ -122.28056, 47.72596 ] ] ] } },
{ "type": "Feature", "properties": { "id": 1662, "population": 174, "o_score_pt": 584.392, "o_score_car": 1074.789, "CDI": 0.296 }, "geometry": { "type": "Polygon", "coordinates": [ [ [ -122.39542, 47.69538 ], [ -122.3976, 47.69519 ], [ -122.39874, 47.69626 ], [ -122.39775, 47.69754 ], [ -122.39556, 47.69774 ], [ -122.39443, 47.69667 ], [ -122.39542, 47.69538 ] ] ] } },
{ "type": "Feature", "properties": { "id": 1663, "population": 211, "o_score_pt": 711.599, "o_score_car": 1243.825, "CDI": 0.272 }, "geometry": { "type": "Polygon", "coordinates": [ [ [ -122.33902, 47.72755 ], [ -122.34129, 47.72735 ], [ -122.34249, 47.72847 ], [ -122.34145, 47.72982 ], [ -122.33917, 47.73002 ], [ -122.33797, 47.7289 ], [ -122.33902, 47.72755 ] ] ] } },
{ "type": "Feature", "properties": { "id": 1664, "population": 231, "o_score_pt": 837.422, "o_score_car": 1308.527, "CDI": 0.22 }, "geometry": { "type": "Polygon", "coordinates": [ [ [ -122.31527, 47.56167 ], [ -122.31759, 47.56147 ], [ -122.31881, 47.56262 ], [ -122.31775, 47.56399 ], [ -122.31543, 47.5642 ], [ -122.31421, 47.56305 ], [ -122.31527, 47.56167 ] ] ] } },
{ "type": "Feature", "properties": { "id": 1665, "population": 400, "o_score_pt": 1022.041, "o_score_car": 1370.349, "CDI": 0.146 }, "geometry": { "type": "Polygon", "coordinates": [ [ [ -122.30205, 47.59715 ], [ -122.30463, 47.59693 ], [ -122.30602, 47.59824 ], [ -122.30483, 47.59977 ], [ -122.30225, 47.6 ], [ -122.30086, 47.59869 ], [ -122.30205, 47.59715 ] ] ] } },
{ "type": "Feature", "properties": { "id": 1666, "population": 252, "o_score_pt": 874.093, "o_score_car": 1274.254, "CDI": 0.186 }, "geometry": { "type": "Polygon", "coordinates": [ [ [ -122.37096, 47.6831 ], [ -122.37332, 47.68289 ], [ -122.37457, 47.68406 ], [ -122.37349, 47.68546 ], [ -122.37113, 47.68566 ], [ -122.36988, 47.68449 ], [ -122.37096, 47.6831 ] ] ] } },
{ "type": "Feature", "properties": { "id": 1667, "population": 381, "o_score_pt": 1129.693, "o_score_car": 1460.996, "CDI": 0.128 }, "geometry": { "type": "Polygon", "coordinates": [ [ [ -122.35239, 47.64443 ], [ -122.35495, 47.64421 ], [ -122.35633, 47.6455 ], [ -122.35515, 47.64702 ], [ -122.3526, 47.64725 ], [ -122.35122, 47.64595 ], [ -122.35239, 47.64443 ] ] ] } },
{ "type": "Feature", "properties": { "id": 1668, "population": 192, "o_score_pt": 957.558, "o_score_car": 1467.424, "CDI": 0.21 }, "geometry": { "type": "Polygon", "coordinates": [ [ [ -122.32418, 47.68443 ], [ -122.3264, 47.68423 ], [ -122.32757, 47.68533 ], [ -122.32655, 47.68665 ], [ -122.32432, 47.68684 ], [ -122.32315, 47.68575 ], [ -122.32418, 47.68443 ] ] ] } },
{ "type": "Feature", "properties": { "id": 1669, "population": 155, "o_score_pt": 607.829, "o_score_car": 1106.657, "CDI": 0.291 }, "geometry": { "type": "Polygon", "coordinates": [ [ [ -122.40683, 47.63702 ], [ -122.40895, 47.63683 ], [ -122.41005, 47.63786 ], [ -122.40908, 47.63912 ], [ -122.40696, 47.6393 ], [ -122.40586, 47.63827 ], [ -122.40683, 47.63702 ] ] ] } },
{ "type": "Feature", "properties": { "id": 1670, "population": 337, "o_score_pt": 825.603, "o_score_car": 1231.098, "CDI": 0.197 }, "geometry": { "type": "Polygon", "coordinates": [ [ [ -122.28635, 47.59571 ], [ -122.28885, 47.59549 ], [ -122.29019, 47.59675 ], [ -122.28904, 47.59823 ], [ -122.28654, 47.59845 ], [ -122.2852, 47.59719 ], [ -122.28635, 47.59571 ] ] ] } },
{ "type": "Feature", "properties": { "id": 1671, "population": 432, "o_score_pt": 964.751, "o_score_car": 1500.19, "CDI": 0.217 }, "geometry": { "type": "Polygon", "coordinates": [ [ [ -122.32067, 47.63859 ], [ -122.32326, 47.63837 ], [ -122.32466, 47.63968 ], [ -122.32346, 47.64122 ], [ -122.32087, 47.64145 ], [ -122.31947, 47.64013 ], [ -122.32067, 47.63859 ] ] ] } },
{ "type": "Feature", "properties": { "id": 1672, "population": 90, "o_score_pt": 550.852, "o_score_car": 1175.432, "CDI": 0.362 }, "geometry": { "type": "Polygon", "coordinates": [ [ [ -122.36555, 47.71256 ], [ -122.36741, 47.71239 ], [ -122.36835, 47.71327 ], [ -122.3675, 47.71437 ], [ -122.36563, 47.71453 ], [ -122.3647, 47.71366 ], [ -122.36555, 47.71256 ] ] ] } },
{ "type": "Feature", "properties": { "id": 1673, "population": 0, "o_score_pt": 805.443, "o_score_car": 1386.399, "CDI": 0.265 }, "geometry": { "type": "Polygon", "coordinates": [ [ [ -122.3419, 47.58934 ], [ -122.3419, 47.58934 ], [ -122.34184, 47.58934 ], [ -122.34184, 47.58934 ], [ -122.3419, 47.58934 ] ] ] } },
{ "type": "Feature", "properties": { "id": 1674, "population": 88, "o_score_pt": 837.197, "o_score_car": 1273.386, "CDI": 0.207 }, "geometry": { "type": "Polygon", "coordinates": [ [ [ -122.32248, 47.54982 ], [ -122.32433, 47.54966 ], [ -122.32526, 47.55053 ], [ -122.32442, 47.55163 ], [ -122.32257, 47.55179 ], [ -122.32164, 47.55091 ], [ -122.32248, 47.54982 ] ] ] } },
{ "type": "Feature", "properties": { "id": 1675, "population": 806, "o_score_pt": 956.358, "o_score_car": 1308.454, "CDI": 0.155 }, "geometry": { "type": "Polygon", "coordinates": [ [ [ -122.37776, 47.67087 ], [ -122.38036, 47.67065 ], [ -122.38175, 47.67196 ], [ -122.38056, 47.6735 ], [ -122.37797, 47.67373 ], [ -122.37657, 47.67241 ], [ -122.37776, 47.67087 ] ] ] } },
{ "type": "Feature", "properties": { "id": 1676, "population": 174, "o_score_pt": 789.989, "o_score_car": 1008.046, "CDI": 0.121 }, "geometry": { "type": "Polygon", "coordinates": [ [ [ -122.27744, 47.52338 ], [ -122.27961, 47.52319 ], [ -122.28075, 47.52426 ], [ -122.27975, 47.52555 ], [ -122.27757, 47.52574 ], [ -122.27644, 47.52467 ], [ -122.27744, 47.52338 ] ] ] } },
{ "type": "Feature", "properties": { "id": 1677, "population": 261, "o_score_pt": 730.132, "o_score_car": 1099.611, "CDI": 0.202 }, "geometry": { "type": "Polygon", "coordinates": [ [ [ -122.28828, 47.73052 ], [ -122.29065, 47.73031 ], [ -122.29192, 47.73149 ], [ -122.29082, 47.7329 ], [ -122.28845, 47.7331 ], [ -122.28718, 47.73192 ], [ -122.28828, 47.73052 ] ] ] } },
{ "type": "Feature", "properties": { "id": 1678, "population": 436, "o_score_pt": 631.168, "o_score_car": 1211.152, "CDI": 0.315 }, "geometry": { "type": "Polygon", "coordinates": [ [ [ -122.29038, 47.54356 ], [ -122.29297, 47.54334 ], [ -122.29436, 47.54465 ], [ -122.29317, 47.54619 ], [ -122.29058, 47.54642 ], [ -122.28919, 47.5451 ], [ -122.29038, 47.54356 ] ] ] } },
{ "type": "Feature", "properties": { "id": 1679, "population": 118, "o_score_pt": 566.212, "o_score_car": 1150.147, "CDI": 0.34 }, "geometry": { "type": "Polygon", "coordinates": [ [ [ -122.27744, 47.6858 ], [ -122.27943, 47.68563 ], [ -122.28045, 47.68658 ], [ -122.27954, 47.68776 ], [ -122.27755, 47.68793 ], [ -122.27653, 47.68698 ], [ -122.27744, 47.6858 ] ] ] } },
{ "type": "Feature", "properties": { "id": 1680, "population": 313, "o_score_pt": 1080.327, "o_score_car": 1419.572, "CDI": 0.136 }, "geometry": { "type": "Polygon", "coordinates": [ [ [ -122.30039, 47.62753 ], [ -122.30285, 47.62732 ], [ -122.30416, 47.62855 ], [ -122.30303, 47.63001 ], [ -122.30057, 47.63023 ], [ -122.29925, 47.62899 ], [ -122.30039, 47.62753 ] ] ] } },
{ "type": "Feature", "properties": { "id": 1681, "population": 126, "o_score_pt": 851.364, "o_score_car": 1328.592, "CDI": 0.219 }, "geometry": { "type": "Polygon", "coordinates": [ [ [ -122.33035, 47.71413 ], [ -122.33238, 47.71395 ], [ -122.33341, 47.71492 ], [ -122.33249, 47.71612 ], [ -122.33046, 47.7163 ], [ -122.32942, 47.71532 ], [ -122.33035, 47.71413 ] ] ] } },
{ "type": "Feature", "properties": { "id": 1682, "population": 373, "o_score_pt": 1019.849, "o_score_car": 1489.216, "CDI": 0.187 }, "geometry": { "type": "Polygon", "coordinates": [ [ [ -122.32778, 47.68248 ], [ -122.33032, 47.68226 ], [ -122.33169, 47.68354 ], [ -122.33052, 47.68506 ], [ -122.32797, 47.68528 ], [ -122.3266, 47.684 ], [ -122.32778, 47.68248 ] ] ] } },
{ "type": "Feature", "properties": { "id": 1683, "population": 213, "o_score_pt": 1014.539, "o_score_car": 1332.189, "CDI": 0.135 }, "geometry": { "type": "Polygon", "coordinates": [ [ [ -122.30202, 47.59447 ], [ -122.30429, 47.59427 ], [ -122.30549, 47.5954 ], [ -122.30445, 47.59674 ], [ -122.30217, 47.59694 ], [ -122.30097, 47.59582 ], [ -122.30202, 47.59447 ] ] ] } },
{ "type": "Feature", "properties": { "id": 1684, "population": 212, "o_score_pt": 1225.848, "o_score_car": 1458.461, "CDI": 0.087 }, "geometry": { "type": "Polygon", "coordinates": [ [ [ -122.35846, 47.61823 ], [ -122.36074, 47.61803 ], [ -122.36194, 47.61915 ], [ -122.36089, 47.6205 ], [ -122.35862, 47.6207 ], [ -122.35742, 47.61958 ], [ -122.35846, 47.61823 ] ] ] } },
{ "type": "Feature", "properties": { "id": 1685, "population": 75, "o_score_pt": 977.07, "o_score_car": 1408.935, "CDI": 0.181 }, "geometry": { "type": "Polygon", "coordinates": [ [ [ -122.30386, 47.67071 ], [ -122.30564, 47.67055 ], [ -122.30652, 47.67138 ], [ -122.30572, 47.67242 ], [ -122.30394, 47.67258 ], [ -122.30306, 47.67175 ], [ -122.30386, 47.67071 ] ] ] } },
{ "type": "Feature", "properties": { "id": 1686, "population": 515, "o_score_pt": 634.4, "o_score_car": 1011.378, "CDI": 0.229 }, "geometry": { "type": "Polygon", "coordinates": [ [ [ -122.27005, 47.5324 ], [ -122.27263, 47.53217 ], [ -122.27403, 47.53349 ], [ -122.27284, 47.53503 ], [ -122.27025, 47.53526 ], [ -122.26885, 47.53394 ], [ -122.27005, 47.5324 ] ] ] } },
{ "type": "Feature", "properties": { "id": 1687, "population": 0, "o_score_pt": 317.077, "o_score_car": 965.777, "CDI": 0.506 }, "geometry": { "type": "Polygon", "coordinates": [ [ [ -122.42121, 47.65842 ], [ -122.42121, 47.65842 ], [ -122.42114, 47.65842 ], [ -122.42114, 47.65842 ], [ -122.42121, 47.65842 ] ] ] } },
{ "type": "Feature", "properties": { "id": 1688, "population": 1528, "o_score_pt": 1373.023, "o_score_car": 1568.252, "CDI": 0.066 }, "geometry": { "type": "Polygon", "coordinates": [ [ [ -122.32658, 47.61223 ], [ -122.32917, 47.612 ], [ -122.33057, 47.61331 ], [ -122.32938, 47.61485 ], [ -122.32679, 47.61508 ], [ -122.32539, 47.61377 ], [ -122.32658, 47.61223 ] ] ] } },
{ "type": "Feature", "properties": { "id": 1689, "population": 35, "o_score_pt": 550.949, "o_score_car": 1203.968, "CDI": 0.372 }, "geometry": { "type": "Polygon", "coordinates": [ [ [ -122.3656, 47.70996 ], [ -122.36702, 47.70983 ], [ -122.36767, 47.71044 ], [ -122.36703, 47.71127 ], [ -122.36561, 47.71139 ], [ -122.36496, 47.71078 ], [ -122.3656, 47.70996 ] ] ] } },
{ "type": "Feature", "properties": { "id": 1690, "population": 290, "o_score_pt": 844.972, "o_score_car": 1241.852, "CDI": 0.19 }, "geometry": { "type": "Polygon", "coordinates": [ [ [ -122.30258, 47.71202 ], [ -122.30501, 47.71181 ], [ -122.3063, 47.71302 ], [ -122.30518, 47.71446 ], [ -122.30276, 47.71467 ], [ -122.30146, 47.71346 ], [ -122.30258, 47.71202 ] ] ] } },
{ "type": "Feature", "properties": { "id": 1691, "population": 287, "o_score_pt": 620.496, "o_score_car": 1165.614, "CDI": 0.305 }, "geometry": { "type": "Polygon", "coordinates": [ [ [ -122.30381, 47.72913 ], [ -122.30624, 47.72891 ], [ -122.30753, 47.73012 ], [ -122.30641, 47.73156 ], [ -122.30399, 47.73177 ], [ -122.3027, 47.73056 ], [ -122.30381, 47.72913 ] ] ] } },
{ "type": "Feature", "properties": { "id": 1692, "population": 981, "o_score_pt": 673.69, "o_score_car": 1177.817, "CDI": 0.272 }, "geometry": { "type": "Polygon", "coordinates": [ [ [ -122.38807, 47.65131 ], [ -122.39066, 47.65108 ], [ -122.39206, 47.65239 ], [ -122.39087, 47.65393 ], [ -122.38828, 47.65416 ], [ -122.38688, 47.65285 ], [ -122.38807, 47.65131 ] ] ] } },
{ "type": "Feature", "properties": { "id": 1693, "population": 817, "o_score_pt": 1267.456, "o_score_car": 1523.022, "CDI": 0.092 }, "geometry": { "type": "Polygon", "coordinates": [ [ [ -122.34165, 47.65828 ], [ -122.34424, 47.65805 ], [ -122.34564, 47.65936 ], [ -122.34444, 47.6609 ], [ -122.34185, 47.66113 ], [ -122.34045, 47.65982 ], [ -122.34165, 47.65828 ] ] ] } },
{ "type": "Feature", "properties": { "id": 1694, "population": 332, "o_score_pt": 772.038, "o_score_car": 1224.757, "CDI": 0.227 }, "geometry": { "type": "Polygon", "coordinates": [ [ [ -122.28534, 47.69055 ], [ -122.28783, 47.69033 ], [ -122.28917, 47.69158 ], [ -122.28802, 47.69306 ], [ -122.28553, 47.69328 ], [ -122.28419, 47.69202 ], [ -122.28534, 47.69055 ] ] ] } },
{ "type": "Feature", "properties": { "id": 1695, "population": 355, "o_score_pt": 710.936, "o_score_car": 1154.094, "CDI": 0.238 }, "geometry": { "type": "Polygon", "coordinates": [ [ [ -122.3946, 47.68664 ], [ -122.39712, 47.68642 ], [ -122.39848, 47.68769 ], [ -122.39732, 47.68919 ], [ -122.3948, 47.68941 ], [ -122.39344, 47.68814 ], [ -122.3946, 47.68664 ] ] ] } },
{ "type": "Feature", "properties": { "id": 1696, "population": 0, "o_score_pt": 1305.09, "o_score_car": 1494.995, "CDI": 0.068 }, "geometry": { "type": "Polygon", "coordinates": [ [ [ -122.31137, 47.65376 ], [ -122.31137, 47.65376 ], [ -122.3113, 47.65377 ], [ -122.3113, 47.65377 ], [ -122.31137, 47.65376 ] ] ] } },
{ "type": "Feature", "properties": { "id": 1697, "population": 274, "o_score_pt": 1225.747, "o_score_car": 1391.772, "CDI": 0.063 }, "geometry": { "type": "Polygon", "coordinates": [ [ [ -122.28713, 47.66031 ], [ -122.28953, 47.6601 ], [ -122.2908, 47.6613 ], [ -122.2897, 47.66272 ], [ -122.2873, 47.66293 ], [ -122.28603, 47.66174 ], [ -122.28713, 47.66031 ] ] ] } },
{ "type": "Feature", "properties": { "id": 1698, "population": 397, "o_score_pt": 1176.224, "o_score_car": 1479.869, "CDI": 0.114 }, "geometry": { "type": "Polygon", "coordinates": [ [ [ -122.33595, 47.68748 ], [ -122.33852, 47.68726 ], [ -122.33991, 47.68856 ], [ -122.33873, 47.69009 ], [ -122.33615, 47.69032 ], [ -122.33476, 47.68902 ], [ -122.33595, 47.68748 ] ] ] } },
{ "type": "Feature", "properties": { "id": 1699, "population": 193, "o_score_pt": 906.333, "o_score_car": 1361.962, "CDI": 0.201 }, "geometry": { "type": "Polygon", "coordinates": [ [ [ -122.31154, 47.56349 ], [ -122.31377, 47.56329 ], [ -122.31494, 47.56439 ], [ -122.31392, 47.56571 ], [ -122.31169, 47.56591 ], [ -122.31052, 47.56481 ], [ -122.31154, 47.56349 ] ] ] } },
{ "type": "Feature", "properties": { "id": 1700, "population": 575, "o_score_pt": 1121.9, "o_score_car": 1434.968, "CDI": 0.122 }, "geometry": { "type": "Polygon", "coordinates": [ [ [ -122.31002, 47.59932 ], [ -122.31261, 47.59909 ], [ -122.314, 47.60041 ], [ -122.31281, 47.60195 ], [ -122.31022, 47.60218 ], [ -122.30882, 47.60086 ], [ -122.31002, 47.59932 ] ] ] } },
{ "type": "Feature", "properties": { "id": 1701, "population": 348, "o_score_pt": 971.118, "o_score_car": 1349.643, "CDI": 0.163 }, "geometry": { "type": "Polygon", "coordinates": [ [ [ -122.36796, 47.64309 ], [ -122.37047, 47.64287 ], [ -122.37182, 47.64413 ], [ -122.37067, 47.64562 ], [ -122.36816, 47.64585 ], [ -122.36681, 47.64458 ], [ -122.36796, 47.64309 ] ] ] } },
{ "type": "Feature", "properties": { "id": 1702, "population": 200, "o_score_pt": 1348.476, "o_score_car": 1491.788, "CDI": 0.05 }, "geometry": { "type": "Polygon", "coordinates": [ [ [ -122.31178, 47.67546 ], [ -122.31403, 47.67527 ], [ -122.31521, 47.67637 ], [ -122.31418, 47.6777 ], [ -122.31193, 47.6779 ], [ -122.31075, 47.67679 ], [ -122.31178, 47.67546 ] ] ] } },
{ "type": "Feature", "properties": { "id": 1703, "population": 302, "o_score_pt": 719.845, "o_score_car": 1112.413, "CDI": 0.214 }, "geometry": { "type": "Polygon", "coordinates": [ [ [ -122.27974, 47.55752 ], [ -122.28218, 47.55731 ], [ -122.28348, 47.55853 ], [ -122.28236, 47.55999 ], [ -122.27992, 47.5602 ], [ -122.27861, 47.55897 ], [ -122.27974, 47.55752 ] ] ] } },
{ "type": "Feature", "properties": { "id": 1704, "population": 224, "o_score_pt": 644.579, "o_score_car": 1127.497, "CDI": 0.273 }, "geometry": { "type": "Polygon", "coordinates": [ [ [ -122.40294, 47.63869 ], [ -122.40524, 47.63848 ], [ -122.40646, 47.63962 ], [ -122.4054, 47.64099 ], [ -122.4031, 47.64119 ], [ -122.40189, 47.64005 ], [ -122.40294, 47.63869 ] ] ] } },
{ "type": "Feature", "properties": { "id": 1705, "population": 70, "o_score_pt": 13.372, "o_score_car": 1040.361, "CDI": 0.975 }, "geometry": { "type": "Polygon", "coordinates": [ [ [ -122.3736, 47.71479 ], [ -122.37535, 47.71463 ], [ -122.37621, 47.71544 ], [ -122.37542, 47.71646 ], [ -122.37367, 47.71662 ], [ -122.37281, 47.71581 ], [ -122.3736, 47.71479 ] ] ] } },
{ "type": "Feature", "properties": { "id": 1706, "population": 218, "o_score_pt": 841.828, "o_score_car": 1351.121, "CDI": 0.232 }, "geometry": { "type": "Polygon", "coordinates": [ [ [ -122.37125, 47.63289 ], [ -122.37354, 47.63268 ], [ -122.37474, 47.63382 ], [ -122.3737, 47.63517 ], [ -122.37141, 47.63537 ], [ -122.3702, 47.63424 ], [ -122.37125, 47.63289 ] ] ] } },
{ "type": "Feature", "properties": { "id": 1707, "population": 296, "o_score_pt": 664.144, "o_score_car": 1137.111, "CDI": 0.263 }, "geometry": { "type": "Polygon", "coordinates": [ [ [ -122.39781, 47.67637 ], [ -122.40024, 47.67615 ], [ -122.40154, 47.67737 ], [ -122.40042, 47.67882 ], [ -122.39799, 47.67903 ], [ -122.39669, 47.67781 ], [ -122.39781, 47.67637 ] ] ] } },
{ "type": "Feature", "properties": { "id": 1708, "population": 321, "o_score_pt": 627.857, "o_score_car": 978.585, "CDI": 0.218 }, "geometry": { "type": "Polygon", "coordinates": [ [ [ -122.2693, 47.52103 ], [ -122.27177, 47.52082 ], [ -122.27309, 47.52206 ], [ -122.27195, 47.52353 ], [ -122.26948, 47.52375 ], [ -122.26816, 47.5225 ], [ -122.2693, 47.52103 ] ] ] } },
{ "type": "Feature", "properties": { "id": 1709, "population": 4, "o_score_pt": 609.174, "o_score_car": 1208.891, "CDI": 0.33 }, "geometry": { "type": "Polygon", "coordinates": [ [ [ -122.30714, 47.5434 ], [ -122.30761, 47.54335 ], [ -122.30765, 47.5434 ], [ -122.30747, 47.54364 ], [ -122.307, 47.54368 ], [ -122.30696, 47.54364 ], [ -122.30714, 47.5434 ] ] ] } },
{ "type": "Feature", "properties": { "id": 1710, "population": 27, "o_score_pt": 573.919, "o_score_car": 1178.675, "CDI": 0.345 }, "geometry": { "type": "Polygon", "coordinates": [ [ [ -122.26986, 47.68402 ], [ -122.27116, 47.68391 ], [ -122.27173, 47.68445 ], [ -122.27115, 47.6852 ], [ -122.26985, 47.68531 ], [ -122.26928, 47.68477 ], [ -122.26986, 47.68402 ] ] ] } },
{ "type": "Feature", "properties": { "id": 1711, "population": 136, "o_score_pt": 343.526, "o_score_car": 803.744, "CDI": 0.401 }, "geometry": { "type": "Polygon", "coordinates": [ [ [ -122.24523, 47.509 ], [ -122.24729, 47.50882 ], [ -122.24835, 47.50982 ], [ -122.2474, 47.51104 ], [ -122.24534, 47.51122 ], [ -122.24428, 47.51022 ], [ -122.24523, 47.509 ] ] ] } },
{ "type": "Feature", "properties": { "id": 1712, "population": 95, "o_score_pt": 623.401, "o_score_car": 1354.551, "CDI": 0.37 }, "geometry": { "type": "Polygon", "coordinates": [ [ [ -122.28579, 47.63777 ], [ -122.28768, 47.63761 ], [ -122.28863, 47.6385 ], [ -122.28777, 47.63962 ], [ -122.28588, 47.63978 ], [ -122.28492, 47.63889 ], [ -122.28579, 47.63777 ] ] ] } },
{ "type": "Feature", "properties": { "id": 1713, "population": 313, "o_score_pt": 981.637, "o_score_car": 1362.778, "CDI": 0.163 }, "geometry": { "type": "Polygon", "coordinates": [ [ [ -122.35576, 47.69011 ], [ -122.35823, 47.68989 ], [ -122.35954, 47.69113 ], [ -122.35841, 47.69259 ], [ -122.35595, 47.69281 ], [ -122.35463, 47.69157 ], [ -122.35576, 47.69011 ] ] ] } },
{ "type": "Feature", "properties": { "id": 1714, "population": 213, "o_score_pt": 839.608, "o_score_car": 1295.435, "CDI": 0.213 }, "geometry": { "type": "Polygon", "coordinates": [ [ [ -122.32642, 47.71576 ], [ -122.32869, 47.71556 ], [ -122.32989, 47.71668 ], [ -122.32885, 47.71803 ], [ -122.32657, 47.71823 ], [ -122.32537, 47.7171 ], [ -122.32642, 47.71576 ] ] ] } },
{ "type": "Feature", "properties": { "id": 1715, "population": 56, "o_score_pt": 576.843, "o_score_car": 1053.511, "CDI": 0.292 }, "geometry": { "type": "Polygon", "coordinates": [ [ [ -122.27007, 47.68953 ], [ -122.27171, 47.68939 ], [ -122.2725, 47.69013 ], [ -122.27176, 47.69109 ], [ -122.27012, 47.69123 ], [ -122.26933, 47.69049 ], [ -122.27007, 47.68953 ] ] ] } },
{ "type": "Feature", "properties": { "id": 1716, "population": 342, "o_score_pt": 1099.003, "o_score_car": 1514.628, "CDI": 0.159 }, "geometry": { "type": "Polygon", "coordinates": [ [ [ -122.32718, 47.67395 ], [ -122.32969, 47.67373 ], [ -122.33103, 47.67499 ], [ -122.32988, 47.67648 ], [ -122.32737, 47.6767 ], [ -122.32603, 47.67544 ], [ -122.32718, 47.67395 ] ] ] } },
{ "type": "Feature", "properties": { "id": 1717, "population": 383, "o_score_pt": 1006.773, "o_score_car": 1330.155, "CDI": 0.138 }, "geometry": { "type": "Polygon", "coordinates": [ [ [ -122.29429, 47.59785 ], [ -122.29685, 47.59762 ], [ -122.29823, 47.59892 ], [ -122.29705, 47.60044 ], [ -122.29449, 47.60066 ], [ -122.29311, 47.59937 ], [ -122.29429, 47.59785 ] ] ] } },
{ "type": "Feature", "properties": { "id": 1718, "population": 161, "o_score_pt": 834.29, "o_score_car": 1172.791, "CDI": 0.169 }, "geometry": { "type": "Polygon", "coordinates": [ [ [ -122.28972, 47.58557 ], [ -122.29187, 47.58538 ], [ -122.29298, 47.58643 ], [ -122.292, 47.5877 ], [ -122.28986, 47.58789 ], [ -122.28874, 47.58684 ], [ -122.28972, 47.58557 ] ] ] } },
{ "type": "Feature", "properties": { "id": 1719, "population": 18, "o_score_pt": 15.422, "o_score_car": 1051.782, "CDI": 0.971 }, "geometry": { "type": "Polygon", "coordinates": [ [ [ -122.37775, 47.71338 ], [ -122.37887, 47.71328 ], [ -122.37932, 47.7137 ], [ -122.37883, 47.71434 ], [ -122.37772, 47.71444 ], [ -122.37726, 47.71401 ], [ -122.37775, 47.71338 ] ] ] } },
{ "type": "Feature", "properties": { "id": 1720, "population": 579, "o_score_pt": 576.745, "o_score_car": 1075.773, "CDI": 0.302 }, "geometry": { "type": "Polygon", "coordinates": [ [ [ -122.27086, 47.54383 ], [ -122.27345, 47.54361 ], [ -122.27485, 47.54492 ], [ -122.27366, 47.54646 ], [ -122.27107, 47.54669 ], [ -122.26967, 47.54537 ], [ -122.27086, 47.54383 ] ] ] } },
{ "type": "Feature", "properties": { "id": 1721, "population": 85, "o_score_pt": 567.647, "o_score_car": 1153.579, "CDI": 0.34 }, "geometry": { "type": "Polygon", "coordinates": [ [ [ -122.26054, 47.66729 ], [ -122.26238, 47.66713 ], [ -122.2633, 47.66799 ], [ -122.26246, 47.66907 ], [ -122.26062, 47.66923 ], [ -122.2597, 47.66837 ], [ -122.26054, 47.66729 ] ] ] } },
{ "type": "Feature", "properties": { "id": 1722, "population": 859, "o_score_pt": 1454.945, "o_score_car": 1581.703, "CDI": 0.042 }, "geometry": { "type": "Polygon", "coordinates": [ [ [ -122.33456, 47.6144 ], [ -122.33715, 47.61417 ], [ -122.33855, 47.61548 ], [ -122.33736, 47.61703 ], [ -122.33477, 47.61725 ], [ -122.33337, 47.61594 ], [ -122.33456, 47.6144 ] ] ] } },
{ "type": "Feature", "properties": { "id": 1723, "population": 395, "o_score_pt": 923.559, "o_score_car": 1307.992, "CDI": 0.172 }, "geometry": { "type": "Polygon", "coordinates": [ [ [ -122.35254, 47.70037 ], [ -122.35511, 47.70014 ], [ -122.3565, 47.70144 ], [ -122.35531, 47.70297 ], [ -122.35274, 47.7032 ], [ -122.35135, 47.7019 ], [ -122.35254, 47.70037 ] ] ] } },
{ "type": "Feature", "properties": { "id": 1724, "population": 12, "o_score_pt": 1120.799, "o_score_car": 1386.166, "CDI": 0.106 }, "geometry": { "type": "Polygon", "coordinates": [ [ [ -122.32151, 47.58353 ], [ -122.32243, 47.58345 ], [ -122.32277, 47.58377 ], [ -122.32236, 47.58429 ], [ -122.32144, 47.58437 ], [ -122.3211, 47.58405 ], [ -122.32151, 47.58353 ] ] ] } },
{ "type": "Feature", "properties": { "id": 1725, "population": 456, "o_score_pt": 862.008, "o_score_car": 1244.685, "CDI": 0.182 }, "geometry": { "type": "Polygon", "coordinates": [ [ [ -122.31047, 47.7141 ], [ -122.31306, 47.71387 ], [ -122.31446, 47.71518 ], [ -122.31327, 47.71672 ], [ -122.31067, 47.71695 ], [ -122.30927, 47.71564 ], [ -122.31047, 47.7141 ] ] ] } },
{ "type": "Feature", "properties": { "id": 1726, "population": 0, "o_score_pt": 9.31, "o_score_car": 1005.632, "CDI": 0.982 }, "geometry": { "type": "Polygon", "coordinates": [ [ [ -122.32071, 47.72897 ], [ -122.32071, 47.72897 ], [ -122.32064, 47.72898 ], [ -122.32064, 47.72898 ], [ -122.32071, 47.72897 ] ] ] } },
{ "type": "Feature", "properties": { "id": 1727, "population": 451, "o_score_pt": 1062.918, "o_score_car": 1512.251, "CDI": 0.174 }, "geometry": { "type": "Polygon", "coordinates": [ [ [ -122.33367, 47.65611 ], [ -122.33626, 47.65588 ], [ -122.33766, 47.65719 ], [ -122.33646, 47.65873 ], [ -122.33387, 47.65896 ], [ -122.33247, 47.65765 ], [ -122.33367, 47.65611 ] ] ] } },
{ "type": "Feature", "properties": { "id": 1728, "population": 306, "o_score_pt": 792.334, "o_score_car": 1137.257, "CDI": 0.179 }, "geometry": { "type": "Polygon", "coordinates": [ [ [ -122.28762, 47.72192 ], [ -122.29007, 47.72171 ], [ -122.29138, 47.72294 ], [ -122.29025, 47.72439 ], [ -122.2878, 47.72461 ], [ -122.28649, 47.72338 ], [ -122.28762, 47.72192 ] ] ] } },
{ "type": "Feature", "properties": { "id": 1729, "population": 433, "o_score_pt": 989.763, "o_score_car": 1492.127, "CDI": 0.202 }, "geometry": { "type": "Polygon", "coordinates": [ [ [ -122.33195, 47.68639 ], [ -122.33454, 47.68617 ], [ -122.33594, 47.68748 ], [ -122.33475, 47.68902 ], [ -122.33215, 47.68924 ], [ -122.33075, 47.68793 ], [ -122.33195, 47.68639 ] ] ] } },
{ "type": "Feature", "properties": { "id": 1730, "population": 240, "o_score_pt": 788.554, "o_score_car": 1163.259, "CDI": 0.192 }, "geometry": { "type": "Polygon", "coordinates": [ [ [ -122.27888, 47.70842 ], [ -122.28122, 47.70822 ], [ -122.28245, 47.70937 ], [ -122.28138, 47.71076 ], [ -122.27904, 47.71096 ], [ -122.27781, 47.7098 ], [ -122.27888, 47.70842 ] ] ] } },
{ "type": "Feature", "properties": { "id": 1731, "population": 415, "o_score_pt": 859.315, "o_score_car": 1182.074, "CDI": 0.158 }, "geometry": { "type": "Polygon", "coordinates": [ [ [ -122.39078, 47.68837 ], [ -122.39337, 47.68814 ], [ -122.39477, 47.68945 ], [ -122.39358, 47.69099 ], [ -122.39099, 47.69122 ], [ -122.38959, 47.68991 ], [ -122.39078, 47.68837 ] ] ] } },
{ "type": "Feature", "properties": { "id": 1732, "population": 314, "o_score_pt": 1056.615, "o_score_car": 1355.964, "CDI": 0.124 }, "geometry": { "type": "Polygon", "coordinates": [ [ [ -122.33684, 47.69895 ], [ -122.3393, 47.69873 ], [ -122.34062, 47.69997 ], [ -122.33949, 47.70143 ], [ -122.33702, 47.70165 ], [ -122.33571, 47.70041 ], [ -122.33684, 47.69895 ] ] ] } },
{ "type": "Feature", "properties": { "id": 1733, "population": 45, "o_score_pt": 732.015, "o_score_car": 1309.85, "CDI": 0.283 }, "geometry": { "type": "Polygon", "coordinates": [ [ [ -122.30397, 47.5617 ], [ -122.30551, 47.56157 ], [ -122.30623, 47.56225 ], [ -122.30554, 47.56315 ], [ -122.30401, 47.56328 ], [ -122.30328, 47.5626 ], [ -122.30397, 47.5617 ] ] ] } },
{ "type": "Feature", "properties": { "id": 1734, "population": 474, "o_score_pt": 1013.957, "o_score_car": 1378.055, "CDI": 0.152 }, "geometry": { "type": "Polygon", "coordinates": [ [ [ -122.29908, 47.61033 ], [ -122.30167, 47.61011 ], [ -122.30307, 47.61142 ], [ -122.30188, 47.61296 ], [ -122.29928, 47.61319 ], [ -122.29789, 47.61188 ], [ -122.29908, 47.61033 ] ] ] } },
{ "type": "Feature", "properties": { "id": 1735, "population": 424, "o_score_pt": 859.361, "o_score_car": 1358.81, "CDI": 0.225 }, "geometry": { "type": "Polygon", "coordinates": [ [ [ -122.35906, 47.68257 ], [ -122.36165, 47.68234 ], [ -122.36305, 47.68365 ], [ -122.36186, 47.68519 ], [ -122.35926, 47.68542 ], [ -122.35787, 47.68411 ], [ -122.35906, 47.68257 ] ] ] } },
{ "type": "Feature", "properties": { "id": 1736, "population": 266, "o_score_pt": 611.577, "o_score_car": 1104.751, "CDI": 0.287 }, "geometry": { "type": "Polygon", "coordinates": [ [ [ -122.27916, 47.54898 ], [ -122.28154, 47.54878 ], [ -122.2828, 47.54997 ], [ -122.28171, 47.55138 ], [ -122.27933, 47.55159 ], [ -122.27806, 47.5504 ], [ -122.27916, 47.54898 ] ] ] } },
{ "type": "Feature", "properties": { "id": 1737, "population": 596, "o_score_pt": 1275.743, "o_score_car": 1497.767, "CDI": 0.08 }, "geometry": { "type": "Polygon", "coordinates": [ [ [ -122.34419, 47.6394 ], [ -122.34678, 47.63917 ], [ -122.34818, 47.64048 ], [ -122.34699, 47.64202 ], [ -122.3444, 47.64225 ], [ -122.343, 47.64094 ], [ -122.34419, 47.6394 ] ] ] } },
{ "type": "Feature", "properties": { "id": 1738, "population": 172, "o_score_pt": 527.992, "o_score_car": 1128.774, "CDI": 0.363 }, "geometry": { "type": "Polygon", "coordinates": [ [ [ -122.36241, 47.72555 ], [ -122.36459, 47.72536 ], [ -122.36572, 47.72642 ], [ -122.36473, 47.7277 ], [ -122.36255, 47.7279 ], [ -122.36142, 47.72684 ], [ -122.36241, 47.72555 ] ] ] } },
{ "type": "Feature", "properties": { "id": 1739, "population": 0, "o_score_pt": 1157.608, "o_score_car": 1464.194, "CDI": 0.117 }, "geometry": { "type": "Polygon", "coordinates": [ [ [ -122.33015, 47.58893 ], [ -122.33015, 47.58893 ], [ -122.33008, 47.58894 ], [ -122.33008, 47.58894 ], [ -122.33015, 47.58893 ] ] ] } },
{ "type": "Feature", "properties": { "id": 1740, "population": 18, "o_score_pt": 659.093, "o_score_car": 1150.233, "CDI": 0.271 }, "geometry": { "type": "Polygon", "coordinates": [ [ [ -122.39923, 47.63257 ], [ -122.40034, 47.63247 ], [ -122.40079, 47.6329 ], [ -122.4003, 47.63353 ], [ -122.39919, 47.63363 ], [ -122.39874, 47.6332 ], [ -122.39923, 47.63257 ] ] ] } },
{ "type": "Feature", "properties": { "id": 1741, "population": 139, "o_score_pt": 1048.071, "o_score_car": 1295.188, "CDI": 0.105 }, "geometry": { "type": "Polygon", "coordinates": [ [ [ -122.38563, 47.66763 ], [ -122.3877, 47.66744 ], [ -122.38877, 47.66844 ], [ -122.38783, 47.66967 ], [ -122.38575, 47.66985 ], [ -122.38468, 47.66885 ], [ -122.38563, 47.66763 ] ] ] } },
{ "type": "Feature", "properties": { "id": 1742, "population": 47, "o_score_pt": 807.715, "o_score_car": 1272.213, "CDI": 0.223 }, "geometry": { "type": "Polygon", "coordinates": [ [ [ -122.31448, 47.54496 ], [ -122.31603, 47.54482 ], [ -122.31677, 47.54552 ], [ -122.31607, 47.54643 ], [ -122.31452, 47.54656 ], [ -122.31378, 47.54587 ], [ -122.31448, 47.54496 ] ] ] } },
{ "type": "Feature", "properties": { "id": 1743, "population": 341, "o_score_pt": 950.665, "o_score_car": 1345.082, "CDI": 0.172 }, "geometry": { "type": "Polygon", "coordinates": [ [ [ -122.29197, 47.61963 ], [ -122.29448, 47.61941 ], [ -122.29582, 47.62067 ], [ -122.29467, 47.62216 ], [ -122.29216, 47.62238 ], [ -122.29082, 47.62111 ], [ -122.29197, 47.61963 ] ] ] } },
{ "type": "Feature", "properties": { "id": 1744, "population": 430, "o_score_pt": 865.023, "o_score_car": 1301.931, "CDI": 0.202 }, "geometry": { "type": "Polygon", "coordinates": [ [ [ -122.28467, 47.68194 ], [ -122.28726, 47.68171 ], [ -122.28866, 47.68302 ], [ -122.28746, 47.68456 ], [ -122.28487, 47.68479 ], [ -122.28347, 47.68348 ], [ -122.28467, 47.68194 ] ] ] } },
{ "type": "Feature", "properties": { "id": 1745, "population": 744, "o_score_pt": 1167.398, "o_score_car": 1474.891, "CDI": 0.116 }, "geometry": { "type": "Polygon", "coordinates": [ [ [ -122.35341, 47.65868 ], [ -122.356, 47.65845 ], [ -122.3574, 47.65976 ], [ -122.35621, 47.6613 ], [ -122.35362, 47.66153 ], [ -122.35222, 47.66022 ], [ -122.35341, 47.65868 ] ] ] } },
{ "type": "Feature", "properties": { "id": 1746, "population": 164, "o_score_pt": 698.382, "o_score_car": 1303.615, "CDI": 0.302 }, "geometry": { "type": "Polygon", "coordinates": [ [ [ -122.28502, 47.62907 ], [ -122.28717, 47.62888 ], [ -122.28829, 47.62993 ], [ -122.28731, 47.6312 ], [ -122.28515, 47.63139 ], [ -122.28403, 47.63034 ], [ -122.28502, 47.62907 ] ] ] } },
{ "type": "Feature", "properties": { "id": 1747, "population": 219, "o_score_pt": 781.55, "o_score_car": 1250.142, "CDI": 0.231 }, "geometry": { "type": "Polygon", "coordinates": [ [ [ -122.33123, 47.72823 ], [ -122.33352, 47.72803 ], [ -122.33473, 47.72916 ], [ -122.33368, 47.73051 ], [ -122.33138, 47.73072 ], [ -122.33018, 47.72958 ], [ -122.33123, 47.72823 ] ] ] } },
{ "type": "Feature", "properties": { "id": 1748, "population": 347, "o_score_pt": 863.244, "o_score_car": 1266.067, "CDI": 0.189 }, "geometry": { "type": "Polygon", "coordinates": [ [ [ -122.34624, 47.72104 ], [ -122.34876, 47.72082 ], [ -122.35011, 47.72208 ], [ -122.34895, 47.72357 ], [ -122.34644, 47.72379 ], [ -122.34509, 47.72253 ], [ -122.34624, 47.72104 ] ] ] } },
{ "type": "Feature", "properties": { "id": 1749, "population": 0, "o_score_pt": 1270.93, "o_score_car": 1413.656, "CDI": 0.053 }, "geometry": { "type": "Polygon", "coordinates": [ [ [ -122.30738, 47.65268 ], [ -122.30738, 47.65268 ], [ -122.30731, 47.65269 ], [ -122.30731, 47.65269 ], [ -122.30738, 47.65268 ] ] ] } },
{ "type": "Feature", "properties": { "id": 1750, "population": 0, "o_score_pt": 842.334, "o_score_car": 1121.24, "CDI": 0.142 }, "geometry": { "type": "Polygon", "coordinates": [ [ [ -122.25857, 47.68135 ], [ -122.25857, 47.68135 ], [ -122.2585, 47.68136 ], [ -122.2585, 47.68136 ], [ -122.25857, 47.68135 ] ] ] } },
{ "type": "Feature", "properties": { "id": 1751, "population": 918, "o_score_pt": 1194.019, "o_score_car": 1524.76, "CDI": 0.122 }, "geometry": { "type": "Polygon", "coordinates": [ [ [ -122.32335, 47.67567 ], [ -122.32594, 47.67544 ], [ -122.32734, 47.67676 ], [ -122.32614, 47.6783 ], [ -122.32355, 47.67852 ], [ -122.32215, 47.67721 ], [ -122.32335, 47.67567 ] ] ] } },
{ "type": "Feature", "properties": { "id": 1752, "population": 246, "o_score_pt": 396.847, "o_score_car": 1025.053, "CDI": 0.442 }, "geometry": { "type": "Polygon", "coordinates": [ [ [ -122.41152, 47.64938 ], [ -122.41387, 47.64917 ], [ -122.41511, 47.65034 ], [ -122.41403, 47.65173 ], [ -122.41169, 47.65194 ], [ -122.41045, 47.65077 ], [ -122.41152, 47.64938 ] ] ] } },
{ "type": "Feature", "properties": { "id": 1753, "population": 341, "o_score_pt": 908.426, "o_score_car": 1331.214, "CDI": 0.189 }, "geometry": { "type": "Polygon", "coordinates": [ [ [ -122.29167, 47.6699 ], [ -122.29418, 47.66968 ], [ -122.29552, 47.67094 ], [ -122.29437, 47.67242 ], [ -122.29187, 47.67264 ], [ -122.29052, 47.67138 ], [ -122.29167, 47.6699 ] ] ] } },
{ "type": "Feature", "properties": { "id": 1754, "population": 203, "o_score_pt": 557.93, "o_score_car": 1058.967, "CDI": 0.31 }, "geometry": { "type": "Polygon", "coordinates": [ [ [ -122.26728, 47.54579 ], [ -122.26953, 47.54559 ], [ -122.27071, 47.54671 ], [ -122.26968, 47.54804 ], [ -122.26743, 47.54824 ], [ -122.26624, 47.54712 ], [ -122.26728, 47.54579 ] ] ] } },
{ "type": "Feature", "properties": { "id": 1755, "population": 224, "o_score_pt": 884.888, "o_score_car": 1240.481, "CDI": 0.167 }, "geometry": { "type": "Polygon", "coordinates": [ [ [ -122.26825, 47.6692 ], [ -122.27056, 47.669 ], [ -122.27177, 47.67014 ], [ -122.27071, 47.6715 ], [ -122.26841, 47.6717 ], [ -122.2672, 47.67056 ], [ -122.26825, 47.6692 ] ] ] } },
{ "type": "Feature", "properties": { "id": 1756, "population": 25, "o_score_pt": 1114.352, "o_score_car": 1364.268, "CDI": 0.101 }, "geometry": { "type": "Polygon", "coordinates": [ [ [ -122.32069, 47.57478 ], [ -122.32195, 47.57466 ], [ -122.3225, 47.57518 ], [ -122.32194, 47.57591 ], [ -122.32068, 47.57602 ], [ -122.32013, 47.5755 ], [ -122.32069, 47.57478 ] ] ] } },
{ "type": "Feature", "properties": { "id": 1757, "population": 320, "o_score_pt": 716.48, "o_score_car": 1283.36, "CDI": 0.283 }, "geometry": { "type": "Polygon", "coordinates": [ [ [ -122.29815, 47.70521 ], [ -122.30062, 47.705 ], [ -122.30195, 47.70624 ], [ -122.30081, 47.7077 ], [ -122.29833, 47.70792 ], [ -122.29701, 47.70668 ], [ -122.29815, 47.70521 ] ] ] } },
{ "type": "Feature", "properties": { "id": 1758, "population": 225, "o_score_pt": 800.694, "o_score_car": 1268.581, "CDI": 0.226 }, "geometry": { "type": "Polygon", "coordinates": [ [ [ -122.31783, 47.54277 ], [ -122.32013, 47.54257 ], [ -122.32134, 47.54371 ], [ -122.32028, 47.54508 ], [ -122.31798, 47.54528 ], [ -122.31677, 47.54414 ], [ -122.31783, 47.54277 ] ] ] } },
{ "type": "Feature", "properties": { "id": 1759, "population": 310, "o_score_pt": 754.138, "o_score_car": 1163.723, "CDI": 0.214 }, "geometry": { "type": "Polygon", "coordinates": [ [ [ -122.2956, 47.72409 ], [ -122.29806, 47.72387 ], [ -122.29937, 47.7251 ], [ -122.29824, 47.72656 ], [ -122.29578, 47.72678 ], [ -122.29447, 47.72555 ], [ -122.2956, 47.72409 ] ] ] } },
{ "type": "Feature", "properties": { "id": 1760, "population": 77, "o_score_pt": 504.806, "o_score_car": 1285.665, "CDI": 0.436 }, "geometry": { "type": "Polygon", "coordinates": [ [ [ -122.29381, 47.53081 ], [ -122.29559, 47.53066 ], [ -122.29648, 47.53149 ], [ -122.29567, 47.53254 ], [ -122.29388, 47.5327 ], [ -122.29299, 47.53187 ], [ -122.29381, 47.53081 ] ] ] } },
{ "type": "Feature", "properties": { "id": 1761, "population": 0, "o_score_pt": 920.279, "o_score_car": 1460.93, "CDI": 0.227 }, "geometry": { "type": "Polygon", "coordinates": [ [ [ -122.29582, 47.65513 ], [ -122.29582, 47.65513 ], [ -122.29575, 47.65513 ], [ -122.29575, 47.65513 ], [ -122.29582, 47.65513 ] ] ] } },
{ "type": "Feature", "properties": { "id": 1762, "population": 92, "o_score_pt": 1180.99, "o_score_car": 1510.251, "CDI": 0.122 }, "geometry": { "type": "Polygon", "coordinates": [ [ [ -122.30595, 47.64607 ], [ -122.30782, 47.6459 ], [ -122.30877, 47.64679 ], [ -122.30791, 47.64789 ], [ -122.30604, 47.64805 ], [ -122.30509, 47.64717 ], [ -122.30595, 47.64607 ] ] ] } },
{ "type": "Feature", "properties": { "id": 1763, "population": 136, "o_score_pt": 1064.744, "o_score_car": 1394.801, "CDI": 0.134 }, "geometry": { "type": "Polygon", "coordinates": [ [ [ -122.33329, 47.70094 ], [ -122.33535, 47.70076 ], [ -122.33641, 47.70176 ], [ -122.33547, 47.70297 ], [ -122.33341, 47.70315 ], [ -122.33234, 47.70216 ], [ -122.33329, 47.70094 ] ] ] } },
{ "type": "Feature", "properties": { "id": 1764, "population": 580, "o_score_pt": 925.634, "o_score_car": 1222.204, "CDI": 0.138 }, "geometry": { "type": "Polygon", "coordinates": [ [ [ -122.29243, 47.57213 ], [ -122.29502, 47.5719 ], [ -122.29641, 47.57322 ], [ -122.29522, 47.57476 ], [ -122.29263, 47.57499 ], [ -122.29123, 47.57367 ], [ -122.29243, 47.57213 ] ] ] } },
{ "type": "Feature", "properties": { "id": 1765, "population": 265, "o_score_pt": 988.285, "o_score_car": 1424.631, "CDI": 0.181 }, "geometry": { "type": "Polygon", "coordinates": [ [ [ -122.35628, 47.64276 ], [ -122.35866, 47.64255 ], [ -122.35993, 47.64374 ], [ -122.35883, 47.64515 ], [ -122.35645, 47.64536 ], [ -122.35519, 47.64418 ], [ -122.35628, 47.64276 ] ] ] } },
{ "type": "Feature", "properties": { "id": 1766, "population": 385, "o_score_pt": 784.229, "o_score_car": 1339.572, "CDI": 0.261 }, "geometry": { "type": "Polygon", "coordinates": [ [ [ -122.30127, 47.69485 ], [ -122.30383, 47.69462 ], [ -122.30521, 47.69591 ], [ -122.30403, 47.69744 ], [ -122.30147, 47.69766 ], [ -122.30009, 47.69637 ], [ -122.30127, 47.69485 ] ] ] } },
{ "type": "Feature", "properties": { "id": 1767, "population": 251, "o_score_pt": 687.755, "o_score_car": 1118.963, "CDI": 0.239 }, "geometry": { "type": "Polygon", "coordinates": [ [ [ -122.38755, 47.69597 ], [ -122.3899, 47.69576 ], [ -122.39115, 47.69693 ], [ -122.39007, 47.69833 ], [ -122.38772, 47.69854 ], [ -122.38647, 47.69737 ], [ -122.38755, 47.69597 ] ] ] } },
{ "type": "Feature", "properties": { "id": 1768, "population": 319, "o_score_pt": 677.49, "o_score_car": 1073.232, "CDI": 0.226 }, "geometry": { "type": "Polygon", "coordinates": [ [ [ -122.27533, 47.5507 ], [ -122.27779, 47.55049 ], [ -122.27912, 47.55173 ], [ -122.27798, 47.5532 ], [ -122.27551, 47.55341 ], [ -122.27419, 47.55217 ], [ -122.27533, 47.5507 ] ] ] } },
{ "type": "Feature", "properties": { "id": 1769, "population": 983, "o_score_pt": 1491.71, "o_score_car": 1517.61, "CDI": 0.009 }, "geometry": { "type": "Polygon", "coordinates": [ [ [ -122.32954, 47.59904 ], [ -122.33213, 47.59881 ], [ -122.33353, 47.60013 ], [ -122.33234, 47.60167 ], [ -122.32975, 47.6019 ], [ -122.32835, 47.60058 ], [ -122.32954, 47.59904 ] ] ] } },
{ "type": "Feature", "properties": { "id": 1770, "population": 1, "o_score_pt": 823.912, "o_score_car": 1245.172, "CDI": 0.204 }, "geometry": { "type": "Polygon", "coordinates": [ [ [ -122.32726, 47.54895 ], [ -122.32726, 47.54895 ], [ -122.3272, 47.54896 ], [ -122.3272, 47.54896 ], [ -122.32726, 47.54895 ] ] ] } },
{ "type": "Feature", "properties": { "id": 1771, "population": 206, "o_score_pt": 893.359, "o_score_car": 1202.247, "CDI": 0.147 }, "geometry": { "type": "Polygon", "coordinates": [ [ [ -122.39478, 47.63369 ], [ -122.39704, 47.63349 ], [ -122.39823, 47.63461 ], [ -122.39719, 47.63595 ], [ -122.39493, 47.63615 ], [ -122.39375, 47.63503 ], [ -122.39478, 47.63369 ] ] ] } },
{ "type": "Feature", "properties": { "id": 1772, "population": 543, "o_score_pt": 866.113, "o_score_car": 1202.415, "CDI": 0.163 }, "geometry": { "type": "Polygon", "coordinates": [ [ [ -122.39331, 47.6695 ], [ -122.3959, 47.66927 ], [ -122.3973, 47.67058 ], [ -122.39611, 47.67212 ], [ -122.39352, 47.67235 ], [ -122.39212, 47.67104 ], [ -122.39331, 47.6695 ] ] ] } },
{ "type": "Feature", "properties": { "id": 1773, "population": 326, "o_score_pt": 1112.982, "o_score_car": 1401.085, "CDI": 0.115 }, "geometry": { "type": "Polygon", "coordinates": [ [ [ -122.29996, 47.62181 ], [ -122.30245, 47.6216 ], [ -122.30377, 47.62284 ], [ -122.30263, 47.62432 ], [ -122.30015, 47.62453 ], [ -122.29882, 47.62329 ], [ -122.29996, 47.62181 ] ] ] } },
{ "type": "Feature", "properties": { "id": 1774, "population": 0, "o_score_pt": 585.252, "o_score_car": 1126.728, "CDI": 0.316 }, "geometry": { "type": "Polygon", "coordinates": [ [ [ -122.30294, 47.53671 ], [ -122.30294, 47.53671 ], [ -122.30288, 47.53672 ], [ -122.30288, 47.53672 ], [ -122.30294, 47.53671 ] ] ] } },
{ "type": "Feature", "properties": { "id": 1775, "population": 267, "o_score_pt": 880.742, "o_score_car": 1323.741, "CDI": 0.201 }, "geometry": { "type": "Polygon", "coordinates": [ [ [ -122.29277, 47.68422 ], [ -122.29516, 47.68401 ], [ -122.29642, 47.6852 ], [ -122.29533, 47.68661 ], [ -122.29294, 47.68682 ], [ -122.29167, 47.68564 ], [ -122.29277, 47.68422 ] ] ] } },
{ "type": "Feature", "properties": { "id": 1776, "population": 228, "o_score_pt": 625.354, "o_score_car": 1267.724, "CDI": 0.339 }, "geometry": { "type": "Polygon", "coordinates": [ [ [ -122.28114, 47.63075 ], [ -122.28345, 47.63054 ], [ -122.28467, 47.63169 ], [ -122.28361, 47.63306 ], [ -122.2813, 47.63326 ], [ -122.28008, 47.63211 ], [ -122.28114, 47.63075 ] ] ] } },
{ "type": "Feature", "properties": { "id": 1777, "population": 482, "o_score_pt": 1291.566, "o_score_car": 1484.991, "CDI": 0.07 }, "geometry": { "type": "Polygon", "coordinates": [ [ [ -122.35051, 47.61874 ], [ -122.3531, 47.61851 ], [ -122.3545, 47.61982 ], [ -122.35331, 47.62136 ], [ -122.35072, 47.62159 ], [ -122.34932, 47.62028 ], [ -122.35051, 47.61874 ] ] ] } },
{ "type": "Feature", "properties": { "id": 1778, "population": 77, "o_score_pt": 890.703, "o_score_car": 1330.511, "CDI": 0.198 }, "geometry": { "type": "Polygon", "coordinates": [ [ [ -122.33427, 47.71249 ], [ -122.33606, 47.71234 ], [ -122.33695, 47.71317 ], [ -122.33614, 47.71422 ], [ -122.33435, 47.71438 ], [ -122.33346, 47.71355 ], [ -122.33427, 47.71249 ] ] ] } },
{ "type": "Feature", "properties": { "id": 1779, "population": 510, "o_score_pt": 1137.912, "o_score_car": 1448.547, "CDI": 0.12 }, "geometry": { "type": "Polygon", "coordinates": [ [ [ -122.3433, 47.68109 ], [ -122.34589, 47.68086 ], [ -122.34729, 47.68217 ], [ -122.3461, 47.68371 ], [ -122.34351, 47.68394 ], [ -122.34211, 47.68263 ], [ -122.3433, 47.68109 ] ] ] } },
{ "type": "Feature", "properties": { "id": 1780, "population": 413, "o_score_pt": 994.128, "o_score_car": 1395.221, "CDI": 0.168 }, "geometry": { "type": "Polygon", "coordinates": [ [ [ -122.30562, 47.59252 ], [ -122.30821, 47.5923 ], [ -122.30961, 47.59361 ], [ -122.30841, 47.59515 ], [ -122.30582, 47.59538 ], [ -122.30443, 47.59407 ], [ -122.30562, 47.59252 ] ] ] } },
{ "type": "Feature", "properties": { "id": 1781, "population": 299, "o_score_pt": 415.389, "o_score_car": 1037.726, "CDI": 0.428 }, "geometry": { "type": "Polygon", "coordinates": [ [ [ -122.40769, 47.6511 ], [ -122.41012, 47.65088 ], [ -122.41143, 47.6521 ], [ -122.41031, 47.65355 ], [ -122.40787, 47.65377 ], [ -122.40657, 47.65255 ], [ -122.40769, 47.6511 ] ] ] } },
{ "type": "Feature", "properties": { "id": 1782, "population": 1864, "o_score_pt": 1389.947, "o_score_car": 1563.121, "CDI": 0.059 }, "geometry": { "type": "Polygon", "coordinates": [ [ [ -122.32617, 47.60652 ], [ -122.32876, 47.60629 ], [ -122.33016, 47.60761 ], [ -122.32897, 47.60915 ], [ -122.32638, 47.60937 ], [ -122.32498, 47.60806 ], [ -122.32617, 47.60652 ] ] ] } },
{ "type": "Feature", "properties": { "id": 1783, "population": 115, "o_score_pt": 758.068, "o_score_car": 1128.469, "CDI": 0.196 }, "geometry": { "type": "Polygon", "coordinates": [ [ [ -122.27427, 47.69613 ], [ -122.27626, 47.69596 ], [ -122.27727, 47.6969 ], [ -122.27636, 47.69807 ], [ -122.27438, 47.69824 ], [ -122.27337, 47.6973 ], [ -122.27427, 47.69613 ] ] ] } },
{ "type": "Feature", "properties": { "id": 1784, "population": 253, "o_score_pt": 659.606, "o_score_car": 1159.26, "CDI": 0.275 }, "geometry": { "type": "Polygon", "coordinates": [ [ [ -122.28286, 47.70949 ], [ -122.28522, 47.70928 ], [ -122.28647, 47.71046 ], [ -122.28539, 47.71185 ], [ -122.28302, 47.71206 ], [ -122.28177, 47.71089 ], [ -122.28286, 47.70949 ] ] ] } },
{ "type": "Feature", "properties": { "id": 1785, "population": 324, "o_score_pt": 1136.866, "o_score_car": 1513.808, "CDI": 0.142 }, "geometry": { "type": "Polygon", "coordinates": [ [ [ -122.31901, 47.66895 ], [ -122.32149, 47.66873 ], [ -122.32281, 47.66998 ], [ -122.32168, 47.67145 ], [ -122.3192, 47.67166 ], [ -122.31787, 47.67042 ], [ -122.31901, 47.66895 ] ] ] } },
{ "type": "Feature", "properties": { "id": 1786, "population": 168, "o_score_pt": 554.03, "o_score_car": 993.439, "CDI": 0.284 }, "geometry": { "type": "Polygon", "coordinates": [ [ [ -122.25936, 47.54366 ], [ -122.26152, 47.54347 ], [ -122.26264, 47.54453 ], [ -122.26165, 47.54581 ], [ -122.25949, 47.546 ], [ -122.25837, 47.54494 ], [ -122.25936, 47.54366 ] ] ] } },
{ "type": "Feature", "properties": { "id": 1787, "population": 118, "o_score_pt": 999.085, "o_score_car": 1302.67, "CDI": 0.132 }, "geometry": { "type": "Polygon", "coordinates": [ [ [ -122.37624, 47.64554 ], [ -122.37824, 47.64537 ], [ -122.37925, 47.64632 ], [ -122.37834, 47.6475 ], [ -122.37635, 47.64767 ], [ -122.37533, 47.64672 ], [ -122.37624, 47.64554 ] ] ] } },
{ "type": "Feature", "properties": { "id": 1788, "population": 103, "o_score_pt": 11.908, "o_score_car": 1136.754, "CDI": 0.979 }, "geometry": { "type": "Polygon", "coordinates": [ [ [ -122.36909, 47.70791 ], [ -122.37102, 47.70774 ], [ -122.37199, 47.70865 ], [ -122.37112, 47.70979 ], [ -122.36918, 47.70996 ], [ -122.36821, 47.70904 ], [ -122.36909, 47.70791 ] ] ] } },
{ "type": "Feature", "properties": { "id": 1789, "population": 189, "o_score_pt": 877.455, "o_score_car": 1339.585, "CDI": 0.208 }, "geometry": { "type": "Polygon", "coordinates": [ [ [ -122.31636, 47.57601 ], [ -122.31857, 47.57581 ], [ -122.31973, 47.5769 ], [ -122.31872, 47.57822 ], [ -122.3165, 47.57841 ], [ -122.31534, 47.57732 ], [ -122.31636, 47.57601 ] ] ] } },
{ "type": "Feature", "properties": { "id": 1790, "population": 160, "o_score_pt": 610.791, "o_score_car": 992.239, "CDI": 0.238 }, "geometry": { "type": "Polygon", "coordinates": [ [ [ -122.25978, 47.54939 ], [ -122.26192, 47.5492 ], [ -122.26303, 47.55025 ], [ -122.26205, 47.55151 ], [ -122.25991, 47.5517 ], [ -122.2588, 47.55065 ], [ -122.25978, 47.54939 ] ] ] } },
{ "type": "Feature", "properties": { "id": 1791, "population": 212, "o_score_pt": 563.549, "o_score_car": 1160.558, "CDI": 0.346 }, "geometry": { "type": "Polygon", "coordinates": [ [ [ -122.30769, 47.72744 ], [ -122.30996, 47.72724 ], [ -122.31116, 47.72836 ], [ -122.31012, 47.72971 ], [ -122.30784, 47.72991 ], [ -122.30664, 47.72879 ], [ -122.30769, 47.72744 ] ] ] } },
{ "type": "Feature", "properties": { "id": 1792, "population": 0, "o_score_pt": 661.232, "o_score_car": 1104.869, "CDI": 0.251 }, "geometry": { "type": "Polygon", "coordinates": [ [ [ -122.31847, 47.53535 ], [ -122.31847, 47.53535 ], [ -122.3184, 47.53535 ], [ -122.3184, 47.53535 ], [ -122.31847, 47.53535 ] ] ] } },
{ "type": "Feature", "properties": { "id": 1793, "population": 477, "o_score_pt": 815.039, "o_score_car": 1216.875, "CDI": 0.198 }, "geometry": { "type": "Polygon", "coordinates": [ [ [ -122.38238, 47.68051 ], [ -122.38497, 47.68028 ], [ -122.38637, 47.68159 ], [ -122.38518, 47.68313 ], [ -122.38259, 47.68336 ], [ -122.38119, 47.68205 ], [ -122.38238, 47.68051 ] ] ] } },
{ "type": "Feature", "properties": { "id": 1794, "population": 172, "o_score_pt": 769.977, "o_score_car": 1133.407, "CDI": 0.191 }, "geometry": { "type": "Polygon", "coordinates": [ [ [ -122.27457, 47.70172 ], [ -122.27675, 47.70153 ], [ -122.27788, 47.7026 ], [ -122.27688, 47.70388 ], [ -122.27471, 47.70407 ], [ -122.27357, 47.70301 ], [ -122.27457, 47.70172 ] ] ] } },
{ "type": "Feature", "properties": { "id": 1795, "population": 265, "o_score_pt": 729.489, "o_score_car": 1139.179, "CDI": 0.219 }, "geometry": { "type": "Polygon", "coordinates": [ [ [ -122.28325, 47.71518 ], [ -122.28564, 47.71497 ], [ -122.2869, 47.71616 ], [ -122.28581, 47.71757 ], [ -122.28342, 47.71778 ], [ -122.28216, 47.71659 ], [ -122.28325, 47.71518 ] ] ] } },
{ "type": "Feature", "properties": { "id": 1796, "population": 325, "o_score_pt": 1150.123, "o_score_car": 1451.089, "CDI": 0.116 }, "geometry": { "type": "Polygon", "coordinates": [ [ [ -122.35073, 47.67476 ], [ -122.35321, 47.67455 ], [ -122.35454, 47.67579 ], [ -122.3534, 47.67726 ], [ -122.35091, 47.67748 ], [ -122.34959, 47.67624 ], [ -122.35073, 47.67476 ] ] ] } },
{ "type": "Feature", "properties": { "id": 1797, "population": 0, "o_score_pt": 864.651, "o_score_car": 1327.822, "CDI": 0.211 }, "geometry": { "type": "Polygon", "coordinates": [ [ [ -122.29203, 47.6569 ], [ -122.29203, 47.6569 ], [ -122.29196, 47.6569 ], [ -122.29196, 47.6569 ], [ -122.29203, 47.6569 ] ] ] } },
{ "type": "Feature", "properties": { "id": 1798, "population": 1, "o_score_pt": 75.534, "o_score_car": 1271.002, "CDI": 0.888 }, "geometry": { "type": "Polygon", "coordinates": [ [ [ -122.34382, 47.56187 ], [ -122.34382, 47.56187 ], [ -122.34376, 47.56187 ], [ -122.34376, 47.56187 ], [ -122.34382, 47.56187 ] ] ] } },
{ "type": "Feature", "properties": { "id": 1799, "population": 175, "o_score_pt": 1213.842, "o_score_car": 1302.126, "CDI": 0.035 }, "geometry": { "type": "Polygon", "coordinates": [ [ [ -122.32523, 47.69871 ], [ -122.32742, 47.69852 ], [ -122.32856, 47.69958 ], [ -122.32756, 47.70087 ], [ -122.32537, 47.70107 ], [ -122.32423, 47.7 ], [ -122.32523, 47.69871 ] ] ] } },
{ "type": "Feature", "properties": { "id": 1800, "population": 194, "o_score_pt": 866.959, "o_score_car": 1320.879, "CDI": 0.207 }, "geometry": { "type": "Polygon", "coordinates": [ [ [ -122.30061, 47.57451 ], [ -122.30284, 47.57431 ], [ -122.30401, 47.57541 ], [ -122.30299, 47.57673 ], [ -122.30075, 47.57693 ], [ -122.29959, 47.57583 ], [ -122.30061, 47.57451 ] ] ] } },
{ "type": "Feature", "properties": { "id": 1801, "population": 322, "o_score_pt": 936.923, "o_score_car": 1291.651, "CDI": 0.159 }, "geometry": { "type": "Polygon", "coordinates": [ [ [ -122.28739, 47.60999 ], [ -122.28986, 47.60978 ], [ -122.29119, 47.61102 ], [ -122.29005, 47.61249 ], [ -122.28757, 47.61271 ], [ -122.28625, 47.61146 ], [ -122.28739, 47.60999 ] ] ] } },
{ "type": "Feature", "properties": { "id": 1802, "population": 168, "o_score_pt": 920.9, "o_score_car": 1396.85, "CDI": 0.205 }, "geometry": { "type": "Polygon", "coordinates": [ [ [ -122.30088, 47.68652 ], [ -122.30305, 47.68633 ], [ -122.30417, 47.68738 ], [ -122.30318, 47.68866 ], [ -122.30102, 47.68885 ], [ -122.29989, 47.68779 ], [ -122.30088, 47.68652 ] ] ] } },
{ "type": "Feature", "properties": { "id": 1803, "population": 311, "o_score_pt": 1148.8, "o_score_car": 1567.119, "CDI": 0.154 }, "geometry": { "type": "Polygon", "coordinates": [ [ [ -122.33037, 47.66366 ], [ -122.33283, 47.66344 ], [ -122.33415, 47.66467 ], [ -122.33302, 47.66613 ], [ -122.33056, 47.66635 ], [ -122.32924, 47.66512 ], [ -122.33037, 47.66366 ] ] ] } },
{ "type": "Feature", "properties": { "id": 1804, "population": 314, "o_score_pt": 457.087, "o_score_car": 948.744, "CDI": 0.35 }, "geometry": { "type": "Polygon", "coordinates": [ [ [ -122.25715, 47.51491 ], [ -122.25961, 47.51469 ], [ -122.26092, 47.51593 ], [ -122.25979, 47.5174 ], [ -122.25733, 47.51761 ], [ -122.25602, 47.51637 ], [ -122.25715, 47.51491 ] ] ] } },
{ "type": "Feature", "properties": { "id": 1805, "population": 148, "o_score_pt": 892.108, "o_score_car": 1185.514, "CDI": 0.141 }, "geometry": { "type": "Polygon", "coordinates": [ [ [ -122.261, 47.6757 ], [ -122.2631, 47.67551 ], [ -122.26419, 47.67653 ], [ -122.26323, 47.67777 ], [ -122.26112, 47.67796 ], [ -122.26004, 47.67694 ], [ -122.261, 47.6757 ] ] ] } },
{ "type": "Feature", "properties": { "id": 1806, "population": 234, "o_score_pt": 805.168, "o_score_car": 1178.584, "CDI": 0.188 }, "geometry": { "type": "Polygon", "coordinates": [ [ [ -122.35055, 47.72507 ], [ -122.35288, 47.72487 ], [ -122.35411, 47.72602 ], [ -122.35304, 47.72739 ], [ -122.35072, 47.7276 ], [ -122.34949, 47.72645 ], [ -122.35055, 47.72507 ] ] ] } },
{ "type": "Feature", "properties": { "id": 1807, "population": 1830, "o_score_pt": 1424.667, "o_score_car": 1519.272, "CDI": 0.032 }, "geometry": { "type": "Polygon", "coordinates": [ [ [ -122.32576, 47.60081 ], [ -122.32835, 47.60058 ], [ -122.32975, 47.6019 ], [ -122.32856, 47.60344 ], [ -122.32597, 47.60367 ], [ -122.32457, 47.60235 ], [ -122.32576, 47.60081 ] ] ] } },
{ "type": "Feature", "properties": { "id": 1808, "population": 2, "o_score_pt": 813.97, "o_score_car": 1255.243, "CDI": 0.213 }, "geometry": { "type": "Polygon", "coordinates": [ [ [ -122.32809, 47.56038 ], [ -122.32809, 47.56038 ], [ -122.32802, 47.56038 ], [ -122.32802, 47.56038 ], [ -122.32809, 47.56038 ] ] ] } },
{ "type": "Feature", "properties": { "id": 1809, "population": 21, "o_score_pt": 978.858, "o_score_car": 1264.042, "CDI": 0.127 }, "geometry": { "type": "Polygon", "coordinates": [ [ [ -122.38743, 47.63213 ], [ -122.38861, 47.63203 ], [ -122.38911, 47.6325 ], [ -122.38859, 47.63318 ], [ -122.38741, 47.63328 ], [ -122.38691, 47.63281 ], [ -122.38743, 47.63213 ] ] ] } },
{ "type": "Feature", "properties": { "id": 1810, "population": 1273, "o_score_pt": 1319.083, "o_score_car": 1511.877, "CDI": 0.068 }, "geometry": { "type": "Polygon", "coordinates": [ [ [ -122.31544, 47.62039 ], [ -122.31803, 47.62016 ], [ -122.31943, 47.62147 ], [ -122.31824, 47.62301 ], [ -122.31565, 47.62324 ], [ -122.31425, 47.62193 ], [ -122.31544, 47.62039 ] ] ] } },
{ "type": "Feature", "properties": { "id": 1811, "population": 247, "o_score_pt": 872.836, "o_score_car": 1274.471, "CDI": 0.187 }, "geometry": { "type": "Polygon", "coordinates": [ [ [ -122.28041, 47.67528 ], [ -122.28276, 47.67508 ], [ -122.284, 47.67624 ], [ -122.28292, 47.67764 ], [ -122.28057, 47.67784 ], [ -122.27933, 47.67667 ], [ -122.28041, 47.67528 ] ] ] } },
{ "type": "Feature", "properties": { "id": 1812, "population": 86, "o_score_pt": 6.024, "o_score_car": 1171.541, "CDI": 0.99 }, "geometry": { "type": "Polygon", "coordinates": [ [ [ -122.27487, 47.64881 ], [ -122.27671, 47.64865 ], [ -122.27763, 47.64951 ], [ -122.27679, 47.6506 ], [ -122.27495, 47.65076 ], [ -122.27403, 47.64989 ], [ -122.27487, 47.64881 ] ] ] } },
{ "type": "Feature", "properties": { "id": 1813, "population": 165, "o_score_pt": 885.002, "o_score_car": 1253.881, "CDI": 0.172 }, "geometry": { "type": "Polygon", "coordinates": [ [ [ -122.34204, 47.71446 ], [ -122.3442, 47.71427 ], [ -122.34532, 47.71532 ], [ -122.34434, 47.71659 ], [ -122.34218, 47.71678 ], [ -122.34106, 47.71573 ], [ -122.34204, 47.71446 ] ] ] } },
{ "type": "Feature", "properties": { "id": 1814, "population": 389, "o_score_pt": 966.792, "o_score_car": 1465.866, "CDI": 0.205 }, "geometry": { "type": "Polygon", "coordinates": [ [ [ -122.33093, 47.67215 ], [ -122.3335, 47.67193 ], [ -122.33488, 47.67322 ], [ -122.3337, 47.67475 ], [ -122.33113, 47.67497 ], [ -122.32975, 47.67368 ], [ -122.33093, 47.67215 ] ] ] } },
{ "type": "Feature", "properties": { "id": 1815, "population": 165, "o_score_pt": 926.576, "o_score_car": 1335.698, "CDI": 0.181 }, "geometry": { "type": "Polygon", "coordinates": [ [ [ -122.30526, 47.5842 ], [ -122.30741, 47.58402 ], [ -122.30853, 47.58507 ], [ -122.30754, 47.58634 ], [ -122.30539, 47.58653 ], [ -122.30427, 47.58548 ], [ -122.30526, 47.5842 ] ] ] } },
{ "type": "Feature", "properties": { "id": 1816, "population": 674, "o_score_pt": 1292.04, "o_score_car": 1550.89, "CDI": 0.091 }, "geometry": { "type": "Polygon", "coordinates": [ [ [ -122.32239, 47.60829 ], [ -122.32498, 47.60806 ], [ -122.32638, 47.60937 ], [ -122.32519, 47.61092 ], [ -122.3226, 47.61114 ], [ -122.3212, 47.60983 ], [ -122.32239, 47.60829 ] ] ] } },
{ "type": "Feature", "properties": { "id": 1817, "population": 596, "o_score_pt": 1233.77, "o_score_car": 1513.458, "CDI": 0.102 }, "geometry": { "type": "Polygon", "coordinates": [ [ [ -122.31516, 47.67065 ], [ -122.31775, 47.67042 ], [ -122.31915, 47.67174 ], [ -122.31796, 47.67328 ], [ -122.31536, 47.6735 ], [ -122.31396, 47.67219 ], [ -122.31516, 47.67065 ] ] ] } },
{ "type": "Feature", "properties": { "id": 1818, "population": 359, "o_score_pt": 647.984, "o_score_car": 1088.1, "CDI": 0.254 }, "geometry": { "type": "Polygon", "coordinates": [ [ [ -122.27468, 47.5421 ], [ -122.27721, 47.54188 ], [ -122.27856, 47.54316 ], [ -122.2774, 47.54466 ], [ -122.27487, 47.54488 ], [ -122.27352, 47.5436 ], [ -122.27468, 47.5421 ] ] ] } },
{ "type": "Feature", "properties": { "id": 1819, "population": 224, "o_score_pt": 625.83, "o_score_car": 1114.224, "CDI": 0.281 }, "geometry": { "type": "Polygon", "coordinates": [ [ [ -122.40336, 47.64439 ], [ -122.40566, 47.64419 ], [ -122.40687, 47.64533 ], [ -122.40582, 47.64669 ], [ -122.40352, 47.64689 ], [ -122.40231, 47.64576 ], [ -122.40336, 47.64439 ] ] ] } },
{ "type": "Feature", "properties": { "id": 1820, "population": 252, "o_score_pt": 1075.28, "o_score_car": 1493.923, "CDI": 0.163 }, "geometry": { "type": "Polygon", "coordinates": [ [ [ -122.32163, 47.65014 ], [ -122.32398, 47.64993 ], [ -122.32523, 47.6511 ], [ -122.32415, 47.6525 ], [ -122.32179, 47.65271 ], [ -122.32054, 47.65153 ], [ -122.32163, 47.65014 ] ] ] } },
{ "type": "Feature", "properties": { "id": 1821, "population": 515, "o_score_pt": 975.166, "o_score_car": 1329.543, "CDI": 0.154 }, "geometry": { "type": "Polygon", "coordinates": [ [ [ -122.37232, 47.64983 ], [ -122.37491, 47.6496 ], [ -122.37631, 47.65091 ], [ -122.37512, 47.65245 ], [ -122.37253, 47.65268 ], [ -122.37113, 47.65137 ], [ -122.37232, 47.64983 ] ] ] } },
{ "type": "Feature", "properties": { "id": 1822, "population": 375, "o_score_pt": 884.134, "o_score_car": 1249.37, "CDI": 0.171 }, "geometry": { "type": "Polygon", "coordinates": [ [ [ -122.3681, 47.69901 ], [ -122.37065, 47.69878 ], [ -122.37202, 47.70007 ], [ -122.37085, 47.70158 ], [ -122.3683, 47.70181 ], [ -122.36693, 47.70052 ], [ -122.3681, 47.69901 ] ] ] } },
{ "type": "Feature", "properties": { "id": 1823, "population": 1, "o_score_pt": 904.795, "o_score_car": 1337.944, "CDI": 0.193 }, "geometry": { "type": "Polygon", "coordinates": [ [ [ -122.3375, 47.58254 ], [ -122.3375, 47.58254 ], [ -122.33744, 47.58255 ], [ -122.33744, 47.58255 ], [ -122.3375, 47.58254 ] ] ] } },
{ "type": "Feature", "properties": { "id": 1824, "population": 357, "o_score_pt": 867.111, "o_score_car": 1279.904, "CDI": 0.192 }, "geometry": { "type": "Polygon", "coordinates": [ [ [ -122.31429, 47.71237 ], [ -122.31682, 47.71215 ], [ -122.31818, 47.71342 ], [ -122.31702, 47.71492 ], [ -122.31449, 47.71514 ], [ -122.31313, 47.71387 ], [ -122.31429, 47.71237 ] ] ] } },
{ "type": "Feature", "properties": { "id": 1825, "population": 0, "o_score_pt": 718.071, "o_score_car": 1116.435, "CDI": 0.217 }, "geometry": { "type": "Polygon", "coordinates": [ [ [ -122.31469, 47.53712 ], [ -122.31469, 47.53712 ], [ -122.31463, 47.53712 ], [ -122.31463, 47.53712 ], [ -122.31469, 47.53712 ] ] ] } },
{ "type": "Feature", "properties": { "id": 1826, "population": 240, "o_score_pt": 838.786, "o_score_car": 1307.078, "CDI": 0.218 }, "geometry": { "type": "Polygon", "coordinates": [ [ [ -122.28849, 47.62434 ], [ -122.29083, 47.62414 ], [ -122.29206, 47.6253 ], [ -122.29099, 47.62668 ], [ -122.28866, 47.62689 ], [ -122.28742, 47.62573 ], [ -122.28849, 47.62434 ] ] ] } },
{ "type": "Feature", "properties": { "id": 1827, "population": 191, "o_score_pt": 1011.774, "o_score_car": 1461.506, "CDI": 0.182 }, "geometry": { "type": "Polygon", "coordinates": [ [ [ -122.29736, 47.63799 ], [ -122.29958, 47.6378 ], [ -122.30075, 47.63889 ], [ -122.29973, 47.64021 ], [ -122.2975, 47.6404 ], [ -122.29634, 47.63931 ], [ -122.29736, 47.63799 ] ] ] } },
{ "type": "Feature", "properties": { "id": 1828, "population": 327, "o_score_pt": 839.168, "o_score_car": 1266.008, "CDI": 0.203 }, "geometry": { "type": "Polygon", "coordinates": [ [ [ -122.28995, 47.70019 ], [ -122.29244, 47.69997 ], [ -122.29377, 47.70122 ], [ -122.29262, 47.70269 ], [ -122.29014, 47.70291 ], [ -122.28881, 47.70166 ], [ -122.28995, 47.70019 ] ] ] } },
{ "type": "Feature", "properties": { "id": 1829, "population": 552, "o_score_pt": 619.131, "o_score_car": 1078.721, "CDI": 0.271 }, "geometry": { "type": "Polygon", "coordinates": [ [ [ -122.28159, 47.52995 ], [ -122.28418, 47.52973 ], [ -122.28558, 47.53104 ], [ -122.28438, 47.53258 ], [ -122.2818, 47.53281 ], [ -122.2804, 47.5315 ], [ -122.28159, 47.52995 ] ] ] } },
{ "type": "Feature", "properties": { "id": 1830, "population": 489, "o_score_pt": 852.82, "o_score_car": 1382.381, "CDI": 0.237 }, "geometry": { "type": "Polygon", "coordinates": [ [ [ -122.35864, 47.67687 ], [ -122.36123, 47.67664 ], [ -122.36263, 47.67795 ], [ -122.36144, 47.67949 ], [ -122.35885, 47.67972 ], [ -122.35745, 47.67841 ], [ -122.35864, 47.67687 ] ] ] } },
{ "type": "Feature", "properties": { "id": 1831, "population": 103, "o_score_pt": 762.597, "o_score_car": 1292.54, "CDI": 0.258 }, "geometry": { "type": "Polygon", "coordinates": [ [ [ -122.283, 47.65379 ], [ -122.28493, 47.65362 ], [ -122.28591, 47.65453 ], [ -122.28503, 47.65567 ], [ -122.2831, 47.65584 ], [ -122.28212, 47.65492 ], [ -122.283, 47.65379 ] ] ] } },
{ "type": "Feature", "properties": { "id": 1832, "population": 470, "o_score_pt": 1112.898, "o_score_car": 1458.54, "CDI": 0.134 }, "geometry": { "type": "Polygon", "coordinates": [ [ [ -122.34776, 47.63477 ], [ -122.35035, 47.63455 ], [ -122.35175, 47.63586 ], [ -122.35056, 47.6374 ], [ -122.34797, 47.63763 ], [ -122.34657, 47.63631 ], [ -122.34776, 47.63477 ] ] ] } },
{ "type": "Feature", "properties": { "id": 1833, "population": 359, "o_score_pt": 1049.544, "o_score_car": 1367.661, "CDI": 0.132 }, "geometry": { "type": "Polygon", "coordinates": [ [ [ -122.34059, 47.69715 ], [ -122.34312, 47.69692 ], [ -122.34447, 47.6982 ], [ -122.34331, 47.6997 ], [ -122.34078, 47.69992 ], [ -122.33942, 47.69865 ], [ -122.34059, 47.69715 ] ] ] } },
{ "type": "Feature", "properties": { "id": 1834, "population": 163, "o_score_pt": 782.032, "o_score_car": 1129.201, "CDI": 0.182 }, "geometry": { "type": "Polygon", "coordinates": [ [ [ -122.28829, 47.56558 ], [ -122.29044, 47.56539 ], [ -122.29155, 47.56644 ], [ -122.29057, 47.56771 ], [ -122.28842, 47.5679 ], [ -122.28731, 47.56685 ], [ -122.28829, 47.56558 ] ] ] } },
{ "type": "Feature", "properties": { "id": 1835, "population": 672, "o_score_pt": 1170.547, "o_score_car": 1490.119, "CDI": 0.12 }, "geometry": { "type": "Polygon", "coordinates": [ [ [ -122.31462, 47.60897 ], [ -122.31721, 47.60874 ], [ -122.31861, 47.61006 ], [ -122.31742, 47.6116 ], [ -122.31483, 47.61183 ], [ -122.31343, 47.61051 ], [ -122.31462, 47.60897 ] ] ] } },
{ "type": "Feature", "properties": { "id": 1836, "population": 276, "o_score_pt": 886.057, "o_score_car": 1356.995, "CDI": 0.21 }, "geometry": { "type": "Polygon", "coordinates": [ [ [ -122.29696, 47.68815 ], [ -122.29936, 47.68794 ], [ -122.30064, 47.68914 ], [ -122.29953, 47.69056 ], [ -122.29713, 47.69077 ], [ -122.29585, 47.68957 ], [ -122.29696, 47.68815 ] ] ] } },
{ "type": "Feature", "properties": { "id": 1837, "population": 365, "o_score_pt": 838.66, "o_score_car": 1262.489, "CDI": 0.202 }, "geometry": { "type": "Polygon", "coordinates": [ [ [ -122.31449, 47.71521 ], [ -122.31703, 47.71499 ], [ -122.31839, 47.71627 ], [ -122.31723, 47.71777 ], [ -122.31469, 47.718 ], [ -122.31332, 47.71672 ], [ -122.31449, 47.71521 ] ] ] } },
{ "type": "Feature", "properties": { "id": 1838, "population": 267, "o_score_pt": 779.344, "o_score_car": 1304.763, "CDI": 0.252 }, "geometry": { "type": "Polygon", "coordinates": [ [ [ -122.30577, 47.70173 ], [ -122.30816, 47.70152 ], [ -122.30943, 47.70271 ], [ -122.30833, 47.70412 ], [ -122.30594, 47.70433 ], [ -122.30467, 47.70314 ], [ -122.30577, 47.70173 ] ] ] } },
{ "type": "Feature", "properties": { "id": 1839, "population": 105, "o_score_pt": 431.38, "o_score_car": 937.696, "CDI": 0.37 }, "geometry": { "type": "Polygon", "coordinates": [ [ [ -122.28473, 47.51426 ], [ -122.28666, 47.51409 ], [ -122.28764, 47.51502 ], [ -122.28676, 47.51616 ], [ -122.28483, 47.51633 ], [ -122.28385, 47.5154 ], [ -122.28473, 47.51426 ] ] ] } },
{ "type": "Feature", "properties": { "id": 1840, "population": 217, "o_score_pt": 1244.976, "o_score_car": 1486.513, "CDI": 0.088 }, "geometry": { "type": "Polygon", "coordinates": [ [ [ -122.31796, 47.59881 ], [ -122.32025, 47.59861 ], [ -122.32145, 47.59974 ], [ -122.3204, 47.6011 ], [ -122.31812, 47.6013 ], [ -122.31692, 47.60016 ], [ -122.31796, 47.59881 ] ] ] } },
{ "type": "Feature", "properties": { "id": 1841, "population": 14, "o_score_pt": 814.37, "o_score_car": 1317.483, "CDI": 0.236 }, "geometry": { "type": "Polygon", "coordinates": [ [ [ -122.3238, 47.56173 ], [ -122.3248, 47.56164 ], [ -122.32518, 47.562 ], [ -122.32474, 47.56257 ], [ -122.32375, 47.56266 ], [ -122.32337, 47.5623 ], [ -122.3238, 47.56173 ] ] ] } },
{ "type": "Feature", "properties": { "id": 1842, "population": 330, "o_score_pt": 808.005, "o_score_car": 1135.387, "CDI": 0.168 }, "geometry": { "type": "Polygon", "coordinates": [ [ [ -122.29126, 47.55505 ], [ -122.29374, 47.55483 ], [ -122.29507, 47.55608 ], [ -122.29393, 47.55756 ], [ -122.29145, 47.55778 ], [ -122.29012, 47.55653 ], [ -122.29126, 47.55505 ] ] ] } },
{ "type": "Feature", "properties": { "id": 1843, "population": 482, "o_score_pt": 842.566, "o_score_car": 1381.108, "CDI": 0.242 }, "geometry": { "type": "Polygon", "coordinates": [ [ [ -122.36455, 47.65052 ], [ -122.36714, 47.65029 ], [ -122.36854, 47.6516 ], [ -122.36735, 47.65314 ], [ -122.36476, 47.65337 ], [ -122.36336, 47.65206 ], [ -122.36455, 47.65052 ] ] ] } },
{ "type": "Feature", "properties": { "id": 1844, "population": 0, "o_score_pt": 31.395, "o_score_car": 1467.466, "CDI": 0.958 }, "geometry": { "type": "Polygon", "coordinates": [ [ [ -122.34033, 47.67561 ], [ -122.34033, 47.67561 ], [ -122.34026, 47.67562 ], [ -122.34026, 47.67562 ], [ -122.34033, 47.67561 ] ] ] } },
{ "type": "Feature", "properties": { "id": 1845, "population": 209, "o_score_pt": 1050.118, "o_score_car": 1356.101, "CDI": 0.127 }, "geometry": { "type": "Polygon", "coordinates": [ [ [ -122.30141, 47.58591 ], [ -122.30367, 47.58571 ], [ -122.30487, 47.58683 ], [ -122.30383, 47.58817 ], [ -122.30156, 47.58837 ], [ -122.30037, 47.58725 ], [ -122.30141, 47.58591 ] ] ] } },
{ "type": "Feature", "properties": { "id": 1846, "population": 81, "o_score_pt": 334.938, "o_score_car": 955.992, "CDI": 0.481 }, "geometry": { "type": "Polygon", "coordinates": [ [ [ -122.41561, 47.64791 ], [ -122.41742, 47.64775 ], [ -122.41833, 47.64859 ], [ -122.4175, 47.64966 ], [ -122.41569, 47.64982 ], [ -122.41479, 47.64898 ], [ -122.41561, 47.64791 ] ] ] } },
{ "type": "Feature", "properties": { "id": 1847, "population": 1187, "o_score_pt": 1517.396, "o_score_car": 1530.871, "CDI": 0.004 }, "geometry": { "type": "Polygon", "coordinates": [ [ [ -122.34233, 47.61372 ], [ -122.34492, 47.61349 ], [ -122.34632, 47.6148 ], [ -122.34513, 47.61634 ], [ -122.34254, 47.61657 ], [ -122.34114, 47.61526 ], [ -122.34233, 47.61372 ] ] ] } },
{ "type": "Feature", "properties": { "id": 1848, "population": 544, "o_score_pt": 1096.57, "o_score_car": 1459.146, "CDI": 0.142 }, "geometry": { "type": "Polygon", "coordinates": [ [ [ -122.30718, 47.66848 ], [ -122.30977, 47.66826 ], [ -122.31117, 47.66957 ], [ -122.30997, 47.67111 ], [ -122.30738, 47.67134 ], [ -122.30598, 47.67002 ], [ -122.30718, 47.66848 ] ] ] } },
{ "type": "Feature", "properties": { "id": 1849, "population": 340, "o_score_pt": 821.96, "o_score_car": 1201.369, "CDI": 0.188 }, "geometry": { "type": "Polygon", "coordinates": [ [ [ -122.29916, 47.71945 ], [ -122.30166, 47.71923 ], [ -122.303, 47.72049 ], [ -122.30185, 47.72197 ], [ -122.29935, 47.72219 ], [ -122.298, 47.72093 ], [ -122.29916, 47.71945 ] ] ] } },
{ "type": "Feature", "properties": { "id": 1850, "population": 377, "o_score_pt": 757.297, "o_score_car": 1169.064, "CDI": 0.214 }, "geometry": { "type": "Polygon", "coordinates": [ [ [ -122.28264, 47.54426 ], [ -122.28519, 47.54404 ], [ -122.28656, 47.54533 ], [ -122.28538, 47.54685 ], [ -122.28283, 47.54707 ], [ -122.28146, 47.54578 ], [ -122.28264, 47.54426 ] ] ] } },
{ "type": "Feature", "properties": { "id": 1851, "population": 192, "o_score_pt": 631.476, "o_score_car": 1146.687, "CDI": 0.29 }, "geometry": { "type": "Polygon", "coordinates": [ [ [ -122.39962, 47.6462 ], [ -122.40185, 47.64601 ], [ -122.40302, 47.6471 ], [ -122.402, 47.64842 ], [ -122.39977, 47.64862 ], [ -122.3986, 47.64752 ], [ -122.39962, 47.6462 ] ] ] } },
{ "type": "Feature", "properties": { "id": 1852, "population": 0, "o_score_pt": 386.02, "o_score_car": 1009.28, "CDI": 0.447 }, "geometry": { "type": "Polygon", "coordinates": [ [ [ -122.24679, 47.68094 ], [ -122.24679, 47.68094 ], [ -122.24672, 47.68095 ], [ -122.24672, 47.68095 ], [ -122.24679, 47.68094 ] ] ] } },
{ "type": "Feature", "properties": { "id": 1853, "population": 135, "o_score_pt": 897.4, "o_score_car": 1395.609, "CDI": 0.217 }, "geometry": { "type": "Polygon", "coordinates": [ [ [ -122.31604, 47.57038 ], [ -122.31809, 47.5702 ], [ -122.31915, 47.5712 ], [ -122.31821, 47.57242 ], [ -122.31616, 47.5726 ], [ -122.3151, 47.5716 ], [ -122.31604, 47.57038 ] ] ] } },
{ "type": "Feature", "properties": { "id": 1854, "population": 418, "o_score_pt": 1253.837, "o_score_car": 1455.167, "CDI": 0.074 }, "geometry": { "type": "Polygon", "coordinates": [ [ [ -122.3488, 47.64904 ], [ -122.35139, 47.64881 ], [ -122.35279, 47.65012 ], [ -122.3516, 47.65166 ], [ -122.34901, 47.65189 ], [ -122.34761, 47.65058 ], [ -122.3488, 47.64904 ] ] ] } },
{ "type": "Feature", "properties": { "id": 1855, "population": 214, "o_score_pt": 890.123, "o_score_car": 1241.738, "CDI": 0.165 }, "geometry": { "type": "Polygon", "coordinates": [ [ [ -122.37583, 47.69562 ], [ -122.37811, 47.69542 ], [ -122.37931, 47.69655 ], [ -122.37826, 47.69789 ], [ -122.37598, 47.6981 ], [ -122.37478, 47.69697 ], [ -122.37583, 47.69562 ] ] ] } },
{ "type": "Feature", "properties": { "id": 1856, "population": 268, "o_score_pt": 905.709, "o_score_car": 1262.714, "CDI": 0.165 }, "geometry": { "type": "Polygon", "coordinates": [ [ [ -122.36441, 47.70087 ], [ -122.3668, 47.70066 ], [ -122.36807, 47.70185 ], [ -122.36697, 47.70326 ], [ -122.36459, 47.70347 ], [ -122.36332, 47.70228 ], [ -122.36441, 47.70087 ] ] ] } },
{ "type": "Feature", "properties": { "id": 1857, "population": 856, "o_score_pt": 1217.198, "o_score_car": 1603.197, "CDI": 0.137 }, "geometry": { "type": "Polygon", "coordinates": [ [ [ -122.33119, 47.62188 ], [ -122.33378, 47.62165 ], [ -122.33518, 47.62296 ], [ -122.33399, 47.6245 ], [ -122.3314, 47.62473 ], [ -122.33, 47.62342 ], [ -122.33119, 47.62188 ] ] ] } },
{ "type": "Feature", "properties": { "id": 1858, "population": 0, "o_score_pt": 1010.727, "o_score_car": 1407.213, "CDI": 0.164 }, "geometry": { "type": "Polygon", "coordinates": [ [ [ -122.32513, 47.57357 ], [ -122.32513, 47.57357 ], [ -122.32506, 47.57358 ], [ -122.32506, 47.57358 ], [ -122.32513, 47.57357 ] ] ] } },
{ "type": "Feature", "properties": { "id": 1859, "population": 204, "o_score_pt": 950.329, "o_score_car": 1301.24, "CDI": 0.156 }, "geometry": { "type": "Polygon", "coordinates": [ [ [ -122.31383, 47.70397 ], [ -122.31609, 47.70377 ], [ -122.31728, 47.70488 ], [ -122.31624, 47.70622 ], [ -122.31398, 47.70641 ], [ -122.3128, 47.7053 ], [ -122.31383, 47.70397 ] ] ] } },
{ "type": "Feature", "properties": { "id": 1860, "population": 59, "o_score_pt": 679.243, "o_score_car": 1059.828, "CDI": 0.219 }, "geometry": { "type": "Polygon", "coordinates": [ [ [ -122.39909, 47.6882 ], [ -122.40075, 47.68806 ], [ -122.40156, 47.68881 ], [ -122.40081, 47.68979 ], [ -122.39914, 47.68993 ], [ -122.39834, 47.68918 ], [ -122.39909, 47.6882 ] ] ] } },
{ "type": "Feature", "properties": { "id": 1861, "population": 285, "o_score_pt": 926.6, "o_score_car": 1304.917, "CDI": 0.17 }, "geometry": { "type": "Polygon", "coordinates": [ [ [ -122.37429, 47.67559 ], [ -122.37671, 47.67538 ], [ -122.378, 47.67659 ], [ -122.37689, 47.67802 ], [ -122.37447, 47.67823 ], [ -122.37318, 47.67703 ], [ -122.37429, 47.67559 ] ] ] } },
{ "type": "Feature", "properties": { "id": 1862, "population": 267, "o_score_pt": 784.549, "o_score_car": 1242.147, "CDI": 0.226 }, "geometry": { "type": "Polygon", "coordinates": [ [ [ -122.27179, 47.66453 ], [ -122.27417, 47.66433 ], [ -122.27544, 47.66552 ], [ -122.27435, 47.66693 ], [ -122.27196, 47.66714 ], [ -122.27069, 47.66595 ], [ -122.27179, 47.66453 ] ] ] } },
{ "type": "Feature", "properties": { "id": 1863, "population": 313, "o_score_pt": 1053.361, "o_score_car": 1438.772, "CDI": 0.155 }, "geometry": { "type": "Polygon", "coordinates": [ [ [ -122.35582, 47.63701 ], [ -122.35828, 47.6368 ], [ -122.35959, 47.63803 ], [ -122.35846, 47.63949 ], [ -122.356, 47.63971 ], [ -122.35469, 47.63848 ], [ -122.35582, 47.63701 ] ] ] } },
{ "type": "Feature", "properties": { "id": 1864, "population": 363, "o_score_pt": 665.657, "o_score_car": 1237.024, "CDI": 0.3 }, "geometry": { "type": "Polygon", "coordinates": [ [ [ -122.33907, 47.73026 ], [ -122.34161, 47.73003 ], [ -122.34297, 47.73131 ], [ -122.3418, 47.73281 ], [ -122.33927, 47.73304 ], [ -122.33791, 47.73176 ], [ -122.33907, 47.73026 ] ] ] } },
{ "type": "Feature", "properties": { "id": 1865, "population": 304, "o_score_pt": 1006.752, "o_score_car": 1334.886, "CDI": 0.14 }, "geometry": { "type": "Polygon", "coordinates": [ [ [ -122.34862, 47.69936 ], [ -122.35107, 47.69914 ], [ -122.35237, 47.70037 ], [ -122.35125, 47.70182 ], [ -122.3488, 47.70203 ], [ -122.34749, 47.70081 ], [ -122.34862, 47.69936 ] ] ] } },
{ "type": "Feature", "properties": { "id": 1866, "population": 874, "o_score_pt": 1232.16, "o_score_car": 1459.109, "CDI": 0.084 }, "geometry": { "type": "Polygon", "coordinates": [ [ [ -122.31084, 47.61074 ], [ -122.31343, 47.61051 ], [ -122.31483, 47.61183 ], [ -122.31363, 47.61337 ], [ -122.31104, 47.61359 ], [ -122.30965, 47.61228 ], [ -122.31084, 47.61074 ] ] ] } },
{ "type": "Feature", "properties": { "id": 1867, "population": 650, "o_score_pt": 1025.996, "o_score_car": 1478.638, "CDI": 0.181 }, "geometry": { "type": "Polygon", "coordinates": [ [ [ -122.32404, 47.63112 ], [ -122.32663, 47.63089 ], [ -122.32803, 47.6322 ], [ -122.32683, 47.63374 ], [ -122.32424, 47.63397 ], [ -122.32285, 47.63266 ], [ -122.32404, 47.63112 ] ] ] } },
{ "type": "Feature", "properties": { "id": 1868, "population": 270, "o_score_pt": 1105.443, "o_score_car": 1409.956, "CDI": 0.121 }, "geometry": { "type": "Polygon", "coordinates": [ [ [ -122.31692, 47.69357 ], [ -122.31931, 47.69336 ], [ -122.32059, 47.69456 ], [ -122.31949, 47.69597 ], [ -122.31709, 47.69618 ], [ -122.31582, 47.69499 ], [ -122.31692, 47.69357 ] ] ] } },
{ "type": "Feature", "properties": { "id": 1869, "population": 82, "o_score_pt": 1003.413, "o_score_car": 1320.546, "CDI": 0.136 }, "geometry": { "type": "Polygon", "coordinates": [ [ [ -122.38158, 47.66383 ], [ -122.3834, 47.66367 ], [ -122.38431, 47.66452 ], [ -122.38348, 47.66559 ], [ -122.38166, 47.66575 ], [ -122.38075, 47.6649 ], [ -122.38158, 47.66383 ] ] ] } },
{ "type": "Feature", "properties": { "id": 1870, "population": 142, "o_score_pt": 624.23, "o_score_car": 980.868, "CDI": 0.222 }, "geometry": { "type": "Polygon", "coordinates": [ [ [ -122.28087, 47.51595 ], [ -122.28294, 47.51577 ], [ -122.28402, 47.51678 ], [ -122.28307, 47.51801 ], [ -122.28099, 47.51819 ], [ -122.27991, 47.51718 ], [ -122.28087, 47.51595 ] ] ] } },
{ "type": "Feature", "properties": { "id": 1871, "population": 166, "o_score_pt": 1452.106, "o_score_car": 1516.603, "CDI": 0.022 }, "geometry": { "type": "Polygon", "coordinates": [ [ [ -122.33357, 47.59752 ], [ -122.33573, 47.59733 ], [ -122.33685, 47.59838 ], [ -122.33587, 47.59966 ], [ -122.33371, 47.59985 ], [ -122.33259, 47.59879 ], [ -122.33357, 47.59752 ] ] ] } },
{ "type": "Feature", "properties": { "id": 1872, "population": 327, "o_score_pt": 817.254, "o_score_car": 1292.594, "CDI": 0.225 }, "geometry": { "type": "Polygon", "coordinates": [ [ [ -122.31497, 47.55872 ], [ -122.31745, 47.5585 ], [ -122.31878, 47.55975 ], [ -122.31764, 47.56123 ], [ -122.31516, 47.56145 ], [ -122.31383, 47.5602 ], [ -122.31497, 47.55872 ] ] ] } },
{ "type": "Feature", "properties": { "id": 1873, "population": 213, "o_score_pt": 352.199, "o_score_car": 880.085, "CDI": 0.428 }, "geometry": { "type": "Polygon", "coordinates": [ [ [ -122.24909, 47.50997 ], [ -122.25136, 47.50977 ], [ -122.25256, 47.5109 ], [ -122.25151, 47.51225 ], [ -122.24924, 47.51245 ], [ -122.24804, 47.51132 ], [ -122.24909, 47.50997 ] ] ] } },
{ "type": "Feature", "properties": { "id": 1874, "population": 328, "o_score_pt": 648.998, "o_score_car": 1205.992, "CDI": 0.3 }, "geometry": { "type": "Polygon", "coordinates": [ [ [ -122.29065, 47.54648 ], [ -122.29313, 47.54626 ], [ -122.29446, 47.54751 ], [ -122.29332, 47.54899 ], [ -122.29083, 47.54921 ], [ -122.2895, 47.54796 ], [ -122.29065, 47.54648 ] ] ] } },
{ "type": "Feature", "properties": { "id": 1875, "population": 14, "o_score_pt": 681.128, "o_score_car": 1058.532, "CDI": 0.217 }, "geometry": { "type": "Polygon", "coordinates": [ [ [ -122.40495, 47.65653 ], [ -122.40595, 47.65644 ], [ -122.40633, 47.6568 ], [ -122.4059, 47.65736 ], [ -122.4049, 47.65745 ], [ -122.40452, 47.6571 ], [ -122.40495, 47.65653 ] ] ] } },
{ "type": "Feature", "properties": { "id": 1876, "population": 401, "o_score_pt": 1186.981, "o_score_car": 1422.73, "CDI": 0.09 }, "geometry": { "type": "Polygon", "coordinates": [ [ [ -122.30369, 47.61999 ], [ -122.30627, 47.61976 ], [ -122.30766, 47.62107 ], [ -122.30647, 47.6226 ], [ -122.30389, 47.62283 ], [ -122.3025, 47.62152 ], [ -122.30369, 47.61999 ] ] ] } },
{ "type": "Feature", "properties": { "id": 1877, "population": 552, "o_score_pt": 1075.042, "o_score_car": 1428.078, "CDI": 0.141 }, "geometry": { "type": "Polygon", "coordinates": [ [ [ -122.33339, 47.70635 ], [ -122.33598, 47.70612 ], [ -122.33738, 47.70743 ], [ -122.33619, 47.70897 ], [ -122.3336, 47.7092 ], [ -122.3322, 47.70789 ], [ -122.33339, 47.70635 ] ] ] } },
{ "type": "Feature", "properties": { "id": 1878, "population": 2, "o_score_pt": 2.472, "o_score_car": 1217.233, "CDI": 0.996 }, "geometry": { "type": "Polygon", "coordinates": [ [ [ -122.3417, 47.58648 ], [ -122.3417, 47.58648 ], [ -122.34163, 47.58649 ], [ -122.34163, 47.58649 ], [ -122.3417, 47.58648 ] ] ] } },
{ "type": "Feature", "properties": { "id": 1879, "population": 67, "o_score_pt": 599.933, "o_score_car": 1108.455, "CDI": 0.298 }, "geometry": { "type": "Polygon", "coordinates": [ [ [ -122.28138, 47.57506 ], [ -122.2831, 47.57491 ], [ -122.28395, 47.57571 ], [ -122.28317, 47.57672 ], [ -122.28144, 47.57687 ], [ -122.2806, 47.57607 ], [ -122.28138, 47.57506 ] ] ] } },
{ "type": "Feature", "properties": { "id": 1880, "population": 424, "o_score_pt": 1520.667, "o_score_car": 1577.077, "CDI": 0.018 }, "geometry": { "type": "Polygon", "coordinates": [ [ [ -122.32995, 47.60475 ], [ -122.33254, 47.60452 ], [ -122.33394, 47.60584 ], [ -122.33275, 47.60738 ], [ -122.33016, 47.60761 ], [ -122.32876, 47.60629 ], [ -122.32995, 47.60475 ] ] ] } },
{ "type": "Feature", "properties": { "id": 1881, "population": 156, "o_score_pt": 787.346, "o_score_car": 1217.384, "CDI": 0.215 }, "geometry": { "type": "Polygon", "coordinates": [ [ [ -122.30736, 47.72182 ], [ -122.30949, 47.72164 ], [ -122.3106, 47.72267 ], [ -122.30962, 47.72393 ], [ -122.30749, 47.72411 ], [ -122.30639, 47.72308 ], [ -122.30736, 47.72182 ] ] ] } },
{ "type": "Feature", "properties": { "id": 1882, "population": 716, "o_score_pt": 644.961, "o_score_car": 1025.84, "CDI": 0.228 }, "geometry": { "type": "Polygon", "coordinates": [ [ [ -122.27025, 47.53526 ], [ -122.27284, 47.53503 ], [ -122.27424, 47.53635 ], [ -122.27304, 47.53789 ], [ -122.27045, 47.53812 ], [ -122.26906, 47.5368 ], [ -122.27025, 47.53526 ] ] ] } },
{ "type": "Feature", "properties": { "id": 1883, "population": 262, "o_score_pt": 780.035, "o_score_car": 1197.916, "CDI": 0.211 }, "geometry": { "type": "Polygon", "coordinates": [ [ [ -122.39156, 47.64396 ], [ -122.39393, 47.64375 ], [ -122.3952, 47.64493 ], [ -122.39411, 47.64634 ], [ -122.39173, 47.64655 ], [ -122.39047, 47.64537 ], [ -122.39156, 47.64396 ] ] ] } },
{ "type": "Feature", "properties": { "id": 1884, "population": 737, "o_score_pt": 1256.765, "o_score_car": 1490.82, "CDI": 0.085 }, "geometry": { "type": "Polygon", "coordinates": [ [ [ -122.34502, 47.65081 ], [ -122.34761, 47.65058 ], [ -122.34901, 47.65189 ], [ -122.34781, 47.65343 ], [ -122.34522, 47.65366 ], [ -122.34382, 47.65235 ], [ -122.34502, 47.65081 ] ] ] } },
{ "type": "Feature", "properties": { "id": 1885, "population": 97, "o_score_pt": 475.308, "o_score_car": 982.63, "CDI": 0.348 }, "geometry": { "type": "Polygon", "coordinates": [ [ [ -122.26483, 47.50883 ], [ -122.26673, 47.50866 ], [ -122.26769, 47.50957 ], [ -122.26682, 47.51069 ], [ -122.26492, 47.51085 ], [ -122.26397, 47.50995 ], [ -122.26483, 47.50883 ] ] ] } },
{ "type": "Feature", "properties": { "id": 1886, "population": 0, "o_score_pt": 919.949, "o_score_car": 1367.321, "CDI": 0.196 }, "geometry": { "type": "Polygon", "coordinates": [ [ [ -122.3331, 47.57574 ], [ -122.3331, 47.57574 ], [ -122.33304, 47.57575 ], [ -122.33304, 47.57575 ], [ -122.3331, 47.57574 ] ] ] } },
{ "type": "Feature", "properties": { "id": 1887, "population": 187, "o_score_pt": 938.899, "o_score_car": 1305.326, "CDI": 0.163 }, "geometry": { "type": "Polygon", "coordinates": [ [ [ -122.31007, 47.70576 ], [ -122.31229, 47.70556 ], [ -122.31345, 47.70665 ], [ -122.31243, 47.70796 ], [ -122.31021, 47.70815 ], [ -122.30905, 47.70707 ], [ -122.31007, 47.70576 ] ] ] } },
{ "type": "Feature", "properties": { "id": 1888, "population": 348, "o_score_pt": 623.749, "o_score_car": 1125.397, "CDI": 0.287 }, "geometry": { "type": "Polygon", "coordinates": [ [ [ -122.39797, 47.67918 ], [ -122.40048, 47.67895 ], [ -122.40183, 47.68022 ], [ -122.40068, 47.68171 ], [ -122.39817, 47.68193 ], [ -122.39682, 47.68067 ], [ -122.39797, 47.67918 ] ] ] } },
{ "type": "Feature", "properties": { "id": 1889, "population": 253, "o_score_pt": 590.378, "o_score_car": 975.369, "CDI": 0.246 }, "geometry": { "type": "Polygon", "coordinates": [ [ [ -122.2662, 47.53144 ], [ -122.26855, 47.53123 ], [ -122.2698, 47.53241 ], [ -122.26872, 47.53381 ], [ -122.26636, 47.53402 ], [ -122.26511, 47.53284 ], [ -122.2662, 47.53144 ] ] ] } },
{ "type": "Feature", "properties": { "id": 1890, "population": 283, "o_score_pt": 628.109, "o_score_car": 1160.179, "CDI": 0.298 }, "geometry": { "type": "Polygon", "coordinates": [ [ [ -122.27822, 47.69982 ], [ -122.28063, 47.69961 ], [ -122.28192, 47.70082 ], [ -122.28081, 47.70225 ], [ -122.27839, 47.70246 ], [ -122.27711, 47.70125 ], [ -122.27822, 47.69982 ] ] ] } },
{ "type": "Feature", "properties": { "id": 1891, "population": 0, "o_score_pt": 504.838, "o_score_car": 1132.069, "CDI": 0.383 }, "geometry": { "type": "Polygon", "coordinates": [ [ [ -122.30652, 47.53208 ], [ -122.30652, 47.53208 ], [ -122.30645, 47.53209 ], [ -122.30645, 47.53209 ], [ -122.30652, 47.53208 ] ] ] } },
{ "type": "Feature", "properties": { "id": 1892, "population": 306, "o_score_pt": 852.217, "o_score_car": 1305.569, "CDI": 0.21 }, "geometry": { "type": "Polygon", "coordinates": [ [ [ -122.27973, 47.66667 ], [ -122.28218, 47.66645 ], [ -122.28349, 47.66768 ], [ -122.28237, 47.66914 ], [ -122.27991, 47.66935 ], [ -122.2786, 47.66812 ], [ -122.27973, 47.66667 ] ] ] } },
{ "type": "Feature", "properties": { "id": 1893, "population": 563, "o_score_pt": 991.149, "o_score_car": 1328.148, "CDI": 0.145 }, "geometry": { "type": "Polygon", "coordinates": [ [ [ -122.37128, 47.63557 ], [ -122.37387, 47.63534 ], [ -122.37527, 47.63665 ], [ -122.37408, 47.63819 ], [ -122.37149, 47.63842 ], [ -122.37009, 47.63711 ], [ -122.37128, 47.63557 ] ] ] } },
{ "type": "Feature", "properties": { "id": 1894, "population": 361, "o_score_pt": 1074.606, "o_score_car": 1451.012, "CDI": 0.149 }, "geometry": { "type": "Polygon", "coordinates": [ [ [ -122.33618, 47.69036 ], [ -122.33871, 47.69014 ], [ -122.34007, 47.69141 ], [ -122.33891, 47.69292 ], [ -122.33638, 47.69314 ], [ -122.33502, 47.69186 ], [ -122.33618, 47.69036 ] ] ] } },
{ "type": "Feature", "properties": { "id": 1895, "population": 427, "o_score_pt": 864.446, "o_score_car": 1351.148, "CDI": 0.22 }, "geometry": { "type": "Polygon", "coordinates": [ [ [ -122.30418, 47.57254 ], [ -122.30677, 47.57231 ], [ -122.30817, 47.57362 ], [ -122.30698, 47.57516 ], [ -122.30439, 47.57539 ], [ -122.30299, 47.57408 ], [ -122.30418, 47.57254 ] ] ] } },
{ "type": "Feature", "properties": { "id": 1896, "population": 367, "o_score_pt": 1013.706, "o_score_car": 1388.689, "CDI": 0.156 }, "geometry": { "type": "Polygon", "coordinates": [ [ [ -122.30289, 47.6086 ], [ -122.30543, 47.60837 ], [ -122.30679, 47.60966 ], [ -122.30563, 47.61116 ], [ -122.30309, 47.61139 ], [ -122.30173, 47.6101 ], [ -122.30289, 47.6086 ] ] ] } },
{ "type": "Feature", "properties": { "id": 1897, "population": 225, "o_score_pt": 1325.819, "o_score_car": 1538.2, "CDI": 0.074 }, "geometry": { "type": "Polygon", "coordinates": [ [ [ -122.33975, 47.62991 ], [ -122.34205, 47.62971 ], [ -122.34327, 47.63085 ], [ -122.34221, 47.63222 ], [ -122.33991, 47.63242 ], [ -122.33869, 47.63128 ], [ -122.33975, 47.62991 ] ] ] } },
{ "type": "Feature", "properties": { "id": 1898, "population": 294, "o_score_pt": 1040.985, "o_score_car": 1427.653, "CDI": 0.157 }, "geometry": { "type": "Polygon", "coordinates": [ [ [ -122.30451, 47.6846 ], [ -122.30694, 47.68438 ], [ -122.30824, 47.6856 ], [ -122.30712, 47.68704 ], [ -122.30469, 47.68726 ], [ -122.30339, 47.68604 ], [ -122.30451, 47.6846 ] ] ] } },
{ "type": "Feature", "properties": { "id": 1899, "population": 175, "o_score_pt": 699.809, "o_score_car": 1118.493, "CDI": 0.23 }, "geometry": { "type": "Polygon", "coordinates": [ [ [ -122.28009, 47.56052 ], [ -122.28227, 47.56033 ], [ -122.28341, 47.5614 ], [ -122.28241, 47.5627 ], [ -122.28023, 47.56289 ], [ -122.27909, 47.56182 ], [ -122.28009, 47.56052 ] ] ] } },
{ "type": "Feature", "properties": { "id": 1900, "population": 0, "o_score_pt": 894.873, "o_score_car": 1163.825, "CDI": 0.131 }, "geometry": { "type": "Polygon", "coordinates": [ [ [ -122.37587, 47.62655 ], [ -122.37587, 47.62655 ], [ -122.37581, 47.62656 ], [ -122.37581, 47.62656 ], [ -122.37587, 47.62655 ] ] ] } },
{ "type": "Feature", "properties": { "id": 1901, "population": 225, "o_score_pt": 749.574, "o_score_car": 1136.634, "CDI": 0.205 }, "geometry": { "type": "Polygon", "coordinates": [ [ [ -122.40125, 47.66897 ], [ -122.40355, 47.66877 ], [ -122.40477, 47.66991 ], [ -122.40371, 47.67127 ], [ -122.40141, 47.67148 ], [ -122.40019, 47.67034 ], [ -122.40125, 47.66897 ] ] ] } },
{ "type": "Feature", "properties": { "id": 1902, "population": 128, "o_score_pt": 584.975, "o_score_car": 1013.608, "CDI": 0.268 }, "geometry": { "type": "Polygon", "coordinates": [ [ [ -122.27293, 47.5138 ], [ -122.27496, 47.51362 ], [ -122.276, 47.5146 ], [ -122.27507, 47.5158 ], [ -122.27304, 47.51598 ], [ -122.272, 47.515 ], [ -122.27293, 47.5138 ] ] ] } },
{ "type": "Feature", "properties": { "id": 1903, "population": 142, "o_score_pt": 475.02, "o_score_car": 1112.831, "CDI": 0.402 }, "geometry": { "type": "Polygon", "coordinates": [ [ [ -122.36625, 47.72383 ], [ -122.36833, 47.72365 ], [ -122.36941, 47.72466 ], [ -122.36846, 47.72589 ], [ -122.36637, 47.72607 ], [ -122.3653, 47.72506 ], [ -122.36625, 47.72383 ] ] ] } },
{ "type": "Feature", "properties": { "id": 1904, "population": 0, "o_score_pt": 799.45, "o_score_car": 1266.205, "CDI": 0.226 }, "geometry": { "type": "Polygon", "coordinates": [ [ [ -122.33187, 47.55861 ], [ -122.33187, 47.55861 ], [ -122.3318, 47.55861 ], [ -122.3318, 47.55861 ], [ -122.33187, 47.55861 ] ] ] } },
{ "type": "Feature", "properties": { "id": 1905, "population": 213, "o_score_pt": 813.301, "o_score_car": 1187.385, "CDI": 0.187 }, "geometry": { "type": "Polygon", "coordinates": [ [ [ -122.27267, 47.676 ], [ -122.27495, 47.6758 ], [ -122.27615, 47.67693 ], [ -122.2751, 47.67828 ], [ -122.27282, 47.67848 ], [ -122.27162, 47.67735 ], [ -122.27267, 47.676 ] ] ] } },
{ "type": "Feature", "properties": { "id": 1906, "population": 201, "o_score_pt": 525.536, "o_score_car": 907.876, "CDI": 0.267 }, "geometry": { "type": "Polygon", "coordinates": [ [ [ -122.24849, 47.50141 ], [ -122.25074, 47.50122 ], [ -122.25192, 47.50233 ], [ -122.25089, 47.50366 ], [ -122.24864, 47.50386 ], [ -122.24746, 47.50274 ], [ -122.24849, 47.50141 ] ] ] } },
{ "type": "Feature", "properties": { "id": 1907, "population": 409, "o_score_pt": 780.013, "o_score_car": 1138.652, "CDI": 0.187 }, "geometry": { "type": "Polygon", "coordinates": [ [ [ -122.2868, 47.54819 ], [ -122.28939, 47.54796 ], [ -122.29079, 47.54928 ], [ -122.2896, 47.55082 ], [ -122.28701, 47.55104 ], [ -122.28561, 47.54973 ], [ -122.2868, 47.54819 ] ] ] } },
{ "type": "Feature", "properties": { "id": 1908, "population": 236, "o_score_pt": 957.611, "o_score_car": 1364.503, "CDI": 0.175 }, "geometry": { "type": "Polygon", "coordinates": [ [ [ -122.30466, 47.63155 ], [ -122.30699, 47.63134 ], [ -122.30821, 47.6325 ], [ -122.30715, 47.63388 ], [ -122.30482, 47.63408 ], [ -122.30359, 47.63293 ], [ -122.30466, 47.63155 ] ] ] } },
{ "type": "Feature", "properties": { "id": 1909, "population": 362, "o_score_pt": 971.993, "o_score_car": 1444.235, "CDI": 0.195 }, "geometry": { "type": "Polygon", "coordinates": [ [ [ -122.32964, 47.70815 ], [ -122.33217, 47.70792 ], [ -122.33354, 47.7092 ], [ -122.33237, 47.7107 ], [ -122.32984, 47.71093 ], [ -122.32848, 47.70965 ], [ -122.32964, 47.70815 ] ] ] } },
{ "type": "Feature", "properties": { "id": 1910, "population": 464, "o_score_pt": 1050.665, "o_score_car": 1504.283, "CDI": 0.178 }, "geometry": { "type": "Polygon", "coordinates": [ [ [ -122.3305, 47.66643 ], [ -122.33309, 47.66621 ], [ -122.33449, 47.66752 ], [ -122.3333, 47.66906 ], [ -122.33071, 47.66929 ], [ -122.32931, 47.66797 ], [ -122.3305, 47.66643 ] ] ] } },
{ "type": "Feature", "properties": { "id": 1911, "population": 462, "o_score_pt": 877.861, "o_score_car": 1252.1, "CDI": 0.176 }, "geometry": { "type": "Polygon", "coordinates": [ [ [ -122.29284, 47.57784 ], [ -122.29543, 47.57761 ], [ -122.29682, 47.57893 ], [ -122.29563, 47.58047 ], [ -122.29304, 47.5807 ], [ -122.29164, 47.57938 ], [ -122.29284, 47.57784 ] ] ] } },
{ "type": "Feature", "properties": { "id": 1912, "population": 497, "o_score_pt": 1118.442, "o_score_car": 1437.272, "CDI": 0.125 }, "geometry": { "type": "Polygon", "coordinates": [ [ [ -122.35424, 47.67008 ], [ -122.35683, 47.66985 ], [ -122.35823, 47.67117 ], [ -122.35704, 47.67271 ], [ -122.35445, 47.67293 ], [ -122.35305, 47.67162 ], [ -122.35424, 47.67008 ] ] ] } },
{ "type": "Feature", "properties": { "id": 1913, "population": 422, "o_score_pt": 627.969, "o_score_car": 1192.296, "CDI": 0.31 }, "geometry": { "type": "Polygon", "coordinates": [ [ [ -122.2774, 47.63521 ], [ -122.27999, 47.63498 ], [ -122.28139, 47.6363 ], [ -122.2802, 47.63784 ], [ -122.2776, 47.63806 ], [ -122.27621, 47.63675 ], [ -122.2774, 47.63521 ] ] ] } },
{ "type": "Feature", "properties": { "id": 1914, "population": 29, "o_score_pt": 12.257, "o_score_car": 1343.866, "CDI": 0.982 }, "geometry": { "type": "Polygon", "coordinates": [ [ [ -122.28632, 47.64094 ], [ -122.28765, 47.64083 ], [ -122.28824, 47.64138 ], [ -122.28765, 47.64215 ], [ -122.28632, 47.64227 ], [ -122.28572, 47.64171 ], [ -122.28632, 47.64094 ] ] ] } },
{ "type": "Feature", "properties": { "id": 1915, "population": 59, "o_score_pt": 3.637, "o_score_car": 1130.81, "CDI": 0.994 }, "geometry": { "type": "Polygon", "coordinates": [ [ [ -122.3808, 47.7056 ], [ -122.38247, 47.70545 ], [ -122.38327, 47.70621 ], [ -122.38252, 47.70718 ], [ -122.38085, 47.70733 ], [ -122.38005, 47.70657 ], [ -122.3808, 47.7056 ] ] ] } },
{ "type": "Feature", "properties": { "id": 1916, "population": 12, "o_score_pt": 390.05, "o_score_car": 1015.501, "CDI": 0.445 }, "geometry": { "type": "Polygon", "coordinates": [ [ [ -122.41318, 47.66158 ], [ -122.41411, 47.6615 ], [ -122.41445, 47.66182 ], [ -122.41404, 47.66234 ], [ -122.41312, 47.66242 ], [ -122.41278, 47.66211 ], [ -122.41318, 47.66158 ] ] ] } },
{ "type": "Feature", "properties": { "id": 1917, "population": 1373, "o_score_pt": 1554.704, "o_score_car": 1484.893, "CDI": -0.023 }, "geometry": { "type": "Polygon", "coordinates": [ [ [ -122.33793, 47.60692 ], [ -122.34052, 47.60669 ], [ -122.34192, 47.60801 ], [ -122.34072, 47.60955 ], [ -122.33814, 47.60978 ], [ -122.33674, 47.60846 ], [ -122.33793, 47.60692 ] ] ] } },
{ "type": "Feature", "properties": { "id": 1918, "population": 369, "o_score_pt": 941.295, "o_score_car": 1345.172, "CDI": 0.177 }, "geometry": { "type": "Polygon", "coordinates": [ [ [ -122.35592, 47.69292 ], [ -122.35847, 47.69269 ], [ -122.35983, 47.69397 ], [ -122.35867, 47.69548 ], [ -122.35612, 47.69571 ], [ -122.35476, 47.69443 ], [ -122.35592, 47.69292 ] ] ] } },
{ "type": "Feature", "properties": { "id": 1919, "population": 128, "o_score_pt": 790.75, "o_score_car": 1212.745, "CDI": 0.211 }, "geometry": { "type": "Polygon", "coordinates": [ [ [ -122.32298, 47.72051 ], [ -122.32501, 47.72033 ], [ -122.32606, 47.72131 ], [ -122.32513, 47.72251 ], [ -122.32309, 47.72269 ], [ -122.32205, 47.72171 ], [ -122.32298, 47.72051 ] ] ] } },
{ "type": "Feature", "properties": { "id": 1920, "population": 430, "o_score_pt": 1171.497, "o_score_car": 1462.739, "CDI": 0.111 }, "geometry": { "type": "Polygon", "coordinates": [ [ [ -122.33704, 47.64864 ], [ -122.33963, 47.64841 ], [ -122.34103, 47.64972 ], [ -122.33983, 47.65126 ], [ -122.33724, 47.65149 ], [ -122.33584, 47.65018 ], [ -122.33704, 47.64864 ] ] ] } },
{ "type": "Feature", "properties": { "id": 1921, "population": 565, "o_score_pt": 895.826, "o_score_car": 1221.658, "CDI": 0.154 }, "geometry": { "type": "Polygon", "coordinates": [ [ [ -122.29091, 47.71438 ], [ -122.29351, 47.71415 ], [ -122.29491, 47.71546 ], [ -122.29371, 47.717 ], [ -122.29112, 47.71723 ], [ -122.28972, 47.71592 ], [ -122.29091, 47.71438 ] ] ] } },
{ "type": "Feature", "properties": { "id": 1922, "population": 367, "o_score_pt": 696.131, "o_score_car": 1134.556, "CDI": 0.239 }, "geometry": { "type": "Polygon", "coordinates": [ [ [ -122.39417, 47.68093 ], [ -122.39671, 47.68071 ], [ -122.39808, 47.68199 ], [ -122.39691, 47.68349 ], [ -122.39437, 47.68372 ], [ -122.39301, 47.68244 ], [ -122.39417, 47.68093 ] ] ] } },
{ "type": "Feature", "properties": { "id": 1923, "population": 254, "o_score_pt": 928.465, "o_score_car": 1462.368, "CDI": 0.223 }, "geometry": { "type": "Polygon", "coordinates": [ [ [ -122.31282, 47.63655 ], [ -122.31518, 47.63634 ], [ -122.31644, 47.63752 ], [ -122.31535, 47.63892 ], [ -122.31299, 47.63913 ], [ -122.31174, 47.63795 ], [ -122.31282, 47.63655 ] ] ] } },
{ "type": "Feature", "properties": { "id": 1924, "population": 0, "o_score_pt": 0.0, "o_score_car": 1057.418, "CDI": 1.0 }, "geometry": { "type": "Polygon", "coordinates": [ [ [ -122.29855, 47.52991 ], [ -122.29855, 47.52991 ], [ -122.29848, 47.52991 ], [ -122.29848, 47.52991 ], [ -122.29855, 47.52991 ] ] ] } },
{ "type": "Feature", "properties": { "id": 1925, "population": 420, "o_score_pt": 1027.481, "o_score_car": 1379.943, "CDI": 0.146 }, "geometry": { "type": "Polygon", "coordinates": [ [ [ -122.36243, 47.6751 ], [ -122.36502, 47.67487 ], [ -122.36642, 47.67618 ], [ -122.36522, 47.67772 ], [ -122.36263, 47.67795 ], [ -122.36123, 47.67664 ], [ -122.36243, 47.6751 ] ] ] } },
{ "type": "Feature", "properties": { "id": 1926, "population": 78, "o_score_pt": 701.161, "o_score_car": 1207.723, "CDI": 0.265 }, "geometry": { "type": "Polygon", "coordinates": [ [ [ -122.26773, 47.65807 ], [ -122.26953, 47.65792 ], [ -122.27042, 47.65875 ], [ -122.2696, 47.65981 ], [ -122.26781, 47.65997 ], [ -122.26691, 47.65913 ], [ -122.26773, 47.65807 ] ] ] } },
{ "type": "Feature", "properties": { "id": 1927, "population": 1, "o_score_pt": 714.248, "o_score_car": 1336.088, "CDI": 0.303 }, "geometry": { "type": "Polygon", "coordinates": [ [ [ -122.305, 47.56528 ], [ -122.305, 47.56528 ], [ -122.30493, 47.56529 ], [ -122.30493, 47.56529 ], [ -122.305, 47.56528 ] ] ] } },
{ "type": "Feature", "properties": { "id": 1928, "population": 0, "o_score_pt": 3.992, "o_score_car": 902.191, "CDI": 0.991 }, "geometry": { "type": "Polygon", "coordinates": [ [ [ -122.42183, 47.66697 ], [ -122.42183, 47.66697 ], [ -122.42177, 47.66698 ], [ -122.42177, 47.66698 ], [ -122.42183, 47.66697 ] ] ] } },
{ "type": "Feature", "properties": { "id": 1929, "population": 82, "o_score_pt": 1138.24, "o_score_car": 1519.385, "CDI": 0.143 }, "geometry": { "type": "Polygon", "coordinates": [ [ [ -122.3465, 47.6655 ], [ -122.34832, 47.66534 ], [ -122.34923, 47.66619 ], [ -122.3484, 47.66726 ], [ -122.34658, 47.66742 ], [ -122.34567, 47.66657 ], [ -122.3465, 47.6655 ] ] ] } },
{ "type": "Feature", "properties": { "id": 1930, "population": 463, "o_score_pt": 1189.338, "o_score_car": 1464.612, "CDI": 0.104 }, "geometry": { "type": "Polygon", "coordinates": [ [ [ -122.34756, 47.63192 ], [ -122.35015, 47.63169 ], [ -122.35155, 47.633 ], [ -122.35035, 47.63455 ], [ -122.34776, 47.63477 ], [ -122.34637, 47.63346 ], [ -122.34756, 47.63192 ] ] ] } },
{ "type": "Feature", "properties": { "id": 1931, "population": 289, "o_score_pt": 1050.804, "o_score_car": 1458.515, "CDI": 0.162 }, "geometry": { "type": "Polygon", "coordinates": [ [ [ -122.3125, 47.68677 ], [ -122.31492, 47.68656 ], [ -122.31622, 47.68777 ], [ -122.3151, 47.68921 ], [ -122.31268, 47.68942 ], [ -122.31138, 47.68821 ], [ -122.3125, 47.68677 ] ] ] } },
{ "type": "Feature", "properties": { "id": 1932, "population": 19, "o_score_pt": 668.816, "o_score_car": 1161.763, "CDI": 0.269 }, "geometry": { "type": "Polygon", "coordinates": [ [ [ -122.38954, 47.66068 ], [ -122.39068, 47.66058 ], [ -122.39115, 47.66102 ], [ -122.39064, 47.66167 ], [ -122.38951, 47.66177 ], [ -122.38904, 47.66133 ], [ -122.38954, 47.66068 ] ] ] } },
{ "type": "Feature", "properties": { "id": 1933, "population": 712, "o_score_pt": 1062.9, "o_score_car": 1355.234, "CDI": 0.121 }, "geometry": { "type": "Polygon", "coordinates": [ [ [ -122.31256, 47.58042 ], [ -122.31515, 47.58019 ], [ -122.31655, 47.58151 ], [ -122.31536, 47.58305 ], [ -122.31277, 47.58328 ], [ -122.31137, 47.58196 ], [ -122.31256, 47.58042 ] ] ] } },
{ "type": "Feature", "properties": { "id": 1934, "population": 168, "o_score_pt": 501.701, "o_score_car": 921.604, "CDI": 0.295 }, "geometry": { "type": "Polygon", "coordinates": [ [ [ -122.26192, 47.52474 ], [ -122.26408, 47.52456 ], [ -122.2652, 47.52562 ], [ -122.26421, 47.5269 ], [ -122.26205, 47.52708 ], [ -122.26093, 47.52602 ], [ -122.26192, 47.52474 ] ] ] } },
{ "type": "Feature", "properties": { "id": 1935, "population": 34, "o_score_pt": 1320.352, "o_score_car": 1484.911, "CDI": 0.059 }, "geometry": { "type": "Polygon", "coordinates": [ [ [ -122.32961, 47.59114 ], [ -122.33102, 47.59102 ], [ -122.33166, 47.59162 ], [ -122.33103, 47.59244 ], [ -122.32962, 47.59256 ], [ -122.32898, 47.59196 ], [ -122.32961, 47.59114 ] ] ] } },
{ "type": "Feature", "properties": { "id": 1936, "population": 6, "o_score_pt": 66.501, "o_score_car": 1300.879, "CDI": 0.903 }, "geometry": { "type": "Polygon", "coordinates": [ [ [ -122.33955, 47.56057 ], [ -122.34018, 47.56052 ], [ -122.34032, 47.56066 ], [ -122.34006, 47.561 ], [ -122.33943, 47.56105 ], [ -122.33929, 47.56091 ], [ -122.33955, 47.56057 ] ] ] } },
{ "type": "Feature", "properties": { "id": 1937, "population": 401, "o_score_pt": 904.714, "o_score_car": 1338.522, "CDI": 0.193 }, "geometry": { "type": "Polygon", "coordinates": [ [ [ -122.28805, 47.67447 ], [ -122.29063, 47.67425 ], [ -122.29202, 47.67555 ], [ -122.29083, 47.67709 ], [ -122.28825, 47.67731 ], [ -122.28686, 47.67601 ], [ -122.28805, 47.67447 ] ] ] } },
{ "type": "Feature", "properties": { "id": 1938, "population": 131, "o_score_pt": 336.06, "o_score_car": 808.404, "CDI": 0.413 }, "geometry": { "type": "Polygon", "coordinates": [ [ [ -122.24483, 47.50329 ], [ -122.24687, 47.50312 ], [ -122.24792, 47.50411 ], [ -122.24699, 47.50531 ], [ -122.24494, 47.50549 ], [ -122.2439, 47.5045 ], [ -122.24483, 47.50329 ] ] ] } },
{ "type": "Feature", "properties": { "id": 1939, "population": 335, "o_score_pt": 656.665, "o_score_car": 1219.4, "CDI": 0.3 }, "geometry": { "type": "Polygon", "coordinates": [ [ [ -122.30679, 47.55368 ], [ -122.30928, 47.55346 ], [ -122.31061, 47.55472 ], [ -122.30947, 47.5562 ], [ -122.30698, 47.55642 ], [ -122.30564, 47.55517 ], [ -122.30679, 47.55368 ] ] ] } },
{ "type": "Feature", "properties": { "id": 1940, "population": 289, "o_score_pt": 1032.559, "o_score_car": 1435.35, "CDI": 0.163 }, "geometry": { "type": "Polygon", "coordinates": [ [ [ -122.30082, 47.63326 ], [ -122.30324, 47.63305 ], [ -122.30453, 47.63426 ], [ -122.30342, 47.6357 ], [ -122.301, 47.63591 ], [ -122.2997, 47.6347 ], [ -122.30082, 47.63326 ] ] ] } },
{ "type": "Feature", "properties": { "id": 1941, "population": 174, "o_score_pt": 800.714, "o_score_car": 1238.117, "CDI": 0.215 }, "geometry": { "type": "Polygon", "coordinates": [ [ [ -122.34981, 47.71376 ], [ -122.35199, 47.71356 ], [ -122.35313, 47.71463 ], [ -122.35213, 47.71592 ], [ -122.34995, 47.71611 ], [ -122.34881, 47.71504 ], [ -122.34981, 47.71376 ] ] ] } },
{ "type": "Feature", "properties": { "id": 1942, "population": 362, "o_score_pt": 953.641, "o_score_car": 1522.166, "CDI": 0.23 }, "geometry": { "type": "Polygon", "coordinates": [ [ [ -122.32675, 47.66823 ], [ -122.32928, 47.66801 ], [ -122.33065, 47.66929 ], [ -122.32948, 47.67079 ], [ -122.32695, 47.67101 ], [ -122.32559, 47.66974 ], [ -122.32675, 47.66823 ] ] ] } },
{ "type": "Feature", "properties": { "id": 1943, "population": 580, "o_score_pt": 1178.309, "o_score_car": 1481.396, "CDI": 0.114 }, "geometry": { "type": "Polygon", "coordinates": [ [ [ -122.35362, 47.66153 ], [ -122.35621, 47.6613 ], [ -122.35761, 47.66261 ], [ -122.35641, 47.66415 ], [ -122.35382, 47.66438 ], [ -122.35242, 47.66307 ], [ -122.35362, 47.66153 ] ] ] } },
{ "type": "Feature", "properties": { "id": 1944, "population": 466, "o_score_pt": 1062.242, "o_score_car": 1440.647, "CDI": 0.151 }, "geometry": { "type": "Polygon", "coordinates": [ [ [ -122.35134, 47.63015 ], [ -122.35393, 47.62992 ], [ -122.35533, 47.63124 ], [ -122.35414, 47.63278 ], [ -122.35155, 47.633 ], [ -122.35015, 47.63169 ], [ -122.35134, 47.63015 ] ] ] } },
{ "type": "Feature", "properties": { "id": 1945, "population": 7, "o_score_pt": 1071.702, "o_score_car": 1449.092, "CDI": 0.15 }, "geometry": { "type": "Polygon", "coordinates": [ [ [ -122.35135, 47.67006 ], [ -122.35205, 47.67 ], [ -122.35224, 47.67018 ], [ -122.35194, 47.67056 ], [ -122.35125, 47.67062 ], [ -122.35106, 47.67044 ], [ -122.35135, 47.67006 ] ] ] } },
{ "type": "Feature", "properties": { "id": 1946, "population": 220, "o_score_pt": 1181.995, "o_score_car": 1362.663, "CDI": 0.071 }, "geometry": { "type": "Polygon", "coordinates": [ [ [ -122.29517, 47.66254 ], [ -122.29747, 47.66234 ], [ -122.29867, 47.66348 ], [ -122.29762, 47.66483 ], [ -122.29533, 47.66504 ], [ -122.29412, 47.6639 ], [ -122.29517, 47.66254 ] ] ] } },
{ "type": "Feature", "properties": { "id": 1947, "population": 993, "o_score_pt": 1392.915, "o_score_car": 1491.661, "CDI": 0.034 }, "geometry": { "type": "Polygon", "coordinates": [ [ [ -122.327, 47.61794 ], [ -122.32959, 47.61771 ], [ -122.33098, 47.61902 ], [ -122.32979, 47.62056 ], [ -122.3272, 47.62079 ], [ -122.3258, 47.61948 ], [ -122.327, 47.61794 ] ] ] } },
{ "type": "Feature", "properties": { "id": 1948, "population": 69, "o_score_pt": 840.111, "o_score_car": 1371.845, "CDI": 0.24 }, "geometry": { "type": "Polygon", "coordinates": [ [ [ -122.32378, 47.56703 ], [ -122.32552, 47.56687 ], [ -122.32638, 47.56768 ], [ -122.32559, 47.5687 ], [ -122.32385, 47.56885 ], [ -122.323, 47.56805 ], [ -122.32378, 47.56703 ] ] ] } },
{ "type": "Feature", "properties": { "id": 1949, "population": 139, "o_score_pt": 697.711, "o_score_car": 1344.138, "CDI": 0.317 }, "geometry": { "type": "Polygon", "coordinates": [ [ [ -122.30176, 47.69797 ], [ -122.30383, 47.69779 ], [ -122.3049, 47.69879 ], [ -122.30395, 47.70001 ], [ -122.30188, 47.70019 ], [ -122.30081, 47.69919 ], [ -122.30176, 47.69797 ] ] ] } },
{ "type": "Feature", "properties": { "id": 1950, "population": 214, "o_score_pt": 709.186, "o_score_car": 1199.337, "CDI": 0.257 }, "geometry": { "type": "Polygon", "coordinates": [ [ [ -122.38867, 47.65719 ], [ -122.39095, 47.65699 ], [ -122.39215, 47.65811 ], [ -122.3911, 47.65946 ], [ -122.38882, 47.65966 ], [ -122.38762, 47.65854 ], [ -122.38867, 47.65719 ] ] ] } },
{ "type": "Feature", "properties": { "id": 1951, "population": 211, "o_score_pt": 904.045, "o_score_car": 1155.029, "CDI": 0.122 }, "geometry": { "type": "Polygon", "coordinates": [ [ [ -122.2611, 47.67845 ], [ -122.26338, 47.67825 ], [ -122.26458, 47.67938 ], [ -122.26353, 47.68072 ], [ -122.26126, 47.68092 ], [ -122.26006, 47.6798 ], [ -122.2611, 47.67845 ] ] ] } },
{ "type": "Feature", "properties": { "id": 1952, "population": 428, "o_score_pt": 1150.701, "o_score_car": 1585.255, "CDI": 0.159 }, "geometry": { "type": "Polygon", "coordinates": [ [ [ -122.3261, 47.65965 ], [ -122.32869, 47.65942 ], [ -122.33009, 47.66073 ], [ -122.3289, 47.66227 ], [ -122.32631, 47.6625 ], [ -122.32491, 47.66119 ], [ -122.3261, 47.65965 ] ] ] } },
{ "type": "Feature", "properties": { "id": 1953, "population": 215, "o_score_pt": 335.588, "o_score_car": 948.628, "CDI": 0.477 }, "geometry": { "type": "Polygon", "coordinates": [ [ [ -122.26022, 47.50181 ], [ -122.2625, 47.50161 ], [ -122.2637, 47.50274 ], [ -122.26265, 47.50409 ], [ -122.26037, 47.50429 ], [ -122.25917, 47.50316 ], [ -122.26022, 47.50181 ] ] ] } },
{ "type": "Feature", "properties": { "id": 1954, "population": 222, "o_score_pt": 869.326, "o_score_car": 1226.458, "CDI": 0.17 }, "geometry": { "type": "Polygon", "coordinates": [ [ [ -122.29907, 47.71671 ], [ -122.30137, 47.71651 ], [ -122.30258, 47.71765 ], [ -122.30153, 47.71901 ], [ -122.29923, 47.71921 ], [ -122.29802, 47.71807 ], [ -122.29907, 47.71671 ] ] ] } },
{ "type": "Feature", "properties": { "id": 1955, "population": 155, "o_score_pt": 876.829, "o_score_car": 1138.877, "CDI": 0.13 }, "geometry": { "type": "Polygon", "coordinates": [ [ [ -122.26999, 47.69211 ], [ -122.27212, 47.69193 ], [ -122.27322, 47.69296 ], [ -122.27225, 47.69421 ], [ -122.27012, 47.6944 ], [ -122.26902, 47.69337 ], [ -122.26999, 47.69211 ] ] ] } },
{ "type": "Feature", "properties": { "id": 1956, "population": 277, "o_score_pt": 589.176, "o_score_car": 1115.539, "CDI": 0.309 }, "geometry": { "type": "Polygon", "coordinates": [ [ [ -122.38773, 47.6988 ], [ -122.39013, 47.69858 ], [ -122.39141, 47.69978 ], [ -122.39031, 47.70121 ], [ -122.38791, 47.70142 ], [ -122.38663, 47.70022 ], [ -122.38773, 47.6988 ] ] ] } },
{ "type": "Feature", "properties": { "id": 1957, "population": 224, "o_score_pt": 906.787, "o_score_car": 1484.732, "CDI": 0.242 }, "geometry": { "type": "Polygon", "coordinates": [ [ [ -122.30907, 47.63835 ], [ -122.31138, 47.63815 ], [ -122.31259, 47.63929 ], [ -122.31153, 47.64065 ], [ -122.30923, 47.64086 ], [ -122.30802, 47.63972 ], [ -122.30907, 47.63835 ] ] ] } },
{ "type": "Feature", "properties": { "id": 1958, "population": 269, "o_score_pt": 525.241, "o_score_car": 1226.727, "CDI": 0.4 }, "geometry": { "type": "Polygon", "coordinates": [ [ [ -122.33138, 47.73102 ], [ -122.33377, 47.73081 ], [ -122.33504, 47.732 ], [ -122.33394, 47.73342 ], [ -122.33155, 47.73363 ], [ -122.33028, 47.73244 ], [ -122.33138, 47.73102 ] ] ] } },
{ "type": "Feature", "properties": { "id": 1959, "population": 412, "o_score_pt": 990.034, "o_score_car": 1330.816, "CDI": 0.147 }, "geometry": { "type": "Polygon", "coordinates": [ [ [ -122.36326, 47.6865 ], [ -122.36585, 47.68627 ], [ -122.36725, 47.68758 ], [ -122.36605, 47.68912 ], [ -122.36346, 47.68935 ], [ -122.36206, 47.68804 ], [ -122.36326, 47.6865 ] ] ] } },
{ "type": "Feature", "properties": { "id": 1960, "population": 315, "o_score_pt": 877.217, "o_score_car": 1394.377, "CDI": 0.228 }, "geometry": { "type": "Polygon", "coordinates": [ [ [ -122.3596, 47.63524 ], [ -122.36206, 47.63503 ], [ -122.36338, 47.63626 ], [ -122.36225, 47.63773 ], [ -122.35978, 47.63794 ], [ -122.35847, 47.63671 ], [ -122.3596, 47.63524 ] ] ] } },
{ "type": "Feature", "properties": { "id": 1961, "population": 157, "o_score_pt": 827.513, "o_score_car": 1287.958, "CDI": 0.218 }, "geometry": { "type": "Polygon", "coordinates": [ [ [ -122.30005, 47.56599 ], [ -122.30218, 47.56581 ], [ -122.30329, 47.56685 ], [ -122.30231, 47.56811 ], [ -122.30018, 47.56829 ], [ -122.29908, 47.56725 ], [ -122.30005, 47.56599 ] ] ] } },
{ "type": "Feature", "properties": { "id": 1962, "population": 29, "o_score_pt": 1247.015, "o_score_car": 1614.181, "CDI": 0.128 }, "geometry": { "type": "Polygon", "coordinates": [ [ [ -122.33591, 47.62367 ], [ -122.33724, 47.62355 ], [ -122.33784, 47.62411 ], [ -122.33724, 47.62488 ], [ -122.33591, 47.625 ], [ -122.33532, 47.62444 ], [ -122.33591, 47.62367 ] ] ] } },
{ "type": "Feature", "properties": { "id": 1963, "population": 223, "o_score_pt": 909.567, "o_score_car": 1249.378, "CDI": 0.157 }, "geometry": { "type": "Polygon", "coordinates": [ [ [ -122.34953, 47.71084 ], [ -122.35183, 47.71064 ], [ -122.35305, 47.71177 ], [ -122.35199, 47.71313 ], [ -122.34969, 47.71334 ], [ -122.34848, 47.7122 ], [ -122.34953, 47.71084 ] ] ] } },
{ "type": "Feature", "properties": { "id": 1964, "population": 225, "o_score_pt": 609.447, "o_score_car": 1011.672, "CDI": 0.248 }, "geometry": { "type": "Polygon", "coordinates": [ [ [ -122.26827, 47.56005 ], [ -122.27057, 47.55985 ], [ -122.27178, 47.56099 ], [ -122.27073, 47.56235 ], [ -122.26843, 47.56256 ], [ -122.26721, 47.56141 ], [ -122.26827, 47.56005 ] ] ] } },
{ "type": "Feature", "properties": { "id": 1965, "population": 322, "o_score_pt": 933.877, "o_score_car": 1371.222, "CDI": 0.19 }, "geometry": { "type": "Polygon", "coordinates": [ [ [ -122.29639, 47.62644 ], [ -122.29886, 47.62622 ], [ -122.30019, 47.62746 ], [ -122.29905, 47.62893 ], [ -122.29658, 47.62915 ], [ -122.29525, 47.62791 ], [ -122.29639, 47.62644 ] ] ] } },
{ "type": "Feature", "properties": { "id": 1966, "population": 322, "o_score_pt": 658.12, "o_score_car": 1210.187, "CDI": 0.295 }, "geometry": { "type": "Polygon", "coordinates": [ [ [ -122.30659, 47.55084 ], [ -122.30906, 47.55062 ], [ -122.31039, 47.55187 ], [ -122.30925, 47.55334 ], [ -122.30678, 47.55355 ], [ -122.30545, 47.55231 ], [ -122.30659, 47.55084 ] ] ] } },
{ "type": "Feature", "properties": { "id": 1967, "population": 186, "o_score_pt": 772.239, "o_score_car": 1074.184, "CDI": 0.164 }, "geometry": { "type": "Polygon", "coordinates": [ [ [ -122.39689, 47.66224 ], [ -122.39911, 47.66204 ], [ -122.40026, 47.66313 ], [ -122.39925, 47.66444 ], [ -122.39704, 47.66463 ], [ -122.39588, 47.66355 ], [ -122.39689, 47.66224 ] ] ] } },
{ "type": "Feature", "properties": { "id": 1968, "population": 599, "o_score_pt": 619.114, "o_score_car": 960.684, "CDI": 0.216 }, "geometry": { "type": "Polygon", "coordinates": [ [ [ -122.26964, 47.52668 ], [ -122.27223, 47.52646 ], [ -122.27362, 47.52777 ], [ -122.27243, 47.52932 ], [ -122.26984, 47.52954 ], [ -122.26845, 47.52823 ], [ -122.26964, 47.52668 ] ] ] } },
{ "type": "Feature", "properties": { "id": 1969, "population": 5, "o_score_pt": 833.768, "o_score_car": 1256.609, "CDI": 0.202 }, "geometry": { "type": "Polygon", "coordinates": [ [ [ -122.32722, 47.55164 ], [ -122.32778, 47.55159 ], [ -122.32788, 47.55169 ], [ -122.32765, 47.55198 ], [ -122.3271, 47.55203 ], [ -122.327, 47.55194 ], [ -122.32722, 47.55164 ] ] ] } },
{ "type": "Feature", "properties": { "id": 1970, "population": 332, "o_score_pt": 950.792, "o_score_car": 1363.027, "CDI": 0.178 }, "geometry": { "type": "Polygon", "coordinates": [ [ [ -122.29608, 47.67669 ], [ -122.29858, 47.67647 ], [ -122.29991, 47.67773 ], [ -122.29876, 47.6792 ], [ -122.29627, 47.67942 ], [ -122.29494, 47.67817 ], [ -122.29608, 47.67669 ] ] ] } },
{ "type": "Feature", "properties": { "id": 1971, "population": 402, "o_score_pt": 685.351, "o_score_car": 1251.24, "CDI": 0.292 }, "geometry": { "type": "Polygon", "coordinates": [ [ [ -122.29437, 47.54466 ], [ -122.29695, 47.54443 ], [ -122.29834, 47.54574 ], [ -122.29715, 47.54728 ], [ -122.29457, 47.5475 ], [ -122.29318, 47.54619 ], [ -122.29437, 47.54466 ] ] ] } },
{ "type": "Feature", "properties": { "id": 1972, "population": 2, "o_score_pt": 709.846, "o_score_car": 1395.748, "CDI": 0.326 }, "geometry": { "type": "Polygon", "coordinates": [ [ [ -122.29418, 47.6323 ], [ -122.29418, 47.6323 ], [ -122.29411, 47.63231 ], [ -122.29411, 47.63231 ], [ -122.29418, 47.6323 ] ] ] } },
{ "type": "Feature", "properties": { "id": 1973, "population": 228, "o_score_pt": 964.579, "o_score_car": 1416.69, "CDI": 0.19 }, "geometry": { "type": "Polygon", "coordinates": [ [ [ -122.33734, 47.70474 ], [ -122.33965, 47.70453 ], [ -122.34087, 47.70568 ], [ -122.33981, 47.70704 ], [ -122.3375, 47.70725 ], [ -122.33628, 47.7061 ], [ -122.33734, 47.70474 ] ] ] } },
{ "type": "Feature", "properties": { "id": 1974, "population": 191, "o_score_pt": 1187.562, "o_score_car": 1464.51, "CDI": 0.104 }, "geometry": { "type": "Polygon", "coordinates": [ [ [ -122.34688, 47.67382 ], [ -122.34911, 47.67363 ], [ -122.35028, 47.67472 ], [ -122.34926, 47.67604 ], [ -122.34703, 47.67623 ], [ -122.34586, 47.67514 ], [ -122.34688, 47.67382 ] ] ] } },
{ "type": "Feature", "properties": { "id": 1975, "population": 381, "o_score_pt": 948.907, "o_score_car": 1332.434, "CDI": 0.168 }, "geometry": { "type": "Polygon", "coordinates": [ [ [ -122.30901, 47.58507 ], [ -122.31156, 47.58484 ], [ -122.31294, 47.58613 ], [ -122.31176, 47.58765 ], [ -122.30921, 47.58788 ], [ -122.30783, 47.58659 ], [ -122.30901, 47.58507 ] ] ] } },
{ "type": "Feature", "properties": { "id": 1976, "population": 435, "o_score_pt": 1183.322, "o_score_car": 1504.868, "CDI": 0.12 }, "geometry": { "type": "Polygon", "coordinates": [ [ [ -122.34983, 47.6633 ], [ -122.35242, 47.66307 ], [ -122.35382, 47.66438 ], [ -122.35263, 47.66592 ], [ -122.35004, 47.66615 ], [ -122.34864, 47.66484 ], [ -122.34983, 47.6633 ] ] ] } },
{ "type": "Feature", "properties": { "id": 1977, "population": 0, "o_score_pt": 1251.125, "o_score_car": 1505.411, "CDI": 0.092 }, "geometry": { "type": "Polygon", "coordinates": [ [ [ -122.35215, 47.6229 ], [ -122.35215, 47.6229 ], [ -122.35208, 47.62291 ], [ -122.35208, 47.62291 ], [ -122.35215, 47.6229 ] ] ] } },
{ "type": "Feature", "properties": { "id": 1978, "population": 487, "o_score_pt": 1206.337, "o_score_car": 1586.084, "CDI": 0.136 }, "geometry": { "type": "Polygon", "coordinates": [ [ [ -122.32232, 47.66141 ], [ -122.32491, 47.66119 ], [ -122.32631, 47.6625 ], [ -122.32511, 47.66404 ], [ -122.32252, 47.66427 ], [ -122.32112, 47.66295 ], [ -122.32232, 47.66141 ] ] ] } },
{ "type": "Feature", "properties": { "id": 1979, "population": 131, "o_score_pt": 568.542, "o_score_car": 987.229, "CDI": 0.269 }, "geometry": { "type": "Polygon", "coordinates": [ [ [ -122.2628, 47.53624 ], [ -122.26484, 47.53607 ], [ -122.26589, 47.53705 ], [ -122.26496, 47.53826 ], [ -122.26292, 47.53844 ], [ -122.26187, 47.53745 ], [ -122.2628, 47.53624 ] ] ] } },
{ "type": "Feature", "properties": { "id": 1980, "population": 303, "o_score_pt": 706.489, "o_score_car": 1164.699, "CDI": 0.245 }, "geometry": { "type": "Polygon", "coordinates": [ [ [ -122.28474, 47.57289 ], [ -122.28719, 47.57268 ], [ -122.28849, 47.5739 ], [ -122.28737, 47.57536 ], [ -122.28492, 47.57557 ], [ -122.28362, 47.57434 ], [ -122.28474, 47.57289 ] ] ] } },
{ "type": "Feature", "properties": { "id": 1981, "population": 173, "o_score_pt": 650.896, "o_score_car": 1029.317, "CDI": 0.225 }, "geometry": { "type": "Polygon", "coordinates": [ [ [ -122.40069, 47.66049 ], [ -122.40287, 47.6603 ], [ -122.40401, 47.66136 ], [ -122.40301, 47.66265 ], [ -122.40084, 47.66284 ], [ -122.3997, 47.66178 ], [ -122.40069, 47.66049 ] ] ] } },
{ "type": "Feature", "properties": { "id": 1982, "population": 212, "o_score_pt": 769.194, "o_score_car": 1230.015, "CDI": 0.231 }, "geometry": { "type": "Polygon", "coordinates": [ [ [ -122.37225, 47.70024 ], [ -122.37453, 47.70004 ], [ -122.37573, 47.70116 ], [ -122.37468, 47.70251 ], [ -122.37241, 47.70271 ], [ -122.37121, 47.70159 ], [ -122.37225, 47.70024 ] ] ] } },
{ "type": "Feature", "properties": { "id": 1983, "population": 2, "o_score_pt": 836.709, "o_score_car": 1171.715, "CDI": 0.167 }, "geometry": { "type": "Polygon", "coordinates": [ [ [ -122.32094, 47.56963 ], [ -122.32094, 47.56963 ], [ -122.32087, 47.56963 ], [ -122.32087, 47.56963 ], [ -122.32094, 47.56963 ] ] ] } },
{ "type": "Feature", "properties": { "id": 1984, "population": 316, "o_score_pt": 848.746, "o_score_car": 1246.644, "CDI": 0.19 }, "geometry": { "type": "Polygon", "coordinates": [ [ [ -122.31095, 47.71987 ], [ -122.31342, 47.71965 ], [ -122.31474, 47.72089 ], [ -122.31361, 47.72235 ], [ -122.31114, 47.72257 ], [ -122.30982, 47.72133 ], [ -122.31095, 47.71987 ] ] ] } },
{ "type": "Feature", "properties": { "id": 1985, "population": 295, "o_score_pt": 804.114, "o_score_car": 1269.292, "CDI": 0.224 }, "geometry": { "type": "Polygon", "coordinates": [ [ [ -122.28383, 47.61464 ], [ -122.28627, 47.61443 ], [ -122.28756, 47.61565 ], [ -122.28644, 47.61709 ], [ -122.28401, 47.6173 ], [ -122.28271, 47.61608 ], [ -122.28383, 47.61464 ] ] ] } },
{ "type": "Feature", "properties": { "id": 1986, "population": 82, "o_score_pt": 1036.98, "o_score_car": 1317.197, "CDI": 0.119 }, "geometry": { "type": "Polygon", "coordinates": [ [ [ -122.37655, 47.64849 ], [ -122.37837, 47.64833 ], [ -122.37928, 47.64918 ], [ -122.37845, 47.65025 ], [ -122.37663, 47.65041 ], [ -122.37572, 47.64956 ], [ -122.37655, 47.64849 ] ] ] } },
{ "type": "Feature", "properties": { "id": 1987, "population": 367, "o_score_pt": 1185.054, "o_score_car": 1522.835, "CDI": 0.125 }, "geometry": { "type": "Polygon", "coordinates": [ [ [ -122.33411, 47.66184 ], [ -122.33665, 47.66162 ], [ -122.33801, 47.6629 ], [ -122.33685, 47.66441 ], [ -122.33431, 47.66463 ], [ -122.33294, 47.66335 ], [ -122.33411, 47.66184 ] ] ] } },
{ "type": "Feature", "properties": { "id": 1988, "population": 0, "o_score_pt": 1.555, "o_score_car": 939.734, "CDI": 0.997 }, "geometry": { "type": "Polygon", "coordinates": [ [ [ -122.25379, 47.5597 ], [ -122.25379, 47.5597 ], [ -122.25372, 47.5597 ], [ -122.25372, 47.5597 ], [ -122.25379, 47.5597 ] ] ] } },
{ "type": "Feature", "properties": { "id": 1989, "population": 253, "o_score_pt": 792.911, "o_score_car": 1213.419, "CDI": 0.21 }, "geometry": { "type": "Polygon", "coordinates": [ [ [ -122.28664, 47.70772 ], [ -122.28901, 47.70752 ], [ -122.29026, 47.70869 ], [ -122.28917, 47.71009 ], [ -122.28681, 47.7103 ], [ -122.28556, 47.70912 ], [ -122.28664, 47.70772 ] ] ] } },
{ "type": "Feature", "properties": { "id": 1990, "population": 76, "o_score_pt": 616.983, "o_score_car": 1160.039, "CDI": 0.306 }, "geometry": { "type": "Polygon", "coordinates": [ [ [ -122.27817, 47.69447 ], [ -122.27996, 47.69432 ], [ -122.28085, 47.69515 ], [ -122.28003, 47.69619 ], [ -122.27825, 47.69635 ], [ -122.27736, 47.69552 ], [ -122.27817, 47.69447 ] ] ] } },
{ "type": "Feature", "properties": { "id": 1991, "population": 320, "o_score_pt": 1062.288, "o_score_car": 1295.557, "CDI": 0.099 }, "geometry": { "type": "Polygon", "coordinates": [ [ [ -122.3753, 47.68981 ], [ -122.37777, 47.6896 ], [ -122.3791, 47.69084 ], [ -122.37796, 47.6923 ], [ -122.37549, 47.69252 ], [ -122.37416, 47.69128 ], [ -122.3753, 47.68981 ] ] ] } },
{ "type": "Feature", "properties": { "id": 1992, "population": 331, "o_score_pt": 1172.189, "o_score_car": 1402.365, "CDI": 0.089 }, "geometry": { "type": "Polygon", "coordinates": [ [ [ -122.30242, 47.65605 ], [ -122.30491, 47.65583 ], [ -122.30625, 47.65708 ], [ -122.3051, 47.65856 ], [ -122.30261, 47.65878 ], [ -122.30128, 47.65752 ], [ -122.30242, 47.65605 ] ] ] } },
{ "type": "Feature", "properties": { "id": 1993, "population": 517, "o_score_pt": 715.933, "o_score_car": 1191.459, "CDI": 0.249 }, "geometry": { "type": "Polygon", "coordinates": [ [ [ -122.34682, 47.72954 ], [ -122.34941, 47.72931 ], [ -122.35081, 47.73062 ], [ -122.34962, 47.73216 ], [ -122.34702, 47.73239 ], [ -122.34562, 47.73108 ], [ -122.34682, 47.72954 ] ] ] } },
{ "type": "Feature", "properties": { "id": 1994, "population": 206, "o_score_pt": 1004.81, "o_score_car": 1388.348, "CDI": 0.16 }, "geometry": { "type": "Polygon", "coordinates": [ [ [ -122.32856, 47.6912 ], [ -122.33082, 47.691 ], [ -122.33201, 47.69211 ], [ -122.33097, 47.69345 ], [ -122.32871, 47.69365 ], [ -122.32752, 47.69253 ], [ -122.32856, 47.6912 ] ] ] } },
{ "type": "Feature", "properties": { "id": 1995, "population": 329, "o_score_pt": 936.677, "o_score_car": 1277.573, "CDI": 0.154 }, "geometry": { "type": "Polygon", "coordinates": [ [ [ -122.29075, 47.60251 ], [ -122.29324, 47.60229 ], [ -122.29457, 47.60354 ], [ -122.29343, 47.60502 ], [ -122.29094, 47.60524 ], [ -122.28961, 47.60399 ], [ -122.29075, 47.60251 ] ] ] } },
{ "type": "Feature", "properties": { "id": 1996, "population": 420, "o_score_pt": 961.645, "o_score_car": 1365.917, "CDI": 0.174 }, "geometry": { "type": "Polygon", "coordinates": [ [ [ -122.35947, 47.68827 ], [ -122.36206, 47.68804 ], [ -122.36346, 47.68935 ], [ -122.36227, 47.69089 ], [ -122.35968, 47.69112 ], [ -122.35828, 47.68981 ], [ -122.35947, 47.68827 ] ] ] } },
{ "type": "Feature", "properties": { "id": 1997, "population": 433, "o_score_pt": 988.155, "o_score_car": 1345.466, "CDI": 0.153 }, "geometry": { "type": "Polygon", "coordinates": [ [ [ -122.28344, 47.66482 ], [ -122.28603, 47.6646 ], [ -122.28743, 47.66591 ], [ -122.28623, 47.66745 ], [ -122.28364, 47.66768 ], [ -122.28224, 47.66636 ], [ -122.28344, 47.66482 ] ] ] } },
{ "type": "Feature", "properties": { "id": 1998, "population": 647, "o_score_pt": 918.981, "o_score_car": 1377.937, "CDI": 0.2 }, "geometry": { "type": "Polygon", "coordinates": [ [ [ -122.36035, 47.64658 ], [ -122.36294, 47.64635 ], [ -122.36434, 47.64767 ], [ -122.36315, 47.64921 ], [ -122.36056, 47.64943 ], [ -122.35916, 47.64812 ], [ -122.36035, 47.64658 ] ] ] } },
{ "type": "Feature", "properties": { "id": 1999, "population": 281, "o_score_pt": 873.216, "o_score_car": 1310.795, "CDI": 0.2 }, "geometry": { "type": "Polygon", "coordinates": [ [ [ -122.29234, 47.6785 ], [ -122.29476, 47.67829 ], [ -122.29604, 47.6795 ], [ -122.29493, 47.68093 ], [ -122.29252, 47.68114 ], [ -122.29124, 47.67993 ], [ -122.29234, 47.6785 ] ] ] } },
{ "type": "Feature", "properties": { "id": 2000, "population": 386, "o_score_pt": 1068.037, "o_score_car": 1404.481, "CDI": 0.136 }, "geometry": { "type": "Polygon", "coordinates": [ [ [ -122.30402, 47.67882 ], [ -122.30659, 47.6786 ], [ -122.30797, 47.67989 ], [ -122.30679, 47.68141 ], [ -122.30422, 47.68164 ], [ -122.30284, 47.68034 ], [ -122.30402, 47.67882 ] ] ] } },
{ "type": "Feature", "properties": { "id": 2001, "population": 413, "o_score_pt": 807.287, "o_score_car": 1229.589, "CDI": 0.207 }, "geometry": { "type": "Polygon", "coordinates": [ [ [ -122.35377, 47.71746 ], [ -122.35636, 47.71723 ], [ -122.35776, 47.71854 ], [ -122.35657, 47.72008 ], [ -122.35398, 47.72031 ], [ -122.35258, 47.719 ], [ -122.35377, 47.71746 ] ] ] } },
{ "type": "Feature", "properties": { "id": 2002, "population": 494, "o_score_pt": 929.728, "o_score_car": 1246.393, "CDI": 0.146 }, "geometry": { "type": "Polygon", "coordinates": [ [ [ -122.38575, 47.67304 ], [ -122.38834, 47.67281 ], [ -122.38974, 47.67412 ], [ -122.38854, 47.67566 ], [ -122.38595, 47.67589 ], [ -122.38455, 47.67458 ], [ -122.38575, 47.67304 ] ] ] } },
{ "type": "Feature", "properties": { "id": 2003, "population": 196, "o_score_pt": 456.416, "o_score_car": 932.103, "CDI": 0.343 }, "geometry": { "type": "Polygon", "coordinates": [ [ [ -122.25748, 47.5179 ], [ -122.25972, 47.5177 ], [ -122.26089, 47.5188 ], [ -122.25986, 47.52013 ], [ -122.25763, 47.52033 ], [ -122.25646, 47.51922 ], [ -122.25748, 47.5179 ] ] ] } },
{ "type": "Feature", "properties": { "id": 2004, "population": 366, "o_score_pt": 966.19, "o_score_car": 1332.644, "CDI": 0.159 }, "geometry": { "type": "Polygon", "coordinates": [ [ [ -122.28367, 47.66771 ], [ -122.28621, 47.66748 ], [ -122.28758, 47.66876 ], [ -122.28641, 47.67027 ], [ -122.28387, 47.67049 ], [ -122.2825, 47.66921 ], [ -122.28367, 47.66771 ] ] ] } },
{ "type": "Feature", "properties": { "id": 2005, "population": 259, "o_score_pt": 642.44, "o_score_car": 1286.308, "CDI": 0.334 }, "geometry": { "type": "Polygon", "coordinates": [ [ [ -122.30246, 47.54695 ], [ -122.30483, 47.54674 ], [ -122.30609, 47.54793 ], [ -122.305, 47.54933 ], [ -122.30263, 47.54954 ], [ -122.30137, 47.54836 ], [ -122.30246, 47.54695 ] ] ] } },
{ "type": "Feature", "properties": { "id": 2006, "population": 425, "o_score_pt": 939.32, "o_score_car": 1415.25, "CDI": 0.202 }, "geometry": { "type": "Polygon", "coordinates": [ [ [ -122.30829, 47.62963 ], [ -122.31088, 47.6294 ], [ -122.31228, 47.63072 ], [ -122.31108, 47.63226 ], [ -122.30849, 47.63248 ], [ -122.3071, 47.63117 ], [ -122.30829, 47.62963 ] ] ] } },
{ "type": "Feature", "properties": { "id": 2007, "population": 185, "o_score_pt": 942.497, "o_score_car": 1353.297, "CDI": 0.179 }, "geometry": { "type": "Polygon", "coordinates": [ [ [ -122.34538, 47.70696 ], [ -122.3476, 47.70676 ], [ -122.34875, 47.70785 ], [ -122.34774, 47.70915 ], [ -122.34553, 47.70935 ], [ -122.34437, 47.70826 ], [ -122.34538, 47.70696 ] ] ] } },
{ "type": "Feature", "properties": { "id": 2008, "population": 562, "o_score_pt": 1071.956, "o_score_car": 1528.68, "CDI": 0.176 }, "geometry": { "type": "Polygon", "coordinates": [ [ [ -122.33429, 47.66467 ], [ -122.33688, 47.66444 ], [ -122.33828, 47.66575 ], [ -122.33708, 47.66729 ], [ -122.33449, 47.66752 ], [ -122.33309, 47.66621 ], [ -122.33429, 47.66467 ] ] ] } },
{ "type": "Feature", "properties": { "id": 2009, "population": 377, "o_score_pt": 1072.634, "o_score_car": 1337.512, "CDI": 0.11 }, "geometry": { "type": "Polygon", "coordinates": [ [ [ -122.3084, 47.5765 ], [ -122.31095, 47.57628 ], [ -122.31232, 47.57757 ], [ -122.31114, 47.57909 ], [ -122.30859, 47.57931 ], [ -122.30722, 47.57802 ], [ -122.3084, 47.5765 ] ] ] } },
{ "type": "Feature", "properties": { "id": 2010, "population": 461, "o_score_pt": 1074.191, "o_score_car": 1363.012, "CDI": 0.119 }, "geometry": { "type": "Polygon", "coordinates": [ [ [ -122.36978, 47.66871 ], [ -122.37238, 47.66848 ], [ -122.37377, 47.66979 ], [ -122.37258, 47.67133 ], [ -122.36999, 47.67156 ], [ -122.36859, 47.67025 ], [ -122.36978, 47.66871 ] ] ] } },
{ "type": "Feature", "properties": { "id": 2011, "population": 325, "o_score_pt": 1249.905, "o_score_car": 1540.033, "CDI": 0.104 }, "geometry": { "type": "Polygon", "coordinates": [ [ [ -122.347, 47.62342 ], [ -122.34948, 47.6232 ], [ -122.35081, 47.62445 ], [ -122.34967, 47.62592 ], [ -122.34719, 47.62614 ], [ -122.34586, 47.6249 ], [ -122.347, 47.62342 ] ] ] } },
{ "type": "Feature", "properties": { "id": 2012, "population": 313, "o_score_pt": 1224.154, "o_score_car": 1592.794, "CDI": 0.131 }, "geometry": { "type": "Polygon", "coordinates": [ [ [ -122.31861, 47.66325 ], [ -122.32107, 47.66304 ], [ -122.32239, 47.66427 ], [ -122.32125, 47.66573 ], [ -122.31879, 47.66595 ], [ -122.31747, 47.66471 ], [ -122.31861, 47.66325 ] ] ] } },
{ "type": "Feature", "properties": { "id": 2013, "population": 311, "o_score_pt": 798.078, "o_score_car": 1086.93, "CDI": 0.153 }, "geometry": { "type": "Polygon", "coordinates": [ [ [ -122.27809, 47.53465 ], [ -122.28055, 47.53444 ], [ -122.28186, 47.53568 ], [ -122.28073, 47.53714 ], [ -122.27828, 47.53735 ], [ -122.27696, 47.53612 ], [ -122.27809, 47.53465 ] ] ] } },
{ "type": "Feature", "properties": { "id": 2014, "population": 10, "o_score_pt": 4.339, "o_score_car": 883.31, "CDI": 0.99 }, "geometry": { "type": "Polygon", "coordinates": [ [ [ -122.42877, 47.66025 ], [ -122.42962, 47.66017 ], [ -122.4299, 47.66044 ], [ -122.42953, 47.66091 ], [ -122.42869, 47.66099 ], [ -122.4284, 47.66072 ], [ -122.42877, 47.66025 ] ] ] } },
{ "type": "Feature", "properties": { "id": 2015, "population": 1134, "o_score_pt": 1403.759, "o_score_car": 1511.508, "CDI": 0.037 }, "geometry": { "type": "Polygon", "coordinates": [ [ [ -122.31524, 47.61753 ], [ -122.31783, 47.61731 ], [ -122.31923, 47.61862 ], [ -122.31803, 47.62016 ], [ -122.31544, 47.62039 ], [ -122.31405, 47.61907 ], [ -122.31524, 47.61753 ] ] ] } },
{ "type": "Feature", "properties": { "id": 2016, "population": 378, "o_score_pt": 976.281, "o_score_car": 1286.307, "CDI": 0.137 }, "geometry": { "type": "Polygon", "coordinates": [ [ [ -122.37147, 47.69154 ], [ -122.37402, 47.69131 ], [ -122.3754, 47.6926 ], [ -122.37422, 47.69412 ], [ -122.37167, 47.69434 ], [ -122.37029, 47.69305 ], [ -122.37147, 47.69154 ] ] ] } },
{ "type": "Feature", "properties": { "id": 2017, "population": 4, "o_score_pt": 893.738, "o_score_car": 1326.845, "CDI": 0.195 }, "geometry": { "type": "Polygon", "coordinates": [ [ [ -122.34067, 47.57494 ], [ -122.34114, 47.5749 ], [ -122.34118, 47.57494 ], [ -122.341, 47.57518 ], [ -122.34053, 47.57523 ], [ -122.34049, 47.57518 ], [ -122.34067, 47.57494 ] ] ] } },
{ "type": "Feature", "properties": { "id": 2018, "population": 480, "o_score_pt": 987.255, "o_score_car": 1293.796, "CDI": 0.134 }, "geometry": { "type": "Polygon", "coordinates": [ [ [ -122.31763, 47.70486 ], [ -122.32022, 47.70464 ], [ -122.32162, 47.70595 ], [ -122.32043, 47.70749 ], [ -122.31783, 47.70771 ], [ -122.31644, 47.7064 ], [ -122.31763, 47.70486 ] ] ] } },
{ "type": "Feature", "properties": { "id": 2019, "population": 10, "o_score_pt": 831.577, "o_score_car": 1239.781, "CDI": 0.197 }, "geometry": { "type": "Polygon", "coordinates": [ [ [ -122.32327, 47.55325 ], [ -122.32412, 47.55317 ], [ -122.32441, 47.55344 ], [ -122.32404, 47.55392 ], [ -122.32319, 47.55399 ], [ -122.32291, 47.55372 ], [ -122.32327, 47.55325 ] ] ] } },
{ "type": "Feature", "properties": { "id": 2020, "population": 371, "o_score_pt": 800.714, "o_score_car": 1231.261, "CDI": 0.212 }, "geometry": { "type": "Polygon", "coordinates": [ [ [ -122.31173, 47.73122 ], [ -122.31428, 47.731 ], [ -122.31565, 47.73228 ], [ -122.31447, 47.73379 ], [ -122.31193, 47.73401 ], [ -122.31056, 47.73273 ], [ -122.31173, 47.73122 ] ] ] } },
{ "type": "Feature", "properties": { "id": 2021, "population": 307, "o_score_pt": 893.53, "o_score_car": 1324.7, "CDI": 0.194 }, "geometry": { "type": "Polygon", "coordinates": [ [ [ -122.2918, 47.6168 ], [ -122.29425, 47.61659 ], [ -122.29556, 47.61782 ], [ -122.29443, 47.61927 ], [ -122.29198, 47.61949 ], [ -122.29067, 47.61826 ], [ -122.2918, 47.6168 ] ] ] } },
{ "type": "Feature", "properties": { "id": 2022, "population": 274, "o_score_pt": 836.176, "o_score_car": 1142.824, "CDI": 0.155 }, "geometry": { "type": "Polygon", "coordinates": [ [ [ -122.25663, 47.67159 ], [ -122.25903, 47.67138 ], [ -122.26031, 47.67258 ], [ -122.2592, 47.674 ], [ -122.2568, 47.67421 ], [ -122.25553, 47.67301 ], [ -122.25663, 47.67159 ] ] ] } },
{ "type": "Feature", "properties": { "id": 2023, "population": 47, "o_score_pt": 1061.376, "o_score_car": 1509.766, "CDI": 0.174 }, "geometry": { "type": "Polygon", "coordinates": [ [ [ -122.3223, 47.65344 ], [ -122.32386, 47.6533 ], [ -122.3246, 47.65399 ], [ -122.32389, 47.6549 ], [ -122.32234, 47.65504 ], [ -122.3216, 47.65434 ], [ -122.3223, 47.65344 ] ] ] } },
{ "type": "Feature", "properties": { "id": 2024, "population": 270, "o_score_pt": 831.822, "o_score_car": 1283.383, "CDI": 0.213 }, "geometry": { "type": "Polygon", "coordinates": [ [ [ -122.29338, 47.69277 ], [ -122.29577, 47.69256 ], [ -122.29705, 47.69375 ], [ -122.29595, 47.69517 ], [ -122.29355, 47.69538 ], [ -122.29228, 47.69419 ], [ -122.29338, 47.69277 ] ] ] } },
{ "type": "Feature", "properties": { "id": 2025, "population": 253, "o_score_pt": 644.794, "o_score_car": 1035.272, "CDI": 0.232 }, "geometry": { "type": "Polygon", "coordinates": [ [ [ -122.2851, 47.5226 ], [ -122.28745, 47.52239 ], [ -122.2887, 47.52357 ], [ -122.28762, 47.52497 ], [ -122.28526, 47.52518 ], [ -122.28401, 47.524 ], [ -122.2851, 47.5226 ] ] ] } },
{ "type": "Feature", "properties": { "id": 2026, "population": 249, "o_score_pt": 774.051, "o_score_car": 1202.647, "CDI": 0.217 }, "geometry": { "type": "Polygon", "coordinates": [ [ [ -122.38335, 47.69204 ], [ -122.3857, 47.69184 ], [ -122.38695, 47.693 ], [ -122.38587, 47.6944 ], [ -122.38352, 47.69461 ], [ -122.38227, 47.69344 ], [ -122.38335, 47.69204 ] ] ] } },
{ "type": "Feature", "properties": { "id": 2027, "population": 279, "o_score_pt": 774.108, "o_score_car": 1155.86, "CDI": 0.198 }, "geometry": { "type": "Polygon", "coordinates": [ [ [ -122.35491, 47.73181 ], [ -122.35732, 47.73159 ], [ -122.3586, 47.73279 ], [ -122.3575, 47.73422 ], [ -122.35509, 47.73443 ], [ -122.35381, 47.73323 ], [ -122.35491, 47.73181 ] ] ] } },
{ "type": "Feature", "properties": { "id": 2028, "population": 415, "o_score_pt": 1214.173, "o_score_car": 1460.079, "CDI": 0.092 }, "geometry": { "type": "Polygon", "coordinates": [ [ [ -122.34392, 47.68964 ], [ -122.34651, 47.68941 ], [ -122.34791, 47.69072 ], [ -122.34672, 47.69226 ], [ -122.34413, 47.69249 ], [ -122.34273, 47.69118 ], [ -122.34392, 47.68964 ] ] ] } },
{ "type": "Feature", "properties": { "id": 2029, "population": 264, "o_score_pt": 894.213, "o_score_car": 1117.548, "CDI": 0.111 }, "geometry": { "type": "Polygon", "coordinates": [ [ [ -122.29153, 47.55797 ], [ -122.2939, 47.55776 ], [ -122.29517, 47.55895 ], [ -122.29407, 47.56036 ], [ -122.2917, 47.56057 ], [ -122.29043, 47.55938 ], [ -122.29153, 47.55797 ] ] ] } },
{ "type": "Feature", "properties": { "id": 2030, "population": 964, "o_score_pt": 1297.217, "o_score_car": 1516.607, "CDI": 0.078 }, "geometry": { "type": "Polygon", "coordinates": [ [ [ -122.31799, 47.60149 ], [ -122.32058, 47.60127 ], [ -122.32198, 47.60258 ], [ -122.32079, 47.60412 ], [ -122.3182, 47.60435 ], [ -122.3168, 47.60303 ], [ -122.31799, 47.60149 ] ] ] } },
{ "type": "Feature", "properties": { "id": 2031, "population": 351, "o_score_pt": 1024.437, "o_score_car": 1407.486, "CDI": 0.158 }, "geometry": { "type": "Polygon", "coordinates": [ [ [ -122.35153, 47.68615 ], [ -122.35405, 47.68593 ], [ -122.3554, 47.68719 ], [ -122.35425, 47.68869 ], [ -122.35173, 47.68891 ], [ -122.35038, 47.68764 ], [ -122.35153, 47.68615 ] ] ] } },
{ "type": "Feature", "properties": { "id": 2032, "population": 297, "o_score_pt": 785.501, "o_score_car": 1319.144, "CDI": 0.254 }, "geometry": { "type": "Polygon", "coordinates": [ [ [ -122.28291, 47.65635 ], [ -122.28535, 47.65614 ], [ -122.28665, 47.65736 ], [ -122.28553, 47.65881 ], [ -122.28309, 47.65902 ], [ -122.28179, 47.6578 ], [ -122.28291, 47.65635 ] ] ] } },
{ "type": "Feature", "properties": { "id": 2033, "population": 241, "o_score_pt": 1186.545, "o_score_car": 1421.439, "CDI": 0.09 }, "geometry": { "type": "Polygon", "coordinates": [ [ [ -122.35672, 47.64849 ], [ -122.35906, 47.64829 ], [ -122.36029, 47.64945 ], [ -122.35922, 47.65083 ], [ -122.35688, 47.65104 ], [ -122.35565, 47.64988 ], [ -122.35672, 47.64849 ] ] ] } },
{ "type": "Feature", "properties": { "id": 2034, "population": 362, "o_score_pt": 1069.836, "o_score_car": 1402.877, "CDI": 0.135 }, "geometry": { "type": "Polygon", "coordinates": [ [ [ -122.30026, 47.68061 ], [ -122.30279, 47.68038 ], [ -122.30415, 47.68166 ], [ -122.30298, 47.68316 ], [ -122.30045, 47.68339 ], [ -122.29909, 47.68211 ], [ -122.30026, 47.68061 ] ] ] } },
{ "type": "Feature", "properties": { "id": 2035, "population": 157, "o_score_pt": 552.836, "o_score_car": 967.608, "CDI": 0.273 }, "geometry": { "type": "Polygon", "coordinates": [ [ [ -122.25999, 47.55225 ], [ -122.26212, 47.55206 ], [ -122.26322, 47.5531 ], [ -122.26225, 47.55436 ], [ -122.26012, 47.55455 ], [ -122.25901, 47.55351 ], [ -122.25999, 47.55225 ] ] ] } },
{ "type": "Feature", "properties": { "id": 2036, "population": 181, "o_score_pt": 604.552, "o_score_car": 1058.513, "CDI": 0.273 }, "geometry": { "type": "Polygon", "coordinates": [ [ [ -122.41098, 47.64091 ], [ -122.41318, 47.64071 ], [ -122.41433, 47.64179 ], [ -122.41332, 47.64309 ], [ -122.41112, 47.64329 ], [ -122.40997, 47.64221 ], [ -122.41098, 47.64091 ] ] ] } },
{ "type": "Feature", "properties": { "id": 2037, "population": 108, "o_score_pt": 1241.025, "o_score_car": 1514.504, "CDI": 0.099 }, "geometry": { "type": "Polygon", "coordinates": [ [ [ -122.33349, 47.59478 ], [ -122.33544, 47.59461 ], [ -122.33643, 47.59554 ], [ -122.33554, 47.59669 ], [ -122.33359, 47.59686 ], [ -122.3326, 47.59593 ], [ -122.33349, 47.59478 ] ] ] } },
{ "type": "Feature", "properties": { "id": 2038, "population": 527, "o_score_pt": 1027.661, "o_score_car": 1522.392, "CDI": 0.194 }, "geometry": { "type": "Polygon", "coordinates": [ [ [ -122.32486, 47.64253 ], [ -122.32745, 47.6423 ], [ -122.32885, 47.64362 ], [ -122.32766, 47.64516 ], [ -122.32507, 47.64538 ], [ -122.32367, 47.64407 ], [ -122.32486, 47.64253 ] ] ] } },
{ "type": "Feature", "properties": { "id": 2039, "population": 8, "o_score_pt": 1290.109, "o_score_car": 1437.385, "CDI": 0.054 }, "geometry": { "type": "Polygon", "coordinates": [ [ [ -122.32223, 47.59219 ], [ -122.32298, 47.59213 ], [ -122.3232, 47.59234 ], [ -122.32288, 47.59275 ], [ -122.32213, 47.59282 ], [ -122.32191, 47.59261 ], [ -122.32223, 47.59219 ] ] ] } },
{ "type": "Feature", "properties": { "id": 2040, "population": 1, "o_score_pt": 1093.393, "o_score_car": 1235.487, "CDI": 0.061 }, "geometry": { "type": "Polygon", "coordinates": [ [ [ -122.38048, 47.63619 ], [ -122.38048, 47.63619 ], [ -122.38042, 47.6362 ], [ -122.38042, 47.6362 ], [ -122.38048, 47.63619 ] ] ] } },
{ "type": "Feature", "properties": { "id": 2041, "population": 307, "o_score_pt": 582.702, "o_score_car": 956.697, "CDI": 0.243 }, "geometry": { "type": "Polygon", "coordinates": [ [ [ -122.26594, 47.52853 ], [ -122.26839, 47.52832 ], [ -122.2697, 47.52955 ], [ -122.26857, 47.53101 ], [ -122.26612, 47.53122 ], [ -122.26481, 47.52999 ], [ -122.26594, 47.52853 ] ] ] } },
{ "type": "Feature", "properties": { "id": 2042, "population": 69, "o_score_pt": 890.17, "o_score_car": 1342.668, "CDI": 0.203 }, "geometry": { "type": "Polygon", "coordinates": [ [ [ -122.31676, 47.63228 ], [ -122.3185, 47.63213 ], [ -122.31936, 47.63293 ], [ -122.31857, 47.63395 ], [ -122.31683, 47.6341 ], [ -122.31597, 47.6333 ], [ -122.31676, 47.63228 ] ] ] } },
{ "type": "Feature", "properties": { "id": 2043, "population": 123, "o_score_pt": 824.592, "o_score_car": 1267.426, "CDI": 0.212 }, "geometry": { "type": "Polygon", "coordinates": [ [ [ -122.33455, 47.71807 ], [ -122.33657, 47.71789 ], [ -122.3376, 47.71886 ], [ -122.33668, 47.72004 ], [ -122.33467, 47.72022 ], [ -122.33363, 47.71926 ], [ -122.33455, 47.71807 ] ] ] } },
{ "type": "Feature", "properties": { "id": 2044, "population": 0, "o_score_pt": 383.064, "o_score_car": 953.352, "CDI": 0.427 }, "geometry": { "type": "Polygon", "coordinates": [ [ [ -122.25099, 47.68488 ], [ -122.25099, 47.68488 ], [ -122.25092, 47.68489 ], [ -122.25092, 47.68489 ], [ -122.25099, 47.68488 ] ] ] } },
{ "type": "Feature", "properties": { "id": 2045, "population": 0, "o_score_pt": 1024.599, "o_score_car": 1420.383, "CDI": 0.162 }, "geometry": { "type": "Polygon", "coordinates": [ [ [ -122.3437, 47.66814 ], [ -122.3437, 47.66814 ], [ -122.34363, 47.66815 ], [ -122.34363, 47.66815 ], [ -122.3437, 47.66814 ] ] ] } },
{ "type": "Feature", "properties": { "id": 2046, "population": 351, "o_score_pt": 1052.26, "o_score_car": 1313.553, "CDI": 0.11 }, "geometry": { "type": "Polygon", "coordinates": [ [ [ -122.30463, 47.57829 ], [ -122.30715, 47.57807 ], [ -122.3085, 47.57934 ], [ -122.30734, 47.58083 ], [ -122.30483, 47.58106 ], [ -122.30348, 47.57979 ], [ -122.30463, 47.57829 ] ] ] } },
{ "type": "Feature", "properties": { "id": 2047, "population": 466, "o_score_pt": 1124.898, "o_score_car": 1426.381, "CDI": 0.118 }, "geometry": { "type": "Polygon", "coordinates": [ [ [ -122.3574, 47.65976 ], [ -122.35999, 47.65953 ], [ -122.36139, 47.66084 ], [ -122.3602, 47.66238 ], [ -122.35761, 47.66261 ], [ -122.35621, 47.6613 ], [ -122.3574, 47.65976 ] ] ] } },
{ "type": "Feature", "properties": { "id": 2048, "population": 278, "o_score_pt": 1077.31, "o_score_car": 1387.307, "CDI": 0.126 }, "geometry": { "type": "Polygon", "coordinates": [ [ [ -122.36699, 47.62889 ], [ -122.36939, 47.62867 ], [ -122.37067, 47.62987 ], [ -122.36957, 47.6313 ], [ -122.36716, 47.63151 ], [ -122.36588, 47.63031 ], [ -122.36699, 47.62889 ] ] ] } },
{ "type": "Feature", "properties": { "id": 2049, "population": 1231, "o_score_pt": 1347.904, "o_score_car": 1540.621, "CDI": 0.067 }, "geometry": { "type": "Polygon", "coordinates": [ [ [ -122.31055, 47.66101 ], [ -122.31314, 47.66078 ], [ -122.31454, 47.6621 ], [ -122.31335, 47.66364 ], [ -122.31076, 47.66386 ], [ -122.30936, 47.66255 ], [ -122.31055, 47.66101 ] ] ] } },
{ "type": "Feature", "properties": { "id": 2050, "population": 502, "o_score_pt": 704.272, "o_score_car": 1135.989, "CDI": 0.235 }, "geometry": { "type": "Polygon", "coordinates": [ [ [ -122.28599, 47.53676 ], [ -122.28857, 47.53653 ], [ -122.28997, 47.53785 ], [ -122.28878, 47.53939 ], [ -122.28619, 47.53962 ], [ -122.28479, 47.5383 ], [ -122.28599, 47.53676 ] ] ] } },
{ "type": "Feature", "properties": { "id": 2051, "population": 8, "o_score_pt": 4.83, "o_score_car": 922.442, "CDI": 0.99 }, "geometry": { "type": "Polygon", "coordinates": [ [ [ -122.42504, 47.66207 ], [ -122.4258, 47.66201 ], [ -122.42602, 47.66222 ], [ -122.4257, 47.66263 ], [ -122.42495, 47.6627 ], [ -122.42472, 47.66249 ], [ -122.42504, 47.66207 ] ] ] } },
{ "type": "Feature", "properties": { "id": 2052, "population": 1028, "o_score_pt": 1521.267, "o_score_car": 1552.193, "CDI": 0.01 }, "geometry": { "type": "Polygon", "coordinates": [ [ [ -122.34254, 47.61657 ], [ -122.34513, 47.61634 ], [ -122.34652, 47.61765 ], [ -122.34533, 47.61919 ], [ -122.34274, 47.61942 ], [ -122.34134, 47.61811 ], [ -122.34254, 47.61657 ] ] ] } },
{ "type": "Feature", "properties": { "id": 2053, "population": 192, "o_score_pt": 971.028, "o_score_car": 1285.696, "CDI": 0.139 }, "geometry": { "type": "Polygon", "coordinates": [ [ [ -122.36787, 47.69349 ], [ -122.3701, 47.69329 ], [ -122.37127, 47.69439 ], [ -122.37025, 47.6957 ], [ -122.36802, 47.6959 ], [ -122.36685, 47.69481 ], [ -122.36787, 47.69349 ] ] ] } },
{ "type": "Feature", "properties": { "id": 2054, "population": 2, "o_score_pt": 831.706, "o_score_car": 1339.489, "CDI": 0.234 }, "geometry": { "type": "Polygon", "coordinates": [ [ [ -122.3285, 47.56609 ], [ -122.3285, 47.56609 ], [ -122.32843, 47.5661 ], [ -122.32843, 47.5661 ], [ -122.3285, 47.56609 ] ] ] } },
{ "type": "Feature", "properties": { "id": 2055, "population": 402, "o_score_pt": 1139.455, "o_score_car": 1383.771, "CDI": 0.097 }, "geometry": { "type": "Polygon", "coordinates": [ [ [ -122.31702, 47.69632 ], [ -122.3196, 47.69609 ], [ -122.32099, 47.6974 ], [ -122.3198, 47.69893 ], [ -122.31722, 47.69916 ], [ -122.31583, 47.69785 ], [ -122.31702, 47.69632 ] ] ] } },
{ "type": "Feature", "properties": { "id": 2056, "population": 224, "o_score_pt": 664.092, "o_score_car": 1119.302, "CDI": 0.255 }, "geometry": { "type": "Polygon", "coordinates": [ [ [ -122.39244, 47.65541 ], [ -122.39474, 47.6552 ], [ -122.39595, 47.65634 ], [ -122.3949, 47.6577 ], [ -122.3926, 47.65791 ], [ -122.39138, 47.65677 ], [ -122.39244, 47.65541 ] ] ] } },
{ "type": "Feature", "properties": { "id": 2057, "population": 181, "o_score_pt": 442.69, "o_score_car": 975.512, "CDI": 0.376 }, "geometry": { "type": "Polygon", "coordinates": [ [ [ -122.26405, 47.50009 ], [ -122.26624, 47.49989 ], [ -122.26739, 47.50098 ], [ -122.26638, 47.50228 ], [ -122.26419, 47.50247 ], [ -122.26304, 47.50139 ], [ -122.26405, 47.50009 ] ] ] } },
{ "type": "Feature", "properties": { "id": 2058, "population": 0, "o_score_pt": 417.644, "o_score_car": 920.732, "CDI": 0.376 }, "geometry": { "type": "Polygon", "coordinates": [ [ [ -122.2494, 47.55289 ], [ -122.2494, 47.55289 ], [ -122.24933, 47.5529 ], [ -122.24933, 47.5529 ], [ -122.2494, 47.55289 ] ] ] } },
{ "type": "Feature", "properties": { "id": 2059, "population": 4, "o_score_pt": 865.611, "o_score_car": 1109.99, "CDI": 0.124 }, "geometry": { "type": "Polygon", "coordinates": [ [ [ -122.39413, 47.66499 ], [ -122.3946, 47.66495 ], [ -122.39464, 47.66499 ], [ -122.39445, 47.66523 ], [ -122.39399, 47.66527 ], [ -122.39394, 47.66523 ], [ -122.39413, 47.66499 ] ] ] } },
{ "type": "Feature", "properties": { "id": 2060, "population": 59, "o_score_pt": 642.324, "o_score_car": 1086.35, "CDI": 0.257 }, "geometry": { "type": "Polygon", "coordinates": [ [ [ -122.3993, 47.69105 ], [ -122.40096, 47.69091 ], [ -122.40177, 47.69166 ], [ -122.40102, 47.69264 ], [ -122.39935, 47.69278 ], [ -122.39855, 47.69203 ], [ -122.3993, 47.69105 ] ] ] } },
{ "type": "Feature", "properties": { "id": 2061, "population": 0, "o_score_pt": 1325.962, "o_score_car": 1380.839, "CDI": 0.02 }, "geometry": { "type": "Polygon", "coordinates": [ [ [ -122.2994, 47.65051 ], [ -122.2994, 47.65051 ], [ -122.29933, 47.65051 ], [ -122.29933, 47.65051 ], [ -122.2994, 47.65051 ] ] ] } },
{ "type": "Feature", "properties": { "id": 2062, "population": 98, "o_score_pt": 872.652, "o_score_car": 1272.467, "CDI": 0.186 }, "geometry": { "type": "Polygon", "coordinates": [ [ [ -122.34281, 47.72314 ], [ -122.34472, 47.72298 ], [ -122.34568, 47.72388 ], [ -122.34481, 47.725 ], [ -122.3429, 47.72516 ], [ -122.34194, 47.72426 ], [ -122.34281, 47.72314 ] ] ] } },
{ "type": "Feature", "properties": { "id": 2063, "population": 463, "o_score_pt": 972.675, "o_score_car": 1354.02, "CDI": 0.164 }, "geometry": { "type": "Polygon", "coordinates": [ [ [ -122.3519, 47.69181 ], [ -122.3545, 47.69158 ], [ -122.3559, 47.69289 ], [ -122.3547, 47.69443 ], [ -122.35211, 47.69466 ], [ -122.35071, 47.69335 ], [ -122.3519, 47.69181 ] ] ] } },
{ "type": "Feature", "properties": { "id": 2064, "population": 440, "o_score_pt": 1050.983, "o_score_car": 1463.411, "CDI": 0.164 }, "geometry": { "type": "Polygon", "coordinates": [ [ [ -122.31421, 47.60326 ], [ -122.3168, 47.60303 ], [ -122.3182, 47.60435 ], [ -122.317, 47.60589 ], [ -122.31441, 47.60612 ], [ -122.31302, 47.6048 ], [ -122.31421, 47.60326 ] ] ] } },
{ "type": "Feature", "properties": { "id": 2065, "population": 399, "o_score_pt": 953.422, "o_score_car": 1317.081, "CDI": 0.16 }, "geometry": { "type": "Polygon", "coordinates": [ [ [ -122.36705, 47.68474 ], [ -122.36963, 47.68451 ], [ -122.37102, 47.68582 ], [ -122.36983, 47.68735 ], [ -122.36725, 47.68758 ], [ -122.36586, 47.68627 ], [ -122.36705, 47.68474 ] ] ] } },
{ "type": "Feature", "properties": { "id": 2066, "population": 228, "o_score_pt": 824.958, "o_score_car": 1298.345, "CDI": 0.223 }, "geometry": { "type": "Polygon", "coordinates": [ [ [ -122.2792, 47.65819 ], [ -122.28151, 47.65799 ], [ -122.28273, 47.65913 ], [ -122.28167, 47.6605 ], [ -122.27936, 47.6607 ], [ -122.27814, 47.65956 ], [ -122.2792, 47.65819 ] ] ] } },
{ "type": "Feature", "properties": { "id": 2067, "population": 517, "o_score_pt": 1070.207, "o_score_car": 1472.949, "CDI": 0.158 }, "geometry": { "type": "Polygon", "coordinates": [ [ [ -122.32018, 47.68599 ], [ -122.32277, 47.68577 ], [ -122.32417, 47.68708 ], [ -122.32298, 47.68862 ], [ -122.32038, 47.68884 ], [ -122.31899, 47.68753 ], [ -122.32018, 47.68599 ] ] ] } },
{ "type": "Feature", "properties": { "id": 2068, "population": 265, "o_score_pt": 612.745, "o_score_car": 989.487, "CDI": 0.235 }, "geometry": { "type": "Polygon", "coordinates": [ [ [ -122.26781, 47.55429 ], [ -122.27019, 47.55408 ], [ -122.27146, 47.55527 ], [ -122.27036, 47.55668 ], [ -122.26798, 47.55689 ], [ -122.26672, 47.5557 ], [ -122.26781, 47.55429 ] ] ] } },
{ "type": "Feature", "properties": { "id": 2069, "population": 300, "o_score_pt": 1049.322, "o_score_car": 1531.041, "CDI": 0.187 }, "geometry": { "type": "Polygon", "coordinates": [ [ [ -122.32433, 47.63406 ], [ -122.32677, 47.63384 ], [ -122.32808, 47.63506 ], [ -122.32695, 47.63651 ], [ -122.32451, 47.63673 ], [ -122.32321, 47.63551 ], [ -122.32433, 47.63406 ] ] ] } },
{ "type": "Feature", "properties": { "id": 2070, "population": 4, "o_score_pt": 895.363, "o_score_car": 1222.204, "CDI": 0.154 }, "geometry": { "type": "Polygon", "coordinates": [ [ [ -122.33793, 47.59099 ], [ -122.33839, 47.59095 ], [ -122.33844, 47.59099 ], [ -122.33825, 47.59123 ], [ -122.33778, 47.59127 ], [ -122.33774, 47.59123 ], [ -122.33793, 47.59099 ] ] ] } },
{ "type": "Feature", "properties": { "id": 2071, "population": 11, "o_score_pt": 806.709, "o_score_car": 1259.32, "CDI": 0.219 }, "geometry": { "type": "Polygon", "coordinates": [ [ [ -122.31926, 47.55214 ], [ -122.32015, 47.55206 ], [ -122.32046, 47.55235 ], [ -122.32008, 47.55285 ], [ -122.31919, 47.55293 ], [ -122.31888, 47.55264 ], [ -122.31926, 47.55214 ] ] ] } },
{ "type": "Feature", "properties": { "id": 2072, "population": 586, "o_score_pt": 805.082, "o_score_car": 1222.921, "CDI": 0.206 }, "geometry": { "type": "Polygon", "coordinates": [ [ [ -122.38703, 47.63705 ], [ -122.38962, 47.63682 ], [ -122.39102, 47.63813 ], [ -122.38983, 47.63967 ], [ -122.38724, 47.6399 ], [ -122.38584, 47.63859 ], [ -122.38703, 47.63705 ] ] ] } },
{ "type": "Feature", "properties": { "id": 2073, "population": 298, "o_score_pt": 628.046, "o_score_car": 1011.675, "CDI": 0.234 }, "geometry": { "type": "Polygon", "coordinates": [ [ [ -122.27177, 47.55535 ], [ -122.2742, 47.55513 ], [ -122.2755, 47.55636 ], [ -122.27438, 47.55781 ], [ -122.27195, 47.55802 ], [ -122.27065, 47.55679 ], [ -122.27177, 47.55535 ] ] ] } },
{ "type": "Feature", "properties": { "id": 2074, "population": 749, "o_score_pt": 940.738, "o_score_car": 1325.361, "CDI": 0.17 }, "geometry": { "type": "Polygon", "coordinates": [ [ [ -122.37398, 47.67264 ], [ -122.37657, 47.67241 ], [ -122.37797, 47.67373 ], [ -122.37678, 47.67527 ], [ -122.37419, 47.67549 ], [ -122.37279, 47.67418 ], [ -122.37398, 47.67264 ] ] ] } },
{ "type": "Feature", "properties": { "id": 2075, "population": 274, "o_score_pt": 643.441, "o_score_car": 997.51, "CDI": 0.216 }, "geometry": { "type": "Polygon", "coordinates": [ [ [ -122.27353, 47.52502 ], [ -122.27593, 47.52482 ], [ -122.2772, 47.52602 ], [ -122.2761, 47.52744 ], [ -122.2737, 47.52765 ], [ -122.27243, 47.52645 ], [ -122.27353, 47.52502 ] ] ] } },
{ "type": "Feature", "properties": { "id": 2076, "population": 79, "o_score_pt": 672.176, "o_score_car": 1083.792, "CDI": 0.234 }, "geometry": { "type": "Polygon", "coordinates": [ [ [ -122.28482, 47.7326 ], [ -122.28663, 47.73244 ], [ -122.28752, 47.73328 ], [ -122.2867, 47.73434 ], [ -122.2849, 47.7345 ], [ -122.284, 47.73366 ], [ -122.28482, 47.7326 ] ] ] } },
{ "type": "Feature", "properties": { "id": 2077, "population": 496, "o_score_pt": 707.653, "o_score_car": 1176.055, "CDI": 0.249 }, "geometry": { "type": "Polygon", "coordinates": [ [ [ -122.29395, 47.53894 ], [ -122.29654, 47.53871 ], [ -122.29794, 47.54002 ], [ -122.29675, 47.54157 ], [ -122.29416, 47.54179 ], [ -122.29276, 47.54048 ], [ -122.29395, 47.53894 ] ] ] } },
{ "type": "Feature", "properties": { "id": 2078, "population": 155, "o_score_pt": 580.164, "o_score_car": 1107.89, "CDI": 0.313 }, "geometry": { "type": "Polygon", "coordinates": [ [ [ -122.27357, 47.6875 ], [ -122.2757, 47.68731 ], [ -122.2768, 47.68834 ], [ -122.27583, 47.6896 ], [ -122.2737, 47.68978 ], [ -122.2726, 47.68875 ], [ -122.27357, 47.6875 ] ] ] } },
{ "type": "Feature", "properties": { "id": 2079, "population": 515, "o_score_pt": 1088.254, "o_score_car": 1400.727, "CDI": 0.126 }, "geometry": { "type": "Polygon", "coordinates": [ [ [ -122.30389, 47.62284 ], [ -122.30648, 47.62261 ], [ -122.30788, 47.62392 ], [ -122.30668, 47.62546 ], [ -122.30409, 47.62569 ], [ -122.3027, 47.62438 ], [ -122.30389, 47.62284 ] ] ] } },
{ "type": "Feature", "properties": { "id": 2080, "population": 14, "o_score_pt": 1026.106, "o_score_car": 1503.534, "CDI": 0.189 }, "geometry": { "type": "Polygon", "coordinates": [ [ [ -122.33226, 47.67873 ], [ -122.33325, 47.67865 ], [ -122.33364, 47.679 ], [ -122.3332, 47.67957 ], [ -122.3322, 47.67966 ], [ -122.33182, 47.6793 ], [ -122.33226, 47.67873 ] ] ] } },
{ "type": "Feature", "properties": { "id": 2081, "population": 474, "o_score_pt": 994.297, "o_score_car": 1320.146, "CDI": 0.141 }, "geometry": { "type": "Polygon", "coordinates": [ [ [ -122.29805, 47.59606 ], [ -122.30064, 47.59583 ], [ -122.30204, 47.59715 ], [ -122.30085, 47.59869 ], [ -122.29826, 47.59892 ], [ -122.29686, 47.5976 ], [ -122.29805, 47.59606 ] ] ] } },
{ "type": "Feature", "properties": { "id": 2082, "population": 75, "o_score_pt": 1076.308, "o_score_car": 1406.697, "CDI": 0.133 }, "geometry": { "type": "Polygon", "coordinates": [ [ [ -122.36585, 47.66238 ], [ -122.36763, 47.66222 ], [ -122.36851, 47.66305 ], [ -122.3677, 47.66409 ], [ -122.36593, 47.66425 ], [ -122.36505, 47.66342 ], [ -122.36585, 47.66238 ] ] ] } },
{ "type": "Feature", "properties": { "id": 2083, "population": 477, "o_score_pt": 1262.387, "o_score_car": 1474.098, "CDI": 0.077 }, "geometry": { "type": "Polygon", "coordinates": [ [ [ -122.3545, 47.61982 ], [ -122.35709, 47.61959 ], [ -122.35849, 47.62091 ], [ -122.3573, 47.62245 ], [ -122.35471, 47.62268 ], [ -122.35331, 47.62136 ], [ -122.3545, 47.61982 ] ] ] } },
{ "type": "Feature", "properties": { "id": 2084, "population": 499, "o_score_pt": 980.724, "o_score_car": 1402.386, "CDI": 0.177 }, "geometry": { "type": "Polygon", "coordinates": [ [ [ -122.29961, 47.67202 ], [ -122.3022, 47.67179 ], [ -122.3036, 47.6731 ], [ -122.3024, 47.67464 ], [ -122.29981, 47.67487 ], [ -122.29841, 47.67356 ], [ -122.29961, 47.67202 ] ] ] } },
{ "type": "Feature", "properties": { "id": 2085, "population": 442, "o_score_pt": 619.29, "o_score_car": 985.127, "CDI": 0.228 }, "geometry": { "type": "Polygon", "coordinates": [ [ [ -122.27362, 47.52777 ], [ -122.27621, 47.52755 ], [ -122.27761, 47.52886 ], [ -122.27642, 47.53041 ], [ -122.27383, 47.53063 ], [ -122.27243, 47.52932 ], [ -122.27362, 47.52777 ] ] ] } },
{ "type": "Feature", "properties": { "id": 2086, "population": 16, "o_score_pt": 355.751, "o_score_car": 978.148, "CDI": 0.467 }, "geometry": { "type": "Polygon", "coordinates": [ [ [ -122.41689, 47.65974 ], [ -122.41794, 47.65965 ], [ -122.41836, 47.66004 ], [ -122.4179, 47.66064 ], [ -122.41684, 47.66074 ], [ -122.41642, 47.66034 ], [ -122.41689, 47.65974 ] ] ] } },
{ "type": "Feature", "properties": { "id": 2087, "population": 339, "o_score_pt": 1390.187, "o_score_car": 1594.375, "CDI": 0.068 }, "geometry": { "type": "Polygon", "coordinates": [ [ [ -122.33881, 47.61839 ], [ -122.34131, 47.61817 ], [ -122.34265, 47.61943 ], [ -122.3415, 47.62091 ], [ -122.339, 47.62113 ], [ -122.33766, 47.61987 ], [ -122.33881, 47.61839 ] ] ] } },
{ "type": "Feature", "properties": { "id": 2088, "population": 180, "o_score_pt": 545.384, "o_score_car": 1182.308, "CDI": 0.369 }, "geometry": { "type": "Polygon", "coordinates": [ [ [ -122.36136, 47.71129 ], [ -122.36356, 47.7111 ], [ -122.36471, 47.71217 ], [ -122.3637, 47.71347 ], [ -122.3615, 47.71367 ], [ -122.36036, 47.71259 ], [ -122.36136, 47.71129 ] ] ] } },
{ "type": "Feature", "properties": { "id": 2089, "population": 2, "o_score_pt": 869.263, "o_score_car": 1342.414, "CDI": 0.214 }, "geometry": { "type": "Polygon", "coordinates": [ [ [ -122.33647, 47.56826 ], [ -122.33647, 47.56826 ], [ -122.3364, 47.56827 ], [ -122.3364, 47.56827 ], [ -122.33647, 47.56826 ] ] ] } },
{ "type": "Feature", "properties": { "id": 2090, "population": 350, "o_score_pt": 878.284, "o_score_car": 1357.866, "CDI": 0.214 }, "geometry": { "type": "Polygon", "coordinates": [ [ [ -122.31327, 47.69812 ], [ -122.31579, 47.6979 ], [ -122.31714, 47.69917 ], [ -122.31598, 47.70066 ], [ -122.31346, 47.70088 ], [ -122.31211, 47.69962 ], [ -122.31327, 47.69812 ] ] ] } },
{ "type": "Feature", "properties": { "id": 2091, "population": 245, "o_score_pt": 666.107, "o_score_car": 1159.667, "CDI": 0.27 }, "geometry": { "type": "Polygon", "coordinates": [ [ [ -122.30007, 47.73093 ], [ -122.30242, 47.73073 ], [ -122.30366, 47.73189 ], [ -122.30258, 47.73328 ], [ -122.30023, 47.73349 ], [ -122.29899, 47.73232 ], [ -122.30007, 47.73093 ] ] ] } },
{ "type": "Feature", "properties": { "id": 2092, "population": 279, "o_score_pt": 773.941, "o_score_car": 1209.771, "CDI": 0.22 }, "geometry": { "type": "Polygon", "coordinates": [ [ [ -122.39175, 47.64679 ], [ -122.39415, 47.64658 ], [ -122.39544, 47.64778 ], [ -122.39433, 47.64921 ], [ -122.39193, 47.64942 ], [ -122.39065, 47.64822 ], [ -122.39175, 47.64679 ] ] ] } },
{ "type": "Feature", "properties": { "id": 2093, "population": 322, "o_score_pt": 1309.845, "o_score_car": 1552.751, "CDI": 0.085 }, "geometry": { "type": "Polygon", "coordinates": [ [ [ -122.33793, 47.66011 ], [ -122.34041, 47.65989 ], [ -122.34173, 47.66114 ], [ -122.34059, 47.6626 ], [ -122.33812, 47.66282 ], [ -122.33679, 47.66158 ], [ -122.33793, 47.66011 ] ] ] } },
{ "type": "Feature", "properties": { "id": 2094, "population": 108, "o_score_pt": 589.967, "o_score_car": 1163.296, "CDI": 0.327 }, "geometry": { "type": "Polygon", "coordinates": [ [ [ -122.28186, 47.69261 ], [ -122.28382, 47.69244 ], [ -122.28481, 47.69337 ], [ -122.28392, 47.69452 ], [ -122.28196, 47.69469 ], [ -122.28097, 47.69376 ], [ -122.28186, 47.69261 ] ] ] } },
{ "type": "Feature", "properties": { "id": 2095, "population": 17, "o_score_pt": 1203.365, "o_score_car": 1552.348, "CDI": 0.127 }, "geometry": { "type": "Polygon", "coordinates": [ [ [ -122.33227, 47.62557 ], [ -122.33336, 47.62548 ], [ -122.3338, 47.62589 ], [ -122.33332, 47.62651 ], [ -122.33223, 47.6266 ], [ -122.33179, 47.62619 ], [ -122.33227, 47.62557 ] ] ] } },
{ "type": "Feature", "properties": { "id": 2096, "population": 299, "o_score_pt": 1087.447, "o_score_car": 1462.494, "CDI": 0.147 }, "geometry": { "type": "Polygon", "coordinates": [ [ [ -122.3396, 47.68294 ], [ -122.34205, 47.68273 ], [ -122.34335, 47.68395 ], [ -122.34223, 47.6854 ], [ -122.33979, 47.68561 ], [ -122.33848, 47.68439 ], [ -122.3396, 47.68294 ] ] ] } },
{ "type": "Feature", "properties": { "id": 2097, "population": 6, "o_score_pt": 839.819, "o_score_car": 1333.436, "CDI": 0.227 }, "geometry": { "type": "Polygon", "coordinates": [ [ [ -122.30869, 47.56616 ], [ -122.30932, 47.5661 ], [ -122.30947, 47.56624 ], [ -122.3092, 47.56658 ], [ -122.30858, 47.56664 ], [ -122.30843, 47.5665 ], [ -122.30869, 47.56616 ] ] ] } },
{ "type": "Feature", "properties": { "id": 2098, "population": 810, "o_score_pt": 1015.358, "o_score_car": 1408.761, "CDI": 0.162 }, "geometry": { "type": "Polygon", "coordinates": [ [ [ -122.30623, 47.60109 ], [ -122.30882, 47.60086 ], [ -122.31022, 47.60218 ], [ -122.30903, 47.60372 ], [ -122.30644, 47.60394 ], [ -122.30504, 47.60263 ], [ -122.30623, 47.60109 ] ] ] } },
{ "type": "Feature", "properties": { "id": 2099, "population": 271, "o_score_pt": 1018.54, "o_score_car": 1277.748, "CDI": 0.113 }, "geometry": { "type": "Polygon", "coordinates": [ [ [ -122.37514, 47.68701 ], [ -122.37753, 47.6868 ], [ -122.3788, 47.68799 ], [ -122.37771, 47.68941 ], [ -122.37531, 47.68962 ], [ -122.37404, 47.68843 ], [ -122.37514, 47.68701 ] ] ] } },
{ "type": "Feature", "properties": { "id": 2100, "population": 162, "o_score_pt": 874.212, "o_score_car": 1338.448, "CDI": 0.21 }, "geometry": { "type": "Polygon", "coordinates": [ [ [ -122.36439, 47.64506 ], [ -122.36654, 47.64487 ], [ -122.36765, 47.64592 ], [ -122.36667, 47.64719 ], [ -122.36453, 47.64738 ], [ -122.36341, 47.64633 ], [ -122.36439, 47.64506 ] ] ] } },
{ "type": "Feature", "properties": { "id": 2101, "population": 448, "o_score_pt": 1211.127, "o_score_car": 1445.417, "CDI": 0.088 }, "geometry": { "type": "Polygon", "coordinates": [ [ [ -122.30779, 47.67704 ], [ -122.31039, 47.67681 ], [ -122.31178, 47.67812 ], [ -122.31059, 47.67966 ], [ -122.308, 47.67989 ], [ -122.3066, 47.67858 ], [ -122.30779, 47.67704 ] ] ] } },
{ "type": "Feature", "properties": { "id": 2102, "population": 311, "o_score_pt": 765.338, "o_score_car": 1090.294, "CDI": 0.175 }, "geometry": { "type": "Polygon", "coordinates": [ [ [ -122.2833, 47.55289 ], [ -122.28576, 47.55267 ], [ -122.28707, 47.55391 ], [ -122.28594, 47.55537 ], [ -122.28349, 47.55558 ], [ -122.28217, 47.55435 ], [ -122.2833, 47.55289 ] ] ] } },
{ "type": "Feature", "properties": { "id": 2103, "population": 164, "o_score_pt": 679.401, "o_score_car": 1145.869, "CDI": 0.256 }, "geometry": { "type": "Polygon", "coordinates": [ [ [ -122.39925, 47.64054 ], [ -122.4014, 47.64035 ], [ -122.40252, 47.6414 ], [ -122.40154, 47.64267 ], [ -122.39939, 47.64286 ], [ -122.39827, 47.64181 ], [ -122.39925, 47.64054 ] ] ] } },
{ "type": "Feature", "properties": { "id": 2104, "population": 299, "o_score_pt": 996.217, "o_score_car": 1458.726, "CDI": 0.188 }, "geometry": { "type": "Polygon", "coordinates": [ [ [ -122.32055, 47.63583 ], [ -122.32299, 47.63561 ], [ -122.32429, 47.63683 ], [ -122.32317, 47.63828 ], [ -122.32073, 47.6385 ], [ -122.31943, 47.63727 ], [ -122.32055, 47.63583 ] ] ] } },
{ "type": "Feature", "properties": { "id": 2105, "population": 194, "o_score_pt": 8.772, "o_score_car": 1092.602, "CDI": 0.984 }, "geometry": { "type": "Polygon", "coordinates": [ [ [ -122.36953, 47.71628 ], [ -122.37177, 47.71609 ], [ -122.37294, 47.71718 ], [ -122.37191, 47.7185 ], [ -122.36968, 47.7187 ], [ -122.36851, 47.7176 ], [ -122.36953, 47.71628 ] ] ] } },
{ "type": "Feature", "properties": { "id": 2106, "population": 9, "o_score_pt": 808.275, "o_score_car": 1271.843, "CDI": 0.223 }, "geometry": { "type": "Polygon", "coordinates": [ [ [ -122.33484, 47.55082 ], [ -122.33564, 47.55075 ], [ -122.3359, 47.55099 ], [ -122.33556, 47.55144 ], [ -122.33476, 47.55151 ], [ -122.3345, 47.55127 ], [ -122.33484, 47.55082 ] ] ] } },
{ "type": "Feature", "properties": { "id": 2107, "population": 0, "o_score_pt": 993.392, "o_score_car": 1253.139, "CDI": 0.116 }, "geometry": { "type": "Polygon", "coordinates": [ [ [ -122.37608, 47.6294 ], [ -122.37608, 47.6294 ], [ -122.37601, 47.62941 ], [ -122.37601, 47.62941 ], [ -122.37608, 47.6294 ] ] ] } },
{ "type": "Feature", "properties": { "id": 2108, "population": 324, "o_score_pt": 605.459, "o_score_car": 1131.869, "CDI": 0.303 }, "geometry": { "type": "Polygon", "coordinates": [ [ [ -122.40135, 47.67173 ], [ -122.40383, 47.67151 ], [ -122.40516, 47.67275 ], [ -122.40402, 47.67422 ], [ -122.40154, 47.67444 ], [ -122.40022, 47.6732 ], [ -122.40135, 47.67173 ] ] ] } },
{ "type": "Feature", "properties": { "id": 2109, "population": 316, "o_score_pt": 592.995, "o_score_car": 987.776, "CDI": 0.25 }, "geometry": { "type": "Polygon", "coordinates": [ [ [ -122.27288, 47.51641 ], [ -122.27534, 47.5162 ], [ -122.27666, 47.51744 ], [ -122.27553, 47.5189 ], [ -122.27306, 47.51912 ], [ -122.27175, 47.51788 ], [ -122.27288, 47.51641 ] ] ] } },
{ "type": "Feature", "properties": { "id": 2110, "population": 651, "o_score_pt": 636.953, "o_score_car": 1173.434, "CDI": 0.296 }, "geometry": { "type": "Polygon", "coordinates": [ [ [ -122.29017, 47.5407 ], [ -122.29276, 47.54048 ], [ -122.29416, 47.54179 ], [ -122.29297, 47.54334 ], [ -122.29038, 47.54356 ], [ -122.28898, 47.54225 ], [ -122.29017, 47.5407 ] ] ] } },
{ "type": "Feature", "properties": { "id": 2111, "population": 282, "o_score_pt": 817.675, "o_score_car": 1192.994, "CDI": 0.187 }, "geometry": { "type": "Polygon", "coordinates": [ [ [ -122.27279, 47.67878 ], [ -122.27521, 47.67857 ], [ -122.27649, 47.67977 ], [ -122.27538, 47.6812 ], [ -122.27297, 47.68142 ], [ -122.27169, 47.68021 ], [ -122.27279, 47.67878 ] ] ] } },
{ "type": "Feature", "properties": { "id": 2112, "population": 167, "o_score_pt": 629.388, "o_score_car": 1339.014, "CDI": 0.361 }, "geometry": { "type": "Polygon", "coordinates": [ [ [ -122.28921, 47.633 ], [ -122.29137, 47.63281 ], [ -122.29249, 47.63387 ], [ -122.2915, 47.63515 ], [ -122.28934, 47.63534 ], [ -122.28822, 47.63428 ], [ -122.28921, 47.633 ] ] ] } },
{ "type": "Feature", "properties": { "id": 2113, "population": 168, "o_score_pt": 845.889, "o_score_car": 1324.972, "CDI": 0.221 }, "geometry": { "type": "Polygon", "coordinates": [ [ [ -122.32269, 47.71759 ], [ -122.32486, 47.7174 ], [ -122.32599, 47.71845 ], [ -122.325, 47.71973 ], [ -122.32283, 47.71992 ], [ -122.3217, 47.71887 ], [ -122.32269, 47.71759 ] ] ] } },
{ "type": "Feature", "properties": { "id": 2114, "population": 111, "o_score_pt": 631.187, "o_score_car": 1181.755, "CDI": 0.304 }, "geometry": { "type": "Polygon", "coordinates": [ [ [ -122.28605, 47.58744 ], [ -122.28801, 47.58727 ], [ -122.28901, 47.58821 ], [ -122.28811, 47.58937 ], [ -122.28615, 47.58954 ], [ -122.28515, 47.5886 ], [ -122.28605, 47.58744 ] ] ] } },
{ "type": "Feature", "properties": { "id": 2115, "population": 669, "o_score_pt": 1051.043, "o_score_car": 1444.939, "CDI": 0.158 }, "geometry": { "type": "Polygon", "coordinates": [ [ [ -122.36248, 47.62199 ], [ -122.36507, 47.62176 ], [ -122.36646, 47.62307 ], [ -122.36527, 47.62462 ], [ -122.36268, 47.62484 ], [ -122.36128, 47.62353 ], [ -122.36248, 47.62199 ] ] ] } },
{ "type": "Feature", "properties": { "id": 2116, "population": 398, "o_score_pt": 1289.399, "o_score_car": 1465.832, "CDI": 0.064 }, "geometry": { "type": "Polygon", "coordinates": [ [ [ -122.3076, 47.67419 ], [ -122.31017, 47.67397 ], [ -122.31156, 47.67527 ], [ -122.31038, 47.6768 ], [ -122.3078, 47.67703 ], [ -122.30641, 47.67573 ], [ -122.3076, 47.67419 ] ] ] } },
{ "type": "Feature", "properties": { "id": 2117, "population": 511, "o_score_pt": 1426.833, "o_score_car": 1604.017, "CDI": 0.058 }, "geometry": { "type": "Polygon", "coordinates": [ [ [ -122.33078, 47.61617 ], [ -122.33337, 47.61594 ], [ -122.33477, 47.61725 ], [ -122.33357, 47.61879 ], [ -122.33098, 47.61902 ], [ -122.32959, 47.61771 ], [ -122.33078, 47.61617 ] ] ] } },
{ "type": "Feature", "properties": { "id": 2118, "population": 344, "o_score_pt": 1023.302, "o_score_car": 1345.734, "CDI": 0.136 }, "geometry": { "type": "Polygon", "coordinates": [ [ [ -122.34879, 47.70217 ], [ -122.3513, 47.70195 ], [ -122.35264, 47.70321 ], [ -122.35149, 47.7047 ], [ -122.34898, 47.70492 ], [ -122.34764, 47.70366 ], [ -122.34879, 47.70217 ] ] ] } },
{ "type": "Feature", "properties": { "id": 2119, "population": 0, "o_score_pt": 1164.441, "o_score_car": 1368.928, "CDI": 0.081 }, "geometry": { "type": "Polygon", "coordinates": [ [ [ -122.32554, 47.57928 ], [ -122.32554, 47.57928 ], [ -122.32548, 47.57929 ], [ -122.32548, 47.57929 ], [ -122.32554, 47.57928 ] ] ] } },
{ "type": "Feature", "properties": { "id": 2120, "population": 211, "o_score_pt": 846.959, "o_score_car": 1211.924, "CDI": 0.177 }, "geometry": { "type": "Polygon", "coordinates": [ [ [ -122.30687, 47.71604 ], [ -122.30914, 47.71584 ], [ -122.31034, 47.71696 ], [ -122.30929, 47.71831 ], [ -122.30702, 47.71851 ], [ -122.30582, 47.71739 ], [ -122.30687, 47.71604 ] ] ] } },
{ "type": "Feature", "properties": { "id": 2121, "population": 78, "o_score_pt": 543.239, "o_score_car": 1072.778, "CDI": 0.328 }, "geometry": { "type": "Polygon", "coordinates": [ [ [ -122.31595, 47.72987 ], [ -122.31775, 47.72972 ], [ -122.31865, 47.73055 ], [ -122.31783, 47.73161 ], [ -122.31603, 47.73176 ], [ -122.31513, 47.73093 ], [ -122.31595, 47.72987 ] ] ] } },
{ "type": "Feature", "properties": { "id": 2122, "population": 504, "o_score_pt": 741.56, "o_score_car": 1219.053, "CDI": 0.244 }, "geometry": { "type": "Polygon", "coordinates": [ [ [ -122.38786, 47.64846 ], [ -122.39045, 47.64823 ], [ -122.39185, 47.64954 ], [ -122.39066, 47.65108 ], [ -122.38807, 47.65131 ], [ -122.38667, 47.65 ], [ -122.38786, 47.64846 ] ] ] } },
{ "type": "Feature", "properties": { "id": 2123, "population": 490, "o_score_pt": 1160.557, "o_score_car": 1486.78, "CDI": 0.123 }, "geometry": { "type": "Polygon", "coordinates": [ [ [ -122.33724, 47.65149 ], [ -122.33983, 47.65126 ], [ -122.34123, 47.65257 ], [ -122.34004, 47.65411 ], [ -122.33745, 47.65434 ], [ -122.33605, 47.65303 ], [ -122.33724, 47.65149 ] ] ] } },
{ "type": "Feature", "properties": { "id": 2124, "population": 190, "o_score_pt": 639.729, "o_score_car": 1177.158, "CDI": 0.296 }, "geometry": { "type": "Polygon", "coordinates": [ [ [ -122.28253, 47.70387 ], [ -122.28475, 47.70367 ], [ -122.28592, 47.70476 ], [ -122.2849, 47.70608 ], [ -122.28267, 47.70627 ], [ -122.28151, 47.70518 ], [ -122.28253, 47.70387 ] ] ] } },
{ "type": "Feature", "properties": { "id": 2125, "population": 283, "o_score_pt": 888.389, "o_score_car": 1198.675, "CDI": 0.149 }, "geometry": { "type": "Polygon", "coordinates": [ [ [ -122.3871, 47.69024 ], [ -122.38951, 47.69003 ], [ -122.3908, 47.69123 ], [ -122.38969, 47.69266 ], [ -122.38728, 47.69288 ], [ -122.38599, 47.69167 ], [ -122.3871, 47.69024 ] ] ] } },
{ "type": "Feature", "properties": { "id": 2126, "population": 281, "o_score_pt": 729.145, "o_score_car": 1255.742, "CDI": 0.265 }, "geometry": { "type": "Polygon", "coordinates": [ [ [ -122.30704, 47.55659 ], [ -122.30945, 47.55638 ], [ -122.31073, 47.55758 ], [ -122.30962, 47.55901 ], [ -122.30722, 47.55923 ], [ -122.30593, 47.55802 ], [ -122.30704, 47.55659 ] ] ] } },
{ "type": "Feature", "properties": { "id": 2127, "population": 205, "o_score_pt": 824.213, "o_score_car": 1154.678, "CDI": 0.167 }, "geometry": { "type": "Polygon", "coordinates": [ [ [ -122.2962, 47.56769 ], [ -122.29845, 47.56749 ], [ -122.29964, 47.56861 ], [ -122.2986, 47.56995 ], [ -122.29635, 47.57015 ], [ -122.29516, 47.56903 ], [ -122.2962, 47.56769 ] ] ] } },
{ "type": "Feature", "properties": { "id": 2128, "population": 400, "o_score_pt": 981.045, "o_score_car": 1351.486, "CDI": 0.159 }, "geometry": { "type": "Polygon", "coordinates": [ [ [ -122.2953, 47.61211 ], [ -122.29788, 47.61188 ], [ -122.29927, 47.61319 ], [ -122.29809, 47.61472 ], [ -122.29551, 47.61495 ], [ -122.29412, 47.61364 ], [ -122.2953, 47.61211 ] ] ] } },
{ "type": "Feature", "properties": { "id": 2129, "population": 466, "o_score_pt": 1020.147, "o_score_car": 1341.475, "CDI": 0.136 }, "geometry": { "type": "Polygon", "coordinates": [ [ [ -122.36263, 47.67795 ], [ -122.36522, 47.67772 ], [ -122.36662, 47.67903 ], [ -122.36543, 47.68057 ], [ -122.36284, 47.6808 ], [ -122.36144, 47.67949 ], [ -122.36263, 47.67795 ] ] ] } },
{ "type": "Feature", "properties": { "id": 2130, "population": 433, "o_score_pt": 1018.131, "o_score_car": 1331.077, "CDI": 0.133 }, "geometry": { "type": "Polygon", "coordinates": [ [ [ -122.37211, 47.64698 ], [ -122.3747, 47.64675 ], [ -122.3761, 47.64806 ], [ -122.37491, 47.6496 ], [ -122.37232, 47.64983 ], [ -122.37092, 47.64852 ], [ -122.37211, 47.64698 ] ] ] } },
{ "type": "Feature", "properties": { "id": 2131, "population": 406, "o_score_pt": 1243.458, "o_score_car": 1500.995, "CDI": 0.094 }, "geometry": { "type": "Polygon", "coordinates": [ [ [ -122.31578, 47.67921 ], [ -122.31837, 47.67898 ], [ -122.31976, 47.68029 ], [ -122.31857, 47.68183 ], [ -122.31598, 47.68206 ], [ -122.31459, 47.68075 ], [ -122.31578, 47.67921 ] ] ] } },
{ "type": "Feature", "properties": { "id": 2132, "population": 220, "o_score_pt": 638.412, "o_score_car": 1146.795, "CDI": 0.285 }, "geometry": { "type": "Polygon", "coordinates": [ [ [ -122.35856, 47.72725 ], [ -122.36085, 47.72705 ], [ -122.36206, 47.72818 ], [ -122.36101, 47.72954 ], [ -122.35871, 47.72974 ], [ -122.35751, 47.72861 ], [ -122.35856, 47.72725 ] ] ] } },
{ "type": "Feature", "properties": { "id": 2133, "population": 0, "o_score_pt": 0.462, "o_score_car": 992.951, "CDI": 0.999 }, "geometry": { "type": "Polygon", "coordinates": [ [ [ -122.28935, 47.51058 ], [ -122.28935, 47.51058 ], [ -122.28929, 47.51058 ], [ -122.28929, 47.51058 ], [ -122.28935, 47.51058 ] ] ] } },
{ "type": "Feature", "properties": { "id": 2134, "population": 14, "o_score_pt": 995.859, "o_score_car": 1435.761, "CDI": 0.181 }, "geometry": { "type": "Polygon", "coordinates": [ [ [ -122.33322, 47.58389 ], [ -122.33421, 47.58381 ], [ -122.3346, 47.58417 ], [ -122.33416, 47.58473 ], [ -122.33316, 47.58482 ], [ -122.33278, 47.58446 ], [ -122.33322, 47.58389 ] ] ] } },
{ "type": "Feature", "properties": { "id": 2135, "population": 346, "o_score_pt": 687.016, "o_score_car": 1164.824, "CDI": 0.258 }, "geometry": { "type": "Polygon", "coordinates": [ [ [ -122.39755, 47.67348 ], [ -122.40006, 47.67325 ], [ -122.40141, 47.67452 ], [ -122.40026, 47.67601 ], [ -122.39775, 47.67623 ], [ -122.3964, 47.67497 ], [ -122.39755, 47.67348 ] ] ] } },
{ "type": "Feature", "properties": { "id": 2136, "population": 380, "o_score_pt": 626.769, "o_score_car": 1011.493, "CDI": 0.235 }, "geometry": { "type": "Polygon", "coordinates": [ [ [ -122.26905, 47.51813 ], [ -122.2716, 47.51791 ], [ -122.27297, 47.5192 ], [ -122.2718, 47.52072 ], [ -122.26925, 47.52094 ], [ -122.26787, 47.51965 ], [ -122.26905, 47.51813 ] ] ] } },
{ "type": "Feature", "properties": { "id": 2137, "population": 29, "o_score_pt": 795.222, "o_score_car": 1283.808, "CDI": 0.235 }, "geometry": { "type": "Polygon", "coordinates": [ [ [ -122.31083, 47.54686 ], [ -122.31216, 47.54674 ], [ -122.31275, 47.5473 ], [ -122.31216, 47.54807 ], [ -122.31083, 47.54818 ], [ -122.31024, 47.54763 ], [ -122.31083, 47.54686 ] ] ] } },
{ "type": "Feature", "properties": { "id": 2138, "population": 294, "o_score_pt": 805.767, "o_score_car": 1176.394, "CDI": 0.187 }, "geometry": { "type": "Polygon", "coordinates": [ [ [ -122.269, 47.68053 ], [ -122.27143, 47.68032 ], [ -122.27273, 47.68154 ], [ -122.27161, 47.68298 ], [ -122.26917, 47.68319 ], [ -122.26788, 47.68198 ], [ -122.269, 47.68053 ] ] ] } },
{ "type": "Feature", "properties": { "id": 2139, "population": 384, "o_score_pt": 1064.454, "o_score_car": 1447.676, "CDI": 0.153 }, "geometry": { "type": "Polygon", "coordinates": [ [ [ -122.357, 47.65407 ], [ -122.35956, 47.65385 ], [ -122.36094, 47.65514 ], [ -122.35977, 47.65666 ], [ -122.35721, 47.65689 ], [ -122.35583, 47.65559 ], [ -122.357, 47.65407 ] ] ] } },
{ "type": "Feature", "properties": { "id": 2140, "population": 235, "o_score_pt": 814.441, "o_score_car": 1224.647, "CDI": 0.201 }, "geometry": { "type": "Polygon", "coordinates": [ [ [ -122.34993, 47.71652 ], [ -122.35226, 47.71632 ], [ -122.35349, 47.71747 ], [ -122.35242, 47.71885 ], [ -122.35009, 47.71905 ], [ -122.34886, 47.7179 ], [ -122.34993, 47.71652 ] ] ] } },
{ "type": "Feature", "properties": { "id": 2141, "population": 0, "o_score_pt": 781.129, "o_score_car": 989.977, "CDI": 0.118 }, "geometry": { "type": "Polygon", "coordinates": [ [ [ -122.25478, 47.68311 ], [ -122.25478, 47.68311 ], [ -122.25471, 47.68312 ], [ -122.25471, 47.68312 ], [ -122.25478, 47.68311 ] ] ] } },
{ "type": "Feature", "properties": { "id": 2142, "population": 488, "o_score_pt": 1213.941, "o_score_car": 1539.659, "CDI": 0.118 }, "geometry": { "type": "Polygon", "coordinates": [ [ [ -122.31956, 47.67744 ], [ -122.32215, 47.67721 ], [ -122.32355, 47.67852 ], [ -122.32236, 47.68006 ], [ -122.31977, 47.68029 ], [ -122.31837, 47.67898 ], [ -122.31956, 47.67744 ] ] ] } },
{ "type": "Feature", "properties": { "id": 2143, "population": 178, "o_score_pt": 952.019, "o_score_car": 1450.926, "CDI": 0.208 }, "geometry": { "type": "Polygon", "coordinates": [ [ [ -122.29389, 47.58949 ], [ -122.29608, 47.5893 ], [ -122.29722, 47.59037 ], [ -122.29622, 47.59167 ], [ -122.29403, 47.59186 ], [ -122.29289, 47.59078 ], [ -122.29389, 47.58949 ] ] ] } },
{ "type": "Feature", "properties": { "id": 2144, "population": 550, "o_score_pt": 946.625, "o_score_car": 1398.64, "CDI": 0.193 }, "geometry": { "type": "Polygon", "coordinates": [ [ [ -122.2952, 47.66523 ], [ -122.2978, 47.665 ], [ -122.29919, 47.66631 ], [ -122.298, 47.66785 ], [ -122.29541, 47.66808 ], [ -122.29401, 47.66677 ], [ -122.2952, 47.66523 ] ] ] } },
{ "type": "Feature", "properties": { "id": 2145, "population": 136, "o_score_pt": 507.937, "o_score_car": 968.681, "CDI": 0.312 }, "geometry": { "type": "Polygon", "coordinates": [ [ [ -122.26361, 47.54766 ], [ -122.26567, 47.54748 ], [ -122.26673, 47.54848 ], [ -122.26579, 47.5497 ], [ -122.26372, 47.54988 ], [ -122.26266, 47.54888 ], [ -122.26361, 47.54766 ] ] ] } },
{ "type": "Feature", "properties": { "id": 2146, "population": 318, "o_score_pt": 876.571, "o_score_car": 1214.798, "CDI": 0.162 }, "geometry": { "type": "Polygon", "coordinates": [ [ [ -122.26437, 47.67087 ], [ -122.26684, 47.67066 ], [ -122.26816, 47.6719 ], [ -122.26703, 47.67336 ], [ -122.26455, 47.67358 ], [ -122.26323, 47.67234 ], [ -122.26437, 47.67087 ] ] ] } },
{ "type": "Feature", "properties": { "id": 2147, "population": 403, "o_score_pt": 911.084, "o_score_car": 1303.115, "CDI": 0.177 }, "geometry": { "type": "Polygon", "coordinates": [ [ [ -122.35673, 47.70429 ], [ -122.35931, 47.70407 ], [ -122.36071, 47.70537 ], [ -122.35952, 47.70691 ], [ -122.35693, 47.70714 ], [ -122.35554, 47.70583 ], [ -122.35673, 47.70429 ] ] ] } },
{ "type": "Feature", "properties": { "id": 2148, "population": 137, "o_score_pt": 699.605, "o_score_car": 1257.184, "CDI": 0.285 }, "geometry": { "type": "Polygon", "coordinates": [ [ [ -122.2946, 47.70721 ], [ -122.29666, 47.70703 ], [ -122.29773, 47.70802 ], [ -122.29678, 47.70924 ], [ -122.29471, 47.70942 ], [ -122.29365, 47.70843 ], [ -122.2946, 47.70721 ] ] ] } },
{ "type": "Feature", "properties": { "id": 2149, "population": 396, "o_score_pt": 857.163, "o_score_car": 1389.301, "CDI": 0.237 }, "geometry": { "type": "Polygon", "coordinates": [ [ [ -122.36311, 47.63056 ], [ -122.36568, 47.63033 ], [ -122.36707, 47.63163 ], [ -122.36589, 47.63317 ], [ -122.36331, 47.63339 ], [ -122.36192, 47.63209 ], [ -122.36311, 47.63056 ] ] ] } },
{ "type": "Feature", "properties": { "id": 2150, "population": 43, "o_score_pt": 379.249, "o_score_car": 1324.756, "CDI": 0.555 }, "geometry": { "type": "Polygon", "coordinates": [ [ [ -122.3241, 47.7322 ], [ -122.32562, 47.73206 ], [ -122.32633, 47.73273 ], [ -122.32565, 47.73361 ], [ -122.32413, 47.73375 ], [ -122.32342, 47.73308 ], [ -122.3241, 47.7322 ] ] ] } },
{ "type": "Feature", "properties": { "id": 2151, "population": 189, "o_score_pt": 714.88, "o_score_car": 1256.766, "CDI": 0.275 }, "geometry": { "type": "Polygon", "coordinates": [ [ [ -122.27168, 47.66177 ], [ -122.2739, 47.66158 ], [ -122.27506, 47.66267 ], [ -122.27404, 47.66398 ], [ -122.27182, 47.66418 ], [ -122.27066, 47.66309 ], [ -122.27168, 47.66177 ] ] ] } },
{ "type": "Feature", "properties": { "id": 2152, "population": 51, "o_score_pt": 787.184, "o_score_car": 1241.663, "CDI": 0.224 }, "geometry": { "type": "Polygon", "coordinates": [ [ [ -122.32181, 47.53854 ], [ -122.3234, 47.5384 ], [ -122.32417, 47.53912 ], [ -122.32345, 47.54005 ], [ -122.32185, 47.54019 ], [ -122.32109, 47.53947 ], [ -122.32181, 47.53854 ] ] ] } },
{ "type": "Feature", "properties": { "id": 2153, "population": 488, "o_score_pt": 1141.506, "o_score_car": 1505.179, "CDI": 0.137 }, "geometry": { "type": "Polygon", "coordinates": [ [ [ -122.33346, 47.65326 ], [ -122.33605, 47.65303 ], [ -122.33745, 47.65434 ], [ -122.33626, 47.65588 ], [ -122.33367, 47.65611 ], [ -122.33227, 47.6548 ], [ -122.33346, 47.65326 ] ] ] } },
{ "type": "Feature", "properties": { "id": 2154, "population": 317, "o_score_pt": 759.07, "o_score_car": 1135.724, "CDI": 0.199 }, "geometry": { "type": "Polygon", "coordinates": [ [ [ -122.29181, 47.72585 ], [ -122.29428, 47.72563 ], [ -122.2956, 47.72687 ], [ -122.29446, 47.72833 ], [ -122.29199, 47.72855 ], [ -122.29067, 47.72731 ], [ -122.29181, 47.72585 ] ] ] } },
{ "type": "Feature", "properties": { "id": 2155, "population": 243, "o_score_pt": 650.349, "o_score_car": 1143.704, "CDI": 0.275 }, "geometry": { "type": "Polygon", "coordinates": [ [ [ -122.27867, 47.70557 ], [ -122.28101, 47.70536 ], [ -122.28225, 47.70652 ], [ -122.28118, 47.70791 ], [ -122.27883, 47.70811 ], [ -122.27759, 47.70695 ], [ -122.27867, 47.70557 ] ] ] } },
{ "type": "Feature", "properties": { "id": 2156, "population": 365, "o_score_pt": 616.406, "o_score_car": 1106.034, "CDI": 0.284 }, "geometry": { "type": "Polygon", "coordinates": [ [ [ -122.28959, 47.53216 ], [ -122.29213, 47.53194 ], [ -122.29349, 47.53322 ], [ -122.29232, 47.53473 ], [ -122.28979, 47.53495 ], [ -122.28843, 47.53367 ], [ -122.28959, 47.53216 ] ] ] } },
{ "type": "Feature", "properties": { "id": 2157, "population": 0, "o_score_pt": 1453.852, "o_score_car": 1434.243, "CDI": -0.007 }, "geometry": { "type": "Polygon", "coordinates": [ [ [ -122.30318, 47.64874 ], [ -122.30318, 47.64874 ], [ -122.30311, 47.64875 ], [ -122.30311, 47.64875 ], [ -122.30318, 47.64874 ] ] ] } },
{ "type": "Feature", "properties": { "id": 2158, "population": 367, "o_score_pt": 960.777, "o_score_car": 1462.885, "CDI": 0.207 }, "geometry": { "type": "Polygon", "coordinates": [ [ [ -122.32922, 47.70244 ], [ -122.33176, 47.70222 ], [ -122.33313, 47.7035 ], [ -122.33196, 47.70501 ], [ -122.32942, 47.70523 ], [ -122.32806, 47.70395 ], [ -122.32922, 47.70244 ] ] ] } },
{ "type": "Feature", "properties": { "id": 2159, "population": 333, "o_score_pt": 890.105, "o_score_car": 1292.709, "CDI": 0.184 }, "geometry": { "type": "Polygon", "coordinates": [ [ [ -122.30321, 47.55831 ], [ -122.3057, 47.55809 ], [ -122.30704, 47.55935 ], [ -122.30589, 47.56083 ], [ -122.3034, 47.56105 ], [ -122.30207, 47.55979 ], [ -122.30321, 47.55831 ] ] ] } },
{ "type": "Feature", "properties": { "id": 2160, "population": 419, "o_score_pt": 1035.93, "o_score_car": 1416.341, "CDI": 0.155 }, "geometry": { "type": "Polygon", "coordinates": [ [ [ -122.30327, 47.61428 ], [ -122.30586, 47.61405 ], [ -122.30726, 47.61536 ], [ -122.30607, 47.6169 ], [ -122.30348, 47.61713 ], [ -122.30208, 47.61582 ], [ -122.30327, 47.61428 ] ] ] } },
{ "type": "Feature", "properties": { "id": 2161, "population": 498, "o_score_pt": 1021.441, "o_score_car": 1425.756, "CDI": 0.165 }, "geometry": { "type": "Polygon", "coordinates": [ [ [ -122.35973, 47.63802 ], [ -122.36232, 47.6378 ], [ -122.36372, 47.63911 ], [ -122.36253, 47.64065 ], [ -122.35994, 47.64088 ], [ -122.35854, 47.63957 ], [ -122.35973, 47.63802 ] ] ] } },
{ "type": "Feature", "properties": { "id": 2162, "population": 586, "o_score_pt": 1002.125, "o_score_car": 1447.991, "CDI": 0.182 }, "geometry": { "type": "Polygon", "coordinates": [ [ [ -122.30483, 47.69021 ], [ -122.30742, 47.68998 ], [ -122.30882, 47.69129 ], [ -122.30763, 47.69283 ], [ -122.30503, 47.69306 ], [ -122.30364, 47.69175 ], [ -122.30483, 47.69021 ] ] ] } },
{ "type": "Feature", "properties": { "id": 2163, "population": 332, "o_score_pt": 640.821, "o_score_car": 1028.152, "CDI": 0.232 }, "geometry": { "type": "Polygon", "coordinates": [ [ [ -122.27153, 47.55246 ], [ -122.27402, 47.55224 ], [ -122.27535, 47.5535 ], [ -122.27421, 47.55498 ], [ -122.27172, 47.55519 ], [ -122.27039, 47.55394 ], [ -122.27153, 47.55246 ] ] ] } },
{ "type": "Feature", "properties": { "id": 2164, "population": 17, "o_score_pt": 2.052, "o_score_car": 1008.745, "CDI": 0.996 }, "geometry": { "type": "Polygon", "coordinates": [ [ [ -122.36725, 47.73009 ], [ -122.36833, 47.73 ], [ -122.36877, 47.73041 ], [ -122.36829, 47.73102 ], [ -122.36721, 47.73112 ], [ -122.36677, 47.73071 ], [ -122.36725, 47.73009 ] ] ] } },
{ "type": "Feature", "properties": { "id": 2165, "population": 4, "o_score_pt": 828.976, "o_score_car": 1235.543, "CDI": 0.197 }, "geometry": { "type": "Polygon", "coordinates": [ [ [ -122.33064, 47.54421 ], [ -122.33111, 47.54417 ], [ -122.33115, 47.54421 ], [ -122.33096, 47.54445 ], [ -122.3305, 47.54449 ], [ -122.33046, 47.54445 ], [ -122.33064, 47.54421 ] ] ] } },
{ "type": "Feature", "properties": { "id": 2166, "population": 389, "o_score_pt": 943.51, "o_score_car": 1216.743, "CDI": 0.126 }, "geometry": { "type": "Polygon", "coordinates": [ [ [ -122.39082, 47.63529 ], [ -122.39339, 47.63507 ], [ -122.39477, 47.63636 ], [ -122.39359, 47.63789 ], [ -122.39103, 47.63812 ], [ -122.38964, 47.63682 ], [ -122.39082, 47.63529 ] ] ] } },
{ "type": "Feature", "properties": { "id": 2167, "population": 680, "o_score_pt": 907.294, "o_score_car": 1173.653, "CDI": 0.128 }, "geometry": { "type": "Polygon", "coordinates": [ [ [ -122.38953, 47.67127 ], [ -122.39212, 47.67104 ], [ -122.39352, 47.67235 ], [ -122.39233, 47.67389 ], [ -122.38974, 47.67412 ], [ -122.38834, 47.67281 ], [ -122.38953, 47.67127 ] ] ] } },
{ "type": "Feature", "properties": { "id": 2168, "population": 354, "o_score_pt": 1026.566, "o_score_car": 1380.362, "CDI": 0.147 }, "geometry": { "type": "Polygon", "coordinates": [ [ [ -122.29616, 47.62356 ], [ -122.29868, 47.62334 ], [ -122.30003, 47.62461 ], [ -122.29887, 47.62611 ], [ -122.29635, 47.62633 ], [ -122.295, 47.62506 ], [ -122.29616, 47.62356 ] ] ] } },
{ "type": "Feature", "properties": { "id": 2169, "population": 71, "o_score_pt": 679.789, "o_score_car": 1322.769, "CDI": 0.321 }, "geometry": { "type": "Polygon", "coordinates": [ [ [ -122.29822, 47.53764 ], [ -122.29997, 47.53749 ], [ -122.30083, 47.5383 ], [ -122.30004, 47.53933 ], [ -122.29829, 47.53948 ], [ -122.29743, 47.53867 ], [ -122.29822, 47.53764 ] ] ] } },
{ "type": "Feature", "properties": { "id": 2170, "population": 274, "o_score_pt": 830.913, "o_score_car": 1285.321, "CDI": 0.215 }, "geometry": { "type": "Polygon", "coordinates": [ [ [ -122.28897, 47.68598 ], [ -122.29137, 47.68577 ], [ -122.29265, 47.68697 ], [ -122.29155, 47.68839 ], [ -122.28915, 47.6886 ], [ -122.28787, 47.6874 ], [ -122.28897, 47.68598 ] ] ] } },
{ "type": "Feature", "properties": { "id": 2171, "population": 486, "o_score_pt": 1126.432, "o_score_car": 1472.109, "CDI": 0.133 }, "geometry": { "type": "Polygon", "coordinates": [ [ [ -122.3532, 47.65582 ], [ -122.35579, 47.6556 ], [ -122.35719, 47.65691 ], [ -122.356, 47.65845 ], [ -122.35341, 47.65868 ], [ -122.35201, 47.65736 ], [ -122.3532, 47.65582 ] ] ] } },
{ "type": "Feature", "properties": { "id": 2172, "population": 443, "o_score_pt": 627.176, "o_score_car": 1221.9, "CDI": 0.322 }, "geometry": { "type": "Polygon", "coordinates": [ [ [ -122.2772, 47.63236 ], [ -122.27979, 47.63213 ], [ -122.28118, 47.63344 ], [ -122.27999, 47.63498 ], [ -122.2774, 47.63521 ], [ -122.276, 47.6339 ], [ -122.2772, 47.63236 ] ] ] } },
{ "type": "Feature", "properties": { "id": 2173, "population": 356, "o_score_pt": 1186.037, "o_score_car": 1472.953, "CDI": 0.108 }, "geometry": { "type": "Polygon", "coordinates": [ [ [ -122.35413, 47.61415 ], [ -122.35665, 47.61393 ], [ -122.358, 47.6152 ], [ -122.35684, 47.6167 ], [ -122.35432, 47.61693 ], [ -122.35297, 47.61565 ], [ -122.35413, 47.61415 ] ] ] } },
{ "type": "Feature", "properties": { "id": 2174, "population": 42, "o_score_pt": 896.7, "o_score_car": 1270.179, "CDI": 0.172 }, "geometry": { "type": "Polygon", "coordinates": [ [ [ -122.34662, 47.71875 ], [ -122.34813, 47.71862 ], [ -122.34884, 47.71928 ], [ -122.34816, 47.72015 ], [ -122.34665, 47.72029 ], [ -122.34594, 47.71963 ], [ -122.34662, 47.71875 ] ] ] } },
{ "type": "Feature", "properties": { "id": 2175, "population": 33, "o_score_pt": 879.492, "o_score_car": 1086.554, "CDI": 0.105 }, "geometry": { "type": "Polygon", "coordinates": [ [ [ -122.26203, 47.68465 ], [ -122.26342, 47.68453 ], [ -122.26405, 47.68512 ], [ -122.26343, 47.68593 ], [ -122.26203, 47.68605 ], [ -122.2614, 47.68546 ], [ -122.26203, 47.68465 ] ] ] } },
{ "type": "Feature", "properties": { "id": 2176, "population": 373, "o_score_pt": 1165.739, "o_score_car": 1449.528, "CDI": 0.109 }, "geometry": { "type": "Polygon", "coordinates": [ [ [ -122.3469, 47.6765 ], [ -122.34945, 47.67627 ], [ -122.35082, 47.67756 ], [ -122.34965, 47.67907 ], [ -122.3471, 47.67929 ], [ -122.34573, 47.67801 ], [ -122.3469, 47.6765 ] ] ] } },
{ "type": "Feature", "properties": { "id": 2177, "population": 543, "o_score_pt": 941.697, "o_score_car": 1347.133, "CDI": 0.177 }, "geometry": { "type": "Polygon", "coordinates": [ [ [ -122.30919, 47.5879 ], [ -122.31178, 47.58767 ], [ -122.31318, 47.58899 ], [ -122.31199, 47.59053 ], [ -122.3094, 47.59076 ], [ -122.308, 47.58944 ], [ -122.30919, 47.5879 ] ] ] } },
{ "type": "Feature", "properties": { "id": 2178, "population": 123, "o_score_pt": 599.607, "o_score_car": 1074.862, "CDI": 0.284 }, "geometry": { "type": "Polygon", "coordinates": [ [ [ -122.40415, 47.65311 ], [ -122.40617, 47.65293 ], [ -122.4072, 47.6539 ], [ -122.40628, 47.65508 ], [ -122.40427, 47.65526 ], [ -122.40324, 47.6543 ], [ -122.40415, 47.65311 ] ] ] } },
{ "type": "Feature", "properties": { "id": 2179, "population": 214, "o_score_pt": 607.004, "o_score_car": 997.053, "CDI": 0.243 }, "geometry": { "type": "Polygon", "coordinates": [ [ [ -122.26287, 47.53897 ], [ -122.26515, 47.53877 ], [ -122.26634, 47.5399 ], [ -122.2653, 47.54125 ], [ -122.26302, 47.54145 ], [ -122.26182, 47.54032 ], [ -122.26287, 47.53897 ] ] ] } },
{ "type": "Feature", "properties": { "id": 2180, "population": 26, "o_score_pt": 1024.829, "o_score_car": 1077.003, "CDI": 0.025 }, "geometry": { "type": "Polygon", "coordinates": [ [ [ -122.38023, 47.64132 ], [ -122.38151, 47.64121 ], [ -122.38207, 47.64174 ], [ -122.3815, 47.64248 ], [ -122.38022, 47.64259 ], [ -122.37966, 47.64206 ], [ -122.38023, 47.64132 ] ] ] } },
{ "type": "Feature", "properties": { "id": 2181, "population": 0, "o_score_pt": 0.083, "o_score_car": 1032.074, "CDI": 1.0 }, "geometry": { "type": "Polygon", "coordinates": [ [ [ -122.29834, 47.52705 ], [ -122.29834, 47.52705 ], [ -122.29828, 47.52705 ], [ -122.29828, 47.52705 ], [ -122.29834, 47.52705 ] ] ] } },
{ "type": "Feature", "properties": { "id": 2182, "population": 215, "o_score_pt": 629.156, "o_score_car": 1178.172, "CDI": 0.304 }, "geometry": { "type": "Polygon", "coordinates": [ [ [ -122.37246, 47.70309 ], [ -122.37474, 47.70289 ], [ -122.37594, 47.70401 ], [ -122.3749, 47.70536 ], [ -122.37261, 47.70557 ], [ -122.37141, 47.70444 ], [ -122.37246, 47.70309 ] ] ] } },
{ "type": "Feature", "properties": { "id": 2183, "population": 419, "o_score_pt": 1074.099, "o_score_car": 1360.124, "CDI": 0.118 }, "geometry": { "type": "Polygon", "coordinates": [ [ [ -122.31236, 47.57757 ], [ -122.31495, 47.57734 ], [ -122.31635, 47.57865 ], [ -122.31515, 47.58019 ], [ -122.31256, 47.58042 ], [ -122.31117, 47.57911 ], [ -122.31236, 47.57757 ] ] ] } },
{ "type": "Feature", "properties": { "id": 2184, "population": 241, "o_score_pt": 909.126, "o_score_car": 1273.98, "CDI": 0.167 }, "geometry": { "type": "Polygon", "coordinates": [ [ [ -122.30242, 47.70922 ], [ -122.30476, 47.70902 ], [ -122.306, 47.71018 ], [ -122.30493, 47.71156 ], [ -122.30259, 47.71177 ], [ -122.30135, 47.71061 ], [ -122.30242, 47.70922 ] ] ] } },
{ "type": "Feature", "properties": { "id": 2185, "population": 225, "o_score_pt": 834.877, "o_score_car": 1231.035, "CDI": 0.192 }, "geometry": { "type": "Polygon", "coordinates": [ [ [ -122.31125, 47.72281 ], [ -122.31356, 47.72261 ], [ -122.31477, 47.72375 ], [ -122.31372, 47.72511 ], [ -122.31141, 47.72531 ], [ -122.31019, 47.72417 ], [ -122.31125, 47.72281 ] ] ] } },
{ "type": "Feature", "properties": { "id": 2186, "population": 305, "o_score_pt": 884.432, "o_score_car": 1253.574, "CDI": 0.173 }, "geometry": { "type": "Polygon", "coordinates": [ [ [ -122.37868, 47.68236 ], [ -122.38113, 47.68214 ], [ -122.38244, 47.68337 ], [ -122.38131, 47.68482 ], [ -122.37886, 47.68504 ], [ -122.37755, 47.68381 ], [ -122.37868, 47.68236 ] ] ] } },
{ "type": "Feature", "properties": { "id": 2187, "population": 178, "o_score_pt": 648.417, "o_score_car": 1092.804, "CDI": 0.255 }, "geometry": { "type": "Polygon", "coordinates": [ [ [ -122.27958, 47.71705 ], [ -122.28177, 47.71686 ], [ -122.28291, 47.71793 ], [ -122.28191, 47.71923 ], [ -122.27971, 47.71942 ], [ -122.27857, 47.71835 ], [ -122.27958, 47.71705 ] ] ] } },
{ "type": "Feature", "properties": { "id": 2188, "population": 3, "o_score_pt": 586.899, "o_score_car": 1146.547, "CDI": 0.323 }, "geometry": { "type": "Polygon", "coordinates": [ [ [ -122.29914, 47.53554 ], [ -122.29903, 47.53569 ], [ -122.29871, 47.53571 ], [ -122.29883, 47.53556 ], [ -122.29914, 47.53554 ] ] ] } },
{ "type": "Feature", "properties": { "id": 2189, "population": 188, "o_score_pt": 928.914, "o_score_car": 1375.061, "CDI": 0.194 }, "geometry": { "type": "Polygon", "coordinates": [ [ [ -122.28703, 47.65756 ], [ -122.28925, 47.65737 ], [ -122.29041, 47.65846 ], [ -122.28939, 47.65977 ], [ -122.28717, 47.65996 ], [ -122.28601, 47.65887 ], [ -122.28703, 47.65756 ] ] ] } },
{ "type": "Feature", "properties": { "id": 2190, "population": 0, "o_score_pt": 77.051, "o_score_car": 1305.162, "CDI": 0.889 }, "geometry": { "type": "Polygon", "coordinates": [ [ [ -122.34004, 47.56364 ], [ -122.34004, 47.56364 ], [ -122.33998, 47.56364 ], [ -122.33998, 47.56364 ], [ -122.34004, 47.56364 ] ] ] } },
{ "type": "Feature", "properties": { "id": 2191, "population": 121, "o_score_pt": 1172.822, "o_score_car": 1384.091, "CDI": 0.083 }, "geometry": { "type": "Polygon", "coordinates": [ [ [ -122.32891, 47.69419 ], [ -122.33092, 47.69401 ], [ -122.33195, 47.69497 ], [ -122.33103, 47.69616 ], [ -122.32902, 47.69633 ], [ -122.328, 47.69537 ], [ -122.32891, 47.69419 ] ] ] } },
{ "type": "Feature", "properties": { "id": 2192, "population": 10, "o_score_pt": 1090.279, "o_score_car": 1272.708, "CDI": 0.077 }, "geometry": { "type": "Polygon", "coordinates": [ [ [ -122.29763, 47.57705 ], [ -122.29848, 47.57698 ], [ -122.29877, 47.57725 ], [ -122.2984, 47.57772 ], [ -122.29755, 47.5778 ], [ -122.29727, 47.57753 ], [ -122.29763, 47.57705 ] ] ] } },
{ "type": "Feature", "properties": { "id": 2193, "population": 461, "o_score_pt": 936.851, "o_score_car": 1310.004, "CDI": 0.166 }, "geometry": { "type": "Polygon", "coordinates": [ [ [ -122.2909, 47.60531 ], [ -122.29349, 47.60508 ], [ -122.29489, 47.60639 ], [ -122.29369, 47.60793 ], [ -122.2911, 47.60816 ], [ -122.28971, 47.60685 ], [ -122.2909, 47.60531 ] ] ] } },
{ "type": "Feature", "properties": { "id": 2194, "population": 249, "o_score_pt": 609.14, "o_score_car": 1041.492, "CDI": 0.262 }, "geometry": { "type": "Polygon", "coordinates": [ [ [ -122.27243, 47.56397 ], [ -122.27478, 47.56376 ], [ -122.27603, 47.56493 ], [ -122.27495, 47.56633 ], [ -122.2726, 47.56653 ], [ -122.27135, 47.56536 ], [ -122.27243, 47.56397 ] ] ] } },
{ "type": "Feature", "properties": { "id": 2195, "population": 223, "o_score_pt": 535.054, "o_score_car": 950.263, "CDI": 0.28 }, "geometry": { "type": "Polygon", "coordinates": [ [ [ -122.26082, 47.51037 ], [ -122.26312, 47.51017 ], [ -122.26433, 47.51132 ], [ -122.26327, 47.51268 ], [ -122.26098, 47.51288 ], [ -122.25977, 47.51174 ], [ -122.26082, 47.51037 ] ] ] } },
{ "type": "Feature", "properties": { "id": 2196, "population": 834, "o_score_pt": 830.178, "o_score_car": 1230.476, "CDI": 0.194 }, "geometry": { "type": "Polygon", "coordinates": [ [ [ -122.35398, 47.72031 ], [ -122.35657, 47.72008 ], [ -122.35797, 47.72139 ], [ -122.35678, 47.72293 ], [ -122.35418, 47.72316 ], [ -122.35278, 47.72185 ], [ -122.35398, 47.72031 ] ] ] } },
{ "type": "Feature", "properties": { "id": 2197, "population": 848, "o_score_pt": 1275.981, "o_score_car": 1556.149, "CDI": 0.099 }, "geometry": { "type": "Polygon", "coordinates": [ [ [ -122.32198, 47.60258 ], [ -122.32457, 47.60235 ], [ -122.32597, 47.60367 ], [ -122.32477, 47.60521 ], [ -122.32218, 47.60543 ], [ -122.32079, 47.60412 ], [ -122.32198, 47.60258 ] ] ] } },
{ "type": "Feature", "properties": { "id": 2198, "population": 994, "o_score_pt": 1273.795, "o_score_car": 1454.33, "CDI": 0.066 }, "geometry": { "type": "Polygon", "coordinates": [ [ [ -122.31166, 47.62216 ], [ -122.31425, 47.62193 ], [ -122.31565, 47.62324 ], [ -122.31446, 47.62478 ], [ -122.31187, 47.62501 ], [ -122.31047, 47.6237 ], [ -122.31166, 47.62216 ] ] ] } },
{ "type": "Feature", "properties": { "id": 2199, "population": 0, "o_score_pt": 603.082, "o_score_car": 1161.702, "CDI": 0.317 }, "geometry": { "type": "Polygon", "coordinates": [ [ [ -122.30713, 47.54066 ], [ -122.30713, 47.54066 ], [ -122.30707, 47.54066 ], [ -122.30707, 47.54066 ], [ -122.30713, 47.54066 ] ] ] } },
{ "type": "Feature", "properties": { "id": 2200, "population": 270, "o_score_pt": 819.721, "o_score_car": 1224.497, "CDI": 0.198 }, "geometry": { "type": "Polygon", "coordinates": [ [ [ -122.27659, 47.67703 ], [ -122.27899, 47.67682 ], [ -122.28026, 47.67801 ], [ -122.27916, 47.67943 ], [ -122.27677, 47.67964 ], [ -122.27549, 47.67844 ], [ -122.27659, 47.67703 ] ] ] } },
{ "type": "Feature", "properties": { "id": 2201, "population": 283, "o_score_pt": 804.763, "o_score_car": 1262.045, "CDI": 0.221 }, "geometry": { "type": "Polygon", "coordinates": [ [ [ -122.33494, 47.72639 ], [ -122.33736, 47.72618 ], [ -122.33864, 47.72739 ], [ -122.33753, 47.72882 ], [ -122.33512, 47.72903 ], [ -122.33383, 47.72782 ], [ -122.33494, 47.72639 ] ] ] } },
{ "type": "Feature", "properties": { "id": 2202, "population": 4, "o_score_pt": 1075.387, "o_score_car": 1369.853, "CDI": 0.12 }, "geometry": { "type": "Polygon", "coordinates": [ [ [ -122.37439, 47.66243 ], [ -122.37486, 47.66239 ], [ -122.3749, 47.66243 ], [ -122.37471, 47.66267 ], [ -122.37424, 47.66271 ], [ -122.3742, 47.66267 ], [ -122.37439, 47.66243 ] ] ] } },
{ "type": "Feature", "properties": { "id": 2203, "population": 273, "o_score_pt": 1096.826, "o_score_car": 1480.561, "CDI": 0.149 }, "geometry": { "type": "Polygon", "coordinates": [ [ [ -122.30523, 47.64007 ], [ -122.30763, 47.63986 ], [ -122.30891, 47.64105 ], [ -122.3078, 47.64247 ], [ -122.30541, 47.64269 ], [ -122.30413, 47.64149 ], [ -122.30523, 47.64007 ] ] ] } },
{ "type": "Feature", "properties": { "id": 2204, "population": 1883, "o_score_pt": 1306.235, "o_score_car": 1517.327, "CDI": 0.075 }, "geometry": { "type": "Polygon", "coordinates": [ [ [ -122.35031, 47.61588 ], [ -122.35289, 47.61566 ], [ -122.35429, 47.61697 ], [ -122.3531, 47.61851 ], [ -122.35051, 47.61874 ], [ -122.34911, 47.61743 ], [ -122.35031, 47.61588 ] ] ] } },
{ "type": "Feature", "properties": { "id": 2205, "population": 191, "o_score_pt": 839.231, "o_score_car": 1283.361, "CDI": 0.209 }, "geometry": { "type": "Polygon", "coordinates": [ [ [ -122.33822, 47.71618 ], [ -122.34044, 47.71599 ], [ -122.34161, 47.71708 ], [ -122.34059, 47.71839 ], [ -122.33836, 47.71859 ], [ -122.3372, 47.7175 ], [ -122.33822, 47.71618 ] ] ] } },
{ "type": "Feature", "properties": { "id": 2206, "population": 111, "o_score_pt": 1066.891, "o_score_car": 1427.323, "CDI": 0.145 }, "geometry": { "type": "Polygon", "coordinates": [ [ [ -122.34346, 47.67859 ], [ -122.34542, 47.67842 ], [ -122.34642, 47.67935 ], [ -122.34553, 47.68051 ], [ -122.34356, 47.68068 ], [ -122.34256, 47.67975 ], [ -122.34346, 47.67859 ] ] ] } },
{ "type": "Feature", "properties": { "id": 2207, "population": 57, "o_score_pt": 1346.974, "o_score_car": 1528.739, "CDI": 0.063 }, "geometry": { "type": "Polygon", "coordinates": [ [ [ -122.31916, 47.61059 ], [ -122.3208, 47.61044 ], [ -122.3216, 47.61119 ], [ -122.32086, 47.61215 ], [ -122.31921, 47.6123 ], [ -122.31841, 47.61155 ], [ -122.31916, 47.61059 ] ] ] } },
{ "type": "Feature", "properties": { "id": 2208, "population": 318, "o_score_pt": 1236.762, "o_score_car": 1482.462, "CDI": 0.09 }, "geometry": { "type": "Polygon", "coordinates": [ [ [ -122.31144, 47.67249 ], [ -122.31391, 47.67227 ], [ -122.31524, 47.67351 ], [ -122.3141, 47.67498 ], [ -122.31163, 47.67519 ], [ -122.31031, 47.67395 ], [ -122.31144, 47.67249 ] ] ] } },
{ "type": "Feature", "properties": { "id": 2209, "population": 16, "o_score_pt": 504.417, "o_score_car": 986.598, "CDI": 0.323 }, "geometry": { "type": "Polygon", "coordinates": [ [ [ -122.2598, 47.54143 ], [ -122.26085, 47.54133 ], [ -122.26127, 47.54173 ], [ -122.26081, 47.54233 ], [ -122.25975, 47.54242 ], [ -122.25933, 47.54203 ], [ -122.2598, 47.54143 ] ] ] } },
{ "type": "Feature", "properties": { "id": 2210, "population": 20, "o_score_pt": 642.31, "o_score_car": 1126.247, "CDI": 0.274 }, "geometry": { "type": "Polygon", "coordinates": [ [ [ -122.28631, 47.58504 ], [ -122.28747, 47.58494 ], [ -122.28795, 47.58539 ], [ -122.28744, 47.58606 ], [ -122.28628, 47.58616 ], [ -122.2858, 47.5857 ], [ -122.28631, 47.58504 ] ] ] } },
{ "type": "Feature", "properties": { "id": 2211, "population": 336, "o_score_pt": 977.548, "o_score_car": 1493.928, "CDI": 0.209 }, "geometry": { "type": "Polygon", "coordinates": [ [ [ -122.32512, 47.64544 ], [ -122.32762, 47.64522 ], [ -122.32896, 47.64647 ], [ -122.32781, 47.64796 ], [ -122.32531, 47.64818 ], [ -122.32398, 47.64692 ], [ -122.32512, 47.64544 ] ] ] } },
{ "type": "Feature", "properties": { "id": 2212, "population": 4, "o_score_pt": 756.648, "o_score_car": 1254.017, "CDI": 0.247 }, "geometry": { "type": "Polygon", "coordinates": [ [ [ -122.34088, 47.5778 ], [ -122.34135, 47.57776 ], [ -122.34139, 47.5778 ], [ -122.3412, 47.57804 ], [ -122.34074, 47.57808 ], [ -122.34069, 47.57804 ], [ -122.34088, 47.5778 ] ] ] } },
{ "type": "Feature", "properties": { "id": 2213, "population": 572, "o_score_pt": 1013.414, "o_score_car": 1352.168, "CDI": 0.143 }, "geometry": { "type": "Polygon", "coordinates": [ [ [ -122.31783, 47.70771 ], [ -122.32043, 47.70749 ], [ -122.32183, 47.7088 ], [ -122.32063, 47.71034 ], [ -122.31804, 47.71057 ], [ -122.31664, 47.70925 ], [ -122.31783, 47.70771 ] ] ] } },
{ "type": "Feature", "properties": { "id": 2214, "population": 0, "o_score_pt": 1.818, "o_score_car": 1156.593, "CDI": 0.997 }, "geometry": { "type": "Polygon", "coordinates": [ [ [ -122.31091, 47.53889 ], [ -122.31091, 47.53889 ], [ -122.31085, 47.53889 ], [ -122.31085, 47.53889 ], [ -122.31091, 47.53889 ] ] ] } },
{ "type": "Feature", "properties": { "id": 2215, "population": 136, "o_score_pt": 722.633, "o_score_car": 1284.58, "CDI": 0.28 }, "geometry": { "type": "Polygon", "coordinates": [ [ [ -122.28487, 47.62626 ], [ -122.28693, 47.62608 ], [ -122.28799, 47.62708 ], [ -122.28705, 47.6283 ], [ -122.28499, 47.62848 ], [ -122.28392, 47.62748 ], [ -122.28487, 47.62626 ] ] ] } },
{ "type": "Feature", "properties": { "id": 2216, "population": 182, "o_score_pt": 856.853, "o_score_car": 1201.507, "CDI": 0.167 }, "geometry": { "type": "Polygon", "coordinates": [ [ [ -122.3868, 47.68466 ], [ -122.38901, 47.68446 ], [ -122.39016, 47.68554 ], [ -122.38915, 47.68684 ], [ -122.38695, 47.68704 ], [ -122.3858, 47.68596 ], [ -122.3868, 47.68466 ] ] ] } },
{ "type": "Feature", "properties": { "id": 2217, "population": 8, "o_score_pt": 896.061, "o_score_car": 1434.673, "CDI": 0.231 }, "geometry": { "type": "Polygon", "coordinates": [ [ [ -122.29443, 47.64059 ], [ -122.29518, 47.64052 ], [ -122.2954, 47.64073 ], [ -122.29508, 47.64115 ], [ -122.29433, 47.64121 ], [ -122.29411, 47.641 ], [ -122.29443, 47.64059 ] ] ] } },
{ "type": "Feature", "properties": { "id": 2218, "population": 229, "o_score_pt": 755.933, "o_score_car": 1216.777, "CDI": 0.234 }, "geometry": { "type": "Polygon", "coordinates": [ [ [ -122.28626, 47.70205 ], [ -122.28858, 47.70185 ], [ -122.2898, 47.70299 ], [ -122.28874, 47.70436 ], [ -122.28642, 47.70456 ], [ -122.2852, 47.70342 ], [ -122.28626, 47.70205 ] ] ] } },
{ "type": "Feature", "properties": { "id": 2219, "population": 386, "o_score_pt": 766.589, "o_score_car": 1158.378, "CDI": 0.204 }, "geometry": { "type": "Polygon", "coordinates": [ [ [ -122.28735, 47.71901 ], [ -122.28991, 47.71879 ], [ -122.29129, 47.72008 ], [ -122.29011, 47.7216 ], [ -122.28755, 47.72183 ], [ -122.28617, 47.72053 ], [ -122.28735, 47.71901 ] ] ] } },
{ "type": "Feature", "properties": { "id": 2220, "population": 319, "o_score_pt": 648.741, "o_score_car": 1059.406, "CDI": 0.24 }, "geometry": { "type": "Polygon", "coordinates": [ [ [ -122.28524, 47.52539 ], [ -122.2877, 47.52518 ], [ -122.28902, 47.52642 ], [ -122.28789, 47.52789 ], [ -122.28542, 47.52811 ], [ -122.2841, 47.52686 ], [ -122.28524, 47.52539 ] ] ] } },
{ "type": "Feature", "properties": { "id": 2221, "population": 148, "o_score_pt": 695.78, "o_score_car": 1131.183, "CDI": 0.238 }, "geometry": { "type": "Polygon", "coordinates": [ [ [ -122.39148, 47.69435 ], [ -122.39358, 47.69416 ], [ -122.39467, 47.69518 ], [ -122.39371, 47.69642 ], [ -122.39161, 47.69661 ], [ -122.39052, 47.69559 ], [ -122.39148, 47.69435 ] ] ] } },
{ "type": "Feature", "properties": { "id": 2222, "population": 465, "o_score_pt": 1096.064, "o_score_car": 1387.76, "CDI": 0.117 }, "geometry": { "type": "Polygon", "coordinates": [ [ [ -122.35486, 47.67864 ], [ -122.35745, 47.67841 ], [ -122.35885, 47.67972 ], [ -122.35766, 47.68126 ], [ -122.35507, 47.68149 ], [ -122.35367, 47.68018 ], [ -122.35486, 47.67864 ] ] ] } },
{ "type": "Feature", "properties": { "id": 2223, "population": 386, "o_score_pt": 996.489, "o_score_car": 1358.29, "CDI": 0.154 }, "geometry": { "type": "Polygon", "coordinates": [ [ [ -122.32481, 47.69565 ], [ -122.32737, 47.69542 ], [ -122.32875, 47.69671 ], [ -122.32757, 47.69824 ], [ -122.32501, 47.69846 ], [ -122.32363, 47.69717 ], [ -122.32481, 47.69565 ] ] ] } },
{ "type": "Feature", "properties": { "id": 2224, "population": 330, "o_score_pt": 666.577, "o_score_car": 1102.645, "CDI": 0.246 }, "geometry": { "type": "Polygon", "coordinates": [ [ [ -122.28431, 47.56715 ], [ -122.2868, 47.56694 ], [ -122.28813, 47.56819 ], [ -122.28698, 47.56967 ], [ -122.2845, 47.56989 ], [ -122.28317, 47.56863 ], [ -122.28431, 47.56715 ] ] ] } },
{ "type": "Feature", "properties": { "id": 2225, "population": 51, "o_score_pt": 261.264, "o_score_car": 932.314, "CDI": 0.562 }, "geometry": { "type": "Polygon", "coordinates": [ [ [ -122.41342, 47.66976 ], [ -122.41502, 47.66962 ], [ -122.41578, 47.67033 ], [ -122.41506, 47.67127 ], [ -122.41346, 47.67141 ], [ -122.4127, 47.67069 ], [ -122.41342, 47.66976 ] ] ] } },
{ "type": "Feature", "properties": { "id": 2226, "population": 312, "o_score_pt": 832.459, "o_score_car": 1289.763, "CDI": 0.215 }, "geometry": { "type": "Polygon", "coordinates": [ [ [ -122.29313, 47.68988 ], [ -122.2956, 47.68967 ], [ -122.29691, 47.6909 ], [ -122.29578, 47.69236 ], [ -122.29332, 47.69258 ], [ -122.292, 47.69134 ], [ -122.29313, 47.68988 ] ] ] } },
{ "type": "Feature", "properties": { "id": 2227, "population": 120, "o_score_pt": 608.409, "o_score_car": 1002.695, "CDI": 0.245 }, "geometry": { "type": "Polygon", "coordinates": [ [ [ -122.26885, 47.56593 ], [ -122.27085, 47.56575 ], [ -122.27187, 47.56672 ], [ -122.27096, 47.5679 ], [ -122.26896, 47.56807 ], [ -122.26794, 47.56711 ], [ -122.26885, 47.56593 ] ] ] } },
{ "type": "Feature", "properties": { "id": 2228, "population": 161, "o_score_pt": 1167.998, "o_score_car": 1492.578, "CDI": 0.122 }, "geometry": { "type": "Polygon", "coordinates": [ [ [ -122.32162, 47.59427 ], [ -122.32376, 47.59408 ], [ -122.32488, 47.59512 ], [ -122.3239, 47.59639 ], [ -122.32175, 47.59658 ], [ -122.32064, 47.59553 ], [ -122.32162, 47.59427 ] ] ] } },
{ "type": "Feature", "properties": { "id": 2229, "population": 118, "o_score_pt": 792.384, "o_score_car": 1284.068, "CDI": 0.237 }, "geometry": { "type": "Polygon", "coordinates": [ [ [ -122.31944, 47.56294 ], [ -122.32144, 47.56277 ], [ -122.32245, 47.56372 ], [ -122.32154, 47.5649 ], [ -122.31955, 47.56507 ], [ -122.31854, 47.56412 ], [ -122.31944, 47.56294 ] ] ] } },
{ "type": "Feature", "properties": { "id": 2230, "population": 159, "o_score_pt": 635.646, "o_score_car": 1161.526, "CDI": 0.293 }, "geometry": { "type": "Polygon", "coordinates": [ [ [ -122.29504, 47.55062 ], [ -122.29717, 47.55043 ], [ -122.29828, 47.55148 ], [ -122.2973, 47.55274 ], [ -122.29517, 47.55293 ], [ -122.29406, 47.55188 ], [ -122.29504, 47.55062 ] ] ] } },
{ "type": "Feature", "properties": { "id": 2231, "population": 933, "o_score_pt": 1283.095, "o_score_car": 1491.716, "CDI": 0.075 }, "geometry": { "type": "Polygon", "coordinates": [ [ [ -122.31964, 47.62433 ], [ -122.32223, 47.6241 ], [ -122.32363, 47.62541 ], [ -122.32243, 47.62695 ], [ -122.31984, 47.62718 ], [ -122.31845, 47.62587 ], [ -122.31964, 47.62433 ] ] ] } },
{ "type": "Feature", "properties": { "id": 2232, "population": 362, "o_score_pt": 868.592, "o_score_car": 1270.525, "CDI": 0.188 }, "geometry": { "type": "Polygon", "coordinates": [ [ [ -122.28449, 47.67912 ], [ -122.28703, 47.6789 ], [ -122.28839, 47.68017 ], [ -122.28722, 47.68168 ], [ -122.28469, 47.6819 ], [ -122.28333, 47.68062 ], [ -122.28449, 47.67912 ] ] ] } },
{ "type": "Feature", "properties": { "id": 2233, "population": 0, "o_score_pt": 42.145, "o_score_car": 1503.207, "CDI": 0.945 }, "geometry": { "type": "Polygon", "coordinates": [ [ [ -122.33655, 47.67738 ], [ -122.33655, 47.67738 ], [ -122.33648, 47.67739 ], [ -122.33648, 47.67739 ], [ -122.33655, 47.67738 ] ] ] } },
{ "type": "Feature", "properties": { "id": 2234, "population": 231, "o_score_pt": 1007.765, "o_score_car": 1328.52, "CDI": 0.137 }, "geometry": { "type": "Polygon", "coordinates": [ [ [ -122.2976, 47.58765 ], [ -122.29991, 47.58745 ], [ -122.30114, 47.5886 ], [ -122.30007, 47.58997 ], [ -122.29776, 47.59017 ], [ -122.29654, 47.58902 ], [ -122.2976, 47.58765 ] ] ] } },
{ "type": "Feature", "properties": { "id": 2235, "population": 1091, "o_score_pt": 1341.69, "o_score_car": 1539.419, "CDI": 0.069 }, "geometry": { "type": "Polygon", "coordinates": [ [ [ -122.31076, 47.66386 ], [ -122.31335, 47.66364 ], [ -122.31475, 47.66495 ], [ -122.31355, 47.66649 ], [ -122.31096, 47.66672 ], [ -122.30956, 47.6654 ], [ -122.31076, 47.66386 ] ] ] } },
{ "type": "Feature", "properties": { "id": 2236, "population": 333, "o_score_pt": 634.423, "o_score_car": 1135.775, "CDI": 0.283 }, "geometry": { "type": "Polygon", "coordinates": [ [ [ -122.27889, 47.54607 ], [ -122.28138, 47.54585 ], [ -122.28271, 47.5471 ], [ -122.28157, 47.54859 ], [ -122.27908, 47.5488 ], [ -122.27775, 47.54755 ], [ -122.27889, 47.54607 ] ] ] } },
{ "type": "Feature", "properties": { "id": 2237, "population": 320, "o_score_pt": 888.026, "o_score_car": 1223.191, "CDI": 0.159 }, "geometry": { "type": "Polygon", "coordinates": [ [ [ -122.29518, 47.71838 ], [ -122.29766, 47.71816 ], [ -122.29898, 47.7194 ], [ -122.29784, 47.72087 ], [ -122.29537, 47.72109 ], [ -122.29404, 47.71985 ], [ -122.29518, 47.71838 ] ] ] } },
{ "type": "Feature", "properties": { "id": 2238, "population": 366, "o_score_pt": 614.928, "o_score_car": 1137.652, "CDI": 0.298 }, "geometry": { "type": "Polygon", "coordinates": [ [ [ -122.39566, 47.6478 ], [ -122.3982, 47.64758 ], [ -122.39956, 47.64885 ], [ -122.3984, 47.65036 ], [ -122.39586, 47.65059 ], [ -122.3945, 47.64931 ], [ -122.39566, 47.6478 ] ] ] } },
{ "type": "Feature", "properties": { "id": 2239, "population": 0, "o_score_pt": 559.018, "o_score_car": 1081.39, "CDI": 0.318 }, "geometry": { "type": "Polygon", "coordinates": [ [ [ -122.25038, 47.67632 ], [ -122.25038, 47.67632 ], [ -122.25031, 47.67633 ], [ -122.25031, 47.67633 ], [ -122.25038, 47.67632 ] ] ] } },
{ "type": "Feature", "properties": { "id": 2240, "population": 329, "o_score_pt": 938.247, "o_score_car": 1299.222, "CDI": 0.161 }, "geometry": { "type": "Polygon", "coordinates": [ [ [ -122.36057, 47.70258 ], [ -122.36306, 47.70236 ], [ -122.36439, 47.70361 ], [ -122.36325, 47.70508 ], [ -122.36076, 47.7053 ], [ -122.35943, 47.70406 ], [ -122.36057, 47.70258 ] ] ] } },
{ "type": "Feature", "properties": { "id": 2241, "population": 1, "o_score_pt": 998.685, "o_score_car": 1377.019, "CDI": 0.159 }, "geometry": { "type": "Polygon", "coordinates": [ [ [ -122.3373, 47.57969 ], [ -122.3373, 47.57969 ], [ -122.33723, 47.57969 ], [ -122.33723, 47.57969 ], [ -122.3373, 47.57969 ] ] ] } },
{ "type": "Feature", "properties": { "id": 2242, "population": 346, "o_score_pt": 1160.469, "o_score_car": 1542.996, "CDI": 0.141 }, "geometry": { "type": "Polygon", "coordinates": [ [ [ -122.30138, 47.64177 ], [ -122.30389, 47.64155 ], [ -122.30524, 47.64282 ], [ -122.30409, 47.64431 ], [ -122.30158, 47.64453 ], [ -122.30023, 47.64326 ], [ -122.30138, 47.64177 ] ] ] } },
{ "type": "Feature", "properties": { "id": 2243, "population": 89, "o_score_pt": 765.234, "o_score_car": 1287.873, "CDI": 0.255 }, "geometry": { "type": "Polygon", "coordinates": [ [ [ -122.29451, 47.70447 ], [ -122.29637, 47.70431 ], [ -122.29731, 47.70518 ], [ -122.29646, 47.70628 ], [ -122.2946, 47.70644 ], [ -122.29366, 47.70556 ], [ -122.29451, 47.70447 ] ] ] } },
{ "type": "Feature", "properties": { "id": 2244, "population": 459, "o_score_pt": 869.229, "o_score_car": 1306.584, "CDI": 0.201 }, "geometry": { "type": "Polygon", "coordinates": [ [ [ -122.37041, 47.67726 ], [ -122.373, 47.67703 ], [ -122.3744, 47.67835 ], [ -122.37321, 47.67989 ], [ -122.37061, 47.68011 ], [ -122.36922, 47.6788 ], [ -122.37041, 47.67726 ] ] ] } },
{ "type": "Feature", "properties": { "id": 2245, "population": 305, "o_score_pt": 1056.622, "o_score_car": 1456.736, "CDI": 0.159 }, "geometry": { "type": "Polygon", "coordinates": [ [ [ -122.35204, 47.63879 ], [ -122.35449, 47.63857 ], [ -122.3558, 47.6398 ], [ -122.35468, 47.64126 ], [ -122.35223, 47.64147 ], [ -122.35092, 47.64024 ], [ -122.35204, 47.63879 ] ] ] } },
{ "type": "Feature", "properties": { "id": 2246, "population": 335, "o_score_pt": 648.47, "o_score_car": 1220.905, "CDI": 0.306 }, "geometry": { "type": "Polygon", "coordinates": [ [ [ -122.33531, 47.73205 ], [ -122.3378, 47.73183 ], [ -122.33914, 47.73308 ], [ -122.338, 47.73456 ], [ -122.3355, 47.73478 ], [ -122.33416, 47.73353 ], [ -122.33531, 47.73205 ] ] ] } },
{ "type": "Feature", "properties": { "id": 2247, "population": 371, "o_score_pt": 1036.721, "o_score_car": 1363.642, "CDI": 0.136 }, "geometry": { "type": "Polygon", "coordinates": [ [ [ -122.34478, 47.70107 ], [ -122.34732, 47.70085 ], [ -122.34869, 47.70213 ], [ -122.34752, 47.70364 ], [ -122.34498, 47.70386 ], [ -122.34361, 47.70258 ], [ -122.34478, 47.70107 ] ] ] } },
{ "type": "Feature", "properties": { "id": 2248, "population": 479, "o_score_pt": 861.01, "o_score_car": 1206.117, "CDI": 0.167 }, "geometry": { "type": "Polygon", "coordinates": [ [ [ -122.29222, 47.56927 ], [ -122.29481, 47.56905 ], [ -122.29621, 47.57036 ], [ -122.29502, 47.5719 ], [ -122.29243, 47.57213 ], [ -122.29103, 47.57081 ], [ -122.29222, 47.56927 ] ] ] } },
{ "type": "Feature", "properties": { "id": 2249, "population": 531, "o_score_pt": 1100.109, "o_score_car": 1428.593, "CDI": 0.13 }, "geometry": { "type": "Polygon", "coordinates": [ [ [ -122.30706, 47.61251 ], [ -122.30965, 47.61228 ], [ -122.31104, 47.61359 ], [ -122.30985, 47.61513 ], [ -122.30726, 47.61536 ], [ -122.30586, 47.61405 ], [ -122.30706, 47.61251 ] ] ] } },
{ "type": "Feature", "properties": { "id": 2250, "population": 146, "o_score_pt": 1051.782, "o_score_car": 1535.558, "CDI": 0.187 }, "geometry": { "type": "Polygon", "coordinates": [ [ [ -122.3279, 47.62677 ], [ -122.33, 47.62659 ], [ -122.33108, 47.62761 ], [ -122.33012, 47.62885 ], [ -122.32803, 47.62903 ], [ -122.32694, 47.62801 ], [ -122.3279, 47.62677 ] ] ] } },
{ "type": "Feature", "properties": { "id": 2251, "population": 437, "o_score_pt": 1050.799, "o_score_car": 1441.709, "CDI": 0.157 }, "geometry": { "type": "Polygon", "coordinates": [ [ [ -122.32038, 47.68884 ], [ -122.32298, 47.68862 ], [ -122.32438, 47.68993 ], [ -122.32318, 47.69147 ], [ -122.32059, 47.6917 ], [ -122.31919, 47.69038 ], [ -122.32038, 47.68884 ] ] ] } },
{ "type": "Feature", "properties": { "id": 2252, "population": 667, "o_score_pt": 1040.896, "o_score_car": 1331.072, "CDI": 0.122 }, "geometry": { "type": "Polygon", "coordinates": [ [ [ -122.37735, 47.66517 ], [ -122.37994, 47.66494 ], [ -122.38134, 47.66625 ], [ -122.38015, 47.66779 ], [ -122.37756, 47.66802 ], [ -122.37616, 47.66671 ], [ -122.37735, 47.66517 ] ] ] } },
{ "type": "Feature", "properties": { "id": 2253, "population": 65, "o_score_pt": 628.283, "o_score_car": 928.924, "CDI": 0.193 }, "geometry": { "type": "Polygon", "coordinates": [ [ [ -122.2773, 47.51793 ], [ -122.27901, 47.51778 ], [ -122.27985, 47.51856 ], [ -122.27907, 47.51957 ], [ -122.27736, 47.51972 ], [ -122.27653, 47.51893 ], [ -122.2773, 47.51793 ] ] ] } },
{ "type": "Feature", "properties": { "id": 2254, "population": 42, "o_score_pt": 1.626, "o_score_car": 1003.996, "CDI": 0.997 }, "geometry": { "type": "Polygon", "coordinates": [ [ [ -122.37079, 47.72809 ], [ -122.37229, 47.72796 ], [ -122.373, 47.72862 ], [ -122.37232, 47.72949 ], [ -122.37082, 47.72962 ], [ -122.37011, 47.72896 ], [ -122.37079, 47.72809 ] ] ] } },
{ "type": "Feature", "properties": { "id": 2255, "population": 169, "o_score_pt": 1185.327, "o_score_car": 1424.671, "CDI": 0.092 }, "geometry": { "type": "Polygon", "coordinates": [ [ [ -122.31783, 47.59602 ], [ -122.31999, 47.59583 ], [ -122.32112, 47.59689 ], [ -122.32013, 47.59817 ], [ -122.31796, 47.59836 ], [ -122.31684, 47.5973 ], [ -122.31783, 47.59602 ] ] ] } },
{ "type": "Feature", "properties": { "id": 2256, "population": 71, "o_score_pt": 796.092, "o_score_car": 1245.971, "CDI": 0.22 }, "geometry": { "type": "Polygon", "coordinates": [ [ [ -122.31897, 47.55451 ], [ -122.32072, 47.55435 ], [ -122.32158, 47.55517 ], [ -122.32079, 47.55619 ], [ -122.31904, 47.55635 ], [ -122.31817, 47.55554 ], [ -122.31897, 47.55451 ] ] ] } },
{ "type": "Feature", "properties": { "id": 2257, "population": 276, "o_score_pt": 351.135, "o_score_car": 951.641, "CDI": 0.461 }, "geometry": { "type": "Polygon", "coordinates": [ [ [ -122.25637, 47.50351 ], [ -122.25877, 47.5033 ], [ -122.26004, 47.5045 ], [ -122.25894, 47.50593 ], [ -122.25654, 47.50614 ], [ -122.25527, 47.50493 ], [ -122.25637, 47.50351 ] ] ] } },
{ "type": "Feature", "properties": { "id": 2258, "population": 283, "o_score_pt": 1127.764, "o_score_car": 1452.254, "CDI": 0.126 }, "geometry": { "type": "Polygon", "coordinates": [ [ [ -122.33693, 47.64588 ], [ -122.33935, 47.64567 ], [ -122.34063, 47.64688 ], [ -122.33952, 47.64831 ], [ -122.33711, 47.64852 ], [ -122.33583, 47.64732 ], [ -122.33693, 47.64588 ] ] ] } },
{ "type": "Feature", "properties": { "id": 2259, "population": 281, "o_score_pt": 886.419, "o_score_car": 1181.702, "CDI": 0.143 }, "geometry": { "type": "Polygon", "coordinates": [ [ [ -122.26461, 47.67376 ], [ -122.26702, 47.67355 ], [ -122.2683, 47.67475 ], [ -122.2672, 47.67618 ], [ -122.26478, 47.67639 ], [ -122.2635, 47.67519 ], [ -122.26461, 47.67376 ] ] ] } },
{ "type": "Feature", "properties": { "id": 2260, "population": 271, "o_score_pt": 525.954, "o_score_car": 953.062, "CDI": 0.289 }, "geometry": { "type": "Polygon", "coordinates": [ [ [ -122.2526, 47.50528 ], [ -122.25498, 47.50507 ], [ -122.25625, 47.50627 ], [ -122.25516, 47.50769 ], [ -122.25277, 47.5079 ], [ -122.2515, 47.5067 ], [ -122.2526, 47.50528 ] ] ] } },
{ "type": "Feature", "properties": { "id": 2261, "population": 906, "o_score_pt": 1239.217, "o_score_car": 1455.154, "CDI": 0.08 }, "geometry": { "type": "Polygon", "coordinates": [ [ [ -122.30726, 47.61536 ], [ -122.30985, 47.61513 ], [ -122.31125, 47.61645 ], [ -122.31006, 47.61799 ], [ -122.30747, 47.61822 ], [ -122.30607, 47.6169 ], [ -122.30726, 47.61536 ] ] ] } },
{ "type": "Feature", "properties": { "id": 2262, "population": 43, "o_score_pt": 878.233, "o_score_car": 1312.623, "CDI": 0.198 }, "geometry": { "type": "Polygon", "coordinates": [ [ [ -122.36937, 47.65506 ], [ -122.37089, 47.65492 ], [ -122.3716, 47.65559 ], [ -122.37092, 47.65647 ], [ -122.3694, 47.65661 ], [ -122.36869, 47.65594 ], [ -122.36937, 47.65506 ] ] ] } },
{ "type": "Feature", "properties": { "id": 2263, "population": 1637, "o_score_pt": 1484.017, "o_score_car": 1530.902, "CDI": 0.016 }, "geometry": { "type": "Polygon", "coordinates": [ [ [ -122.34212, 47.61086 ], [ -122.34471, 47.61063 ], [ -122.34611, 47.61195 ], [ -122.34492, 47.61349 ], [ -122.34233, 47.61372 ], [ -122.34093, 47.6124 ], [ -122.34212, 47.61086 ] ] ] } },
{ "type": "Feature", "properties": { "id": 2264, "population": 737, "o_score_pt": 1063.101, "o_score_car": 1477.25, "CDI": 0.163 }, "geometry": { "type": "Polygon", "coordinates": [ [ [ -122.30697, 47.66563 ], [ -122.30956, 47.6654 ], [ -122.31096, 47.66672 ], [ -122.30977, 47.66826 ], [ -122.30718, 47.66848 ], [ -122.30578, 47.66717 ], [ -122.30697, 47.66563 ] ] ] } },
{ "type": "Feature", "properties": { "id": 2265, "population": 193, "o_score_pt": 657.509, "o_score_car": 1157.78, "CDI": 0.276 }, "geometry": { "type": "Polygon", "coordinates": [ [ [ -122.30351, 47.72353 ], [ -122.30575, 47.72334 ], [ -122.30692, 47.72443 ], [ -122.30589, 47.72575 ], [ -122.30366, 47.72595 ], [ -122.30249, 47.72485 ], [ -122.30351, 47.72353 ] ] ] } },
{ "type": "Feature", "properties": { "id": 2266, "population": 461, "o_score_pt": 649.65, "o_score_car": 1034.541, "CDI": 0.229 }, "geometry": { "type": "Polygon", "coordinates": [ [ [ -122.26647, 47.53703 ], [ -122.26906, 47.5368 ], [ -122.27045, 47.53812 ], [ -122.26926, 47.53966 ], [ -122.26667, 47.53988 ], [ -122.26528, 47.53857 ], [ -122.26647, 47.53703 ] ] ] } },
{ "type": "Feature", "properties": { "id": 2267, "population": 237, "o_score_pt": 755.424, "o_score_car": 1165.986, "CDI": 0.214 }, "geometry": { "type": "Polygon", "coordinates": [ [ [ -122.39516, 47.63936 ], [ -122.39749, 47.63915 ], [ -122.39872, 47.64031 ], [ -122.39765, 47.64169 ], [ -122.39532, 47.6419 ], [ -122.39409, 47.64074 ], [ -122.39516, 47.63936 ] ] ] } },
{ "type": "Feature", "properties": { "id": 2268, "population": 419, "o_score_pt": 1171.185, "o_score_car": 1521.595, "CDI": 0.13 }, "geometry": { "type": "Polygon", "coordinates": [ [ [ -122.34123, 47.65257 ], [ -122.34382, 47.65235 ], [ -122.34522, 47.65366 ], [ -122.34403, 47.6552 ], [ -122.34144, 47.65543 ], [ -122.34004, 47.65411 ], [ -122.34123, 47.65257 ] ] ] } },
{ "type": "Feature", "properties": { "id": 2269, "population": 220, "o_score_pt": 442.341, "o_score_car": 1033.225, "CDI": 0.4 }, "geometry": { "type": "Polygon", "coordinates": [ [ [ -122.26818, 47.50398 ], [ -122.27047, 47.50378 ], [ -122.27168, 47.50492 ], [ -122.27062, 47.50628 ], [ -122.26834, 47.50648 ], [ -122.26713, 47.50534 ], [ -122.26818, 47.50398 ] ] ] } },
{ "type": "Feature", "properties": { "id": 2270, "population": 0, "o_score_pt": 1077.353, "o_score_car": 1398.104, "CDI": 0.13 }, "geometry": { "type": "Polygon", "coordinates": [ [ [ -122.32932, 47.57751 ], [ -122.32932, 47.57751 ], [ -122.32926, 47.57752 ], [ -122.32926, 47.57752 ], [ -122.32932, 47.57751 ] ] ] } },
{ "type": "Feature", "properties": { "id": 2271, "population": 231, "o_score_pt": 1002.41, "o_score_car": 1286.074, "CDI": 0.124 }, "geometry": { "type": "Polygon", "coordinates": [ [ [ -122.30622, 47.70747 ], [ -122.30854, 47.70727 ], [ -122.30977, 47.70841 ], [ -122.3087, 47.70978 ], [ -122.30638, 47.70999 ], [ -122.30516, 47.70884 ], [ -122.30622, 47.70747 ] ] ] } },
{ "type": "Feature", "properties": { "id": 2272, "population": 222, "o_score_pt": 691.686, "o_score_car": 1127.852, "CDI": 0.24 }, "geometry": { "type": "Polygon", "coordinates": [ [ [ -122.2791, 47.71129 ], [ -122.2814, 47.71109 ], [ -122.28262, 47.71223 ], [ -122.28156, 47.71359 ], [ -122.27926, 47.71379 ], [ -122.27805, 47.71265 ], [ -122.2791, 47.71129 ] ] ] } },
{ "type": "Feature", "properties": { "id": 2273, "population": 40, "o_score_pt": 632.126, "o_score_car": 1249.653, "CDI": 0.328 }, "geometry": { "type": "Polygon", "coordinates": [ [ [ -122.28081, 47.6198 ], [ -122.28229, 47.61967 ], [ -122.28298, 47.62031 ], [ -122.28231, 47.62118 ], [ -122.28083, 47.62131 ], [ -122.28014, 47.62066 ], [ -122.28081, 47.6198 ] ] ] } },
{ "type": "Feature", "properties": { "id": 2274, "population": 231, "o_score_pt": 951.893, "o_score_car": 1540.093, "CDI": 0.236 }, "geometry": { "type": "Polygon", "coordinates": [ [ [ -122.31704, 47.64052 ], [ -122.31936, 47.64031 ], [ -122.32058, 47.64146 ], [ -122.31952, 47.64283 ], [ -122.3172, 47.64304 ], [ -122.31598, 47.64189 ], [ -122.31704, 47.64052 ] ] ] } },
{ "type": "Feature", "properties": { "id": 2275, "population": 7, "o_score_pt": 684.178, "o_score_car": 1198.748, "CDI": 0.273 }, "geometry": { "type": "Polygon", "coordinates": [ [ [ -122.38581, 47.65985 ], [ -122.3865, 47.65978 ], [ -122.38669, 47.65996 ], [ -122.3864, 47.66034 ], [ -122.3857, 47.6604 ], [ -122.38552, 47.66023 ], [ -122.38581, 47.65985 ] ] ] } },
{ "type": "Feature", "properties": { "id": 2276, "population": 235, "o_score_pt": 629.501, "o_score_car": 1207.443, "CDI": 0.315 }, "geometry": { "type": "Polygon", "coordinates": [ [ [ -122.28185, 47.69526 ], [ -122.28418, 47.69505 ], [ -122.28541, 47.69621 ], [ -122.28434, 47.69758 ], [ -122.28201, 47.69779 ], [ -122.28078, 47.69663 ], [ -122.28185, 47.69526 ] ] ] } },
{ "type": "Feature", "properties": { "id": 2277, "population": 0, "o_score_pt": 0.252, "o_score_car": 1100.189, "CDI": 1.0 }, "geometry": { "type": "Polygon", "coordinates": [ [ [ -122.30274, 47.53385 ], [ -122.30274, 47.53385 ], [ -122.30267, 47.53386 ], [ -122.30267, 47.53386 ], [ -122.30274, 47.53385 ] ] ] } },
{ "type": "Feature", "properties": { "id": 2278, "population": 437, "o_score_pt": 874.752, "o_score_car": 1257.368, "CDI": 0.179 }, "geometry": { "type": "Polygon", "coordinates": [ [ [ -122.37839, 47.67943 ], [ -122.38098, 47.6792 ], [ -122.38238, 47.68051 ], [ -122.38119, 47.68205 ], [ -122.3786, 47.68228 ], [ -122.3772, 47.68097 ], [ -122.37839, 47.67943 ] ] ] } },
{ "type": "Feature", "properties": { "id": 2279, "population": 308, "o_score_pt": 903.847, "o_score_car": 1286.701, "CDI": 0.175 }, "geometry": { "type": "Polygon", "coordinates": [ [ [ -122.27594, 47.66843 ], [ -122.2784, 47.66822 ], [ -122.27971, 47.66945 ], [ -122.27858, 47.67091 ], [ -122.27613, 47.67112 ], [ -122.27481, 47.66989 ], [ -122.27594, 47.66843 ] ] ] } },
{ "type": "Feature", "properties": { "id": 2280, "population": 565, "o_score_pt": 888.545, "o_score_car": 1367.175, "CDI": 0.212 }, "geometry": { "type": "Polygon", "coordinates": [ [ [ -122.3675, 47.63734 ], [ -122.37009, 47.63711 ], [ -122.37149, 47.63842 ], [ -122.3703, 47.63996 ], [ -122.36771, 47.64019 ], [ -122.36631, 47.63888 ], [ -122.3675, 47.63734 ] ] ] } },
{ "type": "Feature", "properties": { "id": 2281, "population": 348, "o_score_pt": 1079.437, "o_score_car": 1422.131, "CDI": 0.137 }, "geometry": { "type": "Polygon", "coordinates": [ [ [ -122.33241, 47.69214 ], [ -122.33492, 47.69192 ], [ -122.33627, 47.69318 ], [ -122.33511, 47.69467 ], [ -122.3326, 47.69489 ], [ -122.33125, 47.69363 ], [ -122.33241, 47.69214 ] ] ] } },
{ "type": "Feature", "properties": { "id": 2282, "population": 8, "o_score_pt": 835.03, "o_score_car": 1322.952, "CDI": 0.226 }, "geometry": { "type": "Polygon", "coordinates": [ [ [ -122.30883, 47.56895 ], [ -122.30958, 47.56888 ], [ -122.3098, 47.56909 ], [ -122.30948, 47.56951 ], [ -122.30873, 47.56957 ], [ -122.30851, 47.56936 ], [ -122.30883, 47.56895 ] ] ] } },
{ "type": "Feature", "properties": { "id": 2283, "population": 506, "o_score_pt": 1067.262, "o_score_car": 1420.924, "CDI": 0.142 }, "geometry": { "type": "Polygon", "coordinates": [ [ [ -122.30644, 47.60394 ], [ -122.30903, 47.60372 ], [ -122.31043, 47.60503 ], [ -122.30923, 47.60657 ], [ -122.30664, 47.6068 ], [ -122.30525, 47.60549 ], [ -122.30644, 47.60394 ] ] ] } },
{ "type": "Feature", "properties": { "id": 2284, "population": 206, "o_score_pt": 967.888, "o_score_car": 1523.848, "CDI": 0.223 }, "geometry": { "type": "Polygon", "coordinates": [ [ [ -122.32402, 47.62845 ], [ -122.32628, 47.62825 ], [ -122.32747, 47.62937 ], [ -122.32644, 47.63071 ], [ -122.32418, 47.6309 ], [ -122.32299, 47.62979 ], [ -122.32402, 47.62845 ] ] ] } },
{ "type": "Feature", "properties": { "id": 2285, "population": 327, "o_score_pt": 1060.648, "o_score_car": 1440.867, "CDI": 0.152 }, "geometry": { "type": "Polygon", "coordinates": [ [ [ -122.31666, 47.69067 ], [ -122.31915, 47.69045 ], [ -122.32048, 47.6917 ], [ -122.31933, 47.69317 ], [ -122.31685, 47.69339 ], [ -122.31552, 47.69215 ], [ -122.31666, 47.69067 ] ] ] } },
{ "type": "Feature", "properties": { "id": 2286, "population": 68, "o_score_pt": 630.755, "o_score_car": 1087.333, "CDI": 0.266 }, "geometry": { "type": "Polygon", "coordinates": [ [ [ -122.27657, 47.56255 ], [ -122.2783, 47.56239 ], [ -122.27915, 47.56319 ], [ -122.27837, 47.56421 ], [ -122.27664, 47.56436 ], [ -122.27579, 47.56356 ], [ -122.27657, 47.56255 ] ] ] } },
{ "type": "Feature", "properties": { "id": 2287, "population": 85, "o_score_pt": 390.222, "o_score_car": 971.071, "CDI": 0.427 }, "geometry": { "type": "Polygon", "coordinates": [ [ [ -122.40509, 47.66461 ], [ -122.40693, 47.66445 ], [ -122.40785, 47.66531 ], [ -122.40701, 47.66639 ], [ -122.40517, 47.66655 ], [ -122.40426, 47.66569 ], [ -122.40509, 47.66461 ] ] ] } },
{ "type": "Feature", "properties": { "id": 2288, "population": 23, "o_score_pt": 305.98, "o_score_car": 1028.184, "CDI": 0.541 }, "geometry": { "type": "Polygon", "coordinates": [ [ [ -122.27697, 47.50962 ], [ -122.27819, 47.50952 ], [ -122.27872, 47.51001 ], [ -122.27817, 47.51072 ], [ -122.27695, 47.51082 ], [ -122.27643, 47.51033 ], [ -122.27697, 47.50962 ] ] ] } },
{ "type": "Feature", "properties": { "id": 2289, "population": 171, "o_score_pt": 2.224, "o_score_car": 1108.608, "CDI": 0.996 }, "geometry": { "type": "Polygon", "coordinates": [ [ [ -122.36978, 47.71917 ], [ -122.37195, 47.71898 ], [ -122.37308, 47.72003 ], [ -122.37209, 47.72132 ], [ -122.36991, 47.72151 ], [ -122.36878, 47.72045 ], [ -122.36978, 47.71917 ] ] ] } },
{ "type": "Feature", "properties": { "id": 2290, "population": 14, "o_score_pt": 1418.643, "o_score_car": 1506.432, "CDI": 0.03 }, "geometry": { "type": "Polygon", "coordinates": [ [ [ -122.33844, 47.60211 ], [ -122.33944, 47.60202 ], [ -122.33982, 47.60238 ], [ -122.33938, 47.60295 ], [ -122.33839, 47.60303 ], [ -122.33801, 47.60267 ], [ -122.33844, 47.60211 ] ] ] } },
{ "type": "Feature", "properties": { "id": 2291, "population": 252, "o_score_pt": 710.371, "o_score_car": 1335.586, "CDI": 0.306 }, "geometry": { "type": "Polygon", "coordinates": [ [ [ -122.32699, 47.72426 ], [ -122.32935, 47.72405 ], [ -122.3306, 47.72522 ], [ -122.32952, 47.72662 ], [ -122.32716, 47.72683 ], [ -122.3259, 47.72566 ], [ -122.32699, 47.72426 ] ] ] } },
{ "type": "Feature", "properties": { "id": 2292, "population": 231, "o_score_pt": 729.728, "o_score_car": 1338.76, "CDI": 0.294 }, "geometry": { "type": "Polygon", "coordinates": [ [ [ -122.29783, 47.6996 ], [ -122.30015, 47.6994 ], [ -122.30137, 47.70054 ], [ -122.30031, 47.70191 ], [ -122.29799, 47.70212 ], [ -122.29676, 47.70097 ], [ -122.29783, 47.6996 ] ] ] } },
{ "type": "Feature", "properties": { "id": 2293, "population": 294, "o_score_pt": 827.123, "o_score_car": 1270.891, "CDI": 0.212 }, "geometry": { "type": "Polygon", "coordinates": [ [ [ -122.31479, 47.55589 ], [ -122.31722, 47.55568 ], [ -122.31852, 47.5569 ], [ -122.3174, 47.55834 ], [ -122.31497, 47.55856 ], [ -122.31368, 47.55734 ], [ -122.31479, 47.55589 ] ] ] } },
{ "type": "Feature", "properties": { "id": 2294, "population": 299, "o_score_pt": 884.704, "o_score_car": 1252.336, "CDI": 0.172 }, "geometry": { "type": "Polygon", "coordinates": [ [ [ -122.27616, 47.67129 ], [ -122.2786, 47.67108 ], [ -122.2799, 47.6723 ], [ -122.27878, 47.67375 ], [ -122.27634, 47.67396 ], [ -122.27503, 47.67274 ], [ -122.27616, 47.67129 ] ] ] } },
{ "type": "Feature", "properties": { "id": 2295, "population": 417, "o_score_pt": 786.647, "o_score_car": 1133.313, "CDI": 0.181 }, "geometry": { "type": "Polygon", "coordinates": [ [ [ -122.28302, 47.54996 ], [ -122.28561, 47.54973 ], [ -122.28701, 47.55104 ], [ -122.28582, 47.55259 ], [ -122.28323, 47.55281 ], [ -122.28183, 47.5515 ], [ -122.28302, 47.54996 ] ] ] } },
{ "type": "Feature", "properties": { "id": 2296, "population": 740, "o_score_pt": 1003.525, "o_score_car": 1326.928, "CDI": 0.139 }, "geometry": { "type": "Polygon", "coordinates": [ [ [ -122.32582, 47.70988 ], [ -122.32841, 47.70965 ], [ -122.32981, 47.71096 ], [ -122.32862, 47.7125 ], [ -122.32603, 47.71273 ], [ -122.32463, 47.71142 ], [ -122.32582, 47.70988 ] ] ] } },
{ "type": "Feature", "properties": { "id": 2297, "population": 238, "o_score_pt": 806.972, "o_score_car": 1229.813, "CDI": 0.208 }, "geometry": { "type": "Polygon", "coordinates": [ [ [ -122.28921, 47.57976 ], [ -122.29154, 47.57955 ], [ -122.29277, 47.58071 ], [ -122.2917, 47.58209 ], [ -122.28937, 47.5823 ], [ -122.28814, 47.58114 ], [ -122.28921, 47.57976 ] ] ] } },
{ "type": "Feature", "properties": { "id": 2298, "population": 358, "o_score_pt": 1129.69, "o_score_car": 1441.475, "CDI": 0.121 }, "geometry": { "type": "Polygon", "coordinates": [ [ [ -122.35785, 47.6655 ], [ -122.36038, 47.66528 ], [ -122.36174, 47.66655 ], [ -122.36057, 47.66805 ], [ -122.35805, 47.66827 ], [ -122.35669, 47.667 ], [ -122.35785, 47.6655 ] ] ] } },
{ "type": "Feature", "properties": { "id": 2299, "population": 177, "o_score_pt": 9.578, "o_score_car": 1119.341, "CDI": 0.983 }, "geometry": { "type": "Polygon", "coordinates": [ [ [ -122.38407, 47.70069 ], [ -122.38626, 47.70049 ], [ -122.3874, 47.70156 ], [ -122.3864, 47.70286 ], [ -122.38421, 47.70305 ], [ -122.38307, 47.70198 ], [ -122.38407, 47.70069 ] ] ] } },
{ "type": "Feature", "properties": { "id": 2300, "population": 0, "o_score_pt": 543.4, "o_score_car": 1025.188, "CDI": 0.307 }, "geometry": { "type": "Polygon", "coordinates": [ [ [ -122.40987, 47.66373 ], [ -122.40987, 47.66373 ], [ -122.4098, 47.66373 ], [ -122.4098, 47.66373 ], [ -122.40987, 47.66373 ] ] ] } },
{ "type": "Feature", "properties": { "id": 2301, "population": 105, "o_score_pt": 1594.717, "o_score_car": 1568.927, "CDI": -0.008 }, "geometry": { "type": "Polygon", "coordinates": [ [ [ -122.33453, 47.60906 ], [ -122.33646, 47.60889 ], [ -122.33745, 47.60981 ], [ -122.33656, 47.61095 ], [ -122.33463, 47.61112 ], [ -122.33364, 47.6102 ], [ -122.33453, 47.60906 ] ] ] } },
{ "type": "Feature", "properties": { "id": 2302, "population": 427, "o_score_pt": 922.218, "o_score_car": 1342.46, "CDI": 0.186 }, "geometry": { "type": "Polygon", "coordinates": [ [ [ -122.35211, 47.69466 ], [ -122.3547, 47.69443 ], [ -122.3561, 47.69574 ], [ -122.35491, 47.69728 ], [ -122.35232, 47.69751 ], [ -122.35092, 47.6962 ], [ -122.35211, 47.69466 ] ] ] } },
{ "type": "Feature", "properties": { "id": 2303, "population": 125, "o_score_pt": 770.64, "o_score_car": 1340.135, "CDI": 0.27 }, "geometry": { "type": "Polygon", "coordinates": [ [ [ -122.3192, 47.72228 ], [ -122.32122, 47.72211 ], [ -122.32226, 47.72308 ], [ -122.32133, 47.72427 ], [ -122.31931, 47.72444 ], [ -122.31827, 47.72347 ], [ -122.3192, 47.72228 ] ] ] } },
{ "type": "Feature", "properties": { "id": 2304, "population": 446, "o_score_pt": 657.321, "o_score_car": 1060.374, "CDI": 0.235 }, "geometry": { "type": "Polygon", "coordinates": [ [ [ -122.27444, 47.53921 ], [ -122.27703, 47.53898 ], [ -122.27842, 47.5403 ], [ -122.27723, 47.54184 ], [ -122.27464, 47.54206 ], [ -122.27325, 47.54075 ], [ -122.27444, 47.53921 ] ] ] } },
{ "type": "Feature", "properties": { "id": 2305, "population": 238, "o_score_pt": 891.548, "o_score_car": 1190.345, "CDI": 0.144 }, "geometry": { "type": "Polygon", "coordinates": [ [ [ -122.39138, 47.64113 ], [ -122.39371, 47.64092 ], [ -122.39494, 47.64208 ], [ -122.39387, 47.64346 ], [ -122.39154, 47.64367 ], [ -122.39031, 47.64251 ], [ -122.39138, 47.64113 ] ] ] } },
{ "type": "Feature", "properties": { "id": 2306, "population": 253, "o_score_pt": 459.083, "o_score_car": 1024.11, "CDI": 0.381 }, "geometry": { "type": "Polygon", "coordinates": [ [ [ -122.26436, 47.50571 ], [ -122.26672, 47.50551 ], [ -122.26797, 47.50669 ], [ -122.26688, 47.50809 ], [ -122.26453, 47.50829 ], [ -122.26328, 47.50711 ], [ -122.26436, 47.50571 ] ] ] } },
{ "type": "Feature", "properties": { "id": 2307, "population": 1, "o_score_pt": 593.655, "o_score_car": 1178.813, "CDI": 0.33 }, "geometry": { "type": "Polygon", "coordinates": [ [ [ -122.32644, 47.53752 ], [ -122.32644, 47.53752 ], [ -122.32637, 47.53753 ], [ -122.32637, 47.53753 ], [ -122.32644, 47.53752 ] ] ] } },
{ "type": "Feature", "properties": { "id": 2308, "population": 373, "o_score_pt": 769.245, "o_score_car": 1167.972, "CDI": 0.206 }, "geometry": { "type": "Polygon", "coordinates": [ [ [ -122.39039, 47.6827 ], [ -122.39293, 47.68247 ], [ -122.3943, 47.68376 ], [ -122.39313, 47.68527 ], [ -122.39059, 47.68549 ], [ -122.38922, 47.68421 ], [ -122.39039, 47.6827 ] ] ] } },
{ "type": "Feature", "properties": { "id": 2309, "population": 295, "o_score_pt": 900.677, "o_score_car": 1302.098, "CDI": 0.182 }, "geometry": { "type": "Polygon", "coordinates": [ [ [ -122.36019, 47.69691 ], [ -122.36262, 47.6967 ], [ -122.36392, 47.69791 ], [ -122.3628, 47.69936 ], [ -122.36037, 47.69957 ], [ -122.35907, 47.69835 ], [ -122.36019, 47.69691 ] ] ] } },
{ "type": "Feature", "properties": { "id": 2310, "population": 497, "o_score_pt": 1073.578, "o_score_car": 1376.182, "CDI": 0.124 }, "geometry": { "type": "Polygon", "coordinates": [ [ [ -122.366, 47.67048 ], [ -122.36859, 47.67025 ], [ -122.36999, 47.67156 ], [ -122.3688, 47.6731 ], [ -122.36621, 47.67333 ], [ -122.36481, 47.67202 ], [ -122.366, 47.67048 ] ] ] } },
{ "type": "Feature", "properties": { "id": 2311, "population": 1771, "o_score_pt": 1378.232, "o_score_car": 1553.756, "CDI": 0.06 }, "geometry": { "type": "Polygon", "coordinates": [ [ [ -122.32321, 47.6197 ], [ -122.3258, 47.61948 ], [ -122.3272, 47.62079 ], [ -122.32601, 47.62233 ], [ -122.32342, 47.62256 ], [ -122.32202, 47.62125 ], [ -122.32321, 47.6197 ] ] ] } },
{ "type": "Feature", "properties": { "id": 2312, "population": 235, "o_score_pt": 1070.037, "o_score_car": 1336.835, "CDI": 0.111 }, "geometry": { "type": "Polygon", "coordinates": [ [ [ -122.37563, 47.63965 ], [ -122.37796, 47.63945 ], [ -122.37919, 47.6406 ], [ -122.37812, 47.64198 ], [ -122.3758, 47.64218 ], [ -122.37457, 47.64103 ], [ -122.37563, 47.63965 ] ] ] } },
{ "type": "Feature", "properties": { "id": 2313, "population": 531, "o_score_pt": 1112.912, "o_score_car": 1416.859, "CDI": 0.12 }, "geometry": { "type": "Polygon", "coordinates": [ [ [ -122.34034, 47.69426 ], [ -122.34294, 47.69403 ], [ -122.34433, 47.69534 ], [ -122.34314, 47.69688 ], [ -122.34055, 47.69711 ], [ -122.33915, 47.6958 ], [ -122.34034, 47.69426 ] ] ] } },
{ "type": "Feature", "properties": { "id": 2314, "population": 587, "o_score_pt": 982.947, "o_score_car": 1399.683, "CDI": 0.175 }, "geometry": { "type": "Polygon", "coordinates": [ [ [ -122.30266, 47.60571 ], [ -122.30525, 47.60549 ], [ -122.30664, 47.6068 ], [ -122.30545, 47.60834 ], [ -122.30286, 47.60857 ], [ -122.30146, 47.60725 ], [ -122.30266, 47.60571 ] ] ] } },
{ "type": "Feature", "properties": { "id": 2315, "population": 7, "o_score_pt": 262.808, "o_score_car": 904.649, "CDI": 0.55 }, "geometry": { "type": "Polygon", "coordinates": [ [ [ -122.41773, 47.6685 ], [ -122.41842, 47.66843 ], [ -122.41861, 47.66861 ], [ -122.41831, 47.66899 ], [ -122.41762, 47.66905 ], [ -122.41743, 47.66888 ], [ -122.41773, 47.6685 ] ] ] } },
{ "type": "Feature", "properties": { "id": 2316, "population": 570, "o_score_pt": 1213.586, "o_score_car": 1437.851, "CDI": 0.085 }, "geometry": { "type": "Polygon", "coordinates": [ [ [ -122.34378, 47.63369 ], [ -122.34637, 47.63346 ], [ -122.34776, 47.63477 ], [ -122.34657, 47.63631 ], [ -122.34398, 47.63654 ], [ -122.34258, 47.63523 ], [ -122.34378, 47.63369 ] ] ] } },
{ "type": "Feature", "properties": { "id": 2317, "population": 352, "o_score_pt": 996.602, "o_score_car": 1460.14, "CDI": 0.189 }, "geometry": { "type": "Polygon", "coordinates": [ [ [ -122.30866, 47.68848 ], [ -122.31118, 47.68826 ], [ -122.31253, 47.68953 ], [ -122.31137, 47.69103 ], [ -122.30885, 47.69125 ], [ -122.3075, 47.68998 ], [ -122.30866, 47.68848 ] ] ] } },
{ "type": "Feature", "properties": { "id": 2318, "population": 314, "o_score_pt": 711.092, "o_score_car": 1128.839, "CDI": 0.227 }, "geometry": { "type": "Polygon", "coordinates": [ [ [ -122.28412, 47.56431 ], [ -122.28658, 47.5641 ], [ -122.2879, 47.56533 ], [ -122.28676, 47.5668 ], [ -122.2843, 47.56701 ], [ -122.28299, 47.56578 ], [ -122.28412, 47.56431 ] ] ] } },
{ "type": "Feature", "properties": { "id": 2319, "population": 187, "o_score_pt": 458.291, "o_score_car": 1024.945, "CDI": 0.382 }, "geometry": { "type": "Polygon", "coordinates": [ [ [ -122.27262, 47.51083 ], [ -122.27483, 47.51064 ], [ -122.27599, 47.51173 ], [ -122.27497, 47.51304 ], [ -122.27276, 47.51324 ], [ -122.2716, 47.51215 ], [ -122.27262, 47.51083 ] ] ] } },
{ "type": "Feature", "properties": { "id": 2320, "population": 230, "o_score_pt": 502.399, "o_score_car": 1117.82, "CDI": 0.38 }, "geometry": { "type": "Polygon", "coordinates": [ [ [ -122.36591, 47.72086 ], [ -122.36822, 47.72065 ], [ -122.36945, 47.7218 ], [ -122.36839, 47.72317 ], [ -122.36607, 47.72337 ], [ -122.36485, 47.72223 ], [ -122.36591, 47.72086 ] ] ] } },
{ "type": "Feature", "properties": { "id": 2321, "population": 73, "o_score_pt": 1327.671, "o_score_car": 1446.157, "CDI": 0.043 }, "geometry": { "type": "Polygon", "coordinates": [ [ [ -122.32562, 47.59271 ], [ -122.32739, 47.59256 ], [ -122.32826, 47.59337 ], [ -122.32746, 47.59441 ], [ -122.32569, 47.59457 ], [ -122.32482, 47.59375 ], [ -122.32562, 47.59271 ] ] ] } },
{ "type": "Feature", "properties": { "id": 2322, "population": 0, "o_score_pt": 456.065, "o_score_car": 1292.082, "CDI": 0.478 }, "geometry": { "type": "Polygon", "coordinates": [ [ [ -122.33606, 47.56255 ], [ -122.33606, 47.56255 ], [ -122.33599, 47.56256 ], [ -122.33599, 47.56256 ], [ -122.33606, 47.56255 ] ] ] } },
{ "type": "Feature", "properties": { "id": 2323, "population": 268, "o_score_pt": 830.665, "o_score_car": 1229.838, "CDI": 0.194 }, "geometry": { "type": "Polygon", "coordinates": [ [ [ -122.2724, 47.67309 ], [ -122.27479, 47.67288 ], [ -122.27606, 47.67407 ], [ -122.27496, 47.67549 ], [ -122.27257, 47.6757 ], [ -122.2713, 47.6745 ], [ -122.2724, 47.67309 ] ] ] } },
{ "type": "Feature", "properties": { "id": 2324, "population": 239, "o_score_pt": 815.817, "o_score_car": 1276.414, "CDI": 0.22 }, "geometry": { "type": "Polygon", "coordinates": [ [ [ -122.31045, 47.54915 ], [ -122.31278, 47.54894 ], [ -122.31402, 47.5501 ], [ -122.31295, 47.55149 ], [ -122.31062, 47.55169 ], [ -122.30939, 47.55053 ], [ -122.31045, 47.54915 ] ] ] } },
{ "type": "Feature", "properties": { "id": 2325, "population": 147, "o_score_pt": 773.563, "o_score_car": 1422.646, "CDI": 0.296 }, "geometry": { "type": "Polygon", "coordinates": [ [ [ -122.29722, 47.63521 ], [ -122.29932, 47.63503 ], [ -122.30041, 47.63604 ], [ -122.29945, 47.63728 ], [ -122.29735, 47.63747 ], [ -122.29626, 47.63645 ], [ -122.29722, 47.63521 ] ] ] } },
{ "type": "Feature", "properties": { "id": 2326, "population": 490, "o_score_pt": 833.315, "o_score_car": 1277.73, "CDI": 0.211 }, "geometry": { "type": "Polygon", "coordinates": [ [ [ -122.35315, 47.70891 ], [ -122.35574, 47.70868 ], [ -122.35714, 47.70999 ], [ -122.35595, 47.71153 ], [ -122.35335, 47.71176 ], [ -122.35195, 47.71045 ], [ -122.35315, 47.70891 ] ] ] } },
{ "type": "Feature", "properties": { "id": 2327, "population": 472, "o_score_pt": 1042.797, "o_score_car": 1520.966, "CDI": 0.187 }, "geometry": { "type": "Polygon", "coordinates": [ [ [ -122.32293, 47.66997 ], [ -122.32553, 47.66974 ], [ -122.32692, 47.67105 ], [ -122.32573, 47.67259 ], [ -122.32314, 47.67282 ], [ -122.32174, 47.67151 ], [ -122.32293, 47.66997 ] ] ] } },
{ "type": "Feature", "properties": { "id": 2328, "population": 89, "o_score_pt": 996.485, "o_score_car": 1308.94, "CDI": 0.136 }, "geometry": { "type": "Polygon", "coordinates": [ [ [ -122.29745, 47.5822 ], [ -122.29931, 47.58203 ], [ -122.30024, 47.58291 ], [ -122.2994, 47.584 ], [ -122.29754, 47.58417 ], [ -122.29661, 47.58329 ], [ -122.29745, 47.5822 ] ] ] } },
{ "type": "Feature", "properties": { "id": 2329, "population": 0, "o_score_pt": 265.541, "o_score_car": 899.603, "CDI": 0.544 }, "geometry": { "type": "Polygon", "coordinates": [ [ [ -122.41785, 47.66589 ], [ -122.41785, 47.66589 ], [ -122.41778, 47.6659 ], [ -122.41778, 47.6659 ], [ -122.41785, 47.66589 ] ] ] } },
{ "type": "Feature", "properties": { "id": 2330, "population": 1306, "o_score_pt": 1162.288, "o_score_car": 1474.231, "CDI": 0.118 }, "geometry": { "type": "Polygon", "coordinates": [ [ [ -122.35491, 47.62553 ], [ -122.3575, 47.6253 ], [ -122.3589, 47.62661 ], [ -122.35771, 47.62815 ], [ -122.35512, 47.62838 ], [ -122.35372, 47.62707 ], [ -122.35491, 47.62553 ] ] ] } },
{ "type": "Feature", "properties": { "id": 2331, "population": 21, "o_score_pt": 1061.795, "o_score_car": 1430.89, "CDI": 0.148 }, "geometry": { "type": "Polygon", "coordinates": [ [ [ -122.2994, 47.65855 ], [ -122.30058, 47.65844 ], [ -122.30108, 47.65891 ], [ -122.30056, 47.65959 ], [ -122.29937, 47.65969 ], [ -122.29887, 47.65923 ], [ -122.2994, 47.65855 ] ] ] } },
{ "type": "Feature", "properties": { "id": 2332, "population": 0, "o_score_pt": 694.713, "o_score_car": 1382.308, "CDI": 0.331 }, "geometry": { "type": "Polygon", "coordinates": [ [ [ -122.29121, 47.64548 ], [ -122.29121, 47.64548 ], [ -122.29114, 47.64549 ], [ -122.29114, 47.64549 ], [ -122.29121, 47.64548 ] ] ] } },
{ "type": "Feature", "properties": { "id": 2333, "population": 1, "o_score_pt": 653.912, "o_score_car": 1382.357, "CDI": 0.358 }, "geometry": { "type": "Polygon", "coordinates": [ [ [ -122.29101, 47.64263 ], [ -122.29101, 47.64263 ], [ -122.29094, 47.64264 ], [ -122.29094, 47.64264 ], [ -122.29101, 47.64263 ] ] ] } }
]
}
