{
"type": "FeatureCollection",
"name": "cartogram",
"crs": { "type": "name", "properties": { "name": "urn:ogc:def:crs:OGC:1.3:CRS84" } },
"features": [
{ "type": "Feature", "properties": { "id": 0, "population": 752, "o_score_pt": 1772.326, "o_score_car": 1707.467, "CDI": -0.019 }, "geometry": { "type": "Polygon", "coordinates": [ [ [ 8.52752, 47.35662 ], [ 8.52965, 47.3577 ], [ 8.532, 47.35709 ], [ 8.53222, 47.3554 ], [ 8.53009, 47.35431 ], [ 8.52774, 47.35493 ], [ 8.52752, 47.35662 ] ] ] } },
{ "type": "Feature", "properties": { "id": 1, "population": 22, "o_score_pt": 1460.457, "o_score_car": 1656.34, "CDI": 0.063 }, "geometry": { "type": "Polygon", "coordinates": [ [ [ 8.51113, 47.40428 ], [ 8.51206, 47.40475 ], [ 8.51292, 47.40452 ], [ 8.513, 47.40391 ], [ 8.51207, 47.40344 ], [ 8.51121, 47.40367 ], [ 8.51113, 47.40428 ] ] ] } },
{ "type": "Feature", "properties": { "id": 2, "population": 962, "o_score_pt": 1969.026, "o_score_car": 1820.607, "CDI": -0.039 }, "geometry": { "type": "Polygon", "coordinates": [ [ [ 8.54695, 47.40335 ], [ 8.54913, 47.40445 ], [ 8.55153, 47.40382 ], [ 8.55175, 47.4021 ], [ 8.54957, 47.40099 ], [ 8.54717, 47.40162 ], [ 8.54695, 47.40335 ] ] ] } },
{ "type": "Feature", "properties": { "id": 3, "population": 370, "o_score_pt": 2098.025, "o_score_car": 1842.396, "CDI": -0.065 }, "geometry": { "type": "Polygon", "coordinates": [ [ [ 8.5042, 47.37773 ], [ 8.5061, 47.37869 ], [ 8.50814, 47.37816 ], [ 8.50833, 47.37669 ], [ 8.50644, 47.37573 ], [ 8.5044, 47.37626 ], [ 8.5042, 47.37773 ] ] ] } },
{ "type": "Feature", "properties": { "id": 4, "population": 3, "o_score_pt": 9.015, "o_score_car": 1673.072, "CDI": 0.989 }, "geometry": { "type": "Polygon", "coordinates": [ [ [ 8.5127, 47.34369 ], [ 8.51302, 47.34386 ], [ 8.51313, 47.34383 ], [ 8.51314, 47.34376 ], [ 8.51281, 47.3436 ], [ 8.51271, 47.34362 ], [ 8.5127, 47.34369 ] ] ] } },
{ "type": "Feature", "properties": { "id": 5, "population": 770, "o_score_pt": 1557.073, "o_score_car": 1716.214, "CDI": 0.049 }, "geometry": { "type": "Polygon", "coordinates": [ [ [ 8.5236, 47.35096 ], [ 8.52575, 47.35205 ], [ 8.52811, 47.35143 ], [ 8.52833, 47.34973 ], [ 8.52618, 47.34864 ], [ 8.52382, 47.34926 ], [ 8.5236, 47.35096 ] ] ] } },
{ "type": "Feature", "properties": { "id": 6, "population": 5, "o_score_pt": 1595.667, "o_score_car": 1646.312, "CDI": 0.016 }, "geometry": { "type": "Polygon", "coordinates": [ [ [ 8.52144, 47.41827 ], [ 8.52191, 47.4185 ], [ 8.52219, 47.41843 ], [ 8.52221, 47.41824 ], [ 8.52175, 47.418 ], [ 8.52147, 47.41807 ], [ 8.52144, 47.41827 ] ] ] } },
{ "type": "Feature", "properties": { "id": 7, "population": 537, "o_score_pt": 1165.766, "o_score_car": 1475.688, "CDI": 0.117 }, "geometry": { "type": "Polygon", "coordinates": [ [ [ 8.55294, 47.43017 ], [ 8.55497, 47.43119 ], [ 8.55717, 47.43062 ], [ 8.55738, 47.42903 ], [ 8.55536, 47.42801 ], [ 8.55315, 47.42858 ], [ 8.55294, 47.43017 ] ] ] } },
{ "type": "Feature", "properties": { "id": 8, "population": 1008, "o_score_pt": 2333.014, "o_score_car": 1979.744, "CDI": -0.082 }, "geometry": { "type": "Polygon", "coordinates": [ [ [ 8.54114, 47.37646 ], [ 8.54332, 47.37756 ], [ 8.54572, 47.37694 ], [ 8.54594, 47.37521 ], [ 8.54376, 47.37411 ], [ 8.54136, 47.37473 ], [ 8.54114, 47.37646 ] ] ] } },
{ "type": "Feature", "properties": { "id": 9, "population": 414, "o_score_pt": 1189.233, "o_score_car": 1483.182, "CDI": 0.11 }, "geometry": { "type": "Polygon", "coordinates": [ [ [ 8.51215, 47.33389 ], [ 8.51408, 47.33486 ], [ 8.51617, 47.33432 ], [ 8.51637, 47.33281 ], [ 8.51444, 47.33183 ], [ 8.51234, 47.33238 ], [ 8.51215, 47.33389 ] ] ] } },
{ "type": "Feature", "properties": { "id": 10, "population": 16, "o_score_pt": 1292.759, "o_score_car": 1391.374, "CDI": 0.037 }, "geometry": { "type": "Polygon", "coordinates": [ [ [ 8.52493, 47.42406 ], [ 8.52575, 47.42447 ], [ 8.52648, 47.42428 ], [ 8.52655, 47.42377 ], [ 8.52572, 47.42335 ], [ 8.52499, 47.42354 ], [ 8.52493, 47.42406 ] ] ] } },
{ "type": "Feature", "properties": { "id": 11, "population": 137, "o_score_pt": 1315.803, "o_score_car": 1674.51, "CDI": 0.12 }, "geometry": { "type": "Polygon", "coordinates": [ [ [ 8.57129, 47.38192 ], [ 8.57284, 47.38271 ], [ 8.57446, 47.38228 ], [ 8.57461, 47.38111 ], [ 8.57306, 47.38033 ], [ 8.57144, 47.38075 ], [ 8.57129, 47.38192 ] ] ] } },
{ "type": "Feature", "properties": { "id": 12, "population": 246, "o_score_pt": 1050.236, "o_score_car": 1433.725, "CDI": 0.154 }, "geometry": { "type": "Polygon", "coordinates": [ [ [ 8.59398, 47.36597 ], [ 8.59573, 47.36685 ], [ 8.5976, 47.36636 ], [ 8.59778, 47.36501 ], [ 8.59603, 47.36413 ], [ 8.59415, 47.36462 ], [ 8.59398, 47.36597 ] ] ] } },
{ "type": "Feature", "properties": { "id": 13, "population": 0, "o_score_pt": 599.503, "o_score_car": 1593.953, "CDI": 0.453 }, "geometry": { "type": "Polygon", "coordinates": [ [ [ 8.58591, 47.38807 ], [ 8.58613, 47.38819 ], [ 8.58613, 47.38819 ], [ 8.58591, 47.38807 ] ] ] } },
{ "type": "Feature", "properties": { "id": 14, "population": 0, "o_score_pt": 10.005, "o_score_car": 1494.348, "CDI": 0.987 }, "geometry": { "type": "Polygon", "coordinates": [ [ [ 8.5089, 47.338 ], [ 8.50913, 47.33812 ], [ 8.50913, 47.33812 ], [ 8.5089, 47.338 ] ] ] } },
{ "type": "Feature", "properties": { "id": 15, "population": 751, "o_score_pt": 2007.276, "o_score_car": 1841.489, "CDI": -0.043 }, "geometry": { "type": "Polygon", "coordinates": [ [ [ 8.54113, 47.39484 ], [ 8.54327, 47.39592 ], [ 8.54562, 47.39531 ], [ 8.54584, 47.39362 ], [ 8.5437, 47.39253 ], [ 8.54135, 47.39315 ], [ 8.54113, 47.39484 ] ] ] } },
{ "type": "Feature", "properties": { "id": 16, "population": 935, "o_score_pt": 2012.583, "o_score_car": 1876.001, "CDI": -0.035 }, "geometry": { "type": "Polygon", "coordinates": [ [ [ 8.52351, 47.36937 ], [ 8.52569, 47.37047 ], [ 8.52808, 47.36985 ], [ 8.52831, 47.36812 ], [ 8.52613, 47.36701 ], [ 8.52373, 47.36764 ], [ 8.52351, 47.36937 ] ] ] } },
{ "type": "Feature", "properties": { "id": 17, "population": 313, "o_score_pt": 1314.62, "o_score_car": 1436.055, "CDI": 0.044 }, "geometry": { "type": "Polygon", "coordinates": [ [ [ 8.57691, 47.35372 ], [ 8.57874, 47.35465 ], [ 8.58072, 47.35413 ], [ 8.5809, 47.35271 ], [ 8.57907, 47.35178 ], [ 8.57709, 47.3523 ], [ 8.57691, 47.35372 ] ] ] } },
{ "type": "Feature", "properties": { "id": 18, "population": 740, "o_score_pt": 2244.042, "o_score_car": 1892.401, "CDI": -0.085 }, "geometry": { "type": "Polygon", "coordinates": [ [ [ 8.53729, 47.37078 ], [ 8.53942, 47.37186 ], [ 8.54176, 47.37125 ], [ 8.54198, 47.36956 ], [ 8.53985, 47.36848 ], [ 8.5375, 47.36909 ], [ 8.53729, 47.37078 ] ] ] } },
{ "type": "Feature", "properties": { "id": 19, "population": 968, "o_score_pt": 2095.932, "o_score_car": 1784.384, "CDI": -0.08 }, "geometry": { "type": "Polygon", "coordinates": [ [ [ 8.50777, 47.3835 ], [ 8.50995, 47.3846 ], [ 8.51235, 47.38398 ], [ 8.51257, 47.38225 ], [ 8.5104, 47.38115 ], [ 8.508, 47.38177 ], [ 8.50777, 47.3835 ] ] ] } },
{ "type": "Feature", "properties": { "id": 20, "population": 499, "o_score_pt": 1337.473, "o_score_car": 1396.382, "CDI": 0.022 }, "geometry": { "type": "Polygon", "coordinates": [ [ [ 8.58978, 47.36039 ], [ 8.59178, 47.3614 ], [ 8.59395, 47.36083 ], [ 8.59415, 47.35926 ], [ 8.59216, 47.35825 ], [ 8.58998, 47.35882 ], [ 8.58978, 47.36039 ] ] ] } },
{ "type": "Feature", "properties": { "id": 21, "population": 774, "o_score_pt": 1548.79, "o_score_car": 1593.9, "CDI": 0.014 }, "geometry": { "type": "Polygon", "coordinates": [ [ [ 8.56396, 47.41561 ], [ 8.56611, 47.4167 ], [ 8.56847, 47.41608 ], [ 8.56869, 47.41438 ], [ 8.56654, 47.41329 ], [ 8.56418, 47.41391 ], [ 8.56396, 47.41561 ] ] ] } },
{ "type": "Feature", "properties": { "id": 22, "population": 0, "o_score_pt": 24.366, "o_score_car": 1620.578, "CDI": 0.97 }, "geometry": { "type": "Polygon", "coordinates": [ [ [ 8.54744, 47.34465 ], [ 8.54767, 47.34476 ], [ 8.54767, 47.34476 ], [ 8.54744, 47.34465 ] ] ] } },
{ "type": "Feature", "properties": { "id": 23, "population": 951, "o_score_pt": 2091.185, "o_score_car": 1857.778, "CDI": -0.059 }, "geometry": { "type": "Polygon", "coordinates": [ [ [ 8.52607, 47.38541 ], [ 8.52825, 47.38651 ], [ 8.53065, 47.38588 ], [ 8.53087, 47.38415 ], [ 8.5287, 47.38305 ], [ 8.5263, 47.38368 ], [ 8.52607, 47.38541 ] ] ] } },
{ "type": "Feature", "properties": { "id": 24, "population": 838, "o_score_pt": 2025.937, "o_score_car": 1807.503, "CDI": -0.057 }, "geometry": { "type": "Polygon", "coordinates": [ [ [ 8.51961, 47.3637 ], [ 8.52178, 47.36481 ], [ 8.52418, 47.36418 ], [ 8.5244, 47.36245 ], [ 8.52223, 47.36135 ], [ 8.51983, 47.36198 ], [ 8.51961, 47.3637 ] ] ] } },
{ "type": "Feature", "properties": { "id": 25, "population": 743, "o_score_pt": 1859.172, "o_score_car": 1701.17, "CDI": -0.044 }, "geometry": { "type": "Polygon", "coordinates": [ [ [ 8.55286, 47.41183 ], [ 8.555, 47.41291 ], [ 8.55734, 47.41229 ], [ 8.55756, 47.4106 ], [ 8.55543, 47.40952 ], [ 8.55308, 47.41014 ], [ 8.55286, 47.41183 ] ] ] } },
{ "type": "Feature", "properties": { "id": 26, "population": 1082, "o_score_pt": 2225.305, "o_score_car": 1921.568, "CDI": -0.073 }, "geometry": { "type": "Polygon", "coordinates": [ [ [ 8.53718, 47.38919 ], [ 8.53936, 47.39029 ], [ 8.54176, 47.38967 ], [ 8.54198, 47.38794 ], [ 8.5398, 47.38684 ], [ 8.5374, 47.38746 ], [ 8.53718, 47.38919 ] ] ] } },
{ "type": "Feature", "properties": { "id": 27, "population": 0, "o_score_pt": 9.941, "o_score_car": 1574.988, "CDI": 0.987 }, "geometry": { "type": "Polygon", "coordinates": [ [ [ 8.59052, 47.37015 ], [ 8.59075, 47.37027 ], [ 8.59075, 47.37027 ], [ 8.59052, 47.37015 ] ] ] } },
{ "type": "Feature", "properties": { "id": 28, "population": 0, "o_score_pt": 1397.79, "o_score_car": 1548.284, "CDI": 0.051 }, "geometry": { "type": "Polygon", "coordinates": [ [ [ 8.54353, 47.33898 ], [ 8.54376, 47.3391 ], [ 8.54376, 47.3391 ], [ 8.54353, 47.33898 ] ] ] } },
{ "type": "Feature", "properties": { "id": 29, "population": 846, "o_score_pt": 2037.364, "o_score_car": 1912.706, "CDI": -0.032 }, "geometry": { "type": "Polygon", "coordinates": [ [ [ 8.53584, 47.39956 ], [ 8.53802, 47.40067 ], [ 8.54042, 47.40004 ], [ 8.54064, 47.39831 ], [ 8.53846, 47.39721 ], [ 8.53606, 47.39784 ], [ 8.53584, 47.39956 ] ] ] } },
{ "type": "Feature", "properties": { "id": 30, "population": 996, "o_score_pt": 1944.289, "o_score_car": 1696.828, "CDI": -0.068 }, "geometry": { "type": "Polygon", "coordinates": [ [ [ 8.55687, 47.36232 ], [ 8.55905, 47.36343 ], [ 8.56145, 47.3628 ], [ 8.56167, 47.36107 ], [ 8.55949, 47.35997 ], [ 8.55709, 47.36059 ], [ 8.55687, 47.36232 ] ] ] } },
{ "type": "Feature", "properties": { "id": 31, "population": 876, "o_score_pt": 1881.475, "o_score_car": 1770.835, "CDI": -0.03 }, "geometry": { "type": "Polygon", "coordinates": [ [ [ 8.55086, 47.40901 ], [ 8.55303, 47.41011 ], [ 8.55544, 47.40949 ], [ 8.55566, 47.40776 ], [ 8.55348, 47.40665 ], [ 8.55108, 47.40728 ], [ 8.55086, 47.40901 ] ] ] } },
{ "type": "Feature", "properties": { "id": 32, "population": 967, "o_score_pt": 2130.651, "o_score_car": 1806.477, "CDI": -0.082 }, "geometry": { "type": "Polygon", "coordinates": [ [ [ 8.53908, 47.41041 ], [ 8.54126, 47.41152 ], [ 8.54366, 47.41089 ], [ 8.54388, 47.40916 ], [ 8.5417, 47.40806 ], [ 8.5393, 47.40868 ], [ 8.53908, 47.41041 ] ] ] } },
{ "type": "Feature", "properties": { "id": 33, "population": 362, "o_score_pt": 1002.596, "o_score_car": 1360.721, "CDI": 0.152 }, "geometry": { "type": "Polygon", "coordinates": [ [ [ 8.51092, 47.32585 ], [ 8.51281, 47.3268 ], [ 8.51484, 47.32627 ], [ 8.51503, 47.3248 ], [ 8.51315, 47.32385 ], [ 8.51111, 47.32438 ], [ 8.51092, 47.32585 ] ] ] } },
{ "type": "Feature", "properties": { "id": 34, "population": 770, "o_score_pt": 2135.352, "o_score_car": 1900.629, "CDI": -0.058 }, "geometry": { "type": "Polygon", "coordinates": [ [ [ 8.53331, 47.38352 ], [ 8.53545, 47.3846 ], [ 8.53782, 47.38399 ], [ 8.53803, 47.38229 ], [ 8.53589, 47.3812 ], [ 8.53353, 47.38182 ], [ 8.53331, 47.38352 ] ] ] } },
{ "type": "Feature", "properties": { "id": 35, "population": 791, "o_score_pt": 1595.192, "o_score_car": 1593.948, "CDI": -0.0 }, "geometry": { "type": "Polygon", "coordinates": [ [ [ 8.48876, 47.40516 ], [ 8.49092, 47.40625 ], [ 8.49329, 47.40563 ], [ 8.49351, 47.40392 ], [ 8.49136, 47.40283 ], [ 8.48898, 47.40345 ], [ 8.48876, 47.40516 ] ] ] } },
{ "type": "Feature", "properties": { "id": 36, "population": 13, "o_score_pt": 1184.602, "o_score_car": 1383.221, "CDI": 0.077 }, "geometry": { "type": "Polygon", "coordinates": [ [ [ 8.586, 47.36466 ], [ 8.58675, 47.36505 ], [ 8.5874, 47.36488 ], [ 8.58745, 47.36442 ], [ 8.5867, 47.36404 ], [ 8.58605, 47.36421 ], [ 8.586, 47.36466 ] ] ] } },
{ "type": "Feature", "properties": { "id": 37, "population": 0, "o_score_pt": 48.904, "o_score_car": 1714.143, "CDI": 0.945 }, "geometry": { "type": "Polygon", "coordinates": [ [ [ 8.5422, 47.34936 ], [ 8.54243, 47.34947 ], [ 8.54243, 47.34947 ], [ 8.5422, 47.34936 ] ] ] } },
{ "type": "Feature", "properties": { "id": 38, "population": 774, "o_score_pt": 1667.991, "o_score_car": 1583.139, "CDI": -0.026 }, "geometry": { "type": "Polygon", "coordinates": [ [ [ 8.54889, 47.42456 ], [ 8.55103, 47.42564 ], [ 8.5534, 47.42503 ], [ 8.55362, 47.42332 ], [ 8.55147, 47.42224 ], [ 8.54911, 47.42285 ], [ 8.54889, 47.42456 ] ] ] } },
{ "type": "Feature", "properties": { "id": 39, "population": 0, "o_score_pt": 558.967, "o_score_car": 1613.894, "CDI": 0.486 }, "geometry": { "type": "Polygon", "coordinates": [ [ [ 8.49512, 47.35497 ], [ 8.49535, 47.35509 ], [ 8.49535, 47.35509 ], [ 8.49512, 47.35497 ] ] ] } },
{ "type": "Feature", "properties": { "id": 40, "population": 327, "o_score_pt": 1416.611, "o_score_car": 1500.6, "CDI": 0.029 }, "geometry": { "type": "Polygon", "coordinates": [ [ [ 8.4754, 47.40361 ], [ 8.47724, 47.40455 ], [ 8.47924, 47.40403 ], [ 8.47942, 47.4026 ], [ 8.47758, 47.40166 ], [ 8.47558, 47.40218 ], [ 8.4754, 47.40361 ] ] ] } },
{ "type": "Feature", "properties": { "id": 41, "population": 753, "o_score_pt": 1721.635, "o_score_car": 1637.343, "CDI": -0.025 }, "geometry": { "type": "Polygon", "coordinates": [ [ [ 8.4797, 47.38581 ], [ 8.48184, 47.38689 ], [ 8.48419, 47.38628 ], [ 8.48441, 47.38458 ], [ 8.48227, 47.3835 ], [ 8.47992, 47.38411 ], [ 8.4797, 47.38581 ] ] ] } },
{ "type": "Feature", "properties": { "id": 42, "population": 73, "o_score_pt": 1138.718, "o_score_car": 1417.111, "CDI": 0.109 }, "geometry": { "type": "Polygon", "coordinates": [ [ [ 8.50272, 47.42987 ], [ 8.50405, 47.43054 ], [ 8.50541, 47.43019 ], [ 8.50554, 47.42922 ], [ 8.5042, 47.42854 ], [ 8.50285, 47.42889 ], [ 8.50272, 47.42987 ] ] ] } },
{ "type": "Feature", "properties": { "id": 43, "population": 478, "o_score_pt": 1856.47, "o_score_car": 1648.583, "CDI": -0.059 }, "geometry": { "type": "Polygon", "coordinates": [ [ [ 8.48056, 47.38056 ], [ 8.48254, 47.38157 ], [ 8.48469, 47.38101 ], [ 8.48489, 47.37945 ], [ 8.48292, 47.37845 ], [ 8.48076, 47.37901 ], [ 8.48056, 47.38056 ] ] ] } },
{ "type": "Feature", "properties": { "id": 44, "population": 52, "o_score_pt": 1423.394, "o_score_car": 1577.415, "CDI": 0.051 }, "geometry": { "type": "Polygon", "coordinates": [ [ [ 8.57106, 47.36859 ], [ 8.57228, 47.36921 ], [ 8.57349, 47.36889 ], [ 8.5736, 47.36802 ], [ 8.57238, 47.36741 ], [ 8.57117, 47.36772 ], [ 8.57106, 47.36859 ] ] ] } },
{ "type": "Feature", "properties": { "id": 45, "population": 400, "o_score_pt": 1385.02, "o_score_car": 1604.3, "CDI": 0.073 }, "geometry": { "type": "Polygon", "coordinates": [ [ [ 8.51606, 47.33955 ], [ 8.51798, 47.34052 ], [ 8.52006, 47.33998 ], [ 8.52025, 47.33848 ], [ 8.51834, 47.33751 ], [ 8.51626, 47.33805 ], [ 8.51606, 47.33955 ] ] ] } },
{ "type": "Feature", "properties": { "id": 46, "population": 766, "o_score_pt": 1763.434, "o_score_car": 1721.415, "CDI": -0.012 }, "geometry": { "type": "Polygon", "coordinates": [ [ [ 8.49543, 47.37168 ], [ 8.49757, 47.37277 ], [ 8.49993, 47.37215 ], [ 8.50015, 47.37045 ], [ 8.49801, 47.36937 ], [ 8.49565, 47.36998 ], [ 8.49543, 47.37168 ] ] ] } },
{ "type": "Feature", "properties": { "id": 47, "population": 137, "o_score_pt": 955.495, "o_score_car": 1296.28, "CDI": 0.151 }, "geometry": { "type": "Polygon", "coordinates": [ [ [ 8.6047, 47.35646 ], [ 8.60625, 47.35725 ], [ 8.60787, 47.35682 ], [ 8.60802, 47.35565 ], [ 8.60647, 47.35487 ], [ 8.60485, 47.35529 ], [ 8.6047, 47.35646 ] ] ] } },
{ "type": "Feature", "properties": { "id": 48, "population": 7, "o_score_pt": 1498.916, "o_score_car": 1636.909, "CDI": 0.044 }, "geometry": { "type": "Polygon", "coordinates": [ [ [ 8.56782, 47.39949 ], [ 8.56839, 47.39977 ], [ 8.56879, 47.39967 ], [ 8.56883, 47.39938 ], [ 8.56827, 47.3991 ], [ 8.56786, 47.39921 ], [ 8.56782, 47.39949 ] ] ] } },
{ "type": "Feature", "properties": { "id": 49, "population": 0, "o_score_pt": 1037.132, "o_score_car": 1512.041, "CDI": 0.186 }, "geometry": { "type": "Polygon", "coordinates": [ [ [ 8.48706, 47.41721 ], [ 8.48728, 47.41732 ], [ 8.48728, 47.41732 ], [ 8.48706, 47.41721 ] ] ] } },
{ "type": "Feature", "properties": { "id": 50, "population": 1027, "o_score_pt": 2196.12, "o_score_car": 1923.02, "CDI": -0.066 }, "geometry": { "type": "Polygon", "coordinates": [ [ [ 8.52284, 47.37456 ], [ 8.52502, 47.37566 ], [ 8.52741, 47.37503 ], [ 8.52764, 47.3733 ], [ 8.52546, 47.3722 ], [ 8.52306, 47.37283 ], [ 8.52284, 47.37456 ] ] ] } },
{ "type": "Feature", "properties": { "id": 51, "population": 0, "o_score_pt": 890.432, "o_score_car": 1487.418, "CDI": 0.251 }, "geometry": { "type": "Polygon", "coordinates": [ [ [ 8.48901, 47.42004 ], [ 8.48924, 47.42015 ], [ 8.48924, 47.42015 ], [ 8.48901, 47.42004 ] ] ] } },
{ "type": "Feature", "properties": { "id": 52, "population": 0, "o_score_pt": 7.006, "o_score_car": 1252.103, "CDI": 0.989 }, "geometry": { "type": "Polygon", "coordinates": [ [ [ 8.48268, 47.36156 ], [ 8.48291, 47.36167 ], [ 8.48291, 47.36167 ], [ 8.48268, 47.36156 ] ] ] } },
{ "type": "Feature", "properties": { "id": 53, "population": 521, "o_score_pt": 1791.367, "o_score_car": 1658.179, "CDI": -0.039 }, "geometry": { "type": "Polygon", "coordinates": [ [ [ 8.50656, 47.4122 ], [ 8.50857, 47.41322 ], [ 8.51077, 47.41265 ], [ 8.51097, 47.41107 ], [ 8.50896, 47.41005 ], [ 8.50677, 47.41062 ], [ 8.50656, 47.4122 ] ] ] } },
{ "type": "Feature", "properties": { "id": 54, "population": 0, "o_score_pt": 4.132, "o_score_car": 1577.503, "CDI": 0.995 }, "geometry": { "type": "Polygon", "coordinates": [ [ [ 8.56431, 47.39372 ], [ 8.56453, 47.39383 ], [ 8.56453, 47.39383 ], [ 8.56431, 47.39372 ] ] ] } },
{ "type": "Feature", "properties": { "id": 55, "population": 642, "o_score_pt": 1642.384, "o_score_car": 1644.196, "CDI": 0.001 }, "geometry": { "type": "Polygon", "coordinates": [ [ [ 8.50599, 47.36224 ], [ 8.50808, 47.3633 ], [ 8.51036, 47.3627 ], [ 8.51057, 47.36105 ], [ 8.50849, 47.36 ], [ 8.50621, 47.3606 ], [ 8.50599, 47.36224 ] ] ] } },
{ "type": "Feature", "properties": { "id": 56, "population": 956, "o_score_pt": 1938.392, "o_score_car": 1852.949, "CDI": -0.023 }, "geometry": { "type": "Polygon", "coordinates": [ [ [ 8.51893, 47.36889 ], [ 8.52111, 47.37 ], [ 8.52351, 47.36937 ], [ 8.52373, 47.36764 ], [ 8.52156, 47.36654 ], [ 8.51916, 47.36716 ], [ 8.51893, 47.36889 ] ] ] } },
{ "type": "Feature", "properties": { "id": 57, "population": 570, "o_score_pt": 1125.877, "o_score_car": 1488.107, "CDI": 0.139 }, "geometry": { "type": "Polygon", "coordinates": [ [ [ 8.52574, 47.33535 ], [ 8.52778, 47.33639 ], [ 8.53001, 47.33581 ], [ 8.53021, 47.3342 ], [ 8.52817, 47.33316 ], [ 8.52594, 47.33375 ], [ 8.52574, 47.33535 ] ] ] } },
{ "type": "Feature", "properties": { "id": 58, "population": 705, "o_score_pt": 1754.218, "o_score_car": 1688.713, "CDI": -0.019 }, "geometry": { "type": "Polygon", "coordinates": [ [ [ 8.49022, 47.37638 ], [ 8.49233, 47.37745 ], [ 8.49466, 47.37685 ], [ 8.49487, 47.37517 ], [ 8.49276, 47.3741 ], [ 8.49044, 47.37471 ], [ 8.49022, 47.37638 ] ] ] } },
{ "type": "Feature", "properties": { "id": 59, "population": 229, "o_score_pt": 1201.257, "o_score_car": 1278.775, "CDI": 0.031 }, "geometry": { "type": "Polygon", "coordinates": [ [ [ 8.54609, 47.43195 ], [ 8.54782, 47.43282 ], [ 8.54966, 47.43234 ], [ 8.54983, 47.43101 ], [ 8.5481, 47.43014 ], [ 8.54626, 47.43062 ], [ 8.54609, 47.43195 ] ] ] } },
{ "type": "Feature", "properties": { "id": 60, "population": 585, "o_score_pt": 1669.384, "o_score_car": 1631.719, "CDI": -0.011 }, "geometry": { "type": "Polygon", "coordinates": [ [ [ 8.48956, 47.39993 ], [ 8.49161, 47.40097 ], [ 8.49385, 47.40039 ], [ 8.49406, 47.39877 ], [ 8.49201, 47.39773 ], [ 8.48977, 47.39832 ], [ 8.48956, 47.39993 ] ] ] } },
{ "type": "Feature", "properties": { "id": 61, "population": 282, "o_score_pt": 1687.631, "o_score_car": 1599.661, "CDI": -0.027 }, "geometry": { "type": "Polygon", "coordinates": [ [ [ 8.50291, 47.40646 ], [ 8.50471, 47.40737 ], [ 8.50664, 47.40687 ], [ 8.50682, 47.40548 ], [ 8.50502, 47.40457 ], [ 8.50309, 47.40507 ], [ 8.50291, 47.40646 ] ] ] } },
{ "type": "Feature", "properties": { "id": 62, "population": 557, "o_score_pt": 1922.185, "o_score_car": 1785.93, "CDI": -0.037 }, "geometry": { "type": "Polygon", "coordinates": [ [ [ 8.56085, 47.40472 ], [ 8.56288, 47.40575 ], [ 8.56511, 47.40517 ], [ 8.56531, 47.40357 ], [ 8.56328, 47.40254 ], [ 8.56106, 47.40312 ], [ 8.56085, 47.40472 ] ] ] } },
{ "type": "Feature", "properties": { "id": 63, "population": 1067, "o_score_pt": 2037.734, "o_score_car": 1925.491, "CDI": -0.028 }, "geometry": { "type": "Polygon", "coordinates": [ [ [ 8.51759, 47.37927 ], [ 8.51977, 47.38037 ], [ 8.52217, 47.37974 ], [ 8.52239, 47.37801 ], [ 8.52022, 47.37691 ], [ 8.51782, 47.37754 ], [ 8.51759, 47.37927 ] ] ] } },
{ "type": "Feature", "properties": { "id": 64, "population": 244, "o_score_pt": 1495.667, "o_score_car": 1741.268, "CDI": 0.076 }, "geometry": { "type": "Polygon", "coordinates": [ [ [ 8.56715, 47.37633 ], [ 8.56889, 47.37721 ], [ 8.57076, 47.37673 ], [ 8.57094, 47.37538 ], [ 8.56919, 47.3745 ], [ 8.56732, 47.37498 ], [ 8.56715, 47.37633 ] ] ] } },
{ "type": "Feature", "properties": { "id": 65, "population": 0, "o_score_pt": 8.81, "o_score_car": 1132.15, "CDI": 0.985 }, "geometry": { "type": "Polygon", "coordinates": [ [ [ 8.49842, 47.34743 ], [ 8.49865, 47.34754 ], [ 8.49865, 47.34754 ], [ 8.49842, 47.34743 ] ] ] } },
{ "type": "Feature", "properties": { "id": 66, "population": 2, "o_score_pt": 940.294, "o_score_car": 1427.118, "CDI": 0.206 }, "geometry": { "type": "Polygon", "coordinates": [ [ [ 8.52396, 47.32905 ], [ 8.52419, 47.32917 ], [ 8.52419, 47.32917 ], [ 8.52396, 47.32905 ] ] ] } },
{ "type": "Feature", "properties": { "id": 67, "population": 204, "o_score_pt": 1537.943, "o_score_car": 1628.858, "CDI": 0.029 }, "geometry": { "type": "Polygon", "coordinates": [ [ [ 8.55149, 47.39044 ], [ 8.55317, 47.3913 ], [ 8.55497, 47.39083 ], [ 8.55513, 47.38954 ], [ 8.55345, 47.38869 ], [ 8.55165, 47.38916 ], [ 8.55149, 47.39044 ] ] ] } },
{ "type": "Feature", "properties": { "id": 68, "population": 1043, "o_score_pt": 1918.556, "o_score_car": 1670.268, "CDI": -0.069 }, "geometry": { "type": "Polygon", "coordinates": [ [ [ 8.48551, 47.39432 ], [ 8.48768, 47.39542 ], [ 8.49008, 47.39479 ], [ 8.49031, 47.39307 ], [ 8.48813, 47.39196 ], [ 8.48573, 47.39259 ], [ 8.48551, 47.39432 ] ] ] } },
{ "type": "Feature", "properties": { "id": 69, "population": 0, "o_score_pt": 86.224, "o_score_car": 1803.508, "CDI": 0.909 }, "geometry": { "type": "Polygon", "coordinates": [ [ [ 8.54086, 47.35974 ], [ 8.54109, 47.35985 ], [ 8.54109, 47.35985 ], [ 8.54086, 47.35974 ] ] ] } },
{ "type": "Feature", "properties": { "id": 70, "population": 264, "o_score_pt": 1525.421, "o_score_car": 1544.289, "CDI": 0.006 }, "geometry": { "type": "Polygon", "coordinates": [ [ [ 8.50159, 47.41682 ], [ 8.50337, 47.41772 ], [ 8.50527, 47.41723 ], [ 8.50545, 47.41586 ], [ 8.50367, 47.41496 ], [ 8.50177, 47.41546 ], [ 8.50159, 47.41682 ] ] ] } },
{ "type": "Feature", "properties": { "id": 71, "population": 95, "o_score_pt": 1269.819, "o_score_car": 1302.738, "CDI": 0.013 }, "geometry": { "type": "Polygon", "coordinates": [ [ [ 8.51702, 47.42615 ], [ 8.51844, 47.42687 ], [ 8.51991, 47.42649 ], [ 8.52005, 47.42543 ], [ 8.51862, 47.42471 ], [ 8.51716, 47.42509 ], [ 8.51702, 47.42615 ] ] ] } },
{ "type": "Feature", "properties": { "id": 72, "population": 15, "o_score_pt": 196.107, "o_score_car": 1556.823, "CDI": 0.776 }, "geometry": { "type": "Polygon", "coordinates": [ [ [ 8.57803, 47.39015 ], [ 8.57884, 47.39056 ], [ 8.57954, 47.39037 ], [ 8.5796, 47.38987 ], [ 8.5788, 47.38947 ], [ 8.5781, 47.38965 ], [ 8.57803, 47.39015 ] ] ] } },
{ "type": "Feature", "properties": { "id": 73, "population": 328, "o_score_pt": 1539.951, "o_score_car": 1546.618, "CDI": 0.002 }, "geometry": { "type": "Polygon", "coordinates": [ [ [ 8.522, 47.34802 ], [ 8.52385, 47.34896 ], [ 8.52584, 47.34844 ], [ 8.52603, 47.347 ], [ 8.52418, 47.34606 ], [ 8.52219, 47.34658 ], [ 8.522, 47.34802 ] ] ] } },
{ "type": "Feature", "properties": { "id": 74, "population": 1084, "o_score_pt": 2119.382, "o_score_car": 1887.851, "CDI": -0.058 }, "geometry": { "type": "Polygon", "coordinates": [ [ [ 8.52278, 47.39295 ], [ 8.52496, 47.39405 ], [ 8.52736, 47.39343 ], [ 8.52758, 47.3917 ], [ 8.5254, 47.39059 ], [ 8.523, 47.39122 ], [ 8.52278, 47.39295 ] ] ] } },
{ "type": "Feature", "properties": { "id": 75, "population": 0, "o_score_pt": 8.733, "o_score_car": 1505.968, "CDI": 0.988 }, "geometry": { "type": "Polygon", "coordinates": [ [ [ 8.58066, 47.39279 ], [ 8.58089, 47.3929 ], [ 8.58089, 47.3929 ], [ 8.58066, 47.39279 ] ] ] } },
{ "type": "Feature", "properties": { "id": 76, "population": 41, "o_score_pt": 1627.209, "o_score_car": 1711.288, "CDI": 0.025 }, "geometry": { "type": "Polygon", "coordinates": [ [ [ 8.53589, 47.35439 ], [ 8.53703, 47.35496 ], [ 8.53814, 47.35467 ], [ 8.53824, 47.35387 ], [ 8.53711, 47.3533 ], [ 8.53599, 47.35359 ], [ 8.53589, 47.35439 ] ] ] } },
{ "type": "Feature", "properties": { "id": 77, "population": 438, "o_score_pt": 1726.548, "o_score_car": 1631.579, "CDI": -0.028 }, "geometry": { "type": "Polygon", "coordinates": [ [ [ 8.49492, 47.39519 ], [ 8.49687, 47.39618 ], [ 8.49899, 47.39563 ], [ 8.49919, 47.3941 ], [ 8.49724, 47.39311 ], [ 8.49512, 47.39367 ], [ 8.49492, 47.39519 ] ] ] } },
{ "type": "Feature", "properties": { "id": 78, "population": 0, "o_score_pt": 1325.225, "o_score_car": 1514.893, "CDI": 0.067 }, "geometry": { "type": "Polygon", "coordinates": [ [ [ 8.49951, 47.41062 ], [ 8.49973, 47.41074 ], [ 8.49973, 47.41074 ], [ 8.49951, 47.41062 ] ] ] } },
{ "type": "Feature", "properties": { "id": 79, "population": 0, "o_score_pt": 5.308, "o_score_car": 1396.159, "CDI": 0.992 }, "geometry": { "type": "Polygon", "coordinates": [ [ [ 8.47286, 47.36579 ], [ 8.47309, 47.36591 ], [ 8.47309, 47.36591 ], [ 8.47286, 47.36579 ] ] ] } },
{ "type": "Feature", "properties": { "id": 80, "population": 832, "o_score_pt": 2057.71, "o_score_car": 1841.488, "CDI": -0.055 }, "geometry": { "type": "Polygon", "coordinates": [ [ [ 8.55225, 47.38024 ], [ 8.55442, 47.38134 ], [ 8.55682, 47.38072 ], [ 8.55704, 47.37899 ], [ 8.55487, 47.37789 ], [ 8.55247, 47.37852 ], [ 8.55225, 47.38024 ] ] ] } },
{ "type": "Feature", "properties": { "id": 81, "population": 29, "o_score_pt": 1259.968, "o_score_car": 1395.628, "CDI": 0.051 }, "geometry": { "type": "Polygon", "coordinates": [ [ [ 8.60466, 47.36146 ], [ 8.60568, 47.36198 ], [ 8.60665, 47.36173 ], [ 8.60674, 47.36103 ], [ 8.60572, 47.36052 ], [ 8.60475, 47.36077 ], [ 8.60466, 47.36146 ] ] ] } },
{ "type": "Feature", "properties": { "id": 82, "population": 518, "o_score_pt": 1516.556, "o_score_car": 1686.09, "CDI": 0.053 }, "geometry": { "type": "Polygon", "coordinates": [ [ [ 8.5616, 47.38114 ], [ 8.5636, 47.38215 ], [ 8.5658, 47.38158 ], [ 8.566, 47.38 ], [ 8.56399, 47.37898 ], [ 8.5618, 47.37956 ], [ 8.5616, 47.38114 ] ] ] } },
{ "type": "Feature", "properties": { "id": 83, "population": 1059, "o_score_pt": 2150.691, "o_score_car": 1860.227, "CDI": -0.072 }, "geometry": { "type": "Polygon", "coordinates": [ [ [ 8.51888, 47.38729 ], [ 8.52105, 47.38839 ], [ 8.52345, 47.38776 ], [ 8.52367, 47.38603 ], [ 8.5215, 47.38493 ], [ 8.5191, 47.38556 ], [ 8.51888, 47.38729 ] ] ] } },
{ "type": "Feature", "properties": { "id": 84, "population": 861, "o_score_pt": 1458.269, "o_score_car": 1478.159, "CDI": 0.007 }, "geometry": { "type": "Polygon", "coordinates": [ [ [ 8.58815, 47.40762 ], [ 8.59033, 47.40873 ], [ 8.59273, 47.4081 ], [ 8.59295, 47.40637 ], [ 8.59077, 47.40527 ], [ 8.58837, 47.4059 ], [ 8.58815, 47.40762 ] ] ] } },
{ "type": "Feature", "properties": { "id": 85, "population": 659, "o_score_pt": 1987.136, "o_score_car": 1849.67, "CDI": -0.036 }, "geometry": { "type": "Polygon", "coordinates": [ [ [ 8.53343, 47.3651 ], [ 8.53552, 47.36616 ], [ 8.53781, 47.36556 ], [ 8.53803, 47.36391 ], [ 8.53594, 47.36285 ], [ 8.53364, 47.36345 ], [ 8.53343, 47.3651 ] ] ] } },
{ "type": "Feature", "properties": { "id": 86, "population": 568, "o_score_pt": 1752.022, "o_score_car": 1711.159, "CDI": -0.012 }, "geometry": { "type": "Polygon", "coordinates": [ [ [ 8.53595, 47.4179 ], [ 8.53799, 47.41894 ], [ 8.54022, 47.41836 ], [ 8.54043, 47.41675 ], [ 8.53839, 47.41572 ], [ 8.53615, 47.4163 ], [ 8.53595, 47.4179 ] ] ] } },
{ "type": "Feature", "properties": { "id": 87, "population": 1023, "o_score_pt": 2028.63, "o_score_car": 1885.461, "CDI": -0.037 }, "geometry": { "type": "Polygon", "coordinates": [ [ [ 8.54834, 47.37458 ], [ 8.55051, 47.37568 ], [ 8.55291, 47.37506 ], [ 8.55314, 47.37333 ], [ 8.55096, 47.37222 ], [ 8.54856, 47.37285 ], [ 8.54834, 47.37458 ] ] ] } },
{ "type": "Feature", "properties": { "id": 88, "population": 73, "o_score_pt": 1070.446, "o_score_car": 1459.542, "CDI": 0.154 }, "geometry": { "type": "Polygon", "coordinates": [ [ [ 8.51188, 47.43082 ], [ 8.51321, 47.4315 ], [ 8.51457, 47.43114 ], [ 8.51469, 47.43017 ], [ 8.51336, 47.4295 ], [ 8.512, 47.42985 ], [ 8.51188, 47.43082 ] ] ] } },
{ "type": "Feature", "properties": { "id": 89, "population": 337, "o_score_pt": 1234.337, "o_score_car": 1348.134, "CDI": 0.044 }, "geometry": { "type": "Polygon", "coordinates": [ [ [ 8.59976, 47.3561 ], [ 8.60162, 47.35704 ], [ 8.60363, 47.35652 ], [ 8.60381, 47.35507 ], [ 8.60195, 47.35413 ], [ 8.59994, 47.35465 ], [ 8.59976, 47.3561 ] ] ] } },
{ "type": "Feature", "properties": { "id": 90, "population": 0, "o_score_pt": 1423.034, "o_score_car": 1591.541, "CDI": 0.056 }, "geometry": { "type": "Polygon", "coordinates": [ [ [ 8.52111, 47.40499 ], [ 8.52133, 47.40511 ], [ 8.52133, 47.40511 ], [ 8.52111, 47.40499 ] ] ] } },
{ "type": "Feature", "properties": { "id": 91, "population": 687, "o_score_pt": 1698.122, "o_score_car": 1638.133, "CDI": -0.018 }, "geometry": { "type": "Polygon", "coordinates": [ [ [ 8.5745, 47.40618 ], [ 8.57661, 47.40724 ], [ 8.57892, 47.40664 ], [ 8.57913, 47.40497 ], [ 8.57703, 47.40391 ], [ 8.57471, 47.40451 ], [ 8.5745, 47.40618 ] ] ] } },
{ "type": "Feature", "properties": { "id": 92, "population": 807, "o_score_pt": 1854.236, "o_score_car": 1707.741, "CDI": -0.041 }, "geometry": { "type": "Polygon", "coordinates": [ [ [ 8.5319, 47.41229 ], [ 8.53406, 47.41338 ], [ 8.53644, 47.41276 ], [ 8.53666, 47.41104 ], [ 8.5345, 47.40995 ], [ 8.53212, 47.41057 ], [ 8.5319, 47.41229 ] ] ] } },
{ "type": "Feature", "properties": { "id": 93, "population": 0, "o_score_pt": 1000.022, "o_score_car": 1276.152, "CDI": 0.121 }, "geometry": { "type": "Polygon", "coordinates": [ [ [ 8.50567, 47.32715 ], [ 8.5059, 47.32726 ], [ 8.5059, 47.32726 ], [ 8.50567, 47.32715 ] ] ] } },
{ "type": "Feature", "properties": { "id": 94, "population": 1038, "o_score_pt": 2102.714, "o_score_car": 1813.337, "CDI": -0.074 }, "geometry": { "type": "Polygon", "coordinates": [ [ [ 8.547, 47.38496 ], [ 8.54918, 47.38606 ], [ 8.55158, 47.38543 ], [ 8.5518, 47.3837 ], [ 8.54962, 47.3826 ], [ 8.54722, 47.38323 ], [ 8.547, 47.38496 ] ] ] } },
{ "type": "Feature", "properties": { "id": 95, "population": 575, "o_score_pt": 1849.975, "o_score_car": 1790.212, "CDI": -0.016 }, "geometry": { "type": "Polygon", "coordinates": [ [ [ 8.51507, 47.39997 ], [ 8.51711, 47.401 ], [ 8.51935, 47.40042 ], [ 8.51956, 47.39881 ], [ 8.51751, 47.39777 ], [ 8.51528, 47.39836 ], [ 8.51507, 47.39997 ] ] ] } },
{ "type": "Feature", "properties": { "id": 96, "population": 697, "o_score_pt": 1826.478, "o_score_car": 1695.901, "CDI": -0.037 }, "geometry": { "type": "Polygon", "coordinates": [ [ [ 8.55304, 47.35664 ], [ 8.55515, 47.3577 ], [ 8.55747, 47.3571 ], [ 8.55768, 47.35543 ], [ 8.55557, 47.35436 ], [ 8.55326, 47.35496 ], [ 8.55304, 47.35664 ] ] ] } },
{ "type": "Feature", "properties": { "id": 97, "population": 892, "o_score_pt": 1468.412, "o_score_car": 1451.093, "CDI": -0.006 }, "geometry": { "type": "Polygon", "coordinates": [ [ [ 8.47366, 47.4141 ], [ 8.47584, 47.4152 ], [ 8.47824, 47.41458 ], [ 8.47846, 47.41285 ], [ 8.47629, 47.41175 ], [ 8.47389, 47.41237 ], [ 8.47366, 47.4141 ] ] ] } },
{ "type": "Feature", "properties": { "id": 98, "population": 41, "o_score_pt": 1402.223, "o_score_car": 1573.242, "CDI": 0.057 }, "geometry": { "type": "Polygon", "coordinates": [ [ [ 8.53176, 47.42229 ], [ 8.5329, 47.42287 ], [ 8.53401, 47.42258 ], [ 8.53412, 47.42178 ], [ 8.53298, 47.4212 ], [ 8.53186, 47.42149 ], [ 8.53176, 47.42229 ] ] ] } },
{ "type": "Feature", "properties": { "id": 99, "population": 287, "o_score_pt": 1299.29, "o_score_car": 1546.44, "CDI": 0.087 }, "geometry": { "type": "Polygon", "coordinates": [ [ [ 8.46502, 47.39462 ], [ 8.46683, 47.39554 ], [ 8.46876, 47.39503 ], [ 8.46895, 47.39364 ], [ 8.46714, 47.39272 ], [ 8.4652, 47.39323 ], [ 8.46502, 47.39462 ] ] ] } },
{ "type": "Feature", "properties": { "id": 100, "population": 14, "o_score_pt": 1541.652, "o_score_car": 1621.218, "CDI": 0.025 }, "geometry": { "type": "Polygon", "coordinates": [ [ [ 8.53765, 47.34388 ], [ 8.53843, 47.34428 ], [ 8.5391, 47.3441 ], [ 8.53916, 47.34362 ], [ 8.53838, 47.34323 ], [ 8.53771, 47.3434 ], [ 8.53765, 47.34388 ] ] ] } },
{ "type": "Feature", "properties": { "id": 101, "population": 519, "o_score_pt": 1784.724, "o_score_car": 1715.862, "CDI": -0.02 }, "geometry": { "type": "Polygon", "coordinates": [ [ [ 8.51133, 47.3575 ], [ 8.51333, 47.35852 ], [ 8.51552, 47.35795 ], [ 8.51573, 47.35637 ], [ 8.51372, 47.35535 ], [ 8.51153, 47.35592 ], [ 8.51133, 47.3575 ] ] ] } },
{ "type": "Feature", "properties": { "id": 102, "population": 46, "o_score_pt": 1085.378, "o_score_car": 1444.664, "CDI": 0.142 }, "geometry": { "type": "Polygon", "coordinates": [ [ [ 8.4846, 47.4279 ], [ 8.48577, 47.42849 ], [ 8.48694, 47.42819 ], [ 8.48704, 47.42736 ], [ 8.48587, 47.42676 ], [ 8.4847, 47.42707 ], [ 8.4846, 47.4279 ] ] ] } },
{ "type": "Feature", "properties": { "id": 103, "population": 0, "o_score_pt": 1118.722, "o_score_car": 1659.48, "CDI": 0.195 }, "geometry": { "type": "Polygon", "coordinates": [ [ [ 8.55711, 47.3956 ], [ 8.55733, 47.39571 ], [ 8.55733, 47.39571 ], [ 8.55711, 47.3956 ] ] ] } },
{ "type": "Feature", "properties": { "id": 104, "population": 710, "o_score_pt": 1810.136, "o_score_car": 1762.696, "CDI": -0.013 }, "geometry": { "type": "Polygon", "coordinates": [ [ [ 8.5628, 47.3708 ], [ 8.56492, 47.37187 ], [ 8.56725, 47.37126 ], [ 8.56746, 47.36959 ], [ 8.56534, 47.36851 ], [ 8.56302, 47.36912 ], [ 8.5628, 47.3708 ] ] ] } },
{ "type": "Feature", "properties": { "id": 105, "population": 34, "o_score_pt": 1349.514, "o_score_car": 1607.318, "CDI": 0.087 }, "geometry": { "type": "Polygon", "coordinates": [ [ [ 8.4784, 47.36939 ], [ 8.47947, 47.36993 ], [ 8.4805, 47.36966 ], [ 8.4806, 47.36892 ], [ 8.47953, 47.36838 ], [ 8.47849, 47.36865 ], [ 8.4784, 47.36939 ] ] ] } },
{ "type": "Feature", "properties": { "id": 106, "population": 25, "o_score_pt": 1448.932, "o_score_car": 1732.637, "CDI": 0.089 }, "geometry": { "type": "Polygon", "coordinates": [ [ [ 8.56014, 47.40151 ], [ 8.56112, 47.40201 ], [ 8.56203, 47.40177 ], [ 8.56211, 47.40112 ], [ 8.56114, 47.40063 ], [ 8.56023, 47.40087 ], [ 8.56014, 47.40151 ] ] ] } },
{ "type": "Feature", "properties": { "id": 107, "population": 1029, "o_score_pt": 2080.614, "o_score_car": 1925.307, "CDI": -0.039 }, "geometry": { "type": "Polygon", "coordinates": [ [ [ 8.51564, 47.37644 ], [ 8.51782, 47.37754 ], [ 8.52022, 47.37691 ], [ 8.52044, 47.37518 ], [ 8.51826, 47.37408 ], [ 8.51587, 47.37471 ], [ 8.51564, 47.37644 ] ] ] } },
{ "type": "Feature", "properties": { "id": 108, "population": 796, "o_score_pt": 1927.572, "o_score_car": 1802.629, "CDI": -0.033 }, "geometry": { "type": "Polygon", "coordinates": [ [ [ 8.54775, 47.36137 ], [ 8.5499, 47.36246 ], [ 8.55228, 47.36184 ], [ 8.5525, 47.36013 ], [ 8.55034, 47.35903 ], [ 8.54797, 47.35965 ], [ 8.54775, 47.36137 ] ] ] } },
{ "type": "Feature", "properties": { "id": 109, "population": 0, "o_score_pt": 3.09, "o_score_car": 1244.97, "CDI": 0.995 }, "geometry": { "type": "Polygon", "coordinates": [ [ [ 8.47549, 47.36344 ], [ 8.47572, 47.36355 ], [ 8.47572, 47.36355 ], [ 8.47549, 47.36344 ] ] ] } },
{ "type": "Feature", "properties": { "id": 110, "population": 823, "o_score_pt": 1561.785, "o_score_car": 1602.624, "CDI": 0.013 }, "geometry": { "type": "Polygon", "coordinates": [ [ [ 8.50449, 47.39104 ], [ 8.50666, 47.39214 ], [ 8.50905, 47.39151 ], [ 8.50927, 47.38979 ], [ 8.5071, 47.38869 ], [ 8.50471, 47.38932 ], [ 8.50449, 47.39104 ] ] ] } },
{ "type": "Feature", "properties": { "id": 111, "population": 737, "o_score_pt": 1864.499, "o_score_car": 1858.419, "CDI": -0.002 }, "geometry": { "type": "Polygon", "coordinates": [ [ [ 8.54376, 47.39248 ], [ 8.54589, 47.39356 ], [ 8.54824, 47.39295 ], [ 8.54845, 47.39126 ], [ 8.54632, 47.39018 ], [ 8.54398, 47.3908 ], [ 8.54376, 47.39248 ] ] ] } },
{ "type": "Feature", "properties": { "id": 112, "population": 664, "o_score_pt": 1748.393, "o_score_car": 1708.481, "CDI": -0.012 }, "geometry": { "type": "Polygon", "coordinates": [ [ [ 8.49879, 47.36412 ], [ 8.50088, 47.36518 ], [ 8.50317, 47.36458 ], [ 8.50339, 47.36293 ], [ 8.5013, 47.36187 ], [ 8.499, 47.36247 ], [ 8.49879, 47.36412 ] ] ] } },
{ "type": "Feature", "properties": { "id": 113, "population": 61, "o_score_pt": 1373.915, "o_score_car": 1603.234, "CDI": 0.077 }, "geometry": { "type": "Polygon", "coordinates": [ [ [ 8.52507, 47.41903 ], [ 8.52634, 47.41968 ], [ 8.52762, 47.41934 ], [ 8.52774, 47.41842 ], [ 8.52647, 47.41778 ], [ 8.52519, 47.41811 ], [ 8.52507, 47.41903 ] ] ] } },
{ "type": "Feature", "properties": { "id": 114, "population": 774, "o_score_pt": 1744.21, "o_score_car": 1738.77, "CDI": -0.002 }, "geometry": { "type": "Polygon", "coordinates": [ [ [ 8.50067, 47.36697 ], [ 8.50282, 47.36806 ], [ 8.50518, 47.36745 ], [ 8.5054, 47.36574 ], [ 8.50326, 47.36465 ], [ 8.50089, 47.36527 ], [ 8.50067, 47.36697 ] ] ] } },
{ "type": "Feature", "properties": { "id": 115, "population": 313, "o_score_pt": 1387.374, "o_score_car": 1579.363, "CDI": 0.065 }, "geometry": { "type": "Polygon", "coordinates": [ [ [ 8.51879, 47.33716 ], [ 8.52062, 47.33809 ], [ 8.52259, 47.33757 ], [ 8.52278, 47.33615 ], [ 8.52094, 47.33522 ], [ 8.51897, 47.33574 ], [ 8.51879, 47.33716 ] ] ] } },
{ "type": "Feature", "properties": { "id": 116, "population": 168, "o_score_pt": 1346.748, "o_score_car": 1555.705, "CDI": 0.072 }, "geometry": { "type": "Polygon", "coordinates": [ [ [ 8.47378, 47.38231 ], [ 8.4754, 47.38313 ], [ 8.47711, 47.38269 ], [ 8.47727, 47.38146 ], [ 8.47565, 47.38064 ], [ 8.47394, 47.38108 ], [ 8.47378, 47.38231 ] ] ] } },
{ "type": "Feature", "properties": { "id": 117, "population": 496, "o_score_pt": 1543.344, "o_score_car": 1571.244, "CDI": 0.009 }, "geometry": { "type": "Polygon", "coordinates": [ [ [ 8.56038, 47.35471 ], [ 8.56237, 47.35572 ], [ 8.56454, 47.35515 ], [ 8.56474, 47.35359 ], [ 8.56275, 47.35258 ], [ 8.56058, 47.35315 ], [ 8.56038, 47.35471 ] ] ] } },
{ "type": "Feature", "properties": { "id": 118, "population": 1050, "o_score_pt": 1872.129, "o_score_car": 1807.798, "CDI": -0.017 }, "geometry": { "type": "Polygon", "coordinates": [ [ [ 8.50058, 47.38538 ], [ 8.50275, 47.38648 ], [ 8.50515, 47.38585 ], [ 8.50537, 47.38413 ], [ 8.5032, 47.38302 ], [ 8.5008, 47.38365 ], [ 8.50058, 47.38538 ] ] ] } },
{ "type": "Feature", "properties": { "id": 119, "population": 0, "o_score_pt": 1414.04, "o_score_car": 1591.393, "CDI": 0.059 }, "geometry": { "type": "Polygon", "coordinates": [ [ [ 8.51848, 47.40735 ], [ 8.51871, 47.40746 ], [ 8.51871, 47.40746 ], [ 8.51848, 47.40735 ] ] ] } },
{ "type": "Feature", "properties": { "id": 120, "population": 0, "o_score_pt": 7.231, "o_score_car": 1171.942, "CDI": 0.988 }, "geometry": { "type": "Polygon", "coordinates": [ [ [ 8.48598, 47.35402 ], [ 8.48621, 47.35413 ], [ 8.48621, 47.35413 ], [ 8.48598, 47.35402 ] ] ] } },
{ "type": "Feature", "properties": { "id": 121, "population": 1035, "o_score_pt": 2213.691, "o_score_car": 1879.904, "CDI": -0.082 }, "geometry": { "type": "Polygon", "coordinates": [ [ [ 8.5104, 47.38115 ], [ 8.51257, 47.38225 ], [ 8.51497, 47.38162 ], [ 8.51519, 47.37989 ], [ 8.51302, 47.37879 ], [ 8.51062, 47.37942 ], [ 8.5104, 47.38115 ] ] ] } },
{ "type": "Feature", "properties": { "id": 122, "population": 0, "o_score_pt": 1000.04, "o_score_car": 1394.924, "CDI": 0.165 }, "geometry": { "type": "Polygon", "coordinates": [ [ [ 8.50695, 47.33517 ], [ 8.50718, 47.33529 ], [ 8.50718, 47.33529 ], [ 8.50695, 47.33517 ] ] ] } },
{ "type": "Feature", "properties": { "id": 123, "population": 241, "o_score_pt": 1245.355, "o_score_car": 1494.847, "CDI": 0.091 }, "geometry": { "type": "Polygon", "coordinates": [ [ [ 8.49113, 47.42623 ], [ 8.49287, 47.42711 ], [ 8.49474, 47.42662 ], [ 8.49491, 47.42528 ], [ 8.49317, 47.4244 ], [ 8.4913, 47.42489 ], [ 8.49113, 47.42623 ] ] ] } },
{ "type": "Feature", "properties": { "id": 124, "population": 0, "o_score_pt": 1105.809, "o_score_car": 1571.881, "CDI": 0.174 }, "geometry": { "type": "Polygon", "coordinates": [ [ [ 8.47152, 47.37616 ], [ 8.47175, 47.37628 ], [ 8.47175, 47.37628 ], [ 8.47152, 47.37616 ] ] ] } },
{ "type": "Feature", "properties": { "id": 125, "population": 485, "o_score_pt": 1722.934, "o_score_car": 1344.524, "CDI": -0.123 }, "geometry": { "type": "Polygon", "coordinates": [ [ [ 8.49946, 47.39568 ], [ 8.50144, 47.39669 ], [ 8.5036, 47.39612 ], [ 8.50381, 47.39457 ], [ 8.50182, 47.39356 ], [ 8.49966, 47.39412 ], [ 8.49946, 47.39568 ] ] ] } },
{ "type": "Feature", "properties": { "id": 126, "population": 810, "o_score_pt": 2053.117, "o_score_car": 1868.489, "CDI": -0.047 }, "geometry": { "type": "Polygon", "coordinates": [ [ [ 8.53139, 47.3623 ], [ 8.53355, 47.36339 ], [ 8.53594, 47.36277 ], [ 8.53616, 47.36105 ], [ 8.534, 47.35996 ], [ 8.53161, 47.36058 ], [ 8.53139, 47.3623 ] ] ] } },
{ "type": "Feature", "properties": { "id": 127, "population": 517, "o_score_pt": 1804.12, "o_score_car": 1566.524, "CDI": -0.07 }, "geometry": { "type": "Polygon", "coordinates": [ [ [ 8.55841, 47.35188 ], [ 8.56041, 47.3529 ], [ 8.5626, 47.35233 ], [ 8.56281, 47.35075 ], [ 8.5608, 47.34973 ], [ 8.55861, 47.35031 ], [ 8.55841, 47.35188 ] ] ] } },
{ "type": "Feature", "properties": { "id": 128, "population": 57, "o_score_pt": 1533.007, "o_score_car": 1716.27, "CDI": 0.056 }, "geometry": { "type": "Polygon", "coordinates": [ [ [ 8.51338, 47.40204 ], [ 8.51463, 47.40267 ], [ 8.51588, 47.40234 ], [ 8.516, 47.40145 ], [ 8.51475, 47.40081 ], [ 8.51349, 47.40114 ], [ 8.51338, 47.40204 ] ] ] } },
{ "type": "Feature", "properties": { "id": 129, "population": 919, "o_score_pt": 1954.914, "o_score_car": 1800.047, "CDI": -0.041 }, "geometry": { "type": "Polygon", "coordinates": [ [ [ 8.49667, 47.37971 ], [ 8.49885, 47.38082 ], [ 8.50125, 47.38019 ], [ 8.50147, 47.37846 ], [ 8.4993, 47.37736 ], [ 8.4969, 47.37798 ], [ 8.49667, 47.37971 ] ] ] } },
{ "type": "Feature", "properties": { "id": 130, "population": 84, "o_score_pt": 1348.646, "o_score_car": 1506.824, "CDI": 0.055 }, "geometry": { "type": "Polygon", "coordinates": [ [ [ 8.5308, 47.42756 ], [ 8.53218, 47.42826 ], [ 8.5336, 47.42789 ], [ 8.53373, 47.42688 ], [ 8.53235, 47.42618 ], [ 8.53093, 47.42655 ], [ 8.5308, 47.42756 ] ] ] } },
{ "type": "Feature", "properties": { "id": 131, "population": 0, "o_score_pt": 1168.252, "o_score_car": 1607.224, "CDI": 0.158 }, "geometry": { "type": "Polygon", "coordinates": [ [ [ 8.57875, 47.37156 ], [ 8.57898, 47.37167 ], [ 8.57898, 47.37167 ], [ 8.57875, 47.37156 ] ] ] } },
{ "type": "Feature", "properties": { "id": 132, "population": 32, "o_score_pt": 1298.688, "o_score_car": 1573.56, "CDI": 0.096 }, "geometry": { "type": "Polygon", "coordinates": [ [ [ 8.51574, 47.34962 ], [ 8.51679, 47.35015 ], [ 8.5178, 47.34989 ], [ 8.5179, 47.34916 ], [ 8.51684, 47.34863 ], [ 8.51583, 47.34889 ], [ 8.51574, 47.34962 ] ] ] } },
{ "type": "Feature", "properties": { "id": 133, "population": 0, "o_score_pt": 1426.419, "o_score_car": 1678.684, "CDI": 0.081 }, "geometry": { "type": "Polygon", "coordinates": [ [ [ 8.51866, 47.35217 ], [ 8.51889, 47.35228 ], [ 8.51889, 47.35228 ], [ 8.51866, 47.35217 ] ] ] } },
{ "type": "Feature", "properties": { "id": 134, "population": 89, "o_score_pt": 1537.473, "o_score_car": 1588.47, "CDI": 0.016 }, "geometry": { "type": "Polygon", "coordinates": [ [ [ 8.51314, 47.42048 ], [ 8.51454, 47.42119 ], [ 8.51598, 47.42081 ], [ 8.51612, 47.41978 ], [ 8.51471, 47.41907 ], [ 8.51327, 47.41944 ], [ 8.51314, 47.42048 ] ] ] } },
{ "type": "Feature", "properties": { "id": 135, "population": 0, "o_score_pt": 1344.77, "o_score_car": 1524.477, "CDI": 0.063 }, "geometry": { "type": "Polygon", "coordinates": [ [ [ 8.46822, 47.3837 ], [ 8.46845, 47.38382 ], [ 8.46845, 47.38382 ], [ 8.46822, 47.3837 ] ] ] } },
{ "type": "Feature", "properties": { "id": 136, "population": 947, "o_score_pt": 2109.739, "o_score_car": 1842.913, "CDI": -0.068 }, "geometry": { "type": "Polygon", "coordinates": [ [ [ 8.54505, 47.38212 ], [ 8.54722, 47.38323 ], [ 8.54962, 47.3826 ], [ 8.54985, 47.38087 ], [ 8.54767, 47.37977 ], [ 8.54527, 47.3804 ], [ 8.54505, 47.38212 ] ] ] } },
{ "type": "Feature", "properties": { "id": 137, "population": 0, "o_score_pt": 1208.618, "o_score_car": 1586.447, "CDI": 0.135 }, "geometry": { "type": "Polygon", "coordinates": [ [ [ 8.52825, 47.4215 ], [ 8.52848, 47.42162 ], [ 8.52848, 47.42162 ], [ 8.52825, 47.4215 ] ] ] } },
{ "type": "Feature", "properties": { "id": 138, "population": 193, "o_score_pt": 1232.993, "o_score_car": 1437.297, "CDI": 0.077 }, "geometry": { "type": "Polygon", "coordinates": [ [ [ 8.5967, 47.36358 ], [ 8.59837, 47.36442 ], [ 8.60014, 47.36396 ], [ 8.6003, 47.36269 ], [ 8.59863, 47.36184 ], [ 8.59686, 47.36231 ], [ 8.5967, 47.36358 ] ] ] } },
{ "type": "Feature", "properties": { "id": 139, "population": 0, "o_score_pt": 1392.131, "o_score_car": 1589.468, "CDI": 0.066 }, "geometry": { "type": "Polygon", "coordinates": [ [ [ 8.58853, 47.38572 ], [ 8.58876, 47.38583 ], [ 8.58876, 47.38583 ], [ 8.58853, 47.38572 ] ] ] } },
{ "type": "Feature", "properties": { "id": 140, "population": 486, "o_score_pt": 1120.51, "o_score_car": 1470.733, "CDI": 0.135 }, "geometry": { "type": "Polygon", "coordinates": [ [ [ 8.53299, 47.33345 ], [ 8.53498, 47.33446 ], [ 8.53714, 47.33389 ], [ 8.53734, 47.33234 ], [ 8.53536, 47.33133 ], [ 8.5332, 47.33189 ], [ 8.53299, 47.33345 ] ] ] } },
{ "type": "Feature", "properties": { "id": 141, "population": 0, "o_score_pt": 3.214, "o_score_car": 1633.136, "CDI": 0.996 }, "geometry": { "type": "Polygon", "coordinates": [ [ [ 8.50171, 47.33988 ], [ 8.50194, 47.34 ], [ 8.50194, 47.34 ], [ 8.50171, 47.33988 ] ] ] } },
{ "type": "Feature", "properties": { "id": 142, "population": 910, "o_score_pt": 2055.671, "o_score_car": 1828.997, "CDI": -0.058 }, "geometry": { "type": "Polygon", "coordinates": [ [ [ 8.53389, 47.39673 ], [ 8.53606, 47.39784 ], [ 8.53846, 47.39721 ], [ 8.53869, 47.39548 ], [ 8.53651, 47.39438 ], [ 8.53411, 47.395 ], [ 8.53389, 47.39673 ] ] ] } },
{ "type": "Feature", "properties": { "id": 143, "population": 263, "o_score_pt": 1302.609, "o_score_car": 1441.772, "CDI": 0.051 }, "geometry": { "type": "Polygon", "coordinates": [ [ [ 8.5796, 47.35134 ], [ 8.58138, 47.35224 ], [ 8.58328, 47.35174 ], [ 8.58345, 47.35037 ], [ 8.58168, 47.34947 ], [ 8.57978, 47.34997 ], [ 8.5796, 47.35134 ] ] ] } },
{ "type": "Feature", "properties": { "id": 144, "population": 1031, "o_score_pt": 2164.863, "o_score_car": 1873.678, "CDI": -0.072 }, "geometry": { "type": "Polygon", "coordinates": [ [ [ 8.53004, 47.37268 ], [ 8.53221, 47.37378 ], [ 8.53461, 47.37315 ], [ 8.53483, 47.37142 ], [ 8.53266, 47.37032 ], [ 8.53026, 47.37095 ], [ 8.53004, 47.37268 ] ] ] } },
{ "type": "Feature", "properties": { "id": 145, "population": 263, "o_score_pt": 1311.338, "o_score_car": 1469.43, "CDI": 0.057 }, "geometry": { "type": "Polygon", "coordinates": [ [ [ 8.58284, 47.3622 ], [ 8.58462, 47.36309 ], [ 8.58652, 47.3626 ], [ 8.5867, 47.36123 ], [ 8.58492, 47.36033 ], [ 8.58302, 47.36083 ], [ 8.58284, 47.3622 ] ] ] } },
{ "type": "Feature", "properties": { "id": 146, "population": 845, "o_score_pt": 2134.081, "o_score_car": 1886.299, "CDI": -0.062 }, "geometry": { "type": "Polygon", "coordinates": [ [ [ 8.52998, 47.39107 ], [ 8.53216, 47.39217 ], [ 8.53456, 47.39155 ], [ 8.53478, 47.38982 ], [ 8.5326, 47.38872 ], [ 8.5302, 47.38934 ], [ 8.52998, 47.39107 ] ] ] } },
{ "type": "Feature", "properties": { "id": 147, "population": 941, "o_score_pt": 2060.176, "o_score_car": 1704.11, "CDI": -0.095 }, "geometry": { "type": "Polygon", "coordinates": [ [ [ 8.54561, 47.41372 ], [ 8.54779, 47.41482 ], [ 8.55019, 47.4142 ], [ 8.55041, 47.41247 ], [ 8.54823, 47.41137 ], [ 8.54583, 47.41199 ], [ 8.54561, 47.41372 ] ] ] } },
{ "type": "Feature", "properties": { "id": 148, "population": 225, "o_score_pt": 1238.025, "o_score_car": 1389.338, "CDI": 0.058 }, "geometry": { "type": "Polygon", "coordinates": [ [ [ 8.56594, 47.3499 ], [ 8.56766, 47.35077 ], [ 8.56949, 47.35029 ], [ 8.56966, 47.34897 ], [ 8.56794, 47.3481 ], [ 8.56611, 47.34858 ], [ 8.56594, 47.3499 ] ] ] } },
{ "type": "Feature", "properties": { "id": 149, "population": 643, "o_score_pt": 1738.053, "o_score_car": 1566.56, "CDI": -0.052 }, "geometry": { "type": "Polygon", "coordinates": [ [ [ 8.53785, 47.42075 ], [ 8.53993, 47.4218 ], [ 8.54222, 47.42121 ], [ 8.54243, 47.41956 ], [ 8.54035, 47.41851 ], [ 8.53806, 47.41911 ], [ 8.53785, 47.42075 ] ] ] } },
{ "type": "Feature", "properties": { "id": 150, "population": 606, "o_score_pt": 1525.048, "o_score_car": 1544.037, "CDI": 0.006 }, "geometry": { "type": "Polygon", "coordinates": [ [ [ 8.47259, 47.38765 ], [ 8.47465, 47.3887 ], [ 8.47691, 47.38811 ], [ 8.47712, 47.38649 ], [ 8.47506, 47.38544 ], [ 8.4728, 47.38603 ], [ 8.47259, 47.38765 ] ] ] } },
{ "type": "Feature", "properties": { "id": 151, "population": 0, "o_score_pt": 3.882, "o_score_car": 1558.565, "CDI": 0.995 }, "geometry": { "type": "Polygon", "coordinates": [ [ [ 8.59444, 47.37581 ], [ 8.59466, 47.37593 ], [ 8.59466, 47.37593 ], [ 8.59444, 47.37581 ] ] ] } },
{ "type": "Feature", "properties": { "id": 152, "population": 479, "o_score_pt": 1912.485, "o_score_car": 1753.607, "CDI": -0.043 }, "geometry": { "type": "Polygon", "coordinates": [ [ [ 8.52887, 47.40137 ], [ 8.53085, 47.40238 ], [ 8.53301, 47.40181 ], [ 8.53321, 47.40026 ], [ 8.53123, 47.39926 ], [ 8.52907, 47.39982 ], [ 8.52887, 47.40137 ] ] ] } },
{ "type": "Feature", "properties": { "id": 153, "population": 58, "o_score_pt": 1304.622, "o_score_car": 1492.898, "CDI": 0.067 }, "geometry": { "type": "Polygon", "coordinates": [ [ [ 8.57626, 47.36389 ], [ 8.57751, 47.36453 ], [ 8.57877, 47.3642 ], [ 8.57889, 47.3633 ], [ 8.57763, 47.36266 ], [ 8.57637, 47.36299 ], [ 8.57626, 47.36389 ] ] ] } },
{ "type": "Feature", "properties": { "id": 154, "population": 366, "o_score_pt": 1314.914, "o_score_car": 1555.935, "CDI": 0.084 }, "geometry": { "type": "Polygon", "coordinates": [ [ [ 8.57813, 47.36176 ], [ 8.58002, 47.36272 ], [ 8.58206, 47.36218 ], [ 8.58225, 47.36071 ], [ 8.58037, 47.35976 ], [ 8.57832, 47.36029 ], [ 8.57813, 47.36176 ] ] ] } },
{ "type": "Feature", "properties": { "id": 155, "population": 0, "o_score_pt": 1345.671, "o_score_car": 1532.065, "CDI": 0.065 }, "geometry": { "type": "Polygon", "coordinates": [ [ [ 8.47084, 47.38135 ], [ 8.47107, 47.38146 ], [ 8.47107, 47.38146 ], [ 8.47084, 47.38135 ] ] ] } },
{ "type": "Feature", "properties": { "id": 156, "population": 720, "o_score_pt": 1558.791, "o_score_car": 1533.931, "CDI": -0.008 }, "geometry": { "type": "Polygon", "coordinates": [ [ [ 8.4816, 47.40702 ], [ 8.48372, 47.4081 ], [ 8.48605, 47.40749 ], [ 8.48627, 47.40581 ], [ 8.48415, 47.40473 ], [ 8.48182, 47.40534 ], [ 8.4816, 47.40702 ] ] ] } },
{ "type": "Feature", "properties": { "id": 157, "population": 0, "o_score_pt": 1215.027, "o_score_car": 1482.179, "CDI": 0.099 }, "geometry": { "type": "Polygon", "coordinates": [ [ [ 8.57942, 47.36637 ], [ 8.57964, 47.36649 ], [ 8.57964, 47.36649 ], [ 8.57942, 47.36637 ] ] ] } },
{ "type": "Feature", "properties": { "id": 158, "population": 346, "o_score_pt": 1742.133, "o_score_car": 1573.208, "CDI": -0.051 }, "geometry": { "type": "Polygon", "coordinates": [ [ [ 8.56119, 47.34948 ], [ 8.56306, 47.35042 ], [ 8.56508, 47.3499 ], [ 8.56526, 47.34844 ], [ 8.5634, 47.3475 ], [ 8.56138, 47.34802 ], [ 8.56119, 47.34948 ] ] ] } },
{ "type": "Feature", "properties": { "id": 159, "population": 984, "o_score_pt": 2045.702, "o_score_car": 1832.069, "CDI": -0.055 }, "geometry": { "type": "Polygon", "coordinates": [ [ [ 8.51101, 47.39435 ], [ 8.51318, 47.39545 ], [ 8.51558, 47.39483 ], [ 8.51581, 47.3931 ], [ 8.51363, 47.392 ], [ 8.51123, 47.39262 ], [ 8.51101, 47.39435 ] ] ] } },
{ "type": "Feature", "properties": { "id": 160, "population": 475, "o_score_pt": 1722.224, "o_score_car": 1514.139, "CDI": -0.064 }, "geometry": { "type": "Polygon", "coordinates": [ [ [ 8.56302, 47.35235 ], [ 8.56499, 47.35335 ], [ 8.56715, 47.35279 ], [ 8.56735, 47.35123 ], [ 8.56537, 47.35023 ], [ 8.56321, 47.3508 ], [ 8.56302, 47.35235 ] ] ] } },
{ "type": "Feature", "properties": { "id": 161, "population": 290, "o_score_pt": 1641.693, "o_score_car": 1617.117, "CDI": -0.008 }, "geometry": { "type": "Polygon", "coordinates": [ [ [ 8.52706, 47.41687 ], [ 8.52887, 47.41778 ], [ 8.53082, 47.41728 ], [ 8.531, 47.41588 ], [ 8.52919, 47.41496 ], [ 8.52724, 47.41547 ], [ 8.52706, 47.41687 ] ] ] } },
{ "type": "Feature", "properties": { "id": 162, "population": 85, "o_score_pt": 1606.838, "o_score_car": 1606.452, "CDI": -0.0 }, "geometry": { "type": "Polygon", "coordinates": [ [ [ 8.51468, 47.35492 ], [ 8.51606, 47.35563 ], [ 8.51749, 47.35526 ], [ 8.51762, 47.35424 ], [ 8.51623, 47.35353 ], [ 8.51481, 47.3539 ], [ 8.51468, 47.35492 ] ] ] } },
{ "type": "Feature", "properties": { "id": 163, "population": 483, "o_score_pt": 1373.628, "o_score_car": 1493.146, "CDI": 0.042 }, "geometry": { "type": "Polygon", "coordinates": [ [ [ 8.46744, 47.39233 ], [ 8.46942, 47.39334 ], [ 8.47158, 47.39278 ], [ 8.47178, 47.39122 ], [ 8.4698, 47.39021 ], [ 8.46764, 47.39078 ], [ 8.46744, 47.39233 ] ] ] } },
{ "type": "Feature", "properties": { "id": 164, "population": 0, "o_score_pt": 889.012, "o_score_car": 1486.459, "CDI": 0.252 }, "geometry": { "type": "Polygon", "coordinates": [ [ [ 8.48181, 47.42191 ], [ 8.48204, 47.42203 ], [ 8.48204, 47.42203 ], [ 8.48181, 47.42191 ] ] ] } },
{ "type": "Feature", "properties": { "id": 165, "population": 0, "o_score_pt": 1328.792, "o_score_car": 1662.2, "CDI": 0.111 }, "geometry": { "type": "Polygon", "coordinates": [ [ [ 8.57484, 47.3659 ], [ 8.57507, 47.36601 ], [ 8.57507, 47.36601 ], [ 8.57484, 47.3659 ] ] ] } },
{ "type": "Feature", "properties": { "id": 166, "population": 633, "o_score_pt": 1638.117, "o_score_car": 1682.661, "CDI": 0.013 }, "geometry": { "type": "Polygon", "coordinates": [ [ [ 8.48831, 47.37354 ], [ 8.49039, 47.37459 ], [ 8.49267, 47.37399 ], [ 8.49288, 47.37235 ], [ 8.4908, 47.3713 ], [ 8.48853, 47.3719 ], [ 8.48831, 47.37354 ] ] ] } },
{ "type": "Feature", "properties": { "id": 167, "population": 793, "o_score_pt": 1913.407, "o_score_car": 1761.585, "CDI": -0.041 }, "geometry": { "type": "Polygon", "coordinates": [ [ [ 8.49731, 47.39291 ], [ 8.49946, 47.394 ], [ 8.50183, 47.39338 ], [ 8.50205, 47.39167 ], [ 8.4999, 47.39058 ], [ 8.49753, 47.3912 ], [ 8.49731, 47.39291 ] ] ] } },
{ "type": "Feature", "properties": { "id": 168, "population": 0, "o_score_pt": 1.943, "o_score_car": 1624.153, "CDI": 0.998 }, "geometry": { "type": "Polygon", "coordinates": [ [ [ 8.50104, 47.34507 ], [ 8.50127, 47.34519 ], [ 8.50127, 47.34519 ], [ 8.50104, 47.34507 ] ] ] } },
{ "type": "Feature", "properties": { "id": 169, "population": 393, "o_score_pt": 1492.327, "o_score_car": 1473.212, "CDI": -0.006 }, "geometry": { "type": "Polygon", "coordinates": [ [ [ 8.47922, 47.4093 ], [ 8.48113, 47.41027 ], [ 8.48321, 47.40973 ], [ 8.4834, 47.40824 ], [ 8.48149, 47.40727 ], [ 8.47942, 47.40781 ], [ 8.47922, 47.4093 ] ] ] } },
{ "type": "Feature", "properties": { "id": 170, "population": 431, "o_score_pt": 1266.554, "o_score_car": 1317.372, "CDI": 0.02 }, "geometry": { "type": "Polygon", "coordinates": [ [ [ 8.57073, 47.41885 ], [ 8.57268, 47.41983 ], [ 8.57479, 47.41928 ], [ 8.57499, 47.41776 ], [ 8.57304, 47.41677 ], [ 8.57093, 47.41732 ], [ 8.57073, 47.41885 ] ] ] } },
{ "type": "Feature", "properties": { "id": 171, "population": 602, "o_score_pt": 1524.297, "o_score_car": 1546.675, "CDI": 0.007 }, "geometry": { "type": "Polygon", "coordinates": [ [ [ 8.46997, 47.39001 ], [ 8.47203, 47.39105 ], [ 8.47428, 47.39046 ], [ 8.47449, 47.38884 ], [ 8.47244, 47.3878 ], [ 8.47018, 47.38838 ], [ 8.46997, 47.39001 ] ] ] } },
{ "type": "Feature", "properties": { "id": 172, "population": 998, "o_score_pt": 2093.197, "o_score_car": 1898.409, "CDI": -0.049 }, "geometry": { "type": "Polygon", "coordinates": [ [ [ 8.52546, 47.3722 ], [ 8.52764, 47.3733 ], [ 8.53004, 47.37268 ], [ 8.53026, 47.37095 ], [ 8.52808, 47.36985 ], [ 8.52569, 47.37047 ], [ 8.52546, 47.3722 ] ] ] } },
{ "type": "Feature", "properties": { "id": 173, "population": 690, "o_score_pt": 1686.059, "o_score_car": 1754.528, "CDI": 0.02 }, "geometry": { "type": "Polygon", "coordinates": [ [ [ 8.55428, 47.38305 ], [ 8.55639, 47.38412 ], [ 8.5587, 47.38351 ], [ 8.55892, 47.38185 ], [ 8.55681, 47.38078 ], [ 8.5545, 47.38138 ], [ 8.55428, 47.38305 ] ] ] } },
{ "type": "Feature", "properties": { "id": 174, "population": 54, "o_score_pt": 1881.0, "o_score_car": 1646.32, "CDI": -0.067 }, "geometry": { "type": "Polygon", "coordinates": [ [ [ 8.48541, 47.36757 ], [ 8.48664, 47.36819 ], [ 8.48787, 47.36787 ], [ 8.48798, 47.36699 ], [ 8.48675, 47.36637 ], [ 8.48552, 47.36669 ], [ 8.48541, 47.36757 ] ] ] } },
{ "type": "Feature", "properties": { "id": 175, "population": 899, "o_score_pt": 1721.635, "o_score_car": 1703.828, "CDI": -0.005 }, "geometry": { "type": "Polygon", "coordinates": [ [ [ 8.48228, 47.38347 ], [ 8.48445, 47.38457 ], [ 8.48685, 47.38394 ], [ 8.48708, 47.38222 ], [ 8.4849, 47.38111 ], [ 8.4825, 47.38174 ], [ 8.48228, 47.38347 ] ] ] } },
{ "type": "Feature", "properties": { "id": 176, "population": 255, "o_score_pt": 1540.895, "o_score_car": 1516.39, "CDI": -0.008 }, "geometry": { "type": "Polygon", "coordinates": [ [ [ 8.50948, 47.40976 ], [ 8.51124, 47.41065 ], [ 8.51313, 47.41016 ], [ 8.51331, 47.4088 ], [ 8.51154, 47.40791 ], [ 8.50965, 47.4084 ], [ 8.50948, 47.40976 ] ] ] } },
{ "type": "Feature", "properties": { "id": 177, "population": 886, "o_score_pt": 1959.109, "o_score_car": 1810.492, "CDI": -0.039 }, "geometry": { "type": "Polygon", "coordinates": [ [ [ 8.55348, 47.40665 ], [ 8.55566, 47.40776 ], [ 8.55806, 47.40713 ], [ 8.55828, 47.4054 ], [ 8.5561, 47.4043 ], [ 8.5537, 47.40493 ], [ 8.55348, 47.40665 ] ] ] } },
{ "type": "Feature", "properties": { "id": 178, "population": 670, "o_score_pt": 1731.97, "o_score_car": 1689.03, "CDI": -0.013 }, "geometry": { "type": "Polygon", "coordinates": [ [ [ 8.5086, 47.35989 ], [ 8.5107, 47.36095 ], [ 8.513, 47.36035 ], [ 8.51321, 47.35869 ], [ 8.51111, 47.35763 ], [ 8.50881, 47.35823 ], [ 8.5086, 47.35989 ] ] ] } },
{ "type": "Feature", "properties": { "id": 179, "population": 804, "o_score_pt": 1542.241, "o_score_car": 1565.067, "CDI": 0.007 }, "geometry": { "type": "Polygon", "coordinates": [ [ [ 8.56657, 47.41326 ], [ 8.56873, 47.41435 ], [ 8.57111, 47.41373 ], [ 8.57133, 47.41202 ], [ 8.56917, 47.41093 ], [ 8.56679, 47.41155 ], [ 8.56657, 47.41326 ] ] ] } },
{ "type": "Feature", "properties": { "id": 180, "population": 946, "o_score_pt": 2078.174, "o_score_car": 1876.159, "CDI": -0.051 }, "geometry": { "type": "Polygon", "coordinates": [ [ [ 8.51174, 47.37077 ], [ 8.51391, 47.37187 ], [ 8.51631, 47.37125 ], [ 8.51654, 47.36952 ], [ 8.51436, 47.36842 ], [ 8.51196, 47.36904 ], [ 8.51174, 47.37077 ] ] ] } },
{ "type": "Feature", "properties": { "id": 181, "population": 0, "o_score_pt": 1412.6, "o_score_car": 1694.462, "CDI": 0.091 }, "geometry": { "type": "Polygon", "coordinates": [ [ [ 8.57546, 47.3791 ], [ 8.57569, 47.37922 ], [ 8.57569, 47.37922 ], [ 8.57546, 47.3791 ] ] ] } },
{ "type": "Feature", "properties": { "id": 182, "population": 802, "o_score_pt": 1571.182, "o_score_car": 1541.764, "CDI": -0.009 }, "geometry": { "type": "Polygon", "coordinates": [ [ [ 8.5295, 47.34106 ], [ 8.53166, 47.34216 ], [ 8.53403, 47.34154 ], [ 8.53426, 47.33982 ], [ 8.5321, 47.33873 ], [ 8.52972, 47.33935 ], [ 8.5295, 47.34106 ] ] ] } },
{ "type": "Feature", "properties": { "id": 183, "population": 657, "o_score_pt": 1626.184, "o_score_car": 1642.772, "CDI": 0.005 }, "geometry": { "type": "Polygon", "coordinates": [ [ [ 8.48305, 47.37825 ], [ 8.48514, 47.37931 ], [ 8.48743, 47.37871 ], [ 8.48765, 47.37706 ], [ 8.48556, 47.376 ], [ 8.48327, 47.3766 ], [ 8.48305, 47.37825 ] ] ] } },
{ "type": "Feature", "properties": { "id": 184, "population": 681, "o_score_pt": 1861.787, "o_score_car": 1605.262, "CDI": -0.074 }, "geometry": { "type": "Polygon", "coordinates": [ [ [ 8.49212, 47.3976 ], [ 8.49422, 47.39866 ], [ 8.49653, 47.39806 ], [ 8.49675, 47.3964 ], [ 8.49464, 47.39534 ], [ 8.49234, 47.39594 ], [ 8.49212, 47.3976 ] ] ] } },
{ "type": "Feature", "properties": { "id": 185, "population": 355, "o_score_pt": 1829.535, "o_score_car": 1576.653, "CDI": -0.074 }, "geometry": { "type": "Polygon", "coordinates": [ [ [ 8.52832, 47.40652 ], [ 8.5302, 47.40747 ], [ 8.53223, 47.40694 ], [ 8.53242, 47.40548 ], [ 8.53054, 47.40453 ], [ 8.52851, 47.40506 ], [ 8.52832, 47.40652 ] ] ] } },
{ "type": "Feature", "properties": { "id": 186, "population": 728, "o_score_pt": 1830.585, "o_score_car": 1576.89, "CDI": -0.074 }, "geometry": { "type": "Polygon", "coordinates": [ [ [ 8.54963, 47.40097 ], [ 8.55176, 47.40205 ], [ 8.55409, 47.40144 ], [ 8.55431, 47.39976 ], [ 8.55219, 47.39868 ], [ 8.54985, 47.39929 ], [ 8.54963, 47.40097 ] ] ] } },
{ "type": "Feature", "properties": { "id": 187, "population": 106, "o_score_pt": 1569.043, "o_score_car": 1545.015, "CDI": -0.008 }, "geometry": { "type": "Polygon", "coordinates": [ [ [ 8.49611, 47.40822 ], [ 8.49757, 47.40896 ], [ 8.49908, 47.40856 ], [ 8.49922, 47.40748 ], [ 8.49776, 47.40674 ], [ 8.49625, 47.40713 ], [ 8.49611, 47.40822 ] ] ] } },
{ "type": "Feature", "properties": { "id": 188, "population": 790, "o_score_pt": 2023.695, "o_score_car": 1847.882, "CDI": -0.045 }, "geometry": { "type": "Polygon", "coordinates": [ [ [ 8.52153, 47.38492 ], [ 8.52368, 47.38601 ], [ 8.52605, 47.3854 ], [ 8.52627, 47.38369 ], [ 8.52412, 47.3826 ], [ 8.52175, 47.38321 ], [ 8.52153, 47.38492 ] ] ] } },
{ "type": "Feature", "properties": { "id": 189, "population": 0, "o_score_pt": 1089.042, "o_score_car": 1277.126, "CDI": 0.079 }, "geometry": { "type": "Polygon", "coordinates": [ [ [ 8.52496, 47.42904 ], [ 8.52518, 47.42916 ], [ 8.52518, 47.42916 ], [ 8.52496, 47.42904 ] ] ] } },
{ "type": "Feature", "properties": { "id": 190, "population": 217, "o_score_pt": 1361.7, "o_score_car": 1701.203, "CDI": 0.111 }, "geometry": { "type": "Polygon", "coordinates": [ [ [ 8.56982, 47.37396 ], [ 8.57152, 47.37482 ], [ 8.57334, 47.37435 ], [ 8.57351, 47.37304 ], [ 8.5718, 47.37217 ], [ 8.56998, 47.37265 ], [ 8.56982, 47.37396 ] ] ] } },
{ "type": "Feature", "properties": { "id": 191, "population": 686, "o_score_pt": 1527.916, "o_score_car": 1566.623, "CDI": 0.013 }, "geometry": { "type": "Polygon", "coordinates": [ [ [ 8.5817, 47.40429 ], [ 8.58381, 47.40536 ], [ 8.58612, 47.40475 ], [ 8.58633, 47.40309 ], [ 8.58423, 47.40202 ], [ 8.58191, 47.40263 ], [ 8.5817, 47.40429 ] ] ] } },
{ "type": "Feature", "properties": { "id": 192, "population": 185, "o_score_pt": 1385.293, "o_score_car": 1515.142, "CDI": 0.045 }, "geometry": { "type": "Polygon", "coordinates": [ [ [ 8.5151, 47.33143 ], [ 8.51675, 47.33227 ], [ 8.5185, 47.33181 ], [ 8.51866, 47.33055 ], [ 8.51701, 47.32971 ], [ 8.51526, 47.33017 ], [ 8.5151, 47.33143 ] ] ] } },
{ "type": "Feature", "properties": { "id": 193, "population": 979, "o_score_pt": 1519.189, "o_score_car": 1593.091, "CDI": 0.024 }, "geometry": { "type": "Polygon", "coordinates": [ [ [ 8.47831, 47.39619 ], [ 8.48048, 47.39729 ], [ 8.48288, 47.39667 ], [ 8.48311, 47.39494 ], [ 8.48093, 47.39384 ], [ 8.47853, 47.39446 ], [ 8.47831, 47.39619 ] ] ] } },
{ "type": "Feature", "properties": { "id": 194, "population": 740, "o_score_pt": 1435.212, "o_score_car": 1515.289, "CDI": 0.027 }, "geometry": { "type": "Polygon", "coordinates": [ [ [ 8.58625, 47.40478 ], [ 8.58838, 47.40586 ], [ 8.59073, 47.40524 ], [ 8.59094, 47.40355 ], [ 8.58881, 47.40248 ], [ 8.58647, 47.40309 ], [ 8.58625, 47.40478 ] ] ] } },
{ "type": "Feature", "properties": { "id": 195, "population": 77, "o_score_pt": 1718.63, "o_score_car": 1739.274, "CDI": 0.006 }, "geometry": { "type": "Polygon", "coordinates": [ [ [ 8.52699, 47.4035 ], [ 8.52834, 47.40419 ], [ 8.52972, 47.40383 ], [ 8.52985, 47.40284 ], [ 8.5285, 47.40215 ], [ 8.52712, 47.40251 ], [ 8.52699, 47.4035 ] ] ] } },
{ "type": "Feature", "properties": { "id": 196, "population": 684, "o_score_pt": 1551.158, "o_score_car": 1541.227, "CDI": -0.003 }, "geometry": { "type": "Polygon", "coordinates": [ [ [ 8.50511, 47.4226 ], [ 8.50721, 47.42367 ], [ 8.50953, 47.42307 ], [ 8.50974, 47.4214 ], [ 8.50764, 47.42034 ], [ 8.50533, 47.42094 ], [ 8.50511, 47.4226 ] ] ] } },
{ "type": "Feature", "properties": { "id": 197, "population": 65, "o_score_pt": 1346.867, "o_score_car": 1446.959, "CDI": 0.036 }, "geometry": { "type": "Polygon", "coordinates": [ [ [ 8.50997, 47.42798 ], [ 8.51126, 47.42863 ], [ 8.51257, 47.42829 ], [ 8.51269, 47.42735 ], [ 8.5114, 47.4267 ], [ 8.51009, 47.42704 ], [ 8.50997, 47.42798 ] ] ] } },
{ "type": "Feature", "properties": { "id": 198, "population": 0, "o_score_pt": 3.96, "o_score_car": 1570.405, "CDI": 0.995 }, "geometry": { "type": "Polygon", "coordinates": [ [ [ 8.57151, 47.39184 ], [ 8.57173, 47.39195 ], [ 8.57173, 47.39195 ], [ 8.57151, 47.39184 ] ] ] } },
{ "type": "Feature", "properties": { "id": 199, "population": 636, "o_score_pt": 1997.557, "o_score_car": 1900.023, "CDI": -0.025 }, "geometry": { "type": "Polygon", "coordinates": [ [ [ 8.5268, 47.39858 ], [ 8.52888, 47.39963 ], [ 8.53116, 47.39904 ], [ 8.53137, 47.39739 ], [ 8.52929, 47.39634 ], [ 8.52701, 47.39694 ], [ 8.5268, 47.39858 ] ] ] } },
{ "type": "Feature", "properties": { "id": 200, "population": 367, "o_score_pt": 1439.796, "o_score_car": 1533.883, "CDI": 0.032 }, "geometry": { "type": "Polygon", "coordinates": [ [ [ 8.58262, 47.39903 ], [ 8.58451, 47.39999 ], [ 8.58656, 47.39945 ], [ 8.58675, 47.39798 ], [ 8.58486, 47.39702 ], [ 8.58281, 47.39756 ], [ 8.58262, 47.39903 ] ] ] } },
{ "type": "Feature", "properties": { "id": 201, "population": 945, "o_score_pt": 1825.456, "o_score_car": 1805.99, "CDI": -0.005 }, "geometry": { "type": "Polygon", "coordinates": [ [ [ 8.52613, 47.36701 ], [ 8.52831, 47.36812 ], [ 8.53071, 47.36749 ], [ 8.53093, 47.36576 ], [ 8.52875, 47.36466 ], [ 8.52636, 47.36528 ], [ 8.52613, 47.36701 ] ] ] } },
{ "type": "Feature", "properties": { "id": 202, "population": 8, "o_score_pt": 1167.965, "o_score_car": 1523.556, "CDI": 0.132 }, "geometry": { "type": "Polygon", "coordinates": [ [ [ 8.49187, 47.41262 ], [ 8.49247, 47.41293 ], [ 8.49292, 47.41281 ], [ 8.49297, 47.41249 ], [ 8.49236, 47.41218 ], [ 8.49191, 47.4123 ], [ 8.49187, 47.41262 ] ] ] } },
{ "type": "Feature", "properties": { "id": 203, "population": 477, "o_score_pt": 1234.492, "o_score_car": 1387.982, "CDI": 0.059 }, "geometry": { "type": "Polygon", "coordinates": [ [ [ 8.597, 47.3585 ], [ 8.59898, 47.3595 ], [ 8.60113, 47.35894 ], [ 8.60133, 47.35738 ], [ 8.59935, 47.35638 ], [ 8.5972, 47.35695 ], [ 8.597, 47.3585 ] ] ] } },
{ "type": "Feature", "properties": { "id": 204, "population": 0, "o_score_pt": 774.888, "o_score_car": 1295.903, "CDI": 0.252 }, "geometry": { "type": "Polygon", "coordinates": [ [ [ 8.6095, 47.36685 ], [ 8.60973, 47.36697 ], [ 8.60973, 47.36697 ], [ 8.6095, 47.36685 ] ] ] } },
{ "type": "Feature", "properties": { "id": 205, "population": 0, "o_score_pt": 1234.701, "o_score_car": 1656.446, "CDI": 0.146 }, "geometry": { "type": "Polygon", "coordinates": [ [ [ 8.5676, 47.38617 ], [ 8.56782, 47.38629 ], [ 8.56782, 47.38629 ], [ 8.5676, 47.38617 ] ] ] } },
{ "type": "Feature", "properties": { "id": 206, "population": 0, "o_score_pt": 11.853, "o_score_car": 1548.284, "CDI": 0.985 }, "geometry": { "type": "Polygon", "coordinates": [ [ [ 8.55006, 47.34229 ], [ 8.55029, 47.3424 ], [ 8.55029, 47.3424 ], [ 8.55006, 47.34229 ] ] ] } },
{ "type": "Feature", "properties": { "id": 207, "population": 958, "o_score_pt": 2000.208, "o_score_car": 1800.368, "CDI": -0.053 }, "geometry": { "type": "Polygon", "coordinates": [ [ [ 8.51168, 47.38916 ], [ 8.51385, 47.39027 ], [ 8.51625, 47.38964 ], [ 8.51648, 47.38791 ], [ 8.5143, 47.38681 ], [ 8.5119, 47.38743 ], [ 8.51168, 47.38916 ] ] ] } },
{ "type": "Feature", "properties": { "id": 208, "population": 706, "o_score_pt": 1370.287, "o_score_car": 1468.449, "CDI": 0.035 }, "geometry": { "type": "Polygon", "coordinates": [ [ [ 8.58102, 47.40948 ], [ 8.58314, 47.41055 ], [ 8.58546, 47.40995 ], [ 8.58568, 47.40827 ], [ 8.58356, 47.4072 ], [ 8.58124, 47.40781 ], [ 8.58102, 47.40948 ] ] ] } },
{ "type": "Feature", "properties": { "id": 209, "population": 978, "o_score_pt": 2145.522, "o_score_car": 1913.34, "CDI": -0.057 }, "geometry": { "type": "Polygon", "coordinates": [ [ [ 8.54443, 47.36892 ], [ 8.54661, 47.37002 ], [ 8.54901, 47.36939 ], [ 8.54923, 47.36766 ], [ 8.54705, 47.36656 ], [ 8.54465, 47.36719 ], [ 8.54443, 47.36892 ] ] ] } },
{ "type": "Feature", "properties": { "id": 210, "population": 977, "o_score_pt": 2097.776, "o_score_car": 1801.75, "CDI": -0.076 }, "geometry": { "type": "Polygon", "coordinates": [ [ [ 8.52223, 47.36135 ], [ 8.5244, 47.36245 ], [ 8.5268, 47.36182 ], [ 8.52702, 47.3601 ], [ 8.52485, 47.35899 ], [ 8.52245, 47.35962 ], [ 8.52223, 47.36135 ] ] ] } },
{ "type": "Feature", "properties": { "id": 211, "population": 218, "o_score_pt": 1233.27, "o_score_car": 1429.837, "CDI": 0.074 }, "geometry": { "type": "Polygon", "coordinates": [ [ [ 8.59078, 47.3551 ], [ 8.59249, 47.35596 ], [ 8.59431, 47.35549 ], [ 8.59448, 47.35418 ], [ 8.59277, 47.35331 ], [ 8.59095, 47.35379 ], [ 8.59078, 47.3551 ] ] ] } },
{ "type": "Feature", "properties": { "id": 212, "population": 938, "o_score_pt": 2122.325, "o_score_car": 1842.073, "CDI": -0.071 }, "geometry": { "type": "Polygon", "coordinates": [ [ [ 8.5398, 47.38684 ], [ 8.54198, 47.38794 ], [ 8.54438, 47.38731 ], [ 8.5446, 47.38558 ], [ 8.54242, 47.38448 ], [ 8.54003, 47.38511 ], [ 8.5398, 47.38684 ] ] ] } },
{ "type": "Feature", "properties": { "id": 213, "population": 331, "o_score_pt": 1520.604, "o_score_car": 1545.058, "CDI": 0.008 }, "geometry": { "type": "Polygon", "coordinates": [ [ [ 8.46564, 47.38945 ], [ 8.46749, 47.39039 ], [ 8.46949, 47.38987 ], [ 8.46968, 47.38843 ], [ 8.46783, 47.38749 ], [ 8.46583, 47.38802 ], [ 8.46564, 47.38945 ] ] ] } },
{ "type": "Feature", "properties": { "id": 214, "population": 0, "o_score_pt": 6.667, "o_score_car": 1402.697, "CDI": 0.991 }, "geometry": { "type": "Polygon", "coordinates": [ [ [ 8.50597, 47.43232 ], [ 8.5062, 47.43243 ], [ 8.5062, 47.43243 ], [ 8.50597, 47.43232 ] ] ] } },
{ "type": "Feature", "properties": { "id": 215, "population": 417, "o_score_pt": 1301.5, "o_score_car": 1398.988, "CDI": 0.036 }, "geometry": { "type": "Polygon", "coordinates": [ [ [ 8.59248, 47.35801 ], [ 8.59441, 47.35899 ], [ 8.59651, 47.35844 ], [ 8.5967, 47.35693 ], [ 8.59477, 47.35595 ], [ 8.59267, 47.3565 ], [ 8.59248, 47.35801 ] ] ] } },
{ "type": "Feature", "properties": { "id": 216, "population": 615, "o_score_pt": 1721.74, "o_score_car": 1351.593, "CDI": -0.12 }, "geometry": { "type": "Polygon", "coordinates": [ [ [ 8.55962, 47.35993 ], [ 8.56169, 47.36097 ], [ 8.56395, 47.36038 ], [ 8.56416, 47.35875 ], [ 8.5621, 47.3577 ], [ 8.55983, 47.3583 ], [ 8.55962, 47.35993 ] ] ] } },
{ "type": "Feature", "properties": { "id": 217, "population": 845, "o_score_pt": 1940.011, "o_score_car": 1779.734, "CDI": -0.043 }, "geometry": { "type": "Polygon", "coordinates": [ [ [ 8.5417, 47.40806 ], [ 8.54388, 47.40916 ], [ 8.54628, 47.40853 ], [ 8.5465, 47.40681 ], [ 8.54433, 47.4057 ], [ 8.54193, 47.40633 ], [ 8.5417, 47.40806 ] ] ] } },
{ "type": "Feature", "properties": { "id": 218, "population": 977, "o_score_pt": 2286.173, "o_score_car": 1932.833, "CDI": -0.084 }, "geometry": { "type": "Polygon", "coordinates": [ [ [ 8.5359, 47.38117 ], [ 8.53807, 47.38228 ], [ 8.54047, 47.38165 ], [ 8.54069, 47.37992 ], [ 8.53852, 47.37882 ], [ 8.53612, 47.37944 ], [ 8.5359, 47.38117 ] ] ] } },
{ "type": "Feature", "properties": { "id": 219, "population": 0, "o_score_pt": 1.179, "o_score_car": 1286.769, "CDI": 0.998 }, "geometry": { "type": "Polygon", "coordinates": [ [ [ 8.45255, 47.37943 ], [ 8.45278, 47.37955 ], [ 8.45278, 47.37955 ], [ 8.45255, 47.37943 ] ] ] } },
{ "type": "Feature", "properties": { "id": 220, "population": 0, "o_score_pt": 33.918, "o_score_car": 1605.586, "CDI": 0.959 }, "geometry": { "type": "Polygon", "coordinates": [ [ [ 8.54482, 47.347 ], [ 8.54505, 47.34712 ], [ 8.54505, 47.34712 ], [ 8.54482, 47.347 ] ] ] } },
{ "type": "Feature", "properties": { "id": 221, "population": 928, "o_score_pt": 1958.467, "o_score_car": 1687.821, "CDI": -0.074 }, "geometry": { "type": "Polygon", "coordinates": [ [ [ 8.54299, 47.41607 ], [ 8.54516, 47.41718 ], [ 8.54757, 47.41655 ], [ 8.54779, 47.41482 ], [ 8.54561, 47.41372 ], [ 8.54321, 47.41435 ], [ 8.54299, 47.41607 ] ] ] } },
{ "type": "Feature", "properties": { "id": 222, "population": 521, "o_score_pt": 1868.003, "o_score_car": 1666.473, "CDI": -0.057 }, "geometry": { "type": "Polygon", "coordinates": [ [ [ 8.55578, 47.35424 ], [ 8.55779, 47.35526 ], [ 8.55998, 47.35469 ], [ 8.56019, 47.35311 ], [ 8.55818, 47.35209 ], [ 8.55599, 47.35266 ], [ 8.55578, 47.35424 ] ] ] } },
{ "type": "Feature", "properties": { "id": 223, "population": 754, "o_score_pt": 1645.386, "o_score_car": 1524.393, "CDI": -0.038 }, "geometry": { "type": "Polygon", "coordinates": [ [ [ 8.55152, 47.4222 ], [ 8.55366, 47.42328 ], [ 8.55601, 47.42267 ], [ 8.55623, 47.42097 ], [ 8.55409, 47.41989 ], [ 8.55174, 47.4205 ], [ 8.55152, 47.4222 ] ] ] } },
{ "type": "Feature", "properties": { "id": 224, "population": 0, "o_score_pt": 1034.866, "o_score_car": 1595.061, "CDI": 0.213 }, "geometry": { "type": "Polygon", "coordinates": [ [ [ 8.49775, 47.35262 ], [ 8.49797, 47.35273 ], [ 8.49797, 47.35273 ], [ 8.49775, 47.35262 ] ] ] } },
{ "type": "Feature", "properties": { "id": 225, "population": 0, "o_score_pt": 203.427, "o_score_car": 1876.601, "CDI": 0.804 }, "geometry": { "type": "Polygon", "coordinates": [ [ [ 8.54281, 47.36257 ], [ 8.54304, 47.36269 ], [ 8.54304, 47.36269 ], [ 8.54281, 47.36257 ] ] ] } },
{ "type": "Feature", "properties": { "id": 226, "population": 502, "o_score_pt": 1467.0, "o_score_car": 1531.928, "CDI": 0.022 }, "geometry": { "type": "Polygon", "coordinates": [ [ [ 8.47785, 47.40131 ], [ 8.47984, 47.40232 ], [ 8.48202, 47.40176 ], [ 8.48222, 47.40019 ], [ 8.48023, 47.39918 ], [ 8.47805, 47.39974 ], [ 8.47785, 47.40131 ] ] ] } },
{ "type": "Feature", "properties": { "id": 227, "population": 33, "o_score_pt": 1395.055, "o_score_car": 1506.604, "CDI": 0.038 }, "geometry": { "type": "Polygon", "coordinates": [ [ [ 8.53993, 47.34162 ], [ 8.541, 47.34216 ], [ 8.54202, 47.3419 ], [ 8.54211, 47.34116 ], [ 8.54105, 47.34062 ], [ 8.54003, 47.34089 ], [ 8.53993, 47.34162 ] ] ] } },
{ "type": "Feature", "properties": { "id": 228, "population": 406, "o_score_pt": 1301.095, "o_score_car": 1427.733, "CDI": 0.046 }, "geometry": { "type": "Polygon", "coordinates": [ [ [ 8.50465, 47.42772 ], [ 8.50657, 47.4287 ], [ 8.50866, 47.42815 ], [ 8.50886, 47.42665 ], [ 8.50693, 47.42568 ], [ 8.50485, 47.42622 ], [ 8.50465, 47.42772 ] ] ] } },
{ "type": "Feature", "properties": { "id": 229, "population": 738, "o_score_pt": 1748.099, "o_score_car": 1792.378, "CDI": 0.013 }, "geometry": { "type": "Polygon", "coordinates": [ [ [ 8.55559, 47.37268 ], [ 8.55772, 47.37376 ], [ 8.56006, 47.37315 ], [ 8.56028, 47.37146 ], [ 8.55815, 47.37038 ], [ 8.55581, 47.371 ], [ 8.55559, 47.37268 ] ] ] } },
{ "type": "Feature", "properties": { "id": 230, "population": 679, "o_score_pt": 1819.058, "o_score_car": 1681.819, "CDI": -0.039 }, "geometry": { "type": "Polygon", "coordinates": [ [ [ 8.48109, 47.37542 ], [ 8.48319, 47.37649 ], [ 8.48549, 47.37588 ], [ 8.48571, 47.37422 ], [ 8.48361, 47.37316 ], [ 8.4813, 47.37376 ], [ 8.48109, 47.37542 ] ] ] } },
{ "type": "Feature", "properties": { "id": 231, "population": 1020, "o_score_pt": 2151.913, "o_score_car": 1832.56, "CDI": -0.08 }, "geometry": { "type": "Polygon", "coordinates": [ [ [ 8.51625, 47.38964 ], [ 8.51843, 47.39074 ], [ 8.52083, 47.39012 ], [ 8.52105, 47.38839 ], [ 8.51888, 47.38729 ], [ 8.51648, 47.38791 ], [ 8.51625, 47.38964 ] ] ] } },
{ "type": "Feature", "properties": { "id": 232, "population": 0, "o_score_pt": 1014.293, "o_score_car": 1295.886, "CDI": 0.122 }, "geometry": { "type": "Polygon", "coordinates": [ [ [ 8.60887, 47.35364 ], [ 8.6091, 47.35376 ], [ 8.6091, 47.35376 ], [ 8.60887, 47.35364 ] ] ] } },
{ "type": "Feature", "properties": { "id": 233, "population": 0, "o_score_pt": 1176.839, "o_score_car": 1576.863, "CDI": 0.145 }, "geometry": { "type": "Polygon", "coordinates": [ [ [ 8.57084, 47.39702 ], [ 8.57107, 47.39714 ], [ 8.57107, 47.39714 ], [ 8.57084, 47.39702 ] ] ] } },
{ "type": "Feature", "properties": { "id": 234, "population": 0, "o_score_pt": 1165.624, "o_score_car": 1498.645, "CDI": 0.125 }, "geometry": { "type": "Polygon", "coordinates": [ [ [ 8.48968, 47.41485 ], [ 8.48991, 47.41497 ], [ 8.48991, 47.41497 ], [ 8.48968, 47.41485 ] ] ] } },
{ "type": "Feature", "properties": { "id": 235, "population": 829, "o_score_pt": 2147.229, "o_score_car": 1878.912, "CDI": -0.067 }, "geometry": { "type": "Polygon", "coordinates": [ [ [ 8.50845, 47.37831 ], [ 8.51062, 47.37941 ], [ 8.51301, 47.37879 ], [ 8.51324, 47.37706 ], [ 8.51107, 47.37596 ], [ 8.50867, 47.37659 ], [ 8.50845, 47.37831 ] ] ] } },
{ "type": "Feature", "properties": { "id": 236, "population": 0, "o_score_pt": 1107.761, "o_score_car": 1477.183, "CDI": 0.143 }, "geometry": { "type": "Polygon", "coordinates": [ [ [ 8.49163, 47.41768 ], [ 8.49186, 47.4178 ], [ 8.49186, 47.4178 ], [ 8.49163, 47.41768 ] ] ] } },
{ "type": "Feature", "properties": { "id": 237, "population": 1044, "o_score_pt": 1968.945, "o_score_car": 1801.944, "CDI": -0.044 }, "geometry": { "type": "Polygon", "coordinates": [ [ [ 8.55163, 47.36704 ], [ 8.5538, 47.36814 ], [ 8.5562, 47.36751 ], [ 8.55643, 47.36578 ], [ 8.55425, 47.36468 ], [ 8.55185, 47.36531 ], [ 8.55163, 47.36704 ] ] ] } },
{ "type": "Feature", "properties": { "id": 238, "population": 121, "o_score_pt": 4.404, "o_score_car": 1394.117, "CDI": 0.994 }, "geometry": { "type": "Polygon", "coordinates": [ [ [ 8.46679, 47.36575 ], [ 8.4683, 47.36652 ], [ 8.46987, 47.36611 ], [ 8.47001, 47.36498 ], [ 8.46851, 47.36422 ], [ 8.46694, 47.36463 ], [ 8.46679, 47.36575 ] ] ] } },
{ "type": "Feature", "properties": { "id": 239, "population": 1024, "o_score_pt": 1918.274, "o_score_car": 1866.981, "CDI": -0.014 }, "geometry": { "type": "Polygon", "coordinates": [ [ [ 8.5071, 47.38869 ], [ 8.50928, 47.38979 ], [ 8.51168, 47.38916 ], [ 8.5119, 47.38743 ], [ 8.50973, 47.38633 ], [ 8.50733, 47.38696 ], [ 8.5071, 47.38869 ] ] ] } },
{ "type": "Feature", "properties": { "id": 240, "population": 0, "o_score_pt": 15.712, "o_score_car": 1631.392, "CDI": 0.981 }, "geometry": { "type": "Polygon", "coordinates": [ [ [ 8.56693, 47.39136 ], [ 8.56716, 47.39148 ], [ 8.56716, 47.39148 ], [ 8.56693, 47.39136 ] ] ] } },
{ "type": "Feature", "properties": { "id": 241, "population": 465, "o_score_pt": 1720.056, "o_score_car": 1695.437, "CDI": -0.007 }, "geometry": { "type": "Polygon", "coordinates": [ [ [ 8.49173, 47.36596 ], [ 8.4937, 47.36695 ], [ 8.49585, 47.3664 ], [ 8.49605, 47.36485 ], [ 8.49408, 47.36385 ], [ 8.49193, 47.36441 ], [ 8.49173, 47.36596 ] ] ] } },
{ "type": "Feature", "properties": { "id": 242, "population": 477, "o_score_pt": 1811.186, "o_score_car": 1825.64, "CDI": 0.004 }, "geometry": { "type": "Polygon", "coordinates": [ [ [ 8.50477, 47.37258 ], [ 8.50675, 47.37358 ], [ 8.50891, 47.37302 ], [ 8.50911, 47.37147 ], [ 8.50713, 47.37046 ], [ 8.50497, 47.37103 ], [ 8.50477, 47.37258 ] ] ] } },
{ "type": "Feature", "properties": { "id": 243, "population": 0, "o_score_pt": 1029.227, "o_score_car": 1421.598, "CDI": 0.16 }, "geometry": { "type": "Polygon", "coordinates": [ [ [ 8.50139, 47.43184 ], [ 8.50162, 47.43195 ], [ 8.50162, 47.43195 ], [ 8.50139, 47.43184 ] ] ] } },
{ "type": "Feature", "properties": { "id": 244, "population": 85, "o_score_pt": 1003.709, "o_score_car": 1500.744, "CDI": 0.198 }, "geometry": { "type": "Polygon", "coordinates": [ [ [ 8.51212, 47.33888 ], [ 8.5135, 47.33958 ], [ 8.51492, 47.33921 ], [ 8.51506, 47.33819 ], [ 8.51367, 47.33749 ], [ 8.51225, 47.33786 ], [ 8.51212, 47.33888 ] ] ] } },
{ "type": "Feature", "properties": { "id": 245, "population": 867, "o_score_pt": 1772.114, "o_score_car": 1783.308, "CDI": 0.003 }, "geometry": { "type": "Polygon", "coordinates": [ [ [ 8.55944, 47.37836 ], [ 8.56162, 47.37947 ], [ 8.56402, 47.37884 ], [ 8.56424, 47.37711 ], [ 8.56207, 47.37601 ], [ 8.55967, 47.37663 ], [ 8.55944, 47.37836 ] ] ] } },
{ "type": "Feature", "properties": { "id": 246, "population": 489, "o_score_pt": 1216.467, "o_score_car": 1520.663, "CDI": 0.111 }, "geometry": { "type": "Polygon", "coordinates": [ [ [ 8.5484, 47.42968 ], [ 8.55039, 47.43069 ], [ 8.55256, 47.43013 ], [ 8.55276, 47.42857 ], [ 8.55077, 47.42756 ], [ 8.5486, 47.42812 ], [ 8.5484, 47.42968 ] ] ] } },
{ "type": "Feature", "properties": { "id": 247, "population": 835, "o_score_pt": 1928.18, "o_score_car": 1741.748, "CDI": -0.051 }, "geometry": { "type": "Polygon", "coordinates": [ [ [ 8.49338, 47.38725 ], [ 8.49555, 47.38835 ], [ 8.49795, 47.38773 ], [ 8.49817, 47.386 ], [ 8.496, 47.3849 ], [ 8.49361, 47.38553 ], [ 8.49338, 47.38725 ] ] ] } },
{ "type": "Feature", "properties": { "id": 248, "population": 566, "o_score_pt": 1898.577, "o_score_car": 1751.772, "CDI": -0.04 }, "geometry": { "type": "Polygon", "coordinates": [ [ [ 8.52026, 47.41364 ], [ 8.5223, 47.41468 ], [ 8.52453, 47.41409 ], [ 8.52474, 47.41249 ], [ 8.5227, 47.41146 ], [ 8.52047, 47.41204 ], [ 8.52026, 47.41364 ] ] ] } },
{ "type": "Feature", "properties": { "id": 249, "population": 59, "o_score_pt": 1508.24, "o_score_car": 1682.915, "CDI": 0.055 }, "geometry": { "type": "Polygon", "coordinates": [ [ [ 8.56438, 47.40209 ], [ 8.56564, 47.40273 ], [ 8.56691, 47.4024 ], [ 8.56703, 47.40149 ], [ 8.56577, 47.40085 ], [ 8.5645, 47.40118 ], [ 8.56438, 47.40209 ] ] ] } },
{ "type": "Feature", "properties": { "id": 250, "population": 0, "o_score_pt": 1269.357, "o_score_car": 1609.188, "CDI": 0.118 }, "geometry": { "type": "Polygon", "coordinates": [ [ [ 8.48988, 47.35968 ], [ 8.49011, 47.3598 ], [ 8.49011, 47.3598 ], [ 8.48988, 47.35968 ] ] ] } },
{ "type": "Feature", "properties": { "id": 251, "population": 848, "o_score_pt": 1511.018, "o_score_car": 1553.812, "CDI": 0.014 }, "geometry": { "type": "Polygon", "coordinates": [ [ [ 8.57637, 47.40903 ], [ 8.57855, 47.41013 ], [ 8.58095, 47.40951 ], [ 8.58117, 47.40778 ], [ 8.57899, 47.40668 ], [ 8.57659, 47.4073 ], [ 8.57637, 47.40903 ] ] ] } },
{ "type": "Feature", "properties": { "id": 252, "population": 1067, "o_score_pt": 1975.442, "o_score_car": 1829.192, "CDI": -0.038 }, "geometry": { "type": "Polygon", "coordinates": [ [ [ 8.5032, 47.38302 ], [ 8.50537, 47.38413 ], [ 8.50777, 47.3835 ], [ 8.508, 47.38177 ], [ 8.50582, 47.38067 ], [ 8.50342, 47.38129 ], [ 8.5032, 47.38302 ] ] ] } },
{ "type": "Feature", "properties": { "id": 253, "population": 63, "o_score_pt": 1394.097, "o_score_car": 1596.233, "CDI": 0.068 }, "geometry": { "type": "Polygon", "coordinates": [ [ [ 8.58533, 47.38325 ], [ 8.58662, 47.3839 ], [ 8.58791, 47.38356 ], [ 8.58803, 47.38263 ], [ 8.58675, 47.38198 ], [ 8.58545, 47.38232 ], [ 8.58533, 47.38325 ] ] ] } },
{ "type": "Feature", "properties": { "id": 254, "population": 714, "o_score_pt": 1844.342, "o_score_car": 1703.605, "CDI": -0.04 }, "geometry": { "type": "Polygon", "coordinates": [ [ [ 8.5032, 47.40139 ], [ 8.50532, 47.40247 ], [ 8.50765, 47.40186 ], [ 8.50787, 47.40018 ], [ 8.50575, 47.39911 ], [ 8.50342, 47.39972 ], [ 8.5032, 47.40139 ] ] ] } },
{ "type": "Feature", "properties": { "id": 255, "population": 0, "o_score_pt": 85.122, "o_score_car": 1787.629, "CDI": 0.909 }, "geometry": { "type": "Polygon", "coordinates": [ [ [ 8.54348, 47.35738 ], [ 8.54371, 47.3575 ], [ 8.54371, 47.3575 ], [ 8.54348, 47.35738 ] ] ] } },
{ "type": "Feature", "properties": { "id": 256, "population": 198, "o_score_pt": 1662.584, "o_score_car": 1689.012, "CDI": 0.008 }, "geometry": { "type": "Polygon", "coordinates": [ [ [ 8.50568, 47.40407 ], [ 8.50735, 47.40492 ], [ 8.50913, 47.40445 ], [ 8.5093, 47.40317 ], [ 8.50762, 47.40232 ], [ 8.50584, 47.40279 ], [ 8.50568, 47.40407 ] ] ] } },
{ "type": "Feature", "properties": { "id": 257, "population": 0, "o_score_pt": 1258.257, "o_score_car": 1504.15, "CDI": 0.089 }, "geometry": { "type": "Polygon", "coordinates": [ [ [ 8.49688, 47.41298 ], [ 8.49711, 47.41309 ], [ 8.49711, 47.41309 ], [ 8.49688, 47.41298 ] ] ] } },
{ "type": "Feature", "properties": { "id": 258, "population": 19, "o_score_pt": 1376.295, "o_score_car": 1645.204, "CDI": 0.089 }, "geometry": { "type": "Polygon", "coordinates": [ [ [ 8.5819, 47.37744 ], [ 8.58278, 47.37789 ], [ 8.58357, 47.37768 ], [ 8.58365, 47.37711 ], [ 8.58277, 47.37667 ], [ 8.58197, 47.37688 ], [ 8.5819, 47.37744 ] ] ] } },
{ "type": "Feature", "properties": { "id": 259, "population": 481, "o_score_pt": 1550.365, "o_score_car": 1516.997, "CDI": -0.011 }, "geometry": { "type": "Polygon", "coordinates": [ [ [ 8.52447, 47.34571 ], [ 8.52645, 47.34672 ], [ 8.5286, 47.34615 ], [ 8.52881, 47.3446 ], [ 8.52682, 47.34359 ], [ 8.52467, 47.34416 ], [ 8.52447, 47.34571 ] ] ] } },
{ "type": "Feature", "properties": { "id": 260, "population": 0, "o_score_pt": 1504.347, "o_score_car": 1745.863, "CDI": 0.074 }, "geometry": { "type": "Polygon", "coordinates": [ [ [ 8.53958, 47.35172 ], [ 8.5398, 47.35183 ], [ 8.5398, 47.35183 ], [ 8.53958, 47.35172 ] ] ] } },
{ "type": "Feature", "properties": { "id": 261, "population": 691, "o_score_pt": 1664.797, "o_score_car": 1634.624, "CDI": -0.009 }, "geometry": { "type": "Polygon", "coordinates": [ [ [ 8.53084, 47.34907 ], [ 8.53295, 47.35013 ], [ 8.53526, 47.34953 ], [ 8.53548, 47.34786 ], [ 8.53337, 47.34679 ], [ 8.53106, 47.3474 ], [ 8.53084, 47.34907 ] ] ] } },
{ "type": "Feature", "properties": { "id": 262, "population": 955, "o_score_pt": 1840.337, "o_score_car": 1792.744, "CDI": -0.013 }, "geometry": { "type": "Polygon", "coordinates": [ [ [ 8.55487, 47.37789 ], [ 8.55704, 47.37899 ], [ 8.55944, 47.37836 ], [ 8.55967, 47.37663 ], [ 8.55749, 47.37553 ], [ 8.55509, 47.37616 ], [ 8.55487, 47.37789 ] ] ] } },
{ "type": "Feature", "properties": { "id": 263, "population": 80, "o_score_pt": 1298.769, "o_score_car": 1443.336, "CDI": 0.053 }, "geometry": { "type": "Polygon", "coordinates": [ [ [ 8.51971, 47.42377 ], [ 8.52108, 47.42446 ], [ 8.52247, 47.4241 ], [ 8.5226, 47.4231 ], [ 8.52124, 47.42241 ], [ 8.51984, 47.42277 ], [ 8.51971, 47.42377 ] ] ] } },
{ "type": "Feature", "properties": { "id": 264, "population": 217, "o_score_pt": 1066.314, "o_score_car": 1379.255, "CDI": 0.128 }, "geometry": { "type": "Polygon", "coordinates": [ [ [ 8.58945, 47.36548 ], [ 8.59116, 47.36634 ], [ 8.59298, 47.36587 ], [ 8.59315, 47.36456 ], [ 8.59144, 47.36369 ], [ 8.58962, 47.36417 ], [ 8.58945, 47.36548 ] ] ] } },
{ "type": "Feature", "properties": { "id": 265, "population": 0, "o_score_pt": 1275.427, "o_score_car": 1557.759, "CDI": 0.1 }, "geometry": { "type": "Polygon", "coordinates": [ [ [ 8.58133, 47.3876 ], [ 8.58156, 47.38771 ], [ 8.58156, 47.38771 ], [ 8.58133, 47.3876 ] ] ] } },
{ "type": "Feature", "properties": { "id": 266, "population": 1, "o_score_pt": 1791.885, "o_score_car": 1866.184, "CDI": 0.02 }, "geometry": { "type": "Polygon", "coordinates": [ [ [ 8.53824, 47.36209 ], [ 8.53847, 47.36221 ], [ 8.53847, 47.36221 ], [ 8.53824, 47.36209 ] ] ] } },
{ "type": "Feature", "properties": { "id": 267, "population": 749, "o_score_pt": 1896.964, "o_score_car": 1745.207, "CDI": -0.042 }, "geometry": { "type": "Polygon", "coordinates": [ [ [ 8.53846, 47.41558 ], [ 8.54059, 47.41667 ], [ 8.54294, 47.41605 ], [ 8.54316, 47.41436 ], [ 8.54103, 47.41328 ], [ 8.53868, 47.41389 ], [ 8.53846, 47.41558 ] ] ] } },
{ "type": "Feature", "properties": { "id": 268, "population": 563, "o_score_pt": 1317.3, "o_score_car": 1502.449, "CDI": 0.066 }, "geometry": { "type": "Polygon", "coordinates": [ [ [ 8.5721, 47.35332 ], [ 8.57413, 47.35435 ], [ 8.57636, 47.35377 ], [ 8.57656, 47.35216 ], [ 8.57453, 47.35113 ], [ 8.5723, 47.35171 ], [ 8.5721, 47.35332 ] ] ] } },
{ "type": "Feature", "properties": { "id": 269, "population": 793, "o_score_pt": 1897.917, "o_score_car": 1841.746, "CDI": -0.015 }, "geometry": { "type": "Polygon", "coordinates": [ [ [ 8.55099, 47.37222 ], [ 8.55314, 47.37331 ], [ 8.55551, 47.37269 ], [ 8.55573, 47.37098 ], [ 8.55358, 47.36989 ], [ 8.55121, 47.37051 ], [ 8.55099, 47.37222 ] ] ] } },
{ "type": "Feature", "properties": { "id": 270, "population": 47, "o_score_pt": 1531.726, "o_score_car": 1742.682, "CDI": 0.064 }, "geometry": { "type": "Polygon", "coordinates": [ [ [ 8.52261, 47.40297 ], [ 8.52379, 47.40357 ], [ 8.52496, 47.40326 ], [ 8.52507, 47.40242 ], [ 8.52389, 47.40182 ], [ 8.52272, 47.40213 ], [ 8.52261, 47.40297 ] ] ] } },
{ "type": "Feature", "properties": { "id": 271, "population": 930, "o_score_pt": 1590.56, "o_score_car": 1610.407, "CDI": 0.006 }, "geometry": { "type": "Polygon", "coordinates": [ [ [ 8.52881, 47.34626 ], [ 8.53099, 47.34736 ], [ 8.53338, 47.34673 ], [ 8.53361, 47.345 ], [ 8.53143, 47.3439 ], [ 8.52903, 47.34453 ], [ 8.52881, 47.34626 ] ] ] } },
{ "type": "Feature", "properties": { "id": 272, "population": 633, "o_score_pt": 1493.45, "o_score_car": 1613.107, "CDI": 0.039 }, "geometry": { "type": "Polygon", "coordinates": [ [ [ 8.57716, 47.40381 ], [ 8.57923, 47.40486 ], [ 8.58151, 47.40427 ], [ 8.58172, 47.40263 ], [ 8.57964, 47.40157 ], [ 8.57737, 47.40217 ], [ 8.57716, 47.40381 ] ] ] } },
{ "type": "Feature", "properties": { "id": 273, "population": 70, "o_score_pt": 1360.559, "o_score_car": 1645.891, "CDI": 0.095 }, "geometry": { "type": "Polygon", "coordinates": [ [ [ 8.57485, 47.37429 ], [ 8.57617, 47.37496 ], [ 8.57751, 47.37461 ], [ 8.57763, 47.37365 ], [ 8.57631, 47.37298 ], [ 8.57497, 47.37333 ], [ 8.57485, 47.37429 ] ] ] } },
{ "type": "Feature", "properties": { "id": 274, "population": 971, "o_score_pt": 1902.401, "o_score_car": 1776.245, "CDI": -0.034 }, "geometry": { "type": "Polygon", "coordinates": [ [ [ 8.5345, 47.40994 ], [ 8.53668, 47.41104 ], [ 8.53908, 47.41041 ], [ 8.5393, 47.40868 ], [ 8.53712, 47.40758 ], [ 8.53472, 47.40821 ], [ 8.5345, 47.40994 ] ] ] } },
{ "type": "Feature", "properties": { "id": 275, "population": 880, "o_score_pt": 2053.525, "o_score_car": 1856.242, "CDI": -0.05 }, "geometry": { "type": "Polygon", "coordinates": [ [ [ 8.54962, 47.3826 ], [ 8.5518, 47.3837 ], [ 8.5542, 47.38308 ], [ 8.55442, 47.38135 ], [ 8.55225, 47.38024 ], [ 8.54985, 47.38087 ], [ 8.54962, 47.3826 ] ] ] } },
{ "type": "Feature", "properties": { "id": 276, "population": 529, "o_score_pt": 1661.976, "o_score_car": 1657.978, "CDI": -0.001 }, "geometry": { "type": "Polygon", "coordinates": [ [ [ 8.47527, 47.38528 ], [ 8.47728, 47.38631 ], [ 8.47948, 47.38573 ], [ 8.47969, 47.38415 ], [ 8.47768, 47.38313 ], [ 8.47548, 47.3837 ], [ 8.47527, 47.38528 ] ] ] } },
{ "type": "Feature", "properties": { "id": 277, "population": 0, "o_score_pt": 1159.151, "o_score_car": 1430.438, "CDI": 0.105 }, "geometry": { "type": "Polygon", "coordinates": [ [ [ 8.52953, 47.42952 ], [ 8.52976, 47.42963 ], [ 8.52976, 47.42963 ], [ 8.52953, 47.42952 ] ] ] } },
{ "type": "Feature", "properties": { "id": 278, "population": 686, "o_score_pt": 1945.416, "o_score_car": 1802.064, "CDI": -0.038 }, "geometry": { "type": "Polygon", "coordinates": [ [ [ 8.51762, 47.39763 ], [ 8.51972, 47.3987 ], [ 8.52204, 47.3981 ], [ 8.52225, 47.39643 ], [ 8.52015, 47.39537 ], [ 8.51783, 47.39597 ], [ 8.51762, 47.39763 ] ] ] } },
{ "type": "Feature", "properties": { "id": 279, "population": 147, "o_score_pt": 1600.449, "o_score_car": 1636.943, "CDI": 0.011 }, "geometry": { "type": "Polygon", "coordinates": [ [ [ 8.57131, 47.36353 ], [ 8.57288, 47.36433 ], [ 8.57453, 47.3639 ], [ 8.57469, 47.36271 ], [ 8.57311, 47.36191 ], [ 8.57146, 47.36234 ], [ 8.57131, 47.36353 ] ] ] } },
{ "type": "Feature", "properties": { "id": 280, "population": 0, "o_score_pt": 1.327, "o_score_car": 1314.194, "CDI": 0.998 }, "geometry": { "type": "Polygon", "coordinates": [ [ [ 8.45975, 47.37756 ], [ 8.45998, 47.37767 ], [ 8.45998, 47.37767 ], [ 8.45975, 47.37756 ] ] ] } },
{ "type": "Feature", "properties": { "id": 281, "population": 344, "o_score_pt": 1696.843, "o_score_car": 1592.812, "CDI": -0.032 }, "geometry": { "type": "Polygon", "coordinates": [ [ [ 8.53353, 47.4202 ], [ 8.53539, 47.42114 ], [ 8.53741, 47.42062 ], [ 8.5376, 47.41917 ], [ 8.53573, 47.41822 ], [ 8.53371, 47.41875 ], [ 8.53353, 47.4202 ] ] ] } },
{ "type": "Feature", "properties": { "id": 282, "population": 114, "o_score_pt": 1000.945, "o_score_car": 1306.845, "CDI": 0.133 }, "geometry": { "type": "Polygon", "coordinates": [ [ [ 8.50682, 47.32523 ], [ 8.5083, 47.32598 ], [ 8.50985, 47.32558 ], [ 8.50999, 47.32447 ], [ 8.50851, 47.32371 ], [ 8.50696, 47.32412 ], [ 8.50682, 47.32523 ] ] ] } },
{ "type": "Feature", "properties": { "id": 283, "population": 0, "o_score_pt": 1205.425, "o_score_car": 1522.205, "CDI": 0.116 }, "geometry": { "type": "Polygon", "coordinates": [ [ [ 8.46365, 47.38322 ], [ 8.46388, 47.38334 ], [ 8.46388, 47.38334 ], [ 8.46365, 47.38322 ] ] ] } },
{ "type": "Feature", "properties": { "id": 284, "population": 346, "o_score_pt": 1190.204, "o_score_car": 1487.776, "CDI": 0.111 }, "geometry": { "type": "Polygon", "coordinates": [ [ [ 8.4708, 47.40314 ], [ 8.47267, 47.40409 ], [ 8.47468, 47.40356 ], [ 8.47487, 47.40211 ], [ 8.47301, 47.40116 ], [ 8.47099, 47.40169 ], [ 8.4708, 47.40314 ] ] ] } },
{ "type": "Feature", "properties": { "id": 285, "population": 27, "o_score_pt": 1556.08, "o_score_car": 1685.534, "CDI": 0.04 }, "geometry": { "type": "Polygon", "coordinates": [ [ [ 8.55502, 47.35105 ], [ 8.55602, 47.35155 ], [ 8.55696, 47.35131 ], [ 8.55704, 47.35063 ], [ 8.55605, 47.35013 ], [ 8.55511, 47.35038 ], [ 8.55502, 47.35105 ] ] ] } },
{ "type": "Feature", "properties": { "id": 286, "population": 287, "o_score_pt": 1643.19, "o_score_car": 1458.593, "CDI": -0.06 }, "geometry": { "type": "Polygon", "coordinates": [ [ [ 8.56713, 47.35795 ], [ 8.56893, 47.35886 ], [ 8.57087, 47.35836 ], [ 8.57105, 47.35696 ], [ 8.56925, 47.35605 ], [ 8.56731, 47.35655 ], [ 8.56713, 47.35795 ] ] ] } },
{ "type": "Feature", "properties": { "id": 287, "population": 584, "o_score_pt": 1878.817, "o_score_car": 1733.157, "CDI": -0.04 }, "geometry": { "type": "Polygon", "coordinates": [ [ [ 8.5294, 47.4146 ], [ 8.53145, 47.41564 ], [ 8.5337, 47.41505 ], [ 8.53391, 47.41344 ], [ 8.53186, 47.4124 ], [ 8.52961, 47.41299 ], [ 8.5294, 47.4146 ] ] ] } },
{ "type": "Feature", "properties": { "id": 288, "population": 0, "o_score_pt": 1294.361, "o_score_car": 1670.065, "CDI": 0.127 }, "geometry": { "type": "Polygon", "coordinates": [ [ [ 8.56364, 47.39891 ], [ 8.56387, 47.39902 ], [ 8.56387, 47.39902 ], [ 8.56364, 47.39891 ] ] ] } },
{ "type": "Feature", "properties": { "id": 289, "population": 514, "o_score_pt": 1791.025, "o_score_car": 1683.161, "CDI": -0.031 }, "geometry": { "type": "Polygon", "coordinates": [ [ [ 8.50676, 47.35702 ], [ 8.50876, 47.35804 ], [ 8.51095, 47.35747 ], [ 8.51115, 47.35589 ], [ 8.50915, 47.35488 ], [ 8.50696, 47.35545 ], [ 8.50676, 47.35702 ] ] ] } },
{ "type": "Feature", "properties": { "id": 290, "population": 820, "o_score_pt": 1339.298, "o_score_car": 1607.288, "CDI": 0.091 }, "geometry": { "type": "Polygon", "coordinates": [ [ [ 8.47112, 47.39806 ], [ 8.47329, 47.39916 ], [ 8.47567, 47.39854 ], [ 8.4759, 47.39682 ], [ 8.47373, 47.39572 ], [ 8.47134, 47.39634 ], [ 8.47112, 47.39806 ] ] ] } },
{ "type": "Feature", "properties": { "id": 291, "population": 0, "o_score_pt": 1167.027, "o_score_car": 1387.215, "CDI": 0.086 }, "geometry": { "type": "Polygon", "coordinates": [ [ [ 8.47138, 47.41294 ], [ 8.47161, 47.41305 ], [ 8.47161, 47.41305 ], [ 8.47138, 47.41294 ] ] ] } },
{ "type": "Feature", "properties": { "id": 292, "population": 0, "o_score_pt": 1165.479, "o_score_car": 1498.352, "CDI": 0.125 }, "geometry": { "type": "Polygon", "coordinates": [ [ [ 8.48443, 47.41956 ], [ 8.48466, 47.41967 ], [ 8.48466, 47.41967 ], [ 8.48443, 47.41956 ] ] ] } },
{ "type": "Feature", "properties": { "id": 293, "population": 398, "o_score_pt": 1549.956, "o_score_car": 1691.701, "CDI": 0.044 }, "geometry": { "type": "Polygon", "coordinates": [ [ [ 8.56566, 47.36837 ], [ 8.56758, 47.36934 ], [ 8.56966, 47.3688 ], [ 8.56985, 47.3673 ], [ 8.56793, 47.36633 ], [ 8.56585, 47.36687 ], [ 8.56566, 47.36837 ] ] ] } },
{ "type": "Feature", "properties": { "id": 294, "population": 972, "o_score_pt": 1856.451, "o_score_car": 1688.658, "CDI": -0.047 }, "geometry": { "type": "Polygon", "coordinates": [ [ [ 8.49008, 47.39479 ], [ 8.49226, 47.3959 ], [ 8.49466, 47.39527 ], [ 8.49488, 47.39354 ], [ 8.49271, 47.39244 ], [ 8.49031, 47.39307 ], [ 8.49008, 47.39479 ] ] ] } },
{ "type": "Feature", "properties": { "id": 295, "population": 51, "o_score_pt": 2.428, "o_score_car": 1169.451, "CDI": 0.996 }, "geometry": { "type": "Polygon", "coordinates": [ [ [ 8.61883, 47.35776 ], [ 8.62004, 47.35837 ], [ 8.62124, 47.35806 ], [ 8.62136, 47.35719 ], [ 8.62014, 47.35658 ], [ 8.61894, 47.3569 ], [ 8.61883, 47.35776 ] ] ] } },
{ "type": "Feature", "properties": { "id": 296, "population": 692, "o_score_pt": 1878.942, "o_score_car": 1817.944, "CDI": -0.016 }, "geometry": { "type": "Polygon", "coordinates": [ [ [ 8.54641, 47.39012 ], [ 8.54852, 47.39119 ], [ 8.55084, 47.39058 ], [ 8.55105, 47.38891 ], [ 8.54894, 47.38785 ], [ 8.54663, 47.38845 ], [ 8.54641, 47.39012 ] ] ] } },
{ "type": "Feature", "properties": { "id": 297, "population": 443, "o_score_pt": 1704.223, "o_score_car": 1746.056, "CDI": 0.012 }, "geometry": { "type": "Polygon", "coordinates": [ [ [ 8.54603, 47.35846 ], [ 8.54798, 47.35945 ], [ 8.55011, 47.3589 ], [ 8.5503, 47.35737 ], [ 8.54835, 47.35638 ], [ 8.54623, 47.35693 ], [ 8.54603, 47.35846 ] ] ] } },
{ "type": "Feature", "properties": { "id": 298, "population": 24, "o_score_pt": 1518.589, "o_score_car": 1621.908, "CDI": 0.033 }, "geometry": { "type": "Polygon", "coordinates": [ [ [ 8.50409, 47.35099 ], [ 8.50504, 47.35147 ], [ 8.50593, 47.35124 ], [ 8.50602, 47.3506 ], [ 8.50506, 47.35012 ], [ 8.50417, 47.35035 ], [ 8.50409, 47.35099 ] ] ] } },
{ "type": "Feature", "properties": { "id": 299, "population": 1051, "o_score_pt": 2094.072, "o_score_car": 1931.285, "CDI": -0.04 }, "geometry": { "type": "Polygon", "coordinates": [ [ [ 8.51826, 47.37408 ], [ 8.52044, 47.37518 ], [ 8.52284, 47.37456 ], [ 8.52306, 47.37283 ], [ 8.52089, 47.37172 ], [ 8.51849, 47.37235 ], [ 8.51826, 47.37408 ] ] ] } },
{ "type": "Feature", "properties": { "id": 300, "population": 219, "o_score_pt": 1474.366, "o_score_car": 1575.568, "CDI": 0.033 }, "geometry": { "type": "Polygon", "coordinates": [ [ [ 8.4763, 47.37999 ], [ 8.47801, 47.38086 ], [ 8.47983, 47.38038 ], [ 8.48, 47.37907 ], [ 8.47829, 47.3782 ], [ 8.47647, 47.37868 ], [ 8.4763, 47.37999 ] ] ] } },
{ "type": "Feature", "properties": { "id": 301, "population": 1033, "o_score_pt": 2026.43, "o_score_car": 1739.06, "CDI": -0.076 }, "geometry": { "type": "Polygon", "coordinates": [ [ [ 8.48618, 47.38913 ], [ 8.48835, 47.39023 ], [ 8.49075, 47.38961 ], [ 8.49098, 47.38788 ], [ 8.4888, 47.38678 ], [ 8.4864, 47.3874 ], [ 8.48618, 47.38913 ] ] ] } },
{ "type": "Feature", "properties": { "id": 302, "population": 402, "o_score_pt": 1429.097, "o_score_car": 1642.871, "CDI": 0.07 }, "geometry": { "type": "Polygon", "coordinates": [ [ [ 8.50209, 47.41169 ], [ 8.50401, 47.41266 ], [ 8.5061, 47.41212 ], [ 8.50629, 47.41062 ], [ 8.50437, 47.40965 ], [ 8.50229, 47.41019 ], [ 8.50209, 47.41169 ] ] ] } },
{ "type": "Feature", "properties": { "id": 303, "population": 279, "o_score_pt": 1729.35, "o_score_car": 1470.372, "CDI": -0.081 }, "geometry": { "type": "Polygon", "coordinates": [ [ [ 8.49706, 47.39797 ], [ 8.49885, 47.39888 ], [ 8.50078, 47.39837 ], [ 8.50096, 47.39699 ], [ 8.49916, 47.39608 ], [ 8.49724, 47.39658 ], [ 8.49706, 47.39797 ] ] ] } },
{ "type": "Feature", "properties": { "id": 304, "population": 744, "o_score_pt": 1934.582, "o_score_car": 1755.167, "CDI": -0.049 }, "geometry": { "type": "Polygon", "coordinates": [ [ [ 8.55615, 47.40428 ], [ 8.55829, 47.40536 ], [ 8.56064, 47.40475 ], [ 8.56085, 47.40306 ], [ 8.55872, 47.40198 ], [ 8.55637, 47.40259 ], [ 8.55615, 47.40428 ] ] ] } },
{ "type": "Feature", "properties": { "id": 305, "population": 794, "o_score_pt": 1736.76, "o_score_car": 1716.086, "CDI": -0.006 }, "geometry": { "type": "Polygon", "coordinates": [ [ [ 8.50133, 47.36179 ], [ 8.50349, 47.36288 ], [ 8.50586, 47.36226 ], [ 8.50608, 47.36055 ], [ 8.50393, 47.35946 ], [ 8.50156, 47.36008 ], [ 8.50133, 47.36179 ] ] ] } },
{ "type": "Feature", "properties": { "id": 306, "population": 728, "o_score_pt": 1772.129, "o_score_car": 1532.722, "CDI": -0.072 }, "geometry": { "type": "Polygon", "coordinates": [ [ [ 8.55941, 47.41513 ], [ 8.56153, 47.41621 ], [ 8.56387, 47.4156 ], [ 8.56409, 47.41391 ], [ 8.56196, 47.41284 ], [ 8.55962, 47.41345 ], [ 8.55941, 47.41513 ] ] ] } },
{ "type": "Feature", "properties": { "id": 307, "population": 0, "o_score_pt": 1020.656, "o_score_car": 1541.36, "CDI": 0.203 }, "geometry": { "type": "Polygon", "coordinates": [ [ [ 8.52134, 47.33141 ], [ 8.52157, 47.33153 ], [ 8.52157, 47.33153 ], [ 8.52134, 47.33141 ] ] ] } },
{ "type": "Feature", "properties": { "id": 308, "population": 138, "o_score_pt": 1398.092, "o_score_car": 1564.72, "CDI": 0.056 }, "geometry": { "type": "Polygon", "coordinates": [ [ [ 8.57782, 47.38523 ], [ 8.57937, 47.38601 ], [ 8.581, 47.38559 ], [ 8.58115, 47.38442 ], [ 8.5796, 47.38363 ], [ 8.57797, 47.38406 ], [ 8.57782, 47.38523 ] ] ] } },
{ "type": "Feature", "properties": { "id": 309, "population": 107, "o_score_pt": 1000.589, "o_score_car": 1380.537, "CDI": 0.16 }, "geometry": { "type": "Polygon", "coordinates": [ [ [ 8.50812, 47.33324 ], [ 8.50959, 47.33398 ], [ 8.51111, 47.33359 ], [ 8.51125, 47.3325 ], [ 8.50978, 47.33175 ], [ 8.50827, 47.33215 ], [ 8.50812, 47.33324 ] ] ] } },
{ "type": "Feature", "properties": { "id": 310, "population": 0, "o_score_pt": 1235.941, "o_score_car": 1567.821, "CDI": 0.118 }, "geometry": { "type": "Polygon", "coordinates": [ [ [ 8.47414, 47.37381 ], [ 8.47437, 47.37392 ], [ 8.47437, 47.37392 ], [ 8.47414, 47.37381 ] ] ] } },
{ "type": "Feature", "properties": { "id": 311, "population": 416, "o_score_pt": 1472.748, "o_score_car": 1579.992, "CDI": 0.035 }, "geometry": { "type": "Polygon", "coordinates": [ [ [ 8.48512, 47.39941 ], [ 8.48705, 47.40039 ], [ 8.48915, 47.39985 ], [ 8.48935, 47.39834 ], [ 8.48741, 47.39736 ], [ 8.48532, 47.3979 ], [ 8.48512, 47.39941 ] ] ] } },
{ "type": "Feature", "properties": { "id": 312, "population": 295, "o_score_pt": 1674.698, "o_score_car": 1806.069, "CDI": 0.038 }, "geometry": { "type": "Polygon", "coordinates": [ [ [ 8.53442, 47.35982 ], [ 8.53624, 47.36073 ], [ 8.53819, 47.36022 ], [ 8.53837, 47.35882 ], [ 8.53656, 47.3579 ], [ 8.53461, 47.35841 ], [ 8.53442, 47.35982 ] ] ] } },
{ "type": "Feature", "properties": { "id": 313, "population": 0, "o_score_pt": 11.227, "o_score_car": 1395.121, "CDI": 0.984 }, "geometry": { "type": "Polygon", "coordinates": [ [ [ 8.50238, 47.33469 ], [ 8.50261, 47.33481 ], [ 8.50261, 47.33481 ], [ 8.50238, 47.33469 ] ] ] } },
{ "type": "Feature", "properties": { "id": 314, "population": 768, "o_score_pt": 1925.871, "o_score_car": 1843.143, "CDI": -0.022 }, "geometry": { "type": "Polygon", "coordinates": [ [ [ 8.54241, 47.40286 ], [ 8.54455, 47.40395 ], [ 8.54691, 47.40333 ], [ 8.54713, 47.40163 ], [ 8.54499, 47.40055 ], [ 8.54263, 47.40116 ], [ 8.54241, 47.40286 ] ] ] } },
{ "type": "Feature", "properties": { "id": 315, "population": 630, "o_score_pt": 1763.152, "o_score_car": 1852.312, "CDI": 0.025 }, "geometry": { "type": "Polygon", "coordinates": [ [ [ 8.49941, 47.37732 ], [ 8.50149, 47.37837 ], [ 8.50376, 47.37778 ], [ 8.50398, 47.37614 ], [ 8.5019, 47.37509 ], [ 8.49963, 47.37568 ], [ 8.49941, 47.37732 ] ] ] } },
{ "type": "Feature", "properties": { "id": 316, "population": 34, "o_score_pt": 880.99, "o_score_car": 1418.705, "CDI": 0.234 }, "geometry": { "type": "Polygon", "coordinates": [ [ [ 8.51676, 47.43121 ], [ 8.51783, 47.43175 ], [ 8.51887, 47.43148 ], [ 8.51897, 47.43074 ], [ 8.51789, 47.4302 ], [ 8.51685, 47.43047 ], [ 8.51676, 47.43121 ] ] ] } },
{ "type": "Feature", "properties": { "id": 317, "population": 807, "o_score_pt": 1722.564, "o_score_car": 1784.762, "CDI": 0.018 }, "geometry": { "type": "Polygon", "coordinates": [ [ [ 8.56208, 47.376 ], [ 8.56425, 47.3771 ], [ 8.56663, 47.37647 ], [ 8.56685, 47.37476 ], [ 8.56468, 47.37366 ], [ 8.5623, 47.37429 ], [ 8.56208, 47.376 ] ] ] } },
{ "type": "Feature", "properties": { "id": 318, "population": 259, "o_score_pt": 1174.22, "o_score_car": 1649.523, "CDI": 0.168 }, "geometry": { "type": "Polygon", "coordinates": [ [ [ 8.51752, 47.34752 ], [ 8.51929, 47.34841 ], [ 8.52118, 47.34792 ], [ 8.52136, 47.34655 ], [ 8.51959, 47.34566 ], [ 8.5177, 47.34615 ], [ 8.51752, 47.34752 ] ] ] } },
{ "type": "Feature", "properties": { "id": 319, "population": 810, "o_score_pt": 1521.628, "o_score_car": 1468.779, "CDI": -0.018 }, "geometry": { "type": "Polygon", "coordinates": [ [ [ 8.57114, 47.41374 ], [ 8.57331, 47.41483 ], [ 8.57569, 47.41421 ], [ 8.57591, 47.41249 ], [ 8.57375, 47.4114 ], [ 8.57136, 47.41202 ], [ 8.57114, 47.41374 ] ] ] } },
{ "type": "Feature", "properties": { "id": 320, "population": 195, "o_score_pt": 1350.688, "o_score_car": 1619.461, "CDI": 0.09 }, "geometry": { "type": "Polygon", "coordinates": [ [ [ 8.51959, 47.35031 ], [ 8.52126, 47.35116 ], [ 8.52303, 47.3507 ], [ 8.5232, 47.34942 ], [ 8.52153, 47.34857 ], [ 8.51975, 47.34904 ], [ 8.51959, 47.35031 ] ] ] } },
{ "type": "Feature", "properties": { "id": 321, "population": 27, "o_score_pt": 1549.939, "o_score_car": 1628.351, "CDI": 0.025 }, "geometry": { "type": "Polygon", "coordinates": [ [ [ 8.51624, 47.41798 ], [ 8.51724, 47.41849 ], [ 8.51818, 47.41824 ], [ 8.51826, 47.41757 ], [ 8.51727, 47.41706 ], [ 8.51633, 47.41731 ], [ 8.51624, 47.41798 ] ] ] } },
{ "type": "Feature", "properties": { "id": 322, "population": 905, "o_score_pt": 1743.296, "o_score_car": 1533.261, "CDI": -0.064 }, "geometry": { "type": "Polygon", "coordinates": [ [ [ 8.5541, 47.41986 ], [ 8.55628, 47.42096 ], [ 8.55868, 47.42033 ], [ 8.5589, 47.4186 ], [ 8.55672, 47.4175 ], [ 8.55432, 47.41813 ], [ 8.5541, 47.41986 ] ] ] } },
{ "type": "Feature", "properties": { "id": 323, "population": 894, "o_score_pt": 2022.453, "o_score_car": 1866.376, "CDI": -0.04 }, "geometry": { "type": "Polygon", "coordinates": [ [ [ 8.54767, 47.37977 ], [ 8.54985, 47.38087 ], [ 8.55225, 47.38024 ], [ 8.55247, 47.37852 ], [ 8.55029, 47.37741 ], [ 8.54789, 47.37804 ], [ 8.54767, 47.37977 ] ] ] } },
{ "type": "Feature", "properties": { "id": 324, "population": 0, "o_score_pt": 4.9, "o_score_car": 1463.756, "CDI": 0.993 }, "geometry": { "type": "Polygon", "coordinates": [ [ [ 8.50433, 47.33753 ], [ 8.50456, 47.33764 ], [ 8.50456, 47.33764 ], [ 8.50433, 47.33753 ] ] ] } },
{ "type": "Feature", "properties": { "id": 325, "population": 996, "o_score_pt": 2068.434, "o_score_car": 1912.183, "CDI": -0.039 }, "geometry": { "type": "Polygon", "coordinates": [ [ [ 8.53651, 47.39438 ], [ 8.53869, 47.39548 ], [ 8.54109, 47.39485 ], [ 8.54131, 47.39313 ], [ 8.53913, 47.39202 ], [ 8.53673, 47.39265 ], [ 8.53651, 47.39438 ] ] ] } },
{ "type": "Feature", "properties": { "id": 326, "population": 1068, "o_score_pt": 2221.898, "o_score_car": 1862.457, "CDI": -0.088 }, "geometry": { "type": "Polygon", "coordinates": [ [ [ 8.52875, 47.36466 ], [ 8.53093, 47.36576 ], [ 8.53333, 47.36513 ], [ 8.53355, 47.3634 ], [ 8.53138, 47.3623 ], [ 8.52898, 47.36293 ], [ 8.52875, 47.36466 ] ] ] } },
{ "type": "Feature", "properties": { "id": 327, "population": 0, "o_score_pt": 5.415, "o_score_car": 1266.345, "CDI": 0.991 }, "geometry": { "type": "Polygon", "coordinates": [ [ [ 8.50634, 47.32196 ], [ 8.50657, 47.32207 ], [ 8.50657, 47.32207 ], [ 8.50634, 47.32196 ] ] ] } },
{ "type": "Feature", "properties": { "id": 328, "population": 985, "o_score_pt": 2098.871, "o_score_car": 1906.642, "CDI": -0.048 }, "geometry": { "type": "Polygon", "coordinates": [ [ [ 8.53266, 47.37032 ], [ 8.53483, 47.37142 ], [ 8.53723, 47.3708 ], [ 8.53746, 47.36907 ], [ 8.53528, 47.36797 ], [ 8.53288, 47.36859 ], [ 8.53266, 47.37032 ] ] ] } },
{ "type": "Feature", "properties": { "id": 329, "population": 325, "o_score_pt": 1699.101, "o_score_car": 1680.987, "CDI": -0.005 }, "geometry": { "type": "Polygon", "coordinates": [ [ [ 8.56827, 47.40278 ], [ 8.57012, 47.40371 ], [ 8.57211, 47.40319 ], [ 8.57229, 47.40176 ], [ 8.57045, 47.40082 ], [ 8.56845, 47.40134 ], [ 8.56827, 47.40278 ] ] ] } },
{ "type": "Feature", "properties": { "id": 330, "population": 0, "o_score_pt": 1468.473, "o_score_car": 1672.643, "CDI": 0.065 }, "geometry": { "type": "Polygon", "coordinates": [ [ [ 8.51586, 47.4097 ], [ 8.51609, 47.40982 ], [ 8.51609, 47.40982 ], [ 8.51586, 47.4097 ] ] ] } },
{ "type": "Feature", "properties": { "id": 331, "population": 573, "o_score_pt": 1337.395, "o_score_car": 1495.485, "CDI": 0.056 }, "geometry": { "type": "Polygon", "coordinates": [ [ [ 8.58515, 47.35993 ], [ 8.58719, 47.36097 ], [ 8.58943, 47.36038 ], [ 8.58963, 47.35877 ], [ 8.58759, 47.35774 ], [ 8.58536, 47.35832 ], [ 8.58515, 47.35993 ] ] ] } },
{ "type": "Feature", "properties": { "id": 332, "population": 948, "o_score_pt": 2194.275, "o_score_car": 1933.305, "CDI": -0.063 }, "geometry": { "type": "Polygon", "coordinates": [ [ [ 8.5326, 47.38872 ], [ 8.53478, 47.38982 ], [ 8.53718, 47.38919 ], [ 8.5374, 47.38746 ], [ 8.53523, 47.38636 ], [ 8.53283, 47.38699 ], [ 8.5326, 47.38872 ] ] ] } },
{ "type": "Feature", "properties": { "id": 333, "population": 761, "o_score_pt": 2072.814, "o_score_car": 1788.531, "CDI": -0.074 }, "geometry": { "type": "Polygon", "coordinates": [ [ [ 8.51507, 47.36321 ], [ 8.51721, 47.3643 ], [ 8.51957, 47.36368 ], [ 8.51979, 47.36199 ], [ 8.51765, 47.3609 ], [ 8.51529, 47.36152 ], [ 8.51507, 47.36321 ] ] ] } },
{ "type": "Feature", "properties": { "id": 334, "population": 964, "o_score_pt": 1975.03, "o_score_car": 1736.034, "CDI": -0.064 }, "geometry": { "type": "Polygon", "coordinates": [ [ [ 8.54823, 47.41137 ], [ 8.55041, 47.41247 ], [ 8.55281, 47.41184 ], [ 8.55303, 47.41011 ], [ 8.55086, 47.40901 ], [ 8.54846, 47.40964 ], [ 8.54823, 47.41137 ] ] ] } },
{ "type": "Feature", "properties": { "id": 335, "population": 351, "o_score_pt": 1230.392, "o_score_car": 1409.399, "CDI": 0.068 }, "geometry": { "type": "Polygon", "coordinates": [ [ [ 8.56838, 47.3476 ], [ 8.57025, 47.34854 ], [ 8.57228, 47.34801 ], [ 8.57246, 47.34656 ], [ 8.57059, 47.34561 ], [ 8.56857, 47.34614 ], [ 8.56838, 47.3476 ] ] ] } },
{ "type": "Feature", "properties": { "id": 336, "population": 897, "o_score_pt": 2076.885, "o_score_car": 1869.984, "CDI": -0.052 }, "geometry": { "type": "Polygon", "coordinates": [ [ [ 8.54242, 47.38448 ], [ 8.5446, 47.38558 ], [ 8.547, 47.38496 ], [ 8.54722, 47.38323 ], [ 8.54505, 47.38212 ], [ 8.54265, 47.38275 ], [ 8.54242, 47.38448 ] ] ] } },
{ "type": "Feature", "properties": { "id": 337, "population": 0, "o_score_pt": 5.826, "o_score_car": 1546.194, "CDI": 0.992 }, "geometry": { "type": "Polygon", "coordinates": [ [ [ 8.59706, 47.37346 ], [ 8.59729, 47.37357 ], [ 8.59729, 47.37357 ], [ 8.59706, 47.37346 ] ] ] } },
{ "type": "Feature", "properties": { "id": 338, "population": 419, "o_score_pt": 1515.535, "o_score_car": 1561.429, "CDI": 0.015 }, "geometry": { "type": "Polygon", "coordinates": [ [ [ 8.53696, 47.3391 ], [ 8.53889, 47.34008 ], [ 8.54099, 47.33953 ], [ 8.54119, 47.33802 ], [ 8.53925, 47.33704 ], [ 8.53715, 47.33759 ], [ 8.53696, 47.3391 ] ] ] } },
{ "type": "Feature", "properties": { "id": 339, "population": 831, "o_score_pt": 1861.106, "o_score_car": 1796.316, "CDI": -0.018 }, "geometry": { "type": "Polygon", "coordinates": [ [ [ 8.49796, 47.38773 ], [ 8.50013, 47.38883 ], [ 8.50252, 47.38821 ], [ 8.50274, 47.38648 ], [ 8.50057, 47.38538 ], [ 8.49818, 47.38601 ], [ 8.49796, 47.38773 ] ] ] } },
{ "type": "Feature", "properties": { "id": 340, "population": 910, "o_score_pt": 2234.894, "o_score_car": 1888.536, "CDI": -0.084 }, "geometry": { "type": "Polygon", "coordinates": [ [ [ 8.53126, 47.39909 ], [ 8.53344, 47.40019 ], [ 8.53584, 47.39956 ], [ 8.53606, 47.39784 ], [ 8.53389, 47.39673 ], [ 8.53149, 47.39736 ], [ 8.53126, 47.39909 ] ] ] } },
{ "type": "Feature", "properties": { "id": 341, "population": 660, "o_score_pt": 1463.197, "o_score_car": 1520.336, "CDI": 0.019 }, "geometry": { "type": "Polygon", "coordinates": [ [ [ 8.54175, 47.42641 ], [ 8.54384, 47.42747 ], [ 8.54614, 47.42688 ], [ 8.54635, 47.42522 ], [ 8.54426, 47.42416 ], [ 8.54196, 47.42476 ], [ 8.54175, 47.42641 ] ] ] } },
{ "type": "Feature", "properties": { "id": 342, "population": 734, "o_score_pt": 1731.404, "o_score_car": 1706.589, "CDI": -0.007 }, "geometry": { "type": "Polygon", "coordinates": [ [ [ 8.48758, 47.37874 ], [ 8.48971, 47.37982 ], [ 8.49205, 47.37921 ], [ 8.49227, 47.37752 ], [ 8.49014, 47.37644 ], [ 8.4878, 47.37705 ], [ 8.48758, 47.37874 ] ] ] } },
{ "type": "Feature", "properties": { "id": 343, "population": 828, "o_score_pt": 1968.034, "o_score_car": 1777.533, "CDI": -0.051 }, "geometry": { "type": "Polygon", "coordinates": [ [ [ 8.56341, 47.36563 ], [ 8.56558, 47.36673 ], [ 8.56797, 47.3661 ], [ 8.56819, 47.36438 ], [ 8.56602, 47.36328 ], [ 8.56363, 47.3639 ], [ 8.56341, 47.36563 ] ] ] } },
{ "type": "Feature", "properties": { "id": 344, "population": 905, "o_score_pt": 2016.123, "o_score_car": 1777.268, "CDI": -0.063 }, "geometry": { "type": "Polygon", "coordinates": [ [ [ 8.54433, 47.4057 ], [ 8.5465, 47.40681 ], [ 8.5489, 47.40618 ], [ 8.54913, 47.40445 ], [ 8.54695, 47.40335 ], [ 8.54455, 47.40397 ], [ 8.54433, 47.4057 ] ] ] } },
{ "type": "Feature", "properties": { "id": 345, "population": 945, "o_score_pt": 2060.153, "o_score_car": 1913.465, "CDI": -0.037 }, "geometry": { "type": "Polygon", "coordinates": [ [ [ 8.5287, 47.38305 ], [ 8.53087, 47.38415 ], [ 8.53327, 47.38353 ], [ 8.5335, 47.3818 ], [ 8.53132, 47.3807 ], [ 8.52892, 47.38132 ], [ 8.5287, 47.38305 ] ] ] } },
{ "type": "Feature", "properties": { "id": 346, "population": 697, "o_score_pt": 1744.551, "o_score_car": 1606.005, "CDI": -0.041 }, "geometry": { "type": "Polygon", "coordinates": [ [ [ 8.48424, 47.40466 ], [ 8.48635, 47.40573 ], [ 8.48867, 47.40513 ], [ 8.48888, 47.40346 ], [ 8.48677, 47.40239 ], [ 8.48446, 47.40299 ], [ 8.48424, 47.40466 ] ] ] } },
{ "type": "Feature", "properties": { "id": 347, "population": 0, "o_score_pt": 1081.096, "o_score_car": 1493.661, "CDI": 0.16 }, "geometry": { "type": "Polygon", "coordinates": [ [ [ 8.58204, 47.36401 ], [ 8.58227, 47.36413 ], [ 8.58227, 47.36413 ], [ 8.58204, 47.36401 ] ] ] } },
{ "type": "Feature", "properties": { "id": 348, "population": 55, "o_score_pt": 1360.717, "o_score_car": 1674.254, "CDI": 0.103 }, "geometry": { "type": "Polygon", "coordinates": [ [ [ 8.54754, 47.35302 ], [ 8.54878, 47.35364 ], [ 8.55001, 47.35332 ], [ 8.55013, 47.35243 ], [ 8.54889, 47.35181 ], [ 8.54766, 47.35213 ], [ 8.54754, 47.35302 ] ] ] } },
{ "type": "Feature", "properties": { "id": 349, "population": 579, "o_score_pt": 1713.414, "o_score_car": 1762.639, "CDI": 0.014 }, "geometry": { "type": "Polygon", "coordinates": [ [ [ 8.54854, 47.35614 ], [ 8.55059, 47.35717 ], [ 8.55283, 47.35659 ], [ 8.55303, 47.35498 ], [ 8.55099, 47.35394 ], [ 8.54875, 47.35452 ], [ 8.54854, 47.35614 ] ] ] } },
{ "type": "Feature", "properties": { "id": 350, "population": 687, "o_score_pt": 1673.508, "o_score_car": 1508.041, "CDI": -0.052 }, "geometry": { "type": "Polygon", "coordinates": [ [ [ 8.54436, 47.42407 ], [ 8.54646, 47.42513 ], [ 8.54878, 47.42453 ], [ 8.54899, 47.42286 ], [ 8.54688, 47.4218 ], [ 8.54457, 47.4224 ], [ 8.54436, 47.42407 ] ] ] } },
{ "type": "Feature", "properties": { "id": 351, "population": 293, "o_score_pt": 1486.26, "o_score_car": 1622.418, "CDI": 0.044 }, "geometry": { "type": "Polygon", "coordinates": [ [ [ 8.49979, 47.35883 ], [ 8.5016, 47.35975 ], [ 8.50355, 47.35924 ], [ 8.50373, 47.35784 ], [ 8.50192, 47.35692 ], [ 8.49997, 47.35743 ], [ 8.49979, 47.35883 ] ] ] } },
{ "type": "Feature", "properties": { "id": 352, "population": 604, "o_score_pt": 1715.455, "o_score_car": 1557.174, "CDI": -0.048 }, "geometry": { "type": "Polygon", "coordinates": [ [ [ 8.48039, 47.39898 ], [ 8.48245, 47.40003 ], [ 8.48471, 47.39944 ], [ 8.48492, 47.39781 ], [ 8.48286, 47.39677 ], [ 8.48061, 47.39736 ], [ 8.48039, 47.39898 ] ] ] } },
{ "type": "Feature", "properties": { "id": 353, "population": 983, "o_score_pt": 1870.26, "o_score_car": 1768.651, "CDI": -0.028 }, "geometry": { "type": "Polygon", "coordinates": [ [ [ 8.49802, 47.36934 ], [ 8.50019, 47.37044 ], [ 8.50259, 47.36982 ], [ 8.50281, 47.36809 ], [ 8.50064, 47.36698 ], [ 8.49824, 47.36761 ], [ 8.49802, 47.36934 ] ] ] } },
{ "type": "Feature", "properties": { "id": 354, "population": 863, "o_score_pt": 1673.963, "o_score_car": 1612.19, "CDI": -0.019 }, "geometry": { "type": "Polygon", "coordinates": [ [ [ 8.53143, 47.3439 ], [ 8.53361, 47.345 ], [ 8.53601, 47.34438 ], [ 8.53623, 47.34265 ], [ 8.53405, 47.34154 ], [ 8.53166, 47.34217 ], [ 8.53143, 47.3439 ] ] ] } },
{ "type": "Feature", "properties": { "id": 355, "population": 62, "o_score_pt": 1096.037, "o_score_car": 1431.89, "CDI": 0.133 }, "geometry": { "type": "Polygon", "coordinates": [ [ [ 8.49821, 47.42937 ], [ 8.49949, 47.43002 ], [ 8.50078, 47.42968 ], [ 8.5009, 47.42876 ], [ 8.49962, 47.42811 ], [ 8.49833, 47.42845 ], [ 8.49821, 47.42937 ] ] ] } },
{ "type": "Feature", "properties": { "id": 356, "population": 668, "o_score_pt": 1706.049, "o_score_car": 1710.767, "CDI": 0.001 }, "geometry": { "type": "Polygon", "coordinates": [ [ [ 8.49091, 47.37119 ], [ 8.49301, 47.37225 ], [ 8.49531, 47.37165 ], [ 8.49552, 47.36999 ], [ 8.49343, 47.36893 ], [ 8.49113, 47.36953 ], [ 8.49091, 47.37119 ] ] ] } },
{ "type": "Feature", "properties": { "id": 357, "population": 0, "o_score_pt": 3.343, "o_score_car": 1349.816, "CDI": 0.995 }, "geometry": { "type": "Polygon", "coordinates": [ [ [ 8.61278, 47.35931 ], [ 8.61301, 47.35942 ], [ 8.61301, 47.35942 ], [ 8.61278, 47.35931 ] ] ] } },
{ "type": "Feature", "properties": { "id": 358, "population": 0, "o_score_pt": 7.655, "o_score_car": 1572.798, "CDI": 0.99 }, "geometry": { "type": "Polygon", "coordinates": [ [ [ 8.57346, 47.39467 ], [ 8.57369, 47.39478 ], [ 8.57369, 47.39478 ], [ 8.57346, 47.39467 ] ] ] } },
{ "type": "Feature", "properties": { "id": 359, "population": 213, "o_score_pt": 1411.152, "o_score_car": 1514.294, "CDI": 0.035 }, "geometry": { "type": "Polygon", "coordinates": [ [ [ 8.48075, 47.41724 ], [ 8.48245, 47.4181 ], [ 8.48426, 47.41763 ], [ 8.48443, 47.41633 ], [ 8.48273, 47.41546 ], [ 8.48092, 47.41594 ], [ 8.48075, 47.41724 ] ] ] } },
{ "type": "Feature", "properties": { "id": 360, "population": 412, "o_score_pt": 1508.818, "o_score_car": 1500.361, "CDI": -0.003 }, "geometry": { "type": "Polygon", "coordinates": [ [ [ 8.49354, 47.42394 ], [ 8.49547, 47.42492 ], [ 8.49756, 47.42437 ], [ 8.49776, 47.42286 ], [ 8.49583, 47.42189 ], [ 8.49373, 47.42243 ], [ 8.49354, 47.42394 ] ] ] } },
{ "type": "Feature", "properties": { "id": 361, "population": 0, "o_score_pt": 1632.732, "o_score_car": 1669.387, "CDI": 0.011 }, "geometry": { "type": "Polygon", "coordinates": [ [ [ 8.48921, 47.36487 ], [ 8.48943, 47.36499 ], [ 8.48943, 47.36499 ], [ 8.48921, 47.36487 ] ] ] } },
{ "type": "Feature", "properties": { "id": 362, "population": 769, "o_score_pt": 1914.613, "o_score_car": 1707.406, "CDI": -0.057 }, "geometry": { "type": "Polygon", "coordinates": [ [ [ 8.49994, 47.39055 ], [ 8.50208, 47.39164 ], [ 8.50444, 47.39102 ], [ 8.50467, 47.38932 ], [ 8.50252, 47.38824 ], [ 8.50016, 47.38885 ], [ 8.49994, 47.39055 ] ] ] } },
{ "type": "Feature", "properties": { "id": 363, "population": 663, "o_score_pt": 1726.142, "o_score_car": 1643.496, "CDI": -0.025 }, "geometry": { "type": "Polygon", "coordinates": [ [ [ 8.49616, 47.36648 ], [ 8.49825, 47.36754 ], [ 8.50055, 47.36694 ], [ 8.50076, 47.36528 ], [ 8.49867, 47.36422 ], [ 8.49638, 47.36482 ], [ 8.49616, 47.36648 ] ] ] } },
{ "type": "Feature", "properties": { "id": 364, "population": 0, "o_score_pt": 1116.639, "o_score_car": 1776.274, "CDI": 0.228 }, "geometry": { "type": "Polygon", "coordinates": [ [ [ 8.55973, 47.39324 ], [ 8.55996, 47.39336 ], [ 8.55996, 47.39336 ], [ 8.55973, 47.39324 ] ] ] } },
{ "type": "Feature", "properties": { "id": 365, "population": 13, "o_score_pt": 1310.777, "o_score_car": 1631.737, "CDI": 0.109 }, "geometry": { "type": "Polygon", "coordinates": [ [ [ 8.55978, 47.38823 ], [ 8.56053, 47.38862 ], [ 8.56118, 47.38845 ], [ 8.56124, 47.38799 ], [ 8.56048, 47.38761 ], [ 8.55984, 47.38778 ], [ 8.55978, 47.38823 ] ] ] } },
{ "type": "Feature", "properties": { "id": 366, "population": 840, "o_score_pt": 1925.378, "o_score_car": 1760.526, "CDI": -0.045 }, "geometry": { "type": "Polygon", "coordinates": [ [ [ 8.51436, 47.36841 ], [ 8.51654, 47.36952 ], [ 8.51893, 47.36889 ], [ 8.51916, 47.36716 ], [ 8.51698, 47.36606 ], [ 8.51459, 47.36669 ], [ 8.51436, 47.36841 ] ] ] } },
{ "type": "Feature", "properties": { "id": 367, "population": 644, "o_score_pt": 1496.881, "o_score_car": 1465.64, "CDI": -0.011 }, "geometry": { "type": "Polygon", "coordinates": [ [ [ 8.53221, 47.33868 ], [ 8.53429, 47.33973 ], [ 8.53658, 47.33914 ], [ 8.53679, 47.33749 ], [ 8.53471, 47.33644 ], [ 8.53242, 47.33703 ], [ 8.53221, 47.33868 ] ] ] } },
{ "type": "Feature", "properties": { "id": 368, "population": 789, "o_score_pt": 1903.204, "o_score_car": 1720.983, "CDI": -0.05 }, "geometry": { "type": "Polygon", "coordinates": [ [ [ 8.4856, 47.37592 ], [ 8.48775, 47.37701 ], [ 8.49012, 47.37639 ], [ 8.49034, 47.37468 ], [ 8.48819, 47.37359 ], [ 8.48582, 47.37421 ], [ 8.4856, 47.37592 ] ] ] } },
{ "type": "Feature", "properties": { "id": 369, "population": 483, "o_score_pt": 1529.112, "o_score_car": 1471.214, "CDI": -0.019 }, "geometry": { "type": "Polygon", "coordinates": [ [ [ 8.54121, 47.43156 ], [ 8.54319, 47.43257 ], [ 8.54535, 47.432 ], [ 8.54555, 47.43045 ], [ 8.54357, 47.42944 ], [ 8.54141, 47.43001 ], [ 8.54121, 47.43156 ] ] ] } },
{ "type": "Feature", "properties": { "id": 370, "population": 365, "o_score_pt": 1658.777, "o_score_car": 1539.593, "CDI": -0.037 }, "geometry": { "type": "Polygon", "coordinates": [ [ [ 8.49823, 47.40602 ], [ 8.50012, 47.40697 ], [ 8.50216, 47.40644 ], [ 8.50235, 47.40497 ], [ 8.50046, 47.40402 ], [ 8.49842, 47.40455 ], [ 8.49823, 47.40602 ] ] ] } },
{ "type": "Feature", "properties": { "id": 371, "population": 799, "o_score_pt": 1568.962, "o_score_car": 1661.149, "CDI": 0.029 }, "geometry": { "type": "Polygon", "coordinates": [ [ [ 8.56724, 47.40807 ], [ 8.5694, 47.40917 ], [ 8.57177, 47.40855 ], [ 8.57199, 47.40683 ], [ 8.56983, 47.40574 ], [ 8.56746, 47.40636 ], [ 8.56724, 47.40807 ] ] ] } },
{ "type": "Feature", "properties": { "id": 372, "population": 924, "o_score_pt": 1677.456, "o_score_car": 1615.943, "CDI": -0.019 }, "geometry": { "type": "Polygon", "coordinates": [ [ [ 8.56917, 47.41091 ], [ 8.57135, 47.41201 ], [ 8.57375, 47.41139 ], [ 8.57397, 47.40966 ], [ 8.57179, 47.40856 ], [ 8.56939, 47.40918 ], [ 8.56917, 47.41091 ] ] ] } },
{ "type": "Feature", "properties": { "id": 373, "population": 112, "o_score_pt": 1084.625, "o_score_car": 1318.984, "CDI": 0.098 }, "geometry": { "type": "Polygon", "coordinates": [ [ [ 8.59825, 47.35313 ], [ 8.59973, 47.35388 ], [ 8.60127, 47.35348 ], [ 8.60141, 47.35237 ], [ 8.59993, 47.35162 ], [ 8.59839, 47.35203 ], [ 8.59825, 47.35313 ] ] ] } },
{ "type": "Feature", "properties": { "id": 374, "population": 953, "o_score_pt": 2053.936, "o_score_car": 1876.1, "CDI": -0.045 }, "geometry": { "type": "Polygon", "coordinates": [ [ [ 8.52412, 47.38258 ], [ 8.5263, 47.38368 ], [ 8.5287, 47.38305 ], [ 8.52892, 47.38132 ], [ 8.52674, 47.38022 ], [ 8.52435, 47.38085 ], [ 8.52412, 47.38258 ] ] ] } },
{ "type": "Feature", "properties": { "id": 375, "population": 924, "o_score_pt": 1663.548, "o_score_car": 1720.266, "CDI": 0.017 }, "geometry": { "type": "Polygon", "coordinates": [ [ [ 8.50186, 47.3934 ], [ 8.50403, 47.3945 ], [ 8.50643, 47.39387 ], [ 8.50665, 47.39214 ], [ 8.50448, 47.39104 ], [ 8.50208, 47.39167 ], [ 8.50186, 47.3934 ] ] ] } },
{ "type": "Feature", "properties": { "id": 376, "population": 83, "o_score_pt": 1131.585, "o_score_car": 1479.702, "CDI": 0.133 }, "geometry": { "type": "Polygon", "coordinates": [ [ [ 8.51804, 47.32897 ], [ 8.51942, 47.32967 ], [ 8.52083, 47.3293 ], [ 8.52096, 47.32829 ], [ 8.51958, 47.32759 ], [ 8.51817, 47.32796 ], [ 8.51804, 47.32897 ] ] ] } },
{ "type": "Feature", "properties": { "id": 377, "population": 848, "o_score_pt": 1947.15, "o_score_car": 1601.983, "CDI": -0.097 }, "geometry": { "type": "Polygon", "coordinates": [ [ [ 8.48093, 47.39384 ], [ 8.48311, 47.39494 ], [ 8.48551, 47.39432 ], [ 8.48573, 47.39259 ], [ 8.48356, 47.39148 ], [ 8.48116, 47.39211 ], [ 8.48093, 47.39384 ] ] ] } },
{ "type": "Feature", "properties": { "id": 378, "population": 620, "o_score_pt": 1426.56, "o_score_car": 1486.744, "CDI": 0.021 }, "geometry": { "type": "Polygon", "coordinates": [ [ [ 8.58894, 47.4024 ], [ 8.59101, 47.40345 ], [ 8.59328, 47.40285 ], [ 8.59349, 47.40122 ], [ 8.59142, 47.40017 ], [ 8.58915, 47.40077 ], [ 8.58894, 47.4024 ] ] ] } },
{ "type": "Feature", "properties": { "id": 379, "population": 676, "o_score_pt": 1950.534, "o_score_car": 1790.198, "CDI": -0.043 }, "geometry": { "type": "Polygon", "coordinates": [ [ [ 8.54519, 47.3637 ], [ 8.54729, 47.36477 ], [ 8.54959, 47.36416 ], [ 8.54981, 47.3625 ], [ 8.54771, 47.36144 ], [ 8.5454, 47.36204 ], [ 8.54519, 47.3637 ] ] ] } },
{ "type": "Feature", "properties": { "id": 380, "population": 0, "o_score_pt": 75.507, "o_score_car": 1755.807, "CDI": 0.918 }, "geometry": { "type": "Polygon", "coordinates": [ [ [ 8.5461, 47.35502 ], [ 8.54633, 47.35514 ], [ 8.54633, 47.35514 ], [ 8.5461, 47.35502 ] ] ] } },
{ "type": "Feature", "properties": { "id": 381, "population": 621, "o_score_pt": 1549.981, "o_score_car": 1556.002, "CDI": 0.002 }, "geometry": { "type": "Polygon", "coordinates": [ [ [ 8.50777, 47.42024 ], [ 8.50985, 47.42129 ], [ 8.51211, 47.4207 ], [ 8.51233, 47.41906 ], [ 8.51026, 47.41801 ], [ 8.50799, 47.4186 ], [ 8.50777, 47.42024 ] ] ] } },
{ "type": "Feature", "properties": { "id": 382, "population": 165, "o_score_pt": 1365.113, "o_score_car": 1355.33, "CDI": -0.004 }, "geometry": { "type": "Polygon", "coordinates": [ [ [ 8.51222, 47.42574 ], [ 8.51383, 47.42655 ], [ 8.51554, 47.42611 ], [ 8.51569, 47.42489 ], [ 8.51408, 47.42407 ], [ 8.51238, 47.42451 ], [ 8.51222, 47.42574 ] ] ] } },
{ "type": "Feature", "properties": { "id": 383, "population": 255, "o_score_pt": 981.698, "o_score_car": 1570.504, "CDI": 0.231 }, "geometry": { "type": "Polygon", "coordinates": [ [ [ 8.57233, 47.39002 ], [ 8.57409, 47.39091 ], [ 8.57598, 47.39042 ], [ 8.57615, 47.38906 ], [ 8.57439, 47.38816 ], [ 8.5725, 47.38866 ], [ 8.57233, 47.39002 ] ] ] } },
{ "type": "Feature", "properties": { "id": 384, "population": 918, "o_score_pt": 1582.57, "o_score_car": 1556.333, "CDI": -0.008 }, "geometry": { "type": "Polygon", "coordinates": [ [ [ 8.52686, 47.34343 ], [ 8.52903, 47.34453 ], [ 8.53143, 47.3439 ], [ 8.53166, 47.34217 ], [ 8.52948, 47.34107 ], [ 8.52708, 47.3417 ], [ 8.52686, 47.34343 ] ] ] } },
{ "type": "Feature", "properties": { "id": 385, "population": 20, "o_score_pt": 1232.065, "o_score_car": 1477.282, "CDI": 0.091 }, "geometry": { "type": "Polygon", "coordinates": [ [ [ 8.49542, 47.41839 ], [ 8.49632, 47.41884 ], [ 8.49714, 47.41863 ], [ 8.49722, 47.41805 ], [ 8.49632, 47.41759 ], [ 8.4955, 47.41781 ], [ 8.49542, 47.41839 ] ] ] } },
{ "type": "Feature", "properties": { "id": 386, "population": 843, "o_score_pt": 2139.43, "o_score_car": 1904.171, "CDI": -0.058 }, "geometry": { "type": "Polygon", "coordinates": [ [ [ 8.52931, 47.39626 ], [ 8.53149, 47.39736 ], [ 8.53389, 47.39673 ], [ 8.53411, 47.395 ], [ 8.53193, 47.3939 ], [ 8.52953, 47.39453 ], [ 8.52931, 47.39626 ] ] ] } },
{ "type": "Feature", "properties": { "id": 387, "population": 46, "o_score_pt": 1220.964, "o_score_car": 1499.726, "CDI": 0.102 }, "geometry": { "type": "Polygon", "coordinates": [ [ [ 8.58608, 47.39642 ], [ 8.58726, 47.39701 ], [ 8.58842, 47.39671 ], [ 8.58853, 47.39588 ], [ 8.58735, 47.39528 ], [ 8.58619, 47.39559 ], [ 8.58608, 47.39642 ] ] ] } },
{ "type": "Feature", "properties": { "id": 388, "population": 557, "o_score_pt": 1647.034, "o_score_car": 1740.124, "CDI": 0.027 }, "geometry": { "type": "Polygon", "coordinates": [ [ [ 8.53026, 47.35423 ], [ 8.53229, 47.35526 ], [ 8.53451, 47.35468 ], [ 8.53472, 47.35308 ], [ 8.53269, 47.35205 ], [ 8.53047, 47.35263 ], [ 8.53026, 47.35423 ] ] ] } },
{ "type": "Feature", "properties": { "id": 389, "population": 836, "o_score_pt": 2061.718, "o_score_car": 1857.577, "CDI": -0.052 }, "geometry": { "type": "Polygon", "coordinates": [ [ [ 8.51302, 47.37879 ], [ 8.5152, 47.37989 ], [ 8.51759, 47.37927 ], [ 8.51781, 47.37754 ], [ 8.51564, 47.37644 ], [ 8.51325, 47.37706 ], [ 8.51302, 47.37879 ] ] ] } },
{ "type": "Feature", "properties": { "id": 390, "population": 112, "o_score_pt": 1304.09, "o_score_car": 1506.262, "CDI": 0.072 }, "geometry": { "type": "Polygon", "coordinates": [ [ [ 8.49346, 47.41058 ], [ 8.49494, 47.41133 ], [ 8.49648, 47.41093 ], [ 8.49662, 47.40982 ], [ 8.49514, 47.40907 ], [ 8.4936, 47.40948 ], [ 8.49346, 47.41058 ] ] ] } },
{ "type": "Feature", "properties": { "id": 391, "population": 975, "o_score_pt": 1787.321, "o_score_car": 1800.774, "CDI": 0.004 }, "geometry": { "type": "Polygon", "coordinates": [ [ [ 8.55749, 47.37553 ], [ 8.55967, 47.37663 ], [ 8.56207, 47.37601 ], [ 8.56229, 47.37428 ], [ 8.56011, 47.37318 ], [ 8.55771, 47.3738 ], [ 8.55749, 47.37553 ] ] ] } },
{ "type": "Feature", "properties": { "id": 392, "population": 2, "o_score_pt": 779.98, "o_score_car": 1364.396, "CDI": 0.273 }, "geometry": { "type": "Polygon", "coordinates": [ [ [ 8.61212, 47.3645 ], [ 8.61235, 47.36461 ], [ 8.61235, 47.36461 ], [ 8.61212, 47.3645 ] ] ] } },
{ "type": "Feature", "properties": { "id": 393, "population": 0, "o_score_pt": 3.231, "o_score_car": 1290.213, "CDI": 0.995 }, "geometry": { "type": "Polygon", "coordinates": [ [ [ 8.61736, 47.35978 ], [ 8.61759, 47.35989 ], [ 8.61759, 47.35989 ], [ 8.61736, 47.35978 ] ] ] } },
{ "type": "Feature", "properties": { "id": 394, "population": 97, "o_score_pt": 1309.528, "o_score_car": 1645.889, "CDI": 0.114 }, "geometry": { "type": "Polygon", "coordinates": [ [ [ 8.56881, 47.38424 ], [ 8.57024, 47.38496 ], [ 8.57172, 47.38457 ], [ 8.57185, 47.38351 ], [ 8.57042, 47.38279 ], [ 8.56894, 47.38318 ], [ 8.56881, 47.38424 ] ] ] } },
{ "type": "Feature", "properties": { "id": 395, "population": 467, "o_score_pt": 1532.129, "o_score_car": 1531.917, "CDI": -0.0 }, "geometry": { "type": "Polygon", "coordinates": [ [ [ 8.4811, 47.41215 ], [ 8.48308, 47.41315 ], [ 8.48522, 47.41259 ], [ 8.48542, 47.41105 ], [ 8.48345, 47.41005 ], [ 8.4813, 47.41061 ], [ 8.4811, 47.41215 ] ] ] } },
{ "type": "Feature", "properties": { "id": 396, "population": 1058, "o_score_pt": 2194.905, "o_score_car": 1727.978, "CDI": -0.119 }, "geometry": { "type": "Polygon", "coordinates": [ [ [ 8.5143, 47.38681 ], [ 8.51648, 47.38791 ], [ 8.51888, 47.38729 ], [ 8.5191, 47.38556 ], [ 8.51692, 47.38445 ], [ 8.51452, 47.38508 ], [ 8.5143, 47.38681 ] ] ] } },
{ "type": "Feature", "properties": { "id": 397, "population": 745, "o_score_pt": 1728.33, "o_score_car": 1539.066, "CDI": -0.058 }, "geometry": { "type": "Polygon", "coordinates": [ [ [ 8.58362, 47.40713 ], [ 8.58576, 47.40821 ], [ 8.58811, 47.4076 ], [ 8.58832, 47.40591 ], [ 8.58619, 47.40483 ], [ 8.58384, 47.40544 ], [ 8.58362, 47.40713 ] ] ] } },
{ "type": "Feature", "properties": { "id": 398, "population": 798, "o_score_pt": 2140.117, "o_score_car": 1834.069, "CDI": -0.077 }, "geometry": { "type": "Polygon", "coordinates": [ [ [ 8.53988, 47.36843 ], [ 8.54204, 47.36953 ], [ 8.54441, 47.36891 ], [ 8.54463, 47.36719 ], [ 8.54247, 47.3661 ], [ 8.5401, 47.36672 ], [ 8.53988, 47.36843 ] ] ] } },
{ "type": "Feature", "properties": { "id": 399, "population": 11, "o_score_pt": 8.054, "o_score_car": 1165.003, "CDI": 0.986 }, "geometry": { "type": "Polygon", "coordinates": [ [ [ 8.48804, 47.35182 ], [ 8.48875, 47.35218 ], [ 8.48932, 47.35202 ], [ 8.48938, 47.35162 ], [ 8.48868, 47.35126 ], [ 8.4881, 47.35141 ], [ 8.48804, 47.35182 ] ] ] } },
{ "type": "Feature", "properties": { "id": 400, "population": 853, "o_score_pt": 2077.665, "o_score_car": 1709.753, "CDI": -0.097 }, "geometry": { "type": "Polygon", "coordinates": [ [ [ 8.54103, 47.41324 ], [ 8.54321, 47.41435 ], [ 8.54561, 47.41372 ], [ 8.54583, 47.41199 ], [ 8.54366, 47.41089 ], [ 8.54126, 47.41152 ], [ 8.54103, 47.41324 ] ] ] } },
{ "type": "Feature", "properties": { "id": 401, "population": 0, "o_score_pt": 1228.286, "o_score_car": 1473.253, "CDI": 0.091 }, "geometry": { "type": "Polygon", "coordinates": [ [ [ 8.57542, 47.3975 ], [ 8.57564, 47.39761 ], [ 8.57564, 47.39761 ], [ 8.57542, 47.3975 ] ] ] } },
{ "type": "Feature", "properties": { "id": 402, "population": 46, "o_score_pt": 995.943, "o_score_car": 1246.163, "CDI": 0.112 }, "geometry": { "type": "Polygon", "coordinates": [ [ [ 8.59403, 47.35255 ], [ 8.59521, 47.35315 ], [ 8.59637, 47.35284 ], [ 8.59648, 47.35201 ], [ 8.5953, 47.35141 ], [ 8.59414, 47.35172 ], [ 8.59403, 47.35255 ] ] ] } },
{ "type": "Feature", "properties": { "id": 403, "population": 1041, "o_score_pt": 2242.542, "o_score_car": 1891.376, "CDI": -0.085 }, "geometry": { "type": "Polygon", "coordinates": [ [ [ 8.54376, 47.37411 ], [ 8.54594, 47.37521 ], [ 8.54834, 47.37458 ], [ 8.54856, 47.37285 ], [ 8.54638, 47.37175 ], [ 8.54399, 47.37238 ], [ 8.54376, 47.37411 ] ] ] } },
{ "type": "Feature", "properties": { "id": 404, "population": 84, "o_score_pt": 1051.223, "o_score_car": 1399.716, "CDI": 0.142 }, "geometry": { "type": "Polygon", "coordinates": [ [ [ 8.50724, 47.43036 ], [ 8.50862, 47.43106 ], [ 8.51004, 47.43069 ], [ 8.51017, 47.42968 ], [ 8.50879, 47.42898 ], [ 8.50737, 47.42935 ], [ 8.50724, 47.43036 ] ] ] } },
{ "type": "Feature", "properties": { "id": 405, "population": 262, "o_score_pt": 1119.487, "o_score_car": 1280.06, "CDI": 0.067 }, "geometry": { "type": "Polygon", "coordinates": [ [ [ 8.59528, 47.35559 ], [ 8.59706, 47.35649 ], [ 8.59896, 47.35599 ], [ 8.59913, 47.35463 ], [ 8.59736, 47.35373 ], [ 8.59546, 47.35423 ], [ 8.59528, 47.35559 ] ] ] } },
{ "type": "Feature", "properties": { "id": 406, "population": 118, "o_score_pt": 1730.067, "o_score_car": 1766.21, "CDI": 0.01 }, "geometry": { "type": "Polygon", "coordinates": [ [ [ 8.52486, 47.40073 ], [ 8.52636, 47.40148 ], [ 8.52792, 47.40108 ], [ 8.52807, 47.39996 ], [ 8.52657, 47.3992 ], [ 8.52501, 47.3996 ], [ 8.52486, 47.40073 ] ] ] } },
{ "type": "Feature", "properties": { "id": 407, "population": 381, "o_score_pt": 1441.153, "o_score_car": 1568.669, "CDI": 0.042 }, "geometry": { "type": "Polygon", "coordinates": [ [ [ 8.57998, 47.40139 ], [ 8.58189, 47.40235 ], [ 8.58395, 47.40181 ], [ 8.58414, 47.40033 ], [ 8.58224, 47.39937 ], [ 8.58017, 47.39991 ], [ 8.57998, 47.40139 ] ] ] } },
{ "type": "Feature", "properties": { "id": 408, "population": 731, "o_score_pt": 1831.226, "o_score_car": 1781.326, "CDI": -0.014 }, "geometry": { "type": "Polygon", "coordinates": [ [ [ 8.52736, 47.4118 ], [ 8.52949, 47.41287 ], [ 8.53183, 47.41226 ], [ 8.53204, 47.41058 ], [ 8.52992, 47.4095 ], [ 8.52758, 47.41011 ], [ 8.52736, 47.4118 ] ] ] } },
{ "type": "Feature", "properties": { "id": 409, "population": 0, "o_score_pt": 1.996, "o_score_car": 1241.385, "CDI": 0.997 }, "geometry": { "type": "Polygon", "coordinates": [ [ [ 8.61345, 47.35412 ], [ 8.61367, 47.35423 ], [ 8.61367, 47.35423 ], [ 8.61345, 47.35412 ] ] ] } },
{ "type": "Feature", "properties": { "id": 410, "population": 324, "o_score_pt": 1457.119, "o_score_car": 1623.942, "CDI": 0.054 }, "geometry": { "type": "Polygon", "coordinates": [ [ [ 8.55392, 47.38815 ], [ 8.55577, 47.38908 ], [ 8.55776, 47.38856 ], [ 8.55794, 47.38713 ], [ 8.5561, 47.38619 ], [ 8.5541, 47.38671 ], [ 8.55392, 47.38815 ] ] ] } },
{ "type": "Feature", "properties": { "id": 411, "population": 260, "o_score_pt": 1521.222, "o_score_car": 1566.916, "CDI": 0.015 }, "geometry": { "type": "Polygon", "coordinates": [ [ [ 8.46836, 47.38707 ], [ 8.47013, 47.38797 ], [ 8.47203, 47.38748 ], [ 8.4722, 47.38611 ], [ 8.47043, 47.38521 ], [ 8.46854, 47.38571 ], [ 8.46836, 47.38707 ] ] ] } },
{ "type": "Feature", "properties": { "id": 412, "population": 488, "o_score_pt": 1506.005, "o_score_car": 1552.565, "CDI": 0.015 }, "geometry": { "type": "Polygon", "coordinates": [ [ [ 8.47718, 47.40649 ], [ 8.47917, 47.4075 ], [ 8.48134, 47.40694 ], [ 8.48154, 47.40538 ], [ 8.47955, 47.40437 ], [ 8.47739, 47.40493 ], [ 8.47718, 47.40649 ] ] ] } },
{ "type": "Feature", "properties": { "id": 413, "population": 0, "o_score_pt": 1452.441, "o_score_car": 1587.846, "CDI": 0.045 }, "geometry": { "type": "Polygon", "coordinates": [ [ [ 8.47676, 47.37145 ], [ 8.47699, 47.37157 ], [ 8.47699, 47.37157 ], [ 8.47676, 47.37145 ] ] ] } },
{ "type": "Feature", "properties": { "id": 414, "population": 557, "o_score_pt": 1847.028, "o_score_car": 1770.543, "CDI": -0.021 }, "geometry": { "type": "Polygon", "coordinates": [ [ [ 8.5105, 47.39948 ], [ 8.51254, 47.40051 ], [ 8.51476, 47.39994 ], [ 8.51497, 47.39834 ], [ 8.51293, 47.39731 ], [ 8.51071, 47.39788 ], [ 8.5105, 47.39948 ] ] ] } },
{ "type": "Feature", "properties": { "id": 415, "population": 797, "o_score_pt": 1743.019, "o_score_car": 1791.407, "CDI": 0.014 }, "geometry": { "type": "Polygon", "coordinates": [ [ [ 8.56013, 47.37317 ], [ 8.56229, 47.37426 ], [ 8.56467, 47.37364 ], [ 8.56489, 47.37193 ], [ 8.56273, 47.37084 ], [ 8.56035, 47.37146 ], [ 8.56013, 47.37317 ] ] ] } },
{ "type": "Feature", "properties": { "id": 416, "population": 545, "o_score_pt": 1431.491, "o_score_car": 1540.563, "CDI": 0.037 }, "geometry": { "type": "Polygon", "coordinates": [ [ [ 8.53725, 47.42591 ], [ 8.53927, 47.42694 ], [ 8.54149, 47.42636 ], [ 8.54169, 47.42477 ], [ 8.53967, 47.42374 ], [ 8.53745, 47.42432 ], [ 8.53725, 47.42591 ] ] ] } },
{ "type": "Feature", "properties": { "id": 417, "population": 0, "o_score_pt": 940.986, "o_score_car": 1408.307, "CDI": 0.199 }, "geometry": { "type": "Polygon", "coordinates": [ [ [ 8.49224, 47.43088 ], [ 8.49247, 47.431 ], [ 8.49247, 47.431 ], [ 8.49224, 47.43088 ] ] ] } },
{ "type": "Feature", "properties": { "id": 418, "population": 837, "o_score_pt": 1950.093, "o_score_car": 1770.948, "CDI": -0.048 }, "geometry": { "type": "Polygon", "coordinates": [ [ [ 8.55816, 47.37034 ], [ 8.56033, 47.37144 ], [ 8.56273, 47.37082 ], [ 8.56295, 47.36909 ], [ 8.56078, 47.36799 ], [ 8.55838, 47.36862 ], [ 8.55816, 47.37034 ] ] ] } },
{ "type": "Feature", "properties": { "id": 419, "population": 593, "o_score_pt": 1678.298, "o_score_car": 1671.215, "CDI": -0.002 }, "geometry": { "type": "Polygon", "coordinates": [ [ [ 8.48377, 47.37305 ], [ 8.48582, 47.37409 ], [ 8.48807, 47.3735 ], [ 8.48828, 47.37189 ], [ 8.48622, 47.37084 ], [ 8.48398, 47.37143 ], [ 8.48377, 47.37305 ] ] ] } },
{ "type": "Feature", "properties": { "id": 420, "population": 232, "o_score_pt": 1661.56, "o_score_car": 1597.78, "CDI": -0.02 }, "geometry": { "type": "Polygon", "coordinates": [ [ [ 8.52258, 47.41636 ], [ 8.52431, 47.41724 ], [ 8.52616, 47.41676 ], [ 8.52633, 47.41543 ], [ 8.5246, 47.41455 ], [ 8.52275, 47.41504 ], [ 8.52258, 47.41636 ] ] ] } },
{ "type": "Feature", "properties": { "id": 421, "population": 651, "o_score_pt": 1387.986, "o_score_car": 1427.411, "CDI": 0.014 }, "geometry": { "type": "Polygon", "coordinates": [ [ [ 8.49793, 47.42447 ], [ 8.50002, 47.42553 ], [ 8.50231, 47.42493 ], [ 8.50252, 47.42329 ], [ 8.50043, 47.42223 ], [ 8.49814, 47.42282 ], [ 8.49793, 47.42447 ] ] ] } },
{ "type": "Feature", "properties": { "id": 422, "population": 259, "o_score_pt": 1679.456, "o_score_car": 1670.601, "CDI": -0.003 }, "geometry": { "type": "Polygon", "coordinates": [ [ [ 8.55463, 47.40132 ], [ 8.5564, 47.40222 ], [ 8.55829, 47.40172 ], [ 8.55847, 47.40036 ], [ 8.5567, 47.39947 ], [ 8.5548, 47.39996 ], [ 8.55463, 47.40132 ] ] ] } },
{ "type": "Feature", "properties": { "id": 423, "population": 3, "o_score_pt": 1136.933, "o_score_car": 1400.569, "CDI": 0.104 }, "geometry": { "type": "Polygon", "coordinates": [ [ [ 8.47517, 47.41862 ], [ 8.47549, 47.41879 ], [ 8.4756, 47.41876 ], [ 8.47561, 47.41869 ], [ 8.47529, 47.41853 ], [ 8.47518, 47.41856 ], [ 8.47517, 47.41862 ] ] ] } },
{ "type": "Feature", "properties": { "id": 424, "population": 677, "o_score_pt": 2082.315, "o_score_car": 1866.401, "CDI": -0.055 }, "geometry": { "type": "Polygon", "coordinates": [ [ [ 8.51116, 47.37593 ], [ 8.51326, 47.377 ], [ 8.51556, 47.37639 ], [ 8.51578, 47.37473 ], [ 8.51368, 47.37367 ], [ 8.51137, 47.37427 ], [ 8.51116, 47.37593 ] ] ] } },
{ "type": "Feature", "properties": { "id": 425, "population": 404, "o_score_pt": 1542.168, "o_score_car": 1661.986, "CDI": 0.037 }, "geometry": { "type": "Polygon", "coordinates": [ [ [ 8.53368, 47.34664 ], [ 8.5356, 47.34762 ], [ 8.53769, 47.34707 ], [ 8.53788, 47.34557 ], [ 8.53596, 47.3446 ], [ 8.53388, 47.34514 ], [ 8.53368, 47.34664 ] ] ] } },
{ "type": "Feature", "properties": { "id": 426, "population": 945, "o_score_pt": 1955.593, "o_score_car": 1773.268, "CDI": -0.049 }, "geometry": { "type": "Polygon", "coordinates": [ [ [ 8.55425, 47.36468 ], [ 8.55643, 47.36578 ], [ 8.55883, 47.36515 ], [ 8.55905, 47.36343 ], [ 8.55687, 47.36232 ], [ 8.55447, 47.36295 ], [ 8.55425, 47.36468 ] ] ] } },
{ "type": "Feature", "properties": { "id": 427, "population": 0, "o_score_pt": 2.403, "o_score_car": 1396.012, "CDI": 0.997 }, "geometry": { "type": "Polygon", "coordinates": [ [ [ 8.47092, 47.36296 ], [ 8.47114, 47.36307 ], [ 8.47114, 47.36307 ], [ 8.47092, 47.36296 ] ] ] } },
{ "type": "Feature", "properties": { "id": 428, "population": 253, "o_score_pt": 1505.717, "o_score_car": 1741.987, "CDI": 0.073 }, "geometry": { "type": "Polygon", "coordinates": [ [ [ 8.55073, 47.39566 ], [ 8.55249, 47.39655 ], [ 8.55438, 47.39606 ], [ 8.55455, 47.3947 ], [ 8.55279, 47.39381 ], [ 8.5509, 47.3943 ], [ 8.55073, 47.39566 ] ] ] } },
{ "type": "Feature", "properties": { "id": 429, "population": 256, "o_score_pt": 1616.515, "o_score_car": 1634.941, "CDI": 0.006 }, "geometry": { "type": "Polygon", "coordinates": [ [ [ 8.4946, 47.36353 ], [ 8.49636, 47.36442 ], [ 8.49825, 47.36393 ], [ 8.49843, 47.36257 ], [ 8.49666, 47.36167 ], [ 8.49477, 47.36217 ], [ 8.4946, 47.36353 ] ] ] } },
{ "type": "Feature", "properties": { "id": 430, "population": 874, "o_score_pt": 1977.62, "o_score_car": 1827.526, "CDI": -0.039 }, "geometry": { "type": "Polygon", "coordinates": [ [ [ 8.50716, 47.37029 ], [ 8.50934, 47.3714 ], [ 8.51174, 47.37077 ], [ 8.51196, 47.36904 ], [ 8.50979, 47.36794 ], [ 8.50739, 47.36856 ], [ 8.50716, 47.37029 ] ] ] } },
{ "type": "Feature", "properties": { "id": 431, "population": 246, "o_score_pt": 1527.311, "o_score_car": 1536.927, "CDI": 0.003 }, "geometry": { "type": "Polygon", "coordinates": [ [ [ 8.48271, 47.4017 ], [ 8.48446, 47.40259 ], [ 8.48633, 47.4021 ], [ 8.48651, 47.40076 ], [ 8.48476, 47.39987 ], [ 8.48289, 47.40036 ], [ 8.48271, 47.4017 ] ] ] } },
{ "type": "Feature", "properties": { "id": 432, "population": 446, "o_score_pt": 1385.577, "o_score_car": 1540.315, "CDI": 0.053 }, "geometry": { "type": "Polygon", "coordinates": [ [ [ 8.51407, 47.33673 ], [ 8.51602, 47.33772 ], [ 8.51815, 47.33716 ], [ 8.51835, 47.33563 ], [ 8.51639, 47.33464 ], [ 8.51427, 47.3352 ], [ 8.51407, 47.33673 ] ] ] } },
{ "type": "Feature", "properties": { "id": 433, "population": 424, "o_score_pt": 1613.389, "o_score_car": 1630.831, "CDI": 0.005 }, "geometry": { "type": "Polygon", "coordinates": [ [ [ 8.47866, 47.37772 ], [ 8.48059, 47.3787 ], [ 8.4827, 47.37815 ], [ 8.4829, 47.37664 ], [ 8.48096, 47.37565 ], [ 8.47885, 47.3762 ], [ 8.47866, 47.37772 ] ] ] } },
{ "type": "Feature", "properties": { "id": 434, "population": 839, "o_score_pt": 1860.106, "o_score_car": 1732.139, "CDI": -0.036 }, "geometry": { "type": "Polygon", "coordinates": [ [ [ 8.496, 47.3849 ], [ 8.49818, 47.386 ], [ 8.50057, 47.38538 ], [ 8.5008, 47.38365 ], [ 8.49862, 47.38255 ], [ 8.49623, 47.38317 ], [ 8.496, 47.3849 ] ] ] } },
{ "type": "Feature", "properties": { "id": 435, "population": 97, "o_score_pt": 1346.67, "o_score_car": 1599.702, "CDI": 0.086 }, "geometry": { "type": "Polygon", "coordinates": [ [ [ 8.50091, 47.35351 ], [ 8.50234, 47.35424 ], [ 8.50381, 47.35385 ], [ 8.50395, 47.35279 ], [ 8.50252, 47.35206 ], [ 8.50105, 47.35245 ], [ 8.50091, 47.35351 ] ] ] } },
{ "type": "Feature", "properties": { "id": 436, "population": 722, "o_score_pt": 1883.057, "o_score_car": 1699.003, "CDI": -0.051 }, "geometry": { "type": "Polygon", "coordinates": [ [ [ 8.52279, 47.41132 ], [ 8.52491, 47.41239 ], [ 8.52724, 47.41179 ], [ 8.52746, 47.41011 ], [ 8.52534, 47.40903 ], [ 8.523, 47.40964 ], [ 8.52279, 47.41132 ] ] ] } },
{ "type": "Feature", "properties": { "id": 437, "population": 985, "o_score_pt": 2028.721, "o_score_car": 1800.541, "CDI": -0.06 }, "geometry": { "type": "Polygon", "coordinates": [ [ [ 8.5489, 47.40618 ], [ 8.55108, 47.40728 ], [ 8.55348, 47.40665 ], [ 8.5537, 47.40493 ], [ 8.55153, 47.40382 ], [ 8.54913, 47.40445 ], [ 8.5489, 47.40618 ] ] ] } },
{ "type": "Feature", "properties": { "id": 438, "population": 0, "o_score_pt": 1145.139, "o_score_car": 1613.845, "CDI": 0.17 }, "geometry": { "type": "Polygon", "coordinates": [ [ [ 8.4925, 47.35733 ], [ 8.49273, 47.35744 ], [ 8.49273, 47.35744 ], [ 8.4925, 47.35733 ] ] ] } },
{ "type": "Feature", "properties": { "id": 439, "population": 810, "o_score_pt": 2098.721, "o_score_car": 1807.067, "CDI": -0.075 }, "geometry": { "type": "Polygon", "coordinates": [ [ [ 8.50584, 47.38066 ], [ 8.508, 47.38176 ], [ 8.51038, 47.38114 ], [ 8.5106, 47.37942 ], [ 8.50844, 47.37833 ], [ 8.50606, 47.37895 ], [ 8.50584, 47.38066 ] ] ] } },
{ "type": "Feature", "properties": { "id": 440, "population": 0, "o_score_pt": 1393.283, "o_score_car": 1552.695, "CDI": 0.054 }, "geometry": { "type": "Polygon", "coordinates": [ [ [ 8.58919, 47.38053 ], [ 8.58942, 47.38064 ], [ 8.58942, 47.38064 ], [ 8.58919, 47.38053 ] ] ] } },
{ "type": "Feature", "properties": { "id": 441, "population": 385, "o_score_pt": 1134.487, "o_score_car": 1435.555, "CDI": 0.117 }, "geometry": { "type": "Polygon", "coordinates": [ [ [ 8.51023, 47.33104 ], [ 8.51213, 47.33201 ], [ 8.51419, 47.33147 ], [ 8.51439, 47.32998 ], [ 8.51248, 47.32902 ], [ 8.51042, 47.32956 ], [ 8.51023, 47.33104 ] ] ] } },
{ "type": "Feature", "properties": { "id": 442, "population": 688, "o_score_pt": 1646.68, "o_score_car": 1511.14, "CDI": -0.043 }, "geometry": { "type": "Polygon", "coordinates": [ [ [ 8.55089, 47.42737 ], [ 8.553, 47.42844 ], [ 8.55531, 47.42783 ], [ 8.55552, 47.42617 ], [ 8.55342, 47.4251 ], [ 8.5511, 47.42571 ], [ 8.55089, 47.42737 ] ] ] } },
{ "type": "Feature", "properties": { "id": 443, "population": 0, "o_score_pt": 3.076, "o_score_car": 1535.743, "CDI": 0.996 }, "geometry": { "type": "Polygon", "coordinates": [ [ [ 8.46694, 47.37568 ], [ 8.46717, 47.3758 ], [ 8.46717, 47.3758 ], [ 8.46694, 47.37568 ] ] ] } },
{ "type": "Feature", "properties": { "id": 444, "population": 680, "o_score_pt": 1868.708, "o_score_car": 1740.172, "CDI": -0.036 }, "geometry": { "type": "Polygon", "coordinates": [ [ [ 8.50585, 47.39903 ], [ 8.50795, 47.4001 ], [ 8.51026, 47.3995 ], [ 8.51047, 47.39783 ], [ 8.50837, 47.39677 ], [ 8.50606, 47.39737 ], [ 8.50585, 47.39903 ] ] ] } },
{ "type": "Feature", "properties": { "id": 445, "population": 909, "o_score_pt": 1794.874, "o_score_car": 1790.585, "CDI": -0.001 }, "geometry": { "type": "Polygon", "coordinates": [ [ [ 8.5268, 47.36182 ], [ 8.52898, 47.36293 ], [ 8.53138, 47.3623 ], [ 8.5316, 47.36057 ], [ 8.52942, 47.35947 ], [ 8.52702, 47.3601 ], [ 8.5268, 47.36182 ] ] ] } },
{ "type": "Feature", "properties": { "id": 446, "population": 314, "o_score_pt": 1645.857, "o_score_car": 1737.344, "CDI": 0.027 }, "geometry": { "type": "Polygon", "coordinates": [ [ [ 8.50811, 47.40177 ], [ 8.50995, 47.4027 ], [ 8.51193, 47.40218 ], [ 8.51211, 47.40076 ], [ 8.51027, 47.39983 ], [ 8.5083, 47.40035 ], [ 8.50811, 47.40177 ] ] ] } },
{ "type": "Feature", "properties": { "id": 447, "population": 920, "o_score_pt": 1830.447, "o_score_car": 1661.964, "CDI": -0.048 }, "geometry": { "type": "Polygon", "coordinates": [ [ [ 8.54494, 47.41891 ], [ 8.54712, 47.42001 ], [ 8.54952, 47.41938 ], [ 8.54974, 47.41765 ], [ 8.54757, 47.41655 ], [ 8.54516, 47.41718 ], [ 8.54494, 47.41891 ] ] ] } },
{ "type": "Feature", "properties": { "id": 448, "population": 543, "o_score_pt": 1868.607, "o_score_car": 1775.398, "CDI": -0.026 }, "geometry": { "type": "Polygon", "coordinates": [ [ [ 8.5021, 47.37495 ], [ 8.50412, 47.37598 ], [ 8.50633, 47.3754 ], [ 8.50654, 47.37381 ], [ 8.50451, 47.37278 ], [ 8.5023, 47.37336 ], [ 8.5021, 47.37495 ] ] ] } },
{ "type": "Feature", "properties": { "id": 449, "population": 358, "o_score_pt": 1366.951, "o_score_car": 1448.486, "CDI": 0.029 }, "geometry": { "type": "Polygon", "coordinates": [ [ [ 8.53675, 47.43105 ], [ 8.53863, 47.432 ], [ 8.54066, 47.43147 ], [ 8.54085, 47.43001 ], [ 8.53897, 47.42905 ], [ 8.53694, 47.42958 ], [ 8.53675, 47.43105 ] ] ] } },
{ "type": "Feature", "properties": { "id": 450, "population": 15, "o_score_pt": 889.023, "o_score_car": 1580.156, "CDI": 0.28 }, "geometry": { "type": "Polygon", "coordinates": [ [ [ 8.58461, 47.37506 ], [ 8.58541, 47.37547 ], [ 8.58611, 47.37528 ], [ 8.58618, 47.37478 ], [ 8.58537, 47.37438 ], [ 8.58467, 47.37456 ], [ 8.58461, 47.37506 ] ] ] } },
{ "type": "Feature", "properties": { "id": 451, "population": 842, "o_score_pt": 1828.791, "o_score_car": 1759.316, "CDI": -0.019 }, "geometry": { "type": "Polygon", "coordinates": [ [ [ 8.55034, 47.35902 ], [ 8.55252, 47.36012 ], [ 8.55492, 47.35949 ], [ 8.55514, 47.35776 ], [ 8.55296, 47.35666 ], [ 8.55057, 47.35729 ], [ 8.55034, 47.35902 ] ] ] } },
{ "type": "Feature", "properties": { "id": 452, "population": 0, "o_score_pt": 1493.398, "o_score_car": 1573.806, "CDI": 0.026 }, "geometry": { "type": "Polygon", "coordinates": [ [ [ 8.51214, 47.34886 ], [ 8.51236, 47.34897 ], [ 8.51236, 47.34897 ], [ 8.51214, 47.34886 ] ] ] } },
{ "type": "Feature", "properties": { "id": 453, "population": 804, "o_score_pt": 1659.231, "o_score_car": 1669.135, "CDI": 0.003 }, "geometry": { "type": "Polygon", "coordinates": [ [ [ 8.52292, 47.35615 ], [ 8.52508, 47.35725 ], [ 8.52745, 47.35663 ], [ 8.52768, 47.35491 ], [ 8.52552, 47.35382 ], [ 8.52314, 47.35444 ], [ 8.52292, 47.35615 ] ] ] } },
{ "type": "Feature", "properties": { "id": 454, "population": 323, "o_score_pt": 1940.748, "o_score_car": 1709.644, "CDI": -0.063 }, "geometry": { "type": "Polygon", "coordinates": [ [ [ 8.51787, 47.41593 ], [ 8.51971, 47.41686 ], [ 8.5217, 47.41634 ], [ 8.52189, 47.41491 ], [ 8.52004, 47.41398 ], [ 8.51805, 47.4145 ], [ 8.51787, 47.41593 ] ] ] } },
{ "type": "Feature", "properties": { "id": 455, "population": 1057, "o_score_pt": 2186.175, "o_score_car": 1919.688, "CDI": -0.065 }, "geometry": { "type": "Polygon", "coordinates": [ [ [ 8.54047, 47.38165 ], [ 8.54265, 47.38275 ], [ 8.54505, 47.38212 ], [ 8.54527, 47.3804 ], [ 8.54309, 47.37929 ], [ 8.54069, 47.37992 ], [ 8.54047, 47.38165 ] ] ] } },
{ "type": "Feature", "properties": { "id": 456, "population": 19, "o_score_pt": 1361.608, "o_score_car": 1586.201, "CDI": 0.076 }, "geometry": { "type": "Polygon", "coordinates": [ [ [ 8.52291, 47.42125 ], [ 8.52379, 47.42169 ], [ 8.52458, 47.42148 ], [ 8.52466, 47.42092 ], [ 8.52378, 47.42047 ], [ 8.52298, 47.42068 ], [ 8.52291, 47.42125 ] ] ] } },
{ "type": "Feature", "properties": { "id": 457, "population": 229, "o_score_pt": 1303.661, "o_score_car": 1421.415, "CDI": 0.043 }, "geometry": { "type": "Polygon", "coordinates": [ [ [ 8.59205, 47.36313 ], [ 8.59378, 47.364 ], [ 8.59562, 47.36352 ], [ 8.59579, 47.36219 ], [ 8.59407, 47.36132 ], [ 8.59222, 47.3618 ], [ 8.59205, 47.36313 ] ] ] } },
{ "type": "Feature", "properties": { "id": 458, "population": 14, "o_score_pt": 621.956, "o_score_car": 1578.548, "CDI": 0.435 }, "geometry": { "type": "Polygon", "coordinates": [ [ [ 8.5833, 47.38543 ], [ 8.58408, 47.38582 ], [ 8.58476, 47.38565 ], [ 8.58482, 47.38517 ], [ 8.58404, 47.38477 ], [ 8.58336, 47.38495 ], [ 8.5833, 47.38543 ] ] ] } },
{ "type": "Feature", "properties": { "id": 459, "population": 0, "o_score_pt": 3.92, "o_score_car": 1655.33, "CDI": 0.995 }, "geometry": { "type": "Polygon", "coordinates": [ [ [ 8.50823, 47.34319 ], [ 8.50846, 47.34331 ], [ 8.50846, 47.34331 ], [ 8.50823, 47.34319 ] ] ] } },
{ "type": "Feature", "properties": { "id": 460, "population": 508, "o_score_pt": 1069.883, "o_score_car": 1458.639, "CDI": 0.154 }, "geometry": { "type": "Polygon", "coordinates": [ [ [ 8.5284, 47.33298 ], [ 8.5304, 47.334 ], [ 8.53258, 47.33343 ], [ 8.53279, 47.33185 ], [ 8.53079, 47.33084 ], [ 8.52861, 47.33141 ], [ 8.5284, 47.33298 ] ] ] } },
{ "type": "Feature", "properties": { "id": 461, "population": 0, "o_score_pt": 40.128, "o_score_car": 1685.487, "CDI": 0.953 }, "geometry": { "type": "Polygon", "coordinates": [ [ [ 8.54939, 47.34748 ], [ 8.54962, 47.34759 ], [ 8.54962, 47.34759 ], [ 8.54939, 47.34748 ] ] ] } },
{ "type": "Feature", "properties": { "id": 462, "population": 968, "o_score_pt": 2010.987, "o_score_car": 1891.419, "CDI": -0.031 }, "geometry": { "type": "Polygon", "coordinates": [ [ [ 8.53913, 47.39202 ], [ 8.54131, 47.39313 ], [ 8.54371, 47.3925 ], [ 8.54393, 47.39077 ], [ 8.54176, 47.38967 ], [ 8.53936, 47.39029 ], [ 8.53913, 47.39202 ] ] ] } },
{ "type": "Feature", "properties": { "id": 463, "population": 937, "o_score_pt": 2007.171, "o_score_car": 1858.952, "CDI": -0.038 }, "geometry": { "type": "Polygon", "coordinates": [ [ [ 8.52156, 47.36654 ], [ 8.52373, 47.36764 ], [ 8.52613, 47.36701 ], [ 8.52636, 47.36528 ], [ 8.52418, 47.36418 ], [ 8.52178, 47.36481 ], [ 8.52156, 47.36654 ] ] ] } },
{ "type": "Feature", "properties": { "id": 464, "population": 398, "o_score_pt": 1316.263, "o_score_car": 1509.344, "CDI": 0.068 }, "geometry": { "type": "Polygon", "coordinates": [ [ [ 8.57486, 47.35092 ], [ 8.57677, 47.35189 ], [ 8.57885, 47.35135 ], [ 8.57904, 47.34985 ], [ 8.57713, 47.34888 ], [ 8.57505, 47.34942 ], [ 8.57486, 47.35092 ] ] ] } },
{ "type": "Feature", "properties": { "id": 465, "population": 0, "o_score_pt": 9.574, "o_score_car": 1481.834, "CDI": 0.987 }, "geometry": { "type": "Polygon", "coordinates": [ [ [ 8.58399, 47.36684 ], [ 8.58422, 47.36696 ], [ 8.58422, 47.36696 ], [ 8.58399, 47.36684 ] ] ] } },
{ "type": "Feature", "properties": { "id": 466, "population": 1045, "o_score_pt": 2312.497, "o_score_car": 1952.813, "CDI": -0.084 }, "geometry": { "type": "Polygon", "coordinates": [ [ [ 8.53656, 47.37599 ], [ 8.53874, 47.37709 ], [ 8.54114, 47.37646 ], [ 8.54136, 47.37473 ], [ 8.53919, 47.37363 ], [ 8.53679, 47.37426 ], [ 8.53656, 47.37599 ] ] ] } },
{ "type": "Feature", "properties": { "id": 467, "population": 564, "o_score_pt": 1585.709, "o_score_car": 1499.925, "CDI": -0.028 }, "geometry": { "type": "Polygon", "coordinates": [ [ [ 8.48628, 47.40747 ], [ 8.48831, 47.4085 ], [ 8.49054, 47.40792 ], [ 8.49075, 47.40632 ], [ 8.48871, 47.40528 ], [ 8.48648, 47.40586 ], [ 8.48628, 47.40747 ] ] ] } },
{ "type": "Feature", "properties": { "id": 468, "population": 407, "o_score_pt": 1381.864, "o_score_car": 1485.663, "CDI": 0.036 }, "geometry": { "type": "Polygon", "coordinates": [ [ [ 8.58791, 47.35753 ], [ 8.58983, 47.35851 ], [ 8.59192, 47.35796 ], [ 8.59211, 47.35646 ], [ 8.59019, 47.35548 ], [ 8.5881, 47.35603 ], [ 8.58791, 47.35753 ] ] ] } },
{ "type": "Feature", "properties": { "id": 469, "population": 0, "o_score_pt": 2.039, "o_score_car": 1329.594, "CDI": 0.997 }, "geometry": { "type": "Polygon", "coordinates": [ [ [ 8.45712, 47.37991 ], [ 8.45735, 47.38003 ], [ 8.45735, 47.38003 ], [ 8.45712, 47.37991 ] ] ] } },
{ "type": "Feature", "properties": { "id": 470, "population": 154, "o_score_pt": 930.973, "o_score_car": 1487.019, "CDI": 0.23 }, "geometry": { "type": "Polygon", "coordinates": [ [ [ 8.52499, 47.32717 ], [ 8.52657, 47.32798 ], [ 8.52824, 47.32754 ], [ 8.5284, 47.32633 ], [ 8.52681, 47.32553 ], [ 8.52514, 47.32597 ], [ 8.52499, 47.32717 ] ] ] } },
{ "type": "Feature", "properties": { "id": 471, "population": 923, "o_score_pt": 2090.916, "o_score_car": 1951.283, "CDI": -0.035 }, "geometry": { "type": "Polygon", "coordinates": [ [ [ 8.52937, 47.37786 ], [ 8.53154, 47.37897 ], [ 8.53394, 47.37834 ], [ 8.53417, 47.37661 ], [ 8.53199, 47.37551 ], [ 8.52959, 47.37614 ], [ 8.52937, 47.37786 ] ] ] } },
{ "type": "Feature", "properties": { "id": 472, "population": 0, "o_score_pt": 35.676, "o_score_car": 1531.186, "CDI": 0.954 }, "geometry": { "type": "Polygon", "coordinates": [ [ [ 8.54549, 47.34181 ], [ 8.54572, 47.34193 ], [ 8.54572, 47.34193 ], [ 8.54549, 47.34181 ] ] ] } },
{ "type": "Feature", "properties": { "id": 473, "population": 1063, "o_score_pt": 2117.742, "o_score_car": 1875.264, "CDI": -0.061 }, "geometry": { "type": "Polygon", "coordinates": [ [ [ 8.5254, 47.39059 ], [ 8.52758, 47.3917 ], [ 8.52998, 47.39107 ], [ 8.5302, 47.38934 ], [ 8.52803, 47.38824 ], [ 8.52563, 47.38887 ], [ 8.5254, 47.39059 ] ] ] } },
{ "type": "Feature", "properties": { "id": 474, "population": 786, "o_score_pt": 1786.968, "o_score_car": 1648.349, "CDI": -0.04 }, "geometry": { "type": "Polygon", "coordinates": [ [ [ 8.55217, 47.41702 ], [ 8.55433, 47.41811 ], [ 8.5567, 47.41749 ], [ 8.55692, 47.41578 ], [ 8.55476, 47.41469 ], [ 8.55239, 47.41531 ], [ 8.55217, 47.41702 ] ] ] } },
{ "type": "Feature", "properties": { "id": 475, "population": 980, "o_score_pt": 2102.228, "o_score_car": 1730.961, "CDI": -0.097 }, "geometry": { "type": "Polygon", "coordinates": [ [ [ 8.53523, 47.38636 ], [ 8.5374, 47.38746 ], [ 8.5398, 47.38684 ], [ 8.54003, 47.38511 ], [ 8.53785, 47.384 ], [ 8.53545, 47.38463 ], [ 8.53523, 47.38636 ] ] ] } },
{ "type": "Feature", "properties": { "id": 476, "population": 79, "o_score_pt": 4.872, "o_score_car": 1590.712, "CDI": 0.994 }, "geometry": { "type": "Polygon", "coordinates": [ [ [ 8.58853, 47.37573 ], [ 8.58989, 47.37642 ], [ 8.59128, 47.37606 ], [ 8.59141, 47.37506 ], [ 8.59005, 47.37437 ], [ 8.58866, 47.37473 ], [ 8.58853, 47.37573 ] ] ] } },
{ "type": "Feature", "properties": { "id": 477, "population": 857, "o_score_pt": 1836.335, "o_score_car": 1859.751, "CDI": 0.006 }, "geometry": { "type": "Polygon", "coordinates": [ [ [ 8.53517, 47.40475 ], [ 8.53735, 47.40585 ], [ 8.53975, 47.40523 ], [ 8.53997, 47.4035 ], [ 8.53779, 47.4024 ], [ 8.53539, 47.40302 ], [ 8.53517, 47.40475 ] ] ] } },
{ "type": "Feature", "properties": { "id": 478, "population": 251, "o_score_pt": 1346.074, "o_score_car": 1599.391, "CDI": 0.086 }, "geometry": { "type": "Polygon", "coordinates": [ [ [ 8.57371, 47.36124 ], [ 8.57547, 47.36213 ], [ 8.57735, 47.36164 ], [ 8.57752, 47.36028 ], [ 8.57577, 47.35939 ], [ 8.57389, 47.35989 ], [ 8.57371, 47.36124 ] ] ] } },
{ "type": "Feature", "properties": { "id": 479, "population": 807, "o_score_pt": 1922.61, "o_score_car": 1797.807, "CDI": -0.034 }, "geometry": { "type": "Polygon", "coordinates": [ [ [ 8.53714, 47.40758 ], [ 8.5393, 47.40867 ], [ 8.54169, 47.40805 ], [ 8.54191, 47.40634 ], [ 8.53975, 47.40524 ], [ 8.53736, 47.40586 ], [ 8.53714, 47.40758 ] ] ] } },
{ "type": "Feature", "properties": { "id": 480, "population": 161, "o_score_pt": 999.77, "o_score_car": 1316.459, "CDI": 0.137 }, "geometry": { "type": "Polygon", "coordinates": [ [ [ 8.5093, 47.32291 ], [ 8.5109, 47.32373 ], [ 8.51259, 47.32328 ], [ 8.51275, 47.32207 ], [ 8.51115, 47.32125 ], [ 8.50946, 47.32169 ], [ 8.5093, 47.32291 ] ] ] } },
{ "type": "Feature", "properties": { "id": 481, "population": 0, "o_score_pt": 971.315, "o_score_car": 1531.72, "CDI": 0.224 }, "geometry": { "type": "Polygon", "coordinates": [ [ [ 8.46627, 47.38087 ], [ 8.4665, 47.38099 ], [ 8.4665, 47.38099 ], [ 8.46627, 47.38087 ] ] ] } },
{ "type": "Feature", "properties": { "id": 482, "population": 214, "o_score_pt": 1535.709, "o_score_car": 1499.551, "CDI": -0.012 }, "geometry": { "type": "Polygon", "coordinates": [ [ [ 8.48862, 47.41018 ], [ 8.49032, 47.41104 ], [ 8.49214, 47.41057 ], [ 8.49231, 47.40927 ], [ 8.4906, 47.4084 ], [ 8.48879, 47.40888 ], [ 8.48862, 47.41018 ] ] ] } },
{ "type": "Feature", "properties": { "id": 483, "population": 0, "o_score_pt": 985.363, "o_score_car": 1389.786, "CDI": 0.17 }, "geometry": { "type": "Polygon", "coordinates": [ [ [ 8.50305, 47.3295 ], [ 8.50328, 47.32962 ], [ 8.50328, 47.32962 ], [ 8.50305, 47.3295 ] ] ] } },
{ "type": "Feature", "properties": { "id": 484, "population": 1037, "o_score_pt": 1986.067, "o_score_car": 1774.909, "CDI": -0.056 }, "geometry": { "type": "Polygon", "coordinates": [ [ [ 8.54628, 47.40853 ], [ 8.54846, 47.40964 ], [ 8.55086, 47.40901 ], [ 8.55108, 47.40728 ], [ 8.5489, 47.40618 ], [ 8.5465, 47.40681 ], [ 8.54628, 47.40853 ] ] ] } },
{ "type": "Feature", "properties": { "id": 485, "population": 0, "o_score_pt": 8.518, "o_score_car": 1566.969, "CDI": 0.989 }, "geometry": { "type": "Polygon", "coordinates": [ [ [ 8.58595, 47.36968 ], [ 8.58618, 47.36979 ], [ 8.58618, 47.36979 ], [ 8.58595, 47.36968 ] ] ] } },
{ "type": "Feature", "properties": { "id": 486, "population": 50, "o_score_pt": 1750.126, "o_score_car": 1630.792, "CDI": -0.035 }, "geometry": { "type": "Polygon", "coordinates": [ [ [ 8.5574, 47.34877 ], [ 8.5586, 47.34938 ], [ 8.5598, 47.34906 ], [ 8.55991, 47.3482 ], [ 8.5587, 47.34759 ], [ 8.55751, 47.34791 ], [ 8.5574, 47.34877 ] ] ] } },
{ "type": "Feature", "properties": { "id": 487, "population": 735, "o_score_pt": 1679.113, "o_score_car": 1631.265, "CDI": -0.014 }, "geometry": { "type": "Polygon", "coordinates": [ [ [ 8.56412, 47.36042 ], [ 8.56625, 47.3615 ], [ 8.56859, 47.36089 ], [ 8.56881, 47.3592 ], [ 8.56668, 47.35812 ], [ 8.56434, 47.35874 ], [ 8.56412, 47.36042 ] ] ] } },
{ "type": "Feature", "properties": { "id": 488, "population": 390, "o_score_pt": 1268.665, "o_score_car": 1382.412, "CDI": 0.043 }, "geometry": { "type": "Polygon", "coordinates": [ [ [ 8.56962, 47.35563 ], [ 8.57153, 47.3566 ], [ 8.5736, 47.35606 ], [ 8.57379, 47.35457 ], [ 8.57189, 47.3536 ], [ 8.56982, 47.35414 ], [ 8.56962, 47.35563 ] ] ] } },
{ "type": "Feature", "properties": { "id": 489, "population": 423, "o_score_pt": 1713.507, "o_score_car": 1706.217, "CDI": -0.002 }, "geometry": { "type": "Polygon", "coordinates": [ [ [ 8.50946, 47.35464 ], [ 8.51139, 47.35563 ], [ 8.5135, 47.35508 ], [ 8.51369, 47.35356 ], [ 8.51176, 47.35258 ], [ 8.50965, 47.35313 ], [ 8.50946, 47.35464 ] ] ] } },
{ "type": "Feature", "properties": { "id": 490, "population": 877, "o_score_pt": 1297.686, "o_score_car": 1546.036, "CDI": 0.087 }, "geometry": { "type": "Polygon", "coordinates": [ [ [ 8.47373, 47.39571 ], [ 8.47591, 47.39682 ], [ 8.47831, 47.39619 ], [ 8.47853, 47.39446 ], [ 8.47636, 47.39336 ], [ 8.47396, 47.39398 ], [ 8.47373, 47.39571 ] ] ] } },
{ "type": "Feature", "properties": { "id": 491, "population": 707, "o_score_pt": 1362.907, "o_score_car": 1521.412, "CDI": 0.055 }, "geometry": { "type": "Polygon", "coordinates": [ [ [ 8.47313, 47.40088 ], [ 8.47525, 47.40195 ], [ 8.47757, 47.40134 ], [ 8.47779, 47.39967 ], [ 8.47567, 47.3986 ], [ 8.47335, 47.3992 ], [ 8.47313, 47.40088 ] ] ] } },
{ "type": "Feature", "properties": { "id": 492, "population": 188, "o_score_pt": 1594.053, "o_score_car": 1695.255, "CDI": 0.031 }, "geometry": { "type": "Polygon", "coordinates": [ [ [ 8.56859, 47.36592 ], [ 8.57024, 47.36676 ], [ 8.572, 47.3663 ], [ 8.57217, 47.36503 ], [ 8.57051, 47.3642 ], [ 8.56875, 47.36466 ], [ 8.56859, 47.36592 ] ] ] } },
{ "type": "Feature", "properties": { "id": 493, "population": 949, "o_score_pt": 1929.218, "o_score_car": 1834.635, "CDI": -0.025 }, "geometry": { "type": "Polygon", "coordinates": [ [ [ 8.53322, 47.40192 ], [ 8.53539, 47.40302 ], [ 8.53779, 47.4024 ], [ 8.53802, 47.40067 ], [ 8.53584, 47.39956 ], [ 8.53344, 47.40019 ], [ 8.53322, 47.40192 ] ] ] } },
{ "type": "Feature", "properties": { "id": 494, "population": 899, "o_score_pt": 1937.003, "o_score_car": 1736.201, "CDI": -0.055 }, "geometry": { "type": "Polygon", "coordinates": [ [ [ 8.49344, 47.36886 ], [ 8.49562, 47.36996 ], [ 8.49802, 47.36934 ], [ 8.49824, 47.36761 ], [ 8.49607, 47.36651 ], [ 8.49367, 47.36713 ], [ 8.49344, 47.36886 ] ] ] } },
{ "type": "Feature", "properties": { "id": 495, "population": 885, "o_score_pt": 1898.503, "o_score_car": 1739.3, "CDI": -0.044 }, "geometry": { "type": "Polygon", "coordinates": [ [ [ 8.49271, 47.39244 ], [ 8.49488, 47.39354 ], [ 8.49728, 47.39292 ], [ 8.4975, 47.39119 ], [ 8.49533, 47.39009 ], [ 8.49293, 47.39071 ], [ 8.49271, 47.39244 ] ] ] } },
{ "type": "Feature", "properties": { "id": 496, "population": 69, "o_score_pt": 1.636, "o_score_car": 1129.027, "CDI": 0.997 }, "geometry": { "type": "Polygon", "coordinates": [ [ [ 8.62133, 47.35544 ], [ 8.62264, 47.3561 ], [ 8.62397, 47.35575 ], [ 8.6241, 47.3548 ], [ 8.62278, 47.35413 ], [ 8.62145, 47.35448 ], [ 8.62133, 47.35544 ] ] ] } },
{ "type": "Feature", "properties": { "id": 497, "population": 563, "o_score_pt": 1401.41, "o_score_car": 1470.109, "CDI": 0.024 }, "geometry": { "type": "Polygon", "coordinates": [ [ [ 8.53751, 47.33395 ], [ 8.53954, 47.33498 ], [ 8.54177, 47.3344 ], [ 8.54197, 47.33279 ], [ 8.53994, 47.33176 ], [ 8.53771, 47.33234 ], [ 8.53751, 47.33395 ] ] ] } },
{ "type": "Feature", "properties": { "id": 498, "population": 0, "o_score_pt": 4.706, "o_score_car": 1576.715, "CDI": 0.994 }, "geometry": { "type": "Polygon", "coordinates": [ [ [ 8.56626, 47.39655 ], [ 8.56649, 47.39666 ], [ 8.56649, 47.39666 ], [ 8.56626, 47.39655 ] ] ] } },
{ "type": "Feature", "properties": { "id": 499, "population": 0, "o_score_pt": 1334.914, "o_score_car": 1108.297, "CDI": -0.093 }, "geometry": { "type": "Polygon", "coordinates": [ [ [ 8.50756, 47.34838 ], [ 8.50779, 47.3485 ], [ 8.50779, 47.3485 ], [ 8.50756, 47.34838 ] ] ] } },
{ "type": "Feature", "properties": { "id": 500, "population": 1037, "o_score_pt": 2133.09, "o_score_car": 1924.851, "CDI": -0.051 }, "geometry": { "type": "Polygon", "coordinates": [ [ [ 8.52089, 47.37172 ], [ 8.52306, 47.37283 ], [ 8.52546, 47.3722 ], [ 8.52569, 47.37047 ], [ 8.52351, 47.36937 ], [ 8.52111, 47.37 ], [ 8.52089, 47.37172 ] ] ] } },
{ "type": "Feature", "properties": { "id": 501, "population": 0, "o_score_pt": 1145.9, "o_score_car": 1631.705, "CDI": 0.175 }, "geometry": { "type": "Polygon", "coordinates": [ [ [ 8.48201, 47.36675 ], [ 8.48224, 47.36686 ], [ 8.48224, 47.36686 ], [ 8.48201, 47.36675 ] ] ] } },
{ "type": "Feature", "properties": { "id": 502, "population": 1006, "o_score_pt": 1849.193, "o_score_car": 1724.369, "CDI": -0.035 }, "geometry": { "type": "Polygon", "coordinates": [ [ [ 8.4888, 47.38678 ], [ 8.49098, 47.38788 ], [ 8.49338, 47.38725 ], [ 8.4936, 47.38553 ], [ 8.49143, 47.38442 ], [ 8.48903, 47.38505 ], [ 8.4888, 47.38678 ] ] ] } },
{ "type": "Feature", "properties": { "id": 503, "population": 526, "o_score_pt": 1602.334, "o_score_car": 1616.845, "CDI": 0.005 }, "geometry": { "type": "Polygon", "coordinates": [ [ [ 8.50461, 47.40937 ], [ 8.50662, 47.41039 ], [ 8.50882, 47.40982 ], [ 8.50902, 47.40824 ], [ 8.50701, 47.40722 ], [ 8.50481, 47.40779 ], [ 8.50461, 47.40937 ] ] ] } },
{ "type": "Feature", "properties": { "id": 504, "population": 553, "o_score_pt": 1802.607, "o_score_car": 1694.225, "CDI": -0.031 }, "geometry": { "type": "Polygon", "coordinates": [ [ [ 8.5041, 47.35939 ], [ 8.50613, 47.36042 ], [ 8.50835, 47.35984 ], [ 8.50856, 47.35824 ], [ 8.50653, 47.35721 ], [ 8.50431, 47.35779 ], [ 8.5041, 47.35939 ] ] ] } },
{ "type": "Feature", "properties": { "id": 505, "population": 0, "o_score_pt": 967.606, "o_score_car": 1521.23, "CDI": 0.222 }, "geometry": { "type": "Polygon", "coordinates": [ [ [ 8.46102, 47.38558 ], [ 8.46125, 47.38569 ], [ 8.46125, 47.38569 ], [ 8.46102, 47.38558 ] ] ] } },
{ "type": "Feature", "properties": { "id": 506, "population": 708, "o_score_pt": 1818.644, "o_score_car": 1621.614, "CDI": -0.057 }, "geometry": { "type": "Polygon", "coordinates": [ [ [ 8.56204, 47.41277 ], [ 8.56416, 47.41384 ], [ 8.56648, 47.41323 ], [ 8.5667, 47.41156 ], [ 8.56458, 47.41049 ], [ 8.56226, 47.4111 ], [ 8.56204, 47.41277 ] ] ] } },
{ "type": "Feature", "properties": { "id": 507, "population": 1056, "o_score_pt": 2071.902, "o_score_car": 1914.641, "CDI": -0.039 }, "geometry": { "type": "Polygon", "coordinates": [ [ [ 8.54438, 47.38731 ], [ 8.54655, 47.38841 ], [ 8.54895, 47.38779 ], [ 8.54918, 47.38606 ], [ 8.547, 47.38496 ], [ 8.5446, 47.38558 ], [ 8.54438, 47.38731 ] ] ] } },
{ "type": "Feature", "properties": { "id": 508, "population": 906, "o_score_pt": 2014.208, "o_score_car": 1829.678, "CDI": -0.048 }, "geometry": { "type": "Polygon", "coordinates": [ [ [ 8.51698, 47.36606 ], [ 8.51916, 47.36716 ], [ 8.52156, 47.36654 ], [ 8.52178, 47.36481 ], [ 8.51961, 47.3637 ], [ 8.51721, 47.36433 ], [ 8.51698, 47.36606 ] ] ] } },
{ "type": "Feature", "properties": { "id": 509, "population": 0, "o_score_pt": 1394.893, "o_score_car": 1632.838, "CDI": 0.079 }, "geometry": { "type": "Polygon", "coordinates": [ [ [ 8.58199, 47.38241 ], [ 8.58222, 47.38253 ], [ 8.58222, 47.38253 ], [ 8.58199, 47.38241 ] ] ] } },
{ "type": "Feature", "properties": { "id": 510, "population": 794, "o_score_pt": 1454.368, "o_score_car": 1500.343, "CDI": 0.016 }, "geometry": { "type": "Polygon", "coordinates": [ [ [ 8.52493, 47.34058 ], [ 8.52709, 47.34168 ], [ 8.52946, 47.34106 ], [ 8.52968, 47.33935 ], [ 8.52752, 47.33825 ], [ 8.52515, 47.33887 ], [ 8.52493, 47.34058 ] ] ] } },
{ "type": "Feature", "properties": { "id": 511, "population": 848, "o_score_pt": 1800.245, "o_score_car": 1780.546, "CDI": -0.006 }, "geometry": { "type": "Polygon", "coordinates": [ [ [ 8.48948, 47.38159 ], [ 8.49165, 47.38269 ], [ 8.49405, 47.38207 ], [ 8.49427, 47.38034 ], [ 8.4921, 47.37924 ], [ 8.4897, 47.37986 ], [ 8.48948, 47.38159 ] ] ] } },
{ "type": "Feature", "properties": { "id": 512, "population": 848, "o_score_pt": 1789.975, "o_score_car": 1626.006, "CDI": -0.048 }, "geometry": { "type": "Polygon", "coordinates": [ [ [ 8.48746, 47.39715 ], [ 8.48963, 47.39825 ], [ 8.49203, 47.39763 ], [ 8.49226, 47.3959 ], [ 8.49008, 47.39479 ], [ 8.48768, 47.39542 ], [ 8.48746, 47.39715 ] ] ] } },
{ "type": "Feature", "properties": { "id": 513, "population": 739, "o_score_pt": 1916.739, "o_score_car": 1859.832, "CDI": -0.015 }, "geometry": { "type": "Polygon", "coordinates": [ [ [ 8.54505, 47.4005 ], [ 8.54718, 47.40158 ], [ 8.54952, 47.40097 ], [ 8.54974, 47.39928 ], [ 8.54761, 47.3982 ], [ 8.54527, 47.39881 ], [ 8.54505, 47.4005 ] ] ] } },
{ "type": "Feature", "properties": { "id": 514, "population": 677, "o_score_pt": 1732.692, "o_score_car": 1683.896, "CDI": -0.014 }, "geometry": { "type": "Polygon", "coordinates": [ [ [ 8.5006, 47.40374 ], [ 8.5027, 47.4048 ], [ 8.50501, 47.4042 ], [ 8.50522, 47.40254 ], [ 8.50312, 47.40148 ], [ 8.50082, 47.40208 ], [ 8.5006, 47.40374 ] ] ] } },
{ "type": "Feature", "properties": { "id": 515, "population": 906, "o_score_pt": 2305.188, "o_score_car": 1798.451, "CDI": -0.123 }, "geometry": { "type": "Polygon", "coordinates": [ [ [ 8.51692, 47.38445 ], [ 8.5191, 47.38556 ], [ 8.5215, 47.38493 ], [ 8.52172, 47.3832 ], [ 8.51955, 47.3821 ], [ 8.51715, 47.38273 ], [ 8.51692, 47.38445 ] ] ] } },
{ "type": "Feature", "properties": { "id": 516, "population": 14, "o_score_pt": 883.6, "o_score_car": 1319.962, "CDI": 0.198 }, "geometry": { "type": "Polygon", "coordinates": [ [ [ 8.51973, 47.42875 ], [ 8.52051, 47.42914 ], [ 8.52118, 47.42897 ], [ 8.52125, 47.42849 ], [ 8.52047, 47.4281 ], [ 8.51979, 47.42827 ], [ 8.51973, 47.42875 ] ] ] } },
{ "type": "Feature", "properties": { "id": 517, "population": 566, "o_score_pt": 1568.665, "o_score_car": 1705.038, "CDI": 0.042 }, "geometry": { "type": "Polygon", "coordinates": [ [ [ 8.56485, 47.3736 ], [ 8.56689, 47.37463 ], [ 8.56912, 47.37405 ], [ 8.56932, 47.37245 ], [ 8.56729, 47.37141 ], [ 8.56506, 47.372 ], [ 8.56485, 47.3736 ] ] ] } },
{ "type": "Feature", "properties": { "id": 518, "population": 188, "o_score_pt": 1173.731, "o_score_car": 1486.391, "CDI": 0.118 }, "geometry": { "type": "Polygon", "coordinates": [ [ [ 8.52161, 47.33474 ], [ 8.52327, 47.33558 ], [ 8.52503, 47.33512 ], [ 8.52519, 47.33386 ], [ 8.52353, 47.33302 ], [ 8.52178, 47.33348 ], [ 8.52161, 47.33474 ] ] ] } },
{ "type": "Feature", "properties": { "id": 519, "population": 864, "o_score_pt": 1869.99, "o_score_car": 1609.364, "CDI": -0.075 }, "geometry": { "type": "Polygon", "coordinates": [ [ [ 8.55019, 47.4142 ], [ 8.55237, 47.4153 ], [ 8.55477, 47.41467 ], [ 8.55499, 47.41294 ], [ 8.55281, 47.41184 ], [ 8.55041, 47.41247 ], [ 8.55019, 47.4142 ] ] ] } },
{ "type": "Feature", "properties": { "id": 520, "population": 1000, "o_score_pt": 2008.532, "o_score_car": 1689.812, "CDI": -0.086 }, "geometry": { "type": "Polygon", "coordinates": [ [ [ 8.48356, 47.39148 ], [ 8.48573, 47.39259 ], [ 8.48813, 47.39196 ], [ 8.48835, 47.39023 ], [ 8.48618, 47.38913 ], [ 8.48378, 47.38976 ], [ 8.48356, 47.39148 ] ] ] } },
{ "type": "Feature", "properties": { "id": 521, "population": 375, "o_score_pt": 1244.031, "o_score_car": 1456.256, "CDI": 0.079 }, "geometry": { "type": "Polygon", "coordinates": [ [ [ 8.59177, 47.39998 ], [ 8.59367, 47.40094 ], [ 8.59572, 47.4004 ], [ 8.59591, 47.39893 ], [ 8.59401, 47.39797 ], [ 8.59196, 47.3985 ], [ 8.59177, 47.39998 ] ] ] } },
{ "type": "Feature", "properties": { "id": 522, "population": 0, "o_score_pt": 1608.973, "o_score_car": 1784.102, "CDI": 0.052 }, "geometry": { "type": "Polygon", "coordinates": [ [ [ 8.53891, 47.35691 ], [ 8.53914, 47.35702 ], [ 8.53914, 47.35702 ], [ 8.53891, 47.35691 ] ] ] } },
{ "type": "Feature", "properties": { "id": 523, "population": 296, "o_score_pt": 1804.769, "o_score_car": 1752.611, "CDI": -0.015 }, "geometry": { "type": "Polygon", "coordinates": [ [ [ 8.51613, 47.35791 ], [ 8.51794, 47.35883 ], [ 8.51989, 47.35832 ], [ 8.52007, 47.35692 ], [ 8.51826, 47.356 ], [ 8.51631, 47.35651 ], [ 8.51613, 47.35791 ] ] ] } },
{ "type": "Feature", "properties": { "id": 524, "population": 782, "o_score_pt": 1530.655, "o_score_car": 1552.465, "CDI": 0.007 }, "geometry": { "type": "Polygon", "coordinates": [ [ [ 8.50048, 47.42214 ], [ 8.50263, 47.42323 ], [ 8.505, 47.42262 ], [ 8.50522, 47.42091 ], [ 8.50307, 47.41982 ], [ 8.5007, 47.42044 ], [ 8.50048, 47.42214 ] ] ] } },
{ "type": "Feature", "properties": { "id": 525, "population": 693, "o_score_pt": 1710.684, "o_score_car": 1555.514, "CDI": -0.048 }, "geometry": { "type": "Polygon", "coordinates": [ [ [ 8.5568, 47.41748 ], [ 8.55891, 47.41855 ], [ 8.56123, 47.41794 ], [ 8.56144, 47.41627 ], [ 8.55933, 47.41521 ], [ 8.55702, 47.41581 ], [ 8.5568, 47.41748 ] ] ] } },
{ "type": "Feature", "properties": { "id": 526, "population": 35, "o_score_pt": 1352.271, "o_score_car": 1509.439, "CDI": 0.055 }, "geometry": { "type": "Polygon", "coordinates": [ [ [ 8.51547, 47.4232 ], [ 8.51655, 47.42374 ], [ 8.5176, 47.42347 ], [ 8.5177, 47.42272 ], [ 8.51661, 47.42217 ], [ 8.51556, 47.42245 ], [ 8.51547, 47.4232 ] ] ] } },
{ "type": "Feature", "properties": { "id": 527, "population": 262, "o_score_pt": 1279.855, "o_score_car": 1568.496, "CDI": 0.101 }, "geometry": { "type": "Polygon", "coordinates": [ [ [ 8.57494, 47.38766 ], [ 8.57671, 47.38856 ], [ 8.57861, 47.38806 ], [ 8.57879, 47.3867 ], [ 8.57701, 47.3858 ], [ 8.57511, 47.3863 ], [ 8.57494, 47.38766 ] ] ] } },
{ "type": "Feature", "properties": { "id": 528, "population": 205, "o_score_pt": 1327.189, "o_score_car": 1476.947, "CDI": 0.053 }, "geometry": { "type": "Polygon", "coordinates": [ [ [ 8.52024, 47.34513 ], [ 8.52193, 47.34599 ], [ 8.52372, 47.34552 ], [ 8.52389, 47.34423 ], [ 8.5222, 47.34337 ], [ 8.52041, 47.34384 ], [ 8.52024, 47.34513 ] ] ] } },
{ "type": "Feature", "properties": { "id": 529, "population": 684, "o_score_pt": 2018.349, "o_score_car": 1763.949, "CDI": -0.067 }, "geometry": { "type": "Polygon", "coordinates": [ [ [ 8.5222, 47.39811 ], [ 8.5243, 47.39918 ], [ 8.52661, 47.39857 ], [ 8.52683, 47.39691 ], [ 8.52472, 47.39584 ], [ 8.52241, 47.39645 ], [ 8.5222, 47.39811 ] ] ] } },
{ "type": "Feature", "properties": { "id": 530, "population": 57, "o_score_pt": 1335.609, "o_score_car": 1485.886, "CDI": 0.053 }, "geometry": { "type": "Polygon", "coordinates": [ [ [ 8.5788, 47.39833 ], [ 8.58005, 47.39896 ], [ 8.5813, 47.39863 ], [ 8.58141, 47.39773 ], [ 8.58017, 47.3971 ], [ 8.57891, 47.39743 ], [ 8.5788, 47.39833 ] ] ] } },
{ "type": "Feature", "properties": { "id": 531, "population": 0, "o_score_pt": 1179.806, "o_score_car": 1497.586, "CDI": 0.119 }, "geometry": { "type": "Polygon", "coordinates": [ [ [ 8.49883, 47.41581 ], [ 8.49906, 47.41592 ], [ 8.49906, 47.41592 ], [ 8.49883, 47.41581 ] ] ] } },
{ "type": "Feature", "properties": { "id": 532, "population": 894, "o_score_pt": 1917.353, "o_score_car": 1863.778, "CDI": -0.014 }, "geometry": { "type": "Polygon", "coordinates": [ [ [ 8.55029, 47.37741 ], [ 8.55247, 47.37852 ], [ 8.55487, 47.37789 ], [ 8.55509, 47.37616 ], [ 8.55291, 47.37506 ], [ 8.55051, 47.37568 ], [ 8.55029, 47.37741 ] ] ] } },
{ "type": "Feature", "properties": { "id": 533, "population": 0, "o_score_pt": 10.116, "o_score_car": 1563.553, "CDI": 0.987 }, "geometry": { "type": "Polygon", "coordinates": [ [ [ 8.55463, 47.34276 ], [ 8.55486, 47.34288 ], [ 8.55486, 47.34288 ], [ 8.55463, 47.34276 ] ] ] } },
{ "type": "Feature", "properties": { "id": 534, "population": 0, "o_score_pt": 931.155, "o_score_car": 1382.448, "CDI": 0.195 }, "geometry": { "type": "Polygon", "coordinates": [ [ [ 8.60492, 47.36638 ], [ 8.60515, 47.3665 ], [ 8.60515, 47.3665 ], [ 8.60492, 47.36638 ] ] ] } },
{ "type": "Feature", "properties": { "id": 535, "population": 525, "o_score_pt": 1596.358, "o_score_car": 1571.677, "CDI": -0.008 }, "geometry": { "type": "Polygon", "coordinates": [ [ [ 8.55897, 47.38349 ], [ 8.56098, 47.38451 ], [ 8.56318, 47.38394 ], [ 8.56338, 47.38236 ], [ 8.56137, 47.38134 ], [ 8.55917, 47.38191 ], [ 8.55897, 47.38349 ] ] ] } },
{ "type": "Feature", "properties": { "id": 536, "population": 65, "o_score_pt": 1278.391, "o_score_car": 1632.18, "CDI": 0.122 }, "geometry": { "type": "Polygon", "coordinates": [ [ [ 8.56177, 47.38607 ], [ 8.56306, 47.38672 ], [ 8.56437, 47.38638 ], [ 8.56449, 47.38544 ], [ 8.5632, 47.38479 ], [ 8.56189, 47.38513 ], [ 8.56177, 47.38607 ] ] ] } },
{ "type": "Feature", "properties": { "id": 537, "population": 104, "o_score_pt": 1189.137, "o_score_car": 1282.667, "CDI": 0.038 }, "geometry": { "type": "Polygon", "coordinates": [ [ [ 8.60153, 47.36398 ], [ 8.60298, 47.36471 ], [ 8.60449, 47.36432 ], [ 8.60463, 47.36324 ], [ 8.60317, 47.3625 ], [ 8.60166, 47.36289 ], [ 8.60153, 47.36398 ] ] ] } },
{ "type": "Feature", "properties": { "id": 538, "population": 1069, "o_score_pt": 2185.603, "o_score_car": 1826.803, "CDI": -0.089 }, "geometry": { "type": "Polygon", "coordinates": [ [ [ 8.51821, 47.39247 ], [ 8.52038, 47.39358 ], [ 8.52278, 47.39295 ], [ 8.523, 47.39122 ], [ 8.52083, 47.39012 ], [ 8.51843, 47.39074 ], [ 8.51821, 47.39247 ] ] ] } },
{ "type": "Feature", "properties": { "id": 539, "population": 718, "o_score_pt": 1972.249, "o_score_car": 1600.454, "CDI": -0.104 }, "geometry": { "type": "Polygon", "coordinates": [ [ [ 8.51772, 47.36085 ], [ 8.51984, 47.36193 ], [ 8.52217, 47.36132 ], [ 8.52239, 47.35964 ], [ 8.52027, 47.35856 ], [ 8.51794, 47.35917 ], [ 8.51772, 47.36085 ] ] ] } },
{ "type": "Feature", "properties": { "id": 540, "population": 698, "o_score_pt": 1869.608, "o_score_car": 1755.834, "CDI": -0.031 }, "geometry": { "type": "Polygon", "coordinates": [ [ [ 8.53391, 47.4151 ], [ 8.53602, 47.41617 ], [ 8.53834, 47.41556 ], [ 8.53856, 47.41389 ], [ 8.53644, 47.41282 ], [ 8.53412, 47.41343 ], [ 8.53391, 47.4151 ] ] ] } },
{ "type": "Feature", "properties": { "id": 541, "population": 93, "o_score_pt": 1272.371, "o_score_car": 1454.33, "CDI": 0.067 }, "geometry": { "type": "Polygon", "coordinates": [ [ [ 8.58655, 47.35452 ], [ 8.58797, 47.35524 ], [ 8.58943, 47.35485 ], [ 8.58956, 47.35381 ], [ 8.58815, 47.35309 ], [ 8.58669, 47.35347 ], [ 8.58655, 47.35452 ] ] ] } },
{ "type": "Feature", "properties": { "id": 542, "population": 0, "o_score_pt": 1341.696, "o_score_car": 1527.075, "CDI": 0.065 }, "geometry": { "type": "Polygon", "coordinates": [ [ [ 8.46297, 47.38841 ], [ 8.4632, 47.38853 ], [ 8.4632, 47.38853 ], [ 8.46297, 47.38841 ] ] ] } },
{ "type": "Feature", "properties": { "id": 543, "population": 1009, "o_score_pt": 2201.844, "o_score_car": 1950.814, "CDI": -0.06 }, "geometry": { "type": "Polygon", "coordinates": [ [ [ 8.53461, 47.37315 ], [ 8.53679, 47.37426 ], [ 8.53919, 47.37363 ], [ 8.53941, 47.3719 ], [ 8.53723, 47.3708 ], [ 8.53483, 47.37142 ], [ 8.53461, 47.37315 ] ] ] } },
{ "type": "Feature", "properties": { "id": 544, "population": 354, "o_score_pt": 1300.729, "o_score_car": 1369.384, "CDI": 0.026 }, "geometry": { "type": "Polygon", "coordinates": [ [ [ 8.59907, 47.3613 ], [ 8.60095, 47.36225 ], [ 8.60298, 47.36171 ], [ 8.60317, 47.36025 ], [ 8.60129, 47.3593 ], [ 8.59926, 47.35983 ], [ 8.59907, 47.3613 ] ] ] } },
{ "type": "Feature", "properties": { "id": 545, "population": 312, "o_score_pt": 1455.267, "o_score_car": 1523.948, "CDI": 0.023 }, "geometry": { "type": "Polygon", "coordinates": [ [ [ 8.5397, 47.33671 ], [ 8.54153, 47.33764 ], [ 8.5435, 47.33712 ], [ 8.54369, 47.3357 ], [ 8.54186, 47.33477 ], [ 8.53988, 47.33529 ], [ 8.5397, 47.33671 ] ] ] } },
{ "type": "Feature", "properties": { "id": 546, "population": 143, "o_score_pt": 1500.375, "o_score_car": 1710.552, "CDI": 0.065 }, "geometry": { "type": "Polygon", "coordinates": [ [ [ 8.51758, 47.40263 ], [ 8.51915, 47.40342 ], [ 8.52079, 47.40299 ], [ 8.52094, 47.40181 ], [ 8.51938, 47.40102 ], [ 8.51774, 47.40145 ], [ 8.51758, 47.40263 ] ] ] } },
{ "type": "Feature", "properties": { "id": 547, "population": 360, "o_score_pt": 1673.664, "o_score_car": 1607.873, "CDI": -0.02 }, "geometry": { "type": "Polygon", "coordinates": [ [ [ 8.57281, 47.40326 ], [ 8.57469, 47.40422 ], [ 8.57673, 47.40369 ], [ 8.57691, 47.40222 ], [ 8.57503, 47.40127 ], [ 8.57299, 47.4018 ], [ 8.57281, 47.40326 ] ] ] } },
{ "type": "Feature", "properties": { "id": 548, "population": 686, "o_score_pt": 1837.61, "o_score_car": 1742.07, "CDI": -0.027 }, "geometry": { "type": "Polygon", "coordinates": [ [ [ 8.56611, 47.36325 ], [ 8.56821, 47.36431 ], [ 8.57052, 47.36371 ], [ 8.57074, 47.36204 ], [ 8.56863, 47.36098 ], [ 8.56632, 47.36158 ], [ 8.56611, 47.36325 ] ] ] } },
{ "type": "Feature", "properties": { "id": 549, "population": 26, "o_score_pt": 683.636, "o_score_car": 1262.038, "CDI": 0.297 }, "geometry": { "type": "Polygon", "coordinates": [ [ [ 8.50284, 47.32457 ], [ 8.50382, 47.32507 ], [ 8.50474, 47.32483 ], [ 8.50483, 47.32417 ], [ 8.50385, 47.32367 ], [ 8.50292, 47.32391 ], [ 8.50284, 47.32457 ] ] ] } },
{ "type": "Feature", "properties": { "id": 550, "population": 795, "o_score_pt": 2133.044, "o_score_car": 1872.024, "CDI": -0.065 }, "geometry": { "type": "Polygon", "coordinates": [ [ [ 8.53134, 47.38069 ], [ 8.5335, 47.38178 ], [ 8.53587, 47.38116 ], [ 8.53609, 47.37945 ], [ 8.53394, 47.37836 ], [ 8.53156, 47.37898 ], [ 8.53134, 47.38069 ] ] ] } },
{ "type": "Feature", "properties": { "id": 551, "population": 0, "o_score_pt": 5.315, "o_score_car": 1522.155, "CDI": 0.993 }, "geometry": { "type": "Polygon", "coordinates": [ [ [ 8.45907, 47.38274 ], [ 8.4593, 47.38286 ], [ 8.4593, 47.38286 ], [ 8.45907, 47.38274 ] ] ] } },
{ "type": "Feature", "properties": { "id": 552, "population": 0, "o_score_pt": 6.873, "o_score_car": 1516.831, "CDI": 0.991 }, "geometry": { "type": "Polygon", "coordinates": [ [ [ 8.59968, 47.3711 ], [ 8.59991, 47.37121 ], [ 8.59991, 47.37121 ], [ 8.59968, 47.3711 ] ] ] } },
{ "type": "Feature", "properties": { "id": 553, "population": 23, "o_score_pt": 2.141, "o_score_car": 1480.021, "CDI": 0.997 }, "geometry": { "type": "Polygon", "coordinates": [ [ [ 8.59555, 47.37889 ], [ 8.5965, 47.37937 ], [ 8.59737, 47.37914 ], [ 8.59745, 47.37851 ], [ 8.59651, 47.37804 ], [ 8.59563, 47.37826 ], [ 8.59555, 47.37889 ] ] ] } },
{ "type": "Feature", "properties": { "id": 554, "population": 0, "o_score_pt": 1540.537, "o_score_car": 1685.487, "CDI": 0.045 }, "geometry": { "type": "Polygon", "coordinates": [ [ [ 8.55135, 47.35031 ], [ 8.55157, 47.35043 ], [ 8.55157, 47.35043 ], [ 8.55135, 47.35031 ] ] ] } },
{ "type": "Feature", "properties": { "id": 555, "population": 410, "o_score_pt": 1713.962, "o_score_car": 1691.612, "CDI": -0.007 }, "geometry": { "type": "Polygon", "coordinates": [ [ [ 8.5513, 47.35374 ], [ 8.55323, 47.35471 ], [ 8.55532, 47.35417 ], [ 8.55552, 47.35266 ], [ 8.55359, 47.35168 ], [ 8.5515, 47.35223 ], [ 8.5513, 47.35374 ] ] ] } },
{ "type": "Feature", "properties": { "id": 556, "population": 850, "o_score_pt": 1828.251, "o_score_car": 1643.702, "CDI": -0.053 }, "geometry": { "type": "Polygon", "coordinates": [ [ [ 8.5469, 47.42174 ], [ 8.54907, 47.42284 ], [ 8.55147, 47.42221 ], [ 8.5517, 47.42048 ], [ 8.54952, 47.41938 ], [ 8.54712, 47.42001 ], [ 8.5469, 47.42174 ] ] ] } },
{ "type": "Feature", "properties": { "id": 557, "population": 382, "o_score_pt": 1497.401, "o_score_car": 1643.72, "CDI": 0.047 }, "geometry": { "type": "Polygon", "coordinates": [ [ [ 8.5023, 47.35651 ], [ 8.5042, 47.35748 ], [ 8.50626, 47.35694 ], [ 8.50646, 47.35545 ], [ 8.50456, 47.35449 ], [ 8.5025, 47.35503 ], [ 8.5023, 47.35651 ] ] ] } },
{ "type": "Feature", "properties": { "id": 558, "population": 540, "o_score_pt": 1540.192, "o_score_car": 1609.799, "CDI": 0.022 }, "geometry": { "type": "Polygon", "coordinates": [ [ [ 8.53423, 47.34149 ], [ 8.53626, 47.34251 ], [ 8.53846, 47.34194 ], [ 8.53867, 47.34035 ], [ 8.53665, 47.33932 ], [ 8.53444, 47.3399 ], [ 8.53423, 47.34149 ] ] ] } },
{ "type": "Feature", "properties": { "id": 559, "population": 1018, "o_score_pt": 2154.249, "o_score_car": 1890.531, "CDI": -0.065 }, "geometry": { "type": "Polygon", "coordinates": [ [ [ 8.53071, 47.36749 ], [ 8.53288, 47.36859 ], [ 8.53528, 47.36797 ], [ 8.5355, 47.36624 ], [ 8.53333, 47.36513 ], [ 8.53093, 47.36576 ], [ 8.53071, 47.36749 ] ] ] } },
{ "type": "Feature", "properties": { "id": 560, "population": 244, "o_score_pt": 1311.691, "o_score_car": 1422.462, "CDI": 0.041 }, "geometry": { "type": "Polygon", "coordinates": [ [ [ 8.50028, 47.42718 ], [ 8.50203, 47.42807 ], [ 8.5039, 47.42758 ], [ 8.50407, 47.42624 ], [ 8.50233, 47.42535 ], [ 8.50045, 47.42584 ], [ 8.50028, 47.42718 ] ] ] } },
{ "type": "Feature", "properties": { "id": 561, "population": 0, "o_score_pt": 13.63, "o_score_car": 1486.034, "CDI": 0.982 }, "geometry": { "type": "Polygon", "coordinates": [ [ [ 8.57804, 47.39514 ], [ 8.57827, 47.39526 ], [ 8.57827, 47.39526 ], [ 8.57804, 47.39514 ] ] ] } },
{ "type": "Feature", "properties": { "id": 562, "population": 928, "o_score_pt": 1949.497, "o_score_car": 1764.069, "CDI": -0.05 }, "geometry": { "type": "Polygon", "coordinates": [ [ [ 8.56078, 47.36799 ], [ 8.56296, 47.36909 ], [ 8.56536, 47.36846 ], [ 8.56558, 47.36673 ], [ 8.5634, 47.36563 ], [ 8.561, 47.36626 ], [ 8.56078, 47.36799 ] ] ] } },
{ "type": "Feature", "properties": { "id": 563, "population": 138, "o_score_pt": 1491.719, "o_score_car": 1531.289, "CDI": 0.013 }, "geometry": { "type": "Polygon", "coordinates": [ [ [ 8.47716, 47.37475 ], [ 8.47871, 47.37553 ], [ 8.48034, 47.37511 ], [ 8.48049, 47.37394 ], [ 8.47894, 47.37315 ], [ 8.47731, 47.37358 ], [ 8.47716, 47.37475 ] ] ] } },
{ "type": "Feature", "properties": { "id": 564, "population": 0, "o_score_pt": 2.914, "o_score_car": 1169.057, "CDI": 0.995 }, "geometry": { "type": "Polygon", "coordinates": [ [ [ 8.6154, 47.35695 ], [ 8.61563, 47.35706 ], [ 8.61563, 47.35706 ], [ 8.6154, 47.35695 ] ] ] } },
{ "type": "Feature", "properties": { "id": 565, "population": 995, "o_score_pt": 2026.081, "o_score_car": 1887.604, "CDI": -0.035 }, "geometry": { "type": "Polygon", "coordinates": [ [ [ 8.52016, 47.3953 ], [ 8.52233, 47.39641 ], [ 8.52473, 47.39578 ], [ 8.52496, 47.39405 ], [ 8.52278, 47.39295 ], [ 8.52038, 47.39358 ], [ 8.52016, 47.3953 ] ] ] } },
{ "type": "Feature", "properties": { "id": 566, "population": 105, "o_score_pt": 1223.027, "o_score_car": 1509.77, "CDI": 0.105 }, "geometry": { "type": "Polygon", "coordinates": [ [ [ 8.48366, 47.4148 ], [ 8.48512, 47.41554 ], [ 8.48663, 47.41515 ], [ 8.48677, 47.41406 ], [ 8.48531, 47.41332 ], [ 8.4838, 47.41372 ], [ 8.48366, 47.4148 ] ] ] } },
{ "type": "Feature", "properties": { "id": 567, "population": 957, "o_score_pt": 1959.752, "o_score_car": 1878.463, "CDI": -0.021 }, "geometry": { "type": "Polygon", "coordinates": [ [ [ 8.51369, 47.3736 ], [ 8.51587, 47.37471 ], [ 8.51826, 47.37408 ], [ 8.51849, 47.37235 ], [ 8.51631, 47.37125 ], [ 8.51391, 47.37187 ], [ 8.51369, 47.3736 ] ] ] } },
{ "type": "Feature", "properties": { "id": 568, "population": 453, "o_score_pt": 1508.562, "o_score_car": 1524.705, "CDI": 0.005 }, "geometry": { "type": "Polygon", "coordinates": [ [ [ 8.49612, 47.4216 ], [ 8.49809, 47.42259 ], [ 8.50022, 47.42204 ], [ 8.50042, 47.4205 ], [ 8.49846, 47.41951 ], [ 8.49632, 47.42006 ], [ 8.49612, 47.4216 ] ] ] } },
{ "type": "Feature", "properties": { "id": 569, "population": 0, "o_score_pt": 4.132, "o_score_car": 1651.187, "CDI": 0.995 }, "geometry": { "type": "Polygon", "coordinates": [ [ [ 8.50628, 47.34036 ], [ 8.50651, 47.34048 ], [ 8.50651, 47.34048 ], [ 8.50628, 47.34036 ] ] ] } },
{ "type": "Feature", "properties": { "id": 570, "population": 968, "o_score_pt": 2265.265, "o_score_car": 1849.963, "CDI": -0.101 }, "geometry": { "type": "Polygon", "coordinates": [ [ [ 8.54705, 47.36656 ], [ 8.54923, 47.36766 ], [ 8.55163, 47.36704 ], [ 8.55185, 47.36531 ], [ 8.54967, 47.3642 ], [ 8.54728, 47.36483 ], [ 8.54705, 47.36656 ] ] ] } },
{ "type": "Feature", "properties": { "id": 571, "population": 0, "o_score_pt": 15.812, "o_score_car": 1570.454, "CDI": 0.98 }, "geometry": { "type": "Polygon", "coordinates": [ [ [ 8.57608, 47.39231 ], [ 8.57631, 47.39243 ], [ 8.57631, 47.39243 ], [ 8.57608, 47.39231 ] ] ] } },
{ "type": "Feature", "properties": { "id": 572, "population": 0, "o_score_pt": 6.206, "o_score_car": 1565.483, "CDI": 0.992 }, "geometry": { "type": "Polygon", "coordinates": [ [ [ 8.47481, 47.36862 ], [ 8.47504, 47.36874 ], [ 8.47504, 47.36874 ], [ 8.47481, 47.36862 ] ] ] } },
{ "type": "Feature", "properties": { "id": 573, "population": 878, "o_score_pt": 1884.359, "o_score_car": 1831.747, "CDI": -0.014 }, "geometry": { "type": "Polygon", "coordinates": [ [ [ 8.50253, 47.38821 ], [ 8.5047, 47.38931 ], [ 8.5071, 47.38869 ], [ 8.50733, 47.38696 ], [ 8.50515, 47.38585 ], [ 8.50275, 47.38648 ], [ 8.50253, 47.38821 ] ] ] } },
{ "type": "Feature", "properties": { "id": 574, "population": 0, "o_score_pt": 1140.853, "o_score_car": 1631.639, "CDI": 0.177 }, "geometry": { "type": "Polygon", "coordinates": [ [ [ 8.56235, 47.39089 ], [ 8.56258, 47.391 ], [ 8.56258, 47.391 ], [ 8.56235, 47.39089 ] ] ] } },
{ "type": "Feature", "properties": { "id": 575, "population": 108, "o_score_pt": 1070.961, "o_score_car": 1383.844, "CDI": 0.127 }, "geometry": { "type": "Polygon", "coordinates": [ [ [ 8.51434, 47.42852 ], [ 8.51581, 47.42926 ], [ 8.51733, 47.42886 ], [ 8.51748, 47.42777 ], [ 8.51601, 47.42703 ], [ 8.51448, 47.42742 ], [ 8.51434, 47.42852 ] ] ] } },
{ "type": "Feature", "properties": { "id": 576, "population": 434, "o_score_pt": 1482.471, "o_score_car": 1647.241, "CDI": 0.053 }, "geometry": { "type": "Polygon", "coordinates": [ [ [ 8.49701, 47.36124 ], [ 8.49895, 47.36222 ], [ 8.50107, 47.36167 ], [ 8.50126, 47.36015 ], [ 8.49932, 47.35916 ], [ 8.4972, 47.35971 ], [ 8.49701, 47.36124 ] ] ] } },
{ "type": "Feature", "properties": { "id": 577, "population": 805, "o_score_pt": 1850.744, "o_score_car": 1781.039, "CDI": -0.019 }, "geometry": { "type": "Polygon", "coordinates": [ [ [ 8.49999, 47.37217 ], [ 8.50215, 47.37326 ], [ 8.50452, 47.37264 ], [ 8.50475, 47.37093 ], [ 8.50259, 47.36983 ], [ 8.50021, 47.37045 ], [ 8.49999, 47.37217 ] ] ] } },
{ "type": "Feature", "properties": { "id": 578, "population": 0, "o_score_pt": 1088.291, "o_score_car": 1438.686, "CDI": 0.139 }, "geometry": { "type": "Polygon", "coordinates": [ [ [ 8.49682, 47.43136 ], [ 8.49705, 47.43148 ], [ 8.49705, 47.43148 ], [ 8.49682, 47.43136 ] ] ] } },
{ "type": "Feature", "properties": { "id": 579, "population": 489, "o_score_pt": 1191.214, "o_score_car": 1634.356, "CDI": 0.157 }, "geometry": { "type": "Polygon", "coordinates": [ [ [ 8.51793, 47.34241 ], [ 8.51992, 47.34341 ], [ 8.52209, 47.34285 ], [ 8.52229, 47.34129 ], [ 8.5203, 47.34028 ], [ 8.51814, 47.34084 ], [ 8.51793, 47.34241 ] ] ] } },
{ "type": "Feature", "properties": { "id": 580, "population": 0, "o_score_pt": 1216.29, "o_score_car": 1531.966, "CDI": 0.115 }, "geometry": { "type": "Polygon", "coordinates": [ [ [ 8.47347, 47.379 ], [ 8.4737, 47.37911 ], [ 8.4737, 47.37911 ], [ 8.47347, 47.379 ] ] ] } },
{ "type": "Feature", "properties": { "id": 581, "population": 602, "o_score_pt": 1369.628, "o_score_car": 1541.273, "CDI": 0.059 }, "geometry": { "type": "Polygon", "coordinates": [ [ [ 8.54374, 47.42923 ], [ 8.5458, 47.43028 ], [ 8.54806, 47.42969 ], [ 8.54827, 47.42806 ], [ 8.54621, 47.42702 ], [ 8.54395, 47.42761 ], [ 8.54374, 47.42923 ] ] ] } },
{ "type": "Feature", "properties": { "id": 582, "population": 955, "o_score_pt": 1855.048, "o_score_car": 1811.318, "CDI": -0.012 }, "geometry": { "type": "Polygon", "coordinates": [ [ [ 8.49862, 47.38255 ], [ 8.5008, 47.38365 ], [ 8.5032, 47.38302 ], [ 8.50342, 47.38129 ], [ 8.50125, 47.38019 ], [ 8.49885, 47.38082 ], [ 8.49862, 47.38255 ] ] ] } },
{ "type": "Feature", "properties": { "id": 583, "population": 422, "o_score_pt": 1902.832, "o_score_car": 1711.082, "CDI": -0.053 }, "geometry": { "type": "Polygon", "coordinates": [ [ [ 8.5158, 47.41313 ], [ 8.51774, 47.41411 ], [ 8.51985, 47.41356 ], [ 8.52004, 47.41205 ], [ 8.5181, 47.41107 ], [ 8.516, 47.41162 ], [ 8.5158, 47.41313 ] ] ] } },
{ "type": "Feature", "properties": { "id": 584, "population": 646, "o_score_pt": 1968.334, "o_score_car": 1647.437, "CDI": -0.089 }, "geometry": { "type": "Polygon", "coordinates": [ [ [ 8.56995, 47.40569 ], [ 8.57203, 47.40675 ], [ 8.57432, 47.40615 ], [ 8.57453, 47.4045 ], [ 8.57244, 47.40345 ], [ 8.57016, 47.40405 ], [ 8.56995, 47.40569 ] ] ] } },
{ "type": "Feature", "properties": { "id": 585, "population": 0, "o_score_pt": 8.732, "o_score_car": 1252.103, "CDI": 0.986 }, "geometry": { "type": "Polygon", "coordinates": [ [ [ 8.48531, 47.3592 ], [ 8.48553, 47.35932 ], [ 8.48553, 47.35932 ], [ 8.48531, 47.3592 ] ] ] } },
{ "type": "Feature", "properties": { "id": 586, "population": 0, "o_score_pt": 7.934, "o_score_car": 1242.615, "CDI": 0.987 }, "geometry": { "type": "Polygon", "coordinates": [ [ [ 8.61407, 47.36733 ], [ 8.6143, 47.36744 ], [ 8.6143, 47.36744 ], [ 8.61407, 47.36733 ] ] ] } },
{ "type": "Feature", "properties": { "id": 587, "population": 687, "o_score_pt": 1561.723, "o_score_car": 1576.602, "CDI": 0.005 }, "geometry": { "type": "Polygon", "coordinates": [ [ [ 8.57188, 47.40853 ], [ 8.57398, 47.4096 ], [ 8.5763, 47.40899 ], [ 8.57651, 47.40733 ], [ 8.5744, 47.40626 ], [ 8.57209, 47.40687 ], [ 8.57188, 47.40853 ] ] ] } },
{ "type": "Feature", "properties": { "id": 588, "population": 888, "o_score_pt": 2085.358, "o_score_car": 1726.993, "CDI": -0.094 }, "geometry": { "type": "Polygon", "coordinates": [ [ [ 8.50973, 47.38633 ], [ 8.5119, 47.38743 ], [ 8.5143, 47.38681 ], [ 8.51452, 47.38508 ], [ 8.51235, 47.38398 ], [ 8.50995, 47.3846 ], [ 8.50973, 47.38633 ] ] ] } },
{ "type": "Feature", "properties": { "id": 589, "population": 0, "o_score_pt": 598.174, "o_score_car": 1515.508, "CDI": 0.434 }, "geometry": { "type": "Polygon", "coordinates": [ [ [ 8.59181, 47.37817 ], [ 8.59204, 47.37829 ], [ 8.59204, 47.37829 ], [ 8.59181, 47.37817 ] ] ] } },
{ "type": "Feature", "properties": { "id": 590, "population": 0, "o_score_pt": 986.29, "o_score_car": 1394.629, "CDI": 0.172 }, "geometry": { "type": "Polygon", "coordinates": [ [ [ 8.505, 47.33234 ], [ 8.50523, 47.33245 ], [ 8.50523, 47.33245 ], [ 8.505, 47.33234 ] ] ] } },
{ "type": "Feature", "properties": { "id": 591, "population": 451, "o_score_pt": 1475.948, "o_score_car": 1502.188, "CDI": 0.009 }, "geometry": { "type": "Polygon", "coordinates": [ [ [ 8.49875, 47.41924 ], [ 8.50071, 47.42024 ], [ 8.50284, 47.41968 ], [ 8.50304, 47.41815 ], [ 8.50108, 47.41715 ], [ 8.49895, 47.41771 ], [ 8.49875, 47.41924 ] ] ] } },
{ "type": "Feature", "properties": { "id": 592, "population": 846, "o_score_pt": 1722.479, "o_score_car": 1668.424, "CDI": -0.016 }, "geometry": { "type": "Polygon", "coordinates": [ [ [ 8.49856, 47.40093 ], [ 8.50074, 47.40204 ], [ 8.50314, 47.40141 ], [ 8.50336, 47.39968 ], [ 8.50118, 47.39858 ], [ 8.49878, 47.39921 ], [ 8.49856, 47.40093 ] ] ] } },
{ "type": "Feature", "properties": { "id": 593, "population": 15, "o_score_pt": 1411.467, "o_score_car": 1606.887, "CDI": 0.065 }, "geometry": { "type": "Polygon", "coordinates": [ [ [ 8.51323, 47.40706 ], [ 8.51404, 47.40747 ], [ 8.51474, 47.40729 ], [ 8.5148, 47.40679 ], [ 8.514, 47.40638 ], [ 8.5133, 47.40657 ], [ 8.51323, 47.40706 ] ] ] } },
{ "type": "Feature", "properties": { "id": 594, "population": 835, "o_score_pt": 1994.852, "o_score_car": 1808.676, "CDI": -0.049 }, "geometry": { "type": "Polygon", "coordinates": [ [ [ 8.49473, 47.37688 ], [ 8.4969, 47.37798 ], [ 8.49929, 47.37736 ], [ 8.49952, 47.37563 ], [ 8.49734, 47.37453 ], [ 8.49495, 47.37515 ], [ 8.49473, 47.37688 ] ] ] } },
{ "type": "Feature", "properties": { "id": 595, "population": 448, "o_score_pt": 1542.723, "o_score_car": 1676.353, "CDI": 0.042 }, "geometry": { "type": "Polygon", "coordinates": [ [ [ 8.5212, 47.35325 ], [ 8.52316, 47.35424 ], [ 8.52529, 47.35369 ], [ 8.52549, 47.35215 ], [ 8.52353, 47.35116 ], [ 8.5214, 47.35172 ], [ 8.5212, 47.35325 ] ] ] } },
{ "type": "Feature", "properties": { "id": 596, "population": 0, "o_score_pt": 1076.838, "o_score_car": 1432.023, "CDI": 0.142 }, "geometry": { "type": "Polygon", "coordinates": [ [ [ 8.53149, 47.43235 ], [ 8.53172, 47.43246 ], [ 8.53172, 47.43246 ], [ 8.53149, 47.43235 ] ] ] } },
{ "type": "Feature", "properties": { "id": 597, "population": 865, "o_score_pt": 1472.924, "o_score_car": 1523.833, "CDI": 0.017 }, "geometry": { "type": "Polygon", "coordinates": [ [ [ 8.59077, 47.40527 ], [ 8.59295, 47.40637 ], [ 8.59535, 47.40574 ], [ 8.59558, 47.40401 ], [ 8.5934, 47.40291 ], [ 8.591, 47.40354 ], [ 8.59077, 47.40527 ] ] ] } },
{ "type": "Feature", "properties": { "id": 598, "population": 41, "o_score_pt": 1408.602, "o_score_car": 1639.846, "CDI": 0.076 }, "geometry": { "type": "Polygon", "coordinates": [ [ [ 8.57702, 47.37706 ], [ 8.57815, 47.37764 ], [ 8.57927, 47.37734 ], [ 8.57937, 47.37655 ], [ 8.57823, 47.37597 ], [ 8.57712, 47.37626 ], [ 8.57702, 47.37706 ] ] ] } },
{ "type": "Feature", "properties": { "id": 599, "population": 230, "o_score_pt": 1653.739, "o_score_car": 1746.111, "CDI": 0.027 }, "geometry": { "type": "Polygon", "coordinates": [ [ [ 8.53324, 47.35176 ], [ 8.53497, 47.35264 ], [ 8.53681, 47.35216 ], [ 8.53698, 47.35083 ], [ 8.53526, 47.34995 ], [ 8.53341, 47.35044 ], [ 8.53324, 47.35176 ] ] ] } },
{ "type": "Feature", "properties": { "id": 600, "population": 411, "o_score_pt": 1796.481, "o_score_car": 1621.315, "CDI": -0.051 }, "geometry": { "type": "Polygon", "coordinates": [ [ [ 8.51057, 47.41783 ], [ 8.51249, 47.41881 ], [ 8.51459, 47.41827 ], [ 8.51478, 47.41676 ], [ 8.51285, 47.41578 ], [ 8.51076, 47.41633 ], [ 8.51057, 47.41783 ] ] ] } },
{ "type": "Feature", "properties": { "id": 601, "population": 931, "o_score_pt": 1922.392, "o_score_car": 1614.741, "CDI": -0.087 }, "geometry": { "type": "Polygon", "coordinates": [ [ [ 8.48288, 47.39667 ], [ 8.48506, 47.39777 ], [ 8.48746, 47.39715 ], [ 8.48768, 47.39542 ], [ 8.48551, 47.39432 ], [ 8.48311, 47.39494 ], [ 8.48288, 47.39667 ] ] ] } },
{ "type": "Feature", "properties": { "id": 602, "population": 0, "o_score_pt": 1088.877, "o_score_car": 1390.931, "CDI": 0.122 }, "geometry": { "type": "Polygon", "coordinates": [ [ [ 8.52758, 47.42669 ], [ 8.52781, 47.4268 ], [ 8.52781, 47.4268 ], [ 8.52758, 47.42669 ] ] ] } },
{ "type": "Feature", "properties": { "id": 603, "population": 0, "o_score_pt": 3.018, "o_score_car": 1620.06, "CDI": 0.996 }, "geometry": { "type": "Polygon", "coordinates": [ [ [ 8.49909, 47.34224 ], [ 8.49932, 47.34235 ], [ 8.49932, 47.34235 ], [ 8.49909, 47.34224 ] ] ] } },
{ "type": "Feature", "properties": { "id": 604, "population": 0, "o_score_pt": 13.877, "o_score_car": 1477.463, "CDI": 0.981 }, "geometry": { "type": "Polygon", "coordinates": [ [ [ 8.59772, 47.36827 ], [ 8.59795, 47.36838 ], [ 8.59795, 47.36838 ], [ 8.59772, 47.36827 ] ] ] } },
{ "type": "Feature", "properties": { "id": 605, "population": 1000, "o_score_pt": 2152.764, "o_score_car": 1926.221, "CDI": -0.056 }, "geometry": { "type": "Polygon", "coordinates": [ [ [ 8.53193, 47.3939 ], [ 8.53411, 47.395 ], [ 8.53651, 47.39438 ], [ 8.53673, 47.39265 ], [ 8.53456, 47.39155 ], [ 8.53216, 47.39217 ], [ 8.53193, 47.3939 ] ] ] } },
{ "type": "Feature", "properties": { "id": 606, "population": 547, "o_score_pt": 2088.518, "o_score_car": 1908.45, "CDI": -0.045 }, "geometry": { "type": "Polygon", "coordinates": [ [ [ 8.54265, 47.36603 ], [ 8.54468, 47.36706 ], [ 8.54689, 47.36648 ], [ 8.5471, 47.36488 ], [ 8.54507, 47.36386 ], [ 8.54286, 47.36444 ], [ 8.54265, 47.36603 ] ] ] } },
{ "type": "Feature", "properties": { "id": 607, "population": 574, "o_score_pt": 1544.195, "o_score_car": 1768.219, "CDI": 0.068 }, "geometry": { "type": "Polygon", "coordinates": [ [ [ 8.56418, 47.37879 ], [ 8.56622, 47.37983 ], [ 8.56846, 47.37924 ], [ 8.56866, 47.37763 ], [ 8.56662, 47.3766 ], [ 8.56438, 47.37718 ], [ 8.56418, 47.37879 ] ] ] } },
{ "type": "Feature", "properties": { "id": 608, "population": 466, "o_score_pt": 1335.896, "o_score_car": 1475.429, "CDI": 0.05 }, "geometry": { "type": "Polygon", "coordinates": [ [ [ 8.5787, 47.3566 ], [ 8.58067, 47.3576 ], [ 8.58282, 47.35704 ], [ 8.58302, 47.35549 ], [ 8.58105, 47.35449 ], [ 8.5789, 47.35506 ], [ 8.5787, 47.3566 ] ] ] } },
{ "type": "Feature", "properties": { "id": 609, "population": 1096, "o_score_pt": 2109.524, "o_score_car": 1938.975, "CDI": -0.042 }, "geometry": { "type": "Polygon", "coordinates": [ [ [ 8.54638, 47.37175 ], [ 8.54856, 47.37285 ], [ 8.55096, 47.37222 ], [ 8.55118, 47.3705 ], [ 8.54901, 47.36939 ], [ 8.54661, 47.37002 ], [ 8.54638, 47.37175 ] ] ] } },
{ "type": "Feature", "properties": { "id": 610, "population": 608, "o_score_pt": 1335.869, "o_score_car": 1552.157, "CDI": 0.075 }, "geometry": { "type": "Polygon", "coordinates": [ [ [ 8.58055, 47.35947 ], [ 8.58261, 47.36051 ], [ 8.58487, 47.35992 ], [ 8.58508, 47.35829 ], [ 8.58302, 47.35725 ], [ 8.58076, 47.35784 ], [ 8.58055, 47.35947 ] ] ] } },
{ "type": "Feature", "properties": { "id": 611, "population": 609, "o_score_pt": 1933.129, "o_score_car": 1783.852, "CDI": -0.04 }, "geometry": { "type": "Polygon", "coordinates": [ [ [ 8.53006, 47.40942 ], [ 8.53212, 47.41047 ], [ 8.53438, 47.40988 ], [ 8.53459, 47.40825 ], [ 8.53253, 47.4072 ], [ 8.53027, 47.40779 ], [ 8.53006, 47.40942 ] ] ] } },
{ "type": "Feature", "properties": { "id": 612, "population": 580, "o_score_pt": 1515.633, "o_score_car": 1584.299, "CDI": 0.022 }, "geometry": { "type": "Polygon", "coordinates": [ [ [ 8.55631, 47.38586 ], [ 8.55835, 47.3869 ], [ 8.56059, 47.38631 ], [ 8.5608, 47.3847 ], [ 8.55875, 47.38366 ], [ 8.55651, 47.38425 ], [ 8.55631, 47.38586 ] ] ] } },
{ "type": "Feature", "properties": { "id": 613, "population": 233, "o_score_pt": 1350.624, "o_score_car": 1570.666, "CDI": 0.075 }, "geometry": { "type": "Polygon", "coordinates": [ [ [ 8.47103, 47.3847 ], [ 8.47276, 47.38558 ], [ 8.47461, 47.3851 ], [ 8.47478, 47.38377 ], [ 8.47305, 47.38289 ], [ 8.4712, 47.38337 ], [ 8.47103, 47.3847 ] ] ] } },
{ "type": "Feature", "properties": { "id": 614, "population": 906, "o_score_pt": 2032.896, "o_score_car": 1810.109, "CDI": -0.058 }, "geometry": { "type": "Polygon", "coordinates": [ [ [ 8.51296, 47.39718 ], [ 8.51513, 47.39828 ], [ 8.51753, 47.39766 ], [ 8.51776, 47.39593 ], [ 8.51558, 47.39483 ], [ 8.51318, 47.39545 ], [ 8.51296, 47.39718 ] ] ] } },
{ "type": "Feature", "properties": { "id": 615, "population": 1015, "o_score_pt": 2141.17, "o_score_car": 1915.26, "CDI": -0.056 }, "geometry": { "type": "Polygon", "coordinates": [ [ [ 8.51497, 47.38162 ], [ 8.51715, 47.38273 ], [ 8.51955, 47.3821 ], [ 8.51977, 47.38037 ], [ 8.51759, 47.37927 ], [ 8.51519, 47.37989 ], [ 8.51497, 47.38162 ] ] ] } },
{ "type": "Feature", "properties": { "id": 616, "population": 415, "o_score_pt": 1361.993, "o_score_car": 1539.387, "CDI": 0.061 }, "geometry": { "type": "Polygon", "coordinates": [ [ [ 8.57613, 47.35895 ], [ 8.57806, 47.35992 ], [ 8.58016, 47.35937 ], [ 8.58035, 47.35786 ], [ 8.57842, 47.35689 ], [ 8.57632, 47.35744 ], [ 8.57613, 47.35895 ] ] ] } },
{ "type": "Feature", "properties": { "id": 617, "population": 676, "o_score_pt": 1652.542, "o_score_car": 1572.469, "CDI": -0.025 }, "geometry": { "type": "Polygon", "coordinates": [ [ [ 8.53978, 47.42359 ], [ 8.54188, 47.42465 ], [ 8.54419, 47.42405 ], [ 8.54441, 47.42239 ], [ 8.5423, 47.42133 ], [ 8.54, 47.42193 ], [ 8.53978, 47.42359 ] ] ] } },
{ "type": "Feature", "properties": { "id": 618, "population": 512, "o_score_pt": 1133.939, "o_score_car": 1437.635, "CDI": 0.118 }, "geometry": { "type": "Polygon", "coordinates": [ [ [ 8.51273, 47.32872 ], [ 8.51473, 47.32974 ], [ 8.51692, 47.32917 ], [ 8.51712, 47.32759 ], [ 8.51512, 47.32658 ], [ 8.51294, 47.32715 ], [ 8.51273, 47.32872 ] ] ] } },
{ "type": "Feature", "properties": { "id": 619, "population": 0, "o_score_pt": 970.85, "o_score_car": 1531.868, "CDI": 0.224 }, "geometry": { "type": "Polygon", "coordinates": [ [ [ 8.46889, 47.37852 ], [ 8.46912, 47.37863 ], [ 8.46912, 47.37863 ], [ 8.46889, 47.37852 ] ] ] } },
{ "type": "Feature", "properties": { "id": 620, "population": 248, "o_score_pt": 3.199, "o_score_car": 1497.242, "CDI": 0.996 }, "geometry": { "type": "Polygon", "coordinates": [ [ [ 8.46636, 47.40262 ], [ 8.46811, 47.40351 ], [ 8.46999, 47.40302 ], [ 8.47016, 47.40167 ], [ 8.46841, 47.40078 ], [ 8.46653, 47.40127 ], [ 8.46636, 47.40262 ] ] ] } },
{ "type": "Feature", "properties": { "id": 621, "population": 0, "o_score_pt": 1716.974, "o_score_car": 1564.046, "CDI": -0.047 }, "geometry": { "type": "Polygon", "coordinates": [ [ [ 8.56116, 47.34607 ], [ 8.56139, 47.34619 ], [ 8.56139, 47.34619 ], [ 8.56116, 47.34607 ] ] ] } },
{ "type": "Feature", "properties": { "id": 622, "population": 56, "o_score_pt": 1095.36, "o_score_car": 1457.733, "CDI": 0.142 }, "geometry": { "type": "Polygon", "coordinates": [ [ [ 8.49367, 47.42888 ], [ 8.49492, 47.42951 ], [ 8.49616, 47.42918 ], [ 8.49628, 47.42829 ], [ 8.49503, 47.42766 ], [ 8.49379, 47.42799 ], [ 8.49367, 47.42888 ] ] ] } },
{ "type": "Feature", "properties": { "id": 623, "population": 55, "o_score_pt": 1387.961, "o_score_car": 1381.115, "CDI": -0.002 }, "geometry": { "type": "Polygon", "coordinates": [ [ [ 8.56322, 47.35727 ], [ 8.56446, 47.3579 ], [ 8.56569, 47.35758 ], [ 8.56581, 47.35669 ], [ 8.56457, 47.35606 ], [ 8.56333, 47.35639 ], [ 8.56322, 47.35727 ] ] ] } },
{ "type": "Feature", "properties": { "id": 624, "population": 572, "o_score_pt": 1917.791, "o_score_car": 1718.715, "CDI": -0.055 }, "geometry": { "type": "Polygon", "coordinates": [ [ [ 8.52483, 47.41412 ], [ 8.52688, 47.41516 ], [ 8.52911, 47.41457 ], [ 8.52932, 47.41296 ], [ 8.52728, 47.41193 ], [ 8.52504, 47.41251 ], [ 8.52483, 47.41412 ] ] ] } },
{ "type": "Feature", "properties": { "id": 625, "population": 0, "o_score_pt": 1320.746, "o_score_car": 1631.14, "CDI": 0.105 }, "geometry": { "type": "Polygon", "coordinates": [ [ [ 8.55906, 47.39843 ], [ 8.55929, 47.39855 ], [ 8.55929, 47.39855 ], [ 8.55906, 47.39843 ] ] ] } },
{ "type": "Feature", "properties": { "id": 626, "population": 5, "o_score_pt": 1526.388, "o_score_car": 1639.211, "CDI": 0.036 }, "geometry": { "type": "Polygon", "coordinates": [ [ [ 8.51381, 47.35176 ], [ 8.51428, 47.352 ], [ 8.51456, 47.35193 ], [ 8.51458, 47.35173 ], [ 8.51412, 47.3515 ], [ 8.51384, 47.35157 ], [ 8.51381, 47.35176 ] ] ] } },
{ "type": "Feature", "properties": { "id": 627, "population": 196, "o_score_pt": 1485.106, "o_score_car": 1654.099, "CDI": 0.054 }, "geometry": { "type": "Polygon", "coordinates": [ [ [ 8.50043, 47.40877 ], [ 8.50211, 47.40962 ], [ 8.50388, 47.40916 ], [ 8.50405, 47.40788 ], [ 8.50237, 47.40703 ], [ 8.5006, 47.4075 ], [ 8.50043, 47.40877 ] ] ] } },
{ "type": "Feature", "properties": { "id": 628, "population": 551, "o_score_pt": 2062.122, "o_score_car": 1797.715, "CDI": -0.069 }, "geometry": { "type": "Polygon", "coordinates": [ [ [ 8.54321, 47.39763 ], [ 8.54524, 47.39866 ], [ 8.54746, 47.39808 ], [ 8.54767, 47.39649 ], [ 8.54564, 47.39546 ], [ 8.54342, 47.39604 ], [ 8.54321, 47.39763 ] ] ] } },
{ "type": "Feature", "properties": { "id": 629, "population": 599, "o_score_pt": 1410.776, "o_score_car": 1419.434, "CDI": 0.003 }, "geometry": { "type": "Polygon", "coordinates": [ [ [ 8.47575, 47.41689 ], [ 8.47781, 47.41793 ], [ 8.48006, 47.41734 ], [ 8.48028, 47.41572 ], [ 8.47822, 47.41468 ], [ 8.47596, 47.41527 ], [ 8.47575, 47.41689 ] ] ] } },
{ "type": "Feature", "properties": { "id": 630, "population": 26, "o_score_pt": 1165.347, "o_score_car": 1464.728, "CDI": 0.114 }, "geometry": { "type": "Polygon", "coordinates": [ [ [ 8.47897, 47.41934 ], [ 8.47995, 47.41984 ], [ 8.48088, 47.41959 ], [ 8.48096, 47.41893 ], [ 8.47998, 47.41844 ], [ 8.47905, 47.41868 ], [ 8.47897, 47.41934 ] ] ] } },
{ "type": "Feature", "properties": { "id": 631, "population": 156, "o_score_pt": 1163.295, "o_score_car": 1641.215, "CDI": 0.17 }, "geometry": { "type": "Polygon", "coordinates": [ [ [ 8.57257, 47.37156 ], [ 8.57416, 47.37237 ], [ 8.57584, 47.37193 ], [ 8.576, 47.37072 ], [ 8.5744, 47.36991 ], [ 8.57273, 47.37035 ], [ 8.57257, 47.37156 ] ] ] } },
{ "type": "Feature", "properties": { "id": 632, "population": 440, "o_score_pt": 1708.335, "o_score_car": 1701.584, "CDI": -0.002 }, "geometry": { "type": "Polygon", "coordinates": [ [ [ 8.48651, 47.37066 ], [ 8.48846, 47.37165 ], [ 8.49058, 47.37109 ], [ 8.49078, 47.36957 ], [ 8.48883, 47.36858 ], [ 8.48671, 47.36913 ], [ 8.48651, 47.37066 ] ] ] } },
{ "type": "Feature", "properties": { "id": 633, "population": 757, "o_score_pt": 1931.877, "o_score_car": 1755.063, "CDI": -0.048 }, "geometry": { "type": "Polygon", "coordinates": [ [ [ 8.49537, 47.39007 ], [ 8.49751, 47.39116 ], [ 8.49986, 47.39054 ], [ 8.50008, 47.38885 ], [ 8.49795, 47.38776 ], [ 8.49559, 47.38838 ], [ 8.49537, 47.39007 ] ] ] } },
{ "type": "Feature", "properties": { "id": 634, "population": 0, "o_score_pt": 1439.482, "o_score_car": 1776.472, "CDI": 0.105 }, "geometry": { "type": "Polygon", "coordinates": [ [ [ 8.55515, 47.39277 ], [ 8.55538, 47.39288 ], [ 8.55538, 47.39288 ], [ 8.55515, 47.39277 ] ] ] } },
{ "type": "Feature", "properties": { "id": 635, "population": 0, "o_score_pt": 1327.172, "o_score_car": 1589.99, "CDI": 0.09 }, "geometry": { "type": "Polygon", "coordinates": [ [ [ 8.50037, 47.35026 ], [ 8.5006, 47.35038 ], [ 8.5006, 47.35038 ], [ 8.50037, 47.35026 ] ] ] } },
{ "type": "Feature", "properties": { "id": 636, "population": 553, "o_score_pt": 1422.051, "o_score_car": 1533.381, "CDI": 0.038 }, "geometry": { "type": "Polygon", "coordinates": [ [ [ 8.56867, 47.41605 ], [ 8.57071, 47.41707 ], [ 8.57293, 47.41649 ], [ 8.57313, 47.4149 ], [ 8.5711, 47.41387 ], [ 8.56888, 47.41445 ], [ 8.56867, 47.41605 ] ] ] } },
{ "type": "Feature", "properties": { "id": 637, "population": 584, "o_score_pt": 1860.45, "o_score_car": 1654.734, "CDI": -0.059 }, "geometry": { "type": "Polygon", "coordinates": [ [ [ 8.48693, 47.40229 ], [ 8.48898, 47.40333 ], [ 8.49123, 47.40274 ], [ 8.49144, 47.40113 ], [ 8.48939, 47.40009 ], [ 8.48714, 47.40067 ], [ 8.48693, 47.40229 ] ] ] } },
{ "type": "Feature", "properties": { "id": 638, "population": 980, "o_score_pt": 2117.516, "o_score_car": 1862.872, "CDI": -0.064 }, "geometry": { "type": "Polygon", "coordinates": [ [ [ 8.52479, 47.37739 ], [ 8.52697, 47.37849 ], [ 8.52937, 47.37786 ], [ 8.52959, 47.37614 ], [ 8.52741, 47.37503 ], [ 8.52502, 47.37566 ], [ 8.52479, 47.37739 ] ] ] } },
{ "type": "Feature", "properties": { "id": 639, "population": 903, "o_score_pt": 1887.18, "o_score_car": 1693.226, "CDI": -0.054 }, "geometry": { "type": "Polygon", "coordinates": [ [ [ 8.4816, 47.38865 ], [ 8.48378, 47.38976 ], [ 8.48618, 47.38913 ], [ 8.4864, 47.3874 ], [ 8.48423, 47.3863 ], [ 8.48183, 47.38692 ], [ 8.4816, 47.38865 ] ] ] } },
{ "type": "Feature", "properties": { "id": 640, "population": 594, "o_score_pt": 1765.55, "o_score_car": 1587.611, "CDI": -0.053 }, "geometry": { "type": "Polygon", "coordinates": [ [ [ 8.50846, 47.41505 ], [ 8.51052, 47.41609 ], [ 8.51277, 47.4155 ], [ 8.51298, 47.41388 ], [ 8.51092, 47.41284 ], [ 8.50867, 47.41343 ], [ 8.50846, 47.41505 ] ] ] } },
{ "type": "Feature", "properties": { "id": 641, "population": 454, "o_score_pt": 1410.62, "o_score_car": 1466.173, "CDI": 0.019 }, "geometry": { "type": "Polygon", "coordinates": [ [ [ 8.52321, 47.33768 ], [ 8.52517, 47.33868 ], [ 8.5273, 47.33812 ], [ 8.5275, 47.33658 ], [ 8.52554, 47.33559 ], [ 8.52341, 47.33615 ], [ 8.52321, 47.33768 ] ] ] } },
{ "type": "Feature", "properties": { "id": 642, "population": 789, "o_score_pt": 1862.543, "o_score_car": 1751.521, "CDI": -0.031 }, "geometry": { "type": "Polygon", "coordinates": [ [ [ 8.55155, 47.40382 ], [ 8.55371, 47.40491 ], [ 8.55608, 47.40429 ], [ 8.5563, 47.40258 ], [ 8.55414, 47.40149 ], [ 8.55177, 47.40211 ], [ 8.55155, 47.40382 ] ] ] } },
{ "type": "Feature", "properties": { "id": 643, "population": 0, "o_score_pt": 1388.1, "o_score_car": 1667.018, "CDI": 0.091 }, "geometry": { "type": "Polygon", "coordinates": [ [ [ 8.58004, 47.37958 ], [ 8.58027, 47.37969 ], [ 8.58027, 47.37969 ], [ 8.58004, 47.37958 ] ] ] } },
{ "type": "Feature", "properties": { "id": 644, "population": 723, "o_score_pt": 1828.293, "o_score_car": 1771.461, "CDI": -0.016 }, "geometry": { "type": "Polygon", "coordinates": [ [ [ 8.5079, 47.36509 ], [ 8.51002, 47.36616 ], [ 8.51235, 47.36555 ], [ 8.51257, 47.36387 ], [ 8.51045, 47.3628 ], [ 8.50812, 47.36341 ], [ 8.5079, 47.36509 ] ] ] } },
{ "type": "Feature", "properties": { "id": 645, "population": 886, "o_score_pt": 1818.946, "o_score_car": 1601.582, "CDI": -0.064 }, "geometry": { "type": "Polygon", "coordinates": [ [ [ 8.56459, 47.41044 ], [ 8.56677, 47.41154 ], [ 8.56917, 47.41091 ], [ 8.56939, 47.40918 ], [ 8.56721, 47.40808 ], [ 8.56481, 47.40871 ], [ 8.56459, 47.41044 ] ] ] } },
{ "type": "Feature", "properties": { "id": 646, "population": 813, "o_score_pt": 1890.973, "o_score_car": 1794.328, "CDI": -0.026 }, "geometry": { "type": "Polygon", "coordinates": [ [ [ 8.5098, 47.36793 ], [ 8.51196, 47.36903 ], [ 8.51435, 47.36841 ], [ 8.51457, 47.36669 ], [ 8.51241, 47.36559 ], [ 8.51002, 47.36622 ], [ 8.5098, 47.36793 ] ] ] } },
{ "type": "Feature", "properties": { "id": 647, "population": 423, "o_score_pt": 1404.882, "o_score_car": 1642.178, "CDI": 0.078 }, "geometry": { "type": "Polygon", "coordinates": [ [ [ 8.57279, 47.38489 ], [ 8.57473, 47.38587 ], [ 8.57683, 47.38532 ], [ 8.57703, 47.38381 ], [ 8.57509, 47.38283 ], [ 8.57298, 47.38338 ], [ 8.57279, 47.38489 ] ] ] } },
{ "type": "Feature", "properties": { "id": 648, "population": 669, "o_score_pt": 1371.442, "o_score_car": 1531.26, "CDI": 0.055 }, "geometry": { "type": "Polygon", "coordinates": [ [ [ 8.55352, 47.42501 ], [ 8.55562, 47.42608 ], [ 8.55792, 47.42547 ], [ 8.55814, 47.42382 ], [ 8.55604, 47.42276 ], [ 8.55374, 47.42336 ], [ 8.55352, 47.42501 ] ] ] } },
{ "type": "Feature", "properties": { "id": 649, "population": 818, "o_score_pt": 1768.971, "o_score_car": 1639.761, "CDI": -0.038 }, "geometry": { "type": "Polygon", "coordinates": [ [ [ 8.49137, 47.40281 ], [ 8.49354, 47.4039 ], [ 8.49592, 47.40328 ], [ 8.49615, 47.40156 ], [ 8.49398, 47.40047 ], [ 8.4916, 47.40109 ], [ 8.49137, 47.40281 ] ] ] } },
{ "type": "Feature", "properties": { "id": 650, "population": 606, "o_score_pt": 1743.401, "o_score_car": 1798.27, "CDI": 0.015 }, "geometry": { "type": "Polygon", "coordinates": [ [ [ 8.52956, 47.35943 ], [ 8.53162, 47.36047 ], [ 8.53388, 47.35988 ], [ 8.53409, 47.35826 ], [ 8.53203, 47.35721 ], [ 8.52977, 47.3578 ], [ 8.52956, 47.35943 ] ] ] } },
{ "type": "Feature", "properties": { "id": 651, "population": 1034, "o_score_pt": 2157.478, "o_score_car": 1883.655, "CDI": -0.068 }, "geometry": { "type": "Polygon", "coordinates": [ [ [ 8.51631, 47.37125 ], [ 8.51849, 47.37235 ], [ 8.52089, 47.37172 ], [ 8.52111, 47.37 ], [ 8.51893, 47.36889 ], [ 8.51654, 47.36952 ], [ 8.51631, 47.37125 ] ] ] } },
{ "type": "Feature", "properties": { "id": 652, "population": 600, "o_score_pt": 1649.143, "o_score_car": 1707.02, "CDI": 0.017 }, "geometry": { "type": "Polygon", "coordinates": [ [ [ 8.54776, 47.39812 ], [ 8.54982, 47.39916 ], [ 8.55207, 47.39857 ], [ 8.55228, 47.39695 ], [ 8.55022, 47.39591 ], [ 8.54797, 47.3965 ], [ 8.54776, 47.39812 ] ] ] } },
{ "type": "Feature", "properties": { "id": 653, "population": 733, "o_score_pt": 1821.531, "o_score_car": 1679.054, "CDI": -0.041 }, "geometry": { "type": "Polygon", "coordinates": [ [ [ 8.56007, 47.40994 ], [ 8.5622, 47.41102 ], [ 8.56454, 47.41041 ], [ 8.56476, 47.40873 ], [ 8.56263, 47.40765 ], [ 8.56029, 47.40826 ], [ 8.56007, 47.40994 ] ] ] } },
{ "type": "Feature", "properties": { "id": 654, "population": 682, "o_score_pt": 1611.447, "o_score_car": 1625.151, "CDI": 0.004 }, "geometry": { "type": "Polygon", "coordinates": [ [ [ 8.4934, 47.40562 ], [ 8.4955, 47.40668 ], [ 8.49781, 47.40608 ], [ 8.49803, 47.40442 ], [ 8.49592, 47.40335 ], [ 8.49361, 47.40395 ], [ 8.4934, 47.40562 ] ] ] } },
{ "type": "Feature", "properties": { "id": 655, "population": 166, "o_score_pt": 1465.26, "o_score_car": 1708.706, "CDI": 0.077 }, "geometry": { "type": "Polygon", "coordinates": [ [ [ 8.56926, 47.37911 ], [ 8.57087, 47.37993 ], [ 8.57258, 47.37949 ], [ 8.57274, 47.37826 ], [ 8.57112, 47.37744 ], [ 8.56941, 47.37789 ], [ 8.56926, 47.37911 ] ] ] } },
{ "type": "Feature", "properties": { "id": 656, "population": 35, "o_score_pt": 1285.1, "o_score_car": 1085.359, "CDI": -0.084 }, "geometry": { "type": "Polygon", "coordinates": [ [ [ 8.51375, 47.3468 ], [ 8.51484, 47.34735 ], [ 8.51588, 47.34707 ], [ 8.51598, 47.34632 ], [ 8.5149, 47.34577 ], [ 8.51385, 47.34605 ], [ 8.51375, 47.3468 ] ] ] } },
{ "type": "Feature", "properties": { "id": 657, "population": 887, "o_score_pt": 1733.319, "o_score_car": 1534.184, "CDI": -0.061 }, "geometry": { "type": "Polygon", "coordinates": [ [ [ 8.47636, 47.39336 ], [ 8.47853, 47.39446 ], [ 8.48093, 47.39384 ], [ 8.48116, 47.39211 ], [ 8.47898, 47.39101 ], [ 8.47658, 47.39163 ], [ 8.47636, 47.39336 ] ] ] } },
{ "type": "Feature", "properties": { "id": 658, "population": 604, "o_score_pt": 1453.15, "o_score_car": 1532.055, "CDI": 0.026 }, "geometry": { "type": "Polygon", "coordinates": [ [ [ 8.58438, 47.40192 ], [ 8.58644, 47.40296 ], [ 8.5887, 47.40237 ], [ 8.5889, 47.40075 ], [ 8.58684, 47.39971 ], [ 8.58458, 47.4003 ], [ 8.58438, 47.40192 ] ] ] } },
{ "type": "Feature", "properties": { "id": 659, "population": 877, "o_score_pt": 1656.876, "o_score_car": 1669.656, "CDI": 0.004 }, "geometry": { "type": "Polygon", "coordinates": [ [ [ 8.52552, 47.3538 ], [ 8.52769, 47.35491 ], [ 8.53009, 47.35428 ], [ 8.53032, 47.35255 ], [ 8.52814, 47.35145 ], [ 8.52574, 47.35207 ], [ 8.52552, 47.3538 ] ] ] } },
{ "type": "Feature", "properties": { "id": 660, "population": 1048, "o_score_pt": 2292.169, "o_score_car": 1954.228, "CDI": -0.08 }, "geometry": { "type": "Polygon", "coordinates": [ [ [ 8.54309, 47.37929 ], [ 8.54527, 47.3804 ], [ 8.54767, 47.37977 ], [ 8.54789, 47.37804 ], [ 8.54572, 47.37694 ], [ 8.54332, 47.37756 ], [ 8.54309, 47.37929 ] ] ] } },
{ "type": "Feature", "properties": { "id": 661, "population": 875, "o_score_pt": 1823.95, "o_score_car": 1739.92, "CDI": -0.024 }, "geometry": { "type": "Polygon", "coordinates": [ [ [ 8.50326, 47.36463 ], [ 8.50544, 47.36573 ], [ 8.50784, 47.36511 ], [ 8.50806, 47.36338 ], [ 8.50588, 47.36227 ], [ 8.50349, 47.3629 ], [ 8.50326, 47.36463 ] ] ] } },
{ "type": "Feature", "properties": { "id": 662, "population": 493, "o_score_pt": 1370.973, "o_score_car": 1460.919, "CDI": 0.032 }, "geometry": { "type": "Polygon", "coordinates": [ [ [ 8.5072, 47.42539 ], [ 8.50919, 47.4264 ], [ 8.51136, 47.42584 ], [ 8.51156, 47.42428 ], [ 8.50957, 47.42327 ], [ 8.5074, 47.42383 ], [ 8.5072, 47.42539 ] ] ] } },
{ "type": "Feature", "properties": { "id": 663, "population": 832, "o_score_pt": 1735.904, "o_score_car": 1727.752, "CDI": -0.002 }, "geometry": { "type": "Polygon", "coordinates": [ [ [ 8.55806, 47.40713 ], [ 8.56024, 47.40823 ], [ 8.56263, 47.4076 ], [ 8.56285, 47.40588 ], [ 8.56068, 47.40478 ], [ 8.55829, 47.4054 ], [ 8.55806, 47.40713 ] ] ] } },
{ "type": "Feature", "properties": { "id": 664, "population": 434, "o_score_pt": 1507.024, "o_score_car": 1602.063, "CDI": 0.031 }, "geometry": { "type": "Polygon", "coordinates": [ [ [ 8.50401, 47.41453 ], [ 8.50596, 47.41552 ], [ 8.50808, 47.41497 ], [ 8.50827, 47.41344 ], [ 8.50633, 47.41246 ], [ 8.50421, 47.41301 ], [ 8.50401, 47.41453 ] ] ] } },
{ "type": "Feature", "properties": { "id": 665, "population": 0, "o_score_pt": 201.763, "o_score_car": 1570.405, "CDI": 0.772 }, "geometry": { "type": "Polygon", "coordinates": [ [ [ 8.56955, 47.38901 ], [ 8.56978, 47.38912 ], [ 8.56978, 47.38912 ], [ 8.56955, 47.38901 ] ] ] } },
{ "type": "Feature", "properties": { "id": 666, "population": 0, "o_score_pt": 999.278, "o_score_car": 1668.605, "CDI": 0.251 }, "geometry": { "type": "Polygon", "coordinates": [ [ [ 8.51085, 47.34084 ], [ 8.51108, 47.34095 ], [ 8.51108, 47.34095 ], [ 8.51085, 47.34084 ] ] ] } },
{ "type": "Feature", "properties": { "id": 667, "population": 354, "o_score_pt": 1094.82, "o_score_car": 1566.563, "CDI": 0.177 }, "geometry": { "type": "Polygon", "coordinates": [ [ [ 8.53117, 47.33058 ], [ 8.53305, 47.33153 ], [ 8.53507, 47.331 ], [ 8.53526, 47.32954 ], [ 8.53339, 47.32859 ], [ 8.53136, 47.32912 ], [ 8.53117, 47.33058 ] ] ] } },
{ "type": "Feature", "properties": { "id": 668, "population": 922, "o_score_pt": 2044.229, "o_score_car": 1820.638, "CDI": -0.058 }, "geometry": { "type": "Polygon", "coordinates": [ [ [ 8.52418, 47.36418 ], [ 8.52636, 47.36528 ], [ 8.52875, 47.36466 ], [ 8.52898, 47.36293 ], [ 8.5268, 47.36182 ], [ 8.5244, 47.36245 ], [ 8.52418, 47.36418 ] ] ] } },
{ "type": "Feature", "properties": { "id": 669, "population": 0, "o_score_pt": 3.097, "o_score_car": 1266.493, "CDI": 0.995 }, "geometry": { "type": "Polygon", "coordinates": [ [ [ 8.50177, 47.32148 ], [ 8.502, 47.3216 ], [ 8.502, 47.3216 ], [ 8.50177, 47.32148 ] ] ] } },
{ "type": "Feature", "properties": { "id": 670, "population": 873, "o_score_pt": 2215.386, "o_score_car": 1956.264, "CDI": -0.062 }, "geometry": { "type": "Polygon", "coordinates": [ [ [ 8.53919, 47.37363 ], [ 8.54136, 47.37473 ], [ 8.54376, 47.37411 ], [ 8.54399, 47.37238 ], [ 8.54181, 47.37127 ], [ 8.53941, 47.3719 ], [ 8.53919, 47.37363 ] ] ] } },
{ "type": "Feature", "properties": { "id": 671, "population": 0, "o_score_pt": 19.305, "o_score_car": 1548.284, "CDI": 0.975 }, "geometry": { "type": "Polygon", "coordinates": [ [ [ 8.54811, 47.33946 ], [ 8.54834, 47.33957 ], [ 8.54834, 47.33957 ], [ 8.54811, 47.33946 ] ] ] } },
{ "type": "Feature", "properties": { "id": 672, "population": 1045, "o_score_pt": 2116.372, "o_score_car": 1918.348, "CDI": -0.049 }, "geometry": { "type": "Polygon", "coordinates": [ [ [ 8.52803, 47.38824 ], [ 8.5302, 47.38934 ], [ 8.5326, 47.38872 ], [ 8.53283, 47.38699 ], [ 8.53065, 47.38588 ], [ 8.52825, 47.38651 ], [ 8.52803, 47.38824 ] ] ] } },
{ "type": "Feature", "properties": { "id": 673, "population": 923, "o_score_pt": 1707.712, "o_score_car": 1719.18, "CDI": 0.003 }, "geometry": { "type": "Polygon", "coordinates": [ [ [ 8.48685, 47.38394 ], [ 8.48903, 47.38505 ], [ 8.49143, 47.38442 ], [ 8.49165, 47.38269 ], [ 8.48948, 47.38159 ], [ 8.48708, 47.38222 ], [ 8.48685, 47.38394 ] ] ] } },
{ "type": "Feature", "properties": { "id": 674, "population": 748, "o_score_pt": 1991.613, "o_score_car": 1757.8, "CDI": -0.062 }, "geometry": { "type": "Polygon", "coordinates": [ [ [ 8.52032, 47.3585 ], [ 8.52246, 47.35958 ], [ 8.52481, 47.35897 ], [ 8.52502, 47.35728 ], [ 8.52289, 47.3562 ], [ 8.52054, 47.35681 ], [ 8.52032, 47.3585 ] ] ] } },
{ "type": "Feature", "properties": { "id": 675, "population": 0, "o_score_pt": 7.179, "o_score_car": 1252.005, "CDI": 0.989 }, "geometry": { "type": "Polygon", "coordinates": [ [ [ 8.48006, 47.36391 ], [ 8.48029, 47.36403 ], [ 8.48029, 47.36403 ], [ 8.48006, 47.36391 ] ] ] } },
{ "type": "Feature", "properties": { "id": 676, "population": 714, "o_score_pt": 1779.967, "o_score_car": 1647.077, "CDI": -0.039 }, "geometry": { "type": "Polygon", "coordinates": [ [ [ 8.55483, 47.41465 ], [ 8.55695, 47.41572 ], [ 8.55928, 47.41512 ], [ 8.5595, 47.41344 ], [ 8.55738, 47.41237 ], [ 8.55505, 47.41297 ], [ 8.55483, 47.41465 ] ] ] } },
{ "type": "Feature", "properties": { "id": 677, "population": 1011, "o_score_pt": 2114.502, "o_score_car": 1882.832, "CDI": -0.058 }, "geometry": { "type": "Polygon", "coordinates": [ [ [ 8.53785, 47.384 ], [ 8.54003, 47.38511 ], [ 8.54242, 47.38448 ], [ 8.54265, 47.38275 ], [ 8.54047, 47.38165 ], [ 8.53807, 47.38228 ], [ 8.53785, 47.384 ] ] ] } },
{ "type": "Feature", "properties": { "id": 678, "population": 23, "o_score_pt": 1343.321, "o_score_car": 1521.23, "CDI": 0.062 }, "geometry": { "type": "Polygon", "coordinates": [ [ [ 8.46476, 47.3863 ], [ 8.4657, 47.38678 ], [ 8.46658, 47.38655 ], [ 8.46666, 47.38593 ], [ 8.46571, 47.38545 ], [ 8.46484, 47.38568 ], [ 8.46476, 47.3863 ] ] ] } },
{ "type": "Feature", "properties": { "id": 679, "population": 0, "o_score_pt": 5.183, "o_score_car": 1569.918, "CDI": 0.993 }, "geometry": { "type": "Polygon", "coordinates": [ [ [ 8.59248, 47.37298 ], [ 8.59271, 47.3731 ], [ 8.59271, 47.3731 ], [ 8.59248, 47.37298 ] ] ] } },
{ "type": "Feature", "properties": { "id": 680, "population": 672, "o_score_pt": 1936.133, "o_score_car": 1747.806, "CDI": -0.051 }, "geometry": { "type": "Polygon", "coordinates": [ [ [ 8.53789, 47.40237 ], [ 8.53998, 47.40343 ], [ 8.54229, 47.40283 ], [ 8.5425, 47.40117 ], [ 8.5404, 47.40011 ], [ 8.5381, 47.40071 ], [ 8.53789, 47.40237 ] ] ] } },
{ "type": "Feature", "properties": { "id": 681, "population": 854, "o_score_pt": 1894.085, "o_score_car": 1762.62, "CDI": -0.036 }, "geometry": { "type": "Polygon", "coordinates": [ [ [ 8.55883, 47.36515 ], [ 8.561, 47.36626 ], [ 8.5634, 47.36563 ], [ 8.56362, 47.3639 ], [ 8.56145, 47.3628 ], [ 8.55905, 47.36343 ], [ 8.55883, 47.36515 ] ] ] } },
{ "type": "Feature", "properties": { "id": 682, "population": 711, "o_score_pt": 1842.977, "o_score_car": 1767.959, "CDI": -0.021 }, "geometry": { "type": "Polygon", "coordinates": [ [ [ 8.53982, 47.40521 ], [ 8.54194, 47.40628 ], [ 8.54426, 47.40567 ], [ 8.54448, 47.404 ], [ 8.54236, 47.40292 ], [ 8.54003, 47.40353 ], [ 8.53982, 47.40521 ] ] ] } },
{ "type": "Feature", "properties": { "id": 683, "population": 1022, "o_score_pt": 2237.384, "o_score_car": 1943.716, "CDI": -0.07 }, "geometry": { "type": "Polygon", "coordinates": [ [ [ 8.53394, 47.37834 ], [ 8.53612, 47.37944 ], [ 8.53852, 47.37882 ], [ 8.53874, 47.37709 ], [ 8.53656, 47.37599 ], [ 8.53417, 47.37661 ], [ 8.53394, 47.37834 ] ] ] } },
{ "type": "Feature", "properties": { "id": 684, "population": 538, "o_score_pt": 1555.812, "o_score_car": 1551.233, "CDI": -0.001 }, "geometry": { "type": "Polygon", "coordinates": [ [ [ 8.49087, 47.40794 ], [ 8.49289, 47.40896 ], [ 8.4951, 47.40839 ], [ 8.49531, 47.4068 ], [ 8.49328, 47.40578 ], [ 8.49108, 47.40635 ], [ 8.49087, 47.40794 ] ] ] } },
{ "type": "Feature", "properties": { "id": 685, "population": 0, "o_score_pt": 6.744, "o_score_car": 1252.399, "CDI": 0.989 }, "geometry": { "type": "Polygon", "coordinates": [ [ [ 8.47811, 47.36108 ], [ 8.47834, 47.3612 ], [ 8.47834, 47.3612 ], [ 8.47811, 47.36108 ] ] ] } },
{ "type": "Feature", "properties": { "id": 686, "population": 0, "o_score_pt": 10.211, "o_score_car": 1383.248, "CDI": 0.985 }, "geometry": { "type": "Polygon", "coordinates": [ [ [ 8.58857, 47.36732 ], [ 8.5888, 47.36743 ], [ 8.5888, 47.36743 ], [ 8.58857, 47.36732 ] ] ] } },
{ "type": "Feature", "properties": { "id": 687, "population": 1013, "o_score_pt": 2099.867, "o_score_car": 1912.183, "CDI": -0.047 }, "geometry": { "type": "Polygon", "coordinates": [ [ [ 8.52022, 47.37691 ], [ 8.52239, 47.37801 ], [ 8.52479, 47.37739 ], [ 8.52502, 47.37566 ], [ 8.52284, 47.37456 ], [ 8.52044, 47.37518 ], [ 8.52022, 47.37691 ] ] ] } },
{ "type": "Feature", "properties": { "id": 688, "population": 0, "o_score_pt": 50.315, "o_score_car": 1755.807, "CDI": 0.944 }, "geometry": { "type": "Polygon", "coordinates": [ [ [ 8.54415, 47.35219 ], [ 8.54438, 47.35231 ], [ 8.54438, 47.35231 ], [ 8.54415, 47.35219 ] ] ] } },
{ "type": "Feature", "properties": { "id": 689, "population": 974, "o_score_pt": 1837.848, "o_score_car": 1709.927, "CDI": -0.036 }, "geometry": { "type": "Polygon", "coordinates": [ [ [ 8.55492, 47.35949 ], [ 8.55709, 47.36059 ], [ 8.55949, 47.35997 ], [ 8.55972, 47.35824 ], [ 8.55754, 47.35713 ], [ 8.55514, 47.35776 ], [ 8.55492, 47.35949 ] ] ] } },
{ "type": "Feature", "properties": { "id": 690, "population": 816, "o_score_pt": 1667.632, "o_score_car": 1583.459, "CDI": -0.026 }, "geometry": { "type": "Polygon", "coordinates": [ [ [ 8.54953, 47.41938 ], [ 8.5517, 47.42047 ], [ 8.55409, 47.41985 ], [ 8.55431, 47.41813 ], [ 8.55214, 47.41704 ], [ 8.54975, 47.41766 ], [ 8.54953, 47.41938 ] ] ] } },
{ "type": "Feature", "properties": { "id": 691, "population": 70, "o_score_pt": 1327.08, "o_score_car": 1616.505, "CDI": 0.098 }, "geometry": { "type": "Polygon", "coordinates": [ [ [ 8.49579, 47.35818 ], [ 8.49711, 47.35885 ], [ 8.49845, 47.3585 ], [ 8.49858, 47.35754 ], [ 8.49726, 47.35687 ], [ 8.49592, 47.35722 ], [ 8.49579, 47.35818 ] ] ] } },
{ "type": "Feature", "properties": { "id": 692, "population": 969, "o_score_pt": 1468.577, "o_score_car": 1602.884, "CDI": 0.044 }, "geometry": { "type": "Polygon", "coordinates": [ [ [ 8.47568, 47.39854 ], [ 8.47786, 47.39965 ], [ 8.48026, 47.39902 ], [ 8.48048, 47.39729 ], [ 8.47831, 47.39619 ], [ 8.47591, 47.39682 ], [ 8.47568, 47.39854 ] ] ] } },
{ "type": "Feature", "properties": { "id": 693, "population": 0, "o_score_pt": 62.347, "o_score_car": 1605.586, "CDI": 0.925 }, "geometry": { "type": "Polygon", "coordinates": [ [ [ 8.54024, 47.34653 ], [ 8.54047, 47.34664 ], [ 8.54047, 47.34664 ], [ 8.54024, 47.34653 ] ] ] } },
{ "type": "Feature", "properties": { "id": 694, "population": 560, "o_score_pt": 1365.501, "o_score_car": 1482.004, "CDI": 0.041 }, "geometry": { "type": "Polygon", "coordinates": [ [ [ 8.50257, 47.42493 ], [ 8.5046, 47.42596 ], [ 8.50683, 47.42538 ], [ 8.50704, 47.42378 ], [ 8.505, 47.42275 ], [ 8.50277, 47.42333 ], [ 8.50257, 47.42493 ] ] ] } },
{ "type": "Feature", "properties": { "id": 695, "population": 926, "o_score_pt": 1944.668, "o_score_car": 1877.752, "CDI": -0.018 }, "geometry": { "type": "Polygon", "coordinates": [ [ [ 8.55358, 47.36987 ], [ 8.55576, 47.37097 ], [ 8.55816, 47.37034 ], [ 8.55838, 47.36861 ], [ 8.5562, 47.36751 ], [ 8.5538, 47.36814 ], [ 8.55358, 47.36987 ] ] ] } },
{ "type": "Feature", "properties": { "id": 696, "population": 0, "o_score_pt": 1184.391, "o_score_car": 1363.177, "CDI": 0.07 }, "geometry": { "type": "Polygon", "coordinates": [ [ [ 8.60821, 47.35883 ], [ 8.60843, 47.35895 ], [ 8.60843, 47.35895 ], [ 8.60821, 47.35883 ] ] ] } },
{ "type": "Feature", "properties": { "id": 697, "population": 0, "o_score_pt": 11.604, "o_score_car": 1110.368, "CDI": 0.979 }, "geometry": { "type": "Polygon", "coordinates": [ [ [ 8.50561, 47.34555 ], [ 8.50584, 47.34566 ], [ 8.50584, 47.34566 ], [ 8.50561, 47.34555 ] ] ] } },
{ "type": "Feature", "properties": { "id": 698, "population": 0, "o_score_pt": 3.524, "o_score_car": 1576.764, "CDI": 0.996 }, "geometry": { "type": "Polygon", "coordinates": [ [ [ 8.56888, 47.39419 ], [ 8.56911, 47.39431 ], [ 8.56911, 47.39431 ], [ 8.56888, 47.39419 ] ] ] } },
{ "type": "Feature", "properties": { "id": 699, "population": 452, "o_score_pt": 1768.444, "o_score_car": 1805.104, "CDI": 0.01 }, "geometry": { "type": "Polygon", "coordinates": [ [ [ 8.54854, 47.3929 ], [ 8.5505, 47.39389 ], [ 8.55263, 47.39333 ], [ 8.55283, 47.3918 ], [ 8.55087, 47.39081 ], [ 8.54874, 47.39136 ], [ 8.54854, 47.3929 ] ] ] } },
{ "type": "Feature", "properties": { "id": 700, "population": 0, "o_score_pt": 550.593, "o_score_car": 1151.156, "CDI": 0.353 }, "geometry": { "type": "Polygon", "coordinates": [ [ [ 8.49317, 47.35214 ], [ 8.4934, 47.35225 ], [ 8.4934, 47.35225 ], [ 8.49317, 47.35214 ] ] ] } },
{ "type": "Feature", "properties": { "id": 701, "population": 77, "o_score_pt": 1426.479, "o_score_car": 1526.362, "CDI": 0.034 }, "geometry": { "type": "Polygon", "coordinates": [ [ [ 8.48641, 47.41241 ], [ 8.48776, 47.41309 ], [ 8.48914, 47.41273 ], [ 8.48927, 47.41175 ], [ 8.48792, 47.41106 ], [ 8.48654, 47.41142 ], [ 8.48641, 47.41241 ] ] ] } },
{ "type": "Feature", "properties": { "id": 702, "population": 162, "o_score_pt": 1932.96, "o_score_car": 1888.118, "CDI": -0.012 }, "geometry": { "type": "Polygon", "coordinates": [ [ [ 8.50716, 47.37528 ], [ 8.50877, 47.37609 ], [ 8.51046, 47.37565 ], [ 8.51062, 47.37443 ], [ 8.50902, 47.37362 ], [ 8.50732, 47.37406 ], [ 8.50716, 47.37528 ] ] ] } },
{ "type": "Feature", "properties": { "id": 703, "population": 50, "o_score_pt": 1199.041, "o_score_car": 1492.508, "CDI": 0.109 }, "geometry": { "type": "Polygon", "coordinates": [ [ [ 8.48981, 47.4232 ], [ 8.49102, 47.42381 ], [ 8.49222, 47.4235 ], [ 8.49233, 47.42264 ], [ 8.49112, 47.42203 ], [ 8.48992, 47.42235 ], [ 8.48981, 47.4232 ] ] ] } },
{ "type": "Feature", "properties": { "id": 704, "population": 0, "o_score_pt": 1106.348, "o_score_car": 1639.048, "CDI": 0.194 }, "geometry": { "type": "Polygon", "coordinates": [ [ [ 8.48463, 47.36439 ], [ 8.48486, 47.36451 ], [ 8.48486, 47.36451 ], [ 8.48463, 47.36439 ] ] ] } },
{ "type": "Feature", "properties": { "id": 705, "population": 794, "o_score_pt": 2056.339, "o_score_car": 1734.33, "CDI": -0.085 }, "geometry": { "type": "Polygon", "coordinates": [ [ [ 8.50646, 47.39387 ], [ 8.50861, 47.39496 ], [ 8.51098, 47.39434 ], [ 8.51121, 47.39263 ], [ 8.50905, 47.39154 ], [ 8.50668, 47.39216 ], [ 8.50646, 47.39387 ] ] ] } },
{ "type": "Feature", "properties": { "id": 706, "population": 0, "o_score_pt": 1146.586, "o_score_car": 1631.491, "CDI": 0.175 }, "geometry": { "type": "Polygon", "coordinates": [ [ [ 8.56497, 47.38853 ], [ 8.5652, 47.38865 ], [ 8.5652, 47.38865 ], [ 8.56497, 47.38853 ] ] ] } },
{ "type": "Feature", "properties": { "id": 707, "population": 0, "o_score_pt": 1603.3, "o_score_car": 1609.385, "CDI": 0.002 }, "geometry": { "type": "Polygon", "coordinates": [ [ [ 8.49183, 47.36251 ], [ 8.49206, 47.36263 ], [ 8.49206, 47.36263 ], [ 8.49183, 47.36251 ] ] ] } },
{ "type": "Feature", "properties": { "id": 708, "population": 894, "o_score_pt": 1508.113, "o_score_car": 1532.94, "CDI": 0.008 }, "geometry": { "type": "Polygon", "coordinates": [ [ [ 8.52753, 47.33824 ], [ 8.5297, 47.33934 ], [ 8.5321, 47.33871 ], [ 8.53232, 47.33698 ], [ 8.53015, 47.33588 ], [ 8.52775, 47.33651 ], [ 8.52753, 47.33824 ] ] ] } },
{ "type": "Feature", "properties": { "id": 709, "population": 998, "o_score_pt": 1906.948, "o_score_car": 1709.126, "CDI": -0.055 }, "geometry": { "type": "Polygon", "coordinates": [ [ [ 8.49075, 47.38961 ], [ 8.49293, 47.39071 ], [ 8.49533, 47.39009 ], [ 8.49555, 47.38836 ], [ 8.49338, 47.38725 ], [ 8.49098, 47.38788 ], [ 8.49075, 47.38961 ] ] ] } },
{ "type": "Feature", "properties": { "id": 710, "population": 946, "o_score_pt": 1915.585, "o_score_car": 1785.815, "CDI": -0.035 }, "geometry": { "type": "Polygon", "coordinates": [ [ [ 8.4921, 47.37924 ], [ 8.49427, 47.38034 ], [ 8.49667, 47.37971 ], [ 8.4969, 47.37798 ], [ 8.49472, 47.37688 ], [ 8.49232, 47.37751 ], [ 8.4921, 47.37924 ] ] ] } },
{ "type": "Feature", "properties": { "id": 711, "population": 682, "o_score_pt": 1884.024, "o_score_car": 1753.305, "CDI": -0.036 }, "geometry": { "type": "Polygon", "coordinates": [ [ [ 8.49286, 47.37402 ], [ 8.49496, 47.37509 ], [ 8.49727, 47.37449 ], [ 8.49748, 47.37282 ], [ 8.49538, 47.37176 ], [ 8.49307, 47.37236 ], [ 8.49286, 47.37402 ] ] ] } },
{ "type": "Feature", "properties": { "id": 712, "population": 668, "o_score_pt": 1521.248, "o_score_car": 1557.339, "CDI": 0.012 }, "geometry": { "type": "Polygon", "coordinates": [ [ [ 8.54632, 47.42689 ], [ 8.54842, 47.42795 ], [ 8.55072, 47.42735 ], [ 8.55093, 47.4257 ], [ 8.54884, 47.42464 ], [ 8.54654, 47.42524 ], [ 8.54632, 47.42689 ] ] ] } },
{ "type": "Feature", "properties": { "id": 713, "population": 318, "o_score_pt": 1405.237, "o_score_car": 1685.483, "CDI": 0.091 }, "geometry": { "type": "Polygon", "coordinates": [ [ [ 8.56771, 47.37117 ], [ 8.56955, 47.3721 ], [ 8.57153, 47.37159 ], [ 8.57171, 47.37016 ], [ 8.56987, 47.36923 ], [ 8.56789, 47.36975 ], [ 8.56771, 47.37117 ] ] ] } },
{ "type": "Feature", "properties": { "id": 714, "population": 763, "o_score_pt": 1768.703, "o_score_car": 1778.134, "CDI": 0.003 }, "geometry": { "type": "Polygon", "coordinates": [ [ [ 8.49147, 47.38441 ], [ 8.49361, 47.3855 ], [ 8.49596, 47.38488 ], [ 8.49618, 47.38318 ], [ 8.49404, 47.3821 ], [ 8.49169, 47.38271 ], [ 8.49147, 47.38441 ] ] ] } },
{ "type": "Feature", "properties": { "id": 715, "population": 956, "o_score_pt": 1805.291, "o_score_car": 1641.645, "CDI": -0.047 }, "geometry": { "type": "Polygon", "coordinates": [ [ [ 8.56264, 47.40761 ], [ 8.56481, 47.40871 ], [ 8.56721, 47.40808 ], [ 8.56744, 47.40635 ], [ 8.56526, 47.40525 ], [ 8.56286, 47.40588 ], [ 8.56264, 47.40761 ] ] ] } },
{ "type": "Feature", "properties": { "id": 716, "population": 927, "o_score_pt": 2077.97, "o_score_car": 1828.672, "CDI": -0.064 }, "geometry": { "type": "Polygon", "coordinates": [ [ [ 8.51955, 47.3821 ], [ 8.52172, 47.3832 ], [ 8.52412, 47.38258 ], [ 8.52435, 47.38085 ], [ 8.52217, 47.37974 ], [ 8.51977, 47.38037 ], [ 8.51955, 47.3821 ] ] ] } },
{ "type": "Feature", "properties": { "id": 717, "population": 0, "o_score_pt": 594.996, "o_score_car": 1641.361, "CDI": 0.468 }, "geometry": { "type": "Polygon", "coordinates": [ [ [ 8.58462, 47.38005 ], [ 8.58484, 47.38017 ], [ 8.58484, 47.38017 ], [ 8.58462, 47.38005 ] ] ] } },
{ "type": "Feature", "properties": { "id": 718, "population": 184, "o_score_pt": 1048.561, "o_score_car": 1501.207, "CDI": 0.178 }, "geometry": { "type": "Polygon", "coordinates": [ [ [ 8.52424, 47.33238 ], [ 8.52589, 47.33322 ], [ 8.52764, 47.33276 ], [ 8.5278, 47.3315 ], [ 8.52615, 47.33067 ], [ 8.52441, 47.33112 ], [ 8.52424, 47.33238 ] ] ] } },
{ "type": "Feature", "properties": { "id": 719, "population": 0, "o_score_pt": 50.509, "o_score_car": 1734.377, "CDI": 0.943 }, "geometry": { "type": "Polygon", "coordinates": [ [ [ 8.54153, 47.35455 ], [ 8.54176, 47.35466 ], [ 8.54176, 47.35466 ], [ 8.54153, 47.35455 ] ] ] } },
{ "type": "Feature", "properties": { "id": 720, "population": 839, "o_score_pt": 1749.031, "o_score_car": 1607.362, "CDI": -0.042 }, "geometry": { "type": "Polygon", "coordinates": [ [ [ 8.50307, 47.4198 ], [ 8.50525, 47.4209 ], [ 8.50765, 47.42027 ], [ 8.50787, 47.41855 ], [ 8.5057, 47.41745 ], [ 8.5033, 47.41807 ], [ 8.50307, 47.4198 ] ] ] } },
{ "type": "Feature", "properties": { "id": 721, "population": 563, "o_score_pt": 1454.63, "o_score_car": 1521.823, "CDI": 0.023 }, "geometry": { "type": "Polygon", "coordinates": [ [ [ 8.52245, 47.3429 ], [ 8.52449, 47.34393 ], [ 8.52671, 47.34335 ], [ 8.52692, 47.34175 ], [ 8.52488, 47.34071 ], [ 8.52266, 47.34129 ], [ 8.52245, 47.3429 ] ] ] } },
{ "type": "Feature", "properties": { "id": 722, "population": 942, "o_score_pt": 2159.724, "o_score_car": 1831.874, "CDI": -0.082 }, "geometry": { "type": "Polygon", "coordinates": [ [ [ 8.52473, 47.39578 ], [ 8.52691, 47.39688 ], [ 8.52931, 47.39626 ], [ 8.52953, 47.39453 ], [ 8.52736, 47.39343 ], [ 8.52496, 47.39405 ], [ 8.52473, 47.39578 ] ] ] } },
{ "type": "Feature", "properties": { "id": 723, "population": 2, "o_score_pt": 1209.423, "o_score_car": 1506.116, "CDI": 0.109 }, "geometry": { "type": "Polygon", "coordinates": [ [ [ 8.58262, 47.39562 ], [ 8.58284, 47.39573 ], [ 8.58284, 47.39573 ], [ 8.58262, 47.39562 ] ] ] } },
{ "type": "Feature", "properties": { "id": 724, "population": 1, "o_score_pt": 1533.321, "o_score_car": 1714.635, "CDI": 0.056 }, "geometry": { "type": "Polygon", "coordinates": [ [ [ 8.53762, 47.34888 ], [ 8.53785, 47.349 ], [ 8.53785, 47.349 ], [ 8.53762, 47.34888 ] ] ] } },
{ "type": "Feature", "properties": { "id": 725, "population": 61, "o_score_pt": 1247.072, "o_score_car": 1409.582, "CDI": 0.061 }, "geometry": { "type": "Polygon", "coordinates": [ [ [ 8.50023, 47.41381 ], [ 8.5015, 47.41446 ], [ 8.50279, 47.41413 ], [ 8.5029, 47.41321 ], [ 8.50163, 47.41256 ], [ 8.50035, 47.4129 ], [ 8.50023, 47.41381 ] ] ] } },
{ "type": "Feature", "properties": { "id": 726, "population": 812, "o_score_pt": 1904.925, "o_score_car": 1838.082, "CDI": -0.018 }, "geometry": { "type": "Polygon", "coordinates": [ [ [ 8.55293, 47.37505 ], [ 8.55509, 47.37615 ], [ 8.55748, 47.37552 ], [ 8.5577, 47.37381 ], [ 8.55553, 47.37271 ], [ 8.55315, 47.37333 ], [ 8.55293, 47.37505 ] ] ] } },
{ "type": "Feature", "properties": { "id": 727, "population": 31, "o_score_pt": 906.838, "o_score_car": 1295.903, "CDI": 0.177 }, "geometry": { "type": "Polygon", "coordinates": [ [ [ 8.60659, 47.3643 ], [ 8.60763, 47.36483 ], [ 8.60863, 47.36457 ], [ 8.60872, 47.36386 ], [ 8.60768, 47.36333 ], [ 8.60668, 47.36359 ], [ 8.60659, 47.3643 ] ] ] } },
{ "type": "Feature", "properties": { "id": 728, "population": 82, "o_score_pt": 1353.762, "o_score_car": 1647.333, "CDI": 0.098 }, "geometry": { "type": "Polygon", "coordinates": [ [ [ 8.5643, 47.38374 ], [ 8.56567, 47.38444 ], [ 8.56708, 47.38407 ], [ 8.56721, 47.38306 ], [ 8.56583, 47.38236 ], [ 8.56443, 47.38273 ], [ 8.5643, 47.38374 ] ] ] } },
{ "type": "Feature", "properties": { "id": 729, "population": 305, "o_score_pt": 1167.488, "o_score_car": 1389.453, "CDI": 0.087 }, "geometry": { "type": "Polygon", "coordinates": [ [ [ 8.47145, 47.41633 ], [ 8.47328, 47.41725 ], [ 8.47524, 47.41674 ], [ 8.47543, 47.41533 ], [ 8.4736, 47.4144 ], [ 8.47164, 47.41491 ], [ 8.47145, 47.41633 ] ] ] } },
{ "type": "Feature", "properties": { "id": 730, "population": 1028, "o_score_pt": 2185.334, "o_score_car": 1849.167, "CDI": -0.083 }, "geometry": { "type": "Polygon", "coordinates": [ [ [ 8.52083, 47.39012 ], [ 8.523, 47.39122 ], [ 8.5254, 47.39059 ], [ 8.52563, 47.38887 ], [ 8.52345, 47.38776 ], [ 8.52105, 47.38839 ], [ 8.52083, 47.39012 ] ] ] } },
{ "type": "Feature", "properties": { "id": 731, "population": 863, "o_score_pt": 1650.197, "o_score_car": 1514.335, "CDI": -0.043 }, "geometry": { "type": "Polygon", "coordinates": [ [ [ 8.47178, 47.39288 ], [ 8.47396, 47.39398 ], [ 8.47636, 47.39336 ], [ 8.47658, 47.39163 ], [ 8.47441, 47.39053 ], [ 8.47201, 47.39115 ], [ 8.47178, 47.39288 ] ] ] } },
{ "type": "Feature", "properties": { "id": 732, "population": 697, "o_score_pt": 2099.642, "o_score_car": 1901.07, "CDI": -0.05 }, "geometry": { "type": "Polygon", "coordinates": [ [ [ 8.53536, 47.36794 ], [ 8.53747, 47.36901 ], [ 8.53979, 47.36841 ], [ 8.54, 47.36674 ], [ 8.53789, 47.36567 ], [ 8.53557, 47.36627 ], [ 8.53536, 47.36794 ] ] ] } },
{ "type": "Feature", "properties": { "id": 733, "population": 32, "o_score_pt": 1520.174, "o_score_car": 1625.819, "CDI": 0.034 }, "geometry": { "type": "Polygon", "coordinates": [ [ [ 8.50855, 47.3515 ], [ 8.5096, 47.35203 ], [ 8.51061, 47.35177 ], [ 8.5107, 47.35104 ], [ 8.50965, 47.35051 ], [ 8.50864, 47.35077 ], [ 8.50855, 47.3515 ] ] ] } },
{ "type": "Feature", "properties": { "id": 734, "population": 918, "o_score_pt": 1875.485, "o_score_car": 1784.754, "CDI": -0.025 }, "geometry": { "type": "Polygon", "coordinates": [ [ [ 8.53646, 47.41277 ], [ 8.53863, 47.41387 ], [ 8.54103, 47.41324 ], [ 8.54126, 47.41152 ], [ 8.53908, 47.41041 ], [ 8.53668, 47.41104 ], [ 8.53646, 47.41277 ] ] ] } },
{ "type": "Feature", "properties": { "id": 735, "population": 1007, "o_score_pt": 2045.276, "o_score_car": 1849.13, "CDI": -0.05 }, "geometry": { "type": "Polygon", "coordinates": [ [ [ 8.54901, 47.36939 ], [ 8.55118, 47.3705 ], [ 8.55358, 47.36987 ], [ 8.5538, 47.36814 ], [ 8.55163, 47.36704 ], [ 8.54923, 47.36766 ], [ 8.54901, 47.36939 ] ] ] } },
{ "type": "Feature", "properties": { "id": 736, "population": 49, "o_score_pt": 1039.022, "o_score_car": 1366.191, "CDI": 0.136 }, "geometry": { "type": "Polygon", "coordinates": [ [ [ 8.60249, 47.3587 ], [ 8.60369, 47.3593 ], [ 8.60488, 47.35899 ], [ 8.60499, 47.35814 ], [ 8.60379, 47.35753 ], [ 8.6026, 47.35784 ], [ 8.60249, 47.3587 ] ] ] } },
{ "type": "Feature", "properties": { "id": 737, "population": 471, "o_score_pt": 1935.182, "o_score_car": 1688.51, "CDI": -0.068 }, "geometry": { "type": "Polygon", "coordinates": [ [ [ 8.51972, 47.40042 ], [ 8.5217, 47.40142 ], [ 8.52385, 47.40086 ], [ 8.52405, 47.39931 ], [ 8.52208, 47.39831 ], [ 8.51992, 47.39887 ], [ 8.51972, 47.40042 ] ] ] } },
{ "type": "Feature", "properties": { "id": 738, "population": 152, "o_score_pt": 1487.563, "o_score_car": 1601.61, "CDI": 0.037 }, "geometry": { "type": "Polygon", "coordinates": [ [ [ 8.57578, 47.4008 ], [ 8.57736, 47.4016 ], [ 8.57903, 47.40117 ], [ 8.57919, 47.39997 ], [ 8.5776, 47.39917 ], [ 8.57593, 47.3996 ], [ 8.57578, 47.4008 ] ] ] } },
{ "type": "Feature", "properties": { "id": 739, "population": 763, "o_score_pt": 1853.486, "o_score_car": 1820.38, "CDI": -0.009 }, "geometry": { "type": "Polygon", "coordinates": [ [ [ 8.53259, 47.40709 ], [ 8.53473, 47.40818 ], [ 8.53709, 47.40756 ], [ 8.53731, 47.40587 ], [ 8.53516, 47.40478 ], [ 8.53281, 47.4054 ], [ 8.53259, 47.40709 ] ] ] } },
{ "type": "Feature", "properties": { "id": 740, "population": 704, "o_score_pt": 1861.678, "o_score_car": 1746.488, "CDI": -0.032 }, "geometry": { "type": "Polygon", "coordinates": [ [ [ 8.54903, 47.38777 ], [ 8.55114, 47.38884 ], [ 8.55346, 47.38823 ], [ 8.55368, 47.38656 ], [ 8.55157, 47.38549 ], [ 8.54924, 47.38609 ], [ 8.54903, 47.38777 ] ] ] } },
{ "type": "Feature", "properties": { "id": 741, "population": 866, "o_score_pt": 1655.831, "o_score_car": 1607.588, "CDI": -0.015 }, "geometry": { "type": "Polygon", "coordinates": [ [ [ 8.47441, 47.39053 ], [ 8.47658, 47.39163 ], [ 8.47898, 47.39101 ], [ 8.47921, 47.38928 ], [ 8.47703, 47.38817 ], [ 8.47463, 47.3888 ], [ 8.47441, 47.39053 ] ] ] } },
{ "type": "Feature", "properties": { "id": 742, "population": 0, "o_score_pt": 780.558, "o_score_car": 1492.607, "CDI": 0.313 }, "geometry": { "type": "Polygon", "coordinates": [ [ [ 8.6023, 47.36874 ], [ 8.60253, 47.36886 ], [ 8.60253, 47.36886 ], [ 8.6023, 47.36874 ] ] ] } },
{ "type": "Feature", "properties": { "id": 743, "population": 899, "o_score_pt": 1971.145, "o_score_car": 1823.666, "CDI": -0.039 }, "geometry": { "type": "Polygon", "coordinates": [ [ [ 8.51558, 47.39483 ], [ 8.51776, 47.39593 ], [ 8.52016, 47.3953 ], [ 8.52038, 47.39358 ], [ 8.51821, 47.39247 ], [ 8.51581, 47.3931 ], [ 8.51558, 47.39483 ] ] ] } },
{ "type": "Feature", "properties": { "id": 744, "population": 486, "o_score_pt": 1737.194, "o_score_car": 1630.33, "CDI": -0.032 }, "geometry": { "type": "Polygon", "coordinates": [ [ [ 8.56887, 47.36085 ], [ 8.57085, 47.36185 ], [ 8.57302, 47.36129 ], [ 8.57322, 47.35973 ], [ 8.57123, 47.35872 ], [ 8.56907, 47.35929 ], [ 8.56887, 47.36085 ] ] ] } },
{ "type": "Feature", "properties": { "id": 745, "population": 343, "o_score_pt": 1740.314, "o_score_car": 1691.147, "CDI": -0.014 }, "geometry": { "type": "Polygon", "coordinates": [ [ [ 8.53157, 47.41737 ], [ 8.53344, 47.41831 ], [ 8.53546, 47.41778 ], [ 8.53564, 47.41634 ], [ 8.53378, 47.41539 ], [ 8.53176, 47.41592 ], [ 8.53157, 47.41737 ] ] ] } },
{ "type": "Feature", "properties": { "id": 746, "population": 353, "o_score_pt": 1406.242, "o_score_car": 1538.717, "CDI": 0.045 }, "geometry": { "type": "Polygon", "coordinates": [ [ [ 8.53285, 47.42538 ], [ 8.53472, 47.42633 ], [ 8.53675, 47.42581 ], [ 8.53694, 47.42435 ], [ 8.53506, 47.4234 ], [ 8.53303, 47.42393 ], [ 8.53285, 47.42538 ] ] ] } },
{ "type": "Feature", "properties": { "id": 747, "population": 0, "o_score_pt": 6.074, "o_score_car": 1522.352, "CDI": 0.992 }, "geometry": { "type": "Polygon", "coordinates": [ [ [ 8.4617, 47.38039 ], [ 8.46193, 47.38051 ], [ 8.46193, 47.38051 ], [ 8.4617, 47.38039 ] ] ] } },
{ "type": "Feature", "properties": { "id": 748, "population": 523, "o_score_pt": 1187.684, "o_score_car": 1499.148, "CDI": 0.116 }, "geometry": { "type": "Polygon", "coordinates": [ [ [ 8.46868, 47.40036 ], [ 8.47069, 47.40138 ], [ 8.47288, 47.40081 ], [ 8.47309, 47.39923 ], [ 8.47108, 47.39821 ], [ 8.46888, 47.39878 ], [ 8.46868, 47.40036 ] ] ] } },
{ "type": "Feature", "properties": { "id": 749, "population": 334, "o_score_pt": 1319.353, "o_score_car": 1505.059, "CDI": 0.066 }, "geometry": { "type": "Polygon", "coordinates": [ [ [ 8.56773, 47.35278 ], [ 8.56959, 47.35372 ], [ 8.57159, 47.3532 ], [ 8.57178, 47.35175 ], [ 8.56992, 47.35081 ], [ 8.56792, 47.35134 ], [ 8.56773, 47.35278 ] ] ] } },
{ "type": "Feature", "properties": { "id": 750, "population": 0, "o_score_pt": 49.684, "o_score_car": 1613.37, "CDI": 0.94 }, "geometry": { "type": "Polygon", "coordinates": [ [ [ 8.55397, 47.34795 ], [ 8.55419, 47.34807 ], [ 8.55419, 47.34807 ], [ 8.55397, 47.34795 ] ] ] } },
{ "type": "Feature", "properties": { "id": 751, "population": 36, "o_score_pt": 939.954, "o_score_car": 1439.05, "CDI": 0.21 }, "geometry": { "type": "Polygon", "coordinates": [ [ [ 8.48665, 47.4307 ], [ 8.48774, 47.43125 ], [ 8.4888, 47.43098 ], [ 8.4889, 47.43022 ], [ 8.48781, 47.42967 ], [ 8.48674, 47.42994 ], [ 8.48665, 47.4307 ] ] ] } },
{ "type": "Feature", "properties": { "id": 752, "population": 138, "o_score_pt": 1515.091, "o_score_car": 1641.476, "CDI": 0.04 }, "geometry": { "type": "Polygon", "coordinates": [ [ [ 8.47978, 47.37239 ], [ 8.48133, 47.37318 ], [ 8.48296, 47.37276 ], [ 8.48311, 47.37159 ], [ 8.48156, 47.3708 ], [ 8.47994, 47.37122 ], [ 8.47978, 47.37239 ] ] ] } },
{ "type": "Feature", "properties": { "id": 753, "population": 9, "o_score_pt": 1423.395, "o_score_car": 1608.137, "CDI": 0.061 }, "geometry": { "type": "Polygon", "coordinates": [ [ [ 8.53039, 47.41928 ], [ 8.53103, 47.41961 ], [ 8.53153, 47.41948 ], [ 8.53158, 47.41913 ], [ 8.53094, 47.4188 ], [ 8.53044, 47.41893 ], [ 8.53039, 47.41928 ] ] ] } },
{ "type": "Feature", "properties": { "id": 754, "population": 0, "o_score_pt": 5.861, "o_score_car": 1631.041, "CDI": 0.993 }, "geometry": { "type": "Polygon", "coordinates": [ [ [ 8.56168, 47.39607 ], [ 8.56191, 47.39619 ], [ 8.56191, 47.39619 ], [ 8.56168, 47.39607 ] ] ] } },
{ "type": "Feature", "properties": { "id": 755, "population": 87, "o_score_pt": 1141.394, "o_score_car": 1453.495, "CDI": 0.12 }, "geometry": { "type": "Polygon", "coordinates": [ [ [ 8.48892, 47.42845 ], [ 8.49031, 47.42916 ], [ 8.49174, 47.42879 ], [ 8.49188, 47.42776 ], [ 8.49048, 47.42705 ], [ 8.48905, 47.42743 ], [ 8.48892, 47.42845 ] ] ] } },
{ "type": "Feature", "properties": { "id": 756, "population": 305, "o_score_pt": 1527.172, "o_score_car": 1586.824, "CDI": 0.019 }, "geometry": { "type": "Polygon", "coordinates": [ [ [ 8.50502, 47.35413 ], [ 8.50684, 47.35505 ], [ 8.5088, 47.35454 ], [ 8.50899, 47.35313 ], [ 8.50716, 47.3522 ], [ 8.5052, 47.35271 ], [ 8.50502, 47.35413 ] ] ] } },
{ "type": "Feature", "properties": { "id": 757, "population": 968, "o_score_pt": 1976.826, "o_score_car": 1745.389, "CDI": -0.062 }, "geometry": { "type": "Polygon", "coordinates": [ [ [ 8.54967, 47.3642 ], [ 8.55185, 47.36531 ], [ 8.55425, 47.36468 ], [ 8.55447, 47.36295 ], [ 8.5523, 47.36185 ], [ 8.5499, 47.36247 ], [ 8.54967, 47.3642 ] ] ] } },
{ "type": "Feature", "properties": { "id": 758, "population": 0, "o_score_pt": 7.259, "o_score_car": 1577.425, "CDI": 0.991 }, "geometry": { "type": "Polygon", "coordinates": [ [ [ 8.47744, 47.36627 ], [ 8.47767, 47.36638 ], [ 8.47767, 47.36638 ], [ 8.47744, 47.36627 ] ] ] } },
{ "type": "Feature", "properties": { "id": 759, "population": 0, "o_score_pt": 31.009, "o_score_car": 1554.481, "CDI": 0.961 }, "geometry": { "type": "Polygon", "coordinates": [ [ [ 8.55659, 47.3456 ], [ 8.55682, 47.34571 ], [ 8.55682, 47.34571 ], [ 8.55659, 47.3456 ] ] ] } },
{ "type": "Feature", "properties": { "id": 760, "population": 1035, "o_score_pt": 1965.518, "o_score_car": 1725.446, "CDI": -0.065 }, "geometry": { "type": "Polygon", "coordinates": [ [ [ 8.48813, 47.39196 ], [ 8.49031, 47.39307 ], [ 8.49271, 47.39244 ], [ 8.49293, 47.39071 ], [ 8.49075, 47.38961 ], [ 8.48835, 47.39023 ], [ 8.48813, 47.39196 ] ] ] } },
{ "type": "Feature", "properties": { "id": 761, "population": 0, "o_score_pt": 2.27, "o_score_car": 1169.353, "CDI": 0.996 }, "geometry": { "type": "Polygon", "coordinates": [ [ [ 8.61802, 47.35459 ], [ 8.61825, 47.3547 ], [ 8.61825, 47.3547 ], [ 8.61802, 47.35459 ] ] ] } },
{ "type": "Feature", "properties": { "id": 762, "population": 645, "o_score_pt": 1806.905, "o_score_car": 1811.962, "CDI": 0.001 }, "geometry": { "type": "Polygon", "coordinates": [ [ [ 8.54577, 47.3953 ], [ 8.54786, 47.39635 ], [ 8.55014, 47.39576 ], [ 8.55035, 47.39411 ], [ 8.54827, 47.39306 ], [ 8.54598, 47.39365 ], [ 8.54577, 47.3953 ] ] ] } },
{ "type": "Feature", "properties": { "id": 763, "population": 769, "o_score_pt": 1927.208, "o_score_car": 1791.673, "CDI": -0.036 }, "geometry": { "type": "Polygon", "coordinates": [ [ [ 8.50263, 47.36981 ], [ 8.50477, 47.37089 ], [ 8.50713, 47.37028 ], [ 8.50735, 47.36858 ], [ 8.50521, 47.36749 ], [ 8.50285, 47.3681 ], [ 8.50263, 47.36981 ] ] ] } },
{ "type": "Feature", "properties": { "id": 764, "population": 725, "o_score_pt": 1400.139, "o_score_car": 1049.378, "CDI": -0.143 }, "geometry": { "type": "Polygon", "coordinates": [ [ [ 8.5204, 47.3401 ], [ 8.52252, 47.34117 ], [ 8.52485, 47.34056 ], [ 8.52507, 47.33888 ], [ 8.52295, 47.3378 ], [ 8.52061, 47.33841 ], [ 8.5204, 47.3401 ] ] ] } },
{ "type": "Feature", "properties": { "id": 765, "population": 51, "o_score_pt": 1368.463, "o_score_car": 1486.491, "CDI": 0.041 }, "geometry": { "type": "Polygon", "coordinates": [ [ [ 8.47494, 47.37698 ], [ 8.47615, 47.37759 ], [ 8.47735, 47.37728 ], [ 8.47747, 47.37642 ], [ 8.47626, 47.3758 ], [ 8.47505, 47.37612 ], [ 8.47494, 47.37698 ] ] ] } },
{ "type": "Feature", "properties": { "id": 766, "population": 179, "o_score_pt": 1735.34, "o_score_car": 1651.855, "CDI": -0.025 }, "geometry": { "type": "Polygon", "coordinates": [ [ [ 8.51878, 47.41067 ], [ 8.52042, 47.4115 ], [ 8.52216, 47.41105 ], [ 8.52232, 47.4098 ], [ 8.52068, 47.40897 ], [ 8.51894, 47.40942 ], [ 8.51878, 47.41067 ] ] ] } },
{ "type": "Feature", "properties": { "id": 767, "population": 0, "o_score_pt": 4.437, "o_score_car": 1349.919, "CDI": 0.993 }, "geometry": { "type": "Polygon", "coordinates": [ [ [ 8.46432, 47.37804 ], [ 8.46455, 47.37815 ], [ 8.46455, 47.37815 ], [ 8.46432, 47.37804 ] ] ] } },
{ "type": "Feature", "properties": { "id": 768, "population": 726, "o_score_pt": 1818.797, "o_score_car": 1715.937, "CDI": -0.029 }, "geometry": { "type": "Polygon", "coordinates": [ [ [ 8.5555, 47.40947 ], [ 8.55762, 47.41054 ], [ 8.55996, 47.40993 ], [ 8.56017, 47.40825 ], [ 8.55805, 47.40718 ], [ 8.55571, 47.40779 ], [ 8.5555, 47.40947 ] ] ] } },
{ "type": "Feature", "properties": { "id": 769, "population": 0, "o_score_pt": 17.107, "o_score_car": 1613.648, "CDI": 0.979 }, "geometry": { "type": "Polygon", "coordinates": [ [ [ 8.48793, 47.35685 ], [ 8.48816, 47.35696 ], [ 8.48816, 47.35696 ], [ 8.48793, 47.35685 ] ] ] } },
{ "type": "Feature", "properties": { "id": 770, "population": 726, "o_score_pt": 1816.51, "o_score_car": 1666.793, "CDI": -0.043 }, "geometry": { "type": "Polygon", "coordinates": [ [ [ 8.55745, 47.4123 ], [ 8.55958, 47.41337 ], [ 8.56191, 47.41276 ], [ 8.56213, 47.41108 ], [ 8.56, 47.41001 ], [ 8.55767, 47.41062 ], [ 8.55745, 47.4123 ] ] ] } },
{ "type": "Feature", "properties": { "id": 771, "population": 1091, "o_score_pt": 2116.223, "o_score_car": 1802.528, "CDI": -0.08 }, "geometry": { "type": "Polygon", "coordinates": [ [ [ 8.51235, 47.38398 ], [ 8.51452, 47.38508 ], [ 8.51692, 47.38445 ], [ 8.51715, 47.38273 ], [ 8.51497, 47.38162 ], [ 8.51257, 47.38225 ], [ 8.51235, 47.38398 ] ] ] } },
{ "type": "Feature", "properties": { "id": 772, "population": 0, "o_score_pt": 1001.746, "o_score_car": 1383.664, "CDI": 0.16 }, "geometry": { "type": "Polygon", "coordinates": [ [ [ 8.50762, 47.32998 ], [ 8.50785, 47.3301 ], [ 8.50785, 47.3301 ], [ 8.50762, 47.32998 ] ] ] } },
{ "type": "Feature", "properties": { "id": 773, "population": 18, "o_score_pt": 7.148, "o_score_car": 1568.829, "CDI": 0.991 }, "geometry": { "type": "Polygon", "coordinates": [ [ [ 8.47145, 47.37119 ], [ 8.47231, 47.37163 ], [ 8.47308, 47.37143 ], [ 8.47316, 47.37087 ], [ 8.47229, 47.37044 ], [ 8.47152, 47.37064 ], [ 8.47145, 47.37119 ] ] ] } },
{ "type": "Feature", "properties": { "id": 774, "population": 758, "o_score_pt": 1693.672, "o_score_car": 1648.673, "CDI": -0.013 }, "geometry": { "type": "Polygon", "coordinates": [ [ [ 8.50123, 47.39857 ], [ 8.50337, 47.39965 ], [ 8.50572, 47.39904 ], [ 8.50594, 47.39734 ], [ 8.5038, 47.39626 ], [ 8.50145, 47.39687 ], [ 8.50123, 47.39857 ] ] ] } },
{ "type": "Feature", "properties": { "id": 775, "population": 725, "o_score_pt": 1668.453, "o_score_car": 1808.68, "CDI": 0.04 }, "geometry": { "type": "Polygon", "coordinates": [ [ [ 8.53211, 47.35709 ], [ 8.53423, 47.35817 ], [ 8.53656, 47.35756 ], [ 8.53678, 47.35588 ], [ 8.53466, 47.3548 ], [ 8.53232, 47.35541 ], [ 8.53211, 47.35709 ] ] ] } },
{ "type": "Feature", "properties": { "id": 776, "population": 0, "o_score_pt": 1358.673, "o_score_car": 1625.44, "CDI": 0.089 }, "geometry": { "type": "Polygon", "coordinates": [ [ [ 8.51653, 47.40452 ], [ 8.51676, 47.40463 ], [ 8.51676, 47.40463 ], [ 8.51653, 47.40452 ] ] ] } },
{ "type": "Feature", "properties": { "id": 777, "population": 489, "o_score_pt": 2142.653, "o_score_car": 1831.671, "CDI": -0.078 }, "geometry": { "type": "Polygon", "coordinates": [ [ [ 8.54064, 47.39997 ], [ 8.54263, 47.40098 ], [ 8.54479, 47.40042 ], [ 8.545, 47.39886 ], [ 8.54301, 47.39785 ], [ 8.54084, 47.39841 ], [ 8.54064, 47.39997 ] ] ] } },
{ "type": "Feature", "properties": { "id": 778, "population": 755, "o_score_pt": 1896.039, "o_score_car": 1793.385, "CDI": -0.028 }, "geometry": { "type": "Polygon", "coordinates": [ [ [ 8.49739, 47.37451 ], [ 8.49953, 47.3756 ], [ 8.50188, 47.37498 ], [ 8.5021, 47.37329 ], [ 8.49996, 47.3722 ], [ 8.49761, 47.37282 ], [ 8.49739, 47.37451 ] ] ] } },
{ "type": "Feature", "properties": { "id": 779, "population": 120, "o_score_pt": 1341.275, "o_score_car": 1444.986, "CDI": 0.037 }, "geometry": { "type": "Polygon", "coordinates": [ [ [ 8.53261, 47.43044 ], [ 8.53412, 47.4312 ], [ 8.53569, 47.43079 ], [ 8.53583, 47.42966 ], [ 8.53433, 47.4289 ], [ 8.53276, 47.42931 ], [ 8.53261, 47.43044 ] ] ] } },
{ "type": "Feature", "properties": { "id": 780, "population": 29, "o_score_pt": 1183.343, "o_score_car": 1624.547, "CDI": 0.157 }, "geometry": { "type": "Polygon", "coordinates": [ [ [ 8.57978, 47.37466 ], [ 8.5808, 47.37518 ], [ 8.58177, 47.37492 ], [ 8.58186, 47.37423 ], [ 8.58084, 47.37372 ], [ 8.57987, 47.37397 ], [ 8.57978, 47.37466 ] ] ] } },
{ "type": "Feature", "properties": { "id": 781, "population": 139, "o_score_pt": 1001.556, "o_score_car": 1419.425, "CDI": 0.173 }, "geometry": { "type": "Polygon", "coordinates": [ [ [ 8.50869, 47.32808 ], [ 8.51024, 47.32887 ], [ 8.51187, 47.32845 ], [ 8.51202, 47.32727 ], [ 8.51047, 47.32649 ], [ 8.50884, 47.32691 ], [ 8.50869, 47.32808 ] ] ] } },
{ "type": "Feature", "properties": { "id": 782, "population": 514, "o_score_pt": 1737.143, "o_score_car": 1590.411, "CDI": -0.044 }, "geometry": { "type": "Polygon", "coordinates": [ [ [ 8.53532, 47.42308 ], [ 8.53732, 47.42409 ], [ 8.53951, 47.42352 ], [ 8.53972, 47.42195 ], [ 8.53771, 47.42093 ], [ 8.53552, 47.4215 ], [ 8.53532, 47.42308 ] ] ] } },
{ "type": "Feature", "properties": { "id": 783, "population": 314, "o_score_pt": 997.477, "o_score_car": 1076.886, "CDI": 0.038 }, "geometry": { "type": "Polygon", "coordinates": [ [ [ 8.51549, 47.34471 ], [ 8.51733, 47.34564 ], [ 8.5193, 47.34512 ], [ 8.51949, 47.3437 ], [ 8.51765, 47.34277 ], [ 8.51568, 47.34328 ], [ 8.51549, 47.34471 ] ] ] } },
{ "type": "Feature", "properties": { "id": 784, "population": 145, "o_score_pt": 1670.024, "o_score_car": 1628.781, "CDI": -0.013 }, "geometry": { "type": "Polygon", "coordinates": [ [ [ 8.51904, 47.35547 ], [ 8.52061, 47.35626 ], [ 8.52225, 47.35583 ], [ 8.52241, 47.35465 ], [ 8.52084, 47.35385 ], [ 8.51919, 47.35428 ], [ 8.51904, 47.35547 ] ] ] } },
{ "type": "Feature", "properties": { "id": 785, "population": 428, "o_score_pt": 1649.672, "o_score_car": 1560.143, "CDI": -0.028 }, "geometry": { "type": "Polygon", "coordinates": [ [ [ 8.57154, 47.35847 ], [ 8.57348, 47.35946 ], [ 8.57559, 47.35891 ], [ 8.57579, 47.35739 ], [ 8.57384, 47.3564 ], [ 8.57174, 47.35696 ], [ 8.57154, 47.35847 ] ] ] } },
{ "type": "Feature", "properties": { "id": 786, "population": 492, "o_score_pt": 1834.212, "o_score_car": 1697.633, "CDI": -0.039 }, "geometry": { "type": "Polygon", "coordinates": [ [ [ 8.51312, 47.4155 ], [ 8.51511, 47.41651 ], [ 8.51728, 47.41595 ], [ 8.51748, 47.41438 ], [ 8.51549, 47.41338 ], [ 8.51332, 47.41394 ], [ 8.51312, 47.4155 ] ] ] } },
{ "type": "Feature", "properties": { "id": 787, "population": 1089, "o_score_pt": 2128.098, "o_score_car": 1903.796, "CDI": -0.056 }, "geometry": { "type": "Polygon", "coordinates": [ [ [ 8.54572, 47.37694 ], [ 8.54789, 47.37804 ], [ 8.55029, 47.37741 ], [ 8.55051, 47.37568 ], [ 8.54834, 47.37458 ], [ 8.54594, 47.37521 ], [ 8.54572, 47.37694 ] ] ] } },
{ "type": "Feature", "properties": { "id": 788, "population": 1, "o_score_pt": 1335.827, "o_score_car": 1383.328, "CDI": 0.017 }, "geometry": { "type": "Polygon", "coordinates": [ [ [ 8.5302, 47.42433 ], [ 8.53043, 47.42445 ], [ 8.53043, 47.42445 ], [ 8.5302, 47.42433 ] ] ] } },
{ "type": "Feature", "properties": { "id": 789, "population": 19, "o_score_pt": 1048.269, "o_score_car": 1470.18, "CDI": 0.168 }, "geometry": { "type": "Polygon", "coordinates": [ [ [ 8.59958, 47.36613 ], [ 8.60046, 47.36658 ], [ 8.60126, 47.36637 ], [ 8.60133, 47.3658 ], [ 8.60045, 47.36535 ], [ 8.59965, 47.36556 ], [ 8.59958, 47.36613 ] ] ] } },
{ "type": "Feature", "properties": { "id": 790, "population": 0, "o_score_pt": 2.49, "o_score_car": 1637.392, "CDI": 0.997 }, "geometry": { "type": "Polygon", "coordinates": [ [ [ 8.50366, 47.34272 ], [ 8.50389, 47.34283 ], [ 8.50389, 47.34283 ], [ 8.50366, 47.34272 ] ] ] } },
{ "type": "Feature", "properties": { "id": 791, "population": 1070, "o_score_pt": 2191.883, "o_score_car": 1908.111, "CDI": -0.069 }, "geometry": { "type": "Polygon", "coordinates": [ [ [ 8.53456, 47.39155 ], [ 8.53673, 47.39265 ], [ 8.53913, 47.39202 ], [ 8.53936, 47.39029 ], [ 8.53718, 47.38919 ], [ 8.53478, 47.38982 ], [ 8.53456, 47.39155 ] ] ] } },
{ "type": "Feature", "properties": { "id": 792, "population": 1035, "o_score_pt": 2043.683, "o_score_car": 1859.711, "CDI": -0.047 }, "geometry": { "type": "Polygon", "coordinates": [ [ [ 8.52808, 47.36985 ], [ 8.53026, 47.37095 ], [ 8.53266, 47.37032 ], [ 8.53288, 47.36859 ], [ 8.53071, 47.36749 ], [ 8.52831, 47.36812 ], [ 8.52808, 47.36985 ] ] ] } },
{ "type": "Feature", "properties": { "id": 793, "population": 253, "o_score_pt": 1260.113, "o_score_car": 1468.564, "CDI": 0.076 }, "geometry": { "type": "Polygon", "coordinates": [ [ [ 8.58157, 47.35417 ], [ 8.58333, 47.35506 ], [ 8.58522, 47.35457 ], [ 8.58539, 47.35321 ], [ 8.58363, 47.35232 ], [ 8.58175, 47.35281 ], [ 8.58157, 47.35417 ] ] ] } },
{ "type": "Feature", "properties": { "id": 794, "population": 1053, "o_score_pt": 2228.006, "o_score_car": 1937.047, "CDI": -0.07 }, "geometry": { "type": "Polygon", "coordinates": [ [ [ 8.53199, 47.37551 ], [ 8.53417, 47.37661 ], [ 8.53656, 47.37599 ], [ 8.53679, 47.37426 ], [ 8.53461, 47.37315 ], [ 8.53221, 47.37378 ], [ 8.53199, 47.37551 ] ] ] } },
{ "type": "Feature", "properties": { "id": 795, "population": 473, "o_score_pt": 1334.63, "o_score_car": 1526.294, "CDI": 0.067 }, "geometry": { "type": "Polygon", "coordinates": [ [ [ 8.58327, 47.35708 ], [ 8.58525, 47.35808 ], [ 8.5874, 47.35752 ], [ 8.5876, 47.35596 ], [ 8.58562, 47.35496 ], [ 8.58347, 47.35553 ], [ 8.58327, 47.35708 ] ] ] } },
{ "type": "Feature", "properties": { "id": 796, "population": 45, "o_score_pt": 9.068, "o_score_car": 1417.153, "CDI": 0.987 }, "geometry": { "type": "Polygon", "coordinates": [ [ [ 8.52091, 47.32654 ], [ 8.52207, 47.32714 ], [ 8.52323, 47.32683 ], [ 8.52333, 47.32601 ], [ 8.52217, 47.32542 ], [ 8.52101, 47.32572 ], [ 8.52091, 47.32654 ] ] ] } },
{ "type": "Feature", "properties": { "id": 797, "population": 0, "o_score_pt": 27.188, "o_score_car": 1557.748, "CDI": 0.966 }, "geometry": { "type": "Polygon", "coordinates": [ [ [ 8.55201, 47.34512 ], [ 8.55224, 47.34524 ], [ 8.55224, 47.34524 ], [ 8.55201, 47.34512 ] ] ] } },
{ "type": "Feature", "properties": { "id": 798, "population": 1017, "o_score_pt": 2221.506, "o_score_car": 1898.883, "CDI": -0.078 }, "geometry": { "type": "Polygon", "coordinates": [ [ [ 8.53065, 47.38588 ], [ 8.53283, 47.38699 ], [ 8.53523, 47.38636 ], [ 8.53545, 47.38463 ], [ 8.53327, 47.38353 ], [ 8.53087, 47.38415 ], [ 8.53065, 47.38588 ] ] ] } },
{ "type": "Feature", "properties": { "id": 799, "population": 1, "o_score_pt": 884.481, "o_score_car": 1591.721, "CDI": 0.286 }, "geometry": { "type": "Polygon", "coordinates": [ [ [ 8.5879, 47.37251 ], [ 8.58813, 47.37262 ], [ 8.58813, 47.37262 ], [ 8.5879, 47.37251 ] ] ] } },
{ "type": "Feature", "properties": { "id": 800, "population": 731, "o_score_pt": 1809.287, "o_score_car": 1762.621, "CDI": -0.013 }, "geometry": { "type": "Polygon", "coordinates": [ [ [ 8.51314, 47.36038 ], [ 8.51526, 47.36146 ], [ 8.5176, 47.36085 ], [ 8.51782, 47.35916 ], [ 8.51569, 47.35808 ], [ 8.51336, 47.35869 ], [ 8.51314, 47.36038 ] ] ] } },
{ "type": "Feature", "properties": { "id": 801, "population": 818, "o_score_pt": 1827.538, "o_score_car": 1638.38, "CDI": -0.055 }, "geometry": { "type": "Polygon", "coordinates": [ [ [ 8.54758, 47.41655 ], [ 8.54974, 47.41764 ], [ 8.55213, 47.41702 ], [ 8.55235, 47.4153 ], [ 8.55019, 47.41421 ], [ 8.5478, 47.41483 ], [ 8.54758, 47.41655 ] ] ] } },
{ "type": "Feature", "properties": { "id": 802, "population": 892, "o_score_pt": 2023.643, "o_score_car": 1864.254, "CDI": -0.041 }, "geometry": { "type": "Polygon", "coordinates": [ [ [ 8.54176, 47.38967 ], [ 8.54393, 47.39077 ], [ 8.54633, 47.39014 ], [ 8.54655, 47.38841 ], [ 8.54438, 47.38731 ], [ 8.54198, 47.38794 ], [ 8.54176, 47.38967 ] ] ] } },
{ "type": "Feature", "properties": { "id": 803, "population": 727, "o_score_pt": 1662.924, "o_score_car": 1588.914, "CDI": -0.023 }, "geometry": { "type": "Polygon", "coordinates": [ [ [ 8.47709, 47.38816 ], [ 8.47921, 47.38923 ], [ 8.48155, 47.38862 ], [ 8.48177, 47.38694 ], [ 8.47964, 47.38586 ], [ 8.47731, 47.38647 ], [ 8.47709, 47.38816 ] ] ] } },
{ "type": "Feature", "properties": { "id": 804, "population": 0, "o_score_pt": 5.009, "o_score_car": 1559.103, "CDI": 0.994 }, "geometry": { "type": "Polygon", "coordinates": [ [ [ 8.5951, 47.37062 ], [ 8.59533, 47.37074 ], [ 8.59533, 47.37074 ], [ 8.5951, 47.37062 ] ] ] } },
{ "type": "Feature", "properties": { "id": 805, "population": 654, "o_score_pt": 1681.369, "o_score_car": 1706.811, "CDI": 0.008 }, "geometry": { "type": "Polygon", "coordinates": [ [ [ 8.55168, 47.3854 ], [ 8.55377, 47.38646 ], [ 8.55606, 47.38586 ], [ 8.55627, 47.38421 ], [ 8.55418, 47.38315 ], [ 8.55189, 47.38375 ], [ 8.55168, 47.3854 ] ] ] } },
{ "type": "Feature", "properties": { "id": 806, "population": 407, "o_score_pt": 1405.64, "o_score_car": 1412.02, "CDI": 0.002 }, "geometry": { "type": "Polygon", "coordinates": [ [ [ 8.53502, 47.33626 ], [ 8.53694, 47.33724 ], [ 8.53903, 47.33669 ], [ 8.53922, 47.33519 ], [ 8.5373, 47.33421 ], [ 8.53521, 47.33476 ], [ 8.53502, 47.33626 ] ] ] } },
{ "type": "Feature", "properties": { "id": 807, "population": 780, "o_score_pt": 1808.701, "o_score_car": 1850.578, "CDI": 0.011 }, "geometry": { "type": "Polygon", "coordinates": [ [ [ 8.53063, 47.40426 ], [ 8.53278, 47.40535 ], [ 8.53514, 47.40474 ], [ 8.53536, 47.40303 ], [ 8.53321, 47.40194 ], [ 8.53085, 47.40256 ], [ 8.53063, 47.40426 ] ] ] } },
{ "type": "Feature", "properties": { "id": 808, "population": 960, "o_score_pt": 2284.451, "o_score_car": 1708.97, "CDI": -0.144 }, "geometry": { "type": "Polygon", "coordinates": [ [ [ 8.54366, 47.41089 ], [ 8.54583, 47.41199 ], [ 8.54823, 47.41137 ], [ 8.54846, 47.40964 ], [ 8.54628, 47.40853 ], [ 8.54388, 47.40916 ], [ 8.54366, 47.41089 ] ] ] } },
{ "type": "Feature", "properties": { "id": 809, "population": 410, "o_score_pt": 1300.475, "o_score_car": 1442.437, "CDI": 0.052 }, "geometry": { "type": "Polygon", "coordinates": [ [ [ 8.57027, 47.35045 ], [ 8.5722, 47.35142 ], [ 8.57429, 47.35088 ], [ 8.57448, 47.34937 ], [ 8.57255, 47.34839 ], [ 8.57046, 47.34894 ], [ 8.57027, 47.35045 ] ] ] } },
{ "type": "Feature", "properties": { "id": 810, "population": 331, "o_score_pt": 1001.922, "o_score_car": 1342.189, "CDI": 0.145 }, "geometry": { "type": "Polygon", "coordinates": [ [ [ 8.51553, 47.32631 ], [ 8.51738, 47.32725 ], [ 8.51938, 47.32673 ], [ 8.51957, 47.32529 ], [ 8.51772, 47.32435 ], [ 8.51572, 47.32487 ], [ 8.51553, 47.32631 ] ] ] } },
{ "type": "Feature", "properties": { "id": 811, "population": 1060, "o_score_pt": 2084.278, "o_score_car": 1968.447, "CDI": -0.029 }, "geometry": { "type": "Polygon", "coordinates": [ [ [ 8.52674, 47.38022 ], [ 8.52892, 47.38132 ], [ 8.53132, 47.3807 ], [ 8.53154, 47.37897 ], [ 8.52937, 47.37786 ], [ 8.52697, 47.37849 ], [ 8.52674, 47.38022 ] ] ] } },
{ "type": "Feature", "properties": { "id": 812, "population": 577, "o_score_pt": 1539.674, "o_score_car": 1481.993, "CDI": -0.019 }, "geometry": { "type": "Polygon", "coordinates": [ [ [ 8.48364, 47.40982 ], [ 8.48569, 47.41086 ], [ 8.48792, 47.41028 ], [ 8.48813, 47.40867 ], [ 8.48609, 47.40763 ], [ 8.48385, 47.40821 ], [ 8.48364, 47.40982 ] ] ] } },
{ "type": "Feature", "properties": { "id": 813, "population": 0, "o_score_pt": 884.559, "o_score_car": 1509.617, "CDI": 0.261 }, "geometry": { "type": "Polygon", "coordinates": [ [ [ 8.58137, 47.3692 ], [ 8.5816, 47.36932 ], [ 8.5816, 47.36932 ], [ 8.58137, 47.3692 ] ] ] } },
{ "type": "Feature", "properties": { "id": 814, "population": 56, "o_score_pt": 1273.193, "o_score_car": 1422.018, "CDI": 0.055 }, "geometry": { "type": "Polygon", "coordinates": [ [ [ 8.56583, 47.35492 ], [ 8.56708, 47.35555 ], [ 8.56832, 47.35522 ], [ 8.56844, 47.35433 ], [ 8.56719, 47.3537 ], [ 8.56595, 47.35403 ], [ 8.56583, 47.35492 ] ] ] } },
{ "type": "Feature", "properties": { "id": 815, "population": 710, "o_score_pt": 1677.388, "o_score_car": 1621.649, "CDI": -0.017 }, "geometry": { "type": "Polygon", "coordinates": [ [ [ 8.54239, 47.42124 ], [ 8.54451, 47.42231 ], [ 8.54683, 47.4217 ], [ 8.54705, 47.42003 ], [ 8.54493, 47.41896 ], [ 8.5426, 47.41956 ], [ 8.54239, 47.42124 ] ] ] } },
{ "type": "Feature", "properties": { "id": 816, "population": 803, "o_score_pt": 1636.084, "o_score_car": 1598.812, "CDI": -0.012 }, "geometry": { "type": "Polygon", "coordinates": [ [ [ 8.46918, 47.39523 ], [ 8.47134, 47.39632 ], [ 8.47372, 47.3957 ], [ 8.47394, 47.39399 ], [ 8.47178, 47.39289 ], [ 8.4694, 47.39351 ], [ 8.46918, 47.39523 ] ] ] } },
{ "type": "Feature", "properties": { "id": 817, "population": 312, "o_score_pt": 1558.022, "o_score_car": 1485.055, "CDI": -0.024 }, "geometry": { "type": "Polygon", "coordinates": [ [ [ 8.47999, 47.40409 ], [ 8.48182, 47.40501 ], [ 8.4838, 47.4045 ], [ 8.48398, 47.40308 ], [ 8.48215, 47.40215 ], [ 8.48017, 47.40266 ], [ 8.47999, 47.40409 ] ] ] } },
{ "type": "Feature", "properties": { "id": 818, "population": 544, "o_score_pt": 1247.717, "o_score_car": 1460.165, "CDI": 0.078 }, "geometry": { "type": "Polygon", "coordinates": [ [ [ 8.49538, 47.4268 ], [ 8.4974, 47.42783 ], [ 8.49962, 47.42725 ], [ 8.49982, 47.42566 ], [ 8.4978, 47.42464 ], [ 8.49558, 47.42521 ], [ 8.49538, 47.4268 ] ] ] } },
{ "type": "Feature", "properties": { "id": 819, "population": 0, "o_score_pt": 1172.986, "o_score_car": 1554.255, "CDI": 0.14 }, "geometry": { "type": "Polygon", "coordinates": [ [ [ 8.5768, 47.36873 ], [ 8.57702, 47.36884 ], [ 8.57702, 47.36884 ], [ 8.5768, 47.36873 ] ] ] } },
{ "type": "Feature", "properties": { "id": 820, "population": 484, "o_score_pt": 1785.222, "o_score_car": 1685.645, "CDI": -0.029 }, "geometry": { "type": "Polygon", "coordinates": [ [ [ 8.48909, 47.36832 ], [ 8.49108, 47.36932 ], [ 8.49324, 47.36876 ], [ 8.49344, 47.3672 ], [ 8.49146, 47.36619 ], [ 8.4893, 47.36676 ], [ 8.48909, 47.36832 ] ] ] } },
{ "type": "Feature", "properties": { "id": 821, "population": 32, "o_score_pt": 1529.192, "o_score_car": 1620.21, "CDI": 0.029 }, "geometry": { "type": "Polygon", "coordinates": [ [ [ 8.57183, 47.40014 ], [ 8.57288, 47.40067 ], [ 8.57389, 47.40041 ], [ 8.57398, 47.39968 ], [ 8.57293, 47.39915 ], [ 8.57192, 47.39942 ], [ 8.57183, 47.40014 ] ] ] } },
{ "type": "Feature", "properties": { "id": 822, "population": 0, "o_score_pt": 8.702, "o_score_car": 1119.989, "CDI": 0.985 }, "geometry": { "type": "Polygon", "coordinates": [ [ [ 8.50299, 47.3479 ], [ 8.50322, 47.34802 ], [ 8.50322, 47.34802 ], [ 8.50299, 47.3479 ] ] ] } },
{ "type": "Feature", "properties": { "id": 823, "population": 762, "o_score_pt": 1579.98, "o_score_car": 1521.806, "CDI": -0.019 }, "geometry": { "type": "Polygon", "coordinates": [ [ [ 8.47828, 47.41456 ], [ 8.48042, 47.41565 ], [ 8.48278, 47.41504 ], [ 8.483, 47.41334 ], [ 8.48086, 47.41225 ], [ 8.4785, 47.41287 ], [ 8.47828, 47.41456 ] ] ] } },
{ "type": "Feature", "properties": { "id": 824, "population": 962, "o_score_pt": 2195.031, "o_score_car": 1941.029, "CDI": -0.061 }, "geometry": { "type": "Polygon", "coordinates": [ [ [ 8.52741, 47.37503 ], [ 8.52959, 47.37614 ], [ 8.53199, 47.37551 ], [ 8.53221, 47.37378 ], [ 8.53004, 47.37268 ], [ 8.52764, 47.3733 ], [ 8.52741, 47.37503 ] ] ] } },
{ "type": "Feature", "properties": { "id": 825, "population": 0, "o_score_pt": 6.875, "o_score_car": 1679.917, "CDI": 0.992 }, "geometry": { "type": "Polygon", "coordinates": [ [ [ 8.48726, 47.36204 ], [ 8.48748, 47.36215 ], [ 8.48748, 47.36215 ], [ 8.48726, 47.36204 ] ] ] } },
{ "type": "Feature", "properties": { "id": 826, "population": 895, "o_score_pt": 1856.336, "o_score_car": 1693.273, "CDI": -0.046 }, "geometry": { "type": "Polygon", "coordinates": [ [ [ 8.48423, 47.3863 ], [ 8.4864, 47.3874 ], [ 8.4888, 47.38678 ], [ 8.48903, 47.38505 ], [ 8.48685, 47.38394 ], [ 8.48445, 47.38457 ], [ 8.48423, 47.3863 ] ] ] } },
{ "type": "Feature", "properties": { "id": 827, "population": 892, "o_score_pt": 2092.064, "o_score_car": 1868.959, "CDI": -0.056 }, "geometry": { "type": "Polygon", "coordinates": [ [ [ 8.52345, 47.38776 ], [ 8.52563, 47.38887 ], [ 8.52803, 47.38824 ], [ 8.52825, 47.38651 ], [ 8.52607, 47.38541 ], [ 8.52367, 47.38603 ], [ 8.52345, 47.38776 ] ] ] } },
{ "type": "Feature", "properties": { "id": 828, "population": 342, "o_score_pt": 1761.916, "o_score_car": 1672.365, "CDI": -0.026 }, "geometry": { "type": "Polygon", "coordinates": [ [ [ 8.51131, 47.41263 ], [ 8.51318, 47.41357 ], [ 8.51519, 47.41305 ], [ 8.51538, 47.4116 ], [ 8.51351, 47.41065 ], [ 8.5115, 47.41118 ], [ 8.51131, 47.41263 ] ] ] } },
{ "type": "Feature", "properties": { "id": 829, "population": 0, "o_score_pt": 1337.172, "o_score_car": 1632.306, "CDI": 0.099 }, "geometry": { "type": "Polygon", "coordinates": [ [ [ 8.55777, 47.39041 ], [ 8.558, 47.39053 ], [ 8.558, 47.39053 ], [ 8.55777, 47.39041 ] ] ] } },
{ "type": "Feature", "properties": { "id": 830, "population": 673, "o_score_pt": 1871.883, "o_score_car": 1721.397, "CDI": -0.042 }, "geometry": { "type": "Polygon", "coordinates": [ [ [ 8.51055, 47.36272 ], [ 8.51265, 47.36379 ], [ 8.51495, 47.36319 ], [ 8.51516, 47.36153 ], [ 8.51307, 47.36046 ], [ 8.51076, 47.36106 ], [ 8.51055, 47.36272 ] ] ] } },
{ "type": "Feature", "properties": { "id": 831, "population": 706, "o_score_pt": 1704.801, "o_score_car": 1731.581, "CDI": 0.008 }, "geometry": { "type": "Polygon", "coordinates": [ [ [ 8.51248, 47.36556 ], [ 8.5146, 47.36663 ], [ 8.51692, 47.36603 ], [ 8.51713, 47.36435 ], [ 8.51502, 47.36328 ], [ 8.5127, 47.36389 ], [ 8.51248, 47.36556 ] ] ] } },
{ "type": "Feature", "properties": { "id": 832, "population": 111, "o_score_pt": 1427.892, "o_score_car": 1587.054, "CDI": 0.053 }, "geometry": { "type": "Polygon", "coordinates": [ [ [ 8.57595, 47.38237 ], [ 8.57743, 47.38312 ], [ 8.57896, 47.38272 ], [ 8.5791, 47.38161 ], [ 8.57763, 47.38087 ], [ 8.57609, 47.38127 ], [ 8.57595, 47.38237 ] ] ] } },
{ "type": "Feature", "properties": { "id": 833, "population": 676, "o_score_pt": 1506.36, "o_score_car": 1477.827, "CDI": -0.01 }, "geometry": { "type": "Polygon", "coordinates": [ [ [ 8.53024, 47.33585 ], [ 8.53234, 47.33692 ], [ 8.53464, 47.33631 ], [ 8.53486, 47.33465 ], [ 8.53276, 47.33359 ], [ 8.53045, 47.33419 ], [ 8.53024, 47.33585 ] ] ] } },
{ "type": "Feature", "properties": { "id": 834, "population": 740, "o_score_pt": 1683.739, "o_score_car": 1679.412, "CDI": -0.001 }, "geometry": { "type": "Polygon", "coordinates": [ [ [ 8.48495, 47.3811 ], [ 8.48708, 47.38218 ], [ 8.48943, 47.38157 ], [ 8.48965, 47.37988 ], [ 8.48752, 47.3788 ], [ 8.48517, 47.37941 ], [ 8.48495, 47.3811 ] ] ] } },
{ "type": "Feature", "properties": { "id": 835, "population": 162, "o_score_pt": 1236.495, "o_score_car": 1431.633, "CDI": 0.073 }, "geometry": { "type": "Polygon", "coordinates": [ [ [ 8.58762, 47.36261 ], [ 8.58922, 47.36342 ], [ 8.59092, 47.36298 ], [ 8.59108, 47.36176 ], [ 8.58947, 47.36095 ], [ 8.58777, 47.36139 ], [ 8.58762, 47.36261 ] ] ] } },
{ "type": "Feature", "properties": { "id": 836, "population": 566, "o_score_pt": 1345.687, "o_score_car": 1516.962, "CDI": 0.06 }, "geometry": { "type": "Polygon", "coordinates": [ [ [ 8.53919, 47.42875 ], [ 8.54123, 47.42978 ], [ 8.54346, 47.4292 ], [ 8.54366, 47.4276 ], [ 8.54162, 47.42656 ], [ 8.53939, 47.42715 ], [ 8.53919, 47.42875 ] ] ] } },
{ "type": "Feature", "properties": { "id": 837, "population": 480, "o_score_pt": 1921.82, "o_score_car": 1672.894, "CDI": -0.069 }, "geometry": { "type": "Polygon", "coordinates": [ [ [ 8.49421, 47.40039 ], [ 8.49619, 47.40139 ], [ 8.49835, 47.40083 ], [ 8.49855, 47.39928 ], [ 8.49657, 47.39827 ], [ 8.49441, 47.39883 ], [ 8.49421, 47.40039 ] ] ] } },
{ "type": "Feature", "properties": { "id": 838, "population": 879, "o_score_pt": 1930.312, "o_score_car": 1703.378, "CDI": -0.062 }, "geometry": { "type": "Polygon", "coordinates": [ [ [ 8.49594, 47.40329 ], [ 8.49811, 47.40439 ], [ 8.50051, 47.40377 ], [ 8.50074, 47.40204 ], [ 8.49856, 47.40093 ], [ 8.49616, 47.40156 ], [ 8.49594, 47.40329 ] ] ] } },
{ "type": "Feature", "properties": { "id": 839, "population": 1071, "o_score_pt": 2058.647, "o_score_car": 1924.851, "CDI": -0.034 }, "geometry": { "type": "Polygon", "coordinates": [ [ [ 8.52217, 47.37974 ], [ 8.52435, 47.38085 ], [ 8.52674, 47.38022 ], [ 8.52697, 47.37849 ], [ 8.52479, 47.37739 ], [ 8.52239, 47.37801 ], [ 8.52217, 47.37974 ] ] ] } },
{ "type": "Feature", "properties": { "id": 840, "population": 40, "o_score_pt": 1072.714, "o_score_car": 1415.786, "CDI": 0.138 }, "geometry": { "type": "Polygon", "coordinates": [ [ [ 8.52585, 47.43218 ], [ 8.52698, 47.43275 ], [ 8.52809, 47.43246 ], [ 8.52819, 47.43167 ], [ 8.52706, 47.4311 ], [ 8.52595, 47.43139 ], [ 8.52585, 47.43218 ] ] ] } },
{ "type": "Feature", "properties": { "id": 841, "population": 79, "o_score_pt": 1400.766, "o_score_car": 1716.41, "CDI": 0.101 }, "geometry": { "type": "Polygon", "coordinates": [ [ [ 8.57218, 47.37667 ], [ 8.57354, 47.37735 ], [ 8.57493, 47.37699 ], [ 8.57506, 47.37599 ], [ 8.5737, 47.3753 ], [ 8.57231, 47.37567 ], [ 8.57218, 47.37667 ] ] ] } },
{ "type": "Feature", "properties": { "id": 842, "population": 206, "o_score_pt": 1386.599, "o_score_car": 1554.481, "CDI": 0.057 }, "geometry": { "type": "Polygon", "coordinates": [ [ [ 8.517, 47.33428 ], [ 8.51869, 47.33513 ], [ 8.52049, 47.33466 ], [ 8.52066, 47.33337 ], [ 8.51897, 47.33251 ], [ 8.51717, 47.33298 ], [ 8.517, 47.33428 ] ] ] } },
{ "type": "Feature", "properties": { "id": 843, "population": 952, "o_score_pt": 1759.724, "o_score_car": 1622.015, "CDI": -0.041 }, "geometry": { "type": "Polygon", "coordinates": [ [ [ 8.47898, 47.39101 ], [ 8.48116, 47.39211 ], [ 8.48356, 47.39148 ], [ 8.48378, 47.38976 ], [ 8.4816, 47.38865 ], [ 8.47921, 47.38928 ], [ 8.47898, 47.39101 ] ] ] } },
{ "type": "Feature", "properties": { "id": 844, "population": 447, "o_score_pt": 1442.172, "o_score_car": 1565.64, "CDI": 0.041 }, "geometry": { "type": "Polygon", "coordinates": [ [ [ 8.58712, 47.39953 ], [ 8.58908, 47.40052 ], [ 8.59121, 47.39996 ], [ 8.5914, 47.39843 ], [ 8.58945, 47.39744 ], [ 8.58732, 47.398 ], [ 8.58712, 47.39953 ] ] ] } },
{ "type": "Feature", "properties": { "id": 845, "population": 385, "o_score_pt": 1383.288, "o_score_car": 1522.253, "CDI": 0.048 }, "geometry": { "type": "Polygon", "coordinates": [ [ [ 8.5742, 47.3561 ], [ 8.57611, 47.35707 ], [ 8.57817, 47.35653 ], [ 8.57836, 47.35504 ], [ 8.57646, 47.35408 ], [ 8.5744, 47.35462 ], [ 8.5742, 47.3561 ] ] ] } },
{ "type": "Feature", "properties": { "id": 846, "population": 81, "o_score_pt": 1824.189, "o_score_car": 1786.803, "CDI": -0.01 }, "geometry": { "type": "Polygon", "coordinates": [ [ [ 8.5441, 47.36061 ], [ 8.54546, 47.3613 ], [ 8.54687, 47.36094 ], [ 8.54699, 47.35993 ], [ 8.54563, 47.35924 ], [ 8.54423, 47.3596 ], [ 8.5441, 47.36061 ] ] ] } },
{ "type": "Feature", "properties": { "id": 847, "population": 682, "o_score_pt": 1558.848, "o_score_car": 1562.546, "CDI": 0.001 }, "geometry": { "type": "Polygon", "coordinates": [ [ [ 8.50578, 47.41742 ], [ 8.50789, 47.41848 ], [ 8.5102, 47.41788 ], [ 8.51041, 47.41622 ], [ 8.50831, 47.41515 ], [ 8.506, 47.41576 ], [ 8.50578, 47.41742 ] ] ] } },
{ "type": "Feature", "properties": { "id": 848, "population": 382, "o_score_pt": 1451.489, "o_score_car": 1460.474, "CDI": 0.003 }, "geometry": { "type": "Polygon", "coordinates": [ [ [ 8.50992, 47.42301 ], [ 8.51183, 47.42397 ], [ 8.51389, 47.42344 ], [ 8.51408, 47.42195 ], [ 8.51218, 47.42099 ], [ 8.51012, 47.42153 ], [ 8.50992, 47.42301 ] ] ] } },
{ "type": "Feature", "properties": { "id": 849, "population": 241, "o_score_pt": 981.812, "o_score_car": 1582.381, "CDI": 0.234 }, "geometry": { "type": "Polygon", "coordinates": [ [ [ 8.57039, 47.38718 ], [ 8.57214, 47.38806 ], [ 8.574, 47.38757 ], [ 8.57417, 47.38623 ], [ 8.57243, 47.38535 ], [ 8.57057, 47.38584 ], [ 8.57039, 47.38718 ] ] ] } },
{ "type": "Feature", "properties": { "id": 850, "population": 625, "o_score_pt": 1697.693, "o_score_car": 1600.754, "CDI": -0.029 }, "geometry": { "type": "Polygon", "coordinates": [ [ [ 8.52631, 47.34858 ], [ 8.52838, 47.34963 ], [ 8.53065, 47.34903 ], [ 8.53086, 47.3474 ], [ 8.52879, 47.34635 ], [ 8.52652, 47.34694 ], [ 8.52631, 47.34858 ] ] ] } },
{ "type": "Feature", "properties": { "id": 851, "population": 1026, "o_score_pt": 2219.561, "o_score_car": 1825.319, "CDI": -0.097 }, "geometry": { "type": "Polygon", "coordinates": [ [ [ 8.52736, 47.39343 ], [ 8.52953, 47.39453 ], [ 8.53193, 47.3939 ], [ 8.53216, 47.39217 ], [ 8.52998, 47.39107 ], [ 8.52758, 47.3917 ], [ 8.52736, 47.39343 ] ] ] } },
{ "type": "Feature", "properties": { "id": 852, "population": 49, "o_score_pt": 907.806, "o_score_car": 1451.083, "CDI": 0.23 }, "geometry": { "type": "Polygon", "coordinates": [ [ [ 8.5841, 47.3936 ], [ 8.5853, 47.3942 ], [ 8.58649, 47.39389 ], [ 8.5866, 47.39304 ], [ 8.5854, 47.39243 ], [ 8.58421, 47.39274 ], [ 8.5841, 47.3936 ] ] ] } },
{ "type": "Feature", "properties": { "id": 853, "population": 770, "o_score_pt": 1652.883, "o_score_car": 1659.63, "CDI": 0.002 }, "geometry": { "type": "Polygon", "coordinates": [ [ [ 8.52818, 47.35144 ], [ 8.53032, 47.35252 ], [ 8.53268, 47.35191 ], [ 8.5329, 47.3502 ], [ 8.53076, 47.34912 ], [ 8.5284, 47.34973 ], [ 8.52818, 47.35144 ] ] ] } },
{ "type": "Feature", "properties": { "id": 854, "population": 0, "o_score_pt": 732.353, "o_score_car": 1477.134, "CDI": 0.337 }, "geometry": { "type": "Polygon", "coordinates": [ [ [ 8.49426, 47.41533 ], [ 8.49449, 47.41545 ], [ 8.49449, 47.41545 ], [ 8.49426, 47.41533 ] ] ] } },
{ "type": "Feature", "properties": { "id": 855, "population": 32, "o_score_pt": 4.295, "o_score_car": 1359.616, "CDI": 0.994 }, "geometry": { "type": "Polygon", "coordinates": [ [ [ 8.4647, 47.36795 ], [ 8.46575, 47.36848 ], [ 8.46676, 47.36822 ], [ 8.46686, 47.3675 ], [ 8.46581, 47.36696 ], [ 8.4648, 47.36722 ], [ 8.4647, 47.36795 ] ] ] } },
{ "type": "Feature", "properties": { "id": 856, "population": 844, "o_score_pt": 1788.243, "o_score_car": 1803.149, "CDI": 0.004 }, "geometry": { "type": "Polygon", "coordinates": [ [ [ 8.55682, 47.38072 ], [ 8.559, 47.38182 ], [ 8.5614, 47.3812 ], [ 8.56162, 47.37947 ], [ 8.55944, 47.37836 ], [ 8.55704, 47.37899 ], [ 8.55682, 47.38072 ] ] ] } },
{ "type": "Feature", "properties": { "id": 857, "population": 178, "o_score_pt": 2038.253, "o_score_car": 1898.751, "CDI": -0.035 }, "geometry": { "type": "Polygon", "coordinates": [ [ [ 8.53853, 47.36542 ], [ 8.54017, 47.36625 ], [ 8.54191, 47.3658 ], [ 8.54207, 47.36455 ], [ 8.54043, 47.36372 ], [ 8.5387, 47.36417 ], [ 8.53853, 47.36542 ] ] ] } },
{ "type": "Feature", "properties": { "id": 858, "population": 0, "o_score_pt": 984.857, "o_score_car": 1374.823, "CDI": 0.165 }, "geometry": { "type": "Polygon", "coordinates": [ [ [ 8.61016, 47.36166 ], [ 8.61039, 47.36178 ], [ 8.61039, 47.36178 ], [ 8.61016, 47.36166 ] ] ] } },
{ "type": "Feature", "properties": { "id": 859, "population": 303, "o_score_pt": 1488.894, "o_score_car": 1704.084, "CDI": 0.067 }, "geometry": { "type": "Polygon", "coordinates": [ [ [ 8.56639, 47.38154 ], [ 8.56821, 47.38247 ], [ 8.57018, 47.38195 ], [ 8.57036, 47.38054 ], [ 8.56853, 47.37962 ], [ 8.56657, 47.38013 ], [ 8.56639, 47.38154 ] ] ] } },
{ "type": "Feature", "properties": { "id": 860, "population": 1016, "o_score_pt": 2084.491, "o_score_car": 1887.492, "CDI": -0.05 }, "geometry": { "type": "Polygon", "coordinates": [ [ [ 8.51363, 47.392 ], [ 8.51581, 47.3931 ], [ 8.51821, 47.39247 ], [ 8.51843, 47.39074 ], [ 8.51625, 47.38964 ], [ 8.51385, 47.39027 ], [ 8.51363, 47.392 ] ] ] } },
{ "type": "Feature", "properties": { "id": 861, "population": 723, "o_score_pt": 1823.659, "o_score_car": 1661.321, "CDI": -0.047 }, "geometry": { "type": "Polygon", "coordinates": [ [ [ 8.54043, 47.41841 ], [ 8.54255, 47.41949 ], [ 8.54488, 47.41888 ], [ 8.5451, 47.4172 ], [ 8.54298, 47.41612 ], [ 8.54064, 47.41673 ], [ 8.54043, 47.41841 ] ] ] } },
{ "type": "Feature", "properties": { "id": 862, "population": 854, "o_score_pt": 2141.209, "o_score_car": 1839.869, "CDI": -0.076 }, "geometry": { "type": "Polygon", "coordinates": [ [ [ 8.54181, 47.37127 ], [ 8.54399, 47.37238 ], [ 8.54638, 47.37175 ], [ 8.54661, 47.37002 ], [ 8.54443, 47.36892 ], [ 8.54203, 47.36954 ], [ 8.54181, 47.37127 ] ] ] } },
{ "type": "Feature", "properties": { "id": 863, "population": 638, "o_score_pt": 2234.239, "o_score_car": 1865.197, "CDI": -0.09 }, "geometry": { "type": "Polygon", "coordinates": [ [ [ 8.53858, 47.39718 ], [ 8.54066, 47.39823 ], [ 8.54294, 47.39763 ], [ 8.54315, 47.39599 ], [ 8.54107, 47.39494 ], [ 8.53879, 47.39553 ], [ 8.53858, 47.39718 ] ] ] } },
{ "type": "Feature", "properties": { "id": 864, "population": 566, "o_score_pt": 1337.801, "o_score_car": 1459.258, "CDI": 0.043 }, "geometry": { "type": "Polygon", "coordinates": [ [ [ 8.59431, 47.36088 ], [ 8.59635, 47.36191 ], [ 8.59857, 47.36133 ], [ 8.59878, 47.35972 ], [ 8.59674, 47.35869 ], [ 8.59451, 47.35927 ], [ 8.59431, 47.36088 ] ] ] } },
{ "type": "Feature", "properties": { "id": 865, "population": 61, "o_score_pt": 1473.289, "o_score_car": 1715.258, "CDI": 0.076 }, "geometry": { "type": "Polygon", "coordinates": [ [ [ 8.52446, 47.40583 ], [ 8.52573, 47.40647 ], [ 8.52701, 47.40614 ], [ 8.52713, 47.40522 ], [ 8.52586, 47.40458 ], [ 8.52458, 47.40491 ], [ 8.52446, 47.40583 ] ] ] } },
{ "type": "Feature", "properties": { "id": 866, "population": 707, "o_score_pt": 1702.229, "o_score_car": 1629.136, "CDI": -0.022 }, "geometry": { "type": "Polygon", "coordinates": [ [ [ 8.57907, 47.40665 ], [ 8.58118, 47.40772 ], [ 8.58351, 47.40712 ], [ 8.58372, 47.40544 ], [ 8.58161, 47.40437 ], [ 8.57928, 47.40498 ], [ 8.57907, 47.40665 ] ] ] } },
{ "type": "Feature", "properties": { "id": 867, "population": 276, "o_score_pt": 1028.711, "o_score_car": 1522.88, "CDI": 0.194 }, "geometry": { "type": "Polygon", "coordinates": [ [ [ 8.5267, 47.33007 ], [ 8.52849, 47.33098 ], [ 8.53041, 47.33048 ], [ 8.53059, 47.3291 ], [ 8.5288, 47.32819 ], [ 8.52688, 47.32869 ], [ 8.5267, 47.33007 ] ] ] } },
{ "type": "Feature", "properties": { "id": 868, "population": 930, "o_score_pt": 1796.533, "o_score_car": 1717.154, "CDI": -0.023 }, "geometry": { "type": "Polygon", "coordinates": [ [ [ 8.56145, 47.3628 ], [ 8.56362, 47.3639 ], [ 8.56602, 47.36327 ], [ 8.56624, 47.36154 ], [ 8.56407, 47.36044 ], [ 8.56167, 47.36107 ], [ 8.56145, 47.3628 ] ] ] } },
{ "type": "Feature", "properties": { "id": 869, "population": 0, "o_score_pt": 190.188, "o_score_car": 1451.033, "CDI": 0.768 }, "geometry": { "type": "Polygon", "coordinates": [ [ [ 8.58328, 47.39043 ], [ 8.58351, 47.39055 ], [ 8.58351, 47.39055 ], [ 8.58328, 47.39043 ] ] ] } },
{ "type": "Feature", "properties": { "id": 870, "population": 304, "o_score_pt": 1849.797, "o_score_car": 1696.592, "CDI": -0.043 }, "geometry": { "type": "Polygon", "coordinates": [ [ [ 8.52576, 47.40886 ], [ 8.52759, 47.40978 ], [ 8.52955, 47.40927 ], [ 8.52973, 47.40786 ], [ 8.52791, 47.40693 ], [ 8.52594, 47.40745 ], [ 8.52576, 47.40886 ] ] ] } },
{ "type": "Feature", "properties": { "id": 871, "population": 2, "o_score_pt": 12.516, "o_score_car": 1370.481, "CDI": 0.982 }, "geometry": { "type": "Polygon", "coordinates": [ [ [ 8.59315, 47.36779 ], [ 8.59337, 47.36791 ], [ 8.59337, 47.36791 ], [ 8.59315, 47.36779 ] ] ] } },
{ "type": "Feature", "properties": { "id": 872, "population": 538, "o_score_pt": 1477.16, "o_score_car": 1335.675, "CDI": -0.05 }, "geometry": { "type": "Polygon", "coordinates": [ [ [ 8.47647, 47.41169 ], [ 8.47849, 47.41271 ], [ 8.4807, 47.41214 ], [ 8.4809, 47.41055 ], [ 8.47888, 47.40953 ], [ 8.47668, 47.4101 ], [ 8.47647, 47.41169 ] ] ] } },
{ "type": "Feature", "properties": { "id": 873, "population": 54, "o_score_pt": 1092.211, "o_score_car": 1402.342, "CDI": 0.124 }, "geometry": { "type": "Polygon", "coordinates": [ [ [ 8.52182, 47.42656 ], [ 8.52306, 47.42718 ], [ 8.52429, 47.42686 ], [ 8.5244, 47.42598 ], [ 8.52317, 47.42535 ], [ 8.52194, 47.42567 ], [ 8.52182, 47.42656 ] ] ] } },
{ "type": "Feature", "properties": { "id": 874, "population": 0, "o_score_pt": 46.762, "o_score_car": 1675.758, "CDI": 0.946 }, "geometry": { "type": "Polygon", "coordinates": [ [ [ 8.54677, 47.34983 ], [ 8.547, 47.34995 ], [ 8.547, 47.34995 ], [ 8.54677, 47.34983 ] ] ] } },
{ "type": "Feature", "properties": { "id": 875, "population": 637, "o_score_pt": 1995.823, "o_score_car": 1735.05, "CDI": -0.07 }, "geometry": { "type": "Polygon", "coordinates": [ [ [ 8.5085, 47.39667 ], [ 8.51058, 47.39772 ], [ 8.51286, 47.39713 ], [ 8.51307, 47.39549 ], [ 8.51099, 47.39443 ], [ 8.50871, 47.39503 ], [ 8.5085, 47.39667 ] ] ] } },
{ "type": "Feature", "properties": { "id": 876, "population": 660, "o_score_pt": 1688.818, "o_score_car": 1635.916, "CDI": -0.016 }, "geometry": { "type": "Polygon", "coordinates": [ [ [ 8.55764, 47.3571 ], [ 8.55973, 47.35816 ], [ 8.56202, 47.35756 ], [ 8.56224, 47.35591 ], [ 8.56015, 47.35485 ], [ 8.55785, 47.35545 ], [ 8.55764, 47.3571 ] ] ] } },
{ "type": "Feature", "properties": { "id": 877, "population": 1067, "o_score_pt": 2488.974, "o_score_car": 1930.336, "CDI": -0.126 }, "geometry": { "type": "Polygon", "coordinates": [ [ [ 8.53852, 47.37882 ], [ 8.54069, 47.37992 ], [ 8.54309, 47.37929 ], [ 8.54332, 47.37756 ], [ 8.54114, 47.37646 ], [ 8.53874, 47.37709 ], [ 8.53852, 47.37882 ] ] ] } },
{ "type": "Feature", "properties": { "id": 878, "population": 54, "o_score_pt": 1332.485, "o_score_car": 1621.033, "CDI": 0.098 }, "geometry": { "type": "Polygon", "coordinates": [ [ [ 8.49852, 47.35579 ], [ 8.49975, 47.35642 ], [ 8.50098, 47.3561 ], [ 8.50109, 47.35522 ], [ 8.49986, 47.35459 ], [ 8.49863, 47.35491 ], [ 8.49852, 47.35579 ] ] ] } },
{ "type": "Feature", "properties": { "id": 879, "population": 0, "o_score_pt": 52.143, "o_score_car": 1620.578, "CDI": 0.938 }, "geometry": { "type": "Polygon", "coordinates": [ [ [ 8.54287, 47.34417 ], [ 8.54309, 47.34429 ], [ 8.54309, 47.34429 ], [ 8.54287, 47.34417 ] ] ] } },
{ "type": "Feature", "properties": { "id": 880, "population": 939, "o_score_pt": 1944.285, "o_score_car": 1828.689, "CDI": -0.031 }, "geometry": { "type": "Polygon", "coordinates": [ [ [ 8.5562, 47.36751 ], [ 8.55838, 47.36861 ], [ 8.56078, 47.36799 ], [ 8.561, 47.36626 ], [ 8.55883, 47.36515 ], [ 8.55643, 47.36578 ], [ 8.5562, 47.36751 ] ] ] } },
{ "type": "Feature", "properties": { "id": 881, "population": 140, "o_score_pt": 1480.883, "o_score_car": 1640.937, "CDI": 0.051 }, "geometry": { "type": "Polygon", "coordinates": [ [ [ 8.4824, 47.37004 ], [ 8.48396, 47.37083 ], [ 8.48559, 47.3704 ], [ 8.48574, 47.36923 ], [ 8.48419, 47.36844 ], [ 8.48255, 47.36887 ], [ 8.4824, 47.37004 ] ] ] } },
{ "type": "Feature", "properties": { "id": 882, "population": 0, "o_score_pt": 830.009, "o_score_car": 1295.886, "CDI": 0.219 }, "geometry": { "type": "Polygon", "coordinates": [ [ [ 8.61083, 47.35647 ], [ 8.61105, 47.35659 ], [ 8.61105, 47.35659 ], [ 8.61083, 47.35647 ] ] ] } },
{ "type": "Feature", "properties": { "id": 883, "population": 338, "o_score_pt": 1541.688, "o_score_car": 1648.708, "CDI": 0.034 }, "geometry": { "type": "Polygon", "coordinates": [ [ [ 8.55257, 47.39852 ], [ 8.55443, 47.39947 ], [ 8.55644, 47.39894 ], [ 8.55662, 47.3975 ], [ 8.55476, 47.39655 ], [ 8.55275, 47.39708 ], [ 8.55257, 47.39852 ] ] ] } },
{ "type": "Feature", "properties": { "id": 884, "population": 0, "o_score_pt": 25.933, "o_score_car": 1141.327, "CDI": 0.956 }, "geometry": { "type": "Polygon", "coordinates": [ [ [ 8.4958, 47.34978 ], [ 8.49602, 47.3499 ], [ 8.49602, 47.3499 ], [ 8.4958, 47.34978 ] ] ] } },
{ "type": "Feature", "properties": { "id": 885, "population": 533, "o_score_pt": 1952.308, "o_score_car": 1829.291, "CDI": -0.033 }, "geometry": { "type": "Polygon", "coordinates": [ [ [ 8.5093, 47.37307 ], [ 8.51132, 47.37409 ], [ 8.51352, 47.37352 ], [ 8.51373, 47.37193 ], [ 8.51171, 47.37091 ], [ 8.50951, 47.37148 ], [ 8.5093, 47.37307 ] ] ] } },
{ "type": "Feature", "properties": { "id": 886, "population": 0, "o_score_pt": 1196.294, "o_score_car": 1486.301, "CDI": 0.108 }, "geometry": { "type": "Polygon", "coordinates": [ [ [ 8.49358, 47.42051 ], [ 8.49381, 47.42063 ], [ 8.49381, 47.42063 ], [ 8.49358, 47.42051 ] ] ] } },
{ "type": "Feature", "properties": { "id": 887, "population": 877, "o_score_pt": 1898.733, "o_score_car": 1745.887, "CDI": -0.042 }, "geometry": { "type": "Polygon", "coordinates": [ [ [ 8.5523, 47.36185 ], [ 8.55447, 47.36295 ], [ 8.55687, 47.36232 ], [ 8.55709, 47.36059 ], [ 8.55492, 47.35949 ], [ 8.55252, 47.36012 ], [ 8.5523, 47.36185 ] ] ] } },
{ "type": "Feature", "properties": { "id": 888, "population": 0, "o_score_pt": 3.935, "o_score_car": 1557.204, "CDI": 0.995 }, "geometry": { "type": "Polygon", "coordinates": [ [ [ 8.47024, 47.36814 ], [ 8.47047, 47.36826 ], [ 8.47047, 47.36826 ], [ 8.47024, 47.36814 ] ] ] } },
{ "type": "Feature", "properties": { "id": 889, "population": 0, "o_score_pt": 1362.402, "o_score_car": 1468.356, "CDI": 0.037 }, "geometry": { "type": "Polygon", "coordinates": [ [ [ 8.51909, 47.42055 ], [ 8.51932, 47.42066 ], [ 8.51932, 47.42066 ], [ 8.51909, 47.42055 ] ] ] } },
{ "type": "Feature", "properties": { "id": 890, "population": 1064, "o_score_pt": 1910.685, "o_score_car": 1831.291, "CDI": -0.021 }, "geometry": { "type": "Polygon", "coordinates": [ [ [ 8.50905, 47.39152 ], [ 8.51123, 47.39262 ], [ 8.51363, 47.392 ], [ 8.51385, 47.39027 ], [ 8.51168, 47.38916 ], [ 8.50928, 47.38979 ], [ 8.50905, 47.39152 ] ] ] } },
{ "type": "Feature", "properties": { "id": 891, "population": 107, "o_score_pt": 1355.956, "o_score_car": 1609.533, "CDI": 0.086 }, "geometry": { "type": "Polygon", "coordinates": [ [ [ 8.493, 47.36059 ], [ 8.49446, 47.36133 ], [ 8.49598, 47.36093 ], [ 8.49612, 47.35984 ], [ 8.49466, 47.3591 ], [ 8.49314, 47.3595 ], [ 8.493, 47.36059 ] ] ] } },
{ "type": "Feature", "properties": { "id": 892, "population": 707, "o_score_pt": 1791.237, "o_score_car": 1745.265, "CDI": -0.013 }, "geometry": { "type": "Polygon", "coordinates": [ [ [ 8.50528, 47.36744 ], [ 8.5074, 47.36851 ], [ 8.50972, 47.36791 ], [ 8.50994, 47.36623 ], [ 8.50782, 47.36516 ], [ 8.5055, 47.36577 ], [ 8.50528, 47.36744 ] ] ] } },
{ "type": "Feature", "properties": { "id": 893, "population": 119, "o_score_pt": 1130.178, "o_score_car": 1610.202, "CDI": 0.175 }, "geometry": { "type": "Polygon", "coordinates": [ [ [ 8.51393, 47.34176 ], [ 8.51543, 47.34252 ], [ 8.517, 47.34211 ], [ 8.51714, 47.34098 ], [ 8.51564, 47.34022 ], [ 8.51408, 47.34063 ], [ 8.51393, 47.34176 ] ] ] } },
{ "type": "Feature", "properties": { "id": 894, "population": 471, "o_score_pt": 1587.482, "o_score_car": 1600.008, "CDI": 0.004 }, "geometry": { "type": "Polygon", "coordinates": [ [ [ 8.47794, 47.38292 ], [ 8.47991, 47.38392 ], [ 8.48206, 47.38336 ], [ 8.48227, 47.38181 ], [ 8.48029, 47.38081 ], [ 8.47814, 47.38137 ], [ 8.47794, 47.38292 ] ] ] } },
{ "type": "Feature", "properties": { "id": 895, "population": 776, "o_score_pt": 1751.111, "o_score_car": 1725.552, "CDI": -0.007 }, "geometry": { "type": "Polygon", "coordinates": [ [ [ 8.49408, 47.38206 ], [ 8.49623, 47.38315 ], [ 8.49859, 47.38253 ], [ 8.49881, 47.38083 ], [ 8.49667, 47.37974 ], [ 8.4943, 47.38035 ], [ 8.49408, 47.38206 ] ] ] } },
{ "type": "Feature", "properties": { "id": 896, "population": 206, "o_score_pt": 1595.706, "o_score_car": 1716.466, "CDI": 0.036 }, "geometry": { "type": "Polygon", "coordinates": [ [ [ 8.52134, 47.40833 ], [ 8.52303, 47.40919 ], [ 8.52483, 47.40872 ], [ 8.525, 47.40743 ], [ 8.52331, 47.40657 ], [ 8.52151, 47.40704 ], [ 8.52134, 47.40833 ] ] ] } },
{ "type": "Feature", "properties": { "id": 897, "population": 619, "o_score_pt": 1707.389, "o_score_car": 1681.151, "CDI": -0.008 }, "geometry": { "type": "Polygon", "coordinates": [ [ [ 8.56539, 47.40521 ], [ 8.56746, 47.40626 ], [ 8.56972, 47.40567 ], [ 8.56993, 47.40403 ], [ 8.56786, 47.40299 ], [ 8.5656, 47.40358 ], [ 8.56539, 47.40521 ] ] ] } },
{ "type": "Feature", "properties": { "id": 898, "population": 0, "o_score_pt": 550.397, "o_score_car": 1613.5, "CDI": 0.491 }, "geometry": { "type": "Polygon", "coordinates": [ [ [ 8.49055, 47.35449 ], [ 8.49078, 47.35461 ], [ 8.49078, 47.35461 ], [ 8.49055, 47.35449 ] ] ] } },
{ "type": "Feature", "properties": { "id": 899, "population": 1093, "o_score_pt": 1952.06, "o_score_car": 1861.019, "CDI": -0.024 }, "geometry": { "type": "Polygon", "coordinates": [ [ [ 8.50515, 47.38585 ], [ 8.50733, 47.38696 ], [ 8.50973, 47.38633 ], [ 8.50995, 47.3846 ], [ 8.50777, 47.3835 ], [ 8.50537, 47.38413 ], [ 8.50515, 47.38585 ] ] ] } },
{ "type": "Feature", "properties": { "id": 900, "population": 0, "o_score_pt": 597.748, "o_score_car": 1637.487, "CDI": 0.465 }, "geometry": { "type": "Polygon", "coordinates": [ [ [ 8.58724, 47.3777 ], [ 8.58747, 47.37781 ], [ 8.58747, 47.37781 ], [ 8.58724, 47.3777 ] ] ] } },
{ "type": "Feature", "properties": { "id": 901, "population": 106, "o_score_pt": 1004.446, "o_score_car": 1463.953, "CDI": 0.186 }, "geometry": { "type": "Polygon", "coordinates": [ [ [ 8.51008, 47.33607 ], [ 8.51154, 47.33682 ], [ 8.51305, 47.33642 ], [ 8.51319, 47.33533 ], [ 8.51173, 47.33459 ], [ 8.51022, 47.33499 ], [ 8.51008, 47.33607 ] ] ] } },
{ "type": "Feature", "properties": { "id": 902, "population": 799, "o_score_pt": 1702.052, "o_score_car": 1682.839, "CDI": -0.006 }, "geometry": { "type": "Polygon", "coordinates": [ [ [ 8.50383, 47.39622 ], [ 8.50599, 47.39731 ], [ 8.50836, 47.39669 ], [ 8.50858, 47.39498 ], [ 8.50643, 47.39389 ], [ 8.50405, 47.39451 ], [ 8.50383, 47.39622 ] ] ] } },
{ "type": "Feature", "properties": { "id": 903, "population": 0, "o_score_pt": 1296.606, "o_score_car": 1098.904, "CDI": -0.083 }, "geometry": { "type": "Polygon", "coordinates": [ [ [ 8.51018, 47.34603 ], [ 8.51041, 47.34614 ], [ 8.51041, 47.34614 ], [ 8.51018, 47.34603 ] ] ] } },
{ "type": "Feature", "properties": { "id": 904, "population": 759, "o_score_pt": 1787.636, "o_score_car": 1743.793, "CDI": -0.012 }, "geometry": { "type": "Polygon", "coordinates": [ [ [ 8.52489, 47.35898 ], [ 8.52703, 47.36006 ], [ 8.52938, 47.35945 ], [ 8.5296, 47.35775 ], [ 8.52746, 47.35667 ], [ 8.52511, 47.35728 ], [ 8.52489, 47.35898 ] ] ] } },
{ "type": "Feature", "properties": { "id": 905, "population": 0, "o_score_pt": 1098.651, "o_score_car": 1585.936, "CDI": 0.182 }, "geometry": { "type": "Polygon", "coordinates": [ [ [ 8.58333, 47.37203 ], [ 8.58355, 47.37215 ], [ 8.58355, 47.37215 ], [ 8.58333, 47.37203 ] ] ] } },
{ "type": "Feature", "properties": { "id": 906, "population": 339, "o_score_pt": 1605.597, "o_score_car": 1571.961, "CDI": -0.011 }, "geometry": { "type": "Polygon", "coordinates": [ [ [ 8.50741, 47.40696 ], [ 8.50927, 47.40791 ], [ 8.51128, 47.40738 ], [ 8.51147, 47.40594 ], [ 8.50961, 47.40499 ], [ 8.5076, 47.40552 ], [ 8.50741, 47.40696 ] ] ] } },
{ "type": "Feature", "properties": { "id": 907, "population": 832, "o_score_pt": 1874.132, "o_score_car": 1832.069, "CDI": -0.011 }, "geometry": { "type": "Polygon", "coordinates": [ [ [ 8.50125, 47.38019 ], [ 8.50342, 47.38129 ], [ 8.50582, 47.38067 ], [ 8.50604, 47.37894 ], [ 8.50387, 47.37784 ], [ 8.50148, 47.37846 ], [ 8.50125, 47.38019 ] ] ] } },
{ "type": "Feature", "properties": { "id": 908, "population": 381, "o_score_pt": 1423.232, "o_score_car": 1503.764, "CDI": 0.028 }, "geometry": { "type": "Polygon", "coordinates": [ [ [ 8.53477, 47.42822 ], [ 8.53667, 47.42919 ], [ 8.53873, 47.42865 ], [ 8.53892, 47.42717 ], [ 8.53702, 47.42621 ], [ 8.53496, 47.42674 ], [ 8.53477, 47.42822 ] ] ] } }
]
}
