{
"type": "FeatureCollection",
"name": "hexes",
"crs": { "type": "name", "properties": { "name": "urn:ogc:def:crs:OGC:1.3:CRS84" } },
"features": [
{ "type": "Feature", "properties": { "id": 0, "population": 752 }, "geometry": { "type": "Polygon", "coordinates": [ [ [ 8.52747, 47.35664 ], [ 8.52769, 47.35491 ], [ 8.53009, 47.35428 ], [ 8.53227, 47.35538 ], [ 8.53205, 47.35711 ], [ 8.52965, 47.35774 ], [ 8.52747, 47.35664 ], [ 8.52747, 47.35664 ] ] ] } },
{ "type": "Feature", "properties": { "id": 1, "population": 22 }, "geometry": { "type": "Polygon", "coordinates": [ [ [ 8.50966, 47.40472 ], [ 8.50989, 47.40299 ], [ 8.51229, 47.40237 ], [ 8.51446, 47.40347 ], [ 8.51424, 47.4052 ], [ 8.51184, 47.40582 ], [ 8.50966, 47.40472 ], [ 8.50966, 47.40472 ] ] ] } },
{ "type": "Feature", "properties": { "id": 2, "population": 962 }, "geometry": { "type": "Polygon", "coordinates": [ [ [ 8.54695, 47.40335 ], [ 8.54717, 47.40162 ], [ 8.54957, 47.40099 ], [ 8.55175, 47.4021 ], [ 8.55153, 47.40382 ], [ 8.54913, 47.40445 ], [ 8.54695, 47.40335 ], [ 8.54695, 47.40335 ] ] ] } },
{ "type": "Feature", "properties": { "id": 3, "population": 370 }, "geometry": { "type": "Polygon", "coordinates": [ [ [ 8.50387, 47.37784 ], [ 8.50409, 47.37611 ], [ 8.50649, 47.37548 ], [ 8.50867, 47.37658 ], [ 8.50844, 47.37831 ], [ 8.50605, 47.37894 ], [ 8.50387, 47.37784 ], [ 8.50387, 47.37784 ] ] ] } },
{ "type": "Feature", "properties": { "id": 4, "population": 3 }, "geometry": { "type": "Polygon", "coordinates": [ [ [ 8.51052, 47.34435 ], [ 8.51074, 47.34262 ], [ 8.51314, 47.342 ], [ 8.51531, 47.3431 ], [ 8.51509, 47.34483 ], [ 8.51269, 47.34546 ], [ 8.51052, 47.34435 ], [ 8.51052, 47.34435 ] ] ] } },
{ "type": "Feature", "properties": { "id": 5, "population": 770 }, "geometry": { "type": "Polygon", "coordinates": [ [ [ 8.52357, 47.35097 ], [ 8.52379, 47.34924 ], [ 8.52619, 47.34861 ], [ 8.52836, 47.34972 ], [ 8.52814, 47.35145 ], [ 8.52574, 47.35207 ], [ 8.52357, 47.35097 ], [ 8.52357, 47.35097 ] ] ] } },
{ "type": "Feature", "properties": { "id": 6, "population": 5 }, "geometry": { "type": "Polygon", "coordinates": [ [ [ 8.51943, 47.41888 ], [ 8.51965, 47.41715 ], [ 8.52205, 47.41652 ], [ 8.52423, 47.41763 ], [ 8.52401, 47.41935 ], [ 8.52161, 47.41998 ], [ 8.51943, 47.41888 ], [ 8.51943, 47.41888 ] ] ] } },
{ "type": "Feature", "properties": { "id": 7, "population": 537 }, "geometry": { "type": "Polygon", "coordinates": [ [ [ 8.55276, 47.43023 ], [ 8.55298, 47.4285 ], [ 8.55538, 47.42787 ], [ 8.55756, 47.42897 ], [ 8.55734, 47.4307 ], [ 8.55494, 47.43133 ], [ 8.55276, 47.43023 ], [ 8.55276, 47.43023 ] ] ] } },
{ "type": "Feature", "properties": { "id": 8, "population": 1008 }, "geometry": { "type": "Polygon", "coordinates": [ [ [ 8.54114, 47.37646 ], [ 8.54136, 47.37473 ], [ 8.54376, 47.37411 ], [ 8.54594, 47.37521 ], [ 8.54572, 47.37694 ], [ 8.54332, 47.37756 ], [ 8.54114, 47.37646 ], [ 8.54114, 47.37646 ] ] ] } },
{ "type": "Feature", "properties": { "id": 9, "population": 414 }, "geometry": { "type": "Polygon", "coordinates": [ [ [ 8.51186, 47.33397 ], [ 8.51208, 47.33224 ], [ 8.51448, 47.33162 ], [ 8.51666, 47.33272 ], [ 8.51643, 47.33445 ], [ 8.51403, 47.33508 ], [ 8.51186, 47.33397 ], [ 8.51186, 47.33397 ] ] ] } },
{ "type": "Feature", "properties": { "id": 10, "population": 16 }, "geometry": { "type": "Polygon", "coordinates": [ [ [ 8.52334, 47.42454 ], [ 8.52356, 47.42281 ], [ 8.52596, 47.42218 ], [ 8.52814, 47.42329 ], [ 8.52791, 47.42502 ], [ 8.52551, 47.42564 ], [ 8.52334, 47.42454 ], [ 8.52334, 47.42454 ] ] ] } },
{ "type": "Feature", "properties": { "id": 11, "population": 137 }, "geometry": { "type": "Polygon", "coordinates": [ [ [ 8.57055, 47.38215 ], [ 8.57077, 47.38042 ], [ 8.57317, 47.37979 ], [ 8.57535, 47.38089 ], [ 8.57513, 47.38262 ], [ 8.57273, 47.38325 ], [ 8.57055, 47.38215 ], [ 8.57055, 47.38215 ] ] ] } },
{ "type": "Feature", "properties": { "id": 12, "population": 246 }, "geometry": { "type": "Polygon", "coordinates": [ [ [ 8.59348, 47.36612 ], [ 8.5937, 47.36439 ], [ 8.5961, 47.36376 ], [ 8.59828, 47.36486 ], [ 8.59806, 47.36659 ], [ 8.59566, 47.36722 ], [ 8.59348, 47.36612 ], [ 8.59348, 47.36612 ] ] ] } },
{ "type": "Feature", "properties": { "id": 13, "population": 0 }, "geometry": { "type": "Polygon", "coordinates": [ [ [ 8.58362, 47.38876 ], [ 8.58384, 47.38703 ], [ 8.58624, 47.3864 ], [ 8.58842, 47.3875 ], [ 8.58819, 47.38923 ], [ 8.58579, 47.38986 ], [ 8.58362, 47.38876 ], [ 8.58362, 47.38876 ] ] ] } },
{ "type": "Feature", "properties": { "id": 14, "population": 0 }, "geometry": { "type": "Polygon", "coordinates": [ [ [ 8.50662, 47.33869 ], [ 8.50684, 47.33696 ], [ 8.50924, 47.33633 ], [ 8.51141, 47.33743 ], [ 8.51119, 47.33916 ], [ 8.50879, 47.33979 ], [ 8.50662, 47.33869 ], [ 8.50662, 47.33869 ] ] ] } },
{ "type": "Feature", "properties": { "id": 15, "population": 751 }, "geometry": { "type": "Polygon", "coordinates": [ [ [ 8.54109, 47.39485 ], [ 8.54131, 47.39313 ], [ 8.54371, 47.3925 ], [ 8.54589, 47.3936 ], [ 8.54566, 47.39533 ], [ 8.54326, 47.39596 ], [ 8.54109, 47.39485 ], [ 8.54109, 47.39485 ] ] ] } },
{ "type": "Feature", "properties": { "id": 16, "population": 935 }, "geometry": { "type": "Polygon", "coordinates": [ [ [ 8.52351, 47.36937 ], [ 8.52373, 47.36764 ], [ 8.52613, 47.36701 ], [ 8.52831, 47.36812 ], [ 8.52808, 47.36985 ], [ 8.52569, 47.37047 ], [ 8.52351, 47.36937 ], [ 8.52351, 47.36937 ] ] ] } },
{ "type": "Feature", "properties": { "id": 17, "population": 313 }, "geometry": { "type": "Polygon", "coordinates": [ [ [ 8.57651, 47.35384 ], [ 8.57673, 47.35211 ], [ 8.57913, 47.35149 ], [ 8.5813, 47.35259 ], [ 8.58108, 47.35432 ], [ 8.57868, 47.35495 ], [ 8.57651, 47.35384 ], [ 8.57651, 47.35384 ] ] ] } },
{ "type": "Feature", "properties": { "id": 18, "population": 740 }, "geometry": { "type": "Polygon", "coordinates": [ [ [ 8.53723, 47.3708 ], [ 8.53746, 47.36907 ], [ 8.53986, 47.36844 ], [ 8.54203, 47.36954 ], [ 8.54181, 47.37127 ], [ 8.53941, 47.3719 ], [ 8.53723, 47.3708 ], [ 8.53723, 47.3708 ] ] ] } },
{ "type": "Feature", "properties": { "id": 19, "population": 968 }, "geometry": { "type": "Polygon", "coordinates": [ [ [ 8.50777, 47.3835 ], [ 8.508, 47.38177 ], [ 8.5104, 47.38115 ], [ 8.51257, 47.38225 ], [ 8.51235, 47.38398 ], [ 8.50995, 47.3846 ], [ 8.50777, 47.3835 ], [ 8.50777, 47.3835 ] ] ] } },
{ "type": "Feature", "properties": { "id": 20, "population": 499 }, "geometry": { "type": "Polygon", "coordinates": [ [ [ 8.58957, 47.36046 ], [ 8.58979, 47.35873 ], [ 8.59219, 47.3581 ], [ 8.59437, 47.3592 ], [ 8.59414, 47.36093 ], [ 8.59175, 47.36156 ], [ 8.58957, 47.36046 ], [ 8.58957, 47.36046 ] ] ] } },
{ "type": "Feature", "properties": { "id": 21, "population": 774 }, "geometry": { "type": "Polygon", "coordinates": [ [ [ 8.56392, 47.41562 ], [ 8.56415, 47.41389 ], [ 8.56655, 47.41327 ], [ 8.56872, 47.41437 ], [ 8.5685, 47.4161 ], [ 8.5661, 47.41672 ], [ 8.56392, 47.41562 ], [ 8.56392, 47.41562 ] ] ] } },
{ "type": "Feature", "properties": { "id": 22, "population": 0 }, "geometry": { "type": "Polygon", "coordinates": [ [ [ 8.54515, 47.34533 ], [ 8.54538, 47.3436 ], [ 8.54777, 47.34297 ], [ 8.54995, 47.34407 ], [ 8.54973, 47.3458 ], [ 8.54733, 47.34643 ], [ 8.54515, 47.34533 ], [ 8.54515, 47.34533 ] ] ] } },
{ "type": "Feature", "properties": { "id": 23, "population": 951 }, "geometry": { "type": "Polygon", "coordinates": [ [ [ 8.52607, 47.38541 ], [ 8.5263, 47.38368 ], [ 8.5287, 47.38305 ], [ 8.53087, 47.38415 ], [ 8.53065, 47.38588 ], [ 8.52825, 47.38651 ], [ 8.52607, 47.38541 ], [ 8.52607, 47.38541 ] ] ] } },
{ "type": "Feature", "properties": { "id": 24, "population": 838 }, "geometry": { "type": "Polygon", "coordinates": [ [ [ 8.51961, 47.3637 ], [ 8.51983, 47.36197 ], [ 8.52223, 47.36135 ], [ 8.5244, 47.36245 ], [ 8.52418, 47.36418 ], [ 8.52178, 47.36481 ], [ 8.51961, 47.3637 ], [ 8.51961, 47.3637 ] ] ] } },
{ "type": "Feature", "properties": { "id": 25, "population": 743 }, "geometry": { "type": "Polygon", "coordinates": [ [ [ 8.55281, 47.41184 ], [ 8.55303, 47.41011 ], [ 8.55544, 47.40949 ], [ 8.55761, 47.41059 ], [ 8.55739, 47.41232 ], [ 8.55499, 47.41294 ], [ 8.55281, 47.41184 ], [ 8.55281, 47.41184 ] ] ] } },
{ "type": "Feature", "properties": { "id": 26, "population": 1082 }, "geometry": { "type": "Polygon", "coordinates": [ [ [ 8.53718, 47.38919 ], [ 8.5374, 47.38746 ], [ 8.5398, 47.38684 ], [ 8.54198, 47.38794 ], [ 8.54176, 47.38967 ], [ 8.53936, 47.39029 ], [ 8.53718, 47.38919 ], [ 8.53718, 47.38919 ] ] ] } },
{ "type": "Feature", "properties": { "id": 27, "population": 0 }, "geometry": { "type": "Polygon", "coordinates": [ [ [ 8.58824, 47.37083 ], [ 8.58846, 47.3691 ], [ 8.59086, 47.36848 ], [ 8.59304, 47.36958 ], [ 8.59281, 47.37131 ], [ 8.59041, 47.37194 ], [ 8.58824, 47.37083 ], [ 8.58824, 47.37083 ] ] ] } },
{ "type": "Feature", "properties": { "id": 28, "population": 0 }, "geometry": { "type": "Polygon", "coordinates": [ [ [ 8.54125, 47.33966 ], [ 8.54147, 47.33793 ], [ 8.54387, 47.33731 ], [ 8.54604, 47.33841 ], [ 8.54582, 47.34014 ], [ 8.54342, 47.34077 ], [ 8.54125, 47.33966 ], [ 8.54125, 47.33966 ] ] ] } },
{ "type": "Feature", "properties": { "id": 29, "population": 846 }, "geometry": { "type": "Polygon", "coordinates": [ [ [ 8.53584, 47.39956 ], [ 8.53606, 47.39784 ], [ 8.53846, 47.39721 ], [ 8.54064, 47.39831 ], [ 8.54042, 47.40004 ], [ 8.53802, 47.40067 ], [ 8.53584, 47.39956 ], [ 8.53584, 47.39956 ] ] ] } },
{ "type": "Feature", "properties": { "id": 30, "population": 996 }, "geometry": { "type": "Polygon", "coordinates": [ [ [ 8.55687, 47.36232 ], [ 8.55709, 47.36059 ], [ 8.55949, 47.35997 ], [ 8.56167, 47.36107 ], [ 8.56145, 47.3628 ], [ 8.55905, 47.36343 ], [ 8.55687, 47.36232 ], [ 8.55687, 47.36232 ] ] ] } },
{ "type": "Feature", "properties": { "id": 31, "population": 876 }, "geometry": { "type": "Polygon", "coordinates": [ [ [ 8.55086, 47.40901 ], [ 8.55108, 47.40728 ], [ 8.55348, 47.40665 ], [ 8.55566, 47.40776 ], [ 8.55544, 47.40949 ], [ 8.55303, 47.41011 ], [ 8.55086, 47.40901 ], [ 8.55086, 47.40901 ] ] ] } },
{ "type": "Feature", "properties": { "id": 32, "population": 967 }, "geometry": { "type": "Polygon", "coordinates": [ [ [ 8.53908, 47.41041 ], [ 8.5393, 47.40868 ], [ 8.5417, 47.40806 ], [ 8.54388, 47.40916 ], [ 8.54366, 47.41089 ], [ 8.54126, 47.41152 ], [ 8.53908, 47.41041 ], [ 8.53908, 47.41041 ] ] ] } },
{ "type": "Feature", "properties": { "id": 33, "population": 362 }, "geometry": { "type": "Polygon", "coordinates": [ [ [ 8.51058, 47.32595 ], [ 8.5108, 47.32422 ], [ 8.5132, 47.32359 ], [ 8.51537, 47.3247 ], [ 8.51515, 47.32643 ], [ 8.51275, 47.32705 ], [ 8.51058, 47.32595 ], [ 8.51058, 47.32595 ] ] ] } },
{ "type": "Feature", "properties": { "id": 34, "population": 770 }, "geometry": { "type": "Polygon", "coordinates": [ [ [ 8.53327, 47.38353 ], [ 8.5335, 47.3818 ], [ 8.5359, 47.38117 ], [ 8.53807, 47.38228 ], [ 8.53785, 47.384 ], [ 8.53545, 47.38463 ], [ 8.53327, 47.38353 ], [ 8.53327, 47.38353 ] ] ] } },
{ "type": "Feature", "properties": { "id": 35, "population": 791 }, "geometry": { "type": "Polygon", "coordinates": [ [ [ 8.48874, 47.40516 ], [ 8.48896, 47.40344 ], [ 8.49136, 47.40281 ], [ 8.49354, 47.40391 ], [ 8.49331, 47.40564 ], [ 8.49091, 47.40627 ], [ 8.48874, 47.40516 ], [ 8.48874, 47.40516 ] ] ] } },
{ "type": "Feature", "properties": { "id": 36, "population": 13 }, "geometry": { "type": "Polygon", "coordinates": [ [ [ 8.58433, 47.36517 ], [ 8.58455, 47.36344 ], [ 8.58695, 47.36281 ], [ 8.58912, 47.36392 ], [ 8.5889, 47.36564 ], [ 8.5865, 47.36627 ], [ 8.58433, 47.36517 ], [ 8.58433, 47.36517 ] ] ] } },
{ "type": "Feature", "properties": { "id": 37, "population": 0 }, "geometry": { "type": "Polygon", "coordinates": [ [ [ 8.53991, 47.35004 ], [ 8.54013, 47.34831 ], [ 8.54253, 47.34769 ], [ 8.54471, 47.34879 ], [ 8.54448, 47.35052 ], [ 8.54209, 47.35115 ], [ 8.53991, 47.35004 ], [ 8.53991, 47.35004 ] ] ] } },
{ "type": "Feature", "properties": { "id": 38, "population": 774 }, "geometry": { "type": "Polygon", "coordinates": [ [ [ 8.54885, 47.42457 ], [ 8.54907, 47.42284 ], [ 8.55147, 47.42221 ], [ 8.55365, 47.42331 ], [ 8.55343, 47.42504 ], [ 8.55103, 47.42567 ], [ 8.54885, 47.42457 ], [ 8.54885, 47.42457 ] ] ] } },
{ "type": "Feature", "properties": { "id": 39, "population": 0 }, "geometry": { "type": "Polygon", "coordinates": [ [ [ 8.49284, 47.35565 ], [ 8.49306, 47.35392 ], [ 8.49546, 47.3533 ], [ 8.49763, 47.3544 ], [ 8.49741, 47.35613 ], [ 8.49501, 47.35676 ], [ 8.49284, 47.35565 ], [ 8.49284, 47.35565 ] ] ] } },
{ "type": "Feature", "properties": { "id": 40, "population": 327 }, "geometry": { "type": "Polygon", "coordinates": [ [ [ 8.47501, 47.40373 ], [ 8.47523, 47.402 ], [ 8.47763, 47.40138 ], [ 8.47981, 47.40248 ], [ 8.47959, 47.40421 ], [ 8.47719, 47.40483 ], [ 8.47501, 47.40373 ], [ 8.47501, 47.40373 ] ] ] } },
{ "type": "Feature", "properties": { "id": 41, "population": 753 }, "geometry": { "type": "Polygon", "coordinates": [ [ [ 8.47965, 47.38582 ], [ 8.47988, 47.38409 ], [ 8.48228, 47.38347 ], [ 8.48445, 47.38457 ], [ 8.48423, 47.3863 ], [ 8.48183, 47.38692 ], [ 8.47965, 47.38582 ], [ 8.47965, 47.38582 ] ] ] } },
{ "type": "Feature", "properties": { "id": 42, "population": 73 }, "geometry": { "type": "Polygon", "coordinates": [ [ [ 8.50173, 47.43017 ], [ 8.50195, 47.42844 ], [ 8.50435, 47.42781 ], [ 8.50653, 47.42892 ], [ 8.50631, 47.43064 ], [ 8.50391, 47.43127 ], [ 8.50173, 47.43017 ], [ 8.50173, 47.43017 ] ] ] } },
{ "type": "Feature", "properties": { "id": 43, "population": 478 }, "geometry": { "type": "Polygon", "coordinates": [ [ [ 8.48033, 47.38063 ], [ 8.48055, 47.3789 ], [ 8.48295, 47.37828 ], [ 8.48513, 47.37938 ], [ 8.4849, 47.38111 ], [ 8.4825, 47.38174 ], [ 8.48033, 47.38063 ], [ 8.48033, 47.38063 ] ] ] } },
{ "type": "Feature", "properties": { "id": 44, "population": 52 }, "geometry": { "type": "Polygon", "coordinates": [ [ [ 8.56993, 47.36894 ], [ 8.57015, 47.36721 ], [ 8.57255, 47.36658 ], [ 8.57473, 47.36768 ], [ 8.57451, 47.36941 ], [ 8.57211, 47.37004 ], [ 8.56993, 47.36894 ], [ 8.56993, 47.36894 ] ] ] } },
{ "type": "Feature", "properties": { "id": 45, "population": 400 }, "geometry": { "type": "Polygon", "coordinates": [ [ [ 8.51576, 47.33964 ], [ 8.51599, 47.33791 ], [ 8.51838, 47.33728 ], [ 8.52056, 47.33839 ], [ 8.52033, 47.34012 ], [ 8.51794, 47.34074 ], [ 8.51576, 47.33964 ], [ 8.51576, 47.33964 ] ] ] } },
{ "type": "Feature", "properties": { "id": 46, "population": 766 }, "geometry": { "type": "Polygon", "coordinates": [ [ [ 8.49539, 47.37169 ], [ 8.49562, 47.36996 ], [ 8.49802, 47.36934 ], [ 8.50019, 47.37044 ], [ 8.49997, 47.37217 ], [ 8.49757, 47.3728 ], [ 8.49539, 47.37169 ], [ 8.49539, 47.37169 ] ] ] } },
{ "type": "Feature", "properties": { "id": 47, "population": 137 }, "geometry": { "type": "Polygon", "coordinates": [ [ [ 8.60396, 47.35669 ], [ 8.60418, 47.35496 ], [ 8.60658, 47.35433 ], [ 8.60876, 47.35543 ], [ 8.60854, 47.35716 ], [ 8.60614, 47.35779 ], [ 8.60396, 47.35669 ], [ 8.60396, 47.35669 ] ] ] } },
{ "type": "Feature", "properties": { "id": 48, "population": 7 }, "geometry": { "type": "Polygon", "coordinates": [ [ [ 8.56593, 47.40006 ], [ 8.56615, 47.39833 ], [ 8.56855, 47.39771 ], [ 8.57073, 47.39881 ], [ 8.5705, 47.40054 ], [ 8.5681, 47.40117 ], [ 8.56593, 47.40006 ], [ 8.56593, 47.40006 ] ] ] } },
{ "type": "Feature", "properties": { "id": 49, "population": 0 }, "geometry": { "type": "Polygon", "coordinates": [ [ [ 8.48477, 47.41789 ], [ 8.48499, 47.41616 ], [ 8.48739, 47.41553 ], [ 8.48957, 47.41664 ], [ 8.48934, 47.41836 ], [ 8.48694, 47.41899 ], [ 8.48477, 47.41789 ], [ 8.48477, 47.41789 ] ] ] } },
{ "type": "Feature", "properties": { "id": 50, "population": 1027 }, "geometry": { "type": "Polygon", "coordinates": [ [ [ 8.52284, 47.37456 ], [ 8.52306, 47.37283 ], [ 8.52546, 47.3722 ], [ 8.52764, 47.3733 ], [ 8.52741, 47.37503 ], [ 8.52502, 47.37566 ], [ 8.52284, 47.37456 ], [ 8.52284, 47.37456 ] ] ] } },
{ "type": "Feature", "properties": { "id": 51, "population": 0 }, "geometry": { "type": "Polygon", "coordinates": [ [ [ 8.48672, 47.42072 ], [ 8.48694, 47.41899 ], [ 8.48934, 47.41836 ], [ 8.49152, 47.41947 ], [ 8.49129, 47.4212 ], [ 8.48889, 47.42182 ], [ 8.48672, 47.42072 ], [ 8.48672, 47.42072 ] ] ] } },
{ "type": "Feature", "properties": { "id": 52, "population": 0 }, "geometry": { "type": "Polygon", "coordinates": [ [ [ 8.4804, 47.36224 ], [ 8.48062, 47.36051 ], [ 8.48302, 47.35989 ], [ 8.48519, 47.36099 ], [ 8.48497, 47.36272 ], [ 8.48257, 47.36334 ], [ 8.4804, 47.36224 ], [ 8.4804, 47.36224 ] ] ] } },
{ "type": "Feature", "properties": { "id": 53, "population": 521 }, "geometry": { "type": "Polygon", "coordinates": [ [ [ 8.50637, 47.41226 ], [ 8.50659, 47.41053 ], [ 8.50899, 47.40991 ], [ 8.51117, 47.41101 ], [ 8.51095, 47.41274 ], [ 8.50855, 47.41336 ], [ 8.50637, 47.41226 ], [ 8.50637, 47.41226 ] ] ] } },
{ "type": "Feature", "properties": { "id": 54, "population": 0 }, "geometry": { "type": "Polygon", "coordinates": [ [ [ 8.56202, 47.3944 ], [ 8.56224, 47.39267 ], [ 8.56464, 47.39205 ], [ 8.56682, 47.39315 ], [ 8.56659, 47.39488 ], [ 8.56419, 47.3955 ], [ 8.56202, 47.3944 ], [ 8.56202, 47.3944 ] ] ] } },
{ "type": "Feature", "properties": { "id": 55, "population": 642 }, "geometry": { "type": "Polygon", "coordinates": [ [ [ 8.50588, 47.36227 ], [ 8.50611, 47.36054 ], [ 8.50851, 47.35992 ], [ 8.51068, 47.36102 ], [ 8.51046, 47.36275 ], [ 8.50806, 47.36338 ], [ 8.50588, 47.36227 ], [ 8.50588, 47.36227 ] ] ] } },
{ "type": "Feature", "properties": { "id": 56, "population": 956 }, "geometry": { "type": "Polygon", "coordinates": [ [ [ 8.51893, 47.36889 ], [ 8.51916, 47.36716 ], [ 8.52156, 47.36654 ], [ 8.52373, 47.36764 ], [ 8.52351, 47.36937 ], [ 8.52111, 47.37 ], [ 8.51893, 47.36889 ], [ 8.51893, 47.36889 ] ] ] } },
{ "type": "Feature", "properties": { "id": 57, "population": 570 }, "geometry": { "type": "Polygon", "coordinates": [ [ [ 8.52558, 47.3354 ], [ 8.5258, 47.33367 ], [ 8.5282, 47.33305 ], [ 8.53037, 47.33415 ], [ 8.53015, 47.33588 ], [ 8.52775, 47.33651 ], [ 8.52558, 47.3354 ], [ 8.52558, 47.3354 ] ] ] } },
{ "type": "Feature", "properties": { "id": 58, "population": 705 }, "geometry": { "type": "Polygon", "coordinates": [ [ [ 8.49015, 47.3764 ], [ 8.49037, 47.37467 ], [ 8.49277, 47.37405 ], [ 8.49495, 47.37515 ], [ 8.49472, 47.37688 ], [ 8.49232, 47.37751 ], [ 8.49015, 47.3764 ], [ 8.49015, 47.3764 ] ] ] } },
{ "type": "Feature", "properties": { "id": 59, "population": 229 }, "geometry": { "type": "Polygon", "coordinates": [ [ [ 8.54556, 47.43211 ], [ 8.54578, 47.43038 ], [ 8.54818, 47.42975 ], [ 8.55036, 47.43085 ], [ 8.55014, 47.43258 ], [ 8.54774, 47.43321 ], [ 8.54556, 47.43211 ], [ 8.54556, 47.43211 ] ] ] } },
{ "type": "Feature", "properties": { "id": 60, "population": 585 }, "geometry": { "type": "Polygon", "coordinates": [ [ [ 8.48941, 47.39998 ], [ 8.48963, 47.39825 ], [ 8.49203, 47.39763 ], [ 8.49421, 47.39873 ], [ 8.49398, 47.40046 ], [ 8.49158, 47.40108 ], [ 8.48941, 47.39998 ], [ 8.48941, 47.39998 ] ] ] } },
{ "type": "Feature", "properties": { "id": 61, "population": 282 }, "geometry": { "type": "Polygon", "coordinates": [ [ [ 8.50246, 47.4066 ], [ 8.50269, 47.40487 ], [ 8.50509, 47.40424 ], [ 8.50726, 47.40535 ], [ 8.50704, 47.40708 ], [ 8.50464, 47.4077 ], [ 8.50246, 47.4066 ], [ 8.50246, 47.4066 ] ] ] } },
{ "type": "Feature", "properties": { "id": 62, "population": 557 }, "geometry": { "type": "Polygon", "coordinates": [ [ [ 8.56068, 47.40478 ], [ 8.5609, 47.40305 ], [ 8.5633, 47.40242 ], [ 8.56548, 47.40352 ], [ 8.56526, 47.40525 ], [ 8.56286, 47.40588 ], [ 8.56068, 47.40478 ], [ 8.56068, 47.40478 ] ] ] } },
{ "type": "Feature", "properties": { "id": 63, "population": 1067 }, "geometry": { "type": "Polygon", "coordinates": [ [ [ 8.51759, 47.37927 ], [ 8.51782, 47.37754 ], [ 8.52022, 47.37691 ], [ 8.52239, 47.37801 ], [ 8.52217, 47.37974 ], [ 8.51977, 47.38037 ], [ 8.51759, 47.37927 ], [ 8.51759, 47.37927 ] ] ] } },
{ "type": "Feature", "properties": { "id": 64, "population": 244 }, "geometry": { "type": "Polygon", "coordinates": [ [ [ 8.56664, 47.37648 ], [ 8.56686, 47.37475 ], [ 8.56926, 47.37413 ], [ 8.57144, 47.37523 ], [ 8.57122, 47.37696 ], [ 8.56882, 47.37758 ], [ 8.56664, 47.37648 ], [ 8.56664, 47.37648 ] ] ] } },
{ "type": "Feature", "properties": { "id": 65, "population": 0 }, "geometry": { "type": "Polygon", "coordinates": [ [ [ 8.49613, 47.34811 ], [ 8.49635, 47.34638 ], [ 8.49875, 47.34575 ], [ 8.50093, 47.34686 ], [ 8.5007, 47.34859 ], [ 8.4983, 47.34921 ], [ 8.49613, 47.34811 ], [ 8.49613, 47.34811 ] ] ] } },
{ "type": "Feature", "properties": { "id": 66, "population": 2 }, "geometry": { "type": "Polygon", "coordinates": [ [ [ 8.52167, 47.32974 ], [ 8.5219, 47.32801 ], [ 8.5243, 47.32738 ], [ 8.52647, 47.32848 ], [ 8.52625, 47.33021 ], [ 8.52385, 47.33084 ], [ 8.52167, 47.32974 ], [ 8.52167, 47.32974 ] ] ] } },
{ "type": "Feature", "properties": { "id": 67, "population": 204 }, "geometry": { "type": "Polygon", "coordinates": [ [ [ 8.55091, 47.39062 ], [ 8.55113, 47.38889 ], [ 8.55353, 47.38826 ], [ 8.55571, 47.38937 ], [ 8.55549, 47.39109 ], [ 8.55309, 47.39172 ], [ 8.55091, 47.39062 ], [ 8.55091, 47.39062 ] ] ] } },
{ "type": "Feature", "properties": { "id": 68, "population": 1043 }, "geometry": { "type": "Polygon", "coordinates": [ [ [ 8.48551, 47.39432 ], [ 8.48573, 47.39259 ], [ 8.48813, 47.39196 ], [ 8.49031, 47.39307 ], [ 8.49008, 47.39479 ], [ 8.48768, 47.39542 ], [ 8.48551, 47.39432 ], [ 8.48551, 47.39432 ] ] ] } },
{ "type": "Feature", "properties": { "id": 69, "population": 0 }, "geometry": { "type": "Polygon", "coordinates": [ [ [ 8.53857, 47.36042 ], [ 8.5388, 47.35869 ], [ 8.54119, 47.35806 ], [ 8.54337, 47.35917 ], [ 8.54315, 47.3609 ], [ 8.54075, 47.36152 ], [ 8.53857, 47.36042 ], [ 8.53857, 47.36042 ] ] ] } },
{ "type": "Feature", "properties": { "id": 70, "population": 264 }, "geometry": { "type": "Polygon", "coordinates": [ [ [ 8.50112, 47.41697 ], [ 8.50134, 47.41524 ], [ 8.50374, 47.41461 ], [ 8.50592, 47.41572 ], [ 8.5057, 47.41744 ], [ 8.5033, 47.41807 ], [ 8.50112, 47.41697 ], [ 8.50112, 47.41697 ] ] ] } },
{ "type": "Feature", "properties": { "id": 71, "population": 95 }, "geometry": { "type": "Polygon", "coordinates": [ [ [ 8.51613, 47.42641 ], [ 8.51636, 47.42469 ], [ 8.51876, 47.42406 ], [ 8.52093, 47.42516 ], [ 8.52071, 47.42689 ], [ 8.51831, 47.42752 ], [ 8.51613, 47.42641 ], [ 8.51613, 47.42641 ] ] ] } },
{ "type": "Feature", "properties": { "id": 72, "population": 15 }, "geometry": { "type": "Polygon", "coordinates": [ [ [ 8.57642, 47.39064 ], [ 8.57664, 47.38891 ], [ 8.57904, 47.38828 ], [ 8.58122, 47.38938 ], [ 8.58099, 47.39111 ], [ 8.57859, 47.39174 ], [ 8.57642, 47.39064 ], [ 8.57642, 47.39064 ] ] ] } },
{ "type": "Feature", "properties": { "id": 73, "population": 328 }, "geometry": { "type": "Polygon", "coordinates": [ [ [ 8.52162, 47.34814 ], [ 8.52184, 47.34641 ], [ 8.52424, 47.34578 ], [ 8.52641, 47.34688 ], [ 8.52619, 47.34861 ], [ 8.52379, 47.34924 ], [ 8.52162, 47.34814 ], [ 8.52162, 47.34814 ] ] ] } },
{ "type": "Feature", "properties": { "id": 74, "population": 1084 }, "geometry": { "type": "Polygon", "coordinates": [ [ [ 8.52278, 47.39295 ], [ 8.523, 47.39122 ], [ 8.5254, 47.39059 ], [ 8.52758, 47.3917 ], [ 8.52736, 47.39343 ], [ 8.52496, 47.39405 ], [ 8.52278, 47.39295 ], [ 8.52278, 47.39295 ] ] ] } },
{ "type": "Feature", "properties": { "id": 75, "population": 0 }, "geometry": { "type": "Polygon", "coordinates": [ [ [ 8.57837, 47.39347 ], [ 8.57859, 47.39174 ], [ 8.58099, 47.39111 ], [ 8.58317, 47.39222 ], [ 8.58295, 47.39394 ], [ 8.58055, 47.39457 ], [ 8.57837, 47.39347 ], [ 8.57837, 47.39347 ] ] ] } },
{ "type": "Feature", "properties": { "id": 76, "population": 41 }, "geometry": { "type": "Polygon", "coordinates": [ [ [ 8.53467, 47.35476 ], [ 8.53489, 47.35303 ], [ 8.53729, 47.3524 ], [ 8.53946, 47.3535 ], [ 8.53924, 47.35523 ], [ 8.53684, 47.35586 ], [ 8.53467, 47.35476 ], [ 8.53467, 47.35476 ] ] ] } },
{ "type": "Feature", "properties": { "id": 77, "population": 438 }, "geometry": { "type": "Polygon", "coordinates": [ [ [ 8.49466, 47.39527 ], [ 8.49488, 47.39354 ], [ 8.49728, 47.39292 ], [ 8.49946, 47.39402 ], [ 8.49923, 47.39575 ], [ 8.49683, 47.39637 ], [ 8.49466, 47.39527 ], [ 8.49466, 47.39527 ] ] ] } },
{ "type": "Feature", "properties": { "id": 78, "population": 0 }, "geometry": { "type": "Polygon", "coordinates": [ [ [ 8.49722, 47.4113 ], [ 8.49744, 47.40958 ], [ 8.49984, 47.40895 ], [ 8.50202, 47.41005 ], [ 8.50179, 47.41178 ], [ 8.49939, 47.41241 ], [ 8.49722, 47.4113 ], [ 8.49722, 47.4113 ] ] ] } },
{ "type": "Feature", "properties": { "id": 79, "population": 0 }, "geometry": { "type": "Polygon", "coordinates": [ [ [ 8.47058, 47.36647 ], [ 8.4708, 47.36474 ], [ 8.4732, 47.36412 ], [ 8.47537, 47.36522 ], [ 8.47515, 47.36695 ], [ 8.47275, 47.36757 ], [ 8.47058, 47.36647 ], [ 8.47058, 47.36647 ] ] ] } },
{ "type": "Feature", "properties": { "id": 80, "population": 832 }, "geometry": { "type": "Polygon", "coordinates": [ [ [ 8.55225, 47.38024 ], [ 8.55247, 47.37852 ], [ 8.55487, 47.37789 ], [ 8.55704, 47.37899 ], [ 8.55682, 47.38072 ], [ 8.55442, 47.38135 ], [ 8.55225, 47.38024 ], [ 8.55225, 47.38024 ] ] ] } },
{ "type": "Feature", "properties": { "id": 81, "population": 29 }, "geometry": { "type": "Polygon", "coordinates": [ [ [ 8.6033, 47.36188 ], [ 8.60352, 47.36015 ], [ 8.60592, 47.35952 ], [ 8.6081, 47.36062 ], [ 8.60787, 47.36235 ], [ 8.60547, 47.36298 ], [ 8.6033, 47.36188 ], [ 8.6033, 47.36188 ] ] ] } },
{ "type": "Feature", "properties": { "id": 82, "population": 518 }, "geometry": { "type": "Polygon", "coordinates": [ [ [ 8.5614, 47.3812 ], [ 8.56162, 47.37947 ], [ 8.56402, 47.37884 ], [ 8.5662, 47.37994 ], [ 8.56597, 47.38167 ], [ 8.56358, 47.3823 ], [ 8.5614, 47.3812 ], [ 8.5614, 47.3812 ] ] ] } },
{ "type": "Feature", "properties": { "id": 83, "population": 1059 }, "geometry": { "type": "Polygon", "coordinates": [ [ [ 8.51888, 47.38729 ], [ 8.5191, 47.38556 ], [ 8.5215, 47.38493 ], [ 8.52367, 47.38603 ], [ 8.52345, 47.38776 ], [ 8.52105, 47.38839 ], [ 8.51888, 47.38729 ], [ 8.51888, 47.38729 ] ] ] } },
{ "type": "Feature", "properties": { "id": 84, "population": 861 }, "geometry": { "type": "Polygon", "coordinates": [ [ [ 8.58815, 47.40762 ], [ 8.58837, 47.4059 ], [ 8.59077, 47.40527 ], [ 8.59295, 47.40637 ], [ 8.59273, 47.4081 ], [ 8.59033, 47.40873 ], [ 8.58815, 47.40762 ], [ 8.58815, 47.40762 ] ] ] } },
{ "type": "Feature", "properties": { "id": 85, "population": 659 }, "geometry": { "type": "Polygon", "coordinates": [ [ [ 8.53333, 47.36513 ], [ 8.53355, 47.3634 ], [ 8.53595, 47.36278 ], [ 8.53813, 47.36388 ], [ 8.5379, 47.36561 ], [ 8.5355, 47.36624 ], [ 8.53333, 47.36513 ], [ 8.53333, 47.36513 ] ] ] } },
{ "type": "Feature", "properties": { "id": 86, "population": 568 }, "geometry": { "type": "Polygon", "coordinates": [ [ [ 8.53579, 47.41795 ], [ 8.53601, 47.41622 ], [ 8.53841, 47.4156 ], [ 8.54059, 47.4167 ], [ 8.54036, 47.41843 ], [ 8.53796, 47.41906 ], [ 8.53579, 47.41795 ], [ 8.53579, 47.41795 ] ] ] } },
{ "type": "Feature", "properties": { "id": 87, "population": 1023 }, "geometry": { "type": "Polygon", "coordinates": [ [ [ 8.54834, 47.37458 ], [ 8.54856, 47.37285 ], [ 8.55096, 47.37222 ], [ 8.55314, 47.37333 ], [ 8.55291, 47.37506 ], [ 8.55051, 47.37568 ], [ 8.54834, 47.37458 ], [ 8.54834, 47.37458 ] ] ] } },
{ "type": "Feature", "properties": { "id": 88, "population": 73 }, "geometry": { "type": "Polygon", "coordinates": [ [ [ 8.51088, 47.43112 ], [ 8.51111, 47.42939 ], [ 8.51351, 47.42877 ], [ 8.51569, 47.42987 ], [ 8.51546, 47.4316 ], [ 8.51306, 47.43222 ], [ 8.51088, 47.43112 ], [ 8.51088, 47.43112 ] ] ] } },
{ "type": "Feature", "properties": { "id": 89, "population": 337 }, "geometry": { "type": "Polygon", "coordinates": [ [ [ 8.59939, 47.35621 ], [ 8.59961, 47.35448 ], [ 8.60201, 47.35385 ], [ 8.60418, 47.35496 ], [ 8.60396, 47.35669 ], [ 8.60156, 47.35731 ], [ 8.59939, 47.35621 ], [ 8.59939, 47.35621 ] ] ] } },
{ "type": "Feature", "properties": { "id": 90, "population": 0 }, "geometry": { "type": "Polygon", "coordinates": [ [ [ 8.51882, 47.40568 ], [ 8.51904, 47.40395 ], [ 8.52144, 47.40332 ], [ 8.52362, 47.40442 ], [ 8.52339, 47.40615 ], [ 8.52099, 47.40678 ], [ 8.51882, 47.40568 ], [ 8.51882, 47.40568 ] ] ] } },
{ "type": "Feature", "properties": { "id": 91, "population": 687 }, "geometry": { "type": "Polygon", "coordinates": [ [ [ 8.57442, 47.4062 ], [ 8.57464, 47.40447 ], [ 8.57704, 47.40384 ], [ 8.57922, 47.40495 ], [ 8.57899, 47.40668 ], [ 8.57659, 47.4073 ], [ 8.57442, 47.4062 ], [ 8.57442, 47.4062 ] ] ] } },
{ "type": "Feature", "properties": { "id": 92, "population": 807 }, "geometry": { "type": "Polygon", "coordinates": [ [ [ 8.53188, 47.41229 ], [ 8.5321, 47.41056 ], [ 8.5345, 47.40994 ], [ 8.53668, 47.41104 ], [ 8.53646, 47.41277 ], [ 8.53405, 47.41339 ], [ 8.53188, 47.41229 ], [ 8.53188, 47.41229 ] ] ] } },
{ "type": "Feature", "properties": { "id": 93, "population": 0 }, "geometry": { "type": "Polygon", "coordinates": [ [ [ 8.50339, 47.32783 ], [ 8.50361, 47.3261 ], [ 8.50601, 47.32547 ], [ 8.50818, 47.32658 ], [ 8.50796, 47.32831 ], [ 8.50556, 47.32893 ], [ 8.50339, 47.32783 ], [ 8.50339, 47.32783 ] ] ] } },
{ "type": "Feature", "properties": { "id": 94, "population": 1038 }, "geometry": { "type": "Polygon", "coordinates": [ [ [ 8.547, 47.38496 ], [ 8.54722, 47.38323 ], [ 8.54962, 47.3826 ], [ 8.5518, 47.3837 ], [ 8.55158, 47.38543 ], [ 8.54918, 47.38606 ], [ 8.547, 47.38496 ], [ 8.547, 47.38496 ] ] ] } },
{ "type": "Feature", "properties": { "id": 95, "population": 575 }, "geometry": { "type": "Polygon", "coordinates": [ [ [ 8.51491, 47.40001 ], [ 8.51513, 47.39828 ], [ 8.51753, 47.39766 ], [ 8.51971, 47.39876 ], [ 8.51949, 47.40049 ], [ 8.51709, 47.40112 ], [ 8.51491, 47.40001 ], [ 8.51491, 47.40001 ] ] ] } },
{ "type": "Feature", "properties": { "id": 96, "population": 697 }, "geometry": { "type": "Polygon", "coordinates": [ [ [ 8.55296, 47.35666 ], [ 8.55319, 47.35493 ], [ 8.55559, 47.3543 ], [ 8.55776, 47.3554 ], [ 8.55754, 47.35713 ], [ 8.55514, 47.35776 ], [ 8.55296, 47.35666 ], [ 8.55296, 47.35666 ] ] ] } },
{ "type": "Feature", "properties": { "id": 97, "population": 892 }, "geometry": { "type": "Polygon", "coordinates": [ [ [ 8.47366, 47.4141 ], [ 8.47389, 47.41237 ], [ 8.47629, 47.41175 ], [ 8.47846, 47.41285 ], [ 8.47824, 47.41458 ], [ 8.47584, 47.4152 ], [ 8.47366, 47.4141 ], [ 8.47366, 47.4141 ] ] ] } },
{ "type": "Feature", "properties": { "id": 98, "population": 41 }, "geometry": { "type": "Polygon", "coordinates": [ [ [ 8.53054, 47.42266 ], [ 8.53076, 47.42093 ], [ 8.53316, 47.42031 ], [ 8.53534, 47.42141 ], [ 8.53512, 47.42314 ], [ 8.53271, 47.42376 ], [ 8.53054, 47.42266 ], [ 8.53054, 47.42266 ] ] ] } },
{ "type": "Feature", "properties": { "id": 99, "population": 287 }, "geometry": { "type": "Polygon", "coordinates": [ [ [ 8.46458, 47.39475 ], [ 8.46481, 47.39303 ], [ 8.46721, 47.3924 ], [ 8.46938, 47.39351 ], [ 8.46916, 47.39523 ], [ 8.46676, 47.39586 ], [ 8.46458, 47.39475 ], [ 8.46458, 47.39475 ] ] ] } },
{ "type": "Feature", "properties": { "id": 100, "population": 14 }, "geometry": { "type": "Polygon", "coordinates": [ [ [ 8.53601, 47.34438 ], [ 8.53623, 47.34265 ], [ 8.53863, 47.34202 ], [ 8.5408, 47.34312 ], [ 8.54058, 47.34485 ], [ 8.53818, 47.34548 ], [ 8.53601, 47.34438 ], [ 8.53601, 47.34438 ] ] ] } },
{ "type": "Feature", "properties": { "id": 101, "population": 519 }, "geometry": { "type": "Polygon", "coordinates": [ [ [ 8.51113, 47.35756 ], [ 8.51135, 47.35583 ], [ 8.51375, 47.35521 ], [ 8.51593, 47.35631 ], [ 8.5157, 47.35804 ], [ 8.5133, 47.35867 ], [ 8.51113, 47.35756 ], [ 8.51113, 47.35756 ] ] ] } },
{ "type": "Feature", "properties": { "id": 102, "population": 46 }, "geometry": { "type": "Polygon", "coordinates": [ [ [ 8.48342, 47.42825 ], [ 8.48364, 47.42653 ], [ 8.48605, 47.4259 ], [ 8.48822, 47.427 ], [ 8.488, 47.42873 ], [ 8.4856, 47.42936 ], [ 8.48342, 47.42825 ], [ 8.48342, 47.42825 ] ] ] } },
{ "type": "Feature", "properties": { "id": 103, "population": 0 }, "geometry": { "type": "Polygon", "coordinates": [ [ [ 8.55482, 47.39628 ], [ 8.55504, 47.39455 ], [ 8.55744, 47.39393 ], [ 8.55962, 47.39503 ], [ 8.55939, 47.39676 ], [ 8.55699, 47.39738 ], [ 8.55482, 47.39628 ], [ 8.55482, 47.39628 ] ] ] } },
{ "type": "Feature", "properties": { "id": 104, "population": 710 }, "geometry": { "type": "Polygon", "coordinates": [ [ [ 8.56273, 47.37082 ], [ 8.56296, 47.36909 ], [ 8.56536, 47.36846 ], [ 8.56753, 47.36956 ], [ 8.56731, 47.37129 ], [ 8.56491, 47.37192 ], [ 8.56273, 47.37082 ], [ 8.56273, 47.37082 ] ] ] } },
{ "type": "Feature", "properties": { "id": 105, "population": 34 }, "geometry": { "type": "Polygon", "coordinates": [ [ [ 8.4771, 47.36978 ], [ 8.47732, 47.36805 ], [ 8.47972, 47.36743 ], [ 8.4819, 47.36853 ], [ 8.48167, 47.37026 ], [ 8.47927, 47.37089 ], [ 8.4771, 47.36978 ], [ 8.4771, 47.36978 ] ] ] } },
{ "type": "Feature", "properties": { "id": 106, "population": 25 }, "geometry": { "type": "Polygon", "coordinates": [ [ [ 8.55873, 47.40194 ], [ 8.55895, 47.40022 ], [ 8.56135, 47.39959 ], [ 8.56353, 47.40069 ], [ 8.5633, 47.40242 ], [ 8.5609, 47.40305 ], [ 8.55873, 47.40194 ], [ 8.55873, 47.40194 ] ] ] } },
{ "type": "Feature", "properties": { "id": 107, "population": 1029 }, "geometry": { "type": "Polygon", "coordinates": [ [ [ 8.51564, 47.37644 ], [ 8.51587, 47.37471 ], [ 8.51826, 47.37408 ], [ 8.52044, 47.37518 ], [ 8.52022, 47.37691 ], [ 8.51782, 47.37754 ], [ 8.51564, 47.37644 ], [ 8.51564, 47.37644 ] ] ] } },
{ "type": "Feature", "properties": { "id": 108, "population": 796 }, "geometry": { "type": "Polygon", "coordinates": [ [ [ 8.54772, 47.36137 ], [ 8.54794, 47.35964 ], [ 8.55034, 47.35902 ], [ 8.55252, 47.36012 ], [ 8.5523, 47.36185 ], [ 8.5499, 47.36247 ], [ 8.54772, 47.36137 ], [ 8.54772, 47.36137 ] ] ] } },
{ "type": "Feature", "properties": { "id": 109, "population": 0 }, "geometry": { "type": "Polygon", "coordinates": [ [ [ 8.4732, 47.36412 ], [ 8.47342, 47.36239 ], [ 8.47582, 47.36176 ], [ 8.478, 47.36287 ], [ 8.47777, 47.36459 ], [ 8.47537, 47.36522 ], [ 8.4732, 47.36412 ], [ 8.4732, 47.36412 ] ] ] } },
{ "type": "Feature", "properties": { "id": 110, "population": 823 }, "geometry": { "type": "Polygon", "coordinates": [ [ [ 8.50448, 47.39104 ], [ 8.5047, 47.38931 ], [ 8.5071, 47.38869 ], [ 8.50928, 47.38979 ], [ 8.50905, 47.39152 ], [ 8.50665, 47.39214 ], [ 8.50448, 47.39104 ], [ 8.50448, 47.39104 ] ] ] } },
{ "type": "Feature", "properties": { "id": 111, "population": 737 }, "geometry": { "type": "Polygon", "coordinates": [ [ [ 8.54371, 47.3925 ], [ 8.54393, 47.39077 ], [ 8.54633, 47.39014 ], [ 8.54851, 47.39125 ], [ 8.54829, 47.39298 ], [ 8.54589, 47.3936 ], [ 8.54371, 47.3925 ], [ 8.54371, 47.3925 ] ] ] } },
{ "type": "Feature", "properties": { "id": 112, "population": 664 }, "geometry": { "type": "Polygon", "coordinates": [ [ [ 8.49869, 47.36415 ], [ 8.49891, 47.36242 ], [ 8.50131, 47.3618 ], [ 8.50349, 47.3629 ], [ 8.50326, 47.36463 ], [ 8.50086, 47.36525 ], [ 8.49869, 47.36415 ], [ 8.49869, 47.36415 ] ] ] } },
{ "type": "Feature", "properties": { "id": 113, "population": 61 }, "geometry": { "type": "Polygon", "coordinates": [ [ [ 8.52401, 47.41935 ], [ 8.52423, 47.41763 ], [ 8.52663, 47.417 ], [ 8.52881, 47.4181 ], [ 8.52858, 47.41983 ], [ 8.52618, 47.42046 ], [ 8.52401, 47.41935 ], [ 8.52401, 47.41935 ] ] ] } },
{ "type": "Feature", "properties": { "id": 114, "population": 774 }, "geometry": { "type": "Polygon", "coordinates": [ [ [ 8.50064, 47.36698 ], [ 8.50086, 47.36525 ], [ 8.50326, 47.36463 ], [ 8.50544, 47.36573 ], [ 8.50521, 47.36746 ], [ 8.50281, 47.36809 ], [ 8.50064, 47.36698 ], [ 8.50064, 47.36698 ] ] ] } },
{ "type": "Feature", "properties": { "id": 115, "population": 313 }, "geometry": { "type": "Polygon", "coordinates": [ [ [ 8.51838, 47.33728 ], [ 8.51861, 47.33555 ], [ 8.521, 47.33493 ], [ 8.52318, 47.33603 ], [ 8.52296, 47.33776 ], [ 8.52056, 47.33839 ], [ 8.51838, 47.33728 ], [ 8.51838, 47.33728 ] ] ] } },
{ "type": "Feature", "properties": { "id": 116, "population": 168 }, "geometry": { "type": "Polygon", "coordinates": [ [ [ 8.47313, 47.38251 ], [ 8.47335, 47.38078 ], [ 8.47575, 47.38016 ], [ 8.47793, 47.38126 ], [ 8.4777, 47.38299 ], [ 8.4753, 47.38361 ], [ 8.47313, 47.38251 ], [ 8.47313, 47.38251 ] ] ] } },
{ "type": "Feature", "properties": { "id": 117, "population": 496 }, "geometry": { "type": "Polygon", "coordinates": [ [ [ 8.56016, 47.35478 ], [ 8.56038, 47.35305 ], [ 8.56278, 47.35242 ], [ 8.56496, 47.35352 ], [ 8.56474, 47.35525 ], [ 8.56234, 47.35588 ], [ 8.56016, 47.35478 ], [ 8.56016, 47.35478 ] ] ] } },
{ "type": "Feature", "properties": { "id": 118, "population": 1050 }, "geometry": { "type": "Polygon", "coordinates": [ [ [ 8.50058, 47.38538 ], [ 8.5008, 47.38365 ], [ 8.5032, 47.38302 ], [ 8.50537, 47.38413 ], [ 8.50515, 47.38585 ], [ 8.50275, 47.38648 ], [ 8.50058, 47.38538 ], [ 8.50058, 47.38538 ] ] ] } },
{ "type": "Feature", "properties": { "id": 119, "population": 0 }, "geometry": { "type": "Polygon", "coordinates": [ [ [ 8.51619, 47.40803 ], [ 8.51642, 47.4063 ], [ 8.51882, 47.40568 ], [ 8.52099, 47.40678 ], [ 8.52077, 47.40851 ], [ 8.51837, 47.40913 ], [ 8.51619, 47.40803 ], [ 8.51619, 47.40803 ] ] ] } },
{ "type": "Feature", "properties": { "id": 120, "population": 0 }, "geometry": { "type": "Polygon", "coordinates": [ [ [ 8.48369, 47.3547 ], [ 8.48391, 47.35297 ], [ 8.48631, 47.35234 ], [ 8.48849, 47.35345 ], [ 8.48826, 47.35518 ], [ 8.48586, 47.3558 ], [ 8.48369, 47.3547 ], [ 8.48369, 47.3547 ] ] ] } },
{ "type": "Feature", "properties": { "id": 121, "population": 1035 }, "geometry": { "type": "Polygon", "coordinates": [ [ [ 8.5104, 47.38115 ], [ 8.51062, 47.37942 ], [ 8.51302, 47.37879 ], [ 8.51519, 47.37989 ], [ 8.51497, 47.38162 ], [ 8.51257, 47.38225 ], [ 8.5104, 47.38115 ], [ 8.5104, 47.38115 ] ] ] } },
{ "type": "Feature", "properties": { "id": 122, "population": 0 }, "geometry": { "type": "Polygon", "coordinates": [ [ [ 8.50467, 47.33585 ], [ 8.50489, 47.33412 ], [ 8.50729, 47.3335 ], [ 8.50946, 47.3346 ], [ 8.50924, 47.33633 ], [ 8.50684, 47.33696 ], [ 8.50467, 47.33585 ], [ 8.50467, 47.33585 ] ] ] } },
{ "type": "Feature", "properties": { "id": 123, "population": 241 }, "geometry": { "type": "Polygon", "coordinates": [ [ [ 8.49062, 47.42638 ], [ 8.49085, 47.42465 ], [ 8.49325, 47.42403 ], [ 8.49542, 47.42513 ], [ 8.4952, 47.42686 ], [ 8.4928, 47.42748 ], [ 8.49062, 47.42638 ], [ 8.49062, 47.42638 ] ] ] } },
{ "type": "Feature", "properties": { "id": 124, "population": 0 }, "geometry": { "type": "Polygon", "coordinates": [ [ [ 8.46923, 47.37684 ], [ 8.46945, 47.37512 ], [ 8.47185, 47.37449 ], [ 8.47403, 47.37559 ], [ 8.4738, 47.37732 ], [ 8.4714, 47.37795 ], [ 8.46923, 47.37684 ], [ 8.46923, 47.37684 ] ] ] } },
{ "type": "Feature", "properties": { "id": 125, "population": 485 }, "geometry": { "type": "Polygon", "coordinates": [ [ [ 8.49923, 47.39575 ], [ 8.49946, 47.39402 ], [ 8.50186, 47.3934 ], [ 8.50403, 47.3945 ], [ 8.50381, 47.39623 ], [ 8.50141, 47.39685 ], [ 8.49923, 47.39575 ], [ 8.49923, 47.39575 ] ] ] } },
{ "type": "Feature", "properties": { "id": 126, "population": 810 }, "geometry": { "type": "Polygon", "coordinates": [ [ [ 8.53138, 47.3623 ], [ 8.5316, 47.36057 ], [ 8.534, 47.35994 ], [ 8.53617, 47.36105 ], [ 8.53595, 47.36278 ], [ 8.53355, 47.3634 ], [ 8.53138, 47.3623 ], [ 8.53138, 47.3623 ] ] ] } },
{ "type": "Feature", "properties": { "id": 127, "population": 517 }, "geometry": { "type": "Polygon", "coordinates": [ [ [ 8.55821, 47.35194 ], [ 8.55843, 47.35021 ], [ 8.56083, 47.34959 ], [ 8.563, 47.35069 ], [ 8.56278, 47.35242 ], [ 8.56038, 47.35305 ], [ 8.55821, 47.35194 ], [ 8.55821, 47.35194 ] ] ] } },
{ "type": "Feature", "properties": { "id": 128, "population": 57 }, "geometry": { "type": "Polygon", "coordinates": [ [ [ 8.51229, 47.40237 ], [ 8.51251, 47.40064 ], [ 8.51491, 47.40001 ], [ 8.51709, 47.40112 ], [ 8.51686, 47.40284 ], [ 8.51446, 47.40347 ], [ 8.51229, 47.40237 ], [ 8.51229, 47.40237 ] ] ] } },
{ "type": "Feature", "properties": { "id": 129, "population": 919 }, "geometry": { "type": "Polygon", "coordinates": [ [ [ 8.49667, 47.37971 ], [ 8.4969, 47.37798 ], [ 8.4993, 47.37736 ], [ 8.50147, 47.37846 ], [ 8.50125, 47.38019 ], [ 8.49885, 47.38082 ], [ 8.49667, 47.37971 ], [ 8.49667, 47.37971 ] ] ] } },
{ "type": "Feature", "properties": { "id": 130, "population": 84 }, "geometry": { "type": "Polygon", "coordinates": [ [ [ 8.52987, 47.42785 ], [ 8.53009, 47.42612 ], [ 8.53249, 47.42549 ], [ 8.53467, 47.42659 ], [ 8.53445, 47.42832 ], [ 8.53204, 47.42895 ], [ 8.52987, 47.42785 ], [ 8.52987, 47.42785 ] ] ] } },
{ "type": "Feature", "properties": { "id": 131, "population": 0 }, "geometry": { "type": "Polygon", "coordinates": [ [ [ 8.57646, 47.37224 ], [ 8.57668, 47.37051 ], [ 8.57908, 47.36989 ], [ 8.58126, 47.37099 ], [ 8.58104, 47.37272 ], [ 8.57864, 47.37335 ], [ 8.57646, 47.37224 ], [ 8.57646, 47.37224 ] ] ] } },
{ "type": "Feature", "properties": { "id": 132, "population": 32 }, "geometry": { "type": "Polygon", "coordinates": [ [ [ 8.51442, 47.35002 ], [ 8.51464, 47.34829 ], [ 8.51704, 47.34766 ], [ 8.51922, 47.34876 ], [ 8.51899, 47.35049 ], [ 8.5166, 47.35112 ], [ 8.51442, 47.35002 ], [ 8.51442, 47.35002 ] ] ] } },
{ "type": "Feature", "properties": { "id": 133, "population": 0 }, "geometry": { "type": "Polygon", "coordinates": [ [ [ 8.51637, 47.35285 ], [ 8.5166, 47.35112 ], [ 8.51899, 47.35049 ], [ 8.52117, 47.3516 ], [ 8.52095, 47.35333 ], [ 8.51855, 47.35395 ], [ 8.51637, 47.35285 ], [ 8.51637, 47.35285 ] ] ] } },
{ "type": "Feature", "properties": { "id": 134, "population": 89 }, "geometry": { "type": "Polygon", "coordinates": [ [ [ 8.51223, 47.42075 ], [ 8.51245, 47.41903 ], [ 8.51485, 47.4184 ], [ 8.51703, 47.4195 ], [ 8.5168, 47.42123 ], [ 8.5144, 47.42186 ], [ 8.51223, 47.42075 ], [ 8.51223, 47.42075 ] ] ] } },
{ "type": "Feature", "properties": { "id": 135, "population": 0 }, "geometry": { "type": "Polygon", "coordinates": [ [ [ 8.46593, 47.38438 ], [ 8.46616, 47.38266 ], [ 8.46856, 47.38203 ], [ 8.47073, 47.38313 ], [ 8.47051, 47.38486 ], [ 8.46811, 47.38549 ], [ 8.46593, 47.38438 ], [ 8.46593, 47.38438 ] ] ] } },
{ "type": "Feature", "properties": { "id": 136, "population": 947 }, "geometry": { "type": "Polygon", "coordinates": [ [ [ 8.54505, 47.38212 ], [ 8.54527, 47.3804 ], [ 8.54767, 47.37977 ], [ 8.54985, 47.38087 ], [ 8.54962, 47.3826 ], [ 8.54722, 47.38323 ], [ 8.54505, 47.38212 ], [ 8.54505, 47.38212 ] ] ] } },
{ "type": "Feature", "properties": { "id": 137, "population": 0 }, "geometry": { "type": "Polygon", "coordinates": [ [ [ 8.52596, 47.42218 ], [ 8.52618, 47.42046 ], [ 8.52858, 47.41983 ], [ 8.53076, 47.42093 ], [ 8.53054, 47.42266 ], [ 8.52814, 47.42329 ], [ 8.52596, 47.42218 ], [ 8.52596, 47.42218 ] ] ] } },
{ "type": "Feature", "properties": { "id": 138, "population": 193 }, "geometry": { "type": "Polygon", "coordinates": [ [ [ 8.5961, 47.36376 ], [ 8.59632, 47.36203 ], [ 8.59872, 47.3614 ], [ 8.6009, 47.3625 ], [ 8.60068, 47.36423 ], [ 8.59828, 47.36486 ], [ 8.5961, 47.36376 ], [ 8.5961, 47.36376 ] ] ] } },
{ "type": "Feature", "properties": { "id": 139, "population": 0 }, "geometry": { "type": "Polygon", "coordinates": [ [ [ 8.58624, 47.3864 ], [ 8.58646, 47.38467 ], [ 8.58886, 47.38404 ], [ 8.59104, 47.38514 ], [ 8.59082, 47.38687 ], [ 8.58842, 47.3875 ], [ 8.58624, 47.3864 ], [ 8.58624, 47.3864 ] ] ] } },
{ "type": "Feature", "properties": { "id": 140, "population": 486 }, "geometry": { "type": "Polygon", "coordinates": [ [ [ 8.53277, 47.33352 ], [ 8.53299, 47.33179 ], [ 8.53539, 47.33116 ], [ 8.53757, 47.33227 ], [ 8.53734, 47.334 ], [ 8.53495, 47.33462 ], [ 8.53277, 47.33352 ], [ 8.53277, 47.33352 ] ] ] } },
{ "type": "Feature", "properties": { "id": 141, "population": 0 }, "geometry": { "type": "Polygon", "coordinates": [ [ [ 8.49942, 47.34056 ], [ 8.49965, 47.33884 ], [ 8.50204, 47.33821 ], [ 8.50422, 47.33931 ], [ 8.504, 47.34104 ], [ 8.5016, 47.34167 ], [ 8.49942, 47.34056 ], [ 8.49942, 47.34056 ] ] ] } },
{ "type": "Feature", "properties": { "id": 142, "population": 910 }, "geometry": { "type": "Polygon", "coordinates": [ [ [ 8.53389, 47.39673 ], [ 8.53411, 47.395 ], [ 8.53651, 47.39438 ], [ 8.53869, 47.39548 ], [ 8.53846, 47.39721 ], [ 8.53606, 47.39784 ], [ 8.53389, 47.39673 ], [ 8.53389, 47.39673 ] ] ] } },
{ "type": "Feature", "properties": { "id": 143, "population": 263 }, "geometry": { "type": "Polygon", "coordinates": [ [ [ 8.57913, 47.35149 ], [ 8.57935, 47.34976 ], [ 8.58175, 47.34913 ], [ 8.58393, 47.35023 ], [ 8.5837, 47.35196 ], [ 8.5813, 47.35259 ], [ 8.57913, 47.35149 ], [ 8.57913, 47.35149 ] ] ] } },
{ "type": "Feature", "properties": { "id": 144, "population": 1031 }, "geometry": { "type": "Polygon", "coordinates": [ [ [ 8.53004, 47.37268 ], [ 8.53026, 47.37095 ], [ 8.53266, 47.37032 ], [ 8.53483, 47.37142 ], [ 8.53461, 47.37315 ], [ 8.53221, 47.37378 ], [ 8.53004, 47.37268 ], [ 8.53004, 47.37268 ] ] ] } },
{ "type": "Feature", "properties": { "id": 145, "population": 263 }, "geometry": { "type": "Polygon", "coordinates": [ [ [ 8.58237, 47.36234 ], [ 8.58259, 47.36061 ], [ 8.58499, 47.35998 ], [ 8.58717, 47.36108 ], [ 8.58695, 47.36281 ], [ 8.58455, 47.36344 ], [ 8.58237, 47.36234 ], [ 8.58237, 47.36234 ] ] ] } },
{ "type": "Feature", "properties": { "id": 146, "population": 845 }, "geometry": { "type": "Polygon", "coordinates": [ [ [ 8.52998, 47.39107 ], [ 8.5302, 47.38934 ], [ 8.5326, 47.38872 ], [ 8.53478, 47.38982 ], [ 8.53456, 47.39155 ], [ 8.53216, 47.39217 ], [ 8.52998, 47.39107 ], [ 8.52998, 47.39107 ] ] ] } },
{ "type": "Feature", "properties": { "id": 147, "population": 941 }, "geometry": { "type": "Polygon", "coordinates": [ [ [ 8.54561, 47.41372 ], [ 8.54583, 47.41199 ], [ 8.54823, 47.41137 ], [ 8.55041, 47.41247 ], [ 8.55019, 47.4142 ], [ 8.54779, 47.41482 ], [ 8.54561, 47.41372 ], [ 8.54561, 47.41372 ] ] ] } },
{ "type": "Feature", "properties": { "id": 148, "population": 225 }, "geometry": { "type": "Polygon", "coordinates": [ [ [ 8.5654, 47.35006 ], [ 8.56563, 47.34833 ], [ 8.56802, 47.3477 ], [ 8.5702, 47.34881 ], [ 8.56998, 47.35054 ], [ 8.56758, 47.35116 ], [ 8.5654, 47.35006 ], [ 8.5654, 47.35006 ] ] ] } },
{ "type": "Feature", "properties": { "id": 149, "population": 643 }, "geometry": { "type": "Polygon", "coordinates": [ [ [ 8.53774, 47.42078 ], [ 8.53796, 47.41906 ], [ 8.54036, 47.41843 ], [ 8.54254, 47.41953 ], [ 8.54232, 47.42126 ], [ 8.53992, 47.42189 ], [ 8.53774, 47.42078 ], [ 8.53774, 47.42078 ] ] ] } },
{ "type": "Feature", "properties": { "id": 150, "population": 606 }, "geometry": { "type": "Polygon", "coordinates": [ [ [ 8.47246, 47.38769 ], [ 8.47268, 47.38597 ], [ 8.47508, 47.38534 ], [ 8.47725, 47.38644 ], [ 8.47703, 47.38817 ], [ 8.47463, 47.3888 ], [ 8.47246, 47.38769 ], [ 8.47246, 47.38769 ] ] ] } },
{ "type": "Feature", "properties": { "id": 151, "population": 0 }, "geometry": { "type": "Polygon", "coordinates": [ [ [ 8.59215, 47.3765 ], [ 8.59237, 47.37477 ], [ 8.59477, 47.37414 ], [ 8.59695, 47.37524 ], [ 8.59672, 47.37697 ], [ 8.59433, 47.3776 ], [ 8.59215, 47.3765 ], [ 8.59215, 47.3765 ] ] ] } },
{ "type": "Feature", "properties": { "id": 152, "population": 479 }, "geometry": { "type": "Polygon", "coordinates": [ [ [ 8.52864, 47.40144 ], [ 8.52886, 47.39971 ], [ 8.53126, 47.39909 ], [ 8.53344, 47.40019 ], [ 8.53322, 47.40192 ], [ 8.53082, 47.40255 ], [ 8.52864, 47.40144 ], [ 8.52864, 47.40144 ] ] ] } },
{ "type": "Feature", "properties": { "id": 153, "population": 58 }, "geometry": { "type": "Polygon", "coordinates": [ [ [ 8.57517, 47.36422 ], [ 8.5754, 47.36249 ], [ 8.5778, 47.36186 ], [ 8.57997, 47.36297 ], [ 8.57975, 47.3647 ], [ 8.57735, 47.36532 ], [ 8.57517, 47.36422 ], [ 8.57517, 47.36422 ] ] ] } },
{ "type": "Feature", "properties": { "id": 154, "population": 366 }, "geometry": { "type": "Polygon", "coordinates": [ [ [ 8.5778, 47.36186 ], [ 8.57802, 47.36013 ], [ 8.58042, 47.35951 ], [ 8.58259, 47.36061 ], [ 8.58237, 47.36234 ], [ 8.57997, 47.36297 ], [ 8.5778, 47.36186 ], [ 8.5778, 47.36186 ] ] ] } },
{ "type": "Feature", "properties": { "id": 155, "population": 0 }, "geometry": { "type": "Polygon", "coordinates": [ [ [ 8.46856, 47.38203 ], [ 8.46878, 47.3803 ], [ 8.47118, 47.37968 ], [ 8.47335, 47.38078 ], [ 8.47313, 47.38251 ], [ 8.47073, 47.38313 ], [ 8.46856, 47.38203 ], [ 8.46856, 47.38203 ] ] ] } },
{ "type": "Feature", "properties": { "id": 156, "population": 720 }, "geometry": { "type": "Polygon", "coordinates": [ [ [ 8.48154, 47.40704 ], [ 8.48176, 47.40531 ], [ 8.48416, 47.40469 ], [ 8.48634, 47.40579 ], [ 8.48611, 47.40752 ], [ 8.48371, 47.40814 ], [ 8.48154, 47.40704 ], [ 8.48154, 47.40704 ] ] ] } },
{ "type": "Feature", "properties": { "id": 157, "population": 0 }, "geometry": { "type": "Polygon", "coordinates": [ [ [ 8.57713, 47.36705 ], [ 8.57735, 47.36532 ], [ 8.57975, 47.3647 ], [ 8.58193, 47.3658 ], [ 8.5817, 47.36753 ], [ 8.57931, 47.36816 ], [ 8.57713, 47.36705 ], [ 8.57713, 47.36705 ] ] ] } },
{ "type": "Feature", "properties": { "id": 158, "population": 346 }, "geometry": { "type": "Polygon", "coordinates": [ [ [ 8.56083, 47.34959 ], [ 8.56105, 47.34786 ], [ 8.56345, 47.34723 ], [ 8.56563, 47.34833 ], [ 8.5654, 47.35006 ], [ 8.563, 47.35069 ], [ 8.56083, 47.34959 ], [ 8.56083, 47.34959 ] ] ] } },
{ "type": "Feature", "properties": { "id": 159, "population": 984 }, "geometry": { "type": "Polygon", "coordinates": [ [ [ 8.51101, 47.39435 ], [ 8.51123, 47.39262 ], [ 8.51363, 47.392 ], [ 8.51581, 47.3931 ], [ 8.51558, 47.39483 ], [ 8.51318, 47.39545 ], [ 8.51101, 47.39435 ], [ 8.51101, 47.39435 ] ] ] } },
{ "type": "Feature", "properties": { "id": 160, "population": 475 }, "geometry": { "type": "Polygon", "coordinates": [ [ [ 8.56278, 47.35242 ], [ 8.563, 47.35069 ], [ 8.5654, 47.35006 ], [ 8.56758, 47.35116 ], [ 8.56736, 47.35289 ], [ 8.56496, 47.35352 ], [ 8.56278, 47.35242 ], [ 8.56278, 47.35242 ] ] ] } },
{ "type": "Feature", "properties": { "id": 161, "population": 290 }, "geometry": { "type": "Polygon", "coordinates": [ [ [ 8.52663, 47.417 ], [ 8.52685, 47.41527 ], [ 8.52925, 47.41465 ], [ 8.53143, 47.41575 ], [ 8.53121, 47.41748 ], [ 8.52881, 47.4181 ], [ 8.52663, 47.417 ], [ 8.52663, 47.417 ] ] ] } },
{ "type": "Feature", "properties": { "id": 162, "population": 85 }, "geometry": { "type": "Polygon", "coordinates": [ [ [ 8.51375, 47.35521 ], [ 8.51397, 47.35348 ], [ 8.51637, 47.35285 ], [ 8.51855, 47.35395 ], [ 8.51832, 47.35568 ], [ 8.51593, 47.35631 ], [ 8.51375, 47.35521 ], [ 8.51375, 47.35521 ] ] ] } },
{ "type": "Feature", "properties": { "id": 163, "population": 483 }, "geometry": { "type": "Polygon", "coordinates": [ [ [ 8.46721, 47.3924 ], [ 8.46743, 47.39067 ], [ 8.46983, 47.39005 ], [ 8.47201, 47.39115 ], [ 8.47178, 47.39288 ], [ 8.46938, 47.39351 ], [ 8.46721, 47.3924 ], [ 8.46721, 47.3924 ] ] ] } },
{ "type": "Feature", "properties": { "id": 164, "population": 0 }, "geometry": { "type": "Polygon", "coordinates": [ [ [ 8.47952, 47.42259 ], [ 8.47974, 47.42086 ], [ 8.48214, 47.42024 ], [ 8.48432, 47.42134 ], [ 8.48409, 47.42307 ], [ 8.48169, 47.42369 ], [ 8.47952, 47.42259 ], [ 8.47952, 47.42259 ] ] ] } },
{ "type": "Feature", "properties": { "id": 165, "population": 0 }, "geometry": { "type": "Polygon", "coordinates": [ [ [ 8.57255, 47.36658 ], [ 8.57277, 47.36485 ], [ 8.57517, 47.36422 ], [ 8.57735, 47.36532 ], [ 8.57713, 47.36705 ], [ 8.57473, 47.36768 ], [ 8.57255, 47.36658 ], [ 8.57255, 47.36658 ] ] ] } },
{ "type": "Feature", "properties": { "id": 166, "population": 633 }, "geometry": { "type": "Polygon", "coordinates": [ [ [ 8.4882, 47.37357 ], [ 8.48842, 47.37184 ], [ 8.49082, 47.37122 ], [ 8.49299, 47.37232 ], [ 8.49277, 47.37405 ], [ 8.49037, 47.37467 ], [ 8.4882, 47.37357 ], [ 8.4882, 47.37357 ] ] ] } },
{ "type": "Feature", "properties": { "id": 167, "population": 793 }, "geometry": { "type": "Polygon", "coordinates": [ [ [ 8.49728, 47.39292 ], [ 8.4975, 47.39119 ], [ 8.4999, 47.39056 ], [ 8.50208, 47.39167 ], [ 8.50186, 47.3934 ], [ 8.49946, 47.39402 ], [ 8.49728, 47.39292 ], [ 8.49728, 47.39292 ] ] ] } },
{ "type": "Feature", "properties": { "id": 168, "population": 0 }, "geometry": { "type": "Polygon", "coordinates": [ [ [ 8.49875, 47.34575 ], [ 8.49898, 47.34402 ], [ 8.50137, 47.3434 ], [ 8.50355, 47.3445 ], [ 8.50332, 47.34623 ], [ 8.50093, 47.34686 ], [ 8.49875, 47.34575 ], [ 8.49875, 47.34575 ] ] ] } },
{ "type": "Feature", "properties": { "id": 169, "population": 393 }, "geometry": { "type": "Polygon", "coordinates": [ [ [ 8.47891, 47.40939 ], [ 8.47914, 47.40766 ], [ 8.48154, 47.40704 ], [ 8.48371, 47.40814 ], [ 8.48349, 47.40987 ], [ 8.48109, 47.4105 ], [ 8.47891, 47.40939 ], [ 8.47891, 47.40939 ] ] ] } },
{ "type": "Feature", "properties": { "id": 170, "population": 431 }, "geometry": { "type": "Polygon", "coordinates": [ [ [ 8.57046, 47.41893 ], [ 8.57068, 47.4172 ], [ 8.57308, 47.41657 ], [ 8.57526, 47.41767 ], [ 8.57504, 47.4194 ], [ 8.57264, 47.42003 ], [ 8.57046, 47.41893 ], [ 8.57046, 47.41893 ] ] ] } },
{ "type": "Feature", "properties": { "id": 171, "population": 602 }, "geometry": { "type": "Polygon", "coordinates": [ [ [ 8.46983, 47.39005 ], [ 8.47006, 47.38832 ], [ 8.47246, 47.38769 ], [ 8.47463, 47.3888 ], [ 8.47441, 47.39053 ], [ 8.47201, 47.39115 ], [ 8.46983, 47.39005 ], [ 8.46983, 47.39005 ] ] ] } },
{ "type": "Feature", "properties": { "id": 172, "population": 998 }, "geometry": { "type": "Polygon", "coordinates": [ [ [ 8.52546, 47.3722 ], [ 8.52569, 47.37047 ], [ 8.52808, 47.36985 ], [ 8.53026, 47.37095 ], [ 8.53004, 47.37268 ], [ 8.52764, 47.3733 ], [ 8.52546, 47.3722 ], [ 8.52546, 47.3722 ] ] ] } },
{ "type": "Feature", "properties": { "id": 173, "population": 690 }, "geometry": { "type": "Polygon", "coordinates": [ [ [ 8.5542, 47.38308 ], [ 8.55442, 47.38135 ], [ 8.55682, 47.38072 ], [ 8.559, 47.38182 ], [ 8.55878, 47.38355 ], [ 8.55638, 47.38418 ], [ 8.5542, 47.38308 ], [ 8.5542, 47.38308 ] ] ] } },
{ "type": "Feature", "properties": { "id": 174, "population": 54 }, "geometry": { "type": "Polygon", "coordinates": [ [ [ 8.4843, 47.36791 ], [ 8.48452, 47.36618 ], [ 8.48692, 47.36555 ], [ 8.48909, 47.36665 ], [ 8.48887, 47.36838 ], [ 8.48647, 47.36901 ], [ 8.4843, 47.36791 ], [ 8.4843, 47.36791 ] ] ] } },
{ "type": "Feature", "properties": { "id": 175, "population": 899 }, "geometry": { "type": "Polygon", "coordinates": [ [ [ 8.48228, 47.38347 ], [ 8.4825, 47.38174 ], [ 8.4849, 47.38111 ], [ 8.48708, 47.38222 ], [ 8.48685, 47.38394 ], [ 8.48445, 47.38457 ], [ 8.48228, 47.38347 ], [ 8.48228, 47.38347 ] ] ] } },
{ "type": "Feature", "properties": { "id": 176, "population": 255 }, "geometry": { "type": "Polygon", "coordinates": [ [ [ 8.50899, 47.40991 ], [ 8.50922, 47.40818 ], [ 8.51162, 47.40755 ], [ 8.51379, 47.40866 ], [ 8.51357, 47.41038 ], [ 8.51117, 47.41101 ], [ 8.50899, 47.40991 ], [ 8.50899, 47.40991 ] ] ] } },
{ "type": "Feature", "properties": { "id": 177, "population": 886 }, "geometry": { "type": "Polygon", "coordinates": [ [ [ 8.55348, 47.40665 ], [ 8.5537, 47.40493 ], [ 8.5561, 47.4043 ], [ 8.55828, 47.4054 ], [ 8.55806, 47.40713 ], [ 8.55566, 47.40776 ], [ 8.55348, 47.40665 ], [ 8.55348, 47.40665 ] ] ] } },
{ "type": "Feature", "properties": { "id": 178, "population": 670 }, "geometry": { "type": "Polygon", "coordinates": [ [ [ 8.50851, 47.35992 ], [ 8.50873, 47.35819 ], [ 8.51113, 47.35756 ], [ 8.5133, 47.35867 ], [ 8.51308, 47.36039 ], [ 8.51068, 47.36102 ], [ 8.50851, 47.35992 ], [ 8.50851, 47.35992 ] ] ] } },
{ "type": "Feature", "properties": { "id": 179, "population": 804 }, "geometry": { "type": "Polygon", "coordinates": [ [ [ 8.56655, 47.41327 ], [ 8.56677, 47.41154 ], [ 8.56917, 47.41091 ], [ 8.57135, 47.41201 ], [ 8.57113, 47.41374 ], [ 8.56872, 47.41437 ], [ 8.56655, 47.41327 ], [ 8.56655, 47.41327 ] ] ] } },
{ "type": "Feature", "properties": { "id": 180, "population": 946 }, "geometry": { "type": "Polygon", "coordinates": [ [ [ 8.51174, 47.37077 ], [ 8.51196, 47.36904 ], [ 8.51436, 47.36842 ], [ 8.51654, 47.36952 ], [ 8.51631, 47.37125 ], [ 8.51391, 47.37187 ], [ 8.51174, 47.37077 ], [ 8.51174, 47.37077 ] ] ] } },
{ "type": "Feature", "properties": { "id": 181, "population": 0 }, "geometry": { "type": "Polygon", "coordinates": [ [ [ 8.57317, 47.37979 ], [ 8.5734, 47.37806 ], [ 8.5758, 47.37743 ], [ 8.57797, 47.37853 ], [ 8.57775, 47.38026 ], [ 8.57535, 47.38089 ], [ 8.57317, 47.37979 ], [ 8.57317, 47.37979 ] ] ] } },
{ "type": "Feature", "properties": { "id": 182, "population": 802 }, "geometry": { "type": "Polygon", "coordinates": [ [ [ 8.52948, 47.34107 ], [ 8.5297, 47.33934 ], [ 8.5321, 47.33871 ], [ 8.53428, 47.33981 ], [ 8.53405, 47.34154 ], [ 8.53166, 47.34217 ], [ 8.52948, 47.34107 ], [ 8.52948, 47.34107 ] ] ] } },
{ "type": "Feature", "properties": { "id": 183, "population": 657 }, "geometry": { "type": "Polygon", "coordinates": [ [ [ 8.48295, 47.37828 ], [ 8.48317, 47.37655 ], [ 8.48557, 47.37593 ], [ 8.48775, 47.37703 ], [ 8.48752, 47.37876 ], [ 8.48513, 47.37938 ], [ 8.48295, 47.37828 ], [ 8.48295, 47.37828 ] ] ] } },
{ "type": "Feature", "properties": { "id": 184, "population": 681 }, "geometry": { "type": "Polygon", "coordinates": [ [ [ 8.49203, 47.39763 ], [ 8.49226, 47.3959 ], [ 8.49466, 47.39527 ], [ 8.49683, 47.39637 ], [ 8.49661, 47.3981 ], [ 8.49421, 47.39873 ], [ 8.49203, 47.39763 ], [ 8.49203, 47.39763 ] ] ] } },
{ "type": "Feature", "properties": { "id": 185, "population": 355 }, "geometry": { "type": "Polygon", "coordinates": [ [ [ 8.52797, 47.40663 ], [ 8.52819, 47.4049 ], [ 8.53059, 47.40427 ], [ 8.53277, 47.40538 ], [ 8.53255, 47.40711 ], [ 8.53015, 47.40773 ], [ 8.52797, 47.40663 ], [ 8.52797, 47.40663 ] ] ] } },
{ "type": "Feature", "properties": { "id": 186, "population": 728 }, "geometry": { "type": "Polygon", "coordinates": [ [ [ 8.54957, 47.40099 ], [ 8.54979, 47.39926 ], [ 8.55219, 47.39864 ], [ 8.55437, 47.39974 ], [ 8.55415, 47.40147 ], [ 8.55175, 47.4021 ], [ 8.54957, 47.40099 ], [ 8.54957, 47.40099 ] ] ] } },
{ "type": "Feature", "properties": { "id": 187, "population": 106 }, "geometry": { "type": "Polygon", "coordinates": [ [ [ 8.49526, 47.40847 ], [ 8.49549, 47.40675 ], [ 8.49789, 47.40612 ], [ 8.50006, 47.40722 ], [ 8.49984, 47.40895 ], [ 8.49744, 47.40958 ], [ 8.49526, 47.40847 ], [ 8.49526, 47.40847 ] ] ] } },
{ "type": "Feature", "properties": { "id": 188, "population": 790 }, "geometry": { "type": "Polygon", "coordinates": [ [ [ 8.5215, 47.38493 ], [ 8.52172, 47.3832 ], [ 8.52412, 47.38258 ], [ 8.5263, 47.38368 ], [ 8.52607, 47.38541 ], [ 8.52367, 47.38603 ], [ 8.5215, 47.38493 ], [ 8.5215, 47.38493 ] ] ] } },
{ "type": "Feature", "properties": { "id": 189, "population": 0 }, "geometry": { "type": "Polygon", "coordinates": [ [ [ 8.52266, 47.42972 ], [ 8.52289, 47.42799 ], [ 8.52529, 47.42737 ], [ 8.52747, 47.42847 ], [ 8.52724, 47.4302 ], [ 8.52484, 47.43083 ], [ 8.52266, 47.42972 ], [ 8.52266, 47.42972 ] ] ] } },
{ "type": "Feature", "properties": { "id": 190, "population": 217 }, "geometry": { "type": "Polygon", "coordinates": [ [ [ 8.56926, 47.37413 ], [ 8.56949, 47.3724 ], [ 8.57189, 47.37177 ], [ 8.57406, 47.37287 ], [ 8.57384, 47.3746 ], [ 8.57144, 47.37523 ], [ 8.56926, 47.37413 ], [ 8.56926, 47.37413 ] ] ] } },
{ "type": "Feature", "properties": { "id": 191, "population": 686 }, "geometry": { "type": "Polygon", "coordinates": [ [ [ 8.58162, 47.40432 ], [ 8.58184, 47.40259 ], [ 8.58424, 47.40196 ], [ 8.58642, 47.40306 ], [ 8.5862, 47.40479 ], [ 8.5838, 47.40542 ], [ 8.58162, 47.40432 ], [ 8.58162, 47.40432 ] ] ] } },
{ "type": "Feature", "properties": { "id": 192, "population": 185 }, "geometry": { "type": "Polygon", "coordinates": [ [ [ 8.51448, 47.33162 ], [ 8.5147, 47.32989 ], [ 8.5171, 47.32926 ], [ 8.51928, 47.33036 ], [ 8.51905, 47.33209 ], [ 8.51666, 47.33272 ], [ 8.51448, 47.33162 ], [ 8.51448, 47.33162 ] ] ] } },
{ "type": "Feature", "properties": { "id": 193, "population": 979 }, "geometry": { "type": "Polygon", "coordinates": [ [ [ 8.47831, 47.39619 ], [ 8.47853, 47.39446 ], [ 8.48093, 47.39384 ], [ 8.48311, 47.39494 ], [ 8.48288, 47.39667 ], [ 8.48048, 47.39729 ], [ 8.47831, 47.39619 ], [ 8.47831, 47.39619 ] ] ] } },
{ "type": "Feature", "properties": { "id": 194, "population": 740 }, "geometry": { "type": "Polygon", "coordinates": [ [ [ 8.5862, 47.40479 ], [ 8.58642, 47.40306 ], [ 8.58882, 47.40244 ], [ 8.591, 47.40354 ], [ 8.59077, 47.40527 ], [ 8.58837, 47.4059 ], [ 8.5862, 47.40479 ], [ 8.5862, 47.40479 ] ] ] } },
{ "type": "Feature", "properties": { "id": 195, "population": 77 }, "geometry": { "type": "Polygon", "coordinates": [ [ [ 8.52602, 47.4038 ], [ 8.52624, 47.40207 ], [ 8.52864, 47.40144 ], [ 8.53082, 47.40255 ], [ 8.53059, 47.40427 ], [ 8.52819, 47.4049 ], [ 8.52602, 47.4038 ], [ 8.52602, 47.4038 ] ] ] } },
{ "type": "Feature", "properties": { "id": 196, "population": 684 }, "geometry": { "type": "Polygon", "coordinates": [ [ [ 8.50503, 47.42263 ], [ 8.50525, 47.4209 ], [ 8.50765, 47.42028 ], [ 8.50983, 47.42138 ], [ 8.5096, 47.42311 ], [ 8.5072, 47.42373 ], [ 8.50503, 47.42263 ], [ 8.50503, 47.42263 ] ] ] } },
{ "type": "Feature", "properties": { "id": 197, "population": 65 }, "geometry": { "type": "Polygon", "coordinates": [ [ [ 8.50893, 47.42829 ], [ 8.50915, 47.42656 ], [ 8.51156, 47.42594 ], [ 8.51373, 47.42704 ], [ 8.51351, 47.42877 ], [ 8.51111, 47.42939 ], [ 8.50893, 47.42829 ], [ 8.50893, 47.42829 ] ] ] } },
{ "type": "Feature", "properties": { "id": 198, "population": 0 }, "geometry": { "type": "Polygon", "coordinates": [ [ [ 8.56922, 47.39252 ], [ 8.56944, 47.39079 ], [ 8.57184, 47.39016 ], [ 8.57402, 47.39127 ], [ 8.57379, 47.393 ], [ 8.57139, 47.39362 ], [ 8.56922, 47.39252 ], [ 8.56922, 47.39252 ] ] ] } },
{ "type": "Feature", "properties": { "id": 199, "population": 636 }, "geometry": { "type": "Polygon", "coordinates": [ [ [ 8.52669, 47.39861 ], [ 8.52691, 47.39688 ], [ 8.52931, 47.39626 ], [ 8.53149, 47.39736 ], [ 8.53126, 47.39909 ], [ 8.52886, 47.39971 ], [ 8.52669, 47.39861 ], [ 8.52669, 47.39861 ] ] ] } },
{ "type": "Feature", "properties": { "id": 200, "population": 367 }, "geometry": { "type": "Polygon", "coordinates": [ [ [ 8.58228, 47.39913 ], [ 8.58251, 47.3974 ], [ 8.58491, 47.39678 ], [ 8.58708, 47.39788 ], [ 8.58686, 47.39961 ], [ 8.58446, 47.40023 ], [ 8.58228, 47.39913 ], [ 8.58228, 47.39913 ] ] ] } },
{ "type": "Feature", "properties": { "id": 201, "population": 945 }, "geometry": { "type": "Polygon", "coordinates": [ [ [ 8.52613, 47.36701 ], [ 8.52636, 47.36528 ], [ 8.52875, 47.36466 ], [ 8.53093, 47.36576 ], [ 8.53071, 47.36749 ], [ 8.52831, 47.36812 ], [ 8.52613, 47.36701 ], [ 8.52613, 47.36701 ] ] ] } },
{ "type": "Feature", "properties": { "id": 202, "population": 8 }, "geometry": { "type": "Polygon", "coordinates": [ [ [ 8.49002, 47.41318 ], [ 8.49024, 47.41145 ], [ 8.49264, 47.41083 ], [ 8.49482, 47.41193 ], [ 8.49459, 47.41366 ], [ 8.49219, 47.41428 ], [ 8.49002, 47.41318 ], [ 8.49002, 47.41318 ] ] ] } },
{ "type": "Feature", "properties": { "id": 203, "population": 477 }, "geometry": { "type": "Polygon", "coordinates": [ [ [ 8.59677, 47.35857 ], [ 8.59699, 47.35684 ], [ 8.59939, 47.35621 ], [ 8.60156, 47.35731 ], [ 8.60134, 47.35904 ], [ 8.59894, 47.35967 ], [ 8.59677, 47.35857 ], [ 8.59677, 47.35857 ] ] ] } },
{ "type": "Feature", "properties": { "id": 204, "population": 0 }, "geometry": { "type": "Polygon", "coordinates": [ [ [ 8.60721, 47.36754 ], [ 8.60743, 47.36581 ], [ 8.60983, 47.36518 ], [ 8.61201, 47.36628 ], [ 8.61179, 47.36801 ], [ 8.60939, 47.36864 ], [ 8.60721, 47.36754 ], [ 8.60721, 47.36754 ] ] ] } },
{ "type": "Feature", "properties": { "id": 205, "population": 0 }, "geometry": { "type": "Polygon", "coordinates": [ [ [ 8.56531, 47.38686 ], [ 8.56553, 47.38513 ], [ 8.56793, 47.3845 ], [ 8.57011, 47.3856 ], [ 8.56988, 47.38733 ], [ 8.56748, 47.38796 ], [ 8.56531, 47.38686 ], [ 8.56531, 47.38686 ] ] ] } },
{ "type": "Feature", "properties": { "id": 206, "population": 0 }, "geometry": { "type": "Polygon", "coordinates": [ [ [ 8.54777, 47.34297 ], [ 8.548, 47.34124 ], [ 8.55039, 47.34061 ], [ 8.55257, 47.34172 ], [ 8.55235, 47.34345 ], [ 8.54995, 47.34407 ], [ 8.54777, 47.34297 ], [ 8.54777, 47.34297 ] ] ] } },
{ "type": "Feature", "properties": { "id": 207, "population": 958 }, "geometry": { "type": "Polygon", "coordinates": [ [ [ 8.51168, 47.38916 ], [ 8.5119, 47.38743 ], [ 8.5143, 47.38681 ], [ 8.51648, 47.38791 ], [ 8.51625, 47.38964 ], [ 8.51385, 47.39027 ], [ 8.51168, 47.38916 ], [ 8.51168, 47.38916 ] ] ] } },
{ "type": "Feature", "properties": { "id": 208, "population": 706 }, "geometry": { "type": "Polygon", "coordinates": [ [ [ 8.58095, 47.40951 ], [ 8.58117, 47.40778 ], [ 8.58357, 47.40715 ], [ 8.58575, 47.40825 ], [ 8.58553, 47.40998 ], [ 8.58313, 47.41061 ], [ 8.58095, 47.40951 ], [ 8.58095, 47.40951 ] ] ] } },
{ "type": "Feature", "properties": { "id": 209, "population": 978 }, "geometry": { "type": "Polygon", "coordinates": [ [ [ 8.54443, 47.36892 ], [ 8.54465, 47.36719 ], [ 8.54705, 47.36656 ], [ 8.54923, 47.36766 ], [ 8.54901, 47.36939 ], [ 8.54661, 47.37002 ], [ 8.54443, 47.36892 ], [ 8.54443, 47.36892 ] ] ] } },
{ "type": "Feature", "properties": { "id": 210, "population": 977 }, "geometry": { "type": "Polygon", "coordinates": [ [ [ 8.52223, 47.36135 ], [ 8.52245, 47.35962 ], [ 8.52485, 47.35899 ], [ 8.52702, 47.3601 ], [ 8.5268, 47.36182 ], [ 8.5244, 47.36245 ], [ 8.52223, 47.36135 ], [ 8.52223, 47.36135 ] ] ] } },
{ "type": "Feature", "properties": { "id": 211, "population": 218 }, "geometry": { "type": "Polygon", "coordinates": [ [ [ 8.59023, 47.35527 ], [ 8.59046, 47.35354 ], [ 8.59285, 47.35291 ], [ 8.59503, 47.35401 ], [ 8.59481, 47.35574 ], [ 8.59241, 47.35637 ], [ 8.59023, 47.35527 ], [ 8.59023, 47.35527 ] ] ] } },
{ "type": "Feature", "properties": { "id": 212, "population": 938 }, "geometry": { "type": "Polygon", "coordinates": [ [ [ 8.5398, 47.38684 ], [ 8.54003, 47.38511 ], [ 8.54242, 47.38448 ], [ 8.5446, 47.38558 ], [ 8.54438, 47.38731 ], [ 8.54198, 47.38794 ], [ 8.5398, 47.38684 ], [ 8.5398, 47.38684 ] ] ] } },
{ "type": "Feature", "properties": { "id": 213, "population": 331 }, "geometry": { "type": "Polygon", "coordinates": [ [ [ 8.46526, 47.38957 ], [ 8.46548, 47.38784 ], [ 8.46788, 47.38722 ], [ 8.47006, 47.38832 ], [ 8.46983, 47.39005 ], [ 8.46743, 47.39067 ], [ 8.46526, 47.38957 ], [ 8.46526, 47.38957 ] ] ] } },
{ "type": "Feature", "properties": { "id": 214, "population": 0 }, "geometry": { "type": "Polygon", "coordinates": [ [ [ 8.50368, 47.433 ], [ 8.50391, 47.43127 ], [ 8.50631, 47.43064 ], [ 8.50848, 47.43175 ], [ 8.50826, 47.43347 ], [ 8.50586, 47.4341 ], [ 8.50368, 47.433 ], [ 8.50368, 47.433 ] ] ] } },
{ "type": "Feature", "properties": { "id": 215, "population": 417 }, "geometry": { "type": "Polygon", "coordinates": [ [ [ 8.59219, 47.3581 ], [ 8.59241, 47.35637 ], [ 8.59481, 47.35574 ], [ 8.59699, 47.35684 ], [ 8.59677, 47.35857 ], [ 8.59437, 47.3592 ], [ 8.59219, 47.3581 ], [ 8.59219, 47.3581 ] ] ] } },
{ "type": "Feature", "properties": { "id": 216, "population": 615 }, "geometry": { "type": "Polygon", "coordinates": [ [ [ 8.55949, 47.35997 ], [ 8.55972, 47.35824 ], [ 8.56211, 47.35761 ], [ 8.56429, 47.35871 ], [ 8.56407, 47.36044 ], [ 8.56167, 47.36107 ], [ 8.55949, 47.35997 ], [ 8.55949, 47.35997 ] ] ] } },
{ "type": "Feature", "properties": { "id": 217, "population": 845 }, "geometry": { "type": "Polygon", "coordinates": [ [ [ 8.5417, 47.40806 ], [ 8.54193, 47.40633 ], [ 8.54433, 47.4057 ], [ 8.5465, 47.40681 ], [ 8.54628, 47.40853 ], [ 8.54388, 47.40916 ], [ 8.5417, 47.40806 ], [ 8.5417, 47.40806 ] ] ] } },
{ "type": "Feature", "properties": { "id": 218, "population": 977 }, "geometry": { "type": "Polygon", "coordinates": [ [ [ 8.5359, 47.38117 ], [ 8.53612, 47.37944 ], [ 8.53852, 47.37882 ], [ 8.54069, 47.37992 ], [ 8.54047, 47.38165 ], [ 8.53807, 47.38228 ], [ 8.5359, 47.38117 ], [ 8.5359, 47.38117 ] ] ] } },
{ "type": "Feature", "properties": { "id": 219, "population": 0 }, "geometry": { "type": "Polygon", "coordinates": [ [ [ 8.45026, 47.38011 ], [ 8.45049, 47.37839 ], [ 8.45289, 47.37776 ], [ 8.45506, 47.37886 ], [ 8.45484, 47.38059 ], [ 8.45244, 47.38122 ], [ 8.45026, 47.38011 ], [ 8.45026, 47.38011 ] ] ] } },
{ "type": "Feature", "properties": { "id": 220, "population": 0 }, "geometry": { "type": "Polygon", "coordinates": [ [ [ 8.54253, 47.34769 ], [ 8.54275, 47.34596 ], [ 8.54515, 47.34533 ], [ 8.54733, 47.34643 ], [ 8.54711, 47.34816 ], [ 8.54471, 47.34879 ], [ 8.54253, 47.34769 ], [ 8.54253, 47.34769 ] ] ] } },
{ "type": "Feature", "properties": { "id": 221, "population": 928 }, "geometry": { "type": "Polygon", "coordinates": [ [ [ 8.54299, 47.41607 ], [ 8.54321, 47.41435 ], [ 8.54561, 47.41372 ], [ 8.54779, 47.41482 ], [ 8.54757, 47.41655 ], [ 8.54516, 47.41718 ], [ 8.54299, 47.41607 ], [ 8.54299, 47.41607 ] ] ] } },
{ "type": "Feature", "properties": { "id": 222, "population": 521 }, "geometry": { "type": "Polygon", "coordinates": [ [ [ 8.55559, 47.3543 ], [ 8.55581, 47.35257 ], [ 8.55821, 47.35194 ], [ 8.56038, 47.35305 ], [ 8.56016, 47.35478 ], [ 8.55776, 47.3554 ], [ 8.55559, 47.3543 ], [ 8.55559, 47.3543 ] ] ] } },
{ "type": "Feature", "properties": { "id": 223, "population": 754 }, "geometry": { "type": "Polygon", "coordinates": [ [ [ 8.55147, 47.42221 ], [ 8.5517, 47.42048 ], [ 8.5541, 47.41986 ], [ 8.55628, 47.42096 ], [ 8.55605, 47.42269 ], [ 8.55365, 47.42331 ], [ 8.55147, 47.42221 ], [ 8.55147, 47.42221 ] ] ] } },
{ "type": "Feature", "properties": { "id": 224, "population": 0 }, "geometry": { "type": "Polygon", "coordinates": [ [ [ 8.49546, 47.3533 ], [ 8.49568, 47.35157 ], [ 8.49808, 47.35094 ], [ 8.50025, 47.35205 ], [ 8.50003, 47.35378 ], [ 8.49763, 47.3544 ], [ 8.49546, 47.3533 ], [ 8.49546, 47.3533 ] ] ] } },
{ "type": "Feature", "properties": { "id": 225, "population": 0 }, "geometry": { "type": "Polygon", "coordinates": [ [ [ 8.54052, 47.36325 ], [ 8.54075, 47.36152 ], [ 8.54315, 47.3609 ], [ 8.54532, 47.362 ], [ 8.5451, 47.36373 ], [ 8.5427, 47.36436 ], [ 8.54052, 47.36325 ], [ 8.54052, 47.36325 ] ] ] } },
{ "type": "Feature", "properties": { "id": 226, "population": 502 }, "geometry": { "type": "Polygon", "coordinates": [ [ [ 8.47763, 47.40138 ], [ 8.47786, 47.39965 ], [ 8.48026, 47.39902 ], [ 8.48243, 47.40013 ], [ 8.48221, 47.40185 ], [ 8.47981, 47.40248 ], [ 8.47763, 47.40138 ], [ 8.47763, 47.40138 ] ] ] } },
{ "type": "Feature", "properties": { "id": 227, "population": 33 }, "geometry": { "type": "Polygon", "coordinates": [ [ [ 8.53863, 47.34202 ], [ 8.53885, 47.34029 ], [ 8.54125, 47.33966 ], [ 8.54342, 47.34077 ], [ 8.5432, 47.3425 ], [ 8.5408, 47.34312 ], [ 8.53863, 47.34202 ], [ 8.53863, 47.34202 ] ] ] } },
{ "type": "Feature", "properties": { "id": 228, "population": 406 }, "geometry": { "type": "Polygon", "coordinates": [ [ [ 8.50435, 47.42781 ], [ 8.50458, 47.42609 ], [ 8.50698, 47.42546 ], [ 8.50915, 47.42656 ], [ 8.50893, 47.42829 ], [ 8.50653, 47.42892 ], [ 8.50435, 47.42781 ], [ 8.50435, 47.42781 ] ] ] } },
{ "type": "Feature", "properties": { "id": 229, "population": 738 }, "geometry": { "type": "Polygon", "coordinates": [ [ [ 8.55554, 47.3727 ], [ 8.55576, 47.37097 ], [ 8.55816, 47.37034 ], [ 8.56033, 47.37145 ], [ 8.56011, 47.37318 ], [ 8.55771, 47.3738 ], [ 8.55554, 47.3727 ], [ 8.55554, 47.3727 ] ] ] } },
{ "type": "Feature", "properties": { "id": 230, "population": 679 }, "geometry": { "type": "Polygon", "coordinates": [ [ [ 8.481, 47.37545 ], [ 8.48122, 47.37372 ], [ 8.48362, 47.37309 ], [ 8.4858, 47.3742 ], [ 8.48557, 47.37593 ], [ 8.48317, 47.37655 ], [ 8.481, 47.37545 ], [ 8.481, 47.37545 ] ] ] } },
{ "type": "Feature", "properties": { "id": 231, "population": 1020 }, "geometry": { "type": "Polygon", "coordinates": [ [ [ 8.51625, 47.38964 ], [ 8.51648, 47.38791 ], [ 8.51888, 47.38729 ], [ 8.52105, 47.38839 ], [ 8.52083, 47.39012 ], [ 8.51843, 47.39074 ], [ 8.51625, 47.38964 ], [ 8.51625, 47.38964 ] ] ] } },
{ "type": "Feature", "properties": { "id": 232, "population": 0 }, "geometry": { "type": "Polygon", "coordinates": [ [ [ 8.60658, 47.35433 ], [ 8.6068, 47.3526 ], [ 8.6092, 47.35197 ], [ 8.61138, 47.35307 ], [ 8.61116, 47.3548 ], [ 8.60876, 47.35543 ], [ 8.60658, 47.35433 ], [ 8.60658, 47.35433 ] ] ] } },
{ "type": "Feature", "properties": { "id": 233, "population": 0 }, "geometry": { "type": "Polygon", "coordinates": [ [ [ 8.56855, 47.39771 ], [ 8.56877, 47.39598 ], [ 8.57117, 47.39535 ], [ 8.57335, 47.39645 ], [ 8.57313, 47.39818 ], [ 8.57073, 47.39881 ], [ 8.56855, 47.39771 ], [ 8.56855, 47.39771 ] ] ] } },
{ "type": "Feature", "properties": { "id": 234, "population": 0 }, "geometry": { "type": "Polygon", "coordinates": [ [ [ 8.48739, 47.41553 ], [ 8.48762, 47.41381 ], [ 8.49002, 47.41318 ], [ 8.49219, 47.41428 ], [ 8.49197, 47.41601 ], [ 8.48957, 47.41664 ], [ 8.48739, 47.41553 ], [ 8.48739, 47.41553 ] ] ] } },
{ "type": "Feature", "properties": { "id": 235, "population": 829 }, "geometry": { "type": "Polygon", "coordinates": [ [ [ 8.50844, 47.37831 ], [ 8.50867, 47.37658 ], [ 8.51107, 47.37596 ], [ 8.51324, 47.37706 ], [ 8.51302, 47.37879 ], [ 8.51062, 47.37942 ], [ 8.50844, 47.37831 ], [ 8.50844, 47.37831 ] ] ] } },
{ "type": "Feature", "properties": { "id": 236, "population": 0 }, "geometry": { "type": "Polygon", "coordinates": [ [ [ 8.48934, 47.41836 ], [ 8.48957, 47.41664 ], [ 8.49197, 47.41601 ], [ 8.49414, 47.41711 ], [ 8.49392, 47.41884 ], [ 8.49152, 47.41947 ], [ 8.48934, 47.41836 ], [ 8.48934, 47.41836 ] ] ] } },
{ "type": "Feature", "properties": { "id": 237, "population": 1044 }, "geometry": { "type": "Polygon", "coordinates": [ [ [ 8.55163, 47.36704 ], [ 8.55185, 47.36531 ], [ 8.55425, 47.36468 ], [ 8.55643, 47.36578 ], [ 8.5562, 47.36751 ], [ 8.5538, 47.36814 ], [ 8.55163, 47.36704 ], [ 8.55163, 47.36704 ] ] ] } },
{ "type": "Feature", "properties": { "id": 238, "population": 121 }, "geometry": { "type": "Polygon", "coordinates": [ [ [ 8.466, 47.36599 ], [ 8.46623, 47.36426 ], [ 8.46863, 47.36364 ], [ 8.4708, 47.36474 ], [ 8.47058, 47.36647 ], [ 8.46818, 47.3671 ], [ 8.466, 47.36599 ], [ 8.466, 47.36599 ] ] ] } },
{ "type": "Feature", "properties": { "id": 239, "population": 1024 }, "geometry": { "type": "Polygon", "coordinates": [ [ [ 8.5071, 47.38869 ], [ 8.50733, 47.38696 ], [ 8.50973, 47.38633 ], [ 8.5119, 47.38743 ], [ 8.51168, 47.38916 ], [ 8.50928, 47.38979 ], [ 8.5071, 47.38869 ], [ 8.5071, 47.38869 ] ] ] } },
{ "type": "Feature", "properties": { "id": 240, "population": 0 }, "geometry": { "type": "Polygon", "coordinates": [ [ [ 8.56464, 47.39205 ], [ 8.56486, 47.39032 ], [ 8.56726, 47.38969 ], [ 8.56944, 47.39079 ], [ 8.56922, 47.39252 ], [ 8.56682, 47.39315 ], [ 8.56464, 47.39205 ], [ 8.56464, 47.39205 ] ] ] } },
{ "type": "Feature", "properties": { "id": 241, "population": 465 }, "geometry": { "type": "Polygon", "coordinates": [ [ [ 8.49149, 47.36603 ], [ 8.49172, 47.3643 ], [ 8.49411, 47.36367 ], [ 8.49629, 47.36478 ], [ 8.49607, 47.36651 ], [ 8.49367, 47.36713 ], [ 8.49149, 47.36603 ], [ 8.49149, 47.36603 ] ] ] } },
{ "type": "Feature", "properties": { "id": 242, "population": 477 }, "geometry": { "type": "Polygon", "coordinates": [ [ [ 8.50454, 47.37265 ], [ 8.50477, 47.37092 ], [ 8.50716, 47.37029 ], [ 8.50934, 47.3714 ], [ 8.50912, 47.37313 ], [ 8.50672, 47.37375 ], [ 8.50454, 47.37265 ], [ 8.50454, 47.37265 ] ] ] } },
{ "type": "Feature", "properties": { "id": 243, "population": 0 }, "geometry": { "type": "Polygon", "coordinates": [ [ [ 8.4991, 47.43252 ], [ 8.49933, 47.43079 ], [ 8.50173, 47.43017 ], [ 8.50391, 47.43127 ], [ 8.50368, 47.433 ], [ 8.50128, 47.43362 ], [ 8.4991, 47.43252 ], [ 8.4991, 47.43252 ] ] ] } },
{ "type": "Feature", "properties": { "id": 244, "population": 85 }, "geometry": { "type": "Polygon", "coordinates": [ [ [ 8.51119, 47.33916 ], [ 8.51141, 47.33743 ], [ 8.51381, 47.33681 ], [ 8.51599, 47.33791 ], [ 8.51576, 47.33964 ], [ 8.51336, 47.34027 ], [ 8.51119, 47.33916 ], [ 8.51119, 47.33916 ] ] ] } },
{ "type": "Feature", "properties": { "id": 245, "population": 867 }, "geometry": { "type": "Polygon", "coordinates": [ [ [ 8.55944, 47.37836 ], [ 8.55967, 47.37663 ], [ 8.56207, 47.37601 ], [ 8.56424, 47.37711 ], [ 8.56402, 47.37884 ], [ 8.56162, 47.37947 ], [ 8.55944, 47.37836 ], [ 8.55944, 47.37836 ] ] ] } },
{ "type": "Feature", "properties": { "id": 246, "population": 489 }, "geometry": { "type": "Polygon", "coordinates": [ [ [ 8.54818, 47.42975 ], [ 8.5484, 47.42802 ], [ 8.55081, 47.4274 ], [ 8.55298, 47.4285 ], [ 8.55276, 47.43023 ], [ 8.55036, 47.43085 ], [ 8.54818, 47.42975 ], [ 8.54818, 47.42975 ] ] ] } },
{ "type": "Feature", "properties": { "id": 247, "population": 835 }, "geometry": { "type": "Polygon", "coordinates": [ [ [ 8.49338, 47.38725 ], [ 8.4936, 47.38553 ], [ 8.496, 47.3849 ], [ 8.49818, 47.386 ], [ 8.49795, 47.38773 ], [ 8.49555, 47.38836 ], [ 8.49338, 47.38725 ], [ 8.49338, 47.38725 ] ] ] } },
{ "type": "Feature", "properties": { "id": 248, "population": 566 }, "geometry": { "type": "Polygon", "coordinates": [ [ [ 8.5201, 47.41369 ], [ 8.52032, 47.41196 ], [ 8.52272, 47.41134 ], [ 8.5249, 47.41244 ], [ 8.52468, 47.41417 ], [ 8.52228, 47.41479 ], [ 8.5201, 47.41369 ], [ 8.5201, 47.41369 ] ] ] } },
{ "type": "Feature", "properties": { "id": 249, "population": 59 }, "geometry": { "type": "Polygon", "coordinates": [ [ [ 8.5633, 47.40242 ], [ 8.56353, 47.40069 ], [ 8.56593, 47.40006 ], [ 8.5681, 47.40117 ], [ 8.56788, 47.40289 ], [ 8.56548, 47.40352 ], [ 8.5633, 47.40242 ], [ 8.5633, 47.40242 ] ] ] } },
{ "type": "Feature", "properties": { "id": 250, "population": 0 }, "geometry": { "type": "Polygon", "coordinates": [ [ [ 8.48759, 47.36036 ], [ 8.48782, 47.35863 ], [ 8.49021, 47.35801 ], [ 8.49239, 47.35911 ], [ 8.49216, 47.36084 ], [ 8.48977, 47.36147 ], [ 8.48759, 47.36036 ], [ 8.48759, 47.36036 ] ] ] } },
{ "type": "Feature", "properties": { "id": 251, "population": 848 }, "geometry": { "type": "Polygon", "coordinates": [ [ [ 8.57637, 47.40903 ], [ 8.57659, 47.4073 ], [ 8.57899, 47.40668 ], [ 8.58117, 47.40778 ], [ 8.58095, 47.40951 ], [ 8.57855, 47.41013 ], [ 8.57637, 47.40903 ], [ 8.57637, 47.40903 ] ] ] } },
{ "type": "Feature", "properties": { "id": 252, "population": 1067 }, "geometry": { "type": "Polygon", "coordinates": [ [ [ 8.5032, 47.38302 ], [ 8.50342, 47.38129 ], [ 8.50582, 47.38067 ], [ 8.508, 47.38177 ], [ 8.50777, 47.3835 ], [ 8.50537, 47.38413 ], [ 8.5032, 47.38302 ], [ 8.5032, 47.38302 ] ] ] } },
{ "type": "Feature", "properties": { "id": 253, "population": 63 }, "geometry": { "type": "Polygon", "coordinates": [ [ [ 8.58428, 47.38357 ], [ 8.5845, 47.38184 ], [ 8.5869, 47.38121 ], [ 8.58908, 47.38231 ], [ 8.58886, 47.38404 ], [ 8.58646, 47.38467 ], [ 8.58428, 47.38357 ], [ 8.58428, 47.38357 ] ] ] } },
{ "type": "Feature", "properties": { "id": 254, "population": 714 }, "geometry": { "type": "Polygon", "coordinates": [ [ [ 8.50314, 47.40141 ], [ 8.50336, 47.39968 ], [ 8.50576, 47.39906 ], [ 8.50794, 47.40016 ], [ 8.50771, 47.40189 ], [ 8.50531, 47.40252 ], [ 8.50314, 47.40141 ], [ 8.50314, 47.40141 ] ] ] } },
{ "type": "Feature", "properties": { "id": 255, "population": 0 }, "geometry": { "type": "Polygon", "coordinates": [ [ [ 8.54119, 47.35806 ], [ 8.54142, 47.35633 ], [ 8.54382, 47.35571 ], [ 8.54599, 47.35681 ], [ 8.54577, 47.35854 ], [ 8.54337, 47.35917 ], [ 8.54119, 47.35806 ], [ 8.54119, 47.35806 ] ] ] } },
{ "type": "Feature", "properties": { "id": 256, "population": 198 }, "geometry": { "type": "Polygon", "coordinates": [ [ [ 8.50509, 47.40424 ], [ 8.50531, 47.40252 ], [ 8.50771, 47.40189 ], [ 8.50989, 47.40299 ], [ 8.50966, 47.40472 ], [ 8.50726, 47.40535 ], [ 8.50509, 47.40424 ], [ 8.50509, 47.40424 ] ] ] } },
{ "type": "Feature", "properties": { "id": 257, "population": 0 }, "geometry": { "type": "Polygon", "coordinates": [ [ [ 8.49459, 47.41366 ], [ 8.49482, 47.41193 ], [ 8.49722, 47.4113 ], [ 8.49939, 47.41241 ], [ 8.49917, 47.41414 ], [ 8.49677, 47.41476 ], [ 8.49459, 47.41366 ], [ 8.49459, 47.41366 ] ] ] } },
{ "type": "Feature", "properties": { "id": 258, "population": 19 }, "geometry": { "type": "Polygon", "coordinates": [ [ [ 8.58037, 47.37791 ], [ 8.58059, 47.37618 ], [ 8.58299, 47.37555 ], [ 8.58517, 47.37665 ], [ 8.58495, 47.37838 ], [ 8.58255, 47.37901 ], [ 8.58037, 47.37791 ], [ 8.58037, 47.37791 ] ] ] } },
{ "type": "Feature", "properties": { "id": 259, "population": 481 }, "geometry": { "type": "Polygon", "coordinates": [ [ [ 8.52424, 47.34578 ], [ 8.52446, 47.34405 ], [ 8.52686, 47.34343 ], [ 8.52903, 47.34453 ], [ 8.52881, 47.34626 ], [ 8.52641, 47.34688 ], [ 8.52424, 47.34578 ], [ 8.52424, 47.34578 ] ] ] } },
{ "type": "Feature", "properties": { "id": 260, "population": 0 }, "geometry": { "type": "Polygon", "coordinates": [ [ [ 8.53729, 47.3524 ], [ 8.53751, 47.35067 ], [ 8.53991, 47.35004 ], [ 8.54209, 47.35115 ], [ 8.54186, 47.35288 ], [ 8.53946, 47.3535 ], [ 8.53729, 47.3524 ], [ 8.53729, 47.3524 ] ] ] } },
{ "type": "Feature", "properties": { "id": 261, "population": 691 }, "geometry": { "type": "Polygon", "coordinates": [ [ [ 8.53076, 47.34909 ], [ 8.53099, 47.34736 ], [ 8.53338, 47.34673 ], [ 8.53556, 47.34784 ], [ 8.53534, 47.34957 ], [ 8.53294, 47.35019 ], [ 8.53076, 47.34909 ], [ 8.53076, 47.34909 ] ] ] } },
{ "type": "Feature", "properties": { "id": 262, "population": 955 }, "geometry": { "type": "Polygon", "coordinates": [ [ [ 8.55487, 47.37789 ], [ 8.55509, 47.37616 ], [ 8.55749, 47.37553 ], [ 8.55967, 47.37663 ], [ 8.55944, 47.37836 ], [ 8.55704, 47.37899 ], [ 8.55487, 47.37789 ], [ 8.55487, 47.37789 ] ] ] } },
{ "type": "Feature", "properties": { "id": 263, "population": 80 }, "geometry": { "type": "Polygon", "coordinates": [ [ [ 8.51876, 47.42406 ], [ 8.51898, 47.42233 ], [ 8.52138, 47.42171 ], [ 8.52356, 47.42281 ], [ 8.52334, 47.42454 ], [ 8.52093, 47.42516 ], [ 8.51876, 47.42406 ], [ 8.51876, 47.42406 ] ] ] } },
{ "type": "Feature", "properties": { "id": 264, "population": 217 }, "geometry": { "type": "Polygon", "coordinates": [ [ [ 8.5889, 47.36564 ], [ 8.58912, 47.36392 ], [ 8.59152, 47.36329 ], [ 8.5937, 47.36439 ], [ 8.59348, 47.36612 ], [ 8.59108, 47.36675 ], [ 8.5889, 47.36564 ], [ 8.5889, 47.36564 ] ] ] } },
{ "type": "Feature", "properties": { "id": 265, "population": 0 }, "geometry": { "type": "Polygon", "coordinates": [ [ [ 8.57904, 47.38828 ], [ 8.57926, 47.38655 ], [ 8.58166, 47.38593 ], [ 8.58384, 47.38703 ], [ 8.58362, 47.38876 ], [ 8.58122, 47.38938 ], [ 8.57904, 47.38828 ], [ 8.57904, 47.38828 ] ] ] } },
{ "type": "Feature", "properties": { "id": 266, "population": 1 }, "geometry": { "type": "Polygon", "coordinates": [ [ [ 8.53595, 47.36278 ], [ 8.53617, 47.36105 ], [ 8.53857, 47.36042 ], [ 8.54075, 47.36152 ], [ 8.54052, 47.36325 ], [ 8.53813, 47.36388 ], [ 8.53595, 47.36278 ], [ 8.53595, 47.36278 ] ] ] } },
{ "type": "Feature", "properties": { "id": 267, "population": 749 }, "geometry": { "type": "Polygon", "coordinates": [ [ [ 8.53841, 47.4156 ], [ 8.53863, 47.41387 ], [ 8.54103, 47.41324 ], [ 8.54321, 47.41435 ], [ 8.54299, 47.41607 ], [ 8.54059, 47.4167 ], [ 8.53841, 47.4156 ], [ 8.53841, 47.4156 ] ] ] } },
{ "type": "Feature", "properties": { "id": 268, "population": 563 }, "geometry": { "type": "Polygon", "coordinates": [ [ [ 8.57193, 47.35337 ], [ 8.57215, 47.35164 ], [ 8.57455, 47.35101 ], [ 8.57673, 47.35211 ], [ 8.57651, 47.35384 ], [ 8.57411, 47.35447 ], [ 8.57193, 47.35337 ], [ 8.57193, 47.35337 ] ] ] } },
{ "type": "Feature", "properties": { "id": 269, "population": 793 }, "geometry": { "type": "Polygon", "coordinates": [ [ [ 8.55096, 47.37222 ], [ 8.55118, 47.3705 ], [ 8.55358, 47.36987 ], [ 8.55576, 47.37097 ], [ 8.55554, 47.3727 ], [ 8.55314, 47.37333 ], [ 8.55096, 47.37222 ], [ 8.55096, 47.37222 ] ] ] } },
{ "type": "Feature", "properties": { "id": 270, "population": 47 }, "geometry": { "type": "Polygon", "coordinates": [ [ [ 8.52144, 47.40332 ], [ 8.52166, 47.40159 ], [ 8.52406, 47.40097 ], [ 8.52624, 47.40207 ], [ 8.52602, 47.4038 ], [ 8.52362, 47.40442 ], [ 8.52144, 47.40332 ], [ 8.52144, 47.40332 ] ] ] } },
{ "type": "Feature", "properties": { "id": 271, "population": 930 }, "geometry": { "type": "Polygon", "coordinates": [ [ [ 8.52881, 47.34626 ], [ 8.52903, 47.34453 ], [ 8.53143, 47.3439 ], [ 8.53361, 47.345 ], [ 8.53338, 47.34673 ], [ 8.53099, 47.34736 ], [ 8.52881, 47.34626 ], [ 8.52881, 47.34626 ] ] ] } },
{ "type": "Feature", "properties": { "id": 272, "population": 633 }, "geometry": { "type": "Polygon", "coordinates": [ [ [ 8.57704, 47.40384 ], [ 8.57726, 47.40212 ], [ 8.57966, 47.40149 ], [ 8.58184, 47.40259 ], [ 8.58162, 47.40432 ], [ 8.57922, 47.40495 ], [ 8.57704, 47.40384 ], [ 8.57704, 47.40384 ] ] ] } },
{ "type": "Feature", "properties": { "id": 273, "population": 70 }, "geometry": { "type": "Polygon", "coordinates": [ [ [ 8.57384, 47.3746 ], [ 8.57406, 47.37287 ], [ 8.57646, 47.37224 ], [ 8.57864, 47.37335 ], [ 8.57842, 47.37507 ], [ 8.57602, 47.3757 ], [ 8.57384, 47.3746 ], [ 8.57384, 47.3746 ] ] ] } },
{ "type": "Feature", "properties": { "id": 274, "population": 971 }, "geometry": { "type": "Polygon", "coordinates": [ [ [ 8.5345, 47.40994 ], [ 8.53472, 47.40821 ], [ 8.53712, 47.40758 ], [ 8.5393, 47.40868 ], [ 8.53908, 47.41041 ], [ 8.53668, 47.41104 ], [ 8.5345, 47.40994 ], [ 8.5345, 47.40994 ] ] ] } },
{ "type": "Feature", "properties": { "id": 275, "population": 880 }, "geometry": { "type": "Polygon", "coordinates": [ [ [ 8.54962, 47.3826 ], [ 8.54985, 47.38087 ], [ 8.55225, 47.38024 ], [ 8.55442, 47.38135 ], [ 8.5542, 47.38308 ], [ 8.5518, 47.3837 ], [ 8.54962, 47.3826 ], [ 8.54962, 47.3826 ] ] ] } },
{ "type": "Feature", "properties": { "id": 276, "population": 529 }, "geometry": { "type": "Polygon", "coordinates": [ [ [ 8.47508, 47.38534 ], [ 8.4753, 47.38361 ], [ 8.4777, 47.38299 ], [ 8.47988, 47.38409 ], [ 8.47965, 47.38582 ], [ 8.47725, 47.38644 ], [ 8.47508, 47.38534 ], [ 8.47508, 47.38534 ] ] ] } },
{ "type": "Feature", "properties": { "id": 277, "population": 0 }, "geometry": { "type": "Polygon", "coordinates": [ [ [ 8.52724, 47.4302 ], [ 8.52747, 47.42847 ], [ 8.52987, 47.42785 ], [ 8.53204, 47.42895 ], [ 8.53182, 47.43068 ], [ 8.52942, 47.4313 ], [ 8.52724, 47.4302 ], [ 8.52724, 47.4302 ] ] ] } },
{ "type": "Feature", "properties": { "id": 278, "population": 686 }, "geometry": { "type": "Polygon", "coordinates": [ [ [ 8.51753, 47.39766 ], [ 8.51776, 47.39593 ], [ 8.52016, 47.3953 ], [ 8.52233, 47.39641 ], [ 8.52211, 47.39814 ], [ 8.51971, 47.39876 ], [ 8.51753, 47.39766 ], [ 8.51753, 47.39766 ] ] ] } },
{ "type": "Feature", "properties": { "id": 279, "population": 147 }, "geometry": { "type": "Polygon", "coordinates": [ [ [ 8.5706, 47.36375 ], [ 8.57082, 47.36202 ], [ 8.57322, 47.36139 ], [ 8.5754, 47.36249 ], [ 8.57517, 47.36422 ], [ 8.57277, 47.36485 ], [ 8.5706, 47.36375 ], [ 8.5706, 47.36375 ] ] ] } },
{ "type": "Feature", "properties": { "id": 280, "population": 0 }, "geometry": { "type": "Polygon", "coordinates": [ [ [ 8.45746, 47.37824 ], [ 8.45768, 47.37651 ], [ 8.46008, 47.37589 ], [ 8.46226, 47.37699 ], [ 8.46203, 47.37872 ], [ 8.45963, 47.37934 ], [ 8.45746, 47.37824 ], [ 8.45746, 47.37824 ] ] ] } },
{ "type": "Feature", "properties": { "id": 281, "population": 344 }, "geometry": { "type": "Polygon", "coordinates": [ [ [ 8.53316, 47.42031 ], [ 8.53338, 47.41858 ], [ 8.53579, 47.41795 ], [ 8.53796, 47.41906 ], [ 8.53774, 47.42078 ], [ 8.53534, 47.42141 ], [ 8.53316, 47.42031 ], [ 8.53316, 47.42031 ] ] ] } },
{ "type": "Feature", "properties": { "id": 282, "population": 114 }, "geometry": { "type": "Polygon", "coordinates": [ [ [ 8.50601, 47.32547 ], [ 8.50623, 47.32374 ], [ 8.50863, 47.32312 ], [ 8.5108, 47.32422 ], [ 8.51058, 47.32595 ], [ 8.50818, 47.32658 ], [ 8.50601, 47.32547 ], [ 8.50601, 47.32547 ] ] ] } },
{ "type": "Feature", "properties": { "id": 283, "population": 0 }, "geometry": { "type": "Polygon", "coordinates": [ [ [ 8.46136, 47.3839 ], [ 8.46158, 47.38218 ], [ 8.46398, 47.38155 ], [ 8.46616, 47.38266 ], [ 8.46593, 47.38438 ], [ 8.46353, 47.38501 ], [ 8.46136, 47.3839 ], [ 8.46136, 47.3839 ] ] ] } },
{ "type": "Feature", "properties": { "id": 284, "population": 346 }, "geometry": { "type": "Polygon", "coordinates": [ [ [ 8.47044, 47.40325 ], [ 8.47066, 47.40152 ], [ 8.47306, 47.4009 ], [ 8.47523, 47.402 ], [ 8.47501, 47.40373 ], [ 8.47261, 47.40435 ], [ 8.47044, 47.40325 ], [ 8.47044, 47.40325 ] ] ] } },
{ "type": "Feature", "properties": { "id": 285, "population": 27 }, "geometry": { "type": "Polygon", "coordinates": [ [ [ 8.55363, 47.35147 ], [ 8.55386, 47.34974 ], [ 8.55625, 47.34911 ], [ 8.55843, 47.35021 ], [ 8.55821, 47.35194 ], [ 8.55581, 47.35257 ], [ 8.55363, 47.35147 ], [ 8.55363, 47.35147 ] ] ] } },
{ "type": "Feature", "properties": { "id": 286, "population": 287 }, "geometry": { "type": "Polygon", "coordinates": [ [ [ 8.56669, 47.35808 ], [ 8.56691, 47.35635 ], [ 8.56931, 47.35573 ], [ 8.57149, 47.35683 ], [ 8.57126, 47.35856 ], [ 8.56887, 47.35919 ], [ 8.56669, 47.35808 ], [ 8.56669, 47.35808 ] ] ] } },
{ "type": "Feature", "properties": { "id": 287, "population": 584 }, "geometry": { "type": "Polygon", "coordinates": [ [ [ 8.52925, 47.41465 ], [ 8.52948, 47.41292 ], [ 8.53188, 47.41229 ], [ 8.53405, 47.41339 ], [ 8.53383, 47.41512 ], [ 8.53143, 47.41575 ], [ 8.52925, 47.41465 ], [ 8.52925, 47.41465 ] ] ] } },
{ "type": "Feature", "properties": { "id": 288, "population": 0 }, "geometry": { "type": "Polygon", "coordinates": [ [ [ 8.56135, 47.39959 ], [ 8.56157, 47.39786 ], [ 8.56397, 47.39723 ], [ 8.56615, 47.39833 ], [ 8.56593, 47.40006 ], [ 8.56353, 47.40069 ], [ 8.56135, 47.39959 ], [ 8.56135, 47.39959 ] ] ] } },
{ "type": "Feature", "properties": { "id": 289, "population": 514 }, "geometry": { "type": "Polygon", "coordinates": [ [ [ 8.50655, 47.35709 ], [ 8.50678, 47.35536 ], [ 8.50918, 47.35473 ], [ 8.51135, 47.35583 ], [ 8.51113, 47.35756 ], [ 8.50873, 47.35819 ], [ 8.50655, 47.35709 ], [ 8.50655, 47.35709 ] ] ] } },
{ "type": "Feature", "properties": { "id": 290, "population": 820 }, "geometry": { "type": "Polygon", "coordinates": [ [ [ 8.47111, 47.39807 ], [ 8.47133, 47.39634 ], [ 8.47373, 47.39571 ], [ 8.47591, 47.39682 ], [ 8.47568, 47.39854 ], [ 8.47328, 47.39917 ], [ 8.47111, 47.39807 ], [ 8.47111, 47.39807 ] ] ] } },
{ "type": "Feature", "properties": { "id": 291, "population": 0 }, "geometry": { "type": "Polygon", "coordinates": [ [ [ 8.46909, 47.41362 ], [ 8.46931, 47.41189 ], [ 8.47171, 47.41127 ], [ 8.47389, 47.41237 ], [ 8.47366, 47.4141 ], [ 8.47126, 47.41472 ], [ 8.46909, 47.41362 ], [ 8.46909, 47.41362 ] ] ] } },
{ "type": "Feature", "properties": { "id": 292, "population": 0 }, "geometry": { "type": "Polygon", "coordinates": [ [ [ 8.48214, 47.42024 ], [ 8.48237, 47.41851 ], [ 8.48477, 47.41789 ], [ 8.48694, 47.41899 ], [ 8.48672, 47.42072 ], [ 8.48432, 47.42134 ], [ 8.48214, 47.42024 ], [ 8.48214, 47.42024 ] ] ] } },
{ "type": "Feature", "properties": { "id": 293, "population": 398 }, "geometry": { "type": "Polygon", "coordinates": [ [ [ 8.56536, 47.36846 ], [ 8.56558, 47.36673 ], [ 8.56798, 47.3661 ], [ 8.57015, 47.36721 ], [ 8.56993, 47.36894 ], [ 8.56753, 47.36956 ], [ 8.56536, 47.36846 ], [ 8.56536, 47.36846 ] ] ] } },
{ "type": "Feature", "properties": { "id": 294, "population": 972 }, "geometry": { "type": "Polygon", "coordinates": [ [ [ 8.49008, 47.39479 ], [ 8.49031, 47.39307 ], [ 8.49271, 47.39244 ], [ 8.49488, 47.39354 ], [ 8.49466, 47.39527 ], [ 8.49226, 47.3959 ], [ 8.49008, 47.39479 ], [ 8.49008, 47.39479 ] ] ] } },
{ "type": "Feature", "properties": { "id": 295, "population": 51 }, "geometry": { "type": "Polygon", "coordinates": [ [ [ 8.61769, 47.35811 ], [ 8.61791, 47.35638 ], [ 8.62031, 47.35575 ], [ 8.62249, 47.35685 ], [ 8.62227, 47.35858 ], [ 8.61987, 47.35921 ], [ 8.61769, 47.35811 ], [ 8.61769, 47.35811 ] ] ] } },
{ "type": "Feature", "properties": { "id": 296, "population": 692 }, "geometry": { "type": "Polygon", "coordinates": [ [ [ 8.54633, 47.39014 ], [ 8.54655, 47.38841 ], [ 8.54895, 47.38779 ], [ 8.55113, 47.38889 ], [ 8.55091, 47.39062 ], [ 8.54851, 47.39125 ], [ 8.54633, 47.39014 ], [ 8.54633, 47.39014 ] ] ] } },
{ "type": "Feature", "properties": { "id": 297, "population": 443 }, "geometry": { "type": "Polygon", "coordinates": [ [ [ 8.54577, 47.35854 ], [ 8.54599, 47.35681 ], [ 8.54839, 47.35618 ], [ 8.55057, 47.35729 ], [ 8.55034, 47.35902 ], [ 8.54794, 47.35964 ], [ 8.54577, 47.35854 ], [ 8.54577, 47.35854 ] ] ] } },
{ "type": "Feature", "properties": { "id": 298, "population": 24 }, "geometry": { "type": "Polygon", "coordinates": [ [ [ 8.50265, 47.35142 ], [ 8.50288, 47.34969 ], [ 8.50527, 47.34906 ], [ 8.50745, 47.35017 ], [ 8.50723, 47.3519 ], [ 8.50483, 47.35252 ], [ 8.50265, 47.35142 ], [ 8.50265, 47.35142 ] ] ] } },
{ "type": "Feature", "properties": { "id": 299, "population": 1051 }, "geometry": { "type": "Polygon", "coordinates": [ [ [ 8.51826, 47.37408 ], [ 8.51849, 47.37235 ], [ 8.52089, 47.37172 ], [ 8.52306, 47.37283 ], [ 8.52284, 47.37456 ], [ 8.52044, 47.37518 ], [ 8.51826, 47.37408 ], [ 8.51826, 47.37408 ] ] ] } },
{ "type": "Feature", "properties": { "id": 300, "population": 219 }, "geometry": { "type": "Polygon", "coordinates": [ [ [ 8.47575, 47.38016 ], [ 8.47598, 47.37843 ], [ 8.47838, 47.3778 ], [ 8.48055, 47.3789 ], [ 8.48033, 47.38063 ], [ 8.47793, 47.38126 ], [ 8.47575, 47.38016 ], [ 8.47575, 47.38016 ] ] ] } },
{ "type": "Feature", "properties": { "id": 301, "population": 1033 }, "geometry": { "type": "Polygon", "coordinates": [ [ [ 8.48618, 47.38913 ], [ 8.4864, 47.3874 ], [ 8.4888, 47.38678 ], [ 8.49098, 47.38788 ], [ 8.49075, 47.38961 ], [ 8.48835, 47.39023 ], [ 8.48618, 47.38913 ], [ 8.48618, 47.38913 ] ] ] } },
{ "type": "Feature", "properties": { "id": 302, "population": 402 }, "geometry": { "type": "Polygon", "coordinates": [ [ [ 8.50179, 47.41178 ], [ 8.50202, 47.41005 ], [ 8.50442, 47.40943 ], [ 8.50659, 47.41053 ], [ 8.50637, 47.41226 ], [ 8.50397, 47.41289 ], [ 8.50179, 47.41178 ], [ 8.50179, 47.41178 ] ] ] } },
{ "type": "Feature", "properties": { "id": 303, "population": 279 }, "geometry": { "type": "Polygon", "coordinates": [ [ [ 8.49661, 47.3981 ], [ 8.49683, 47.39637 ], [ 8.49923, 47.39575 ], [ 8.50141, 47.39685 ], [ 8.50118, 47.39858 ], [ 8.49878, 47.39921 ], [ 8.49661, 47.3981 ], [ 8.49661, 47.3981 ] ] ] } },
{ "type": "Feature", "properties": { "id": 304, "population": 744 }, "geometry": { "type": "Polygon", "coordinates": [ [ [ 8.5561, 47.4043 ], [ 8.55633, 47.40257 ], [ 8.55873, 47.40194 ], [ 8.5609, 47.40305 ], [ 8.56068, 47.40478 ], [ 8.55828, 47.4054 ], [ 8.5561, 47.4043 ], [ 8.5561, 47.4043 ] ] ] } },
{ "type": "Feature", "properties": { "id": 305, "population": 794 }, "geometry": { "type": "Polygon", "coordinates": [ [ [ 8.50131, 47.3618 ], [ 8.50153, 47.36007 ], [ 8.50393, 47.35944 ], [ 8.50611, 47.36054 ], [ 8.50588, 47.36227 ], [ 8.50349, 47.3629 ], [ 8.50131, 47.3618 ], [ 8.50131, 47.3618 ] ] ] } },
{ "type": "Feature", "properties": { "id": 306, "population": 728 }, "geometry": { "type": "Polygon", "coordinates": [ [ [ 8.55935, 47.41515 ], [ 8.55957, 47.41342 ], [ 8.56197, 47.41279 ], [ 8.56415, 47.41389 ], [ 8.56392, 47.41562 ], [ 8.56152, 47.41625 ], [ 8.55935, 47.41515 ], [ 8.55935, 47.41515 ] ] ] } },
{ "type": "Feature", "properties": { "id": 307, "population": 0 }, "geometry": { "type": "Polygon", "coordinates": [ [ [ 8.51905, 47.33209 ], [ 8.51928, 47.33036 ], [ 8.52167, 47.32974 ], [ 8.52385, 47.33084 ], [ 8.52363, 47.33257 ], [ 8.52123, 47.3332 ], [ 8.51905, 47.33209 ], [ 8.51905, 47.33209 ] ] ] } },
{ "type": "Feature", "properties": { "id": 308, "population": 138 }, "geometry": { "type": "Polygon", "coordinates": [ [ [ 8.57708, 47.38545 ], [ 8.57731, 47.38372 ], [ 8.57971, 47.38309 ], [ 8.58188, 47.3842 ], [ 8.58166, 47.38593 ], [ 8.57926, 47.38655 ], [ 8.57708, 47.38545 ], [ 8.57708, 47.38545 ] ] ] } },
{ "type": "Feature", "properties": { "id": 309, "population": 107 }, "geometry": { "type": "Polygon", "coordinates": [ [ [ 8.50729, 47.3335 ], [ 8.50751, 47.33177 ], [ 8.50991, 47.33114 ], [ 8.51208, 47.33224 ], [ 8.51186, 47.33397 ], [ 8.50946, 47.3346 ], [ 8.50729, 47.3335 ], [ 8.50729, 47.3335 ] ] ] } },
{ "type": "Feature", "properties": { "id": 310, "population": 0 }, "geometry": { "type": "Polygon", "coordinates": [ [ [ 8.47185, 47.37449 ], [ 8.47208, 47.37276 ], [ 8.47448, 47.37214 ], [ 8.47665, 47.37324 ], [ 8.47643, 47.37497 ], [ 8.47403, 47.37559 ], [ 8.47185, 47.37449 ], [ 8.47185, 47.37449 ] ] ] } },
{ "type": "Feature", "properties": { "id": 311, "population": 416 }, "geometry": { "type": "Polygon", "coordinates": [ [ [ 8.48483, 47.3995 ], [ 8.48506, 47.39777 ], [ 8.48746, 47.39715 ], [ 8.48963, 47.39825 ], [ 8.48941, 47.39998 ], [ 8.48701, 47.4006 ], [ 8.48483, 47.3995 ], [ 8.48483, 47.3995 ] ] ] } },
{ "type": "Feature", "properties": { "id": 312, "population": 295 }, "geometry": { "type": "Polygon", "coordinates": [ [ [ 8.534, 47.35994 ], [ 8.53422, 47.35822 ], [ 8.53662, 47.35759 ], [ 8.5388, 47.35869 ], [ 8.53857, 47.36042 ], [ 8.53617, 47.36105 ], [ 8.534, 47.35994 ], [ 8.534, 47.35994 ] ] ] } },
{ "type": "Feature", "properties": { "id": 313, "population": 0 }, "geometry": { "type": "Polygon", "coordinates": [ [ [ 8.50009, 47.33538 ], [ 8.50032, 47.33365 ], [ 8.50272, 47.33302 ], [ 8.50489, 47.33412 ], [ 8.50467, 47.33585 ], [ 8.50227, 47.33648 ], [ 8.50009, 47.33538 ], [ 8.50009, 47.33538 ] ] ] } },
{ "type": "Feature", "properties": { "id": 314, "population": 768 }, "geometry": { "type": "Polygon", "coordinates": [ [ [ 8.54237, 47.40287 ], [ 8.54259, 47.40114 ], [ 8.54499, 47.40052 ], [ 8.54717, 47.40162 ], [ 8.54695, 47.40335 ], [ 8.54455, 47.40397 ], [ 8.54237, 47.40287 ], [ 8.54237, 47.40287 ] ] ] } },
{ "type": "Feature", "properties": { "id": 315, "population": 630 }, "geometry": { "type": "Polygon", "coordinates": [ [ [ 8.4993, 47.37736 ], [ 8.49952, 47.37563 ], [ 8.50192, 47.375 ], [ 8.50409, 47.37611 ], [ 8.50387, 47.37784 ], [ 8.50147, 47.37846 ], [ 8.4993, 47.37736 ], [ 8.4993, 47.37736 ] ] ] } },
{ "type": "Feature", "properties": { "id": 316, "population": 34 }, "geometry": { "type": "Polygon", "coordinates": [ [ [ 8.51546, 47.4316 ], [ 8.51569, 47.42987 ], [ 8.51809, 47.42925 ], [ 8.52026, 47.43035 ], [ 8.52004, 47.43208 ], [ 8.51764, 47.4327 ], [ 8.51546, 47.4316 ], [ 8.51546, 47.4316 ] ] ] } },
{ "type": "Feature", "properties": { "id": 317, "population": 807 }, "geometry": { "type": "Polygon", "coordinates": [ [ [ 8.56207, 47.37601 ], [ 8.56229, 47.37428 ], [ 8.56469, 47.37365 ], [ 8.56686, 47.37475 ], [ 8.56664, 47.37648 ], [ 8.56424, 47.37711 ], [ 8.56207, 47.37601 ], [ 8.56207, 47.37601 ] ] ] } },
{ "type": "Feature", "properties": { "id": 318, "population": 259 }, "geometry": { "type": "Polygon", "coordinates": [ [ [ 8.51704, 47.34766 ], [ 8.51727, 47.34593 ], [ 8.51966, 47.34531 ], [ 8.52184, 47.34641 ], [ 8.52162, 47.34814 ], [ 8.51922, 47.34876 ], [ 8.51704, 47.34766 ], [ 8.51704, 47.34766 ] ] ] } },
{ "type": "Feature", "properties": { "id": 319, "population": 810 }, "geometry": { "type": "Polygon", "coordinates": [ [ [ 8.57113, 47.41374 ], [ 8.57135, 47.41201 ], [ 8.57375, 47.41139 ], [ 8.57593, 47.41249 ], [ 8.5757, 47.41422 ], [ 8.5733, 47.41484 ], [ 8.57113, 47.41374 ], [ 8.57113, 47.41374 ] ] ] } },
{ "type": "Feature", "properties": { "id": 320, "population": 195 }, "geometry": { "type": "Polygon", "coordinates": [ [ [ 8.51899, 47.35049 ], [ 8.51922, 47.34876 ], [ 8.52162, 47.34814 ], [ 8.52379, 47.34924 ], [ 8.52357, 47.35097 ], [ 8.52117, 47.3516 ], [ 8.51899, 47.35049 ], [ 8.51899, 47.35049 ] ] ] } },
{ "type": "Feature", "properties": { "id": 321, "population": 27 }, "geometry": { "type": "Polygon", "coordinates": [ [ [ 8.51485, 47.4184 ], [ 8.51507, 47.41667 ], [ 8.51748, 47.41605 ], [ 8.51965, 47.41715 ], [ 8.51943, 47.41888 ], [ 8.51703, 47.4195 ], [ 8.51485, 47.4184 ], [ 8.51485, 47.4184 ] ] ] } },
{ "type": "Feature", "properties": { "id": 322, "population": 905 }, "geometry": { "type": "Polygon", "coordinates": [ [ [ 8.5541, 47.41986 ], [ 8.55432, 47.41813 ], [ 8.55672, 47.4175 ], [ 8.5589, 47.4186 ], [ 8.55868, 47.42033 ], [ 8.55628, 47.42096 ], [ 8.5541, 47.41986 ], [ 8.5541, 47.41986 ] ] ] } },
{ "type": "Feature", "properties": { "id": 323, "population": 894 }, "geometry": { "type": "Polygon", "coordinates": [ [ [ 8.54767, 47.37977 ], [ 8.54789, 47.37804 ], [ 8.55029, 47.37741 ], [ 8.55247, 47.37852 ], [ 8.55225, 47.38024 ], [ 8.54985, 47.38087 ], [ 8.54767, 47.37977 ], [ 8.54767, 47.37977 ] ] ] } },
{ "type": "Feature", "properties": { "id": 324, "population": 0 }, "geometry": { "type": "Polygon", "coordinates": [ [ [ 8.50204, 47.33821 ], [ 8.50227, 47.33648 ], [ 8.50467, 47.33585 ], [ 8.50684, 47.33696 ], [ 8.50662, 47.33869 ], [ 8.50422, 47.33931 ], [ 8.50204, 47.33821 ], [ 8.50204, 47.33821 ] ] ] } },
{ "type": "Feature", "properties": { "id": 325, "population": 996 }, "geometry": { "type": "Polygon", "coordinates": [ [ [ 8.53651, 47.39438 ], [ 8.53673, 47.39265 ], [ 8.53913, 47.39202 ], [ 8.54131, 47.39313 ], [ 8.54109, 47.39485 ], [ 8.53869, 47.39548 ], [ 8.53651, 47.39438 ], [ 8.53651, 47.39438 ] ] ] } },
{ "type": "Feature", "properties": { "id": 326, "population": 1068 }, "geometry": { "type": "Polygon", "coordinates": [ [ [ 8.52875, 47.36466 ], [ 8.52898, 47.36293 ], [ 8.53138, 47.3623 ], [ 8.53355, 47.3634 ], [ 8.53333, 47.36513 ], [ 8.53093, 47.36576 ], [ 8.52875, 47.36466 ], [ 8.52875, 47.36466 ] ] ] } },
{ "type": "Feature", "properties": { "id": 327, "population": 0 }, "geometry": { "type": "Polygon", "coordinates": [ [ [ 8.50406, 47.32264 ], [ 8.50428, 47.32091 ], [ 8.50668, 47.32028 ], [ 8.50885, 47.32139 ], [ 8.50863, 47.32312 ], [ 8.50623, 47.32374 ], [ 8.50406, 47.32264 ], [ 8.50406, 47.32264 ] ] ] } },
{ "type": "Feature", "properties": { "id": 328, "population": 985 }, "geometry": { "type": "Polygon", "coordinates": [ [ [ 8.53266, 47.37032 ], [ 8.53288, 47.36859 ], [ 8.53528, 47.36797 ], [ 8.53746, 47.36907 ], [ 8.53723, 47.3708 ], [ 8.53483, 47.37142 ], [ 8.53266, 47.37032 ], [ 8.53266, 47.37032 ] ] ] } },
{ "type": "Feature", "properties": { "id": 329, "population": 325 }, "geometry": { "type": "Polygon", "coordinates": [ [ [ 8.56788, 47.40289 ], [ 8.5681, 47.40117 ], [ 8.5705, 47.40054 ], [ 8.57268, 47.40164 ], [ 8.57246, 47.40337 ], [ 8.57006, 47.404 ], [ 8.56788, 47.40289 ], [ 8.56788, 47.40289 ] ] ] } },
{ "type": "Feature", "properties": { "id": 330, "population": 0 }, "geometry": { "type": "Polygon", "coordinates": [ [ [ 8.51357, 47.41038 ], [ 8.51379, 47.40866 ], [ 8.51619, 47.40803 ], [ 8.51837, 47.40913 ], [ 8.51815, 47.41086 ], [ 8.51575, 47.41149 ], [ 8.51357, 47.41038 ], [ 8.51357, 47.41038 ] ] ] } },
{ "type": "Feature", "properties": { "id": 331, "population": 573 }, "geometry": { "type": "Polygon", "coordinates": [ [ [ 8.58499, 47.35998 ], [ 8.58521, 47.35825 ], [ 8.58761, 47.35762 ], [ 8.58979, 47.35873 ], [ 8.58957, 47.36046 ], [ 8.58717, 47.36108 ], [ 8.58499, 47.35998 ], [ 8.58499, 47.35998 ] ] ] } },
{ "type": "Feature", "properties": { "id": 332, "population": 948 }, "geometry": { "type": "Polygon", "coordinates": [ [ [ 8.5326, 47.38872 ], [ 8.53283, 47.38699 ], [ 8.53523, 47.38636 ], [ 8.5374, 47.38746 ], [ 8.53718, 47.38919 ], [ 8.53478, 47.38982 ], [ 8.5326, 47.38872 ], [ 8.5326, 47.38872 ] ] ] } },
{ "type": "Feature", "properties": { "id": 333, "population": 761 }, "geometry": { "type": "Polygon", "coordinates": [ [ [ 8.51503, 47.36323 ], [ 8.51525, 47.3615 ], [ 8.51765, 47.36087 ], [ 8.51983, 47.36197 ], [ 8.51961, 47.3637 ], [ 8.51721, 47.36433 ], [ 8.51503, 47.36323 ], [ 8.51503, 47.36323 ] ] ] } },
{ "type": "Feature", "properties": { "id": 334, "population": 964 }, "geometry": { "type": "Polygon", "coordinates": [ [ [ 8.54823, 47.41137 ], [ 8.54846, 47.40964 ], [ 8.55086, 47.40901 ], [ 8.55303, 47.41011 ], [ 8.55281, 47.41184 ], [ 8.55041, 47.41247 ], [ 8.54823, 47.41137 ], [ 8.54823, 47.41137 ] ] ] } },
{ "type": "Feature", "properties": { "id": 335, "population": 351 }, "geometry": { "type": "Polygon", "coordinates": [ [ [ 8.56802, 47.3477 ], [ 8.56825, 47.34597 ], [ 8.57064, 47.34535 ], [ 8.57282, 47.34645 ], [ 8.5726, 47.34818 ], [ 8.5702, 47.34881 ], [ 8.56802, 47.3477 ], [ 8.56802, 47.3477 ] ] ] } },
{ "type": "Feature", "properties": { "id": 336, "population": 897 }, "geometry": { "type": "Polygon", "coordinates": [ [ [ 8.54242, 47.38448 ], [ 8.54265, 47.38275 ], [ 8.54505, 47.38212 ], [ 8.54722, 47.38323 ], [ 8.547, 47.38496 ], [ 8.5446, 47.38558 ], [ 8.54242, 47.38448 ], [ 8.54242, 47.38448 ] ] ] } },
{ "type": "Feature", "properties": { "id": 337, "population": 0 }, "geometry": { "type": "Polygon", "coordinates": [ [ [ 8.59477, 47.37414 ], [ 8.59499, 47.37241 ], [ 8.59739, 47.37178 ], [ 8.59957, 47.37288 ], [ 8.59935, 47.37461 ], [ 8.59695, 47.37524 ], [ 8.59477, 47.37414 ], [ 8.59477, 47.37414 ] ] ] } },
{ "type": "Feature", "properties": { "id": 338, "population": 419 }, "geometry": { "type": "Polygon", "coordinates": [ [ [ 8.53667, 47.33919 ], [ 8.5369, 47.33746 ], [ 8.5393, 47.33683 ], [ 8.54147, 47.33793 ], [ 8.54125, 47.33966 ], [ 8.53885, 47.34029 ], [ 8.53667, 47.33919 ], [ 8.53667, 47.33919 ] ] ] } },
{ "type": "Feature", "properties": { "id": 339, "population": 831 }, "geometry": { "type": "Polygon", "coordinates": [ [ [ 8.49795, 47.38773 ], [ 8.49818, 47.386 ], [ 8.50058, 47.38538 ], [ 8.50275, 47.38648 ], [ 8.50253, 47.38821 ], [ 8.50013, 47.38883 ], [ 8.49795, 47.38773 ], [ 8.49795, 47.38773 ] ] ] } },
{ "type": "Feature", "properties": { "id": 340, "population": 910 }, "geometry": { "type": "Polygon", "coordinates": [ [ [ 8.53126, 47.39909 ], [ 8.53149, 47.39736 ], [ 8.53389, 47.39673 ], [ 8.53606, 47.39784 ], [ 8.53584, 47.39956 ], [ 8.53344, 47.40019 ], [ 8.53126, 47.39909 ], [ 8.53126, 47.39909 ] ] ] } },
{ "type": "Feature", "properties": { "id": 341, "population": 660 }, "geometry": { "type": "Polygon", "coordinates": [ [ [ 8.54165, 47.42644 ], [ 8.54187, 47.42472 ], [ 8.54427, 47.42409 ], [ 8.54645, 47.42519 ], [ 8.54623, 47.42692 ], [ 8.54383, 47.42755 ], [ 8.54165, 47.42644 ], [ 8.54165, 47.42644 ] ] ] } },
{ "type": "Feature", "properties": { "id": 342, "population": 734 }, "geometry": { "type": "Polygon", "coordinates": [ [ [ 8.48752, 47.37876 ], [ 8.48775, 47.37703 ], [ 8.49015, 47.3764 ], [ 8.49232, 47.37751 ], [ 8.4921, 47.37924 ], [ 8.4897, 47.37986 ], [ 8.48752, 47.37876 ], [ 8.48752, 47.37876 ] ] ] } },
{ "type": "Feature", "properties": { "id": 343, "population": 828 }, "geometry": { "type": "Polygon", "coordinates": [ [ [ 8.5634, 47.36563 ], [ 8.56362, 47.3639 ], [ 8.56602, 47.36327 ], [ 8.5682, 47.36438 ], [ 8.56798, 47.3661 ], [ 8.56558, 47.36673 ], [ 8.5634, 47.36563 ], [ 8.5634, 47.36563 ] ] ] } },
{ "type": "Feature", "properties": { "id": 344, "population": 905 }, "geometry": { "type": "Polygon", "coordinates": [ [ [ 8.54433, 47.4057 ], [ 8.54455, 47.40397 ], [ 8.54695, 47.40335 ], [ 8.54913, 47.40445 ], [ 8.5489, 47.40618 ], [ 8.5465, 47.40681 ], [ 8.54433, 47.4057 ], [ 8.54433, 47.4057 ] ] ] } },
{ "type": "Feature", "properties": { "id": 345, "population": 945 }, "geometry": { "type": "Polygon", "coordinates": [ [ [ 8.5287, 47.38305 ], [ 8.52892, 47.38132 ], [ 8.53132, 47.3807 ], [ 8.5335, 47.3818 ], [ 8.53327, 47.38353 ], [ 8.53087, 47.38415 ], [ 8.5287, 47.38305 ], [ 8.5287, 47.38305 ] ] ] } },
{ "type": "Feature", "properties": { "id": 346, "population": 697 }, "geometry": { "type": "Polygon", "coordinates": [ [ [ 8.48416, 47.40469 ], [ 8.48439, 47.40296 ], [ 8.48678, 47.40233 ], [ 8.48896, 47.40344 ], [ 8.48874, 47.40516 ], [ 8.48634, 47.40579 ], [ 8.48416, 47.40469 ], [ 8.48416, 47.40469 ] ] ] } },
{ "type": "Feature", "properties": { "id": 347, "population": 0 }, "geometry": { "type": "Polygon", "coordinates": [ [ [ 8.57975, 47.3647 ], [ 8.57997, 47.36297 ], [ 8.58237, 47.36234 ], [ 8.58455, 47.36344 ], [ 8.58433, 47.36517 ], [ 8.58193, 47.3658 ], [ 8.57975, 47.3647 ], [ 8.57975, 47.3647 ] ] ] } },
{ "type": "Feature", "properties": { "id": 348, "population": 55 }, "geometry": { "type": "Polygon", "coordinates": [ [ [ 8.54644, 47.35335 ], [ 8.54666, 47.35162 ], [ 8.54906, 47.35099 ], [ 8.55123, 47.3521 ], [ 8.55101, 47.35383 ], [ 8.54861, 47.35445 ], [ 8.54644, 47.35335 ], [ 8.54644, 47.35335 ] ] ] } },
{ "type": "Feature", "properties": { "id": 349, "population": 579 }, "geometry": { "type": "Polygon", "coordinates": [ [ [ 8.54839, 47.35618 ], [ 8.54861, 47.35445 ], [ 8.55101, 47.35383 ], [ 8.55319, 47.35493 ], [ 8.55296, 47.35666 ], [ 8.55057, 47.35729 ], [ 8.54839, 47.35618 ], [ 8.54839, 47.35618 ] ] ] } },
{ "type": "Feature", "properties": { "id": 350, "population": 687 }, "geometry": { "type": "Polygon", "coordinates": [ [ [ 8.54427, 47.42409 ], [ 8.5445, 47.42236 ], [ 8.5469, 47.42174 ], [ 8.54907, 47.42284 ], [ 8.54885, 47.42457 ], [ 8.54645, 47.42519 ], [ 8.54427, 47.42409 ], [ 8.54427, 47.42409 ] ] ] } },
{ "type": "Feature", "properties": { "id": 351, "population": 293 }, "geometry": { "type": "Polygon", "coordinates": [ [ [ 8.49936, 47.35896 ], [ 8.49958, 47.35723 ], [ 8.50198, 47.35661 ], [ 8.50416, 47.35771 ], [ 8.50393, 47.35944 ], [ 8.50153, 47.36007 ], [ 8.49936, 47.35896 ], [ 8.49936, 47.35896 ] ] ] } },
{ "type": "Feature", "properties": { "id": 352, "population": 604 }, "geometry": { "type": "Polygon", "coordinates": [ [ [ 8.48026, 47.39902 ], [ 8.48048, 47.39729 ], [ 8.48288, 47.39667 ], [ 8.48506, 47.39777 ], [ 8.48483, 47.3995 ], [ 8.48243, 47.40013 ], [ 8.48026, 47.39902 ], [ 8.48026, 47.39902 ] ] ] } },
{ "type": "Feature", "properties": { "id": 353, "population": 983 }, "geometry": { "type": "Polygon", "coordinates": [ [ [ 8.49802, 47.36934 ], [ 8.49824, 47.36761 ], [ 8.50064, 47.36698 ], [ 8.50281, 47.36809 ], [ 8.50259, 47.36982 ], [ 8.50019, 47.37044 ], [ 8.49802, 47.36934 ], [ 8.49802, 47.36934 ] ] ] } },
{ "type": "Feature", "properties": { "id": 354, "population": 863 }, "geometry": { "type": "Polygon", "coordinates": [ [ [ 8.53143, 47.3439 ], [ 8.53166, 47.34217 ], [ 8.53405, 47.34154 ], [ 8.53623, 47.34265 ], [ 8.53601, 47.34438 ], [ 8.53361, 47.345 ], [ 8.53143, 47.3439 ], [ 8.53143, 47.3439 ] ] ] } },
{ "type": "Feature", "properties": { "id": 355, "population": 62 }, "geometry": { "type": "Polygon", "coordinates": [ [ [ 8.49715, 47.42969 ], [ 8.49738, 47.42796 ], [ 8.49978, 47.42734 ], [ 8.50195, 47.42844 ], [ 8.50173, 47.43017 ], [ 8.49933, 47.43079 ], [ 8.49715, 47.42969 ], [ 8.49715, 47.42969 ] ] ] } },
{ "type": "Feature", "properties": { "id": 356, "population": 668 }, "geometry": { "type": "Polygon", "coordinates": [ [ [ 8.49082, 47.37122 ], [ 8.49104, 47.36949 ], [ 8.49344, 47.36886 ], [ 8.49562, 47.36996 ], [ 8.49539, 47.37169 ], [ 8.49299, 47.37232 ], [ 8.49082, 47.37122 ], [ 8.49082, 47.37122 ] ] ] } },
{ "type": "Feature", "properties": { "id": 357, "population": 0 }, "geometry": { "type": "Polygon", "coordinates": [ [ [ 8.61049, 47.35999 ], [ 8.61072, 47.35826 ], [ 8.61312, 47.35763 ], [ 8.61529, 47.35873 ], [ 8.61507, 47.36046 ], [ 8.61267, 47.36109 ], [ 8.61049, 47.35999 ], [ 8.61049, 47.35999 ] ] ] } },
{ "type": "Feature", "properties": { "id": 358, "population": 0 }, "geometry": { "type": "Polygon", "coordinates": [ [ [ 8.57117, 47.39535 ], [ 8.57139, 47.39362 ], [ 8.57379, 47.393 ], [ 8.57597, 47.3941 ], [ 8.57575, 47.39583 ], [ 8.57335, 47.39645 ], [ 8.57117, 47.39535 ], [ 8.57117, 47.39535 ] ] ] } },
{ "type": "Feature", "properties": { "id": 359, "population": 213 }, "geometry": { "type": "Polygon", "coordinates": [ [ [ 8.48019, 47.41741 ], [ 8.48041, 47.41568 ], [ 8.48281, 47.41505 ], [ 8.48499, 47.41616 ], [ 8.48477, 47.41789 ], [ 8.48237, 47.41851 ], [ 8.48019, 47.41741 ], [ 8.48019, 47.41741 ] ] ] } },
{ "type": "Feature", "properties": { "id": 360, "population": 412 }, "geometry": { "type": "Polygon", "coordinates": [ [ [ 8.49325, 47.42403 ], [ 8.49347, 47.4223 ], [ 8.49587, 47.42167 ], [ 8.49805, 47.42278 ], [ 8.49782, 47.4245 ], [ 8.49542, 47.42513 ], [ 8.49325, 47.42403 ], [ 8.49325, 47.42403 ] ] ] } },
{ "type": "Feature", "properties": { "id": 361, "population": 0 }, "geometry": { "type": "Polygon", "coordinates": [ [ [ 8.48692, 47.36555 ], [ 8.48714, 47.36382 ], [ 8.48954, 47.3632 ], [ 8.49172, 47.3643 ], [ 8.49149, 47.36603 ], [ 8.48909, 47.36665 ], [ 8.48692, 47.36555 ], [ 8.48692, 47.36555 ] ] ] } },
{ "type": "Feature", "properties": { "id": 362, "population": 769 }, "geometry": { "type": "Polygon", "coordinates": [ [ [ 8.4999, 47.39056 ], [ 8.50013, 47.38883 ], [ 8.50253, 47.38821 ], [ 8.5047, 47.38931 ], [ 8.50448, 47.39104 ], [ 8.50208, 47.39167 ], [ 8.4999, 47.39056 ], [ 8.4999, 47.39056 ] ] ] } },
{ "type": "Feature", "properties": { "id": 363, "population": 663 }, "geometry": { "type": "Polygon", "coordinates": [ [ [ 8.49607, 47.36651 ], [ 8.49629, 47.36478 ], [ 8.49869, 47.36415 ], [ 8.50086, 47.36525 ], [ 8.50064, 47.36698 ], [ 8.49824, 47.36761 ], [ 8.49607, 47.36651 ], [ 8.49607, 47.36651 ] ] ] } },
{ "type": "Feature", "properties": { "id": 364, "population": 0 }, "geometry": { "type": "Polygon", "coordinates": [ [ [ 8.55744, 47.39393 ], [ 8.55766, 47.3922 ], [ 8.56006, 47.39157 ], [ 8.56224, 47.39267 ], [ 8.56202, 47.3944 ], [ 8.55962, 47.39503 ], [ 8.55744, 47.39393 ], [ 8.55744, 47.39393 ] ] ] } },
{ "type": "Feature", "properties": { "id": 365, "population": 13 }, "geometry": { "type": "Polygon", "coordinates": [ [ [ 8.55811, 47.38874 ], [ 8.55833, 47.38701 ], [ 8.56073, 47.38638 ], [ 8.56291, 47.38749 ], [ 8.56268, 47.38921 ], [ 8.56029, 47.38984 ], [ 8.55811, 47.38874 ], [ 8.55811, 47.38874 ] ] ] } },
{ "type": "Feature", "properties": { "id": 366, "population": 840 }, "geometry": { "type": "Polygon", "coordinates": [ [ [ 8.51436, 47.36842 ], [ 8.51458, 47.36669 ], [ 8.51698, 47.36606 ], [ 8.51916, 47.36716 ], [ 8.51893, 47.36889 ], [ 8.51654, 47.36952 ], [ 8.51436, 47.36842 ], [ 8.51436, 47.36842 ] ] ] } },
{ "type": "Feature", "properties": { "id": 367, "population": 644 }, "geometry": { "type": "Polygon", "coordinates": [ [ [ 8.5321, 47.33871 ], [ 8.53232, 47.33698 ], [ 8.53472, 47.33635 ], [ 8.5369, 47.33746 ], [ 8.53667, 47.33919 ], [ 8.53428, 47.33981 ], [ 8.5321, 47.33871 ], [ 8.5321, 47.33871 ] ] ] } },
{ "type": "Feature", "properties": { "id": 368, "population": 789 }, "geometry": { "type": "Polygon", "coordinates": [ [ [ 8.48557, 47.37593 ], [ 8.4858, 47.3742 ], [ 8.4882, 47.37357 ], [ 8.49037, 47.37467 ], [ 8.49015, 47.3764 ], [ 8.48775, 47.37703 ], [ 8.48557, 47.37593 ], [ 8.48557, 47.37593 ] ] ] } },
{ "type": "Feature", "properties": { "id": 369, "population": 483 }, "geometry": { "type": "Polygon", "coordinates": [ [ [ 8.54098, 47.43163 ], [ 8.5412, 47.4299 ], [ 8.5436, 47.42928 ], [ 8.54578, 47.43038 ], [ 8.54556, 47.43211 ], [ 8.54316, 47.43273 ], [ 8.54098, 47.43163 ], [ 8.54098, 47.43163 ] ] ] } },
{ "type": "Feature", "properties": { "id": 370, "population": 365 }, "geometry": { "type": "Polygon", "coordinates": [ [ [ 8.49789, 47.40612 ], [ 8.49811, 47.40439 ], [ 8.50051, 47.40377 ], [ 8.50269, 47.40487 ], [ 8.50246, 47.4066 ], [ 8.50006, 47.40722 ], [ 8.49789, 47.40612 ], [ 8.49789, 47.40612 ] ] ] } },
{ "type": "Feature", "properties": { "id": 371, "population": 799 }, "geometry": { "type": "Polygon", "coordinates": [ [ [ 8.56721, 47.40808 ], [ 8.56744, 47.40635 ], [ 8.56984, 47.40573 ], [ 8.57202, 47.40683 ], [ 8.57179, 47.40856 ], [ 8.56939, 47.40918 ], [ 8.56721, 47.40808 ], [ 8.56721, 47.40808 ] ] ] } },
{ "type": "Feature", "properties": { "id": 372, "population": 924 }, "geometry": { "type": "Polygon", "coordinates": [ [ [ 8.56917, 47.41091 ], [ 8.56939, 47.40918 ], [ 8.57179, 47.40856 ], [ 8.57397, 47.40966 ], [ 8.57375, 47.41139 ], [ 8.57135, 47.41201 ], [ 8.56917, 47.41091 ], [ 8.56917, 47.41091 ] ] ] } },
{ "type": "Feature", "properties": { "id": 373, "population": 112 }, "geometry": { "type": "Polygon", "coordinates": [ [ [ 8.59743, 47.35338 ], [ 8.59765, 47.35165 ], [ 8.60005, 47.35102 ], [ 8.60223, 47.35212 ], [ 8.60201, 47.35385 ], [ 8.59961, 47.35448 ], [ 8.59743, 47.35338 ], [ 8.59743, 47.35338 ] ] ] } },
{ "type": "Feature", "properties": { "id": 374, "population": 953 }, "geometry": { "type": "Polygon", "coordinates": [ [ [ 8.52412, 47.38258 ], [ 8.52435, 47.38085 ], [ 8.52674, 47.38022 ], [ 8.52892, 47.38132 ], [ 8.5287, 47.38305 ], [ 8.5263, 47.38368 ], [ 8.52412, 47.38258 ], [ 8.52412, 47.38258 ] ] ] } },
{ "type": "Feature", "properties": { "id": 375, "population": 924 }, "geometry": { "type": "Polygon", "coordinates": [ [ [ 8.50186, 47.3934 ], [ 8.50208, 47.39167 ], [ 8.50448, 47.39104 ], [ 8.50665, 47.39214 ], [ 8.50643, 47.39387 ], [ 8.50403, 47.3945 ], [ 8.50186, 47.3934 ], [ 8.50186, 47.3934 ] ] ] } },
{ "type": "Feature", "properties": { "id": 376, "population": 83 }, "geometry": { "type": "Polygon", "coordinates": [ [ [ 8.5171, 47.32926 ], [ 8.51733, 47.32753 ], [ 8.51972, 47.3269 ], [ 8.5219, 47.32801 ], [ 8.52167, 47.32974 ], [ 8.51928, 47.33036 ], [ 8.5171, 47.32926 ], [ 8.5171, 47.32926 ] ] ] } },
{ "type": "Feature", "properties": { "id": 377, "population": 848 }, "geometry": { "type": "Polygon", "coordinates": [ [ [ 8.48093, 47.39384 ], [ 8.48116, 47.39211 ], [ 8.48356, 47.39148 ], [ 8.48573, 47.39259 ], [ 8.48551, 47.39432 ], [ 8.48311, 47.39494 ], [ 8.48093, 47.39384 ], [ 8.48093, 47.39384 ] ] ] } },
{ "type": "Feature", "properties": { "id": 378, "population": 620 }, "geometry": { "type": "Polygon", "coordinates": [ [ [ 8.58882, 47.40244 ], [ 8.58904, 47.40071 ], [ 8.59144, 47.40008 ], [ 8.59362, 47.40118 ], [ 8.5934, 47.40291 ], [ 8.591, 47.40354 ], [ 8.58882, 47.40244 ], [ 8.58882, 47.40244 ] ] ] } },
{ "type": "Feature", "properties": { "id": 379, "population": 676 }, "geometry": { "type": "Polygon", "coordinates": [ [ [ 8.5451, 47.36373 ], [ 8.54532, 47.362 ], [ 8.54772, 47.36137 ], [ 8.5499, 47.36247 ], [ 8.54967, 47.3642 ], [ 8.54728, 47.36483 ], [ 8.5451, 47.36373 ], [ 8.5451, 47.36373 ] ] ] } },
{ "type": "Feature", "properties": { "id": 380, "population": 0 }, "geometry": { "type": "Polygon", "coordinates": [ [ [ 8.54382, 47.35571 ], [ 8.54404, 47.35398 ], [ 8.54644, 47.35335 ], [ 8.54861, 47.35445 ], [ 8.54839, 47.35618 ], [ 8.54599, 47.35681 ], [ 8.54382, 47.35571 ], [ 8.54382, 47.35571 ] ] ] } },
{ "type": "Feature", "properties": { "id": 381, "population": 621 }, "geometry": { "type": "Polygon", "coordinates": [ [ [ 8.50765, 47.42028 ], [ 8.50787, 47.41855 ], [ 8.51027, 47.41792 ], [ 8.51245, 47.41903 ], [ 8.51223, 47.42075 ], [ 8.50983, 47.42138 ], [ 8.50765, 47.42028 ], [ 8.50765, 47.42028 ] ] ] } },
{ "type": "Feature", "properties": { "id": 382, "population": 165 }, "geometry": { "type": "Polygon", "coordinates": [ [ [ 8.51156, 47.42594 ], [ 8.51178, 47.42421 ], [ 8.51418, 47.42358 ], [ 8.51636, 47.42469 ], [ 8.51613, 47.42641 ], [ 8.51373, 47.42704 ], [ 8.51156, 47.42594 ], [ 8.51156, 47.42594 ] ] ] } },
{ "type": "Feature", "properties": { "id": 383, "population": 255 }, "geometry": { "type": "Polygon", "coordinates": [ [ [ 8.57184, 47.39016 ], [ 8.57206, 47.38844 ], [ 8.57446, 47.38781 ], [ 8.57664, 47.38891 ], [ 8.57642, 47.39064 ], [ 8.57402, 47.39127 ], [ 8.57184, 47.39016 ], [ 8.57184, 47.39016 ] ] ] } },
{ "type": "Feature", "properties": { "id": 384, "population": 918 }, "geometry": { "type": "Polygon", "coordinates": [ [ [ 8.52686, 47.34343 ], [ 8.52708, 47.3417 ], [ 8.52948, 47.34107 ], [ 8.53166, 47.34217 ], [ 8.53143, 47.3439 ], [ 8.52903, 47.34453 ], [ 8.52686, 47.34343 ], [ 8.52686, 47.34343 ] ] ] } },
{ "type": "Feature", "properties": { "id": 385, "population": 20 }, "geometry": { "type": "Polygon", "coordinates": [ [ [ 8.49392, 47.41884 ], [ 8.49414, 47.41711 ], [ 8.49654, 47.41649 ], [ 8.49872, 47.41759 ], [ 8.4985, 47.41932 ], [ 8.4961, 47.41995 ], [ 8.49392, 47.41884 ], [ 8.49392, 47.41884 ] ] ] } },
{ "type": "Feature", "properties": { "id": 386, "population": 843 }, "geometry": { "type": "Polygon", "coordinates": [ [ [ 8.52931, 47.39626 ], [ 8.52953, 47.39453 ], [ 8.53193, 47.3939 ], [ 8.53411, 47.395 ], [ 8.53389, 47.39673 ], [ 8.53149, 47.39736 ], [ 8.52931, 47.39626 ], [ 8.52931, 47.39626 ] ] ] } },
{ "type": "Feature", "properties": { "id": 387, "population": 46 }, "geometry": { "type": "Polygon", "coordinates": [ [ [ 8.58491, 47.39678 ], [ 8.58513, 47.39505 ], [ 8.58753, 47.39442 ], [ 8.58971, 47.39552 ], [ 8.58948, 47.39725 ], [ 8.58708, 47.39788 ], [ 8.58491, 47.39678 ], [ 8.58491, 47.39678 ] ] ] } },
{ "type": "Feature", "properties": { "id": 388, "population": 557 }, "geometry": { "type": "Polygon", "coordinates": [ [ [ 8.53009, 47.35428 ], [ 8.53032, 47.35255 ], [ 8.53271, 47.35192 ], [ 8.53489, 47.35303 ], [ 8.53467, 47.35476 ], [ 8.53227, 47.35538 ], [ 8.53009, 47.35428 ], [ 8.53009, 47.35428 ] ] ] } },
{ "type": "Feature", "properties": { "id": 389, "population": 836 }, "geometry": { "type": "Polygon", "coordinates": [ [ [ 8.51302, 47.37879 ], [ 8.51324, 47.37706 ], [ 8.51564, 47.37644 ], [ 8.51782, 47.37754 ], [ 8.51759, 47.37927 ], [ 8.51519, 47.37989 ], [ 8.51302, 47.37879 ], [ 8.51302, 47.37879 ] ] ] } },
{ "type": "Feature", "properties": { "id": 390, "population": 112 }, "geometry": { "type": "Polygon", "coordinates": [ [ [ 8.49264, 47.41083 ], [ 8.49286, 47.4091 ], [ 8.49526, 47.40847 ], [ 8.49744, 47.40958 ], [ 8.49722, 47.4113 ], [ 8.49482, 47.41193 ], [ 8.49264, 47.41083 ], [ 8.49264, 47.41083 ] ] ] } },
{ "type": "Feature", "properties": { "id": 391, "population": 975 }, "geometry": { "type": "Polygon", "coordinates": [ [ [ 8.55749, 47.37553 ], [ 8.55771, 47.3738 ], [ 8.56011, 47.37318 ], [ 8.56229, 47.37428 ], [ 8.56207, 47.37601 ], [ 8.55967, 47.37663 ], [ 8.55749, 47.37553 ], [ 8.55749, 47.37553 ] ] ] } },
{ "type": "Feature", "properties": { "id": 392, "population": 2 }, "geometry": { "type": "Polygon", "coordinates": [ [ [ 8.60983, 47.36518 ], [ 8.61005, 47.36345 ], [ 8.61245, 47.36282 ], [ 8.61463, 47.36392 ], [ 8.61441, 47.36565 ], [ 8.61201, 47.36628 ], [ 8.60983, 47.36518 ], [ 8.60983, 47.36518 ] ] ] } },
{ "type": "Feature", "properties": { "id": 393, "population": 0 }, "geometry": { "type": "Polygon", "coordinates": [ [ [ 8.61507, 47.36046 ], [ 8.61529, 47.35873 ], [ 8.61769, 47.35811 ], [ 8.61987, 47.35921 ], [ 8.61965, 47.36094 ], [ 8.61725, 47.36157 ], [ 8.61507, 47.36046 ], [ 8.61507, 47.36046 ] ] ] } },
{ "type": "Feature", "properties": { "id": 394, "population": 97 }, "geometry": { "type": "Polygon", "coordinates": [ [ [ 8.56793, 47.3845 ], [ 8.56815, 47.38277 ], [ 8.57055, 47.38215 ], [ 8.57273, 47.38325 ], [ 8.57251, 47.38498 ], [ 8.57011, 47.3856 ], [ 8.56793, 47.3845 ], [ 8.56793, 47.3845 ] ] ] } },
{ "type": "Feature", "properties": { "id": 395, "population": 467 }, "geometry": { "type": "Polygon", "coordinates": [ [ [ 8.48086, 47.41222 ], [ 8.48109, 47.4105 ], [ 8.48349, 47.40987 ], [ 8.48566, 47.41097 ], [ 8.48544, 47.4127 ], [ 8.48304, 47.41333 ], [ 8.48086, 47.41222 ], [ 8.48086, 47.41222 ] ] ] } },
{ "type": "Feature", "properties": { "id": 396, "population": 1058 }, "geometry": { "type": "Polygon", "coordinates": [ [ [ 8.5143, 47.38681 ], [ 8.51452, 47.38508 ], [ 8.51692, 47.38445 ], [ 8.5191, 47.38556 ], [ 8.51888, 47.38729 ], [ 8.51648, 47.38791 ], [ 8.5143, 47.38681 ], [ 8.5143, 47.38681 ] ] ] } },
{ "type": "Feature", "properties": { "id": 397, "population": 745 }, "geometry": { "type": "Polygon", "coordinates": [ [ [ 8.58357, 47.40715 ], [ 8.5838, 47.40542 ], [ 8.5862, 47.40479 ], [ 8.58837, 47.4059 ], [ 8.58815, 47.40762 ], [ 8.58575, 47.40825 ], [ 8.58357, 47.40715 ], [ 8.58357, 47.40715 ] ] ] } },
{ "type": "Feature", "properties": { "id": 398, "population": 798 }, "geometry": { "type": "Polygon", "coordinates": [ [ [ 8.53986, 47.36844 ], [ 8.54008, 47.36671 ], [ 8.54248, 47.36609 ], [ 8.54465, 47.36719 ], [ 8.54443, 47.36892 ], [ 8.54203, 47.36954 ], [ 8.53986, 47.36844 ], [ 8.53986, 47.36844 ] ] ] } },
{ "type": "Feature", "properties": { "id": 399, "population": 11 }, "geometry": { "type": "Polygon", "coordinates": [ [ [ 8.48631, 47.35234 ], [ 8.48654, 47.35061 ], [ 8.48894, 47.34999 ], [ 8.49111, 47.35109 ], [ 8.49089, 47.35282 ], [ 8.48849, 47.35345 ], [ 8.48631, 47.35234 ], [ 8.48631, 47.35234 ] ] ] } },
{ "type": "Feature", "properties": { "id": 400, "population": 853 }, "geometry": { "type": "Polygon", "coordinates": [ [ [ 8.54103, 47.41324 ], [ 8.54126, 47.41152 ], [ 8.54366, 47.41089 ], [ 8.54583, 47.41199 ], [ 8.54561, 47.41372 ], [ 8.54321, 47.41435 ], [ 8.54103, 47.41324 ], [ 8.54103, 47.41324 ] ] ] } },
{ "type": "Feature", "properties": { "id": 401, "population": 0 }, "geometry": { "type": "Polygon", "coordinates": [ [ [ 8.57313, 47.39818 ], [ 8.57335, 47.39645 ], [ 8.57575, 47.39583 ], [ 8.57793, 47.39693 ], [ 8.57771, 47.39866 ], [ 8.57531, 47.39928 ], [ 8.57313, 47.39818 ], [ 8.57313, 47.39818 ] ] ] } },
{ "type": "Feature", "properties": { "id": 402, "population": 46 }, "geometry": { "type": "Polygon", "coordinates": [ [ [ 8.59285, 47.35291 ], [ 8.59308, 47.35118 ], [ 8.59548, 47.35055 ], [ 8.59765, 47.35165 ], [ 8.59743, 47.35338 ], [ 8.59503, 47.35401 ], [ 8.59285, 47.35291 ], [ 8.59285, 47.35291 ] ] ] } },
{ "type": "Feature", "properties": { "id": 403, "population": 1041 }, "geometry": { "type": "Polygon", "coordinates": [ [ [ 8.54376, 47.37411 ], [ 8.54399, 47.37238 ], [ 8.54638, 47.37175 ], [ 8.54856, 47.37285 ], [ 8.54834, 47.37458 ], [ 8.54594, 47.37521 ], [ 8.54376, 47.37411 ], [ 8.54376, 47.37411 ] ] ] } },
{ "type": "Feature", "properties": { "id": 404, "population": 84 }, "geometry": { "type": "Polygon", "coordinates": [ [ [ 8.50631, 47.43064 ], [ 8.50653, 47.42892 ], [ 8.50893, 47.42829 ], [ 8.51111, 47.42939 ], [ 8.51088, 47.43112 ], [ 8.50848, 47.43175 ], [ 8.50631, 47.43064 ], [ 8.50631, 47.43064 ] ] ] } },
{ "type": "Feature", "properties": { "id": 405, "population": 262 }, "geometry": { "type": "Polygon", "coordinates": [ [ [ 8.59481, 47.35574 ], [ 8.59503, 47.35401 ], [ 8.59743, 47.35338 ], [ 8.59961, 47.35448 ], [ 8.59939, 47.35621 ], [ 8.59699, 47.35684 ], [ 8.59481, 47.35574 ], [ 8.59481, 47.35574 ] ] ] } },
{ "type": "Feature", "properties": { "id": 406, "population": 118 }, "geometry": { "type": "Polygon", "coordinates": [ [ [ 8.52406, 47.40097 ], [ 8.52429, 47.39924 ], [ 8.52669, 47.39861 ], [ 8.52886, 47.39971 ], [ 8.52864, 47.40144 ], [ 8.52624, 47.40207 ], [ 8.52406, 47.40097 ], [ 8.52406, 47.40097 ] ] ] } },
{ "type": "Feature", "properties": { "id": 407, "population": 381 }, "geometry": { "type": "Polygon", "coordinates": [ [ [ 8.57966, 47.40149 ], [ 8.57988, 47.39976 ], [ 8.58228, 47.39913 ], [ 8.58446, 47.40023 ], [ 8.58424, 47.40196 ], [ 8.58184, 47.40259 ], [ 8.57966, 47.40149 ], [ 8.57966, 47.40149 ] ] ] } },
{ "type": "Feature", "properties": { "id": 408, "population": 731 }, "geometry": { "type": "Polygon", "coordinates": [ [ [ 8.5273, 47.41181 ], [ 8.52752, 47.41009 ], [ 8.52992, 47.40946 ], [ 8.5321, 47.41056 ], [ 8.53188, 47.41229 ], [ 8.52948, 47.41292 ], [ 8.5273, 47.41181 ], [ 8.5273, 47.41181 ] ] ] } },
{ "type": "Feature", "properties": { "id": 409, "population": 0 }, "geometry": { "type": "Polygon", "coordinates": [ [ [ 8.61116, 47.3548 ], [ 8.61138, 47.35307 ], [ 8.61378, 47.35244 ], [ 8.61596, 47.35354 ], [ 8.61574, 47.35527 ], [ 8.61334, 47.3559 ], [ 8.61116, 47.3548 ], [ 8.61116, 47.3548 ] ] ] } },
{ "type": "Feature", "properties": { "id": 410, "population": 324 }, "geometry": { "type": "Polygon", "coordinates": [ [ [ 8.55353, 47.38826 ], [ 8.55375, 47.38653 ], [ 8.55615, 47.38591 ], [ 8.55833, 47.38701 ], [ 8.55811, 47.38874 ], [ 8.55571, 47.38937 ], [ 8.55353, 47.38826 ], [ 8.55353, 47.38826 ] ] ] } },
{ "type": "Feature", "properties": { "id": 411, "population": 260 }, "geometry": { "type": "Polygon", "coordinates": [ [ [ 8.46788, 47.38722 ], [ 8.46811, 47.38549 ], [ 8.47051, 47.38486 ], [ 8.47268, 47.38597 ], [ 8.47246, 47.38769 ], [ 8.47006, 47.38832 ], [ 8.46788, 47.38722 ], [ 8.46788, 47.38722 ] ] ] } },
{ "type": "Feature", "properties": { "id": 412, "population": 488 }, "geometry": { "type": "Polygon", "coordinates": [ [ [ 8.47696, 47.40656 ], [ 8.47719, 47.40483 ], [ 8.47959, 47.40421 ], [ 8.48176, 47.40531 ], [ 8.48154, 47.40704 ], [ 8.47914, 47.40766 ], [ 8.47696, 47.40656 ], [ 8.47696, 47.40656 ] ] ] } },
{ "type": "Feature", "properties": { "id": 413, "population": 0 }, "geometry": { "type": "Polygon", "coordinates": [ [ [ 8.47448, 47.37214 ], [ 8.4747, 47.37041 ], [ 8.4771, 47.36978 ], [ 8.47927, 47.37089 ], [ 8.47905, 47.37261 ], [ 8.47665, 47.37324 ], [ 8.47448, 47.37214 ], [ 8.47448, 47.37214 ] ] ] } },
{ "type": "Feature", "properties": { "id": 414, "population": 557 }, "geometry": { "type": "Polygon", "coordinates": [ [ [ 8.51034, 47.39954 ], [ 8.51056, 47.39781 ], [ 8.51296, 47.39718 ], [ 8.51513, 47.39828 ], [ 8.51491, 47.40001 ], [ 8.51251, 47.40064 ], [ 8.51034, 47.39954 ], [ 8.51034, 47.39954 ] ] ] } },
{ "type": "Feature", "properties": { "id": 415, "population": 797 }, "geometry": { "type": "Polygon", "coordinates": [ [ [ 8.56011, 47.37318 ], [ 8.56033, 47.37145 ], [ 8.56273, 47.37082 ], [ 8.56491, 47.37192 ], [ 8.56469, 47.37365 ], [ 8.56229, 47.37428 ], [ 8.56011, 47.37318 ], [ 8.56011, 47.37318 ] ] ] } },
{ "type": "Feature", "properties": { "id": 416, "population": 545 }, "geometry": { "type": "Polygon", "coordinates": [ [ [ 8.53707, 47.42597 ], [ 8.53729, 47.42424 ], [ 8.53969, 47.42361 ], [ 8.54187, 47.42472 ], [ 8.54165, 47.42644 ], [ 8.53925, 47.42707 ], [ 8.53707, 47.42597 ], [ 8.53707, 47.42597 ] ] ] } },
{ "type": "Feature", "properties": { "id": 417, "population": 0 }, "geometry": { "type": "Polygon", "coordinates": [ [ [ 8.48995, 47.43156 ], [ 8.49017, 47.42984 ], [ 8.49257, 47.42921 ], [ 8.49475, 47.43031 ], [ 8.49453, 47.43204 ], [ 8.49213, 47.43267 ], [ 8.48995, 47.43156 ], [ 8.48995, 47.43156 ] ] ] } },
{ "type": "Feature", "properties": { "id": 418, "population": 837 }, "geometry": { "type": "Polygon", "coordinates": [ [ [ 8.55816, 47.37034 ], [ 8.55838, 47.36861 ], [ 8.56078, 47.36799 ], [ 8.56296, 47.36909 ], [ 8.56273, 47.37082 ], [ 8.56033, 47.37145 ], [ 8.55816, 47.37034 ], [ 8.55816, 47.37034 ] ] ] } },
{ "type": "Feature", "properties": { "id": 419, "population": 593 }, "geometry": { "type": "Polygon", "coordinates": [ [ [ 8.48362, 47.37309 ], [ 8.48385, 47.37136 ], [ 8.48625, 47.37074 ], [ 8.48842, 47.37184 ], [ 8.4882, 47.37357 ], [ 8.4858, 47.3742 ], [ 8.48362, 47.37309 ], [ 8.48362, 47.37309 ] ] ] } },
{ "type": "Feature", "properties": { "id": 420, "population": 232 }, "geometry": { "type": "Polygon", "coordinates": [ [ [ 8.52205, 47.41652 ], [ 8.52228, 47.41479 ], [ 8.52468, 47.41417 ], [ 8.52685, 47.41527 ], [ 8.52663, 47.417 ], [ 8.52423, 47.41763 ], [ 8.52205, 47.41652 ], [ 8.52205, 47.41652 ] ] ] } },
{ "type": "Feature", "properties": { "id": 421, "population": 651 }, "geometry": { "type": "Polygon", "coordinates": [ [ [ 8.49782, 47.4245 ], [ 8.49805, 47.42278 ], [ 8.50045, 47.42215 ], [ 8.50262, 47.42325 ], [ 8.5024, 47.42498 ], [ 8.5, 47.42561 ], [ 8.49782, 47.4245 ], [ 8.49782, 47.4245 ] ] ] } },
{ "type": "Feature", "properties": { "id": 422, "population": 259 }, "geometry": { "type": "Polygon", "coordinates": [ [ [ 8.55415, 47.40147 ], [ 8.55437, 47.39974 ], [ 8.55677, 47.39911 ], [ 8.55895, 47.40022 ], [ 8.55873, 47.40194 ], [ 8.55633, 47.40257 ], [ 8.55415, 47.40147 ], [ 8.55415, 47.40147 ] ] ] } },
{ "type": "Feature", "properties": { "id": 423, "population": 3 }, "geometry": { "type": "Polygon", "coordinates": [ [ [ 8.47299, 47.41928 ], [ 8.47321, 47.41755 ], [ 8.47561, 47.41693 ], [ 8.47779, 47.41803 ], [ 8.47757, 47.41976 ], [ 8.47517, 47.42038 ], [ 8.47299, 47.41928 ], [ 8.47299, 47.41928 ] ] ] } },
{ "type": "Feature", "properties": { "id": 424, "population": 677 }, "geometry": { "type": "Polygon", "coordinates": [ [ [ 8.51107, 47.37596 ], [ 8.51129, 47.37423 ], [ 8.51369, 47.3736 ], [ 8.51587, 47.37471 ], [ 8.51564, 47.37644 ], [ 8.51324, 47.37706 ], [ 8.51107, 47.37596 ], [ 8.51107, 47.37596 ] ] ] } },
{ "type": "Feature", "properties": { "id": 425, "population": 404 }, "geometry": { "type": "Polygon", "coordinates": [ [ [ 8.53338, 47.34673 ], [ 8.53361, 47.345 ], [ 8.53601, 47.34438 ], [ 8.53818, 47.34548 ], [ 8.53796, 47.34721 ], [ 8.53556, 47.34784 ], [ 8.53338, 47.34673 ], [ 8.53338, 47.34673 ] ] ] } },
{ "type": "Feature", "properties": { "id": 426, "population": 945 }, "geometry": { "type": "Polygon", "coordinates": [ [ [ 8.55425, 47.36468 ], [ 8.55447, 47.36295 ], [ 8.55687, 47.36232 ], [ 8.55905, 47.36343 ], [ 8.55883, 47.36515 ], [ 8.55643, 47.36578 ], [ 8.55425, 47.36468 ], [ 8.55425, 47.36468 ] ] ] } },
{ "type": "Feature", "properties": { "id": 427, "population": 0 }, "geometry": { "type": "Polygon", "coordinates": [ [ [ 8.46863, 47.36364 ], [ 8.46885, 47.36191 ], [ 8.47125, 47.36128 ], [ 8.47342, 47.36239 ], [ 8.4732, 47.36412 ], [ 8.4708, 47.36474 ], [ 8.46863, 47.36364 ], [ 8.46863, 47.36364 ] ] ] } },
{ "type": "Feature", "properties": { "id": 428, "population": 253 }, "geometry": { "type": "Polygon", "coordinates": [ [ [ 8.55024, 47.39581 ], [ 8.55046, 47.39408 ], [ 8.55286, 47.39345 ], [ 8.55504, 47.39455 ], [ 8.55482, 47.39628 ], [ 8.55242, 47.39691 ], [ 8.55024, 47.39581 ], [ 8.55024, 47.39581 ] ] ] } },
{ "type": "Feature", "properties": { "id": 429, "population": 256 }, "geometry": { "type": "Polygon", "coordinates": [ [ [ 8.49411, 47.36367 ], [ 8.49434, 47.36194 ], [ 8.49674, 47.36132 ], [ 8.49891, 47.36242 ], [ 8.49869, 47.36415 ], [ 8.49629, 47.36478 ], [ 8.49411, 47.36367 ], [ 8.49411, 47.36367 ] ] ] } },
{ "type": "Feature", "properties": { "id": 430, "population": 874 }, "geometry": { "type": "Polygon", "coordinates": [ [ [ 8.50716, 47.37029 ], [ 8.50739, 47.36856 ], [ 8.50979, 47.36794 ], [ 8.51196, 47.36904 ], [ 8.51174, 47.37077 ], [ 8.50934, 47.3714 ], [ 8.50716, 47.37029 ], [ 8.50716, 47.37029 ] ] ] } },
{ "type": "Feature", "properties": { "id": 431, "population": 246 }, "geometry": { "type": "Polygon", "coordinates": [ [ [ 8.48221, 47.40185 ], [ 8.48243, 47.40013 ], [ 8.48483, 47.3995 ], [ 8.48701, 47.4006 ], [ 8.48678, 47.40233 ], [ 8.48439, 47.40296 ], [ 8.48221, 47.40185 ], [ 8.48221, 47.40185 ] ] ] } },
{ "type": "Feature", "properties": { "id": 432, "population": 446 }, "geometry": { "type": "Polygon", "coordinates": [ [ [ 8.51381, 47.33681 ], [ 8.51403, 47.33508 ], [ 8.51643, 47.33445 ], [ 8.51861, 47.33555 ], [ 8.51838, 47.33728 ], [ 8.51599, 47.33791 ], [ 8.51381, 47.33681 ], [ 8.51381, 47.33681 ] ] ] } },
{ "type": "Feature", "properties": { "id": 433, "population": 424 }, "geometry": { "type": "Polygon", "coordinates": [ [ [ 8.47838, 47.3778 ], [ 8.4786, 47.37607 ], [ 8.481, 47.37545 ], [ 8.48317, 47.37655 ], [ 8.48295, 47.37828 ], [ 8.48055, 47.3789 ], [ 8.47838, 47.3778 ], [ 8.47838, 47.3778 ] ] ] } },
{ "type": "Feature", "properties": { "id": 434, "population": 839 }, "geometry": { "type": "Polygon", "coordinates": [ [ [ 8.496, 47.3849 ], [ 8.49622, 47.38317 ], [ 8.49862, 47.38255 ], [ 8.5008, 47.38365 ], [ 8.50058, 47.38538 ], [ 8.49818, 47.386 ], [ 8.496, 47.3849 ], [ 8.496, 47.3849 ] ] ] } },
{ "type": "Feature", "properties": { "id": 435, "population": 97 }, "geometry": { "type": "Polygon", "coordinates": [ [ [ 8.50003, 47.35378 ], [ 8.50025, 47.35205 ], [ 8.50265, 47.35142 ], [ 8.50483, 47.35252 ], [ 8.5046, 47.35425 ], [ 8.50221, 47.35488 ], [ 8.50003, 47.35378 ], [ 8.50003, 47.35378 ] ] ] } },
{ "type": "Feature", "properties": { "id": 436, "population": 722 }, "geometry": { "type": "Polygon", "coordinates": [ [ [ 8.52272, 47.41134 ], [ 8.52295, 47.40961 ], [ 8.52535, 47.40898 ], [ 8.52752, 47.41009 ], [ 8.5273, 47.41181 ], [ 8.5249, 47.41244 ], [ 8.52272, 47.41134 ], [ 8.52272, 47.41134 ] ] ] } },
{ "type": "Feature", "properties": { "id": 437, "population": 985 }, "geometry": { "type": "Polygon", "coordinates": [ [ [ 8.5489, 47.40618 ], [ 8.54913, 47.40445 ], [ 8.55153, 47.40382 ], [ 8.5537, 47.40493 ], [ 8.55348, 47.40665 ], [ 8.55108, 47.40728 ], [ 8.5489, 47.40618 ], [ 8.5489, 47.40618 ] ] ] } },
{ "type": "Feature", "properties": { "id": 438, "population": 0 }, "geometry": { "type": "Polygon", "coordinates": [ [ [ 8.49021, 47.35801 ], [ 8.49044, 47.35628 ], [ 8.49284, 47.35565 ], [ 8.49501, 47.35676 ], [ 8.49479, 47.35849 ], [ 8.49239, 47.35911 ], [ 8.49021, 47.35801 ], [ 8.49021, 47.35801 ] ] ] } },
{ "type": "Feature", "properties": { "id": 439, "population": 810 }, "geometry": { "type": "Polygon", "coordinates": [ [ [ 8.50582, 47.38067 ], [ 8.50605, 47.37894 ], [ 8.50844, 47.37831 ], [ 8.51062, 47.37942 ], [ 8.5104, 47.38115 ], [ 8.508, 47.38177 ], [ 8.50582, 47.38067 ], [ 8.50582, 47.38067 ] ] ] } },
{ "type": "Feature", "properties": { "id": 440, "population": 0 }, "geometry": { "type": "Polygon", "coordinates": [ [ [ 8.5869, 47.38121 ], [ 8.58713, 47.37948 ], [ 8.58953, 47.37885 ], [ 8.5917, 47.37996 ], [ 8.59148, 47.38169 ], [ 8.58908, 47.38231 ], [ 8.5869, 47.38121 ], [ 8.5869, 47.38121 ] ] ] } },
{ "type": "Feature", "properties": { "id": 441, "population": 385 }, "geometry": { "type": "Polygon", "coordinates": [ [ [ 8.50991, 47.33114 ], [ 8.51013, 47.32941 ], [ 8.51253, 47.32878 ], [ 8.5147, 47.32989 ], [ 8.51448, 47.33162 ], [ 8.51208, 47.33224 ], [ 8.50991, 47.33114 ], [ 8.50991, 47.33114 ] ] ] } },
{ "type": "Feature", "properties": { "id": 442, "population": 688 }, "geometry": { "type": "Polygon", "coordinates": [ [ [ 8.55081, 47.4274 ], [ 8.55103, 47.42567 ], [ 8.55343, 47.42504 ], [ 8.55561, 47.42614 ], [ 8.55538, 47.42787 ], [ 8.55298, 47.4285 ], [ 8.55081, 47.4274 ], [ 8.55081, 47.4274 ] ] ] } },
{ "type": "Feature", "properties": { "id": 443, "population": 0 }, "geometry": { "type": "Polygon", "coordinates": [ [ [ 8.46466, 47.37637 ], [ 8.46488, 47.37464 ], [ 8.46728, 47.37401 ], [ 8.46945, 47.37512 ], [ 8.46923, 47.37684 ], [ 8.46683, 47.37747 ], [ 8.46466, 47.37637 ], [ 8.46466, 47.37637 ] ] ] } },
{ "type": "Feature", "properties": { "id": 444, "population": 680 }, "geometry": { "type": "Polygon", "coordinates": [ [ [ 8.50576, 47.39906 ], [ 8.50598, 47.39733 ], [ 8.50838, 47.3967 ], [ 8.51056, 47.39781 ], [ 8.51034, 47.39954 ], [ 8.50794, 47.40016 ], [ 8.50576, 47.39906 ], [ 8.50576, 47.39906 ] ] ] } },
{ "type": "Feature", "properties": { "id": 445, "population": 909 }, "geometry": { "type": "Polygon", "coordinates": [ [ [ 8.5268, 47.36182 ], [ 8.52702, 47.3601 ], [ 8.52942, 47.35947 ], [ 8.5316, 47.36057 ], [ 8.53138, 47.3623 ], [ 8.52898, 47.36293 ], [ 8.5268, 47.36182 ], [ 8.5268, 47.36182 ] ] ] } },
{ "type": "Feature", "properties": { "id": 446, "population": 314 }, "geometry": { "type": "Polygon", "coordinates": [ [ [ 8.50771, 47.40189 ], [ 8.50794, 47.40016 ], [ 8.51034, 47.39954 ], [ 8.51251, 47.40064 ], [ 8.51229, 47.40237 ], [ 8.50989, 47.40299 ], [ 8.50771, 47.40189 ], [ 8.50771, 47.40189 ] ] ] } },
{ "type": "Feature", "properties": { "id": 447, "population": 920 }, "geometry": { "type": "Polygon", "coordinates": [ [ [ 8.54494, 47.41891 ], [ 8.54516, 47.41718 ], [ 8.54757, 47.41655 ], [ 8.54974, 47.41765 ], [ 8.54952, 47.41938 ], [ 8.54712, 47.42001 ], [ 8.54494, 47.41891 ], [ 8.54494, 47.41891 ] ] ] } },
{ "type": "Feature", "properties": { "id": 448, "population": 543 }, "geometry": { "type": "Polygon", "coordinates": [ [ [ 8.50192, 47.375 ], [ 8.50214, 47.37327 ], [ 8.50454, 47.37265 ], [ 8.50672, 47.37375 ], [ 8.50649, 47.37548 ], [ 8.50409, 47.37611 ], [ 8.50192, 47.375 ], [ 8.50192, 47.375 ] ] ] } },
{ "type": "Feature", "properties": { "id": 449, "population": 358 }, "geometry": { "type": "Polygon", "coordinates": [ [ [ 8.5364, 47.43115 ], [ 8.53662, 47.42942 ], [ 8.53902, 47.4288 ], [ 8.5412, 47.4299 ], [ 8.54098, 47.43163 ], [ 8.53858, 47.43226 ], [ 8.5364, 47.43115 ], [ 8.5364, 47.43115 ] ] ] } },
{ "type": "Feature", "properties": { "id": 450, "population": 15 }, "geometry": { "type": "Polygon", "coordinates": [ [ [ 8.58299, 47.37555 ], [ 8.58322, 47.37382 ], [ 8.58562, 47.37319 ], [ 8.58779, 47.37429 ], [ 8.58757, 47.37602 ], [ 8.58517, 47.37665 ], [ 8.58299, 47.37555 ], [ 8.58299, 47.37555 ] ] ] } },
{ "type": "Feature", "properties": { "id": 451, "population": 842 }, "geometry": { "type": "Polygon", "coordinates": [ [ [ 8.55034, 47.35902 ], [ 8.55057, 47.35729 ], [ 8.55296, 47.35666 ], [ 8.55514, 47.35776 ], [ 8.55492, 47.35949 ], [ 8.55252, 47.36012 ], [ 8.55034, 47.35902 ], [ 8.55034, 47.35902 ] ] ] } },
{ "type": "Feature", "properties": { "id": 452, "population": 0 }, "geometry": { "type": "Polygon", "coordinates": [ [ [ 8.50985, 47.34954 ], [ 8.51007, 47.34781 ], [ 8.51247, 47.34719 ], [ 8.51464, 47.34829 ], [ 8.51442, 47.35002 ], [ 8.51202, 47.35064 ], [ 8.50985, 47.34954 ], [ 8.50985, 47.34954 ] ] ] } },
{ "type": "Feature", "properties": { "id": 453, "population": 804 }, "geometry": { "type": "Polygon", "coordinates": [ [ [ 8.5229, 47.35616 ], [ 8.52312, 47.35443 ], [ 8.52552, 47.3538 ], [ 8.52769, 47.35491 ], [ 8.52747, 47.35664 ], [ 8.52507, 47.35726 ], [ 8.5229, 47.35616 ], [ 8.5229, 47.35616 ] ] ] } },
{ "type": "Feature", "properties": { "id": 454, "population": 323 }, "geometry": { "type": "Polygon", "coordinates": [ [ [ 8.51748, 47.41605 ], [ 8.5177, 47.41432 ], [ 8.5201, 47.41369 ], [ 8.52228, 47.41479 ], [ 8.52205, 47.41652 ], [ 8.51965, 47.41715 ], [ 8.51748, 47.41605 ], [ 8.51748, 47.41605 ] ] ] } },
{ "type": "Feature", "properties": { "id": 455, "population": 1057 }, "geometry": { "type": "Polygon", "coordinates": [ [ [ 8.54047, 47.38165 ], [ 8.54069, 47.37992 ], [ 8.54309, 47.37929 ], [ 8.54527, 47.3804 ], [ 8.54505, 47.38212 ], [ 8.54265, 47.38275 ], [ 8.54047, 47.38165 ], [ 8.54047, 47.38165 ] ] ] } },
{ "type": "Feature", "properties": { "id": 456, "population": 19 }, "geometry": { "type": "Polygon", "coordinates": [ [ [ 8.52138, 47.42171 ], [ 8.52161, 47.41998 ], [ 8.52401, 47.41935 ], [ 8.52618, 47.42046 ], [ 8.52596, 47.42218 ], [ 8.52356, 47.42281 ], [ 8.52138, 47.42171 ], [ 8.52138, 47.42171 ] ] ] } },
{ "type": "Feature", "properties": { "id": 457, "population": 229 }, "geometry": { "type": "Polygon", "coordinates": [ [ [ 8.59152, 47.36329 ], [ 8.59175, 47.36156 ], [ 8.59414, 47.36093 ], [ 8.59632, 47.36203 ], [ 8.5961, 47.36376 ], [ 8.5937, 47.36439 ], [ 8.59152, 47.36329 ], [ 8.59152, 47.36329 ] ] ] } },
{ "type": "Feature", "properties": { "id": 458, "population": 14 }, "geometry": { "type": "Polygon", "coordinates": [ [ [ 8.58166, 47.38593 ], [ 8.58188, 47.3842 ], [ 8.58428, 47.38357 ], [ 8.58646, 47.38467 ], [ 8.58624, 47.3864 ], [ 8.58384, 47.38703 ], [ 8.58166, 47.38593 ], [ 8.58166, 47.38593 ] ] ] } },
{ "type": "Feature", "properties": { "id": 459, "population": 0 }, "geometry": { "type": "Polygon", "coordinates": [ [ [ 8.50595, 47.34388 ], [ 8.50617, 47.34215 ], [ 8.50857, 47.34152 ], [ 8.51074, 47.34262 ], [ 8.51052, 47.34435 ], [ 8.50812, 47.34498 ], [ 8.50595, 47.34388 ], [ 8.50595, 47.34388 ] ] ] } },
{ "type": "Feature", "properties": { "id": 460, "population": 508 }, "geometry": { "type": "Polygon", "coordinates": [ [ [ 8.5282, 47.33305 ], [ 8.52842, 47.33132 ], [ 8.53082, 47.33069 ], [ 8.53299, 47.33179 ], [ 8.53277, 47.33352 ], [ 8.53037, 47.33415 ], [ 8.5282, 47.33305 ], [ 8.5282, 47.33305 ] ] ] } },
{ "type": "Feature", "properties": { "id": 461, "population": 0 }, "geometry": { "type": "Polygon", "coordinates": [ [ [ 8.54711, 47.34816 ], [ 8.54733, 47.34643 ], [ 8.54973, 47.3458 ], [ 8.5519, 47.34691 ], [ 8.55168, 47.34864 ], [ 8.54928, 47.34926 ], [ 8.54711, 47.34816 ], [ 8.54711, 47.34816 ] ] ] } },
{ "type": "Feature", "properties": { "id": 462, "population": 968 }, "geometry": { "type": "Polygon", "coordinates": [ [ [ 8.53913, 47.39202 ], [ 8.53936, 47.39029 ], [ 8.54176, 47.38967 ], [ 8.54393, 47.39077 ], [ 8.54371, 47.3925 ], [ 8.54131, 47.39313 ], [ 8.53913, 47.39202 ], [ 8.53913, 47.39202 ] ] ] } },
{ "type": "Feature", "properties": { "id": 463, "population": 937 }, "geometry": { "type": "Polygon", "coordinates": [ [ [ 8.52156, 47.36654 ], [ 8.52178, 47.36481 ], [ 8.52418, 47.36418 ], [ 8.52636, 47.36528 ], [ 8.52613, 47.36701 ], [ 8.52373, 47.36764 ], [ 8.52156, 47.36654 ], [ 8.52156, 47.36654 ] ] ] } },
{ "type": "Feature", "properties": { "id": 464, "population": 398 }, "geometry": { "type": "Polygon", "coordinates": [ [ [ 8.57455, 47.35101 ], [ 8.57477, 47.34928 ], [ 8.57717, 47.34865 ], [ 8.57935, 47.34976 ], [ 8.57913, 47.35149 ], [ 8.57673, 47.35211 ], [ 8.57455, 47.35101 ], [ 8.57455, 47.35101 ] ] ] } },
{ "type": "Feature", "properties": { "id": 465, "population": 0 }, "geometry": { "type": "Polygon", "coordinates": [ [ [ 8.5817, 47.36753 ], [ 8.58193, 47.3658 ], [ 8.58433, 47.36517 ], [ 8.5865, 47.36627 ], [ 8.58628, 47.368 ], [ 8.58388, 47.36863 ], [ 8.5817, 47.36753 ], [ 8.5817, 47.36753 ] ] ] } },
{ "type": "Feature", "properties": { "id": 466, "population": 1045 }, "geometry": { "type": "Polygon", "coordinates": [ [ [ 8.53656, 47.37599 ], [ 8.53679, 47.37426 ], [ 8.53919, 47.37363 ], [ 8.54136, 47.37473 ], [ 8.54114, 47.37646 ], [ 8.53874, 47.37709 ], [ 8.53656, 47.37599 ], [ 8.53656, 47.37599 ] ] ] } },
{ "type": "Feature", "properties": { "id": 467, "population": 564 }, "geometry": { "type": "Polygon", "coordinates": [ [ [ 8.48611, 47.40752 ], [ 8.48634, 47.40579 ], [ 8.48874, 47.40516 ], [ 8.49091, 47.40627 ], [ 8.49069, 47.408 ], [ 8.48829, 47.40862 ], [ 8.48611, 47.40752 ], [ 8.48611, 47.40752 ] ] ] } },
{ "type": "Feature", "properties": { "id": 468, "population": 407 }, "geometry": { "type": "Polygon", "coordinates": [ [ [ 8.58761, 47.35762 ], [ 8.58783, 47.35589 ], [ 8.59023, 47.35527 ], [ 8.59241, 47.35637 ], [ 8.59219, 47.3581 ], [ 8.58979, 47.35873 ], [ 8.58761, 47.35762 ], [ 8.58761, 47.35762 ] ] ] } },
{ "type": "Feature", "properties": { "id": 469, "population": 0 }, "geometry": { "type": "Polygon", "coordinates": [ [ [ 8.45484, 47.38059 ], [ 8.45506, 47.37886 ], [ 8.45746, 47.37824 ], [ 8.45963, 47.37934 ], [ 8.45941, 47.38107 ], [ 8.45701, 47.3817 ], [ 8.45484, 47.38059 ], [ 8.45484, 47.38059 ] ] ] } },
{ "type": "Feature", "properties": { "id": 470, "population": 154 }, "geometry": { "type": "Polygon", "coordinates": [ [ [ 8.5243, 47.32738 ], [ 8.52452, 47.32565 ], [ 8.52692, 47.32502 ], [ 8.52909, 47.32612 ], [ 8.52887, 47.32786 ], [ 8.52647, 47.32848 ], [ 8.5243, 47.32738 ], [ 8.5243, 47.32738 ] ] ] } },
{ "type": "Feature", "properties": { "id": 471, "population": 923 }, "geometry": { "type": "Polygon", "coordinates": [ [ [ 8.52937, 47.37786 ], [ 8.52959, 47.37614 ], [ 8.53199, 47.37551 ], [ 8.53417, 47.37661 ], [ 8.53394, 47.37834 ], [ 8.53154, 47.37897 ], [ 8.52937, 47.37786 ], [ 8.52937, 47.37786 ] ] ] } },
{ "type": "Feature", "properties": { "id": 472, "population": 0 }, "geometry": { "type": "Polygon", "coordinates": [ [ [ 8.5432, 47.3425 ], [ 8.54342, 47.34077 ], [ 8.54582, 47.34014 ], [ 8.548, 47.34124 ], [ 8.54777, 47.34297 ], [ 8.54538, 47.3436 ], [ 8.5432, 47.3425 ], [ 8.5432, 47.3425 ] ] ] } },
{ "type": "Feature", "properties": { "id": 473, "population": 1063 }, "geometry": { "type": "Polygon", "coordinates": [ [ [ 8.5254, 47.39059 ], [ 8.52563, 47.38887 ], [ 8.52803, 47.38824 ], [ 8.5302, 47.38934 ], [ 8.52998, 47.39107 ], [ 8.52758, 47.3917 ], [ 8.5254, 47.39059 ], [ 8.5254, 47.39059 ] ] ] } },
{ "type": "Feature", "properties": { "id": 474, "population": 786 }, "geometry": { "type": "Polygon", "coordinates": [ [ [ 8.55214, 47.41703 ], [ 8.55237, 47.4153 ], [ 8.55477, 47.41467 ], [ 8.55694, 47.41577 ], [ 8.55672, 47.4175 ], [ 8.55432, 47.41813 ], [ 8.55214, 47.41703 ], [ 8.55214, 47.41703 ] ] ] } },
{ "type": "Feature", "properties": { "id": 475, "population": 980 }, "geometry": { "type": "Polygon", "coordinates": [ [ [ 8.53523, 47.38636 ], [ 8.53545, 47.38463 ], [ 8.53785, 47.384 ], [ 8.54003, 47.38511 ], [ 8.5398, 47.38684 ], [ 8.5374, 47.38746 ], [ 8.53523, 47.38636 ], [ 8.53523, 47.38636 ] ] ] } },
{ "type": "Feature", "properties": { "id": 476, "population": 79 }, "geometry": { "type": "Polygon", "coordinates": [ [ [ 8.58757, 47.37602 ], [ 8.58779, 47.37429 ], [ 8.59019, 47.37367 ], [ 8.59237, 47.37477 ], [ 8.59215, 47.3765 ], [ 8.58975, 47.37712 ], [ 8.58757, 47.37602 ], [ 8.58757, 47.37602 ] ] ] } },
{ "type": "Feature", "properties": { "id": 477, "population": 857 }, "geometry": { "type": "Polygon", "coordinates": [ [ [ 8.53517, 47.40475 ], [ 8.53539, 47.40302 ], [ 8.53779, 47.4024 ], [ 8.53997, 47.4035 ], [ 8.53975, 47.40523 ], [ 8.53735, 47.40585 ], [ 8.53517, 47.40475 ], [ 8.53517, 47.40475 ] ] ] } },
{ "type": "Feature", "properties": { "id": 478, "population": 251 }, "geometry": { "type": "Polygon", "coordinates": [ [ [ 8.57322, 47.36139 ], [ 8.57344, 47.35966 ], [ 8.57584, 47.35903 ], [ 8.57802, 47.36013 ], [ 8.5778, 47.36186 ], [ 8.5754, 47.36249 ], [ 8.57322, 47.36139 ], [ 8.57322, 47.36139 ] ] ] } },
{ "type": "Feature", "properties": { "id": 479, "population": 807 }, "geometry": { "type": "Polygon", "coordinates": [ [ [ 8.53712, 47.40758 ], [ 8.53735, 47.40585 ], [ 8.53975, 47.40523 ], [ 8.54193, 47.40633 ], [ 8.5417, 47.40806 ], [ 8.5393, 47.40868 ], [ 8.53712, 47.40758 ], [ 8.53712, 47.40758 ] ] ] } },
{ "type": "Feature", "properties": { "id": 480, "population": 161 }, "geometry": { "type": "Polygon", "coordinates": [ [ [ 8.50863, 47.32312 ], [ 8.50885, 47.32139 ], [ 8.51125, 47.32076 ], [ 8.51342, 47.32186 ], [ 8.5132, 47.32359 ], [ 8.5108, 47.32422 ], [ 8.50863, 47.32312 ], [ 8.50863, 47.32312 ] ] ] } },
{ "type": "Feature", "properties": { "id": 481, "population": 0 }, "geometry": { "type": "Polygon", "coordinates": [ [ [ 8.46398, 47.38155 ], [ 8.46421, 47.37982 ], [ 8.46661, 47.3792 ], [ 8.46878, 47.3803 ], [ 8.46856, 47.38203 ], [ 8.46616, 47.38266 ], [ 8.46398, 47.38155 ], [ 8.46398, 47.38155 ] ] ] } },
{ "type": "Feature", "properties": { "id": 482, "population": 214 }, "geometry": { "type": "Polygon", "coordinates": [ [ [ 8.48806, 47.41035 ], [ 8.48829, 47.40862 ], [ 8.49069, 47.408 ], [ 8.49286, 47.4091 ], [ 8.49264, 47.41083 ], [ 8.49024, 47.41145 ], [ 8.48806, 47.41035 ], [ 8.48806, 47.41035 ] ] ] } },
{ "type": "Feature", "properties": { "id": 483, "population": 0 }, "geometry": { "type": "Polygon", "coordinates": [ [ [ 8.50077, 47.33019 ], [ 8.50099, 47.32846 ], [ 8.50339, 47.32783 ], [ 8.50556, 47.32893 ], [ 8.50534, 47.33066 ], [ 8.50294, 47.33129 ], [ 8.50077, 47.33019 ], [ 8.50077, 47.33019 ] ] ] } },
{ "type": "Feature", "properties": { "id": 484, "population": 1037 }, "geometry": { "type": "Polygon", "coordinates": [ [ [ 8.54628, 47.40853 ], [ 8.5465, 47.40681 ], [ 8.5489, 47.40618 ], [ 8.55108, 47.40728 ], [ 8.55086, 47.40901 ], [ 8.54846, 47.40964 ], [ 8.54628, 47.40853 ], [ 8.54628, 47.40853 ] ] ] } },
{ "type": "Feature", "properties": { "id": 485, "population": 0 }, "geometry": { "type": "Polygon", "coordinates": [ [ [ 8.58366, 47.37036 ], [ 8.58388, 47.36863 ], [ 8.58628, 47.368 ], [ 8.58846, 47.3691 ], [ 8.58824, 47.37083 ], [ 8.58584, 47.37146 ], [ 8.58366, 47.37036 ], [ 8.58366, 47.37036 ] ] ] } },
{ "type": "Feature", "properties": { "id": 486, "population": 50 }, "geometry": { "type": "Polygon", "coordinates": [ [ [ 8.55625, 47.34911 ], [ 8.55648, 47.34738 ], [ 8.55887, 47.34675 ], [ 8.56105, 47.34786 ], [ 8.56083, 47.34959 ], [ 8.55843, 47.35021 ], [ 8.55625, 47.34911 ], [ 8.55625, 47.34911 ] ] ] } },
{ "type": "Feature", "properties": { "id": 487, "population": 735 }, "geometry": { "type": "Polygon", "coordinates": [ [ [ 8.56407, 47.36044 ], [ 8.56429, 47.35871 ], [ 8.56669, 47.35808 ], [ 8.56887, 47.35919 ], [ 8.56864, 47.36092 ], [ 8.56624, 47.36154 ], [ 8.56407, 47.36044 ], [ 8.56407, 47.36044 ] ] ] } },
{ "type": "Feature", "properties": { "id": 488, "population": 390 }, "geometry": { "type": "Polygon", "coordinates": [ [ [ 8.56931, 47.35573 ], [ 8.56953, 47.354 ], [ 8.57193, 47.35337 ], [ 8.57411, 47.35447 ], [ 8.57389, 47.3562 ], [ 8.57149, 47.35683 ], [ 8.56931, 47.35573 ], [ 8.56931, 47.35573 ] ] ] } },
{ "type": "Feature", "properties": { "id": 489, "population": 423 }, "geometry": { "type": "Polygon", "coordinates": [ [ [ 8.50918, 47.35473 ], [ 8.5094, 47.353 ], [ 8.5118, 47.35237 ], [ 8.51397, 47.35348 ], [ 8.51375, 47.35521 ], [ 8.51135, 47.35583 ], [ 8.50918, 47.35473 ], [ 8.50918, 47.35473 ] ] ] } },
{ "type": "Feature", "properties": { "id": 490, "population": 877 }, "geometry": { "type": "Polygon", "coordinates": [ [ [ 8.47373, 47.39571 ], [ 8.47396, 47.39398 ], [ 8.47636, 47.39336 ], [ 8.47853, 47.39446 ], [ 8.47831, 47.39619 ], [ 8.47591, 47.39682 ], [ 8.47373, 47.39571 ], [ 8.47373, 47.39571 ] ] ] } },
{ "type": "Feature", "properties": { "id": 491, "population": 707 }, "geometry": { "type": "Polygon", "coordinates": [ [ [ 8.47306, 47.4009 ], [ 8.47328, 47.39917 ], [ 8.47568, 47.39854 ], [ 8.47786, 47.39965 ], [ 8.47763, 47.40138 ], [ 8.47523, 47.402 ], [ 8.47306, 47.4009 ], [ 8.47306, 47.4009 ] ] ] } },
{ "type": "Feature", "properties": { "id": 492, "population": 188 }, "geometry": { "type": "Polygon", "coordinates": [ [ [ 8.56798, 47.3661 ], [ 8.5682, 47.36438 ], [ 8.5706, 47.36375 ], [ 8.57277, 47.36485 ], [ 8.57255, 47.36658 ], [ 8.57015, 47.36721 ], [ 8.56798, 47.3661 ], [ 8.56798, 47.3661 ] ] ] } },
{ "type": "Feature", "properties": { "id": 493, "population": 949 }, "geometry": { "type": "Polygon", "coordinates": [ [ [ 8.53322, 47.40192 ], [ 8.53344, 47.40019 ], [ 8.53584, 47.39956 ], [ 8.53802, 47.40067 ], [ 8.53779, 47.4024 ], [ 8.53539, 47.40302 ], [ 8.53322, 47.40192 ], [ 8.53322, 47.40192 ] ] ] } },
{ "type": "Feature", "properties": { "id": 494, "population": 899 }, "geometry": { "type": "Polygon", "coordinates": [ [ [ 8.49344, 47.36886 ], [ 8.49367, 47.36713 ], [ 8.49607, 47.36651 ], [ 8.49824, 47.36761 ], [ 8.49802, 47.36934 ], [ 8.49562, 47.36996 ], [ 8.49344, 47.36886 ], [ 8.49344, 47.36886 ] ] ] } },
{ "type": "Feature", "properties": { "id": 495, "population": 885 }, "geometry": { "type": "Polygon", "coordinates": [ [ [ 8.49271, 47.39244 ], [ 8.49293, 47.39071 ], [ 8.49533, 47.39009 ], [ 8.4975, 47.39119 ], [ 8.49728, 47.39292 ], [ 8.49488, 47.39354 ], [ 8.49271, 47.39244 ], [ 8.49271, 47.39244 ] ] ] } },
{ "type": "Feature", "properties": { "id": 496, "population": 69 }, "geometry": { "type": "Polygon", "coordinates": [ [ [ 8.62031, 47.35575 ], [ 8.62053, 47.35402 ], [ 8.62293, 47.35339 ], [ 8.62511, 47.35449 ], [ 8.62489, 47.35622 ], [ 8.62249, 47.35685 ], [ 8.62031, 47.35575 ], [ 8.62031, 47.35575 ] ] ] } },
{ "type": "Feature", "properties": { "id": 497, "population": 563 }, "geometry": { "type": "Polygon", "coordinates": [ [ [ 8.53734, 47.334 ], [ 8.53757, 47.33227 ], [ 8.53996, 47.33164 ], [ 8.54214, 47.33274 ], [ 8.54192, 47.33447 ], [ 8.53952, 47.3351 ], [ 8.53734, 47.334 ], [ 8.53734, 47.334 ] ] ] } },
{ "type": "Feature", "properties": { "id": 498, "population": 0 }, "geometry": { "type": "Polygon", "coordinates": [ [ [ 8.56397, 47.39723 ], [ 8.56419, 47.3955 ], [ 8.56659, 47.39488 ], [ 8.56877, 47.39598 ], [ 8.56855, 47.39771 ], [ 8.56615, 47.39833 ], [ 8.56397, 47.39723 ], [ 8.56397, 47.39723 ] ] ] } },
{ "type": "Feature", "properties": { "id": 499, "population": 0 }, "geometry": { "type": "Polygon", "coordinates": [ [ [ 8.50527, 47.34906 ], [ 8.5055, 47.34733 ], [ 8.5079, 47.34671 ], [ 8.51007, 47.34781 ], [ 8.50985, 47.34954 ], [ 8.50745, 47.35017 ], [ 8.50527, 47.34906 ], [ 8.50527, 47.34906 ] ] ] } },
{ "type": "Feature", "properties": { "id": 500, "population": 1037 }, "geometry": { "type": "Polygon", "coordinates": [ [ [ 8.52089, 47.37172 ], [ 8.52111, 47.37 ], [ 8.52351, 47.36937 ], [ 8.52569, 47.37047 ], [ 8.52546, 47.3722 ], [ 8.52306, 47.37283 ], [ 8.52089, 47.37172 ], [ 8.52089, 47.37172 ] ] ] } },
{ "type": "Feature", "properties": { "id": 501, "population": 0 }, "geometry": { "type": "Polygon", "coordinates": [ [ [ 8.47972, 47.36743 ], [ 8.47995, 47.3657 ], [ 8.48235, 47.36507 ], [ 8.48452, 47.36618 ], [ 8.4843, 47.36791 ], [ 8.4819, 47.36853 ], [ 8.47972, 47.36743 ], [ 8.47972, 47.36743 ] ] ] } },
{ "type": "Feature", "properties": { "id": 502, "population": 1006 }, "geometry": { "type": "Polygon", "coordinates": [ [ [ 8.4888, 47.38678 ], [ 8.48903, 47.38505 ], [ 8.49143, 47.38442 ], [ 8.4936, 47.38553 ], [ 8.49338, 47.38725 ], [ 8.49098, 47.38788 ], [ 8.4888, 47.38678 ], [ 8.4888, 47.38678 ] ] ] } },
{ "type": "Feature", "properties": { "id": 503, "population": 526 }, "geometry": { "type": "Polygon", "coordinates": [ [ [ 8.50442, 47.40943 ], [ 8.50464, 47.4077 ], [ 8.50704, 47.40708 ], [ 8.50922, 47.40818 ], [ 8.50899, 47.40991 ], [ 8.50659, 47.41053 ], [ 8.50442, 47.40943 ], [ 8.50442, 47.40943 ] ] ] } },
{ "type": "Feature", "properties": { "id": 504, "population": 553 }, "geometry": { "type": "Polygon", "coordinates": [ [ [ 8.50393, 47.35944 ], [ 8.50416, 47.35771 ], [ 8.50655, 47.35709 ], [ 8.50873, 47.35819 ], [ 8.50851, 47.35992 ], [ 8.50611, 47.36054 ], [ 8.50393, 47.35944 ], [ 8.50393, 47.35944 ] ] ] } },
{ "type": "Feature", "properties": { "id": 505, "population": 0 }, "geometry": { "type": "Polygon", "coordinates": [ [ [ 8.45874, 47.38626 ], [ 8.45896, 47.38453 ], [ 8.46136, 47.3839 ], [ 8.46353, 47.38501 ], [ 8.46331, 47.38674 ], [ 8.46091, 47.38736 ], [ 8.45874, 47.38626 ], [ 8.45874, 47.38626 ] ] ] } },
{ "type": "Feature", "properties": { "id": 506, "population": 708 }, "geometry": { "type": "Polygon", "coordinates": [ [ [ 8.56197, 47.41279 ], [ 8.56219, 47.41106 ], [ 8.56459, 47.41044 ], [ 8.56677, 47.41154 ], [ 8.56655, 47.41327 ], [ 8.56415, 47.41389 ], [ 8.56197, 47.41279 ], [ 8.56197, 47.41279 ] ] ] } },
{ "type": "Feature", "properties": { "id": 507, "population": 1056 }, "geometry": { "type": "Polygon", "coordinates": [ [ [ 8.54438, 47.38731 ], [ 8.5446, 47.38558 ], [ 8.547, 47.38496 ], [ 8.54918, 47.38606 ], [ 8.54895, 47.38779 ], [ 8.54655, 47.38841 ], [ 8.54438, 47.38731 ], [ 8.54438, 47.38731 ] ] ] } },
{ "type": "Feature", "properties": { "id": 508, "population": 906 }, "geometry": { "type": "Polygon", "coordinates": [ [ [ 8.51698, 47.36606 ], [ 8.51721, 47.36433 ], [ 8.51961, 47.3637 ], [ 8.52178, 47.36481 ], [ 8.52156, 47.36654 ], [ 8.51916, 47.36716 ], [ 8.51698, 47.36606 ], [ 8.51698, 47.36606 ] ] ] } },
{ "type": "Feature", "properties": { "id": 509, "population": 0 }, "geometry": { "type": "Polygon", "coordinates": [ [ [ 8.57971, 47.38309 ], [ 8.57993, 47.38136 ], [ 8.58233, 47.38074 ], [ 8.5845, 47.38184 ], [ 8.58428, 47.38357 ], [ 8.58188, 47.3842 ], [ 8.57971, 47.38309 ], [ 8.57971, 47.38309 ] ] ] } },
{ "type": "Feature", "properties": { "id": 510, "population": 794 }, "geometry": { "type": "Polygon", "coordinates": [ [ [ 8.52491, 47.34059 ], [ 8.52513, 47.33886 ], [ 8.52753, 47.33824 ], [ 8.5297, 47.33934 ], [ 8.52948, 47.34107 ], [ 8.52708, 47.3417 ], [ 8.52491, 47.34059 ], [ 8.52491, 47.34059 ] ] ] } },
{ "type": "Feature", "properties": { "id": 511, "population": 848 }, "geometry": { "type": "Polygon", "coordinates": [ [ [ 8.48948, 47.38159 ], [ 8.4897, 47.37986 ], [ 8.4921, 47.37924 ], [ 8.49427, 47.38034 ], [ 8.49405, 47.38207 ], [ 8.49165, 47.38269 ], [ 8.48948, 47.38159 ], [ 8.48948, 47.38159 ] ] ] } },
{ "type": "Feature", "properties": { "id": 512, "population": 848 }, "geometry": { "type": "Polygon", "coordinates": [ [ [ 8.48746, 47.39715 ], [ 8.48768, 47.39542 ], [ 8.49008, 47.39479 ], [ 8.49226, 47.3959 ], [ 8.49203, 47.39763 ], [ 8.48963, 47.39825 ], [ 8.48746, 47.39715 ], [ 8.48746, 47.39715 ] ] ] } },
{ "type": "Feature", "properties": { "id": 513, "population": 739 }, "geometry": { "type": "Polygon", "coordinates": [ [ [ 8.54499, 47.40052 ], [ 8.54522, 47.39879 ], [ 8.54762, 47.39816 ], [ 8.54979, 47.39926 ], [ 8.54957, 47.40099 ], [ 8.54717, 47.40162 ], [ 8.54499, 47.40052 ], [ 8.54499, 47.40052 ] ] ] } },
{ "type": "Feature", "properties": { "id": 514, "population": 677 }, "geometry": { "type": "Polygon", "coordinates": [ [ [ 8.50051, 47.40377 ], [ 8.50074, 47.40204 ], [ 8.50314, 47.40141 ], [ 8.50531, 47.40252 ], [ 8.50509, 47.40424 ], [ 8.50269, 47.40487 ], [ 8.50051, 47.40377 ], [ 8.50051, 47.40377 ] ] ] } },
{ "type": "Feature", "properties": { "id": 515, "population": 906 }, "geometry": { "type": "Polygon", "coordinates": [ [ [ 8.51692, 47.38445 ], [ 8.51715, 47.38273 ], [ 8.51955, 47.3821 ], [ 8.52172, 47.3832 ], [ 8.5215, 47.38493 ], [ 8.5191, 47.38556 ], [ 8.51692, 47.38445 ], [ 8.51692, 47.38445 ] ] ] } },
{ "type": "Feature", "properties": { "id": 516, "population": 14 }, "geometry": { "type": "Polygon", "coordinates": [ [ [ 8.51809, 47.42925 ], [ 8.51831, 47.42752 ], [ 8.52071, 47.42689 ], [ 8.52289, 47.42799 ], [ 8.52266, 47.42972 ], [ 8.52026, 47.43035 ], [ 8.51809, 47.42925 ], [ 8.51809, 47.42925 ] ] ] } },
{ "type": "Feature", "properties": { "id": 517, "population": 566 }, "geometry": { "type": "Polygon", "coordinates": [ [ [ 8.56469, 47.37365 ], [ 8.56491, 47.37192 ], [ 8.56731, 47.37129 ], [ 8.56949, 47.3724 ], [ 8.56926, 47.37413 ], [ 8.56686, 47.37475 ], [ 8.56469, 47.37365 ], [ 8.56469, 47.37365 ] ] ] } },
{ "type": "Feature", "properties": { "id": 518, "population": 188 }, "geometry": { "type": "Polygon", "coordinates": [ [ [ 8.521, 47.33493 ], [ 8.52123, 47.3332 ], [ 8.52363, 47.33257 ], [ 8.5258, 47.33367 ], [ 8.52558, 47.3354 ], [ 8.52318, 47.33603 ], [ 8.521, 47.33493 ], [ 8.521, 47.33493 ] ] ] } },
{ "type": "Feature", "properties": { "id": 519, "population": 864 }, "geometry": { "type": "Polygon", "coordinates": [ [ [ 8.55019, 47.4142 ], [ 8.55041, 47.41247 ], [ 8.55281, 47.41184 ], [ 8.55499, 47.41294 ], [ 8.55477, 47.41467 ], [ 8.55237, 47.4153 ], [ 8.55019, 47.4142 ], [ 8.55019, 47.4142 ] ] ] } },
{ "type": "Feature", "properties": { "id": 520, "population": 1000 }, "geometry": { "type": "Polygon", "coordinates": [ [ [ 8.48356, 47.39148 ], [ 8.48378, 47.38976 ], [ 8.48618, 47.38913 ], [ 8.48835, 47.39023 ], [ 8.48813, 47.39196 ], [ 8.48573, 47.39259 ], [ 8.48356, 47.39148 ], [ 8.48356, 47.39148 ] ] ] } },
{ "type": "Feature", "properties": { "id": 521, "population": 375 }, "geometry": { "type": "Polygon", "coordinates": [ [ [ 8.59144, 47.40008 ], [ 8.59166, 47.39835 ], [ 8.59406, 47.39772 ], [ 8.59624, 47.39883 ], [ 8.59602, 47.40055 ], [ 8.59362, 47.40118 ], [ 8.59144, 47.40008 ], [ 8.59144, 47.40008 ] ] ] } },
{ "type": "Feature", "properties": { "id": 522, "population": 0 }, "geometry": { "type": "Polygon", "coordinates": [ [ [ 8.53662, 47.35759 ], [ 8.53684, 47.35586 ], [ 8.53924, 47.35523 ], [ 8.54142, 47.35633 ], [ 8.54119, 47.35806 ], [ 8.5388, 47.35869 ], [ 8.53662, 47.35759 ], [ 8.53662, 47.35759 ] ] ] } },
{ "type": "Feature", "properties": { "id": 523, "population": 296 }, "geometry": { "type": "Polygon", "coordinates": [ [ [ 8.5157, 47.35804 ], [ 8.51593, 47.35631 ], [ 8.51832, 47.35568 ], [ 8.5205, 47.35679 ], [ 8.52028, 47.35852 ], [ 8.51788, 47.35914 ], [ 8.5157, 47.35804 ], [ 8.5157, 47.35804 ] ] ] } },
{ "type": "Feature", "properties": { "id": 524, "population": 782 }, "geometry": { "type": "Polygon", "coordinates": [ [ [ 8.50045, 47.42215 ], [ 8.50067, 47.42042 ], [ 8.50307, 47.4198 ], [ 8.50525, 47.4209 ], [ 8.50503, 47.42263 ], [ 8.50262, 47.42325 ], [ 8.50045, 47.42215 ], [ 8.50045, 47.42215 ] ] ] } },
{ "type": "Feature", "properties": { "id": 525, "population": 693 }, "geometry": { "type": "Polygon", "coordinates": [ [ [ 8.55672, 47.4175 ], [ 8.55694, 47.41577 ], [ 8.55935, 47.41515 ], [ 8.56152, 47.41625 ], [ 8.5613, 47.41798 ], [ 8.5589, 47.4186 ], [ 8.55672, 47.4175 ], [ 8.55672, 47.4175 ] ] ] } },
{ "type": "Feature", "properties": { "id": 526, "population": 35 }, "geometry": { "type": "Polygon", "coordinates": [ [ [ 8.51418, 47.42358 ], [ 8.5144, 47.42186 ], [ 8.5168, 47.42123 ], [ 8.51898, 47.42233 ], [ 8.51876, 47.42406 ], [ 8.51636, 47.42469 ], [ 8.51418, 47.42358 ], [ 8.51418, 47.42358 ] ] ] } },
{ "type": "Feature", "properties": { "id": 527, "population": 262 }, "geometry": { "type": "Polygon", "coordinates": [ [ [ 8.57446, 47.38781 ], [ 8.57468, 47.38608 ], [ 8.57708, 47.38545 ], [ 8.57926, 47.38655 ], [ 8.57904, 47.38828 ], [ 8.57664, 47.38891 ], [ 8.57446, 47.38781 ], [ 8.57446, 47.38781 ] ] ] } },
{ "type": "Feature", "properties": { "id": 528, "population": 205 }, "geometry": { "type": "Polygon", "coordinates": [ [ [ 8.51966, 47.34531 ], [ 8.51989, 47.34358 ], [ 8.52229, 47.34295 ], [ 8.52446, 47.34405 ], [ 8.52424, 47.34578 ], [ 8.52184, 47.34641 ], [ 8.51966, 47.34531 ], [ 8.51966, 47.34531 ] ] ] } },
{ "type": "Feature", "properties": { "id": 529, "population": 684 }, "geometry": { "type": "Polygon", "coordinates": [ [ [ 8.52211, 47.39814 ], [ 8.52233, 47.39641 ], [ 8.52473, 47.39578 ], [ 8.52691, 47.39688 ], [ 8.52669, 47.39861 ], [ 8.52429, 47.39924 ], [ 8.52211, 47.39814 ], [ 8.52211, 47.39814 ] ] ] } },
{ "type": "Feature", "properties": { "id": 530, "population": 57 }, "geometry": { "type": "Polygon", "coordinates": [ [ [ 8.57771, 47.39866 ], [ 8.57793, 47.39693 ], [ 8.58033, 47.3963 ], [ 8.58251, 47.3974 ], [ 8.58228, 47.39913 ], [ 8.57988, 47.39976 ], [ 8.57771, 47.39866 ], [ 8.57771, 47.39866 ] ] ] } },
{ "type": "Feature", "properties": { "id": 531, "population": 0 }, "geometry": { "type": "Polygon", "coordinates": [ [ [ 8.49654, 47.41649 ], [ 8.49677, 47.41476 ], [ 8.49917, 47.41414 ], [ 8.50134, 47.41524 ], [ 8.50112, 47.41697 ], [ 8.49872, 47.41759 ], [ 8.49654, 47.41649 ], [ 8.49654, 47.41649 ] ] ] } },
{ "type": "Feature", "properties": { "id": 532, "population": 894 }, "geometry": { "type": "Polygon", "coordinates": [ [ [ 8.55029, 47.37741 ], [ 8.55051, 47.37568 ], [ 8.55291, 47.37506 ], [ 8.55509, 47.37616 ], [ 8.55487, 47.37789 ], [ 8.55247, 47.37852 ], [ 8.55029, 47.37741 ], [ 8.55029, 47.37741 ] ] ] } },
{ "type": "Feature", "properties": { "id": 533, "population": 0 }, "geometry": { "type": "Polygon", "coordinates": [ [ [ 8.55235, 47.34345 ], [ 8.55257, 47.34172 ], [ 8.55497, 47.34109 ], [ 8.55714, 47.34219 ], [ 8.55692, 47.34392 ], [ 8.55452, 47.34455 ], [ 8.55235, 47.34345 ], [ 8.55235, 47.34345 ] ] ] } },
{ "type": "Feature", "properties": { "id": 534, "population": 0 }, "geometry": { "type": "Polygon", "coordinates": [ [ [ 8.60263, 47.36707 ], [ 8.60285, 47.36534 ], [ 8.60525, 47.36471 ], [ 8.60743, 47.36581 ], [ 8.60721, 47.36754 ], [ 8.60481, 47.36817 ], [ 8.60263, 47.36707 ], [ 8.60263, 47.36707 ] ] ] } },
{ "type": "Feature", "properties": { "id": 535, "population": 525 }, "geometry": { "type": "Polygon", "coordinates": [ [ [ 8.55878, 47.38355 ], [ 8.559, 47.38182 ], [ 8.5614, 47.3812 ], [ 8.56358, 47.3823 ], [ 8.56335, 47.38403 ], [ 8.56095, 47.38465 ], [ 8.55878, 47.38355 ], [ 8.55878, 47.38355 ] ] ] } },
{ "type": "Feature", "properties": { "id": 536, "population": 65 }, "geometry": { "type": "Polygon", "coordinates": [ [ [ 8.56073, 47.38638 ], [ 8.56095, 47.38465 ], [ 8.56335, 47.38403 ], [ 8.56553, 47.38513 ], [ 8.56531, 47.38686 ], [ 8.56291, 47.38749 ], [ 8.56073, 47.38638 ], [ 8.56073, 47.38638 ] ] ] } },
{ "type": "Feature", "properties": { "id": 537, "population": 104 }, "geometry": { "type": "Polygon", "coordinates": [ [ [ 8.60068, 47.36423 ], [ 8.6009, 47.3625 ], [ 8.6033, 47.36188 ], [ 8.60547, 47.36298 ], [ 8.60525, 47.36471 ], [ 8.60285, 47.36534 ], [ 8.60068, 47.36423 ], [ 8.60068, 47.36423 ] ] ] } },
{ "type": "Feature", "properties": { "id": 538, "population": 1069 }, "geometry": { "type": "Polygon", "coordinates": [ [ [ 8.51821, 47.39247 ], [ 8.51843, 47.39074 ], [ 8.52083, 47.39012 ], [ 8.523, 47.39122 ], [ 8.52278, 47.39295 ], [ 8.52038, 47.39358 ], [ 8.51821, 47.39247 ], [ 8.51821, 47.39247 ] ] ] } },
{ "type": "Feature", "properties": { "id": 539, "population": 718 }, "geometry": { "type": "Polygon", "coordinates": [ [ [ 8.51765, 47.36087 ], [ 8.51788, 47.35914 ], [ 8.52028, 47.35852 ], [ 8.52245, 47.35962 ], [ 8.52223, 47.36135 ], [ 8.51983, 47.36197 ], [ 8.51765, 47.36087 ], [ 8.51765, 47.36087 ] ] ] } },
{ "type": "Feature", "properties": { "id": 540, "population": 698 }, "geometry": { "type": "Polygon", "coordinates": [ [ [ 8.53383, 47.41512 ], [ 8.53405, 47.41339 ], [ 8.53646, 47.41277 ], [ 8.53863, 47.41387 ], [ 8.53841, 47.4156 ], [ 8.53601, 47.41622 ], [ 8.53383, 47.41512 ], [ 8.53383, 47.41512 ] ] ] } },
{ "type": "Feature", "properties": { "id": 541, "population": 93 }, "geometry": { "type": "Polygon", "coordinates": [ [ [ 8.58566, 47.35479 ], [ 8.58588, 47.35306 ], [ 8.58828, 47.35243 ], [ 8.59046, 47.35354 ], [ 8.59023, 47.35527 ], [ 8.58783, 47.35589 ], [ 8.58566, 47.35479 ], [ 8.58566, 47.35479 ] ] ] } },
{ "type": "Feature", "properties": { "id": 542, "population": 0 }, "geometry": { "type": "Polygon", "coordinates": [ [ [ 8.46068, 47.38909 ], [ 8.46091, 47.38736 ], [ 8.46331, 47.38674 ], [ 8.46548, 47.38784 ], [ 8.46526, 47.38957 ], [ 8.46286, 47.39019 ], [ 8.46068, 47.38909 ], [ 8.46068, 47.38909 ] ] ] } },
{ "type": "Feature", "properties": { "id": 543, "population": 1009 }, "geometry": { "type": "Polygon", "coordinates": [ [ [ 8.53461, 47.37315 ], [ 8.53483, 47.37142 ], [ 8.53723, 47.3708 ], [ 8.53941, 47.3719 ], [ 8.53919, 47.37363 ], [ 8.53679, 47.37426 ], [ 8.53461, 47.37315 ], [ 8.53461, 47.37315 ] ] ] } },
{ "type": "Feature", "properties": { "id": 544, "population": 354 }, "geometry": { "type": "Polygon", "coordinates": [ [ [ 8.59872, 47.3614 ], [ 8.59894, 47.35967 ], [ 8.60134, 47.35904 ], [ 8.60352, 47.36015 ], [ 8.6033, 47.36188 ], [ 8.6009, 47.3625 ], [ 8.59872, 47.3614 ], [ 8.59872, 47.3614 ] ] ] } },
{ "type": "Feature", "properties": { "id": 545, "population": 312 }, "geometry": { "type": "Polygon", "coordinates": [ [ [ 8.5393, 47.33683 ], [ 8.53952, 47.3351 ], [ 8.54192, 47.33447 ], [ 8.54409, 47.33558 ], [ 8.54387, 47.33731 ], [ 8.54147, 47.33793 ], [ 8.5393, 47.33683 ], [ 8.5393, 47.33683 ] ] ] } },
{ "type": "Feature", "properties": { "id": 546, "population": 143 }, "geometry": { "type": "Polygon", "coordinates": [ [ [ 8.51686, 47.40284 ], [ 8.51709, 47.40112 ], [ 8.51949, 47.40049 ], [ 8.52166, 47.40159 ], [ 8.52144, 47.40332 ], [ 8.51904, 47.40395 ], [ 8.51686, 47.40284 ], [ 8.51686, 47.40284 ] ] ] } },
{ "type": "Feature", "properties": { "id": 547, "population": 360 }, "geometry": { "type": "Polygon", "coordinates": [ [ [ 8.57246, 47.40337 ], [ 8.57268, 47.40164 ], [ 8.57508, 47.40101 ], [ 8.57726, 47.40212 ], [ 8.57704, 47.40384 ], [ 8.57464, 47.40447 ], [ 8.57246, 47.40337 ], [ 8.57246, 47.40337 ] ] ] } },
{ "type": "Feature", "properties": { "id": 548, "population": 686 }, "geometry": { "type": "Polygon", "coordinates": [ [ [ 8.56602, 47.36327 ], [ 8.56624, 47.36154 ], [ 8.56864, 47.36092 ], [ 8.57082, 47.36202 ], [ 8.5706, 47.36375 ], [ 8.5682, 47.36438 ], [ 8.56602, 47.36327 ], [ 8.56602, 47.36327 ] ] ] } },
{ "type": "Feature", "properties": { "id": 549, "population": 26 }, "geometry": { "type": "Polygon", "coordinates": [ [ [ 8.50144, 47.325 ], [ 8.50166, 47.32327 ], [ 8.50406, 47.32264 ], [ 8.50623, 47.32374 ], [ 8.50601, 47.32547 ], [ 8.50361, 47.3261 ], [ 8.50144, 47.325 ], [ 8.50144, 47.325 ] ] ] } },
{ "type": "Feature", "properties": { "id": 550, "population": 795 }, "geometry": { "type": "Polygon", "coordinates": [ [ [ 8.53132, 47.3807 ], [ 8.53154, 47.37897 ], [ 8.53394, 47.37834 ], [ 8.53612, 47.37944 ], [ 8.5359, 47.38117 ], [ 8.5335, 47.3818 ], [ 8.53132, 47.3807 ], [ 8.53132, 47.3807 ] ] ] } },
{ "type": "Feature", "properties": { "id": 551, "population": 0 }, "geometry": { "type": "Polygon", "coordinates": [ [ [ 8.45679, 47.38343 ], [ 8.45701, 47.3817 ], [ 8.45941, 47.38107 ], [ 8.46158, 47.38218 ], [ 8.46136, 47.3839 ], [ 8.45896, 47.38453 ], [ 8.45679, 47.38343 ], [ 8.45679, 47.38343 ] ] ] } },
{ "type": "Feature", "properties": { "id": 552, "population": 0 }, "geometry": { "type": "Polygon", "coordinates": [ [ [ 8.59739, 47.37178 ], [ 8.59761, 47.37005 ], [ 8.60001, 47.36942 ], [ 8.60219, 47.37053 ], [ 8.60197, 47.37226 ], [ 8.59957, 47.37288 ], [ 8.59739, 47.37178 ], [ 8.59739, 47.37178 ] ] ] } },
{ "type": "Feature", "properties": { "id": 553, "population": 23 }, "geometry": { "type": "Polygon", "coordinates": [ [ [ 8.5941, 47.37933 ], [ 8.59433, 47.3776 ], [ 8.59672, 47.37697 ], [ 8.5989, 47.37807 ], [ 8.59868, 47.3798 ], [ 8.59628, 47.38043 ], [ 8.5941, 47.37933 ], [ 8.5941, 47.37933 ] ] ] } },
{ "type": "Feature", "properties": { "id": 554, "population": 0 }, "geometry": { "type": "Polygon", "coordinates": [ [ [ 8.54906, 47.35099 ], [ 8.54928, 47.34926 ], [ 8.55168, 47.34864 ], [ 8.55386, 47.34974 ], [ 8.55363, 47.35147 ], [ 8.55123, 47.3521 ], [ 8.54906, 47.35099 ], [ 8.54906, 47.35099 ] ] ] } },
{ "type": "Feature", "properties": { "id": 555, "population": 410 }, "geometry": { "type": "Polygon", "coordinates": [ [ [ 8.55101, 47.35383 ], [ 8.55123, 47.3521 ], [ 8.55363, 47.35147 ], [ 8.55581, 47.35257 ], [ 8.55559, 47.3543 ], [ 8.55319, 47.35493 ], [ 8.55101, 47.35383 ], [ 8.55101, 47.35383 ] ] ] } },
{ "type": "Feature", "properties": { "id": 556, "population": 850 }, "geometry": { "type": "Polygon", "coordinates": [ [ [ 8.5469, 47.42174 ], [ 8.54712, 47.42001 ], [ 8.54952, 47.41938 ], [ 8.5517, 47.42048 ], [ 8.55147, 47.42221 ], [ 8.54907, 47.42284 ], [ 8.5469, 47.42174 ], [ 8.5469, 47.42174 ] ] ] } },
{ "type": "Feature", "properties": { "id": 557, "population": 382 }, "geometry": { "type": "Polygon", "coordinates": [ [ [ 8.50198, 47.35661 ], [ 8.50221, 47.35488 ], [ 8.5046, 47.35425 ], [ 8.50678, 47.35536 ], [ 8.50655, 47.35709 ], [ 8.50416, 47.35771 ], [ 8.50198, 47.35661 ], [ 8.50198, 47.35661 ] ] ] } },
{ "type": "Feature", "properties": { "id": 558, "population": 540 }, "geometry": { "type": "Polygon", "coordinates": [ [ [ 8.53405, 47.34154 ], [ 8.53428, 47.33981 ], [ 8.53667, 47.33919 ], [ 8.53885, 47.34029 ], [ 8.53863, 47.34202 ], [ 8.53623, 47.34265 ], [ 8.53405, 47.34154 ], [ 8.53405, 47.34154 ] ] ] } },
{ "type": "Feature", "properties": { "id": 559, "population": 1018 }, "geometry": { "type": "Polygon", "coordinates": [ [ [ 8.53071, 47.36749 ], [ 8.53093, 47.36576 ], [ 8.53333, 47.36513 ], [ 8.5355, 47.36624 ], [ 8.53528, 47.36797 ], [ 8.53288, 47.36859 ], [ 8.53071, 47.36749 ], [ 8.53071, 47.36749 ] ] ] } },
{ "type": "Feature", "properties": { "id": 560, "population": 244 }, "geometry": { "type": "Polygon", "coordinates": [ [ [ 8.49978, 47.42734 ], [ 8.5, 47.42561 ], [ 8.5024, 47.42498 ], [ 8.50458, 47.42609 ], [ 8.50435, 47.42781 ], [ 8.50195, 47.42844 ], [ 8.49978, 47.42734 ], [ 8.49978, 47.42734 ] ] ] } },
{ "type": "Feature", "properties": { "id": 561, "population": 0 }, "geometry": { "type": "Polygon", "coordinates": [ [ [ 8.57575, 47.39583 ], [ 8.57597, 47.3941 ], [ 8.57837, 47.39347 ], [ 8.58055, 47.39457 ], [ 8.58033, 47.3963 ], [ 8.57793, 47.39693 ], [ 8.57575, 47.39583 ], [ 8.57575, 47.39583 ] ] ] } },
{ "type": "Feature", "properties": { "id": 562, "population": 928 }, "geometry": { "type": "Polygon", "coordinates": [ [ [ 8.56078, 47.36799 ], [ 8.561, 47.36626 ], [ 8.5634, 47.36563 ], [ 8.56558, 47.36673 ], [ 8.56536, 47.36846 ], [ 8.56296, 47.36909 ], [ 8.56078, 47.36799 ], [ 8.56078, 47.36799 ] ] ] } },
{ "type": "Feature", "properties": { "id": 563, "population": 138 }, "geometry": { "type": "Polygon", "coordinates": [ [ [ 8.47643, 47.37497 ], [ 8.47665, 47.37324 ], [ 8.47905, 47.37261 ], [ 8.48122, 47.37372 ], [ 8.481, 47.37545 ], [ 8.4786, 47.37607 ], [ 8.47643, 47.37497 ], [ 8.47643, 47.37497 ] ] ] } },
{ "type": "Feature", "properties": { "id": 564, "population": 0 }, "geometry": { "type": "Polygon", "coordinates": [ [ [ 8.61312, 47.35763 ], [ 8.61334, 47.3559 ], [ 8.61574, 47.35527 ], [ 8.61791, 47.35638 ], [ 8.61769, 47.35811 ], [ 8.61529, 47.35873 ], [ 8.61312, 47.35763 ], [ 8.61312, 47.35763 ] ] ] } },
{ "type": "Feature", "properties": { "id": 565, "population": 995 }, "geometry": { "type": "Polygon", "coordinates": [ [ [ 8.52016, 47.3953 ], [ 8.52038, 47.39358 ], [ 8.52278, 47.39295 ], [ 8.52496, 47.39405 ], [ 8.52473, 47.39578 ], [ 8.52233, 47.39641 ], [ 8.52016, 47.3953 ], [ 8.52016, 47.3953 ] ] ] } },
{ "type": "Feature", "properties": { "id": 566, "population": 105 }, "geometry": { "type": "Polygon", "coordinates": [ [ [ 8.48281, 47.41505 ], [ 8.48304, 47.41333 ], [ 8.48544, 47.4127 ], [ 8.48762, 47.41381 ], [ 8.48739, 47.41553 ], [ 8.48499, 47.41616 ], [ 8.48281, 47.41505 ], [ 8.48281, 47.41505 ] ] ] } },
{ "type": "Feature", "properties": { "id": 567, "population": 957 }, "geometry": { "type": "Polygon", "coordinates": [ [ [ 8.51369, 47.3736 ], [ 8.51391, 47.37187 ], [ 8.51631, 47.37125 ], [ 8.51849, 47.37235 ], [ 8.51826, 47.37408 ], [ 8.51587, 47.37471 ], [ 8.51369, 47.3736 ], [ 8.51369, 47.3736 ] ] ] } },
{ "type": "Feature", "properties": { "id": 568, "population": 453 }, "geometry": { "type": "Polygon", "coordinates": [ [ [ 8.49587, 47.42167 ], [ 8.4961, 47.41995 ], [ 8.4985, 47.41932 ], [ 8.50067, 47.42042 ], [ 8.50045, 47.42215 ], [ 8.49805, 47.42278 ], [ 8.49587, 47.42167 ], [ 8.49587, 47.42167 ] ] ] } },
{ "type": "Feature", "properties": { "id": 569, "population": 0 }, "geometry": { "type": "Polygon", "coordinates": [ [ [ 8.504, 47.34104 ], [ 8.50422, 47.33931 ], [ 8.50662, 47.33869 ], [ 8.50879, 47.33979 ], [ 8.50857, 47.34152 ], [ 8.50617, 47.34215 ], [ 8.504, 47.34104 ], [ 8.504, 47.34104 ] ] ] } },
{ "type": "Feature", "properties": { "id": 570, "population": 968 }, "geometry": { "type": "Polygon", "coordinates": [ [ [ 8.54705, 47.36656 ], [ 8.54728, 47.36483 ], [ 8.54967, 47.3642 ], [ 8.55185, 47.36531 ], [ 8.55163, 47.36704 ], [ 8.54923, 47.36766 ], [ 8.54705, 47.36656 ], [ 8.54705, 47.36656 ] ] ] } },
{ "type": "Feature", "properties": { "id": 571, "population": 0 }, "geometry": { "type": "Polygon", "coordinates": [ [ [ 8.57379, 47.393 ], [ 8.57402, 47.39127 ], [ 8.57642, 47.39064 ], [ 8.57859, 47.39174 ], [ 8.57837, 47.39347 ], [ 8.57597, 47.3941 ], [ 8.57379, 47.393 ], [ 8.57379, 47.393 ] ] ] } },
{ "type": "Feature", "properties": { "id": 572, "population": 0 }, "geometry": { "type": "Polygon", "coordinates": [ [ [ 8.47253, 47.3693 ], [ 8.47275, 47.36757 ], [ 8.47515, 47.36695 ], [ 8.47732, 47.36805 ], [ 8.4771, 47.36978 ], [ 8.4747, 47.37041 ], [ 8.47253, 47.3693 ], [ 8.47253, 47.3693 ] ] ] } },
{ "type": "Feature", "properties": { "id": 573, "population": 878 }, "geometry": { "type": "Polygon", "coordinates": [ [ [ 8.50253, 47.38821 ], [ 8.50275, 47.38648 ], [ 8.50515, 47.38585 ], [ 8.50733, 47.38696 ], [ 8.5071, 47.38869 ], [ 8.5047, 47.38931 ], [ 8.50253, 47.38821 ], [ 8.50253, 47.38821 ] ] ] } },
{ "type": "Feature", "properties": { "id": 574, "population": 0 }, "geometry": { "type": "Polygon", "coordinates": [ [ [ 8.56006, 47.39157 ], [ 8.56029, 47.38984 ], [ 8.56268, 47.38921 ], [ 8.56486, 47.39032 ], [ 8.56464, 47.39205 ], [ 8.56224, 47.39267 ], [ 8.56006, 47.39157 ], [ 8.56006, 47.39157 ] ] ] } },
{ "type": "Feature", "properties": { "id": 575, "population": 108 }, "geometry": { "type": "Polygon", "coordinates": [ [ [ 8.51351, 47.42877 ], [ 8.51373, 47.42704 ], [ 8.51613, 47.42641 ], [ 8.51831, 47.42752 ], [ 8.51809, 47.42925 ], [ 8.51569, 47.42987 ], [ 8.51351, 47.42877 ], [ 8.51351, 47.42877 ] ] ] } },
{ "type": "Feature", "properties": { "id": 576, "population": 434 }, "geometry": { "type": "Polygon", "coordinates": [ [ [ 8.49674, 47.36132 ], [ 8.49696, 47.35959 ], [ 8.49936, 47.35896 ], [ 8.50153, 47.36007 ], [ 8.50131, 47.3618 ], [ 8.49891, 47.36242 ], [ 8.49674, 47.36132 ], [ 8.49674, 47.36132 ] ] ] } },
{ "type": "Feature", "properties": { "id": 577, "population": 805 }, "geometry": { "type": "Polygon", "coordinates": [ [ [ 8.49997, 47.37217 ], [ 8.50019, 47.37044 ], [ 8.50259, 47.36982 ], [ 8.50477, 47.37092 ], [ 8.50454, 47.37265 ], [ 8.50214, 47.37327 ], [ 8.49997, 47.37217 ], [ 8.49997, 47.37217 ] ] ] } },
{ "type": "Feature", "properties": { "id": 578, "population": 0 }, "geometry": { "type": "Polygon", "coordinates": [ [ [ 8.49453, 47.43204 ], [ 8.49475, 47.43031 ], [ 8.49715, 47.42969 ], [ 8.49933, 47.43079 ], [ 8.4991, 47.43252 ], [ 8.4967, 47.43314 ], [ 8.49453, 47.43204 ], [ 8.49453, 47.43204 ] ] ] } },
{ "type": "Feature", "properties": { "id": 579, "population": 489 }, "geometry": { "type": "Polygon", "coordinates": [ [ [ 8.51771, 47.34247 ], [ 8.51794, 47.34074 ], [ 8.52033, 47.34012 ], [ 8.52251, 47.34122 ], [ 8.52229, 47.34295 ], [ 8.51989, 47.34358 ], [ 8.51771, 47.34247 ], [ 8.51771, 47.34247 ] ] ] } },
{ "type": "Feature", "properties": { "id": 580, "population": 0 }, "geometry": { "type": "Polygon", "coordinates": [ [ [ 8.47118, 47.37968 ], [ 8.4714, 47.37795 ], [ 8.4738, 47.37732 ], [ 8.47598, 47.37843 ], [ 8.47575, 47.38016 ], [ 8.47335, 47.38078 ], [ 8.47118, 47.37968 ], [ 8.47118, 47.37968 ] ] ] } },
{ "type": "Feature", "properties": { "id": 581, "population": 602 }, "geometry": { "type": "Polygon", "coordinates": [ [ [ 8.5436, 47.42928 ], [ 8.54383, 47.42755 ], [ 8.54623, 47.42692 ], [ 8.5484, 47.42802 ], [ 8.54818, 47.42975 ], [ 8.54578, 47.43038 ], [ 8.5436, 47.42928 ], [ 8.5436, 47.42928 ] ] ] } },
{ "type": "Feature", "properties": { "id": 582, "population": 955 }, "geometry": { "type": "Polygon", "coordinates": [ [ [ 8.49862, 47.38255 ], [ 8.49885, 47.38082 ], [ 8.50125, 47.38019 ], [ 8.50342, 47.38129 ], [ 8.5032, 47.38302 ], [ 8.5008, 47.38365 ], [ 8.49862, 47.38255 ], [ 8.49862, 47.38255 ] ] ] } },
{ "type": "Feature", "properties": { "id": 583, "population": 422 }, "geometry": { "type": "Polygon", "coordinates": [ [ [ 8.51552, 47.41321 ], [ 8.51575, 47.41149 ], [ 8.51815, 47.41086 ], [ 8.52032, 47.41196 ], [ 8.5201, 47.41369 ], [ 8.5177, 47.41432 ], [ 8.51552, 47.41321 ], [ 8.51552, 47.41321 ] ] ] } },
{ "type": "Feature", "properties": { "id": 584, "population": 646 }, "geometry": { "type": "Polygon", "coordinates": [ [ [ 8.56984, 47.40573 ], [ 8.57006, 47.404 ], [ 8.57246, 47.40337 ], [ 8.57464, 47.40447 ], [ 8.57442, 47.4062 ], [ 8.57202, 47.40683 ], [ 8.56984, 47.40573 ], [ 8.56984, 47.40573 ] ] ] } },
{ "type": "Feature", "properties": { "id": 585, "population": 0 }, "geometry": { "type": "Polygon", "coordinates": [ [ [ 8.48302, 47.35989 ], [ 8.48324, 47.35816 ], [ 8.48564, 47.35753 ], [ 8.48782, 47.35863 ], [ 8.48759, 47.36036 ], [ 8.48519, 47.36099 ], [ 8.48302, 47.35989 ], [ 8.48302, 47.35989 ] ] ] } },
{ "type": "Feature", "properties": { "id": 586, "population": 0 }, "geometry": { "type": "Polygon", "coordinates": [ [ [ 8.61179, 47.36801 ], [ 8.61201, 47.36628 ], [ 8.61441, 47.36565 ], [ 8.61659, 47.36676 ], [ 8.61636, 47.36849 ], [ 8.61396, 47.36911 ], [ 8.61179, 47.36801 ], [ 8.61179, 47.36801 ] ] ] } },
{ "type": "Feature", "properties": { "id": 587, "population": 687 }, "geometry": { "type": "Polygon", "coordinates": [ [ [ 8.57179, 47.40856 ], [ 8.57202, 47.40683 ], [ 8.57442, 47.4062 ], [ 8.57659, 47.4073 ], [ 8.57637, 47.40903 ], [ 8.57397, 47.40966 ], [ 8.57179, 47.40856 ], [ 8.57179, 47.40856 ] ] ] } },
{ "type": "Feature", "properties": { "id": 588, "population": 888 }, "geometry": { "type": "Polygon", "coordinates": [ [ [ 8.50973, 47.38633 ], [ 8.50995, 47.3846 ], [ 8.51235, 47.38398 ], [ 8.51452, 47.38508 ], [ 8.5143, 47.38681 ], [ 8.5119, 47.38743 ], [ 8.50973, 47.38633 ], [ 8.50973, 47.38633 ] ] ] } },
{ "type": "Feature", "properties": { "id": 589, "population": 0 }, "geometry": { "type": "Polygon", "coordinates": [ [ [ 8.58953, 47.37885 ], [ 8.58975, 47.37712 ], [ 8.59215, 47.3765 ], [ 8.59433, 47.3776 ], [ 8.5941, 47.37933 ], [ 8.5917, 47.37996 ], [ 8.58953, 47.37885 ], [ 8.58953, 47.37885 ] ] ] } },
{ "type": "Feature", "properties": { "id": 590, "population": 0 }, "geometry": { "type": "Polygon", "coordinates": [ [ [ 8.50272, 47.33302 ], [ 8.50294, 47.33129 ], [ 8.50534, 47.33066 ], [ 8.50751, 47.33177 ], [ 8.50729, 47.3335 ], [ 8.50489, 47.33412 ], [ 8.50272, 47.33302 ], [ 8.50272, 47.33302 ] ] ] } },
{ "type": "Feature", "properties": { "id": 591, "population": 451 }, "geometry": { "type": "Polygon", "coordinates": [ [ [ 8.4985, 47.41932 ], [ 8.49872, 47.41759 ], [ 8.50112, 47.41697 ], [ 8.5033, 47.41807 ], [ 8.50307, 47.4198 ], [ 8.50067, 47.42042 ], [ 8.4985, 47.41932 ], [ 8.4985, 47.41932 ] ] ] } },
{ "type": "Feature", "properties": { "id": 592, "population": 846 }, "geometry": { "type": "Polygon", "coordinates": [ [ [ 8.49856, 47.40093 ], [ 8.49878, 47.39921 ], [ 8.50118, 47.39858 ], [ 8.50336, 47.39968 ], [ 8.50314, 47.40141 ], [ 8.50074, 47.40204 ], [ 8.49856, 47.40093 ], [ 8.49856, 47.40093 ] ] ] } },
{ "type": "Feature", "properties": { "id": 593, "population": 15 }, "geometry": { "type": "Polygon", "coordinates": [ [ [ 8.51162, 47.40755 ], [ 8.51184, 47.40582 ], [ 8.51424, 47.4052 ], [ 8.51642, 47.4063 ], [ 8.51619, 47.40803 ], [ 8.51379, 47.40866 ], [ 8.51162, 47.40755 ], [ 8.51162, 47.40755 ] ] ] } },
{ "type": "Feature", "properties": { "id": 594, "population": 835 }, "geometry": { "type": "Polygon", "coordinates": [ [ [ 8.49472, 47.37688 ], [ 8.49495, 47.37515 ], [ 8.49734, 47.37453 ], [ 8.49952, 47.37563 ], [ 8.4993, 47.37736 ], [ 8.4969, 47.37798 ], [ 8.49472, 47.37688 ], [ 8.49472, 47.37688 ] ] ] } },
{ "type": "Feature", "properties": { "id": 595, "population": 448 }, "geometry": { "type": "Polygon", "coordinates": [ [ [ 8.52095, 47.35333 ], [ 8.52117, 47.3516 ], [ 8.52357, 47.35097 ], [ 8.52574, 47.35207 ], [ 8.52552, 47.3538 ], [ 8.52312, 47.35443 ], [ 8.52095, 47.35333 ], [ 8.52095, 47.35333 ] ] ] } },
{ "type": "Feature", "properties": { "id": 596, "population": 0 }, "geometry": { "type": "Polygon", "coordinates": [ [ [ 8.5292, 47.43303 ], [ 8.52942, 47.4313 ], [ 8.53182, 47.43068 ], [ 8.534, 47.43178 ], [ 8.53378, 47.43351 ], [ 8.53137, 47.43413 ], [ 8.5292, 47.43303 ], [ 8.5292, 47.43303 ] ] ] } },
{ "type": "Feature", "properties": { "id": 597, "population": 865 }, "geometry": { "type": "Polygon", "coordinates": [ [ [ 8.59077, 47.40527 ], [ 8.591, 47.40354 ], [ 8.5934, 47.40291 ], [ 8.59558, 47.40401 ], [ 8.59535, 47.40574 ], [ 8.59295, 47.40637 ], [ 8.59077, 47.40527 ], [ 8.59077, 47.40527 ] ] ] } },
{ "type": "Feature", "properties": { "id": 598, "population": 41 }, "geometry": { "type": "Polygon", "coordinates": [ [ [ 8.5758, 47.37743 ], [ 8.57602, 47.3757 ], [ 8.57842, 47.37507 ], [ 8.58059, 47.37618 ], [ 8.58037, 47.37791 ], [ 8.57797, 47.37853 ], [ 8.5758, 47.37743 ], [ 8.5758, 47.37743 ] ] ] } },
{ "type": "Feature", "properties": { "id": 599, "population": 230 }, "geometry": { "type": "Polygon", "coordinates": [ [ [ 8.53271, 47.35192 ], [ 8.53294, 47.35019 ], [ 8.53534, 47.34957 ], [ 8.53751, 47.35067 ], [ 8.53729, 47.3524 ], [ 8.53489, 47.35303 ], [ 8.53271, 47.35192 ], [ 8.53271, 47.35192 ] ] ] } },
{ "type": "Feature", "properties": { "id": 600, "population": 411 }, "geometry": { "type": "Polygon", "coordinates": [ [ [ 8.51027, 47.41792 ], [ 8.5105, 47.41619 ], [ 8.5129, 47.41557 ], [ 8.51507, 47.41667 ], [ 8.51485, 47.4184 ], [ 8.51245, 47.41903 ], [ 8.51027, 47.41792 ], [ 8.51027, 47.41792 ] ] ] } },
{ "type": "Feature", "properties": { "id": 601, "population": 931 }, "geometry": { "type": "Polygon", "coordinates": [ [ [ 8.48288, 47.39667 ], [ 8.48311, 47.39494 ], [ 8.48551, 47.39432 ], [ 8.48768, 47.39542 ], [ 8.48746, 47.39715 ], [ 8.48506, 47.39777 ], [ 8.48288, 47.39667 ], [ 8.48288, 47.39667 ] ] ] } },
{ "type": "Feature", "properties": { "id": 602, "population": 0 }, "geometry": { "type": "Polygon", "coordinates": [ [ [ 8.52529, 47.42737 ], [ 8.52551, 47.42564 ], [ 8.52791, 47.42502 ], [ 8.53009, 47.42612 ], [ 8.52987, 47.42785 ], [ 8.52747, 47.42847 ], [ 8.52529, 47.42737 ], [ 8.52529, 47.42737 ] ] ] } },
{ "type": "Feature", "properties": { "id": 603, "population": 0 }, "geometry": { "type": "Polygon", "coordinates": [ [ [ 8.4968, 47.34292 ], [ 8.49703, 47.34119 ], [ 8.49942, 47.34056 ], [ 8.5016, 47.34167 ], [ 8.50137, 47.3434 ], [ 8.49898, 47.34402 ], [ 8.4968, 47.34292 ], [ 8.4968, 47.34292 ] ] ] } },
{ "type": "Feature", "properties": { "id": 604, "population": 0 }, "geometry": { "type": "Polygon", "coordinates": [ [ [ 8.59543, 47.36895 ], [ 8.59566, 47.36722 ], [ 8.59806, 47.36659 ], [ 8.60023, 47.36769 ], [ 8.60001, 47.36942 ], [ 8.59761, 47.37005 ], [ 8.59543, 47.36895 ], [ 8.59543, 47.36895 ] ] ] } },
{ "type": "Feature", "properties": { "id": 605, "population": 1000 }, "geometry": { "type": "Polygon", "coordinates": [ [ [ 8.53193, 47.3939 ], [ 8.53216, 47.39217 ], [ 8.53456, 47.39155 ], [ 8.53673, 47.39265 ], [ 8.53651, 47.39438 ], [ 8.53411, 47.395 ], [ 8.53193, 47.3939 ], [ 8.53193, 47.3939 ] ] ] } },
{ "type": "Feature", "properties": { "id": 606, "population": 547 }, "geometry": { "type": "Polygon", "coordinates": [ [ [ 8.54248, 47.36609 ], [ 8.5427, 47.36436 ], [ 8.5451, 47.36373 ], [ 8.54728, 47.36483 ], [ 8.54705, 47.36656 ], [ 8.54465, 47.36719 ], [ 8.54248, 47.36609 ], [ 8.54248, 47.36609 ] ] ] } },
{ "type": "Feature", "properties": { "id": 607, "population": 574 }, "geometry": { "type": "Polygon", "coordinates": [ [ [ 8.56402, 47.37884 ], [ 8.56424, 47.37711 ], [ 8.56664, 47.37648 ], [ 8.56882, 47.37758 ], [ 8.5686, 47.37931 ], [ 8.5662, 47.37994 ], [ 8.56402, 47.37884 ], [ 8.56402, 47.37884 ] ] ] } },
{ "type": "Feature", "properties": { "id": 608, "population": 466 }, "geometry": { "type": "Polygon", "coordinates": [ [ [ 8.57846, 47.35668 ], [ 8.57868, 47.35495 ], [ 8.58108, 47.35432 ], [ 8.58326, 47.35542 ], [ 8.58304, 47.35715 ], [ 8.58064, 47.35778 ], [ 8.57846, 47.35668 ], [ 8.57846, 47.35668 ] ] ] } },
{ "type": "Feature", "properties": { "id": 609, "population": 1096 }, "geometry": { "type": "Polygon", "coordinates": [ [ [ 8.54638, 47.37175 ], [ 8.54661, 47.37002 ], [ 8.54901, 47.36939 ], [ 8.55118, 47.3705 ], [ 8.55096, 47.37222 ], [ 8.54856, 47.37285 ], [ 8.54638, 47.37175 ], [ 8.54638, 47.37175 ] ] ] } },
{ "type": "Feature", "properties": { "id": 610, "population": 608 }, "geometry": { "type": "Polygon", "coordinates": [ [ [ 8.58042, 47.35951 ], [ 8.58064, 47.35778 ], [ 8.58304, 47.35715 ], [ 8.58521, 47.35825 ], [ 8.58499, 47.35998 ], [ 8.58259, 47.36061 ], [ 8.58042, 47.35951 ], [ 8.58042, 47.35951 ] ] ] } },
{ "type": "Feature", "properties": { "id": 611, "population": 609 }, "geometry": { "type": "Polygon", "coordinates": [ [ [ 8.52992, 47.40946 ], [ 8.53015, 47.40773 ], [ 8.53255, 47.40711 ], [ 8.53472, 47.40821 ], [ 8.5345, 47.40994 ], [ 8.5321, 47.41056 ], [ 8.52992, 47.40946 ], [ 8.52992, 47.40946 ] ] ] } },
{ "type": "Feature", "properties": { "id": 612, "population": 580 }, "geometry": { "type": "Polygon", "coordinates": [ [ [ 8.55615, 47.38591 ], [ 8.55638, 47.38418 ], [ 8.55878, 47.38355 ], [ 8.56095, 47.38465 ], [ 8.56073, 47.38638 ], [ 8.55833, 47.38701 ], [ 8.55615, 47.38591 ], [ 8.55615, 47.38591 ] ] ] } },
{ "type": "Feature", "properties": { "id": 613, "population": 233 }, "geometry": { "type": "Polygon", "coordinates": [ [ [ 8.47051, 47.38486 ], [ 8.47073, 47.38313 ], [ 8.47313, 47.38251 ], [ 8.4753, 47.38361 ], [ 8.47508, 47.38534 ], [ 8.47268, 47.38597 ], [ 8.47051, 47.38486 ], [ 8.47051, 47.38486 ] ] ] } },
{ "type": "Feature", "properties": { "id": 614, "population": 906 }, "geometry": { "type": "Polygon", "coordinates": [ [ [ 8.51296, 47.39718 ], [ 8.51318, 47.39545 ], [ 8.51558, 47.39483 ], [ 8.51776, 47.39593 ], [ 8.51753, 47.39766 ], [ 8.51513, 47.39828 ], [ 8.51296, 47.39718 ], [ 8.51296, 47.39718 ] ] ] } },
{ "type": "Feature", "properties": { "id": 615, "population": 1015 }, "geometry": { "type": "Polygon", "coordinates": [ [ [ 8.51497, 47.38162 ], [ 8.51519, 47.37989 ], [ 8.51759, 47.37927 ], [ 8.51977, 47.38037 ], [ 8.51955, 47.3821 ], [ 8.51715, 47.38273 ], [ 8.51497, 47.38162 ], [ 8.51497, 47.38162 ] ] ] } },
{ "type": "Feature", "properties": { "id": 616, "population": 415 }, "geometry": { "type": "Polygon", "coordinates": [ [ [ 8.57584, 47.35903 ], [ 8.57606, 47.3573 ], [ 8.57846, 47.35668 ], [ 8.58064, 47.35778 ], [ 8.58042, 47.35951 ], [ 8.57802, 47.36013 ], [ 8.57584, 47.35903 ], [ 8.57584, 47.35903 ] ] ] } },
{ "type": "Feature", "properties": { "id": 617, "population": 676 }, "geometry": { "type": "Polygon", "coordinates": [ [ [ 8.53969, 47.42361 ], [ 8.53992, 47.42189 ], [ 8.54232, 47.42126 ], [ 8.5445, 47.42236 ], [ 8.54427, 47.42409 ], [ 8.54187, 47.42472 ], [ 8.53969, 47.42361 ], [ 8.53969, 47.42361 ] ] ] } },
{ "type": "Feature", "properties": { "id": 618, "population": 512 }, "geometry": { "type": "Polygon", "coordinates": [ [ [ 8.51253, 47.32878 ], [ 8.51275, 47.32705 ], [ 8.51515, 47.32643 ], [ 8.51733, 47.32753 ], [ 8.5171, 47.32926 ], [ 8.5147, 47.32989 ], [ 8.51253, 47.32878 ], [ 8.51253, 47.32878 ] ] ] } },
{ "type": "Feature", "properties": { "id": 619, "population": 0 }, "geometry": { "type": "Polygon", "coordinates": [ [ [ 8.46661, 47.3792 ], [ 8.46683, 47.37747 ], [ 8.46923, 47.37684 ], [ 8.4714, 47.37795 ], [ 8.47118, 47.37968 ], [ 8.46878, 47.3803 ], [ 8.46661, 47.3792 ], [ 8.46661, 47.3792 ] ] ] } },
{ "type": "Feature", "properties": { "id": 620, "population": 248 }, "geometry": { "type": "Polygon", "coordinates": [ [ [ 8.46586, 47.40277 ], [ 8.46609, 47.40104 ], [ 8.46848, 47.40042 ], [ 8.47066, 47.40152 ], [ 8.47044, 47.40325 ], [ 8.46804, 47.40387 ], [ 8.46586, 47.40277 ], [ 8.46586, 47.40277 ] ] ] } },
{ "type": "Feature", "properties": { "id": 621, "population": 0 }, "geometry": { "type": "Polygon", "coordinates": [ [ [ 8.55887, 47.34675 ], [ 8.5591, 47.34502 ], [ 8.5615, 47.3444 ], [ 8.56367, 47.3455 ], [ 8.56345, 47.34723 ], [ 8.56105, 47.34786 ], [ 8.55887, 47.34675 ], [ 8.55887, 47.34675 ] ] ] } },
{ "type": "Feature", "properties": { "id": 622, "population": 56 }, "geometry": { "type": "Polygon", "coordinates": [ [ [ 8.49257, 47.42921 ], [ 8.4928, 47.42748 ], [ 8.4952, 47.42686 ], [ 8.49738, 47.42796 ], [ 8.49715, 47.42969 ], [ 8.49475, 47.43031 ], [ 8.49257, 47.42921 ], [ 8.49257, 47.42921 ] ] ] } },
{ "type": "Feature", "properties": { "id": 623, "population": 55 }, "geometry": { "type": "Polygon", "coordinates": [ [ [ 8.56211, 47.35761 ], [ 8.56234, 47.35588 ], [ 8.56474, 47.35525 ], [ 8.56691, 47.35635 ], [ 8.56669, 47.35808 ], [ 8.56429, 47.35871 ], [ 8.56211, 47.35761 ], [ 8.56211, 47.35761 ] ] ] } },
{ "type": "Feature", "properties": { "id": 624, "population": 572 }, "geometry": { "type": "Polygon", "coordinates": [ [ [ 8.52468, 47.41417 ], [ 8.5249, 47.41244 ], [ 8.5273, 47.41181 ], [ 8.52948, 47.41292 ], [ 8.52925, 47.41465 ], [ 8.52685, 47.41527 ], [ 8.52468, 47.41417 ], [ 8.52468, 47.41417 ] ] ] } },
{ "type": "Feature", "properties": { "id": 625, "population": 0 }, "geometry": { "type": "Polygon", "coordinates": [ [ [ 8.55677, 47.39911 ], [ 8.55699, 47.39738 ], [ 8.55939, 47.39676 ], [ 8.56157, 47.39786 ], [ 8.56135, 47.39959 ], [ 8.55895, 47.40022 ], [ 8.55677, 47.39911 ], [ 8.55677, 47.39911 ] ] ] } },
{ "type": "Feature", "properties": { "id": 626, "population": 5 }, "geometry": { "type": "Polygon", "coordinates": [ [ [ 8.5118, 47.35237 ], [ 8.51202, 47.35064 ], [ 8.51442, 47.35002 ], [ 8.5166, 47.35112 ], [ 8.51637, 47.35285 ], [ 8.51397, 47.35348 ], [ 8.5118, 47.35237 ], [ 8.5118, 47.35237 ] ] ] } },
{ "type": "Feature", "properties": { "id": 627, "population": 196 }, "geometry": { "type": "Polygon", "coordinates": [ [ [ 8.49984, 47.40895 ], [ 8.50006, 47.40722 ], [ 8.50246, 47.4066 ], [ 8.50464, 47.4077 ], [ 8.50442, 47.40943 ], [ 8.50202, 47.41005 ], [ 8.49984, 47.40895 ], [ 8.49984, 47.40895 ] ] ] } },
{ "type": "Feature", "properties": { "id": 628, "population": 551 }, "geometry": { "type": "Polygon", "coordinates": [ [ [ 8.54304, 47.39769 ], [ 8.54326, 47.39596 ], [ 8.54566, 47.39533 ], [ 8.54784, 47.39643 ], [ 8.54762, 47.39816 ], [ 8.54522, 47.39879 ], [ 8.54304, 47.39769 ], [ 8.54304, 47.39769 ] ] ] } },
{ "type": "Feature", "properties": { "id": 629, "population": 599 }, "geometry": { "type": "Polygon", "coordinates": [ [ [ 8.47561, 47.41693 ], [ 8.47584, 47.4152 ], [ 8.47824, 47.41458 ], [ 8.48041, 47.41568 ], [ 8.48019, 47.41741 ], [ 8.47779, 47.41803 ], [ 8.47561, 47.41693 ], [ 8.47561, 47.41693 ] ] ] } },
{ "type": "Feature", "properties": { "id": 630, "population": 26 }, "geometry": { "type": "Polygon", "coordinates": [ [ [ 8.47757, 47.41976 ], [ 8.47779, 47.41803 ], [ 8.48019, 47.41741 ], [ 8.48237, 47.41851 ], [ 8.48214, 47.42024 ], [ 8.47974, 47.42086 ], [ 8.47757, 47.41976 ], [ 8.47757, 47.41976 ] ] ] } },
{ "type": "Feature", "properties": { "id": 631, "population": 156 }, "geometry": { "type": "Polygon", "coordinates": [ [ [ 8.57189, 47.37177 ], [ 8.57211, 47.37004 ], [ 8.57451, 47.36941 ], [ 8.57668, 47.37051 ], [ 8.57646, 47.37224 ], [ 8.57406, 47.37287 ], [ 8.57189, 47.37177 ], [ 8.57189, 47.37177 ] ] ] } },
{ "type": "Feature", "properties": { "id": 632, "population": 440 }, "geometry": { "type": "Polygon", "coordinates": [ [ [ 8.48625, 47.37074 ], [ 8.48647, 47.36901 ], [ 8.48887, 47.36838 ], [ 8.49104, 47.36949 ], [ 8.49082, 47.37122 ], [ 8.48842, 47.37184 ], [ 8.48625, 47.37074 ], [ 8.48625, 47.37074 ] ] ] } },
{ "type": "Feature", "properties": { "id": 633, "population": 757 }, "geometry": { "type": "Polygon", "coordinates": [ [ [ 8.49533, 47.39009 ], [ 8.49555, 47.38836 ], [ 8.49795, 47.38773 ], [ 8.50013, 47.38883 ], [ 8.4999, 47.39056 ], [ 8.4975, 47.39119 ], [ 8.49533, 47.39009 ], [ 8.49533, 47.39009 ] ] ] } },
{ "type": "Feature", "properties": { "id": 634, "population": 0 }, "geometry": { "type": "Polygon", "coordinates": [ [ [ 8.55286, 47.39345 ], [ 8.55309, 47.39172 ], [ 8.55549, 47.39109 ], [ 8.55766, 47.3922 ], [ 8.55744, 47.39393 ], [ 8.55504, 47.39455 ], [ 8.55286, 47.39345 ], [ 8.55286, 47.39345 ] ] ] } },
{ "type": "Feature", "properties": { "id": 635, "population": 0 }, "geometry": { "type": "Polygon", "coordinates": [ [ [ 8.49808, 47.35094 ], [ 8.4983, 47.34921 ], [ 8.5007, 47.34859 ], [ 8.50288, 47.34969 ], [ 8.50265, 47.35142 ], [ 8.50025, 47.35205 ], [ 8.49808, 47.35094 ], [ 8.49808, 47.35094 ] ] ] } },
{ "type": "Feature", "properties": { "id": 636, "population": 553 }, "geometry": { "type": "Polygon", "coordinates": [ [ [ 8.5685, 47.4161 ], [ 8.56872, 47.41437 ], [ 8.57113, 47.41374 ], [ 8.5733, 47.41484 ], [ 8.57308, 47.41657 ], [ 8.57068, 47.4172 ], [ 8.5685, 47.4161 ], [ 8.5685, 47.4161 ] ] ] } },
{ "type": "Feature", "properties": { "id": 637, "population": 584 }, "geometry": { "type": "Polygon", "coordinates": [ [ [ 8.48678, 47.40233 ], [ 8.48701, 47.4006 ], [ 8.48941, 47.39998 ], [ 8.49158, 47.40108 ], [ 8.49136, 47.40281 ], [ 8.48896, 47.40344 ], [ 8.48678, 47.40233 ], [ 8.48678, 47.40233 ] ] ] } },
{ "type": "Feature", "properties": { "id": 638, "population": 980 }, "geometry": { "type": "Polygon", "coordinates": [ [ [ 8.52479, 47.37739 ], [ 8.52502, 47.37566 ], [ 8.52741, 47.37503 ], [ 8.52959, 47.37614 ], [ 8.52937, 47.37786 ], [ 8.52697, 47.37849 ], [ 8.52479, 47.37739 ], [ 8.52479, 47.37739 ] ] ] } },
{ "type": "Feature", "properties": { "id": 639, "population": 903 }, "geometry": { "type": "Polygon", "coordinates": [ [ [ 8.4816, 47.38865 ], [ 8.48183, 47.38692 ], [ 8.48423, 47.3863 ], [ 8.4864, 47.3874 ], [ 8.48618, 47.38913 ], [ 8.48378, 47.38976 ], [ 8.4816, 47.38865 ], [ 8.4816, 47.38865 ] ] ] } },
{ "type": "Feature", "properties": { "id": 640, "population": 594 }, "geometry": { "type": "Polygon", "coordinates": [ [ [ 8.50832, 47.41509 ], [ 8.50855, 47.41336 ], [ 8.51095, 47.41274 ], [ 8.51312, 47.41384 ], [ 8.5129, 47.41557 ], [ 8.5105, 47.41619 ], [ 8.50832, 47.41509 ], [ 8.50832, 47.41509 ] ] ] } },
{ "type": "Feature", "properties": { "id": 641, "population": 454 }, "geometry": { "type": "Polygon", "coordinates": [ [ [ 8.52296, 47.33776 ], [ 8.52318, 47.33603 ], [ 8.52558, 47.3354 ], [ 8.52775, 47.33651 ], [ 8.52753, 47.33824 ], [ 8.52513, 47.33886 ], [ 8.52296, 47.33776 ], [ 8.52296, 47.33776 ] ] ] } },
{ "type": "Feature", "properties": { "id": 642, "population": 789 }, "geometry": { "type": "Polygon", "coordinates": [ [ [ 8.55153, 47.40382 ], [ 8.55175, 47.4021 ], [ 8.55415, 47.40147 ], [ 8.55633, 47.40257 ], [ 8.5561, 47.4043 ], [ 8.5537, 47.40493 ], [ 8.55153, 47.40382 ], [ 8.55153, 47.40382 ] ] ] } },
{ "type": "Feature", "properties": { "id": 643, "population": 0 }, "geometry": { "type": "Polygon", "coordinates": [ [ [ 8.57775, 47.38026 ], [ 8.57797, 47.37853 ], [ 8.58037, 47.37791 ], [ 8.58255, 47.37901 ], [ 8.58233, 47.38074 ], [ 8.57993, 47.38136 ], [ 8.57775, 47.38026 ], [ 8.57775, 47.38026 ] ] ] } },
{ "type": "Feature", "properties": { "id": 644, "population": 723 }, "geometry": { "type": "Polygon", "coordinates": [ [ [ 8.50784, 47.36511 ], [ 8.50806, 47.36338 ], [ 8.51046, 47.36275 ], [ 8.51263, 47.36385 ], [ 8.51241, 47.36558 ], [ 8.51001, 47.36621 ], [ 8.50784, 47.36511 ], [ 8.50784, 47.36511 ] ] ] } },
{ "type": "Feature", "properties": { "id": 645, "population": 886 }, "geometry": { "type": "Polygon", "coordinates": [ [ [ 8.56459, 47.41044 ], [ 8.56481, 47.40871 ], [ 8.56721, 47.40808 ], [ 8.56939, 47.40918 ], [ 8.56917, 47.41091 ], [ 8.56677, 47.41154 ], [ 8.56459, 47.41044 ], [ 8.56459, 47.41044 ] ] ] } },
{ "type": "Feature", "properties": { "id": 646, "population": 813 }, "geometry": { "type": "Polygon", "coordinates": [ [ [ 8.50979, 47.36794 ], [ 8.51001, 47.36621 ], [ 8.51241, 47.36558 ], [ 8.51458, 47.36669 ], [ 8.51436, 47.36842 ], [ 8.51196, 47.36904 ], [ 8.50979, 47.36794 ], [ 8.50979, 47.36794 ] ] ] } },
{ "type": "Feature", "properties": { "id": 647, "population": 423 }, "geometry": { "type": "Polygon", "coordinates": [ [ [ 8.57251, 47.38498 ], [ 8.57273, 47.38325 ], [ 8.57513, 47.38262 ], [ 8.57731, 47.38372 ], [ 8.57708, 47.38545 ], [ 8.57468, 47.38608 ], [ 8.57251, 47.38498 ], [ 8.57251, 47.38498 ] ] ] } },
{ "type": "Feature", "properties": { "id": 648, "population": 669 }, "geometry": { "type": "Polygon", "coordinates": [ [ [ 8.55343, 47.42504 ], [ 8.55365, 47.42331 ], [ 8.55605, 47.42269 ], [ 8.55823, 47.42379 ], [ 8.55801, 47.42552 ], [ 8.55561, 47.42614 ], [ 8.55343, 47.42504 ], [ 8.55343, 47.42504 ] ] ] } },
{ "type": "Feature", "properties": { "id": 649, "population": 818 }, "geometry": { "type": "Polygon", "coordinates": [ [ [ 8.49136, 47.40281 ], [ 8.49158, 47.40108 ], [ 8.49398, 47.40046 ], [ 8.49616, 47.40156 ], [ 8.49594, 47.40329 ], [ 8.49354, 47.40391 ], [ 8.49136, 47.40281 ], [ 8.49136, 47.40281 ] ] ] } },
{ "type": "Feature", "properties": { "id": 650, "population": 606 }, "geometry": { "type": "Polygon", "coordinates": [ [ [ 8.52942, 47.35947 ], [ 8.52965, 47.35774 ], [ 8.53205, 47.35711 ], [ 8.53422, 47.35822 ], [ 8.534, 47.35994 ], [ 8.5316, 47.36057 ], [ 8.52942, 47.35947 ], [ 8.52942, 47.35947 ] ] ] } },
{ "type": "Feature", "properties": { "id": 651, "population": 1034 }, "geometry": { "type": "Polygon", "coordinates": [ [ [ 8.51631, 47.37125 ], [ 8.51654, 47.36952 ], [ 8.51893, 47.36889 ], [ 8.52111, 47.37 ], [ 8.52089, 47.37172 ], [ 8.51849, 47.37235 ], [ 8.51631, 47.37125 ], [ 8.51631, 47.37125 ] ] ] } },
{ "type": "Feature", "properties": { "id": 652, "population": 600 }, "geometry": { "type": "Polygon", "coordinates": [ [ [ 8.54762, 47.39816 ], [ 8.54784, 47.39643 ], [ 8.55024, 47.39581 ], [ 8.55242, 47.39691 ], [ 8.55219, 47.39864 ], [ 8.54979, 47.39926 ], [ 8.54762, 47.39816 ], [ 8.54762, 47.39816 ] ] ] } },
{ "type": "Feature", "properties": { "id": 653, "population": 733 }, "geometry": { "type": "Polygon", "coordinates": [ [ [ 8.56001, 47.40996 ], [ 8.56024, 47.40823 ], [ 8.56264, 47.40761 ], [ 8.56481, 47.40871 ], [ 8.56459, 47.41044 ], [ 8.56219, 47.41106 ], [ 8.56001, 47.40996 ], [ 8.56001, 47.40996 ] ] ] } },
{ "type": "Feature", "properties": { "id": 654, "population": 682 }, "geometry": { "type": "Polygon", "coordinates": [ [ [ 8.49331, 47.40564 ], [ 8.49354, 47.40391 ], [ 8.49594, 47.40329 ], [ 8.49811, 47.40439 ], [ 8.49789, 47.40612 ], [ 8.49549, 47.40675 ], [ 8.49331, 47.40564 ], [ 8.49331, 47.40564 ] ] ] } },
{ "type": "Feature", "properties": { "id": 655, "population": 166 }, "geometry": { "type": "Polygon", "coordinates": [ [ [ 8.5686, 47.37931 ], [ 8.56882, 47.37758 ], [ 8.57122, 47.37696 ], [ 8.5734, 47.37806 ], [ 8.57317, 47.37979 ], [ 8.57077, 47.38042 ], [ 8.5686, 47.37931 ], [ 8.5686, 47.37931 ] ] ] } },
{ "type": "Feature", "properties": { "id": 656, "population": 35 }, "geometry": { "type": "Polygon", "coordinates": [ [ [ 8.51247, 47.34719 ], [ 8.51269, 47.34546 ], [ 8.51509, 47.34483 ], [ 8.51727, 47.34593 ], [ 8.51704, 47.34766 ], [ 8.51464, 47.34829 ], [ 8.51247, 47.34719 ], [ 8.51247, 47.34719 ] ] ] } },
{ "type": "Feature", "properties": { "id": 657, "population": 887 }, "geometry": { "type": "Polygon", "coordinates": [ [ [ 8.47636, 47.39336 ], [ 8.47658, 47.39163 ], [ 8.47898, 47.39101 ], [ 8.48116, 47.39211 ], [ 8.48093, 47.39384 ], [ 8.47853, 47.39446 ], [ 8.47636, 47.39336 ], [ 8.47636, 47.39336 ] ] ] } },
{ "type": "Feature", "properties": { "id": 658, "population": 604 }, "geometry": { "type": "Polygon", "coordinates": [ [ [ 8.58424, 47.40196 ], [ 8.58446, 47.40023 ], [ 8.58686, 47.39961 ], [ 8.58904, 47.40071 ], [ 8.58882, 47.40244 ], [ 8.58642, 47.40306 ], [ 8.58424, 47.40196 ], [ 8.58424, 47.40196 ] ] ] } },
{ "type": "Feature", "properties": { "id": 659, "population": 877 }, "geometry": { "type": "Polygon", "coordinates": [ [ [ 8.52552, 47.3538 ], [ 8.52574, 47.35207 ], [ 8.52814, 47.35145 ], [ 8.53032, 47.35255 ], [ 8.53009, 47.35428 ], [ 8.52769, 47.35491 ], [ 8.52552, 47.3538 ], [ 8.52552, 47.3538 ] ] ] } },
{ "type": "Feature", "properties": { "id": 660, "population": 1048 }, "geometry": { "type": "Polygon", "coordinates": [ [ [ 8.54309, 47.37929 ], [ 8.54332, 47.37756 ], [ 8.54572, 47.37694 ], [ 8.54789, 47.37804 ], [ 8.54767, 47.37977 ], [ 8.54527, 47.3804 ], [ 8.54309, 47.37929 ], [ 8.54309, 47.37929 ] ] ] } },
{ "type": "Feature", "properties": { "id": 661, "population": 875 }, "geometry": { "type": "Polygon", "coordinates": [ [ [ 8.50326, 47.36463 ], [ 8.50349, 47.3629 ], [ 8.50588, 47.36227 ], [ 8.50806, 47.36338 ], [ 8.50784, 47.36511 ], [ 8.50544, 47.36573 ], [ 8.50326, 47.36463 ], [ 8.50326, 47.36463 ] ] ] } },
{ "type": "Feature", "properties": { "id": 662, "population": 493 }, "geometry": { "type": "Polygon", "coordinates": [ [ [ 8.50698, 47.42546 ], [ 8.5072, 47.42373 ], [ 8.5096, 47.42311 ], [ 8.51178, 47.42421 ], [ 8.51156, 47.42594 ], [ 8.50915, 47.42656 ], [ 8.50698, 47.42546 ], [ 8.50698, 47.42546 ] ] ] } },
{ "type": "Feature", "properties": { "id": 663, "population": 832 }, "geometry": { "type": "Polygon", "coordinates": [ [ [ 8.55806, 47.40713 ], [ 8.55828, 47.4054 ], [ 8.56068, 47.40478 ], [ 8.56286, 47.40588 ], [ 8.56264, 47.40761 ], [ 8.56024, 47.40823 ], [ 8.55806, 47.40713 ], [ 8.55806, 47.40713 ] ] ] } },
{ "type": "Feature", "properties": { "id": 664, "population": 434 }, "geometry": { "type": "Polygon", "coordinates": [ [ [ 8.50374, 47.41461 ], [ 8.50397, 47.41289 ], [ 8.50637, 47.41226 ], [ 8.50855, 47.41336 ], [ 8.50832, 47.41509 ], [ 8.50592, 47.41572 ], [ 8.50374, 47.41461 ], [ 8.50374, 47.41461 ] ] ] } },
{ "type": "Feature", "properties": { "id": 665, "population": 0 }, "geometry": { "type": "Polygon", "coordinates": [ [ [ 8.56726, 47.38969 ], [ 8.56748, 47.38796 ], [ 8.56988, 47.38733 ], [ 8.57206, 47.38844 ], [ 8.57184, 47.39016 ], [ 8.56944, 47.39079 ], [ 8.56726, 47.38969 ], [ 8.56726, 47.38969 ] ] ] } },
{ "type": "Feature", "properties": { "id": 666, "population": 0 }, "geometry": { "type": "Polygon", "coordinates": [ [ [ 8.50857, 47.34152 ], [ 8.50879, 47.33979 ], [ 8.51119, 47.33916 ], [ 8.51336, 47.34027 ], [ 8.51314, 47.342 ], [ 8.51074, 47.34262 ], [ 8.50857, 47.34152 ], [ 8.50857, 47.34152 ] ] ] } },
{ "type": "Feature", "properties": { "id": 667, "population": 354 }, "geometry": { "type": "Polygon", "coordinates": [ [ [ 8.53082, 47.33069 ], [ 8.53104, 47.32896 ], [ 8.53344, 47.32833 ], [ 8.53561, 47.32943 ], [ 8.53539, 47.33116 ], [ 8.53299, 47.33179 ], [ 8.53082, 47.33069 ], [ 8.53082, 47.33069 ] ] ] } },
{ "type": "Feature", "properties": { "id": 668, "population": 922 }, "geometry": { "type": "Polygon", "coordinates": [ [ [ 8.52418, 47.36418 ], [ 8.5244, 47.36245 ], [ 8.5268, 47.36182 ], [ 8.52898, 47.36293 ], [ 8.52875, 47.36466 ], [ 8.52636, 47.36528 ], [ 8.52418, 47.36418 ], [ 8.52418, 47.36418 ] ] ] } },
{ "type": "Feature", "properties": { "id": 669, "population": 0 }, "geometry": { "type": "Polygon", "coordinates": [ [ [ 8.49949, 47.32216 ], [ 8.49971, 47.32043 ], [ 8.50211, 47.31981 ], [ 8.50428, 47.32091 ], [ 8.50406, 47.32264 ], [ 8.50166, 47.32327 ], [ 8.49949, 47.32216 ], [ 8.49949, 47.32216 ] ] ] } },
{ "type": "Feature", "properties": { "id": 670, "population": 873 }, "geometry": { "type": "Polygon", "coordinates": [ [ [ 8.53919, 47.37363 ], [ 8.53941, 47.3719 ], [ 8.54181, 47.37127 ], [ 8.54399, 47.37238 ], [ 8.54376, 47.37411 ], [ 8.54136, 47.37473 ], [ 8.53919, 47.37363 ], [ 8.53919, 47.37363 ] ] ] } },
{ "type": "Feature", "properties": { "id": 671, "population": 0 }, "geometry": { "type": "Polygon", "coordinates": [ [ [ 8.54582, 47.34014 ], [ 8.54604, 47.33841 ], [ 8.54844, 47.33778 ], [ 8.55062, 47.33888 ], [ 8.55039, 47.34061 ], [ 8.548, 47.34124 ], [ 8.54582, 47.34014 ], [ 8.54582, 47.34014 ] ] ] } },
{ "type": "Feature", "properties": { "id": 672, "population": 1045 }, "geometry": { "type": "Polygon", "coordinates": [ [ [ 8.52803, 47.38824 ], [ 8.52825, 47.38651 ], [ 8.53065, 47.38588 ], [ 8.53283, 47.38699 ], [ 8.5326, 47.38872 ], [ 8.5302, 47.38934 ], [ 8.52803, 47.38824 ], [ 8.52803, 47.38824 ] ] ] } },
{ "type": "Feature", "properties": { "id": 673, "population": 923 }, "geometry": { "type": "Polygon", "coordinates": [ [ [ 8.48685, 47.38394 ], [ 8.48708, 47.38222 ], [ 8.48948, 47.38159 ], [ 8.49165, 47.38269 ], [ 8.49143, 47.38442 ], [ 8.48903, 47.38505 ], [ 8.48685, 47.38394 ], [ 8.48685, 47.38394 ] ] ] } },
{ "type": "Feature", "properties": { "id": 674, "population": 748 }, "geometry": { "type": "Polygon", "coordinates": [ [ [ 8.52028, 47.35852 ], [ 8.5205, 47.35679 ], [ 8.5229, 47.35616 ], [ 8.52507, 47.35726 ], [ 8.52485, 47.35899 ], [ 8.52245, 47.35962 ], [ 8.52028, 47.35852 ], [ 8.52028, 47.35852 ] ] ] } },
{ "type": "Feature", "properties": { "id": 675, "population": 0 }, "geometry": { "type": "Polygon", "coordinates": [ [ [ 8.47777, 47.36459 ], [ 8.478, 47.36287 ], [ 8.4804, 47.36224 ], [ 8.48257, 47.36334 ], [ 8.48235, 47.36507 ], [ 8.47995, 47.3657 ], [ 8.47777, 47.36459 ], [ 8.47777, 47.36459 ] ] ] } },
{ "type": "Feature", "properties": { "id": 676, "population": 714 }, "geometry": { "type": "Polygon", "coordinates": [ [ [ 8.55477, 47.41467 ], [ 8.55499, 47.41294 ], [ 8.55739, 47.41232 ], [ 8.55957, 47.41342 ], [ 8.55935, 47.41515 ], [ 8.55694, 47.41577 ], [ 8.55477, 47.41467 ], [ 8.55477, 47.41467 ] ] ] } },
{ "type": "Feature", "properties": { "id": 677, "population": 1011 }, "geometry": { "type": "Polygon", "coordinates": [ [ [ 8.53785, 47.384 ], [ 8.53807, 47.38228 ], [ 8.54047, 47.38165 ], [ 8.54265, 47.38275 ], [ 8.54242, 47.38448 ], [ 8.54003, 47.38511 ], [ 8.53785, 47.384 ], [ 8.53785, 47.384 ] ] ] } },
{ "type": "Feature", "properties": { "id": 678, "population": 23 }, "geometry": { "type": "Polygon", "coordinates": [ [ [ 8.46331, 47.38674 ], [ 8.46353, 47.38501 ], [ 8.46593, 47.38438 ], [ 8.46811, 47.38549 ], [ 8.46788, 47.38722 ], [ 8.46548, 47.38784 ], [ 8.46331, 47.38674 ], [ 8.46331, 47.38674 ] ] ] } },
{ "type": "Feature", "properties": { "id": 679, "population": 0 }, "geometry": { "type": "Polygon", "coordinates": [ [ [ 8.59019, 47.37367 ], [ 8.59041, 47.37194 ], [ 8.59281, 47.37131 ], [ 8.59499, 47.37241 ], [ 8.59477, 47.37414 ], [ 8.59237, 47.37477 ], [ 8.59019, 47.37367 ], [ 8.59019, 47.37367 ] ] ] } },
{ "type": "Feature", "properties": { "id": 680, "population": 672 }, "geometry": { "type": "Polygon", "coordinates": [ [ [ 8.53779, 47.4024 ], [ 8.53802, 47.40067 ], [ 8.54042, 47.40004 ], [ 8.54259, 47.40114 ], [ 8.54237, 47.40287 ], [ 8.53997, 47.4035 ], [ 8.53779, 47.4024 ], [ 8.53779, 47.4024 ] ] ] } },
{ "type": "Feature", "properties": { "id": 681, "population": 854 }, "geometry": { "type": "Polygon", "coordinates": [ [ [ 8.55883, 47.36515 ], [ 8.55905, 47.36343 ], [ 8.56145, 47.3628 ], [ 8.56362, 47.3639 ], [ 8.5634, 47.36563 ], [ 8.561, 47.36626 ], [ 8.55883, 47.36515 ], [ 8.55883, 47.36515 ] ] ] } },
{ "type": "Feature", "properties": { "id": 682, "population": 711 }, "geometry": { "type": "Polygon", "coordinates": [ [ [ 8.53975, 47.40523 ], [ 8.53997, 47.4035 ], [ 8.54237, 47.40287 ], [ 8.54455, 47.40397 ], [ 8.54433, 47.4057 ], [ 8.54193, 47.40633 ], [ 8.53975, 47.40523 ], [ 8.53975, 47.40523 ] ] ] } },
{ "type": "Feature", "properties": { "id": 683, "population": 1022 }, "geometry": { "type": "Polygon", "coordinates": [ [ [ 8.53394, 47.37834 ], [ 8.53417, 47.37661 ], [ 8.53656, 47.37599 ], [ 8.53874, 47.37709 ], [ 8.53852, 47.37882 ], [ 8.53612, 47.37944 ], [ 8.53394, 47.37834 ], [ 8.53394, 47.37834 ] ] ] } },
{ "type": "Feature", "properties": { "id": 684, "population": 538 }, "geometry": { "type": "Polygon", "coordinates": [ [ [ 8.49069, 47.408 ], [ 8.49091, 47.40627 ], [ 8.49331, 47.40564 ], [ 8.49549, 47.40675 ], [ 8.49526, 47.40847 ], [ 8.49286, 47.4091 ], [ 8.49069, 47.408 ], [ 8.49069, 47.408 ] ] ] } },
{ "type": "Feature", "properties": { "id": 685, "population": 0 }, "geometry": { "type": "Polygon", "coordinates": [ [ [ 8.47582, 47.36176 ], [ 8.47605, 47.36003 ], [ 8.47845, 47.35941 ], [ 8.48062, 47.36051 ], [ 8.4804, 47.36224 ], [ 8.478, 47.36287 ], [ 8.47582, 47.36176 ], [ 8.47582, 47.36176 ] ] ] } },
{ "type": "Feature", "properties": { "id": 686, "population": 0 }, "geometry": { "type": "Polygon", "coordinates": [ [ [ 8.58628, 47.368 ], [ 8.5865, 47.36627 ], [ 8.5889, 47.36564 ], [ 8.59108, 47.36675 ], [ 8.59086, 47.36848 ], [ 8.58846, 47.3691 ], [ 8.58628, 47.368 ], [ 8.58628, 47.368 ] ] ] } },
{ "type": "Feature", "properties": { "id": 687, "population": 1013 }, "geometry": { "type": "Polygon", "coordinates": [ [ [ 8.52022, 47.37691 ], [ 8.52044, 47.37518 ], [ 8.52284, 47.37456 ], [ 8.52502, 47.37566 ], [ 8.52479, 47.37739 ], [ 8.52239, 47.37801 ], [ 8.52022, 47.37691 ], [ 8.52022, 47.37691 ] ] ] } },
{ "type": "Feature", "properties": { "id": 688, "population": 0 }, "geometry": { "type": "Polygon", "coordinates": [ [ [ 8.54186, 47.35288 ], [ 8.54209, 47.35115 ], [ 8.54448, 47.35052 ], [ 8.54666, 47.35162 ], [ 8.54644, 47.35335 ], [ 8.54404, 47.35398 ], [ 8.54186, 47.35288 ], [ 8.54186, 47.35288 ] ] ] } },
{ "type": "Feature", "properties": { "id": 689, "population": 974 }, "geometry": { "type": "Polygon", "coordinates": [ [ [ 8.55492, 47.35949 ], [ 8.55514, 47.35776 ], [ 8.55754, 47.35713 ], [ 8.55972, 47.35824 ], [ 8.55949, 47.35997 ], [ 8.55709, 47.36059 ], [ 8.55492, 47.35949 ], [ 8.55492, 47.35949 ] ] ] } },
{ "type": "Feature", "properties": { "id": 690, "population": 816 }, "geometry": { "type": "Polygon", "coordinates": [ [ [ 8.54952, 47.41938 ], [ 8.54974, 47.41765 ], [ 8.55214, 47.41703 ], [ 8.55432, 47.41813 ], [ 8.5541, 47.41986 ], [ 8.5517, 47.42048 ], [ 8.54952, 47.41938 ], [ 8.54952, 47.41938 ] ] ] } },
{ "type": "Feature", "properties": { "id": 691, "population": 70 }, "geometry": { "type": "Polygon", "coordinates": [ [ [ 8.49479, 47.35849 ], [ 8.49501, 47.35676 ], [ 8.49741, 47.35613 ], [ 8.49958, 47.35723 ], [ 8.49936, 47.35896 ], [ 8.49696, 47.35959 ], [ 8.49479, 47.35849 ], [ 8.49479, 47.35849 ] ] ] } },
{ "type": "Feature", "properties": { "id": 692, "population": 969 }, "geometry": { "type": "Polygon", "coordinates": [ [ [ 8.47568, 47.39854 ], [ 8.47591, 47.39682 ], [ 8.47831, 47.39619 ], [ 8.48048, 47.39729 ], [ 8.48026, 47.39902 ], [ 8.47786, 47.39965 ], [ 8.47568, 47.39854 ], [ 8.47568, 47.39854 ] ] ] } },
{ "type": "Feature", "properties": { "id": 693, "population": 0 }, "geometry": { "type": "Polygon", "coordinates": [ [ [ 8.53796, 47.34721 ], [ 8.53818, 47.34548 ], [ 8.54058, 47.34485 ], [ 8.54275, 47.34596 ], [ 8.54253, 47.34769 ], [ 8.54013, 47.34831 ], [ 8.53796, 47.34721 ], [ 8.53796, 47.34721 ] ] ] } },
{ "type": "Feature", "properties": { "id": 694, "population": 560 }, "geometry": { "type": "Polygon", "coordinates": [ [ [ 8.5024, 47.42498 ], [ 8.50262, 47.42325 ], [ 8.50503, 47.42263 ], [ 8.5072, 47.42373 ], [ 8.50698, 47.42546 ], [ 8.50458, 47.42609 ], [ 8.5024, 47.42498 ], [ 8.5024, 47.42498 ] ] ] } },
{ "type": "Feature", "properties": { "id": 695, "population": 926 }, "geometry": { "type": "Polygon", "coordinates": [ [ [ 8.55358, 47.36987 ], [ 8.5538, 47.36814 ], [ 8.5562, 47.36751 ], [ 8.55838, 47.36861 ], [ 8.55816, 47.37034 ], [ 8.55576, 47.37097 ], [ 8.55358, 47.36987 ], [ 8.55358, 47.36987 ] ] ] } },
{ "type": "Feature", "properties": { "id": 696, "population": 0 }, "geometry": { "type": "Polygon", "coordinates": [ [ [ 8.60592, 47.35952 ], [ 8.60614, 47.35779 ], [ 8.60854, 47.35716 ], [ 8.61072, 47.35826 ], [ 8.61049, 47.35999 ], [ 8.6081, 47.36062 ], [ 8.60592, 47.35952 ], [ 8.60592, 47.35952 ] ] ] } },
{ "type": "Feature", "properties": { "id": 697, "population": 0 }, "geometry": { "type": "Polygon", "coordinates": [ [ [ 8.50332, 47.34623 ], [ 8.50355, 47.3445 ], [ 8.50595, 47.34388 ], [ 8.50812, 47.34498 ], [ 8.5079, 47.34671 ], [ 8.5055, 47.34733 ], [ 8.50332, 47.34623 ], [ 8.50332, 47.34623 ] ] ] } },
{ "type": "Feature", "properties": { "id": 698, "population": 0 }, "geometry": { "type": "Polygon", "coordinates": [ [ [ 8.56659, 47.39488 ], [ 8.56682, 47.39315 ], [ 8.56922, 47.39252 ], [ 8.57139, 47.39362 ], [ 8.57117, 47.39535 ], [ 8.56877, 47.39598 ], [ 8.56659, 47.39488 ], [ 8.56659, 47.39488 ] ] ] } },
{ "type": "Feature", "properties": { "id": 699, "population": 452 }, "geometry": { "type": "Polygon", "coordinates": [ [ [ 8.54829, 47.39298 ], [ 8.54851, 47.39125 ], [ 8.55091, 47.39062 ], [ 8.55309, 47.39172 ], [ 8.55286, 47.39345 ], [ 8.55046, 47.39408 ], [ 8.54829, 47.39298 ], [ 8.54829, 47.39298 ] ] ] } },
{ "type": "Feature", "properties": { "id": 700, "population": 0 }, "geometry": { "type": "Polygon", "coordinates": [ [ [ 8.49089, 47.35282 ], [ 8.49111, 47.35109 ], [ 8.49351, 47.35047 ], [ 8.49568, 47.35157 ], [ 8.49546, 47.3533 ], [ 8.49306, 47.35392 ], [ 8.49089, 47.35282 ], [ 8.49089, 47.35282 ] ] ] } },
{ "type": "Feature", "properties": { "id": 701, "population": 77 }, "geometry": { "type": "Polygon", "coordinates": [ [ [ 8.48544, 47.4127 ], [ 8.48566, 47.41097 ], [ 8.48806, 47.41035 ], [ 8.49024, 47.41145 ], [ 8.49002, 47.41318 ], [ 8.48762, 47.41381 ], [ 8.48544, 47.4127 ], [ 8.48544, 47.4127 ] ] ] } },
{ "type": "Feature", "properties": { "id": 702, "population": 162 }, "geometry": { "type": "Polygon", "coordinates": [ [ [ 8.50649, 47.37548 ], [ 8.50672, 47.37375 ], [ 8.50912, 47.37313 ], [ 8.51129, 47.37423 ], [ 8.51107, 47.37596 ], [ 8.50867, 47.37658 ], [ 8.50649, 47.37548 ], [ 8.50649, 47.37548 ] ] ] } },
{ "type": "Feature", "properties": { "id": 703, "population": 50 }, "geometry": { "type": "Polygon", "coordinates": [ [ [ 8.48867, 47.42355 ], [ 8.48889, 47.42182 ], [ 8.49129, 47.4212 ], [ 8.49347, 47.4223 ], [ 8.49325, 47.42403 ], [ 8.49085, 47.42465 ], [ 8.48867, 47.42355 ], [ 8.48867, 47.42355 ] ] ] } },
{ "type": "Feature", "properties": { "id": 704, "population": 0 }, "geometry": { "type": "Polygon", "coordinates": [ [ [ 8.48235, 47.36507 ], [ 8.48257, 47.36334 ], [ 8.48497, 47.36272 ], [ 8.48714, 47.36382 ], [ 8.48692, 47.36555 ], [ 8.48452, 47.36618 ], [ 8.48235, 47.36507 ], [ 8.48235, 47.36507 ] ] ] } },
{ "type": "Feature", "properties": { "id": 705, "population": 794 }, "geometry": { "type": "Polygon", "coordinates": [ [ [ 8.50643, 47.39387 ], [ 8.50665, 47.39214 ], [ 8.50905, 47.39152 ], [ 8.51123, 47.39262 ], [ 8.51101, 47.39435 ], [ 8.50861, 47.39498 ], [ 8.50643, 47.39387 ], [ 8.50643, 47.39387 ] ] ] } },
{ "type": "Feature", "properties": { "id": 706, "population": 0 }, "geometry": { "type": "Polygon", "coordinates": [ [ [ 8.56268, 47.38921 ], [ 8.56291, 47.38749 ], [ 8.56531, 47.38686 ], [ 8.56748, 47.38796 ], [ 8.56726, 47.38969 ], [ 8.56486, 47.39032 ], [ 8.56268, 47.38921 ], [ 8.56268, 47.38921 ] ] ] } },
{ "type": "Feature", "properties": { "id": 707, "population": 0 }, "geometry": { "type": "Polygon", "coordinates": [ [ [ 8.48954, 47.3632 ], [ 8.48977, 47.36147 ], [ 8.49216, 47.36084 ], [ 8.49434, 47.36194 ], [ 8.49411, 47.36367 ], [ 8.49172, 47.3643 ], [ 8.48954, 47.3632 ], [ 8.48954, 47.3632 ] ] ] } },
{ "type": "Feature", "properties": { "id": 708, "population": 894 }, "geometry": { "type": "Polygon", "coordinates": [ [ [ 8.52753, 47.33824 ], [ 8.52775, 47.33651 ], [ 8.53015, 47.33588 ], [ 8.53232, 47.33698 ], [ 8.5321, 47.33871 ], [ 8.5297, 47.33934 ], [ 8.52753, 47.33824 ], [ 8.52753, 47.33824 ] ] ] } },
{ "type": "Feature", "properties": { "id": 709, "population": 998 }, "geometry": { "type": "Polygon", "coordinates": [ [ [ 8.49075, 47.38961 ], [ 8.49098, 47.38788 ], [ 8.49338, 47.38725 ], [ 8.49555, 47.38836 ], [ 8.49533, 47.39009 ], [ 8.49293, 47.39071 ], [ 8.49075, 47.38961 ], [ 8.49075, 47.38961 ] ] ] } },
{ "type": "Feature", "properties": { "id": 710, "population": 946 }, "geometry": { "type": "Polygon", "coordinates": [ [ [ 8.4921, 47.37924 ], [ 8.49232, 47.37751 ], [ 8.49472, 47.37688 ], [ 8.4969, 47.37798 ], [ 8.49667, 47.37971 ], [ 8.49427, 47.38034 ], [ 8.4921, 47.37924 ], [ 8.4921, 47.37924 ] ] ] } },
{ "type": "Feature", "properties": { "id": 711, "population": 682 }, "geometry": { "type": "Polygon", "coordinates": [ [ [ 8.49277, 47.37405 ], [ 8.49299, 47.37232 ], [ 8.49539, 47.37169 ], [ 8.49757, 47.3728 ], [ 8.49734, 47.37453 ], [ 8.49495, 47.37515 ], [ 8.49277, 47.37405 ], [ 8.49277, 47.37405 ] ] ] } },
{ "type": "Feature", "properties": { "id": 712, "population": 668 }, "geometry": { "type": "Polygon", "coordinates": [ [ [ 8.54623, 47.42692 ], [ 8.54645, 47.42519 ], [ 8.54885, 47.42457 ], [ 8.55103, 47.42567 ], [ 8.55081, 47.4274 ], [ 8.5484, 47.42802 ], [ 8.54623, 47.42692 ], [ 8.54623, 47.42692 ] ] ] } },
{ "type": "Feature", "properties": { "id": 713, "population": 318 }, "geometry": { "type": "Polygon", "coordinates": [ [ [ 8.56731, 47.37129 ], [ 8.56753, 47.36956 ], [ 8.56993, 47.36894 ], [ 8.57211, 47.37004 ], [ 8.57189, 47.37177 ], [ 8.56949, 47.3724 ], [ 8.56731, 47.37129 ], [ 8.56731, 47.37129 ] ] ] } },
{ "type": "Feature", "properties": { "id": 714, "population": 763 }, "geometry": { "type": "Polygon", "coordinates": [ [ [ 8.49143, 47.38442 ], [ 8.49165, 47.38269 ], [ 8.49405, 47.38207 ], [ 8.49622, 47.38317 ], [ 8.496, 47.3849 ], [ 8.4936, 47.38553 ], [ 8.49143, 47.38442 ], [ 8.49143, 47.38442 ] ] ] } },
{ "type": "Feature", "properties": { "id": 715, "population": 956 }, "geometry": { "type": "Polygon", "coordinates": [ [ [ 8.56264, 47.40761 ], [ 8.56286, 47.40588 ], [ 8.56526, 47.40525 ], [ 8.56744, 47.40635 ], [ 8.56721, 47.40808 ], [ 8.56481, 47.40871 ], [ 8.56264, 47.40761 ], [ 8.56264, 47.40761 ] ] ] } },
{ "type": "Feature", "properties": { "id": 716, "population": 927 }, "geometry": { "type": "Polygon", "coordinates": [ [ [ 8.51955, 47.3821 ], [ 8.51977, 47.38037 ], [ 8.52217, 47.37974 ], [ 8.52435, 47.38085 ], [ 8.52412, 47.38258 ], [ 8.52172, 47.3832 ], [ 8.51955, 47.3821 ], [ 8.51955, 47.3821 ] ] ] } },
{ "type": "Feature", "properties": { "id": 717, "population": 0 }, "geometry": { "type": "Polygon", "coordinates": [ [ [ 8.58233, 47.38074 ], [ 8.58255, 47.37901 ], [ 8.58495, 47.37838 ], [ 8.58713, 47.37948 ], [ 8.5869, 47.38121 ], [ 8.5845, 47.38184 ], [ 8.58233, 47.38074 ], [ 8.58233, 47.38074 ] ] ] } },
{ "type": "Feature", "properties": { "id": 718, "population": 184 }, "geometry": { "type": "Polygon", "coordinates": [ [ [ 8.52363, 47.33257 ], [ 8.52385, 47.33084 ], [ 8.52625, 47.33021 ], [ 8.52842, 47.33132 ], [ 8.5282, 47.33305 ], [ 8.5258, 47.33367 ], [ 8.52363, 47.33257 ], [ 8.52363, 47.33257 ] ] ] } },
{ "type": "Feature", "properties": { "id": 719, "population": 0 }, "geometry": { "type": "Polygon", "coordinates": [ [ [ 8.53924, 47.35523 ], [ 8.53946, 47.3535 ], [ 8.54186, 47.35288 ], [ 8.54404, 47.35398 ], [ 8.54382, 47.35571 ], [ 8.54142, 47.35633 ], [ 8.53924, 47.35523 ], [ 8.53924, 47.35523 ] ] ] } },
{ "type": "Feature", "properties": { "id": 720, "population": 839 }, "geometry": { "type": "Polygon", "coordinates": [ [ [ 8.50307, 47.4198 ], [ 8.5033, 47.41807 ], [ 8.5057, 47.41744 ], [ 8.50787, 47.41855 ], [ 8.50765, 47.42028 ], [ 8.50525, 47.4209 ], [ 8.50307, 47.4198 ], [ 8.50307, 47.4198 ] ] ] } },
{ "type": "Feature", "properties": { "id": 721, "population": 563 }, "geometry": { "type": "Polygon", "coordinates": [ [ [ 8.52229, 47.34295 ], [ 8.52251, 47.34122 ], [ 8.52491, 47.34059 ], [ 8.52708, 47.3417 ], [ 8.52686, 47.34343 ], [ 8.52446, 47.34405 ], [ 8.52229, 47.34295 ], [ 8.52229, 47.34295 ] ] ] } },
{ "type": "Feature", "properties": { "id": 722, "population": 942 }, "geometry": { "type": "Polygon", "coordinates": [ [ [ 8.52473, 47.39578 ], [ 8.52496, 47.39405 ], [ 8.52736, 47.39343 ], [ 8.52953, 47.39453 ], [ 8.52931, 47.39626 ], [ 8.52691, 47.39688 ], [ 8.52473, 47.39578 ], [ 8.52473, 47.39578 ] ] ] } },
{ "type": "Feature", "properties": { "id": 723, "population": 2 }, "geometry": { "type": "Polygon", "coordinates": [ [ [ 8.58033, 47.3963 ], [ 8.58055, 47.39457 ], [ 8.58295, 47.39394 ], [ 8.58513, 47.39505 ], [ 8.58491, 47.39678 ], [ 8.58251, 47.3974 ], [ 8.58033, 47.3963 ], [ 8.58033, 47.3963 ] ] ] } },
{ "type": "Feature", "properties": { "id": 724, "population": 1 }, "geometry": { "type": "Polygon", "coordinates": [ [ [ 8.53534, 47.34957 ], [ 8.53556, 47.34784 ], [ 8.53796, 47.34721 ], [ 8.54013, 47.34831 ], [ 8.53991, 47.35004 ], [ 8.53751, 47.35067 ], [ 8.53534, 47.34957 ], [ 8.53534, 47.34957 ] ] ] } },
{ "type": "Feature", "properties": { "id": 725, "population": 61 }, "geometry": { "type": "Polygon", "coordinates": [ [ [ 8.49917, 47.41414 ], [ 8.49939, 47.41241 ], [ 8.50179, 47.41178 ], [ 8.50397, 47.41289 ], [ 8.50374, 47.41461 ], [ 8.50134, 47.41524 ], [ 8.49917, 47.41414 ], [ 8.49917, 47.41414 ] ] ] } },
{ "type": "Feature", "properties": { "id": 726, "population": 812 }, "geometry": { "type": "Polygon", "coordinates": [ [ [ 8.55291, 47.37506 ], [ 8.55314, 47.37333 ], [ 8.55554, 47.3727 ], [ 8.55771, 47.3738 ], [ 8.55749, 47.37553 ], [ 8.55509, 47.37616 ], [ 8.55291, 47.37506 ], [ 8.55291, 47.37506 ] ] ] } },
{ "type": "Feature", "properties": { "id": 727, "population": 31 }, "geometry": { "type": "Polygon", "coordinates": [ [ [ 8.60525, 47.36471 ], [ 8.60547, 47.36298 ], [ 8.60787, 47.36235 ], [ 8.61005, 47.36345 ], [ 8.60983, 47.36518 ], [ 8.60743, 47.36581 ], [ 8.60525, 47.36471 ], [ 8.60525, 47.36471 ] ] ] } },
{ "type": "Feature", "properties": { "id": 728, "population": 82 }, "geometry": { "type": "Polygon", "coordinates": [ [ [ 8.56335, 47.38403 ], [ 8.56358, 47.3823 ], [ 8.56597, 47.38167 ], [ 8.56815, 47.38277 ], [ 8.56793, 47.3845 ], [ 8.56553, 47.38513 ], [ 8.56335, 47.38403 ], [ 8.56335, 47.38403 ] ] ] } },
{ "type": "Feature", "properties": { "id": 729, "population": 305 }, "geometry": { "type": "Polygon", "coordinates": [ [ [ 8.47104, 47.41645 ], [ 8.47126, 47.41472 ], [ 8.47366, 47.4141 ], [ 8.47584, 47.4152 ], [ 8.47561, 47.41693 ], [ 8.47321, 47.41755 ], [ 8.47104, 47.41645 ], [ 8.47104, 47.41645 ] ] ] } },
{ "type": "Feature", "properties": { "id": 730, "population": 1028 }, "geometry": { "type": "Polygon", "coordinates": [ [ [ 8.52083, 47.39012 ], [ 8.52105, 47.38839 ], [ 8.52345, 47.38776 ], [ 8.52563, 47.38887 ], [ 8.5254, 47.39059 ], [ 8.523, 47.39122 ], [ 8.52083, 47.39012 ], [ 8.52083, 47.39012 ] ] ] } },
{ "type": "Feature", "properties": { "id": 731, "population": 863 }, "geometry": { "type": "Polygon", "coordinates": [ [ [ 8.47178, 47.39288 ], [ 8.47201, 47.39115 ], [ 8.47441, 47.39053 ], [ 8.47658, 47.39163 ], [ 8.47636, 47.39336 ], [ 8.47396, 47.39398 ], [ 8.47178, 47.39288 ], [ 8.47178, 47.39288 ] ] ] } },
{ "type": "Feature", "properties": { "id": 732, "population": 697 }, "geometry": { "type": "Polygon", "coordinates": [ [ [ 8.53528, 47.36797 ], [ 8.5355, 47.36624 ], [ 8.5379, 47.36561 ], [ 8.54008, 47.36671 ], [ 8.53986, 47.36844 ], [ 8.53746, 47.36907 ], [ 8.53528, 47.36797 ], [ 8.53528, 47.36797 ] ] ] } },
{ "type": "Feature", "properties": { "id": 733, "population": 32 }, "geometry": { "type": "Polygon", "coordinates": [ [ [ 8.50723, 47.3519 ], [ 8.50745, 47.35017 ], [ 8.50985, 47.34954 ], [ 8.51202, 47.35064 ], [ 8.5118, 47.35237 ], [ 8.5094, 47.353 ], [ 8.50723, 47.3519 ], [ 8.50723, 47.3519 ] ] ] } },
{ "type": "Feature", "properties": { "id": 734, "population": 918 }, "geometry": { "type": "Polygon", "coordinates": [ [ [ 8.53646, 47.41277 ], [ 8.53668, 47.41104 ], [ 8.53908, 47.41041 ], [ 8.54126, 47.41152 ], [ 8.54103, 47.41324 ], [ 8.53863, 47.41387 ], [ 8.53646, 47.41277 ], [ 8.53646, 47.41277 ] ] ] } },
{ "type": "Feature", "properties": { "id": 735, "population": 1007 }, "geometry": { "type": "Polygon", "coordinates": [ [ [ 8.54901, 47.36939 ], [ 8.54923, 47.36766 ], [ 8.55163, 47.36704 ], [ 8.5538, 47.36814 ], [ 8.55358, 47.36987 ], [ 8.55118, 47.3705 ], [ 8.54901, 47.36939 ], [ 8.54901, 47.36939 ] ] ] } },
{ "type": "Feature", "properties": { "id": 736, "population": 49 }, "geometry": { "type": "Polygon", "coordinates": [ [ [ 8.60134, 47.35904 ], [ 8.60156, 47.35731 ], [ 8.60396, 47.35669 ], [ 8.60614, 47.35779 ], [ 8.60592, 47.35952 ], [ 8.60352, 47.36015 ], [ 8.60134, 47.35904 ], [ 8.60134, 47.35904 ] ] ] } },
{ "type": "Feature", "properties": { "id": 737, "population": 471 }, "geometry": { "type": "Polygon", "coordinates": [ [ [ 8.51949, 47.40049 ], [ 8.51971, 47.39876 ], [ 8.52211, 47.39814 ], [ 8.52429, 47.39924 ], [ 8.52406, 47.40097 ], [ 8.52166, 47.40159 ], [ 8.51949, 47.40049 ], [ 8.51949, 47.40049 ] ] ] } },
{ "type": "Feature", "properties": { "id": 738, "population": 152 }, "geometry": { "type": "Polygon", "coordinates": [ [ [ 8.57508, 47.40101 ], [ 8.57531, 47.39928 ], [ 8.57771, 47.39866 ], [ 8.57988, 47.39976 ], [ 8.57966, 47.40149 ], [ 8.57726, 47.40212 ], [ 8.57508, 47.40101 ], [ 8.57508, 47.40101 ] ] ] } },
{ "type": "Feature", "properties": { "id": 739, "population": 763 }, "geometry": { "type": "Polygon", "coordinates": [ [ [ 8.53255, 47.40711 ], [ 8.53277, 47.40538 ], [ 8.53517, 47.40475 ], [ 8.53735, 47.40585 ], [ 8.53712, 47.40758 ], [ 8.53472, 47.40821 ], [ 8.53255, 47.40711 ], [ 8.53255, 47.40711 ] ] ] } },
{ "type": "Feature", "properties": { "id": 740, "population": 704 }, "geometry": { "type": "Polygon", "coordinates": [ [ [ 8.54895, 47.38779 ], [ 8.54918, 47.38606 ], [ 8.55158, 47.38543 ], [ 8.55375, 47.38653 ], [ 8.55353, 47.38826 ], [ 8.55113, 47.38889 ], [ 8.54895, 47.38779 ], [ 8.54895, 47.38779 ] ] ] } },
{ "type": "Feature", "properties": { "id": 741, "population": 866 }, "geometry": { "type": "Polygon", "coordinates": [ [ [ 8.47441, 47.39053 ], [ 8.47463, 47.3888 ], [ 8.47703, 47.38817 ], [ 8.47921, 47.38928 ], [ 8.47898, 47.39101 ], [ 8.47658, 47.39163 ], [ 8.47441, 47.39053 ], [ 8.47441, 47.39053 ] ] ] } },
{ "type": "Feature", "properties": { "id": 742, "population": 0 }, "geometry": { "type": "Polygon", "coordinates": [ [ [ 8.60001, 47.36942 ], [ 8.60023, 47.36769 ], [ 8.60263, 47.36707 ], [ 8.60481, 47.36817 ], [ 8.60459, 47.3699 ], [ 8.60219, 47.37053 ], [ 8.60001, 47.36942 ], [ 8.60001, 47.36942 ] ] ] } },
{ "type": "Feature", "properties": { "id": 743, "population": 899 }, "geometry": { "type": "Polygon", "coordinates": [ [ [ 8.51558, 47.39483 ], [ 8.51581, 47.3931 ], [ 8.51821, 47.39247 ], [ 8.52038, 47.39358 ], [ 8.52016, 47.3953 ], [ 8.51776, 47.39593 ], [ 8.51558, 47.39483 ], [ 8.51558, 47.39483 ] ] ] } },
{ "type": "Feature", "properties": { "id": 744, "population": 486 }, "geometry": { "type": "Polygon", "coordinates": [ [ [ 8.56864, 47.36092 ], [ 8.56887, 47.35919 ], [ 8.57126, 47.35856 ], [ 8.57344, 47.35966 ], [ 8.57322, 47.36139 ], [ 8.57082, 47.36202 ], [ 8.56864, 47.36092 ], [ 8.56864, 47.36092 ] ] ] } },
{ "type": "Feature", "properties": { "id": 745, "population": 343 }, "geometry": { "type": "Polygon", "coordinates": [ [ [ 8.53121, 47.41748 ], [ 8.53143, 47.41575 ], [ 8.53383, 47.41512 ], [ 8.53601, 47.41622 ], [ 8.53579, 47.41795 ], [ 8.53338, 47.41858 ], [ 8.53121, 47.41748 ], [ 8.53121, 47.41748 ] ] ] } },
{ "type": "Feature", "properties": { "id": 746, "population": 353 }, "geometry": { "type": "Polygon", "coordinates": [ [ [ 8.53249, 47.42549 ], [ 8.53271, 47.42376 ], [ 8.53512, 47.42314 ], [ 8.53729, 47.42424 ], [ 8.53707, 47.42597 ], [ 8.53467, 47.42659 ], [ 8.53249, 47.42549 ], [ 8.53249, 47.42549 ] ] ] } },
{ "type": "Feature", "properties": { "id": 747, "population": 0 }, "geometry": { "type": "Polygon", "coordinates": [ [ [ 8.45941, 47.38107 ], [ 8.45963, 47.37934 ], [ 8.46203, 47.37872 ], [ 8.46421, 47.37982 ], [ 8.46398, 47.38155 ], [ 8.46158, 47.38218 ], [ 8.45941, 47.38107 ], [ 8.45941, 47.38107 ] ] ] } },
{ "type": "Feature", "properties": { "id": 748, "population": 523 }, "geometry": { "type": "Polygon", "coordinates": [ [ [ 8.46848, 47.40042 ], [ 8.46871, 47.39869 ], [ 8.47111, 47.39807 ], [ 8.47328, 47.39917 ], [ 8.47306, 47.4009 ], [ 8.47066, 47.40152 ], [ 8.46848, 47.40042 ], [ 8.46848, 47.40042 ] ] ] } },
{ "type": "Feature", "properties": { "id": 749, "population": 334 }, "geometry": { "type": "Polygon", "coordinates": [ [ [ 8.56736, 47.35289 ], [ 8.56758, 47.35116 ], [ 8.56998, 47.35054 ], [ 8.57215, 47.35164 ], [ 8.57193, 47.35337 ], [ 8.56953, 47.354 ], [ 8.56736, 47.35289 ], [ 8.56736, 47.35289 ] ] ] } },
{ "type": "Feature", "properties": { "id": 750, "population": 0 }, "geometry": { "type": "Polygon", "coordinates": [ [ [ 8.55168, 47.34864 ], [ 8.5519, 47.34691 ], [ 8.5543, 47.34628 ], [ 8.55648, 47.34738 ], [ 8.55625, 47.34911 ], [ 8.55386, 47.34974 ], [ 8.55168, 47.34864 ], [ 8.55168, 47.34864 ] ] ] } },
{ "type": "Feature", "properties": { "id": 751, "population": 36 }, "geometry": { "type": "Polygon", "coordinates": [ [ [ 8.48537, 47.43108 ], [ 8.4856, 47.42936 ], [ 8.488, 47.42873 ], [ 8.49017, 47.42984 ], [ 8.48995, 47.43156 ], [ 8.48755, 47.43219 ], [ 8.48537, 47.43108 ], [ 8.48537, 47.43108 ] ] ] } },
{ "type": "Feature", "properties": { "id": 752, "population": 138 }, "geometry": { "type": "Polygon", "coordinates": [ [ [ 8.47905, 47.37261 ], [ 8.47927, 47.37089 ], [ 8.48167, 47.37026 ], [ 8.48385, 47.37136 ], [ 8.48362, 47.37309 ], [ 8.48122, 47.37372 ], [ 8.47905, 47.37261 ], [ 8.47905, 47.37261 ] ] ] } },
{ "type": "Feature", "properties": { "id": 753, "population": 9 }, "geometry": { "type": "Polygon", "coordinates": [ [ [ 8.52858, 47.41983 ], [ 8.52881, 47.4181 ], [ 8.53121, 47.41748 ], [ 8.53338, 47.41858 ], [ 8.53316, 47.42031 ], [ 8.53076, 47.42093 ], [ 8.52858, 47.41983 ], [ 8.52858, 47.41983 ] ] ] } },
{ "type": "Feature", "properties": { "id": 754, "population": 0 }, "geometry": { "type": "Polygon", "coordinates": [ [ [ 8.55939, 47.39676 ], [ 8.55962, 47.39503 ], [ 8.56202, 47.3944 ], [ 8.56419, 47.3955 ], [ 8.56397, 47.39723 ], [ 8.56157, 47.39786 ], [ 8.55939, 47.39676 ], [ 8.55939, 47.39676 ] ] ] } },
{ "type": "Feature", "properties": { "id": 755, "population": 87 }, "geometry": { "type": "Polygon", "coordinates": [ [ [ 8.488, 47.42873 ], [ 8.48822, 47.427 ], [ 8.49062, 47.42638 ], [ 8.4928, 47.42748 ], [ 8.49257, 47.42921 ], [ 8.49017, 47.42984 ], [ 8.488, 47.42873 ], [ 8.488, 47.42873 ] ] ] } },
{ "type": "Feature", "properties": { "id": 756, "population": 305 }, "geometry": { "type": "Polygon", "coordinates": [ [ [ 8.5046, 47.35425 ], [ 8.50483, 47.35252 ], [ 8.50723, 47.3519 ], [ 8.5094, 47.353 ], [ 8.50918, 47.35473 ], [ 8.50678, 47.35536 ], [ 8.5046, 47.35425 ], [ 8.5046, 47.35425 ] ] ] } },
{ "type": "Feature", "properties": { "id": 757, "population": 968 }, "geometry": { "type": "Polygon", "coordinates": [ [ [ 8.54967, 47.3642 ], [ 8.5499, 47.36247 ], [ 8.5523, 47.36185 ], [ 8.55447, 47.36295 ], [ 8.55425, 47.36468 ], [ 8.55185, 47.36531 ], [ 8.54967, 47.3642 ], [ 8.54967, 47.3642 ] ] ] } },
{ "type": "Feature", "properties": { "id": 758, "population": 0 }, "geometry": { "type": "Polygon", "coordinates": [ [ [ 8.47515, 47.36695 ], [ 8.47537, 47.36522 ], [ 8.47777, 47.36459 ], [ 8.47995, 47.3657 ], [ 8.47972, 47.36743 ], [ 8.47732, 47.36805 ], [ 8.47515, 47.36695 ], [ 8.47515, 47.36695 ] ] ] } },
{ "type": "Feature", "properties": { "id": 759, "population": 0 }, "geometry": { "type": "Polygon", "coordinates": [ [ [ 8.5543, 47.34628 ], [ 8.55452, 47.34455 ], [ 8.55692, 47.34392 ], [ 8.5591, 47.34502 ], [ 8.55887, 47.34675 ], [ 8.55648, 47.34738 ], [ 8.5543, 47.34628 ], [ 8.5543, 47.34628 ] ] ] } },
{ "type": "Feature", "properties": { "id": 760, "population": 1035 }, "geometry": { "type": "Polygon", "coordinates": [ [ [ 8.48813, 47.39196 ], [ 8.48835, 47.39023 ], [ 8.49075, 47.38961 ], [ 8.49293, 47.39071 ], [ 8.49271, 47.39244 ], [ 8.49031, 47.39307 ], [ 8.48813, 47.39196 ], [ 8.48813, 47.39196 ] ] ] } },
{ "type": "Feature", "properties": { "id": 761, "population": 0 }, "geometry": { "type": "Polygon", "coordinates": [ [ [ 8.61574, 47.35527 ], [ 8.61596, 47.35354 ], [ 8.61836, 47.35291 ], [ 8.62053, 47.35402 ], [ 8.62031, 47.35575 ], [ 8.61791, 47.35638 ], [ 8.61574, 47.35527 ], [ 8.61574, 47.35527 ] ] ] } },
{ "type": "Feature", "properties": { "id": 762, "population": 645 }, "geometry": { "type": "Polygon", "coordinates": [ [ [ 8.54566, 47.39533 ], [ 8.54589, 47.3936 ], [ 8.54829, 47.39298 ], [ 8.55046, 47.39408 ], [ 8.55024, 47.39581 ], [ 8.54784, 47.39643 ], [ 8.54566, 47.39533 ], [ 8.54566, 47.39533 ] ] ] } },
{ "type": "Feature", "properties": { "id": 763, "population": 769 }, "geometry": { "type": "Polygon", "coordinates": [ [ [ 8.50259, 47.36982 ], [ 8.50281, 47.36809 ], [ 8.50521, 47.36746 ], [ 8.50739, 47.36856 ], [ 8.50716, 47.37029 ], [ 8.50477, 47.37092 ], [ 8.50259, 47.36982 ], [ 8.50259, 47.36982 ] ] ] } },
{ "type": "Feature", "properties": { "id": 764, "population": 725 }, "geometry": { "type": "Polygon", "coordinates": [ [ [ 8.52033, 47.34012 ], [ 8.52056, 47.33839 ], [ 8.52296, 47.33776 ], [ 8.52513, 47.33886 ], [ 8.52491, 47.34059 ], [ 8.52251, 47.34122 ], [ 8.52033, 47.34012 ], [ 8.52033, 47.34012 ] ] ] } },
{ "type": "Feature", "properties": { "id": 765, "population": 51 }, "geometry": { "type": "Polygon", "coordinates": [ [ [ 8.4738, 47.37732 ], [ 8.47403, 47.37559 ], [ 8.47643, 47.37497 ], [ 8.4786, 47.37607 ], [ 8.47838, 47.3778 ], [ 8.47598, 47.37843 ], [ 8.4738, 47.37732 ], [ 8.4738, 47.37732 ] ] ] } },
{ "type": "Feature", "properties": { "id": 766, "population": 179 }, "geometry": { "type": "Polygon", "coordinates": [ [ [ 8.51815, 47.41086 ], [ 8.51837, 47.40913 ], [ 8.52077, 47.40851 ], [ 8.52295, 47.40961 ], [ 8.52272, 47.41134 ], [ 8.52032, 47.41196 ], [ 8.51815, 47.41086 ], [ 8.51815, 47.41086 ] ] ] } },
{ "type": "Feature", "properties": { "id": 767, "population": 0 }, "geometry": { "type": "Polygon", "coordinates": [ [ [ 8.46203, 47.37872 ], [ 8.46226, 47.37699 ], [ 8.46466, 47.37637 ], [ 8.46683, 47.37747 ], [ 8.46661, 47.3792 ], [ 8.46421, 47.37982 ], [ 8.46203, 47.37872 ], [ 8.46203, 47.37872 ] ] ] } },
{ "type": "Feature", "properties": { "id": 768, "population": 726 }, "geometry": { "type": "Polygon", "coordinates": [ [ [ 8.55544, 47.40949 ], [ 8.55566, 47.40776 ], [ 8.55806, 47.40713 ], [ 8.56024, 47.40823 ], [ 8.56001, 47.40996 ], [ 8.55761, 47.41059 ], [ 8.55544, 47.40949 ], [ 8.55544, 47.40949 ] ] ] } },
{ "type": "Feature", "properties": { "id": 769, "population": 0 }, "geometry": { "type": "Polygon", "coordinates": [ [ [ 8.48564, 47.35753 ], [ 8.48586, 47.3558 ], [ 8.48826, 47.35518 ], [ 8.49044, 47.35628 ], [ 8.49021, 47.35801 ], [ 8.48782, 47.35863 ], [ 8.48564, 47.35753 ], [ 8.48564, 47.35753 ] ] ] } },
{ "type": "Feature", "properties": { "id": 770, "population": 726 }, "geometry": { "type": "Polygon", "coordinates": [ [ [ 8.55739, 47.41232 ], [ 8.55761, 47.41059 ], [ 8.56001, 47.40996 ], [ 8.56219, 47.41106 ], [ 8.56197, 47.41279 ], [ 8.55957, 47.41342 ], [ 8.55739, 47.41232 ], [ 8.55739, 47.41232 ] ] ] } },
{ "type": "Feature", "properties": { "id": 771, "population": 1091 }, "geometry": { "type": "Polygon", "coordinates": [ [ [ 8.51235, 47.38398 ], [ 8.51257, 47.38225 ], [ 8.51497, 47.38162 ], [ 8.51715, 47.38273 ], [ 8.51692, 47.38445 ], [ 8.51452, 47.38508 ], [ 8.51235, 47.38398 ], [ 8.51235, 47.38398 ] ] ] } },
{ "type": "Feature", "properties": { "id": 772, "population": 0 }, "geometry": { "type": "Polygon", "coordinates": [ [ [ 8.50534, 47.33066 ], [ 8.50556, 47.32893 ], [ 8.50796, 47.32831 ], [ 8.51013, 47.32941 ], [ 8.50991, 47.33114 ], [ 8.50751, 47.33177 ], [ 8.50534, 47.33066 ], [ 8.50534, 47.33066 ] ] ] } },
{ "type": "Feature", "properties": { "id": 773, "population": 18 }, "geometry": { "type": "Polygon", "coordinates": [ [ [ 8.4699, 47.37166 ], [ 8.47013, 47.36993 ], [ 8.47253, 47.3693 ], [ 8.4747, 47.37041 ], [ 8.47448, 47.37214 ], [ 8.47208, 47.37276 ], [ 8.4699, 47.37166 ], [ 8.4699, 47.37166 ] ] ] } },
{ "type": "Feature", "properties": { "id": 774, "population": 758 }, "geometry": { "type": "Polygon", "coordinates": [ [ [ 8.50118, 47.39858 ], [ 8.50141, 47.39685 ], [ 8.50381, 47.39623 ], [ 8.50598, 47.39733 ], [ 8.50576, 47.39906 ], [ 8.50336, 47.39968 ], [ 8.50118, 47.39858 ], [ 8.50118, 47.39858 ] ] ] } },
{ "type": "Feature", "properties": { "id": 775, "population": 725 }, "geometry": { "type": "Polygon", "coordinates": [ [ [ 8.53205, 47.35711 ], [ 8.53227, 47.35538 ], [ 8.53467, 47.35476 ], [ 8.53684, 47.35586 ], [ 8.53662, 47.35759 ], [ 8.53422, 47.35822 ], [ 8.53205, 47.35711 ], [ 8.53205, 47.35711 ] ] ] } },
{ "type": "Feature", "properties": { "id": 776, "population": 0 }, "geometry": { "type": "Polygon", "coordinates": [ [ [ 8.51424, 47.4052 ], [ 8.51446, 47.40347 ], [ 8.51686, 47.40284 ], [ 8.51904, 47.40395 ], [ 8.51882, 47.40568 ], [ 8.51642, 47.4063 ], [ 8.51424, 47.4052 ], [ 8.51424, 47.4052 ] ] ] } },
{ "type": "Feature", "properties": { "id": 777, "population": 489 }, "geometry": { "type": "Polygon", "coordinates": [ [ [ 8.54042, 47.40004 ], [ 8.54064, 47.39831 ], [ 8.54304, 47.39769 ], [ 8.54522, 47.39879 ], [ 8.54499, 47.40052 ], [ 8.54259, 47.40114 ], [ 8.54042, 47.40004 ], [ 8.54042, 47.40004 ] ] ] } },
{ "type": "Feature", "properties": { "id": 778, "population": 755 }, "geometry": { "type": "Polygon", "coordinates": [ [ [ 8.49734, 47.37453 ], [ 8.49757, 47.3728 ], [ 8.49997, 47.37217 ], [ 8.50214, 47.37327 ], [ 8.50192, 47.375 ], [ 8.49952, 47.37563 ], [ 8.49734, 47.37453 ], [ 8.49734, 47.37453 ] ] ] } },
{ "type": "Feature", "properties": { "id": 779, "population": 120 }, "geometry": { "type": "Polygon", "coordinates": [ [ [ 8.53182, 47.43068 ], [ 8.53204, 47.42895 ], [ 8.53445, 47.42832 ], [ 8.53662, 47.42942 ], [ 8.5364, 47.43115 ], [ 8.534, 47.43178 ], [ 8.53182, 47.43068 ], [ 8.53182, 47.43068 ] ] ] } },
{ "type": "Feature", "properties": { "id": 780, "population": 29 }, "geometry": { "type": "Polygon", "coordinates": [ [ [ 8.57842, 47.37507 ], [ 8.57864, 47.37335 ], [ 8.58104, 47.37272 ], [ 8.58322, 47.37382 ], [ 8.58299, 47.37555 ], [ 8.58059, 47.37618 ], [ 8.57842, 47.37507 ], [ 8.57842, 47.37507 ] ] ] } },
{ "type": "Feature", "properties": { "id": 781, "population": 139 }, "geometry": { "type": "Polygon", "coordinates": [ [ [ 8.50796, 47.32831 ], [ 8.50818, 47.32658 ], [ 8.51058, 47.32595 ], [ 8.51275, 47.32705 ], [ 8.51253, 47.32878 ], [ 8.51013, 47.32941 ], [ 8.50796, 47.32831 ], [ 8.50796, 47.32831 ] ] ] } },
{ "type": "Feature", "properties": { "id": 782, "population": 514 }, "geometry": { "type": "Polygon", "coordinates": [ [ [ 8.53512, 47.42314 ], [ 8.53534, 47.42141 ], [ 8.53774, 47.42078 ], [ 8.53992, 47.42189 ], [ 8.53969, 47.42361 ], [ 8.53729, 47.42424 ], [ 8.53512, 47.42314 ], [ 8.53512, 47.42314 ] ] ] } },
{ "type": "Feature", "properties": { "id": 783, "population": 314 }, "geometry": { "type": "Polygon", "coordinates": [ [ [ 8.51509, 47.34483 ], [ 8.51531, 47.3431 ], [ 8.51771, 47.34247 ], [ 8.51989, 47.34358 ], [ 8.51966, 47.34531 ], [ 8.51727, 47.34593 ], [ 8.51509, 47.34483 ], [ 8.51509, 47.34483 ] ] ] } },
{ "type": "Feature", "properties": { "id": 784, "population": 145 }, "geometry": { "type": "Polygon", "coordinates": [ [ [ 8.51832, 47.35568 ], [ 8.51855, 47.35395 ], [ 8.52095, 47.35333 ], [ 8.52312, 47.35443 ], [ 8.5229, 47.35616 ], [ 8.5205, 47.35679 ], [ 8.51832, 47.35568 ], [ 8.51832, 47.35568 ] ] ] } },
{ "type": "Feature", "properties": { "id": 785, "population": 428 }, "geometry": { "type": "Polygon", "coordinates": [ [ [ 8.57126, 47.35856 ], [ 8.57149, 47.35683 ], [ 8.57389, 47.3562 ], [ 8.57606, 47.3573 ], [ 8.57584, 47.35903 ], [ 8.57344, 47.35966 ], [ 8.57126, 47.35856 ], [ 8.57126, 47.35856 ] ] ] } },
{ "type": "Feature", "properties": { "id": 786, "population": 492 }, "geometry": { "type": "Polygon", "coordinates": [ [ [ 8.5129, 47.41557 ], [ 8.51312, 47.41384 ], [ 8.51552, 47.41321 ], [ 8.5177, 47.41432 ], [ 8.51748, 47.41605 ], [ 8.51507, 47.41667 ], [ 8.5129, 47.41557 ], [ 8.5129, 47.41557 ] ] ] } },
{ "type": "Feature", "properties": { "id": 787, "population": 1089 }, "geometry": { "type": "Polygon", "coordinates": [ [ [ 8.54572, 47.37694 ], [ 8.54594, 47.37521 ], [ 8.54834, 47.37458 ], [ 8.55051, 47.37568 ], [ 8.55029, 47.37741 ], [ 8.54789, 47.37804 ], [ 8.54572, 47.37694 ], [ 8.54572, 47.37694 ] ] ] } },
{ "type": "Feature", "properties": { "id": 788, "population": 1 }, "geometry": { "type": "Polygon", "coordinates": [ [ [ 8.52791, 47.42502 ], [ 8.52814, 47.42329 ], [ 8.53054, 47.42266 ], [ 8.53271, 47.42376 ], [ 8.53249, 47.42549 ], [ 8.53009, 47.42612 ], [ 8.52791, 47.42502 ], [ 8.52791, 47.42502 ] ] ] } },
{ "type": "Feature", "properties": { "id": 789, "population": 19 }, "geometry": { "type": "Polygon", "coordinates": [ [ [ 8.59806, 47.36659 ], [ 8.59828, 47.36486 ], [ 8.60068, 47.36423 ], [ 8.60285, 47.36534 ], [ 8.60263, 47.36707 ], [ 8.60023, 47.36769 ], [ 8.59806, 47.36659 ], [ 8.59806, 47.36659 ] ] ] } },
{ "type": "Feature", "properties": { "id": 790, "population": 0 }, "geometry": { "type": "Polygon", "coordinates": [ [ [ 8.50137, 47.3434 ], [ 8.5016, 47.34167 ], [ 8.504, 47.34104 ], [ 8.50617, 47.34215 ], [ 8.50595, 47.34388 ], [ 8.50355, 47.3445 ], [ 8.50137, 47.3434 ], [ 8.50137, 47.3434 ] ] ] } },
{ "type": "Feature", "properties": { "id": 791, "population": 1070 }, "geometry": { "type": "Polygon", "coordinates": [ [ [ 8.53456, 47.39155 ], [ 8.53478, 47.38982 ], [ 8.53718, 47.38919 ], [ 8.53936, 47.39029 ], [ 8.53913, 47.39202 ], [ 8.53673, 47.39265 ], [ 8.53456, 47.39155 ], [ 8.53456, 47.39155 ] ] ] } },
{ "type": "Feature", "properties": { "id": 792, "population": 1035 }, "geometry": { "type": "Polygon", "coordinates": [ [ [ 8.52808, 47.36985 ], [ 8.52831, 47.36812 ], [ 8.53071, 47.36749 ], [ 8.53288, 47.36859 ], [ 8.53266, 47.37032 ], [ 8.53026, 47.37095 ], [ 8.52808, 47.36985 ], [ 8.52808, 47.36985 ] ] ] } },
{ "type": "Feature", "properties": { "id": 793, "population": 253 }, "geometry": { "type": "Polygon", "coordinates": [ [ [ 8.58108, 47.35432 ], [ 8.5813, 47.35259 ], [ 8.5837, 47.35196 ], [ 8.58588, 47.35306 ], [ 8.58566, 47.35479 ], [ 8.58326, 47.35542 ], [ 8.58108, 47.35432 ], [ 8.58108, 47.35432 ] ] ] } },
{ "type": "Feature", "properties": { "id": 794, "population": 1053 }, "geometry": { "type": "Polygon", "coordinates": [ [ [ 8.53199, 47.37551 ], [ 8.53221, 47.37378 ], [ 8.53461, 47.37315 ], [ 8.53679, 47.37426 ], [ 8.53656, 47.37599 ], [ 8.53417, 47.37661 ], [ 8.53199, 47.37551 ], [ 8.53199, 47.37551 ] ] ] } },
{ "type": "Feature", "properties": { "id": 795, "population": 473 }, "geometry": { "type": "Polygon", "coordinates": [ [ [ 8.58304, 47.35715 ], [ 8.58326, 47.35542 ], [ 8.58566, 47.35479 ], [ 8.58783, 47.35589 ], [ 8.58761, 47.35762 ], [ 8.58521, 47.35825 ], [ 8.58304, 47.35715 ], [ 8.58304, 47.35715 ] ] ] } },
{ "type": "Feature", "properties": { "id": 796, "population": 45 }, "geometry": { "type": "Polygon", "coordinates": [ [ [ 8.51972, 47.3269 ], [ 8.51995, 47.32517 ], [ 8.52234, 47.32455 ], [ 8.52452, 47.32565 ], [ 8.5243, 47.32738 ], [ 8.5219, 47.32801 ], [ 8.51972, 47.3269 ], [ 8.51972, 47.3269 ] ] ] } },
{ "type": "Feature", "properties": { "id": 797, "population": 0 }, "geometry": { "type": "Polygon", "coordinates": [ [ [ 8.54973, 47.3458 ], [ 8.54995, 47.34407 ], [ 8.55235, 47.34345 ], [ 8.55452, 47.34455 ], [ 8.5543, 47.34628 ], [ 8.5519, 47.34691 ], [ 8.54973, 47.3458 ], [ 8.54973, 47.3458 ] ] ] } },
{ "type": "Feature", "properties": { "id": 798, "population": 1017 }, "geometry": { "type": "Polygon", "coordinates": [ [ [ 8.53065, 47.38588 ], [ 8.53087, 47.38415 ], [ 8.53327, 47.38353 ], [ 8.53545, 47.38463 ], [ 8.53523, 47.38636 ], [ 8.53283, 47.38699 ], [ 8.53065, 47.38588 ], [ 8.53065, 47.38588 ] ] ] } },
{ "type": "Feature", "properties": { "id": 799, "population": 1 }, "geometry": { "type": "Polygon", "coordinates": [ [ [ 8.58562, 47.37319 ], [ 8.58584, 47.37146 ], [ 8.58824, 47.37083 ], [ 8.59041, 47.37194 ], [ 8.59019, 47.37367 ], [ 8.58779, 47.37429 ], [ 8.58562, 47.37319 ], [ 8.58562, 47.37319 ] ] ] } },
{ "type": "Feature", "properties": { "id": 800, "population": 731 }, "geometry": { "type": "Polygon", "coordinates": [ [ [ 8.51308, 47.36039 ], [ 8.5133, 47.35867 ], [ 8.5157, 47.35804 ], [ 8.51788, 47.35914 ], [ 8.51765, 47.36087 ], [ 8.51525, 47.3615 ], [ 8.51308, 47.36039 ], [ 8.51308, 47.36039 ] ] ] } },
{ "type": "Feature", "properties": { "id": 801, "population": 818 }, "geometry": { "type": "Polygon", "coordinates": [ [ [ 8.54757, 47.41655 ], [ 8.54779, 47.41482 ], [ 8.55019, 47.4142 ], [ 8.55237, 47.4153 ], [ 8.55214, 47.41703 ], [ 8.54974, 47.41765 ], [ 8.54757, 47.41655 ], [ 8.54757, 47.41655 ] ] ] } },
{ "type": "Feature", "properties": { "id": 802, "population": 892 }, "geometry": { "type": "Polygon", "coordinates": [ [ [ 8.54176, 47.38967 ], [ 8.54198, 47.38794 ], [ 8.54438, 47.38731 ], [ 8.54655, 47.38841 ], [ 8.54633, 47.39014 ], [ 8.54393, 47.39077 ], [ 8.54176, 47.38967 ], [ 8.54176, 47.38967 ] ] ] } },
{ "type": "Feature", "properties": { "id": 803, "population": 727 }, "geometry": { "type": "Polygon", "coordinates": [ [ [ 8.47703, 47.38817 ], [ 8.47725, 47.38644 ], [ 8.47965, 47.38582 ], [ 8.48183, 47.38692 ], [ 8.4816, 47.38865 ], [ 8.47921, 47.38928 ], [ 8.47703, 47.38817 ], [ 8.47703, 47.38817 ] ] ] } },
{ "type": "Feature", "properties": { "id": 804, "population": 0 }, "geometry": { "type": "Polygon", "coordinates": [ [ [ 8.59281, 47.37131 ], [ 8.59304, 47.36958 ], [ 8.59543, 47.36895 ], [ 8.59761, 47.37005 ], [ 8.59739, 47.37178 ], [ 8.59499, 47.37241 ], [ 8.59281, 47.37131 ], [ 8.59281, 47.37131 ] ] ] } },
{ "type": "Feature", "properties": { "id": 805, "population": 654 }, "geometry": { "type": "Polygon", "coordinates": [ [ [ 8.55158, 47.38543 ], [ 8.5518, 47.3837 ], [ 8.5542, 47.38308 ], [ 8.55638, 47.38418 ], [ 8.55615, 47.38591 ], [ 8.55375, 47.38653 ], [ 8.55158, 47.38543 ], [ 8.55158, 47.38543 ] ] ] } },
{ "type": "Feature", "properties": { "id": 806, "population": 407 }, "geometry": { "type": "Polygon", "coordinates": [ [ [ 8.53472, 47.33635 ], [ 8.53495, 47.33462 ], [ 8.53734, 47.334 ], [ 8.53952, 47.3351 ], [ 8.5393, 47.33683 ], [ 8.5369, 47.33746 ], [ 8.53472, 47.33635 ], [ 8.53472, 47.33635 ] ] ] } },
{ "type": "Feature", "properties": { "id": 807, "population": 780 }, "geometry": { "type": "Polygon", "coordinates": [ [ [ 8.53059, 47.40427 ], [ 8.53082, 47.40255 ], [ 8.53322, 47.40192 ], [ 8.53539, 47.40302 ], [ 8.53517, 47.40475 ], [ 8.53277, 47.40538 ], [ 8.53059, 47.40427 ], [ 8.53059, 47.40427 ] ] ] } },
{ "type": "Feature", "properties": { "id": 808, "population": 960 }, "geometry": { "type": "Polygon", "coordinates": [ [ [ 8.54366, 47.41089 ], [ 8.54388, 47.40916 ], [ 8.54628, 47.40853 ], [ 8.54846, 47.40964 ], [ 8.54823, 47.41137 ], [ 8.54583, 47.41199 ], [ 8.54366, 47.41089 ], [ 8.54366, 47.41089 ] ] ] } },
{ "type": "Feature", "properties": { "id": 809, "population": 410 }, "geometry": { "type": "Polygon", "coordinates": [ [ [ 8.56998, 47.35054 ], [ 8.5702, 47.34881 ], [ 8.5726, 47.34818 ], [ 8.57477, 47.34928 ], [ 8.57455, 47.35101 ], [ 8.57215, 47.35164 ], [ 8.56998, 47.35054 ], [ 8.56998, 47.35054 ] ] ] } },
{ "type": "Feature", "properties": { "id": 810, "population": 331 }, "geometry": { "type": "Polygon", "coordinates": [ [ [ 8.51515, 47.32643 ], [ 8.51537, 47.3247 ], [ 8.51777, 47.32407 ], [ 8.51995, 47.32517 ], [ 8.51972, 47.3269 ], [ 8.51733, 47.32753 ], [ 8.51515, 47.32643 ], [ 8.51515, 47.32643 ] ] ] } },
{ "type": "Feature", "properties": { "id": 811, "population": 1060 }, "geometry": { "type": "Polygon", "coordinates": [ [ [ 8.52674, 47.38022 ], [ 8.52697, 47.37849 ], [ 8.52937, 47.37786 ], [ 8.53154, 47.37897 ], [ 8.53132, 47.3807 ], [ 8.52892, 47.38132 ], [ 8.52674, 47.38022 ], [ 8.52674, 47.38022 ] ] ] } },
{ "type": "Feature", "properties": { "id": 812, "population": 577 }, "geometry": { "type": "Polygon", "coordinates": [ [ [ 8.48349, 47.40987 ], [ 8.48371, 47.40814 ], [ 8.48611, 47.40752 ], [ 8.48829, 47.40862 ], [ 8.48806, 47.41035 ], [ 8.48566, 47.41097 ], [ 8.48349, 47.40987 ], [ 8.48349, 47.40987 ] ] ] } },
{ "type": "Feature", "properties": { "id": 813, "population": 0 }, "geometry": { "type": "Polygon", "coordinates": [ [ [ 8.57908, 47.36989 ], [ 8.57931, 47.36816 ], [ 8.5817, 47.36753 ], [ 8.58388, 47.36863 ], [ 8.58366, 47.37036 ], [ 8.58126, 47.37099 ], [ 8.57908, 47.36989 ], [ 8.57908, 47.36989 ] ] ] } },
{ "type": "Feature", "properties": { "id": 814, "population": 56 }, "geometry": { "type": "Polygon", "coordinates": [ [ [ 8.56474, 47.35525 ], [ 8.56496, 47.35352 ], [ 8.56736, 47.35289 ], [ 8.56953, 47.354 ], [ 8.56931, 47.35573 ], [ 8.56691, 47.35635 ], [ 8.56474, 47.35525 ], [ 8.56474, 47.35525 ] ] ] } },
{ "type": "Feature", "properties": { "id": 815, "population": 710 }, "geometry": { "type": "Polygon", "coordinates": [ [ [ 8.54232, 47.42126 ], [ 8.54254, 47.41953 ], [ 8.54494, 47.41891 ], [ 8.54712, 47.42001 ], [ 8.5469, 47.42174 ], [ 8.5445, 47.42236 ], [ 8.54232, 47.42126 ], [ 8.54232, 47.42126 ] ] ] } },
{ "type": "Feature", "properties": { "id": 816, "population": 803 }, "geometry": { "type": "Polygon", "coordinates": [ [ [ 8.46916, 47.39523 ], [ 8.46938, 47.39351 ], [ 8.47178, 47.39288 ], [ 8.47396, 47.39398 ], [ 8.47373, 47.39571 ], [ 8.47133, 47.39634 ], [ 8.46916, 47.39523 ], [ 8.46916, 47.39523 ] ] ] } },
{ "type": "Feature", "properties": { "id": 817, "population": 312 }, "geometry": { "type": "Polygon", "coordinates": [ [ [ 8.47959, 47.40421 ], [ 8.47981, 47.40248 ], [ 8.48221, 47.40185 ], [ 8.48439, 47.40296 ], [ 8.48416, 47.40469 ], [ 8.48176, 47.40531 ], [ 8.47959, 47.40421 ], [ 8.47959, 47.40421 ] ] ] } },
{ "type": "Feature", "properties": { "id": 818, "population": 544 }, "geometry": { "type": "Polygon", "coordinates": [ [ [ 8.4952, 47.42686 ], [ 8.49542, 47.42513 ], [ 8.49782, 47.4245 ], [ 8.5, 47.42561 ], [ 8.49978, 47.42734 ], [ 8.49738, 47.42796 ], [ 8.4952, 47.42686 ], [ 8.4952, 47.42686 ] ] ] } },
{ "type": "Feature", "properties": { "id": 819, "population": 0 }, "geometry": { "type": "Polygon", "coordinates": [ [ [ 8.57451, 47.36941 ], [ 8.57473, 47.36768 ], [ 8.57713, 47.36705 ], [ 8.57931, 47.36816 ], [ 8.57908, 47.36989 ], [ 8.57668, 47.37051 ], [ 8.57451, 47.36941 ], [ 8.57451, 47.36941 ] ] ] } },
{ "type": "Feature", "properties": { "id": 820, "population": 484 }, "geometry": { "type": "Polygon", "coordinates": [ [ [ 8.48887, 47.36838 ], [ 8.48909, 47.36665 ], [ 8.49149, 47.36603 ], [ 8.49367, 47.36713 ], [ 8.49344, 47.36886 ], [ 8.49104, 47.36949 ], [ 8.48887, 47.36838 ], [ 8.48887, 47.36838 ] ] ] } },
{ "type": "Feature", "properties": { "id": 821, "population": 32 }, "geometry": { "type": "Polygon", "coordinates": [ [ [ 8.5705, 47.40054 ], [ 8.57073, 47.39881 ], [ 8.57313, 47.39818 ], [ 8.57531, 47.39928 ], [ 8.57508, 47.40101 ], [ 8.57268, 47.40164 ], [ 8.5705, 47.40054 ], [ 8.5705, 47.40054 ] ] ] } },
{ "type": "Feature", "properties": { "id": 822, "population": 0 }, "geometry": { "type": "Polygon", "coordinates": [ [ [ 8.5007, 47.34859 ], [ 8.50093, 47.34686 ], [ 8.50332, 47.34623 ], [ 8.5055, 47.34733 ], [ 8.50527, 47.34906 ], [ 8.50288, 47.34969 ], [ 8.5007, 47.34859 ], [ 8.5007, 47.34859 ] ] ] } },
{ "type": "Feature", "properties": { "id": 823, "population": 762 }, "geometry": { "type": "Polygon", "coordinates": [ [ [ 8.47824, 47.41458 ], [ 8.47846, 47.41285 ], [ 8.48086, 47.41222 ], [ 8.48304, 47.41333 ], [ 8.48281, 47.41505 ], [ 8.48041, 47.41568 ], [ 8.47824, 47.41458 ], [ 8.47824, 47.41458 ] ] ] } },
{ "type": "Feature", "properties": { "id": 824, "population": 962 }, "geometry": { "type": "Polygon", "coordinates": [ [ [ 8.52741, 47.37503 ], [ 8.52764, 47.3733 ], [ 8.53004, 47.37268 ], [ 8.53221, 47.37378 ], [ 8.53199, 47.37551 ], [ 8.52959, 47.37614 ], [ 8.52741, 47.37503 ], [ 8.52741, 47.37503 ] ] ] } },
{ "type": "Feature", "properties": { "id": 825, "population": 0 }, "geometry": { "type": "Polygon", "coordinates": [ [ [ 8.48497, 47.36272 ], [ 8.48519, 47.36099 ], [ 8.48759, 47.36036 ], [ 8.48977, 47.36147 ], [ 8.48954, 47.3632 ], [ 8.48714, 47.36382 ], [ 8.48497, 47.36272 ], [ 8.48497, 47.36272 ] ] ] } },
{ "type": "Feature", "properties": { "id": 826, "population": 895 }, "geometry": { "type": "Polygon", "coordinates": [ [ [ 8.48423, 47.3863 ], [ 8.48445, 47.38457 ], [ 8.48685, 47.38394 ], [ 8.48903, 47.38505 ], [ 8.4888, 47.38678 ], [ 8.4864, 47.3874 ], [ 8.48423, 47.3863 ], [ 8.48423, 47.3863 ] ] ] } },
{ "type": "Feature", "properties": { "id": 827, "population": 892 }, "geometry": { "type": "Polygon", "coordinates": [ [ [ 8.52345, 47.38776 ], [ 8.52367, 47.38603 ], [ 8.52607, 47.38541 ], [ 8.52825, 47.38651 ], [ 8.52803, 47.38824 ], [ 8.52563, 47.38887 ], [ 8.52345, 47.38776 ], [ 8.52345, 47.38776 ] ] ] } },
{ "type": "Feature", "properties": { "id": 828, "population": 342 }, "geometry": { "type": "Polygon", "coordinates": [ [ [ 8.51095, 47.41274 ], [ 8.51117, 47.41101 ], [ 8.51357, 47.41038 ], [ 8.51575, 47.41149 ], [ 8.51552, 47.41321 ], [ 8.51312, 47.41384 ], [ 8.51095, 47.41274 ], [ 8.51095, 47.41274 ] ] ] } },
{ "type": "Feature", "properties": { "id": 829, "population": 0 }, "geometry": { "type": "Polygon", "coordinates": [ [ [ 8.55549, 47.39109 ], [ 8.55571, 47.38937 ], [ 8.55811, 47.38874 ], [ 8.56029, 47.38984 ], [ 8.56006, 47.39157 ], [ 8.55766, 47.3922 ], [ 8.55549, 47.39109 ], [ 8.55549, 47.39109 ] ] ] } },
{ "type": "Feature", "properties": { "id": 830, "population": 673 }, "geometry": { "type": "Polygon", "coordinates": [ [ [ 8.51046, 47.36275 ], [ 8.51068, 47.36102 ], [ 8.51308, 47.36039 ], [ 8.51525, 47.3615 ], [ 8.51503, 47.36323 ], [ 8.51263, 47.36385 ], [ 8.51046, 47.36275 ], [ 8.51046, 47.36275 ] ] ] } },
{ "type": "Feature", "properties": { "id": 831, "population": 706 }, "geometry": { "type": "Polygon", "coordinates": [ [ [ 8.51241, 47.36558 ], [ 8.51263, 47.36385 ], [ 8.51503, 47.36323 ], [ 8.51721, 47.36433 ], [ 8.51698, 47.36606 ], [ 8.51458, 47.36669 ], [ 8.51241, 47.36558 ], [ 8.51241, 47.36558 ] ] ] } },
{ "type": "Feature", "properties": { "id": 832, "population": 111 }, "geometry": { "type": "Polygon", "coordinates": [ [ [ 8.57513, 47.38262 ], [ 8.57535, 47.38089 ], [ 8.57775, 47.38026 ], [ 8.57993, 47.38136 ], [ 8.57971, 47.38309 ], [ 8.57731, 47.38372 ], [ 8.57513, 47.38262 ], [ 8.57513, 47.38262 ] ] ] } },
{ "type": "Feature", "properties": { "id": 833, "population": 676 }, "geometry": { "type": "Polygon", "coordinates": [ [ [ 8.53015, 47.33588 ], [ 8.53037, 47.33415 ], [ 8.53277, 47.33352 ], [ 8.53495, 47.33462 ], [ 8.53472, 47.33635 ], [ 8.53232, 47.33698 ], [ 8.53015, 47.33588 ], [ 8.53015, 47.33588 ] ] ] } },
{ "type": "Feature", "properties": { "id": 834, "population": 740 }, "geometry": { "type": "Polygon", "coordinates": [ [ [ 8.4849, 47.38111 ], [ 8.48513, 47.37938 ], [ 8.48752, 47.37876 ], [ 8.4897, 47.37986 ], [ 8.48948, 47.38159 ], [ 8.48708, 47.38222 ], [ 8.4849, 47.38111 ], [ 8.4849, 47.38111 ] ] ] } },
{ "type": "Feature", "properties": { "id": 835, "population": 162 }, "geometry": { "type": "Polygon", "coordinates": [ [ [ 8.58695, 47.36281 ], [ 8.58717, 47.36108 ], [ 8.58957, 47.36046 ], [ 8.59175, 47.36156 ], [ 8.59152, 47.36329 ], [ 8.58912, 47.36392 ], [ 8.58695, 47.36281 ], [ 8.58695, 47.36281 ] ] ] } },
{ "type": "Feature", "properties": { "id": 836, "population": 566 }, "geometry": { "type": "Polygon", "coordinates": [ [ [ 8.53902, 47.4288 ], [ 8.53925, 47.42707 ], [ 8.54165, 47.42644 ], [ 8.54383, 47.42755 ], [ 8.5436, 47.42928 ], [ 8.5412, 47.4299 ], [ 8.53902, 47.4288 ], [ 8.53902, 47.4288 ] ] ] } },
{ "type": "Feature", "properties": { "id": 837, "population": 480 }, "geometry": { "type": "Polygon", "coordinates": [ [ [ 8.49398, 47.40046 ], [ 8.49421, 47.39873 ], [ 8.49661, 47.3981 ], [ 8.49878, 47.39921 ], [ 8.49856, 47.40093 ], [ 8.49616, 47.40156 ], [ 8.49398, 47.40046 ], [ 8.49398, 47.40046 ] ] ] } },
{ "type": "Feature", "properties": { "id": 838, "population": 879 }, "geometry": { "type": "Polygon", "coordinates": [ [ [ 8.49594, 47.40329 ], [ 8.49616, 47.40156 ], [ 8.49856, 47.40093 ], [ 8.50074, 47.40204 ], [ 8.50051, 47.40377 ], [ 8.49811, 47.40439 ], [ 8.49594, 47.40329 ], [ 8.49594, 47.40329 ] ] ] } },
{ "type": "Feature", "properties": { "id": 839, "population": 1071 }, "geometry": { "type": "Polygon", "coordinates": [ [ [ 8.52217, 47.37974 ], [ 8.52239, 47.37801 ], [ 8.52479, 47.37739 ], [ 8.52697, 47.37849 ], [ 8.52674, 47.38022 ], [ 8.52435, 47.38085 ], [ 8.52217, 47.37974 ], [ 8.52217, 47.37974 ] ] ] } },
{ "type": "Feature", "properties": { "id": 840, "population": 40 }, "geometry": { "type": "Polygon", "coordinates": [ [ [ 8.52462, 47.43255 ], [ 8.52484, 47.43083 ], [ 8.52724, 47.4302 ], [ 8.52942, 47.4313 ], [ 8.5292, 47.43303 ], [ 8.5268, 47.43366 ], [ 8.52462, 47.43255 ], [ 8.52462, 47.43255 ] ] ] } },
{ "type": "Feature", "properties": { "id": 841, "population": 79 }, "geometry": { "type": "Polygon", "coordinates": [ [ [ 8.57122, 47.37696 ], [ 8.57144, 47.37523 ], [ 8.57384, 47.3746 ], [ 8.57602, 47.3757 ], [ 8.5758, 47.37743 ], [ 8.5734, 47.37806 ], [ 8.57122, 47.37696 ], [ 8.57122, 47.37696 ] ] ] } },
{ "type": "Feature", "properties": { "id": 842, "population": 206 }, "geometry": { "type": "Polygon", "coordinates": [ [ [ 8.51643, 47.33445 ], [ 8.51666, 47.33272 ], [ 8.51905, 47.33209 ], [ 8.52123, 47.3332 ], [ 8.521, 47.33493 ], [ 8.51861, 47.33555 ], [ 8.51643, 47.33445 ], [ 8.51643, 47.33445 ] ] ] } },
{ "type": "Feature", "properties": { "id": 843, "population": 952 }, "geometry": { "type": "Polygon", "coordinates": [ [ [ 8.47898, 47.39101 ], [ 8.47921, 47.38928 ], [ 8.4816, 47.38865 ], [ 8.48378, 47.38976 ], [ 8.48356, 47.39148 ], [ 8.48116, 47.39211 ], [ 8.47898, 47.39101 ], [ 8.47898, 47.39101 ] ] ] } },
{ "type": "Feature", "properties": { "id": 844, "population": 447 }, "geometry": { "type": "Polygon", "coordinates": [ [ [ 8.58686, 47.39961 ], [ 8.58708, 47.39788 ], [ 8.58948, 47.39725 ], [ 8.59166, 47.39835 ], [ 8.59144, 47.40008 ], [ 8.58904, 47.40071 ], [ 8.58686, 47.39961 ], [ 8.58686, 47.39961 ] ] ] } },
{ "type": "Feature", "properties": { "id": 845, "population": 385 }, "geometry": { "type": "Polygon", "coordinates": [ [ [ 8.57389, 47.3562 ], [ 8.57411, 47.35447 ], [ 8.57651, 47.35384 ], [ 8.57868, 47.35495 ], [ 8.57846, 47.35668 ], [ 8.57606, 47.3573 ], [ 8.57389, 47.3562 ], [ 8.57389, 47.3562 ] ] ] } },
{ "type": "Feature", "properties": { "id": 846, "population": 81 }, "geometry": { "type": "Polygon", "coordinates": [ [ [ 8.54315, 47.3609 ], [ 8.54337, 47.35917 ], [ 8.54577, 47.35854 ], [ 8.54794, 47.35964 ], [ 8.54772, 47.36137 ], [ 8.54532, 47.362 ], [ 8.54315, 47.3609 ], [ 8.54315, 47.3609 ] ] ] } },
{ "type": "Feature", "properties": { "id": 847, "population": 682 }, "geometry": { "type": "Polygon", "coordinates": [ [ [ 8.5057, 47.41744 ], [ 8.50592, 47.41572 ], [ 8.50832, 47.41509 ], [ 8.5105, 47.41619 ], [ 8.51027, 47.41792 ], [ 8.50787, 47.41855 ], [ 8.5057, 47.41744 ], [ 8.5057, 47.41744 ] ] ] } },
{ "type": "Feature", "properties": { "id": 848, "population": 382 }, "geometry": { "type": "Polygon", "coordinates": [ [ [ 8.5096, 47.42311 ], [ 8.50983, 47.42138 ], [ 8.51223, 47.42075 ], [ 8.5144, 47.42186 ], [ 8.51418, 47.42358 ], [ 8.51178, 47.42421 ], [ 8.5096, 47.42311 ], [ 8.5096, 47.42311 ] ] ] } },
{ "type": "Feature", "properties": { "id": 849, "population": 241 }, "geometry": { "type": "Polygon", "coordinates": [ [ [ 8.56988, 47.38733 ], [ 8.57011, 47.3856 ], [ 8.57251, 47.38498 ], [ 8.57468, 47.38608 ], [ 8.57446, 47.38781 ], [ 8.57206, 47.38844 ], [ 8.56988, 47.38733 ], [ 8.56988, 47.38733 ] ] ] } },
{ "type": "Feature", "properties": { "id": 850, "population": 625 }, "geometry": { "type": "Polygon", "coordinates": [ [ [ 8.52619, 47.34861 ], [ 8.52641, 47.34688 ], [ 8.52881, 47.34626 ], [ 8.53099, 47.34736 ], [ 8.53076, 47.34909 ], [ 8.52836, 47.34972 ], [ 8.52619, 47.34861 ], [ 8.52619, 47.34861 ] ] ] } },
{ "type": "Feature", "properties": { "id": 851, "population": 1026 }, "geometry": { "type": "Polygon", "coordinates": [ [ [ 8.52736, 47.39343 ], [ 8.52758, 47.3917 ], [ 8.52998, 47.39107 ], [ 8.53216, 47.39217 ], [ 8.53193, 47.3939 ], [ 8.52953, 47.39453 ], [ 8.52736, 47.39343 ], [ 8.52736, 47.39343 ] ] ] } },
{ "type": "Feature", "properties": { "id": 852, "population": 49 }, "geometry": { "type": "Polygon", "coordinates": [ [ [ 8.58295, 47.39394 ], [ 8.58317, 47.39222 ], [ 8.58557, 47.39159 ], [ 8.58775, 47.39269 ], [ 8.58753, 47.39442 ], [ 8.58513, 47.39505 ], [ 8.58295, 47.39394 ], [ 8.58295, 47.39394 ] ] ] } },
{ "type": "Feature", "properties": { "id": 853, "population": 770 }, "geometry": { "type": "Polygon", "coordinates": [ [ [ 8.52814, 47.35145 ], [ 8.52836, 47.34972 ], [ 8.53076, 47.34909 ], [ 8.53294, 47.35019 ], [ 8.53271, 47.35192 ], [ 8.53032, 47.35255 ], [ 8.52814, 47.35145 ], [ 8.52814, 47.35145 ] ] ] } },
{ "type": "Feature", "properties": { "id": 854, "population": 0 }, "geometry": { "type": "Polygon", "coordinates": [ [ [ 8.49197, 47.41601 ], [ 8.49219, 47.41428 ], [ 8.49459, 47.41366 ], [ 8.49677, 47.41476 ], [ 8.49654, 47.41649 ], [ 8.49414, 47.41711 ], [ 8.49197, 47.41601 ], [ 8.49197, 47.41601 ] ] ] } },
{ "type": "Feature", "properties": { "id": 855, "population": 32 }, "geometry": { "type": "Polygon", "coordinates": [ [ [ 8.46338, 47.36835 ], [ 8.46361, 47.36662 ], [ 8.466, 47.36599 ], [ 8.46818, 47.3671 ], [ 8.46795, 47.36883 ], [ 8.46556, 47.36945 ], [ 8.46338, 47.36835 ], [ 8.46338, 47.36835 ] ] ] } },
{ "type": "Feature", "properties": { "id": 856, "population": 844 }, "geometry": { "type": "Polygon", "coordinates": [ [ [ 8.55682, 47.38072 ], [ 8.55704, 47.37899 ], [ 8.55944, 47.37836 ], [ 8.56162, 47.37947 ], [ 8.5614, 47.3812 ], [ 8.559, 47.38182 ], [ 8.55682, 47.38072 ], [ 8.55682, 47.38072 ] ] ] } },
{ "type": "Feature", "properties": { "id": 857, "population": 178 }, "geometry": { "type": "Polygon", "coordinates": [ [ [ 8.5379, 47.36561 ], [ 8.53813, 47.36388 ], [ 8.54052, 47.36325 ], [ 8.5427, 47.36436 ], [ 8.54248, 47.36609 ], [ 8.54008, 47.36671 ], [ 8.5379, 47.36561 ], [ 8.5379, 47.36561 ] ] ] } },
{ "type": "Feature", "properties": { "id": 858, "population": 0 }, "geometry": { "type": "Polygon", "coordinates": [ [ [ 8.60787, 47.36235 ], [ 8.6081, 47.36062 ], [ 8.61049, 47.35999 ], [ 8.61267, 47.36109 ], [ 8.61245, 47.36282 ], [ 8.61005, 47.36345 ], [ 8.60787, 47.36235 ], [ 8.60787, 47.36235 ] ] ] } },
{ "type": "Feature", "properties": { "id": 859, "population": 303 }, "geometry": { "type": "Polygon", "coordinates": [ [ [ 8.56597, 47.38167 ], [ 8.5662, 47.37994 ], [ 8.5686, 47.37931 ], [ 8.57077, 47.38042 ], [ 8.57055, 47.38215 ], [ 8.56815, 47.38277 ], [ 8.56597, 47.38167 ], [ 8.56597, 47.38167 ] ] ] } },
{ "type": "Feature", "properties": { "id": 860, "population": 1016 }, "geometry": { "type": "Polygon", "coordinates": [ [ [ 8.51363, 47.392 ], [ 8.51385, 47.39027 ], [ 8.51625, 47.38964 ], [ 8.51843, 47.39074 ], [ 8.51821, 47.39247 ], [ 8.51581, 47.3931 ], [ 8.51363, 47.392 ], [ 8.51363, 47.392 ] ] ] } },
{ "type": "Feature", "properties": { "id": 861, "population": 723 }, "geometry": { "type": "Polygon", "coordinates": [ [ [ 8.54036, 47.41843 ], [ 8.54059, 47.4167 ], [ 8.54299, 47.41607 ], [ 8.54516, 47.41718 ], [ 8.54494, 47.41891 ], [ 8.54254, 47.41953 ], [ 8.54036, 47.41843 ], [ 8.54036, 47.41843 ] ] ] } },
{ "type": "Feature", "properties": { "id": 862, "population": 854 }, "geometry": { "type": "Polygon", "coordinates": [ [ [ 8.54181, 47.37127 ], [ 8.54203, 47.36954 ], [ 8.54443, 47.36892 ], [ 8.54661, 47.37002 ], [ 8.54638, 47.37175 ], [ 8.54399, 47.37238 ], [ 8.54181, 47.37127 ], [ 8.54181, 47.37127 ] ] ] } },
{ "type": "Feature", "properties": { "id": 863, "population": 638 }, "geometry": { "type": "Polygon", "coordinates": [ [ [ 8.53846, 47.39721 ], [ 8.53869, 47.39548 ], [ 8.54109, 47.39485 ], [ 8.54326, 47.39596 ], [ 8.54304, 47.39769 ], [ 8.54064, 47.39831 ], [ 8.53846, 47.39721 ], [ 8.53846, 47.39721 ] ] ] } },
{ "type": "Feature", "properties": { "id": 864, "population": 566 }, "geometry": { "type": "Polygon", "coordinates": [ [ [ 8.59414, 47.36093 ], [ 8.59437, 47.3592 ], [ 8.59677, 47.35857 ], [ 8.59894, 47.35967 ], [ 8.59872, 47.3614 ], [ 8.59632, 47.36203 ], [ 8.59414, 47.36093 ], [ 8.59414, 47.36093 ] ] ] } },
{ "type": "Feature", "properties": { "id": 865, "population": 61 }, "geometry": { "type": "Polygon", "coordinates": [ [ [ 8.52339, 47.40615 ], [ 8.52362, 47.40442 ], [ 8.52602, 47.4038 ], [ 8.52819, 47.4049 ], [ 8.52797, 47.40663 ], [ 8.52557, 47.40726 ], [ 8.52339, 47.40615 ], [ 8.52339, 47.40615 ] ] ] } },
{ "type": "Feature", "properties": { "id": 866, "population": 707 }, "geometry": { "type": "Polygon", "coordinates": [ [ [ 8.57899, 47.40668 ], [ 8.57922, 47.40495 ], [ 8.58162, 47.40432 ], [ 8.5838, 47.40542 ], [ 8.58357, 47.40715 ], [ 8.58117, 47.40778 ], [ 8.57899, 47.40668 ], [ 8.57899, 47.40668 ] ] ] } },
{ "type": "Feature", "properties": { "id": 867, "population": 276 }, "geometry": { "type": "Polygon", "coordinates": [ [ [ 8.52625, 47.33021 ], [ 8.52647, 47.32848 ], [ 8.52887, 47.32786 ], [ 8.53104, 47.32896 ], [ 8.53082, 47.33069 ], [ 8.52842, 47.33132 ], [ 8.52625, 47.33021 ], [ 8.52625, 47.33021 ] ] ] } },
{ "type": "Feature", "properties": { "id": 868, "population": 930 }, "geometry": { "type": "Polygon", "coordinates": [ [ [ 8.56145, 47.3628 ], [ 8.56167, 47.36107 ], [ 8.56407, 47.36044 ], [ 8.56624, 47.36154 ], [ 8.56602, 47.36327 ], [ 8.56362, 47.3639 ], [ 8.56145, 47.3628 ], [ 8.56145, 47.3628 ] ] ] } },
{ "type": "Feature", "properties": { "id": 869, "population": 0 }, "geometry": { "type": "Polygon", "coordinates": [ [ [ 8.58099, 47.39111 ], [ 8.58122, 47.38938 ], [ 8.58362, 47.38876 ], [ 8.58579, 47.38986 ], [ 8.58557, 47.39159 ], [ 8.58317, 47.39222 ], [ 8.58099, 47.39111 ], [ 8.58099, 47.39111 ] ] ] } },
{ "type": "Feature", "properties": { "id": 870, "population": 304 }, "geometry": { "type": "Polygon", "coordinates": [ [ [ 8.52535, 47.40898 ], [ 8.52557, 47.40726 ], [ 8.52797, 47.40663 ], [ 8.53015, 47.40773 ], [ 8.52992, 47.40946 ], [ 8.52752, 47.41009 ], [ 8.52535, 47.40898 ], [ 8.52535, 47.40898 ] ] ] } },
{ "type": "Feature", "properties": { "id": 871, "population": 2 }, "geometry": { "type": "Polygon", "coordinates": [ [ [ 8.59086, 47.36848 ], [ 8.59108, 47.36675 ], [ 8.59348, 47.36612 ], [ 8.59566, 47.36722 ], [ 8.59543, 47.36895 ], [ 8.59304, 47.36958 ], [ 8.59086, 47.36848 ], [ 8.59086, 47.36848 ] ] ] } },
{ "type": "Feature", "properties": { "id": 872, "population": 538 }, "geometry": { "type": "Polygon", "coordinates": [ [ [ 8.47629, 47.41175 ], [ 8.47651, 47.41002 ], [ 8.47891, 47.40939 ], [ 8.48109, 47.4105 ], [ 8.48086, 47.41222 ], [ 8.47846, 47.41285 ], [ 8.47629, 47.41175 ], [ 8.47629, 47.41175 ] ] ] } },
{ "type": "Feature", "properties": { "id": 873, "population": 54 }, "geometry": { "type": "Polygon", "coordinates": [ [ [ 8.52071, 47.42689 ], [ 8.52093, 47.42516 ], [ 8.52334, 47.42454 ], [ 8.52551, 47.42564 ], [ 8.52529, 47.42737 ], [ 8.52289, 47.42799 ], [ 8.52071, 47.42689 ], [ 8.52071, 47.42689 ] ] ] } },
{ "type": "Feature", "properties": { "id": 874, "population": 0 }, "geometry": { "type": "Polygon", "coordinates": [ [ [ 8.54448, 47.35052 ], [ 8.54471, 47.34879 ], [ 8.54711, 47.34816 ], [ 8.54928, 47.34926 ], [ 8.54906, 47.35099 ], [ 8.54666, 47.35162 ], [ 8.54448, 47.35052 ], [ 8.54448, 47.35052 ] ] ] } },
{ "type": "Feature", "properties": { "id": 875, "population": 637 }, "geometry": { "type": "Polygon", "coordinates": [ [ [ 8.50838, 47.3967 ], [ 8.50861, 47.39498 ], [ 8.51101, 47.39435 ], [ 8.51318, 47.39545 ], [ 8.51296, 47.39718 ], [ 8.51056, 47.39781 ], [ 8.50838, 47.3967 ], [ 8.50838, 47.3967 ] ] ] } },
{ "type": "Feature", "properties": { "id": 876, "population": 660 }, "geometry": { "type": "Polygon", "coordinates": [ [ [ 8.55754, 47.35713 ], [ 8.55776, 47.3554 ], [ 8.56016, 47.35478 ], [ 8.56234, 47.35588 ], [ 8.56211, 47.35761 ], [ 8.55972, 47.35824 ], [ 8.55754, 47.35713 ], [ 8.55754, 47.35713 ] ] ] } },
{ "type": "Feature", "properties": { "id": 877, "population": 1067 }, "geometry": { "type": "Polygon", "coordinates": [ [ [ 8.53852, 47.37882 ], [ 8.53874, 47.37709 ], [ 8.54114, 47.37646 ], [ 8.54332, 47.37756 ], [ 8.54309, 47.37929 ], [ 8.54069, 47.37992 ], [ 8.53852, 47.37882 ], [ 8.53852, 47.37882 ] ] ] } },
{ "type": "Feature", "properties": { "id": 878, "population": 54 }, "geometry": { "type": "Polygon", "coordinates": [ [ [ 8.49741, 47.35613 ], [ 8.49763, 47.3544 ], [ 8.50003, 47.35378 ], [ 8.50221, 47.35488 ], [ 8.50198, 47.35661 ], [ 8.49958, 47.35723 ], [ 8.49741, 47.35613 ], [ 8.49741, 47.35613 ] ] ] } },
{ "type": "Feature", "properties": { "id": 879, "population": 0 }, "geometry": { "type": "Polygon", "coordinates": [ [ [ 8.54058, 47.34485 ], [ 8.5408, 47.34312 ], [ 8.5432, 47.3425 ], [ 8.54538, 47.3436 ], [ 8.54515, 47.34533 ], [ 8.54275, 47.34596 ], [ 8.54058, 47.34485 ], [ 8.54058, 47.34485 ] ] ] } },
{ "type": "Feature", "properties": { "id": 880, "population": 939 }, "geometry": { "type": "Polygon", "coordinates": [ [ [ 8.5562, 47.36751 ], [ 8.55643, 47.36578 ], [ 8.55883, 47.36515 ], [ 8.561, 47.36626 ], [ 8.56078, 47.36799 ], [ 8.55838, 47.36861 ], [ 8.5562, 47.36751 ], [ 8.5562, 47.36751 ] ] ] } },
{ "type": "Feature", "properties": { "id": 881, "population": 140 }, "geometry": { "type": "Polygon", "coordinates": [ [ [ 8.48167, 47.37026 ], [ 8.4819, 47.36853 ], [ 8.4843, 47.36791 ], [ 8.48647, 47.36901 ], [ 8.48625, 47.37074 ], [ 8.48385, 47.37136 ], [ 8.48167, 47.37026 ], [ 8.48167, 47.37026 ] ] ] } },
{ "type": "Feature", "properties": { "id": 882, "population": 0 }, "geometry": { "type": "Polygon", "coordinates": [ [ [ 8.60854, 47.35716 ], [ 8.60876, 47.35543 ], [ 8.61116, 47.3548 ], [ 8.61334, 47.3559 ], [ 8.61312, 47.35763 ], [ 8.61072, 47.35826 ], [ 8.60854, 47.35716 ], [ 8.60854, 47.35716 ] ] ] } },
{ "type": "Feature", "properties": { "id": 883, "population": 338 }, "geometry": { "type": "Polygon", "coordinates": [ [ [ 8.55219, 47.39864 ], [ 8.55242, 47.39691 ], [ 8.55482, 47.39628 ], [ 8.55699, 47.39738 ], [ 8.55677, 47.39911 ], [ 8.55437, 47.39974 ], [ 8.55219, 47.39864 ], [ 8.55219, 47.39864 ] ] ] } },
{ "type": "Feature", "properties": { "id": 884, "population": 0 }, "geometry": { "type": "Polygon", "coordinates": [ [ [ 8.49351, 47.35047 ], [ 8.49373, 47.34874 ], [ 8.49613, 47.34811 ], [ 8.4983, 47.34921 ], [ 8.49808, 47.35094 ], [ 8.49568, 47.35157 ], [ 8.49351, 47.35047 ], [ 8.49351, 47.35047 ] ] ] } },
{ "type": "Feature", "properties": { "id": 885, "population": 533 }, "geometry": { "type": "Polygon", "coordinates": [ [ [ 8.50912, 47.37313 ], [ 8.50934, 47.3714 ], [ 8.51174, 47.37077 ], [ 8.51391, 47.37187 ], [ 8.51369, 47.3736 ], [ 8.51129, 47.37423 ], [ 8.50912, 47.37313 ], [ 8.50912, 47.37313 ] ] ] } },
{ "type": "Feature", "properties": { "id": 886, "population": 0 }, "geometry": { "type": "Polygon", "coordinates": [ [ [ 8.49129, 47.4212 ], [ 8.49152, 47.41947 ], [ 8.49392, 47.41884 ], [ 8.4961, 47.41995 ], [ 8.49587, 47.42167 ], [ 8.49347, 47.4223 ], [ 8.49129, 47.4212 ], [ 8.49129, 47.4212 ] ] ] } },
{ "type": "Feature", "properties": { "id": 887, "population": 877 }, "geometry": { "type": "Polygon", "coordinates": [ [ [ 8.5523, 47.36185 ], [ 8.55252, 47.36012 ], [ 8.55492, 47.35949 ], [ 8.55709, 47.36059 ], [ 8.55687, 47.36232 ], [ 8.55447, 47.36295 ], [ 8.5523, 47.36185 ], [ 8.5523, 47.36185 ] ] ] } },
{ "type": "Feature", "properties": { "id": 888, "population": 0 }, "geometry": { "type": "Polygon", "coordinates": [ [ [ 8.46795, 47.36883 ], [ 8.46818, 47.3671 ], [ 8.47058, 47.36647 ], [ 8.47275, 47.36757 ], [ 8.47253, 47.3693 ], [ 8.47013, 47.36993 ], [ 8.46795, 47.36883 ], [ 8.46795, 47.36883 ] ] ] } },
{ "type": "Feature", "properties": { "id": 889, "population": 0 }, "geometry": { "type": "Polygon", "coordinates": [ [ [ 8.5168, 47.42123 ], [ 8.51703, 47.4195 ], [ 8.51943, 47.41888 ], [ 8.52161, 47.41998 ], [ 8.52138, 47.42171 ], [ 8.51898, 47.42233 ], [ 8.5168, 47.42123 ], [ 8.5168, 47.42123 ] ] ] } },
{ "type": "Feature", "properties": { "id": 890, "population": 1064 }, "geometry": { "type": "Polygon", "coordinates": [ [ [ 8.50905, 47.39152 ], [ 8.50928, 47.38979 ], [ 8.51168, 47.38916 ], [ 8.51385, 47.39027 ], [ 8.51363, 47.392 ], [ 8.51123, 47.39262 ], [ 8.50905, 47.39152 ], [ 8.50905, 47.39152 ] ] ] } },
{ "type": "Feature", "properties": { "id": 891, "population": 107 }, "geometry": { "type": "Polygon", "coordinates": [ [ [ 8.49216, 47.36084 ], [ 8.49239, 47.35911 ], [ 8.49479, 47.35849 ], [ 8.49696, 47.35959 ], [ 8.49674, 47.36132 ], [ 8.49434, 47.36194 ], [ 8.49216, 47.36084 ], [ 8.49216, 47.36084 ] ] ] } },
{ "type": "Feature", "properties": { "id": 892, "population": 707 }, "geometry": { "type": "Polygon", "coordinates": [ [ [ 8.50521, 47.36746 ], [ 8.50544, 47.36573 ], [ 8.50784, 47.36511 ], [ 8.51001, 47.36621 ], [ 8.50979, 47.36794 ], [ 8.50739, 47.36856 ], [ 8.50521, 47.36746 ], [ 8.50521, 47.36746 ] ] ] } },
{ "type": "Feature", "properties": { "id": 893, "population": 119 }, "geometry": { "type": "Polygon", "coordinates": [ [ [ 8.51314, 47.342 ], [ 8.51336, 47.34027 ], [ 8.51576, 47.33964 ], [ 8.51794, 47.34074 ], [ 8.51771, 47.34247 ], [ 8.51531, 47.3431 ], [ 8.51314, 47.342 ], [ 8.51314, 47.342 ] ] ] } },
{ "type": "Feature", "properties": { "id": 894, "population": 471 }, "geometry": { "type": "Polygon", "coordinates": [ [ [ 8.4777, 47.38299 ], [ 8.47793, 47.38126 ], [ 8.48033, 47.38063 ], [ 8.4825, 47.38174 ], [ 8.48228, 47.38347 ], [ 8.47988, 47.38409 ], [ 8.4777, 47.38299 ], [ 8.4777, 47.38299 ] ] ] } },
{ "type": "Feature", "properties": { "id": 895, "population": 776 }, "geometry": { "type": "Polygon", "coordinates": [ [ [ 8.49405, 47.38207 ], [ 8.49427, 47.38034 ], [ 8.49667, 47.37971 ], [ 8.49885, 47.38082 ], [ 8.49862, 47.38255 ], [ 8.49622, 47.38317 ], [ 8.49405, 47.38207 ], [ 8.49405, 47.38207 ] ] ] } },
{ "type": "Feature", "properties": { "id": 896, "population": 206 }, "geometry": { "type": "Polygon", "coordinates": [ [ [ 8.52077, 47.40851 ], [ 8.52099, 47.40678 ], [ 8.52339, 47.40615 ], [ 8.52557, 47.40726 ], [ 8.52535, 47.40898 ], [ 8.52295, 47.40961 ], [ 8.52077, 47.40851 ], [ 8.52077, 47.40851 ] ] ] } },
{ "type": "Feature", "properties": { "id": 897, "population": 619 }, "geometry": { "type": "Polygon", "coordinates": [ [ [ 8.56526, 47.40525 ], [ 8.56548, 47.40352 ], [ 8.56788, 47.40289 ], [ 8.57006, 47.404 ], [ 8.56984, 47.40573 ], [ 8.56744, 47.40635 ], [ 8.56526, 47.40525 ], [ 8.56526, 47.40525 ] ] ] } },
{ "type": "Feature", "properties": { "id": 898, "population": 0 }, "geometry": { "type": "Polygon", "coordinates": [ [ [ 8.48826, 47.35518 ], [ 8.48849, 47.35345 ], [ 8.49089, 47.35282 ], [ 8.49306, 47.35392 ], [ 8.49284, 47.35565 ], [ 8.49044, 47.35628 ], [ 8.48826, 47.35518 ], [ 8.48826, 47.35518 ] ] ] } },
{ "type": "Feature", "properties": { "id": 899, "population": 1093 }, "geometry": { "type": "Polygon", "coordinates": [ [ [ 8.50515, 47.38585 ], [ 8.50537, 47.38413 ], [ 8.50777, 47.3835 ], [ 8.50995, 47.3846 ], [ 8.50973, 47.38633 ], [ 8.50733, 47.38696 ], [ 8.50515, 47.38585 ], [ 8.50515, 47.38585 ] ] ] } },
{ "type": "Feature", "properties": { "id": 900, "population": 0 }, "geometry": { "type": "Polygon", "coordinates": [ [ [ 8.58495, 47.37838 ], [ 8.58517, 47.37665 ], [ 8.58757, 47.37602 ], [ 8.58975, 47.37712 ], [ 8.58953, 47.37885 ], [ 8.58713, 47.37948 ], [ 8.58495, 47.37838 ], [ 8.58495, 47.37838 ] ] ] } },
{ "type": "Feature", "properties": { "id": 901, "population": 106 }, "geometry": { "type": "Polygon", "coordinates": [ [ [ 8.50924, 47.33633 ], [ 8.50946, 47.3346 ], [ 8.51186, 47.33397 ], [ 8.51403, 47.33508 ], [ 8.51381, 47.33681 ], [ 8.51141, 47.33743 ], [ 8.50924, 47.33633 ], [ 8.50924, 47.33633 ] ] ] } },
{ "type": "Feature", "properties": { "id": 902, "population": 799 }, "geometry": { "type": "Polygon", "coordinates": [ [ [ 8.50381, 47.39623 ], [ 8.50403, 47.3945 ], [ 8.50643, 47.39387 ], [ 8.50861, 47.39498 ], [ 8.50838, 47.3967 ], [ 8.50598, 47.39733 ], [ 8.50381, 47.39623 ], [ 8.50381, 47.39623 ] ] ] } },
{ "type": "Feature", "properties": { "id": 903, "population": 0 }, "geometry": { "type": "Polygon", "coordinates": [ [ [ 8.5079, 47.34671 ], [ 8.50812, 47.34498 ], [ 8.51052, 47.34435 ], [ 8.51269, 47.34546 ], [ 8.51247, 47.34719 ], [ 8.51007, 47.34781 ], [ 8.5079, 47.34671 ], [ 8.5079, 47.34671 ] ] ] } },
{ "type": "Feature", "properties": { "id": 904, "population": 759 }, "geometry": { "type": "Polygon", "coordinates": [ [ [ 8.52485, 47.35899 ], [ 8.52507, 47.35726 ], [ 8.52747, 47.35664 ], [ 8.52965, 47.35774 ], [ 8.52942, 47.35947 ], [ 8.52702, 47.3601 ], [ 8.52485, 47.35899 ], [ 8.52485, 47.35899 ] ] ] } },
{ "type": "Feature", "properties": { "id": 905, "population": 0 }, "geometry": { "type": "Polygon", "coordinates": [ [ [ 8.58104, 47.37272 ], [ 8.58126, 47.37099 ], [ 8.58366, 47.37036 ], [ 8.58584, 47.37146 ], [ 8.58562, 47.37319 ], [ 8.58322, 47.37382 ], [ 8.58104, 47.37272 ], [ 8.58104, 47.37272 ] ] ] } },
{ "type": "Feature", "properties": { "id": 906, "population": 339 }, "geometry": { "type": "Polygon", "coordinates": [ [ [ 8.50704, 47.40708 ], [ 8.50726, 47.40535 ], [ 8.50966, 47.40472 ], [ 8.51184, 47.40582 ], [ 8.51162, 47.40755 ], [ 8.50922, 47.40818 ], [ 8.50704, 47.40708 ], [ 8.50704, 47.40708 ] ] ] } },
{ "type": "Feature", "properties": { "id": 907, "population": 832 }, "geometry": { "type": "Polygon", "coordinates": [ [ [ 8.50125, 47.38019 ], [ 8.50147, 47.37846 ], [ 8.50387, 47.37784 ], [ 8.50605, 47.37894 ], [ 8.50582, 47.38067 ], [ 8.50342, 47.38129 ], [ 8.50125, 47.38019 ], [ 8.50125, 47.38019 ] ] ] } },
{ "type": "Feature", "properties": { "id": 908, "population": 381 }, "geometry": { "type": "Polygon", "coordinates": [ [ [ 8.53445, 47.42832 ], [ 8.53467, 47.42659 ], [ 8.53707, 47.42597 ], [ 8.53925, 47.42707 ], [ 8.53902, 47.4288 ], [ 8.53662, 47.42942 ], [ 8.53445, 47.42832 ], [ 8.53445, 47.42832 ] ] ] } }
]
}
