{
"type": "FeatureCollection",
"name": "florence_cartogram",
"crs": { "type": "name", "properties": { "name": "urn:ogc:def:crs:OGC:1.3:CRS84" } },
"features": [
{ "type": "Feature", "properties": { "id": 0, "snapped_id": 0.0, "centroid_lon": 11.2551, "centroid_lat": 43.76276, "radius": 202.61, "internal_id": 617532049981702143, "population": 122, "component": 0, "o_score_pt": 76.752709136975753, "o_score_car": 643.32812159022785, "CDI": 0.78682196258588399, "log_population": 2.0899051114393981 }, "geometry": { "type": "Polygon", "coordinates": [ [ [ 11.253534739606991, 43.763233002961861 ], [ 11.255021540274653, 43.763981481770159 ], [ 11.256559428082834, 43.763490532180953 ], [ 11.256664053127714, 43.762277624406515 ], [ 11.255177257021343, 43.761529174061046 ], [ 11.253639426750397, 43.762020110609711 ], [ 11.253534739606991, 43.763233002961861 ] ] ] } },
{ "type": "Feature", "properties": { "id": 1, "snapped_id": 1.0, "centroid_lon": 11.25944, "centroid_lat": 43.73842, "radius": 202.647, "internal_id": 617532050016567295, "population": 43, "component": 0, "o_score_pt": 6.9005957113420244, "o_score_car": 555.18753436646909, "CDI": 0.97544657023663961, "log_population": 1.6434526764861874 }, "geometry": { "type": "Polygon", "coordinates": [ [ [ 11.258289922736804, 43.738749423302913 ], [ 11.259403823834685, 43.739310345672251 ], [ 11.260509239486012, 43.738957163136085 ], [ 11.260584440563084, 43.73808438445684 ], [ 11.259470541741136, 43.737523487320566 ], [ 11.258365168411757, 43.737876657051764 ], [ 11.258289922736804, 43.738749423302913 ] ] ] } },
{ "type": "Feature", "properties": { "id": 2, "snapped_id": 2.0, "centroid_lon": 11.29128, "centroid_lat": 43.78475, "radius": 202.621, "internal_id": 617532047378087935, "population": 1140, "component": 0, "o_score_pt": 34.897644968826391, "o_score_car": 632.08113018866004, "CDI": 0.89535605548891295, "log_population": 3.0572856444182146 }, "geometry": { "type": "Polygon", "coordinates": [ [ [ 11.288977415613703, 43.785480897928373 ], [ 11.291124824596862, 43.786560526300846 ], [ 11.293428193806557, 43.785824915017287 ], [ 11.293584069674765, 43.78400968291222 ], [ 11.291436669477999, 43.782930081355104 ], [ 11.289133384624664, 43.78366568508887 ], [ 11.288977415613703, 43.785480897928373 ] ] ] } },
{ "type": "Feature", "properties": { "id": 3, "snapped_id": 3.0, "centroid_lon": 11.27933, "centroid_lat": 43.76737, "radius": 202.631, "internal_id": 617532047412953087, "population": 1676, "component": 0, "o_score_pt": 353.5804469518261, "o_score_car": 671.99700042557993, "CDI": 0.31047538563567739, "log_population": 3.2245330626060857 }, "geometry": { "type": "Polygon", "coordinates": [ [ [ 11.277031862245281, 43.768110279203214 ], [ 11.279178545948616, 43.769190188274386 ], [ 11.281481409028963, 43.768454622234401 ], [ 11.281637504051126, 43.766639154652189 ], [ 11.279490829080885, 43.765559272402719 ], [ 11.277188050353423, 43.766294830914966 ], [ 11.277031862245281, 43.768110279203214 ] ] ] } },
{ "type": "Feature", "properties": { "id": 4, "snapped_id": 4.0, "centroid_lon": 11.26621, "centroid_lat": 43.81569, "radius": 202.551, "internal_id": 617532047447818239, "population": 0, "component": 0, "o_score_pt": 2.9799508206523453, "o_score_car": 486.22286160243829, "CDI": 0.98781711492666124, "log_population": 0.0 }, "geometry": { "type": "Polygon", "coordinates": [ [ [ 11.266132228589338, 43.815649741119813 ], [ 11.266293116533568, 43.8157306410586 ], [ 11.266293117137113, 43.815730634059065 ], [ 11.266132228768662, 43.815649739041397 ], [ 11.266132228589338, 43.815649741119813 ] ] ] } },
{ "type": "Feature", "properties": { "id": 5, "snapped_id": 5.0, "centroid_lon": 11.25897, "centroid_lat": 43.74386, "radius": 202.639, "internal_id": 617532049980129279, "population": 1, "component": 0, "o_score_pt": 6.4081682294337989, "o_score_car": 555.57492321865652, "CDI": 0.97719444471924721, "log_population": 0.3010299956639812 }, "geometry": { "type": "Polygon", "coordinates": [ [ [ 11.258887998817281, 43.743824220400171 ], [ 11.25904728592281, 43.743904426433801 ], [ 11.25904728652511, 43.74390441944481 ], [ 11.258887998999557, 43.74382421828637 ], [ 11.258887998817281, 43.743824220400171 ] ] ] } },
{ "type": "Feature", "properties": { "id": 6, "snapped_id": 6.0, "centroid_lon": 11.2461, "centroid_lat": 43.73738, "radius": 202.633, "internal_id": 617532050014994431, "population": 218, "component": 0, "o_score_pt": 5.5391162538751413, "o_score_car": 570.0668474675266, "CDI": 0.98075379129825657, "log_population": 2.3404441148401185 }, "geometry": { "type": "Polygon", "coordinates": [ [ [ 11.244297409166325, 43.737940936873578 ], [ 11.245992459527923, 43.738794808723775 ], [ 11.247772216830583, 43.738226377579771 ], [ 11.247893432645172, 43.736822104483792 ], [ 11.246198388105446, 43.735968261597506 ], [ 11.244418696836972, 43.736536680653195 ], [ 11.244297409166325, 43.737940936873578 ] ] ] } },
{ "type": "Feature", "properties": { "id": 7, "snapped_id": 7.0, "centroid_lon": 11.27957, "centroid_lat": 43.81672, "radius": 202.565, "internal_id": 617532047449391103, "population": 38, "component": 0, "o_score_pt": 185.14908156292319, "o_score_car": 591.80731100657692, "CDI": 0.52339903929328613, "log_population": 1.5910646070264991 }, "geometry": { "type": "Polygon", "coordinates": [ [ [ 11.278468679827629, 43.81703999225229 ], [ 11.27954064989073, 43.817578815205479 ], [ 11.280596734164554, 43.81724196173387 ], [ 11.28066834239822, 43.816409981507611 ], [ 11.279596374363486, 43.815871183217119 ], [ 11.278540330688852, 43.816208024036428 ], [ 11.278468679827629, 43.81703999225229 ] ] ] } },
{ "type": "Feature", "properties": { "id": 8, "snapped_id": 8.0, "centroid_lon": 11.27793, "centroid_lat": 43.78371, "radius": 202.608, "internal_id": 617532047376515071, "population": 1729, "component": 0, "o_score_pt": 271.0597627012225, "o_score_car": 681.49680161584899, "CDI": 0.4308794399090477, "log_population": 3.2380461031287955 }, "geometry": { "type": "Polygon", "coordinates": [ [ [ 11.27562586786598, 43.784447847515317 ], [ 11.277772940397856, 43.785527696746556 ], [ 11.280076252595515, 43.78479236416198 ], [ 11.280232407869601, 43.782977189875943 ], [ 11.278085344068408, 43.78189736746122 ], [ 11.275782116260467, 43.78263269251719 ], [ 11.27562586786598, 43.784447847515317 ] ] ] } },
{ "type": "Feature", "properties": { "id": 9, "snapped_id": 9.0, "centroid_lon": 11.16775, "centroid_lat": 43.78883, "radius": 202.475, "internal_id": 617532053708865535, "population": 101, "component": 0, "o_score_pt": 6.1532320078582696, "o_score_car": 503.67792401378506, "CDI": 0.97586168701076004, "log_population": 2.0086001717619175 }, "geometry": { "type": "Polygon", "coordinates": [ [ [ 11.166257409063345, 43.789281154194001 ], [ 11.167675849535684, 43.789996517203541 ], [ 11.169135229161014, 43.789532150768039 ], [ 11.169235714854867, 43.788381717978432 ], [ 11.167817278287178, 43.78766638307799 ], [ 11.166357953630522, 43.788130736433146 ], [ 11.166257409063345, 43.789281154194001 ] ] ] } },
{ "type": "Feature", "properties": { "id": 10, "snapped_id": 10.0, "centroid_lon": 11.17854, "centroid_lat": 43.76775, "radius": 202.516, "internal_id": 617532049839095807, "population": 49, "component": 0, "o_score_pt": 3.283699052065558, "o_score_car": 561.171709251077, "CDI": 0.98836507187720279, "log_population": 1.6989700043360187 }, "geometry": { "type": "Polygon", "coordinates": [ [ [ 11.177342546296289, 43.768101836561947 ], [ 11.178502641394962, 43.768686952531446 ], [ 11.17966191738312, 43.768317736028507 ], [ 11.179741664670768, 43.767402971725517 ], [ 11.178581571952142, 43.76681788156823 ], [ 11.17742234033128, 43.767187085179025 ], [ 11.177342546296289, 43.768101836561947 ] ] ] } },
{ "type": "Feature", "properties": { "id": 11, "snapped_id": 11.0, "centroid_lon": 11.2716, "centroid_lat": 43.80515, "radius": 202.572, "internal_id": 617532047446245375, "population": 119, "component": 0, "o_score_pt": 199.64069492617412, "o_score_car": 668.98285063446872, "CDI": 0.54032861313397063, "log_population": 2.0791812460476247 }, "geometry": { "type": "Polygon", "coordinates": [ [ [ 11.270047245436869, 43.805621356562838 ], [ 11.271526281520329, 43.806365083553914 ], [ 11.273054721801929, 43.805877516110826 ], [ 11.273158454931268, 43.804673315671707 ], [ 11.271679423397579, 43.803929617098277 ], [ 11.270151040318902, 43.804417171448485 ], [ 11.270047245436869, 43.805621356562838 ] ] ] } },
{ "type": "Feature", "properties": { "id": 12, "snapped_id": 12.0, "centroid_lon": 11.26342, "centroid_lat": 43.74421, "radius": 202.644, "internal_id": 617532049978556415, "population": 85, "component": 0, "o_score_pt": 7.3108358350209288, "o_score_car": 565.63561580581802, "CDI": 0.97447986347036875, "log_population": 1.9344984512435677 }, "geometry": { "type": "Polygon", "coordinates": [ [ [ 11.261996278690654, 43.744636507890633 ], [ 11.263353130654124, 43.745319634299634 ], [ 11.264740288823381, 43.744876459174428 ], [ 11.264834568104774, 43.743781797604179 ], [ 11.263477719925598, 43.743098698873439 ], [ 11.262090613969507, 43.743541860757986 ], [ 11.261996278690654, 43.744636507890633 ] ] ] } },
{ "type": "Feature", "properties": { "id": 13, "snapped_id": 13.0, "centroid_lon": 11.17219, "centroid_lat": 43.78918, "radius": 202.48, "internal_id": 617532053707292671, "population": 91, "component": 0, "o_score_pt": 6.6126744303168019, "o_score_car": 521.10520374738996, "CDI": 0.97493859994604914, "log_population": 1.9637878273455553 }, "geometry": { "type": "Polygon", "coordinates": [ [ [ 11.170747122535396, 43.789615298362413 ], [ 11.172128285361463, 43.790311777546655 ], [ 11.173544301193427, 43.789861155818613 ], [ 11.173641746586002, 43.788744863726343 ], [ 11.172260587451538, 43.788048412407981 ], [ 11.170844625052506, 43.788499021006253 ], [ 11.170747122535396, 43.789615298362413 ] ] ] } },
{ "type": "Feature", "properties": { "id": 14, "snapped_id": 14.0, "centroid_lon": 11.27044, "centroid_lat": 43.76669, "radius": 202.622, "internal_id": 617532047409807359, "population": 392, "component": 0, "o_score_pt": 364.78913265390042, "o_score_car": 703.01661470367492, "CDI": 0.31675001083929588, "log_population": 2.5943925503754266 }, "geometry": { "type": "Polygon", "coordinates": [ [ [ 11.268400021408869, 43.767327989958837 ], [ 11.270308064870655, 43.768288082380948 ], [ 11.272334347984238, 43.767641010650699 ], [ 11.272471873670041, 43.76604345314653 ], [ 11.270563837424785, 43.76508338922347 ], [ 11.268537628973583, 43.765730450553882 ], [ 11.268400021408869, 43.767327989958837 ] ] ] } },
{ "type": "Feature", "properties": { "id": 15, "snapped_id": 15.0, "centroid_lon": 11.25391, "centroid_lat": 43.82843, "radius": 202.52, "internal_id": 617532047942221823, "population": 0, "component": 0, "o_score_pt": 2.11986360708454, "o_score_car": 483.40200024773281, "CDI": 0.99126769043826857, "log_population": 0.0 }, "geometry": { "type": "Polygon", "coordinates": [ [ [ 11.253827370306855, 43.828393940182345 ], [ 11.253988531358205, 43.828474985872639 ], [ 11.253988531963133, 43.828474978870887 ], [ 11.253827370485837, 43.828393938111965 ], [ 11.253827370306855, 43.828393940182345 ] ] ] } },
{ "type": "Feature", "properties": { "id": 16, "snapped_id": 16.0, "centroid_lon": 11.30358, "centroid_lat": 43.77199, "radius": 202.652, "internal_id": 617532047590424575, "population": 433, "component": 0, "o_score_pt": 174.68318406588199, "o_score_car": 555.39785902704557, "CDI": 0.52146905958316303, "log_population": 2.6374897295125108 }, "geometry": { "type": "Polygon", "coordinates": [ [ [ 11.30149908861995, 43.772646248371068 ], [ 11.303443896070394, 43.773623917815144 ], [ 11.305512111145367, 43.772962927541116 ], [ 11.305651845829523, 43.77133244320396 ], [ 11.303707045943673, 43.770354802080917 ], [ 11.301638906925422, 43.77101578227601 ], [ 11.30149908861995, 43.772646248371068 ] ] ] } },
{ "type": "Feature", "properties": { "id": 17, "snapped_id": 17.0, "centroid_lon": 11.27395, "centroid_lat": 43.77792, "radius": 202.611, "internal_id": 617532047414525951, "population": 1559, "component": 0, "o_score_pt": 410.6272038075042, "o_score_car": 693.55258436582722, "CDI": 0.2562312619635726, "log_population": 3.1931245983544616 }, "geometry": { "type": "Polygon", "coordinates": [ [ [ 11.27164461879738, 43.778657659479705 ], [ 11.273791449530494, 43.779737602257775 ], [ 11.276094592949296, 43.779002284726701 ], [ 11.276250821244471, 43.777187031939945 ], [ 11.274103999224305, 43.77610711598048 ], [ 11.271800940194044, 43.776842425990338 ], [ 11.27164461879738, 43.778657659479705 ] ] ] } },
{ "type": "Feature", "properties": { "id": 18, "snapped_id": 18.0, "centroid_lon": 11.25825, "centroid_lat": 43.80411, "radius": 202.558, "internal_id": 617532047444672511, "population": 4, "component": 0, "o_score_pt": 285.59447334578249, "o_score_car": 588.96109651664642, "CDI": 0.34688089999653732, "log_population": 0.69897000433601886 }, "geometry": { "type": "Polygon", "coordinates": [ [ [ 11.257983292845177, 43.804136283390946 ], [ 11.258310472087615, 43.804300865584523 ], [ 11.258502538750976, 43.804239617826077 ], [ 11.258515666925421, 43.804087494192309 ], [ 11.258188485059467, 43.803922920536749 ], [ 11.257996428653559, 43.803984164001776 ], [ 11.257983292845177, 43.804136283390946 ] ] ] } },
{ "type": "Feature", "properties": { "id": 19, "snapped_id": 19.0, "centroid_lon": 11.22046, "centroid_lat": 43.7491, "radius": 202.588, "internal_id": 617532049801084927, "population": 0, "component": 0, "o_score_pt": 4.2722727755522314, "o_score_car": 529.51314558471927, "CDI": 0.98399254596097363, "log_population": 0.0 }, "geometry": { "type": "Polygon", "coordinates": [ [ [ 11.220379028957238, 43.749056039752681 ], [ 11.220538397858116, 43.749136359582117 ], [ 11.220538398463834, 43.749136352591329 ], [ 11.220379029139853, 43.749056037646334 ], [ 11.220379028957238, 43.749056039752681 ] ] ] } },
{ "type": "Feature", "properties": { "id": 20, "snapped_id": 20.0, "centroid_lon": 11.25007, "centroid_lat": 43.74317, "radius": 202.63, "internal_id": 617532049976983551, "population": 0, "component": 0, "o_score_pt": 6.0516858756380714, "o_score_car": 523.15856691943918, "CDI": 0.97712937025057445, "log_population": 0.0 }, "geometry": { "type": "Polygon", "coordinates": [ [ [ 11.249992817950586, 43.743134017489204 ], [ 11.250152081928025, 43.743214231169034 ], [ 11.250152082531065, 43.743214224179916 ], [ 11.249992818133016, 43.743134015376171 ], [ 11.249992817950586, 43.743134017489204 ] ] ] } },
{ "type": "Feature", "properties": { "id": 21, "snapped_id": 21.0, "centroid_lon": 11.1826, "centroid_lat": 43.79822, "radius": 202.48, "internal_id": 617532053670854655, "population": 689, "component": 0, "o_score_pt": 10.744274495117285, "o_score_car": 545.62720253101713, "CDI": 0.96137733532802006, "log_population": 2.8388490907372552 }, "geometry": { "type": "Polygon", "coordinates": [ [ [ 11.180337782736522, 43.798935585236542 ], [ 11.18244860883717, 43.799999557799055 ], [ 11.184712145570412, 43.799279206552825 ], [ 11.18486759407984, 43.797496280497143 ], [ 11.182756776108658, 43.79643233507079 ], [ 11.180493322639647, 43.7971526784562 ], [ 11.180337782736522, 43.798935585236542 ] ] ] } },
{ "type": "Feature", "properties": { "id": 22, "snapped_id": 22.0, "centroid_lon": 11.2839, "centroid_lat": 43.7924, "radius": 202.603, "internal_id": 617532047373369343, "population": 67, "component": 0, "o_score_pt": 3.7374970373959919, "o_score_car": 579.87580085462821, "CDI": 0.98719187156668442, "log_population": 1.8325089127062364 }, "geometry": { "type": "Polygon", "coordinates": [ [ [ 11.282577534620328, 43.792791086761866 ], [ 11.28385056134165, 43.793431157775949 ], [ 11.285139997856733, 43.793019533398848 ], [ 11.285227374193319, 43.792003208399471 ], [ 11.283954350772287, 43.791363164351253 ], [ 11.282664963031904, 43.79177477548847 ], [ 11.282577534620328, 43.792791086761866 ] ] ] } },
{ "type": "Feature", "properties": { "id": 23, "snapped_id": 23.0, "centroid_lon": 11.28683, "centroid_lat": 43.7844, "radius": 202.617, "internal_id": 617532047379660799, "population": 1206, "component": 0, "o_score_pt": 49.452524335979575, "o_score_car": 634.94958155877589, "CDI": 0.85548693111828578, "log_population": 3.0817072700973491 }, "geometry": { "type": "Polygon", "coordinates": [ [ [ 11.284526768527407, 43.785136714304812 ], [ 11.286674065380355, 43.786216416308299 ], [ 11.288977415613703, 43.785480897928373 ], [ 11.289133384624664, 43.78366568508887 ], [ 11.286986096539517, 43.782586009901117 ], [ 11.284682830673637, 43.783321520738305 ], [ 11.284526768527407, 43.785136714304812 ] ] ] } },
{ "type": "Feature", "properties": { "id": 24, "snapped_id": 24.0, "centroid_lon": 11.15885, "centroid_lat": 43.78813, "radius": 202.466, "internal_id": 617532053705719807, "population": 58, "component": 0, "o_score_pt": 1.2847502080050612, "o_score_car": 479.92324774383457, "CDI": 0.99466031232451124, "log_population": 1.7708520116421442 }, "geometry": { "type": "Polygon", "coordinates": [ [ [ 11.157584150350845, 43.78850602981781 ], [ 11.158804383359127, 43.789121580209496 ], [ 11.160033518615107, 43.788730567681299 ], [ 11.160118283632485, 43.787761274263943 ], [ 11.158898053316612, 43.78714575035 ], [ 11.157668964934331, 43.787536749852613 ], [ 11.157584150350845, 43.78850602981781 ] ] ] } },
{ "type": "Feature", "properties": { "id": 25, "snapped_id": 25.0, "centroid_lon": 11.28823, "centroid_lat": 43.76806, "radius": 202.64, "internal_id": 617532047408234495, "population": 1308, "component": 0, "o_score_pt": 274.64798065606197, "o_score_car": 636.0686441953294, "CDI": 0.39685304262260851, "log_population": 3.1169396465507559 }, "geometry": { "type": "Polygon", "coordinates": [ [ [ 11.285931086948018, 43.76879879882884 ], [ 11.288077994871021, 43.769878560745418 ], [ 11.29038089595457, 43.769142808971139 ], [ 11.290536804782526, 43.767327302823347 ], [ 11.28838990562971, 43.766247567727703 ], [ 11.286087088876798, 43.766983311960104 ], [ 11.285931086948018, 43.76879879882884 ] ] ] } },
{ "type": "Feature", "properties": { "id": 26, "snapped_id": 26.0, "centroid_lon": 11.2627, "centroid_lat": 43.80446, "radius": 202.562, "internal_id": 617532047443099647, "population": 0, "component": 0, "o_score_pt": 140.56039150773, "o_score_car": 544.83437142002992, "CDI": 0.58984106937932645, "log_population": 0.0 }, "geometry": { "type": "Polygon", "coordinates": [ [ [ 11.262620159776255, 43.804416818192685 ], [ 11.262780794854869, 43.804497613465585 ], [ 11.262780795458422, 43.804497606467642 ], [ 11.262620159956073, 43.80441681610904 ], [ 11.262620159776255, 43.804416818192685 ] ] ] } },
{ "type": "Feature", "properties": { "id": 27, "snapped_id": 27.0, "centroid_lon": 11.26938, "centroid_lat": 43.7529, "radius": 202.639, "internal_id": 617532049975410687, "population": 74, "component": 0, "o_score_pt": 15.626576647796794, "o_score_car": 630.98959591375194, "CDI": 0.95166660745309639, "log_population": 1.8750612633917001 }, "geometry": { "type": "Polygon", "coordinates": [ [ [ 11.268020137860058, 43.753304872822945 ], [ 11.269327661133129, 43.753962967893159 ], [ 11.270657491966734, 43.753538141384361 ], [ 11.270747801531463, 43.752488905429239 ], [ 11.269440281749683, 43.751830837640924 ], [ 11.268110501110602, 43.752255650904473 ], [ 11.268020137860058, 43.753304872822945 ] ] ] } },
{ "type": "Feature", "properties": { "id": 28, "snapped_id": 28.0, "centroid_lon": 11.23977, "centroid_lat": 43.75882, "radius": 202.597, "internal_id": 617532049799512063, "population": 721, "component": 0, "o_score_pt": 247.52333597381303, "o_score_car": 647.67643651629248, "CDI": 0.44699866201865268, "log_population": 2.858537197569639 }, "geometry": { "type": "Polygon", "coordinates": [ [ [ 11.23748306814227, 43.759550754815699 ], [ 11.239610606988281, 43.760622277196582 ], [ 11.241892253536438, 43.759894136775081 ], [ 11.242047743203601, 43.75809520502802 ], [ 11.239920212813951, 43.757023709643526 ], [ 11.237638649971881, 43.757751842348128 ], [ 11.23748306814227, 43.759550754815699 ] ] ] } },
{ "type": "Feature", "properties": { "id": 29, "snapped_id": 29.0, "centroid_lon": 11.16425, "centroid_lat": 43.7776, "radius": 202.486, "internal_id": 617532053704146943, "population": 7, "component": 0, "o_score_pt": 1.5993394097675984, "o_score_car": 470.50195741889451, "CDI": 0.99322459217752157, "log_population": 0.90308998699194354 }, "geometry": { "type": "Polygon", "coordinates": [ [ [ 11.163794025180458, 43.777686112234008 ], [ 11.164291098627373, 43.777936873612909 ], [ 11.164679964485757, 43.777813109474643 ], [ 11.164706893151271, 43.777504881922077 ], [ 11.164209818068951, 43.777254133842845 ], [ 11.163820969471965, 43.777377890959599 ], [ 11.163794025180458, 43.777686112234008 ] ] ] } },
{ "type": "Feature", "properties": { "id": 30, "snapped_id": 30.0, "centroid_lon": 11.24259, "centroid_lat": 43.72614, "radius": 202.644, "internal_id": 617532050010275839, "population": 139, "component": 0, "o_score_pt": 0.19059153741120161, "o_score_car": 507.64753561462834, "CDI": 0.99924940043993915, "log_population": 2.1461280356782382 }, "geometry": { "type": "Polygon", "coordinates": [ [ [ 11.240973264271807, 43.726637028293197 ], [ 11.242505950557835, 43.727409325678664 ], [ 11.244097435187479, 43.726900911606251 ], [ 11.24420589919162, 43.725644667117741 ], [ 11.242673217721446, 43.724872398391845 ], [ 11.241081792510359, 43.725380799590411 ], [ 11.240973264271807, 43.726637028293197 ] ] ] } },
{ "type": "Feature", "properties": { "id": 31, "snapped_id": 31.0, "centroid_lon": 11.26693, "centroid_lat": 43.75545, "radius": 202.633, "internal_id": 617532049983275007, "population": 90, "component": 0, "o_score_pt": 143.97824036654063, "o_score_car": 639.35068177776088, "CDI": 0.63239391194081929, "log_population": 1.9590413923210936 }, "geometry": { "type": "Polygon", "coordinates": [ [ [ 11.265482878786061, 43.75588328876978 ], [ 11.266860495631365, 43.756576676827578 ], [ 11.268271634721801, 43.756125941101367 ], [ 11.268367491050384, 43.75501270060451 ], [ 11.266989878123967, 43.754319340372646 ], [ 11.265578792089828, 43.754770062862711 ], [ 11.265482878786061, 43.75588328876978 ] ] ] } },
{ "type": "Feature", "properties": { "id": 32, "snapped_id": 32.0, "centroid_lon": 11.28835, "centroid_lat": 43.79274, "radius": 202.607, "internal_id": 617532047371796479, "population": 48, "component": 0, "o_score_pt": 7.1029271793406643, "o_score_car": 587.06061375697914, "CDI": 0.97609100293112083, "log_population": 1.6901960800285136 }, "geometry": { "type": "Polygon", "coordinates": [ [ [ 11.287161480801855, 43.793089017886381 ], [ 11.288315771000173, 43.793669319657809 ], [ 11.289467469492218, 43.793301621188405 ], [ 11.289545469810875, 43.792393802408391 ], [ 11.288391182181108, 43.791813526348825 ], [ 11.287239527618993, 43.792181211834546 ], [ 11.287161480801855, 43.793089017886381 ] ] ] } },
{ "type": "Feature", "properties": { "id": 33, "snapped_id": 33.0, "centroid_lon": 11.27641, "centroid_lat": 43.77537, "radius": 202.617, "internal_id": 617532047406661631, "population": 1366, "component": 0, "o_score_pt": 355.58364002268445, "o_score_car": 689.27004722629499, "CDI": 0.3193618506359312, "log_population": 3.1357685145678222 }, "geometry": { "type": "Polygon", "coordinates": [ [ [ 11.274103999224305, 43.77610711598048 ], [ 11.276250821244471, 43.777187031939945 ], [ 11.278553899339776, 43.776451629055586 ], [ 11.278710071036096, 43.774636317737581 ], [ 11.276563257738532, 43.773556428597416 ], [ 11.27426026402008, 43.774291823957128 ], [ 11.274103999224305, 43.77610711598048 ] ] ] } },
{ "type": "Feature", "properties": { "id": 34, "snapped_id": 34.0, "centroid_lon": 11.25604, "centroid_lat": 43.75186, "radius": 202.625, "internal_id": 617532049973837823, "population": 83, "component": 0, "o_score_pt": 22.327395219297621, "o_score_car": 620.60472245472761, "CDI": 0.93054509300274879, "log_population": 1.9242792860618816 }, "geometry": { "type": "Polygon", "coordinates": [ [ [ 11.254629384910054, 43.752286180865433 ], [ 11.255977792989233, 43.752965098519276 ], [ 11.257355179537203, 43.752525235746639 ], [ 11.257448889230217, 43.751438472017703 ], [ 11.256100484862905, 43.750759581979032 ], [ 11.254723150203988, 43.751199431515403 ], [ 11.254629384910054, 43.752286180865433 ] ] ] } },
{ "type": "Feature", "properties": { "id": 35, "snapped_id": 35.0, "centroid_lon": 11.17371, "centroid_lat": 43.79752, "radius": 202.47, "internal_id": 617532053667708927, "population": 454, "component": 0, "o_score_pt": 8.5529367587911871, "o_score_car": 511.0814766621362, "CDI": 0.96708094561141822, "log_population": 2.6580113966571126 }, "geometry": { "type": "Polygon", "coordinates": [ [ [ 11.171609628672867, 43.798179851449973 ], [ 11.173569531362219, 43.799167989837443 ], [ 11.175657925112088, 43.798503532162918 ], [ 11.175801529558068, 43.796858421753029 ], [ 11.173841634052748, 43.795870311597589 ], [ 11.17175331742135, 43.796534759567727 ], [ 11.171609628672867, 43.798179851449973 ] ] ] } },
{ "type": "Feature", "properties": { "id": 36, "snapped_id": 36.0, "centroid_lon": 11.2214, "centroid_lat": 43.7382, "radius": 202.604, "internal_id": 617532049832804351, "population": 260, "component": 0, "o_score_pt": 176.06275999002503, "o_score_car": 544.47956496228949, "CDI": 0.51130487719322559, "log_population": 2.4166405073382808 }, "geometry": { "type": "Polygon", "coordinates": [ [ [ 11.219533525911791, 43.738786729749755 ], [ 11.221291706365095, 43.739672953524654 ], [ 11.223145135854343, 43.739081427005694 ], [ 11.223271789064809, 43.737619151706802 ], [ 11.22151361474072, 43.736732956862696 ], [ 11.219660253931853, 43.737324471764346 ], [ 11.219533525911791, 43.738786729749755 ] ] ] } },
{ "type": "Feature", "properties": { "id": 37, "snapped_id": 37.0, "centroid_lon": 11.29047, "centroid_lat": 43.82031, "radius": 202.573, "internal_id": 617532047194324991, "population": 0, "component": 0, "o_score_pt": 0.63625098931881563, "o_score_car": 556.37657134785889, "CDI": 0.99771548889431616, "log_population": 0.0 }, "geometry": { "type": "Polygon", "coordinates": [ [ [ 11.290384788628835, 43.820267678917887 ], [ 11.290545800010223, 43.820348584082005 ], [ 11.290545800611813, 43.820348577082441 ], [ 11.290384788807639, 43.820267676838753 ], [ 11.290384788628835, 43.820267678917887 ] ] ] } },
{ "type": "Feature", "properties": { "id": 38, "snapped_id": 38.0, "centroid_lon": 11.20523, "centroid_lat": 43.76984, "radius": 202.543, "internal_id": 617532049867669503, "population": 814, "component": 0, "o_score_pt": 373.48434935609959, "o_score_car": 659.2260237907351, "CDI": 0.27669100830655419, "log_population": 2.9111576087399764 }, "geometry": { "type": "Polygon", "coordinates": [ [ [ 11.20292347863788, 43.770572280443162 ], [ 11.205068503426141, 43.771653372193683 ], [ 11.207371273163362, 43.770919454822568 ], [ 11.207528933556119, 43.769104453113478 ], [ 11.205383917193668, 43.768023388188183 ], [ 11.203081232010671, 43.768757298147918 ], [ 11.20292347863788, 43.770572280443162 ] ] ] } },
{ "type": "Feature", "properties": { "id": 39, "snapped_id": 39.0, "centroid_lon": 11.29293, "centroid_lat": 43.81776, "radius": 202.579, "internal_id": 617532047134031871, "population": 331, "component": 0, "o_score_pt": 0.57740195004065253, "o_score_car": 595.56319886832875, "CDI": 0.99806286654776399, "log_population": 2.5211380837040362 }, "geometry": { "type": "Polygon", "coordinates": [ [ [ 11.290956692695641, 43.81837652807495 ], [ 11.29280528189234, 43.819305372964678 ], [ 11.294761981118953, 43.818681039591908 ], [ 11.294894372374964, 43.817140045164827 ], [ 11.293045790099974, 43.816211228995492 ], [ 11.291089163083983, 43.816835551346045 ], [ 11.290956692695641, 43.81837652807495 ] ] ] } },
{ "type": "Feature", "properties": { "id": 40, "snapped_id": 40.0, "centroid_lon": 11.22322, "centroid_lat": 43.82057, "radius": 202.496, "internal_id": 617532047932784639, "population": 253, "component": 0, "o_score_pt": 102.90494660260984, "o_score_car": 568.28765633911451, "CDI": 0.693366863247316, "log_population": 2.4048337166199381 }, "geometry": { "type": "Polygon", "coordinates": [ [ [ 11.221358491684752, 43.821146714713635 ], [ 11.223108827377418, 43.822027731962194 ], [ 11.224952767641724, 43.821440604371368 ], [ 11.225078727773591, 43.819988559045306 ], [ 11.223328398159742, 43.81910757072793 ], [ 11.221484526309416, 43.819694686609182 ], [ 11.221358491684752, 43.821146714713635 ] ] ] } },
{ "type": "Feature", "properties": { "id": 41, "snapped_id": 41.0, "centroid_lon": 11.26867, "centroid_lat": 43.81314, "radius": 202.558, "internal_id": 617532047439953919, "population": 94, "component": 0, "o_score_pt": 114.8753923880212, "o_score_car": 525.68490536878085, "CDI": 0.6413284033047103, "log_population": 1.9777236052888478 }, "geometry": { "type": "Polygon", "coordinates": [ [ [ 11.267212248771045, 43.813581736992568 ], [ 11.268606752695678, 43.814282917205063 ], [ 11.270037110324285, 43.813826781337568 ], [ 11.270134227877586, 43.812700029176924 ], [ 11.268739727967333, 43.811998876897242 ], [ 11.267309424106557, 43.812454999527489 ], [ 11.267212248771045, 43.813581736992568 ] ] ] } },
{ "type": "Feature", "properties": { "id": 42, "snapped_id": 42.0, "centroid_lon": 11.23087, "centroid_lat": 43.75813, "radius": 202.588, "internal_id": 617532049796366335, "population": 35, "component": 0, "o_score_pt": 163.1482666062038, "o_score_car": 622.90015736287694, "CDI": 0.58489003569932407, "log_population": 1.5563025007672873 }, "geometry": { "type": "Polygon", "coordinates": [ [ [ 11.22980338945338, 43.758434790084813 ], [ 11.230844787750641, 43.758959416522167 ], [ 11.231866054750668, 43.758633572907065 ], [ 11.231935815469035, 43.757827450786749 ], [ 11.230894418938773, 43.757302848609186 ], [ 11.229873191360431, 43.757628679770917 ], [ 11.22980338945338, 43.758434790084813 ] ] ] } },
{ "type": "Feature", "properties": { "id": 43, "snapped_id": 43.0, "centroid_lon": 11.26049, "centroid_lat": 43.75221, "radius": 202.63, "internal_id": 617532049972264959, "population": 61, "component": 0, "o_score_pt": 12.278196128035065, "o_score_car": 599.65343613945754, "CDI": 0.95987069312779705, "log_population": 1.7923916894982539 }, "geometry": { "type": "Polygon", "coordinates": [ [ [ 11.259200678436269, 43.752588288425542 ], [ 11.260439122955038, 43.753211765629942 ], [ 11.261688903627663, 43.752812605689456 ], [ 11.261773890197507, 43.751826408576413 ], [ 11.260535448721864, 43.75120295801635 ], [ 11.259285715447986, 43.751602104798629 ], [ 11.259200678436269, 43.752588288425542 ] ] ] } },
{ "type": "Feature", "properties": { "id": 44, "snapped_id": 44.0, "centroid_lon": 11.1915, "centroid_lat": 43.79891, "radius": 202.489, "internal_id": 617532053666136063, "population": 607, "component": 0, "o_score_pt": 13.074806319032694, "o_score_car": 609.21301362283884, "CDI": 0.9579782669689596, "log_population": 2.7839035792727351 }, "geometry": { "type": "Polygon", "coordinates": [ [ [ 11.189286709182817, 43.799614042072363 ], [ 11.191351954667805, 43.800654789333024 ], [ 11.19356232909394, 43.799951189940487 ], [ 11.193713948843229, 43.798210093126229 ], [ 11.191648711246337, 43.797169373385749 ], [ 11.189438418189631, 43.797872964297177 ], [ 11.189286709182817, 43.799614042072363 ] ] ] } },
{ "type": "Feature", "properties": { "id": 45, "snapped_id": 45.0, "centroid_lon": 11.24338, "centroid_lat": 43.79474, "radius": 202.553, "internal_id": 617532047368650751, "population": 1384, "component": 0, "o_score_pt": 494.73417321977951, "o_score_car": 660.53747376210106, "CDI": 0.1435188866406257, "log_population": 3.1414497734004674 }, "geometry": { "type": "Polygon", "coordinates": [ [ [ 11.241074855574938, 43.795470203452396 ], [ 11.243221409994227, 43.79655055463472 ], [ 11.245524952866521, 43.795816113443962 ], [ 11.245681856813775, 43.794001328548255 ], [ 11.243535310983873, 43.792921004180918 ], [ 11.241231852615392, 43.793655437895453 ], [ 11.241074855574938, 43.795470203452396 ] ] ] } },
{ "type": "Feature", "properties": { "id": 46, "snapped_id": 46.0, "centroid_lon": 11.20806, "centroid_lat": 43.73716, "radius": 202.59, "internal_id": 617532049831231487, "population": 0, "component": 0, "o_score_pt": 19.998226927728144, "o_score_car": 437.05943438058392, "CDI": 0.91249144858229103, "log_population": 0.0 }, "geometry": { "type": "Polygon", "coordinates": [ [ [ 11.207984309044877, 43.737123159021586 ], [ 11.208143402371963, 43.737203381487859 ], [ 11.208143402978427, 43.737203374498527 ], [ 11.207984309228143, 43.737123156910734 ], [ 11.207984309044877, 43.737123159021586 ] ] ] } },
{ "type": "Feature", "properties": { "id": 47, "snapped_id": 47.0, "centroid_lon": 11.27477, "centroid_lat": 43.74235, "radius": 202.659, "internal_id": 617532049913544703, "population": 33, "component": 0, "o_score_pt": 0.75837610778209386, "o_score_car": 552.33411695446648, "CDI": 0.99725768793720837, "log_population": 1.5314789170422551 }, "geometry": { "type": "Polygon", "coordinates": [ [ [ 11.273726982141817, 43.742642942804011 ], [ 11.274747667513131, 43.743156688937106 ], [ 11.275744871468536, 43.742837975655299 ], [ 11.275812573308734, 43.742050636776213 ], [ 11.274791889664815, 43.741536914593937 ], [ 11.273794724209251, 43.741855615497442 ], [ 11.273726982141817, 43.742642942804011 ] ] ] } },
{ "type": "Feature", "properties": { "id": 48, "snapped_id": 48.0, "centroid_lon": 11.27512, "centroid_lat": 43.81638, "radius": 202.561, "internal_id": 617532047450963967, "population": 46, "component": 0, "o_score_pt": 149.94214806483714, "o_score_car": 563.44912194616165, "CDI": 0.57963559587006042, "log_population": 1.6720978579357175 }, "geometry": { "type": "Polygon", "coordinates": [ [ [ 11.273940902316189, 43.81672157259365 ], [ 11.275080465737098, 43.817294439788967 ], [ 11.276214985472917, 43.816932611249264 ], [ 11.276291957251006, 43.816038857565253 ], [ 11.275152396271213, 43.815466015904697 ], [ 11.274017919897645, 43.815827831519726 ], [ 11.273940902316189, 43.81672157259365 ] ] ] } },
{ "type": "Feature", "properties": { "id": 49, "snapped_id": 49.0, "centroid_lon": 11.24855, "centroid_lat": 43.73483, "radius": 202.64, "internal_id": 617532050007130111, "population": 0, "component": 0, "o_score_pt": 0.78115372939419081, "o_score_car": 564.88156297485887, "CDI": 0.99723809363309124, "log_population": 0.0 }, "geometry": { "type": "Polygon", "coordinates": [ [ [ 11.248474541834776, 43.734790407678851 ], [ 11.248633619685444, 43.734870541880142 ], [ 11.248633620288397, 43.734870534892238 ], [ 11.24847454201756, 43.734790405561789 ], [ 11.248474541834776, 43.734790407678851 ] ] ] } },
{ "type": "Feature", "properties": { "id": 50, "snapped_id": 242.0, "centroid_lon": 11.27863, "centroid_lat": 43.82761, "radius": 202.549, "internal_id": 617532047192752127, "population": 0, "component": 0, "o_score_pt": 0.26074774340885659, "o_score_car": 502.15415555431338, "CDI": 0.99896202225810837, "log_population": 0.0 }, "geometry": { "type": "Polygon", "coordinates": [ [ [ 11.278550442012161, 43.827571496980454 ], [ 11.278711605901998, 43.827652493581162 ], [ 11.278711606504789, 43.82765248658022 ], [ 11.278550442190838, 43.827571494906529 ], [ 11.278550442012161, 43.827571496980454 ] ] ] } },
{ "type": "Feature", "properties": { "id": 51, "snapped_id": null, "centroid_lon": 11.15536, "centroid_lat": 43.7769, "radius": 202.477, "internal_id": 617532053701001215, "population": 9, "component": 0, "o_score_pt": 0.0, "o_score_car": 455.4044966585077, "CDI": 1.0, "log_population": 1.0 }, "geometry": { "type": "Polygon", "coordinates": [ [ [ 11.154809567979891, 43.777019667945268 ], [ 11.155387364723433, 43.77731122215674 ], [ 11.15586999273674, 43.777157652789008 ], [ 11.155903415235127, 43.776775552538481 ], [ 11.155325617332434, 43.776484013661808 ], [ 11.154843009892451, 43.776637574886074 ], [ 11.154809567979891, 43.777019667945268 ] ] ] } },
{ "type": "Feature", "properties": { "id": 52, "snapped_id": 52.0, "centroid_lon": 11.22302, "centroid_lat": 43.77123, "radius": 202.562, "internal_id": 617532049866096639, "population": 1864, "component": 0, "o_score_pt": 417.83621250352434, "o_score_car": 705.7775322864303, "CDI": 0.2562636147146215, "log_population": 3.2706788361447066 }, "geometry": { "type": "Polygon", "coordinates": [ [ [ 11.220715448295307, 43.771959980605054 ], [ 11.222860922875389, 43.773040778682528 ], [ 11.225163770365324, 43.772306490029067 ], [ 11.22532105876321, 43.770491410738998 ], [ 11.223175592683079, 43.769410639485287 ], [ 11.220872829703133, 43.770144920699067 ], [ 11.220715448295307, 43.771959980605054 ] ] ] } },
{ "type": "Feature", "properties": { "id": 53, "snapped_id": 53.0, "centroid_lon": 11.29947, "centroid_lat": 43.74151, "radius": 202.688, "internal_id": 617532049935826943, "population": 155, "component": 0, "o_score_pt": 99.387037277729107, "o_score_car": 516.40880190649136, "CDI": 0.67720783105844717, "log_population": 2.1931245983544616 }, "geometry": { "type": "Polygon", "coordinates": [ [ [ 11.297808884696813, 43.742026267697561 ], [ 11.299381965653213, 43.742817556424868 ], [ 11.301019448135133, 43.742293825068906 ], [ 11.301130165420561, 43.741001811457473 ], [ 11.299557089690863, 43.740210551508518 ], [ 11.297919668134492, 43.7407342700632 ], [ 11.297808884696813, 43.742026267697561 ] ] ] } },
{ "type": "Feature", "properties": { "id": 54, "snapped_id": 54.0, "centroid_lon": 11.23474, "centroid_lat": 43.73924, "radius": 202.618, "internal_id": 617532049794793471, "population": 522, "component": 0, "o_score_pt": 139.86132745584473, "o_score_car": 577.41537799699461, "CDI": 0.61002127521331984, "log_population": 2.7185016888672742 }, "geometry": { "type": "Polygon", "coordinates": [ [ [ 11.232591623662833, 43.739923447767715 ], [ 11.234601774399014, 43.740936310847644 ], [ 11.236747366286723, 43.740251299886332 ], [ 11.236893692882195, 43.738558830765029 ], [ 11.234883549862445, 43.737545995616294 ], [ 11.232738036892522, 43.73823099736866 ], [ 11.232591623662833, 43.739923447767715 ] ] ] } },
{ "type": "Feature", "properties": { "id": 55, "snapped_id": 55.0, "centroid_lon": 11.24946, "centroid_lat": 43.82809, "radius": 202.516, "internal_id": 617532047943794687, "population": 12, "component": 0, "o_score_pt": 2.7406813913566319, "o_score_car": 473.37801267570399, "CDI": 0.98848740271907642, "log_population": 1.1139433523068367 }, "geometry": { "type": "Polygon", "coordinates": [ [ [ 11.248801678588952, 43.828247923940069 ], [ 11.249475543804468, 43.828586840531472 ], [ 11.250069619880142, 43.828397576975938 ], [ 11.250110100353448, 43.827929317470229 ], [ 11.249436234639795, 43.827590418414488 ], [ 11.248842182970368, 43.827779672589763 ], [ 11.248801678588952, 43.828247923940069 ] ] ] } },
{ "type": "Feature", "properties": { "id": 56, "snapped_id": 56.0, "centroid_lon": 11.2873, "centroid_lat": 43.77896, "radius": 202.625, "internal_id": 617532047416098815, "population": 502, "component": 0, "o_score_pt": 84.109094847907201, "o_score_car": 650.7765955607847, "CDI": 0.7710961148226152, "log_population": 2.7015679850559273 }, "geometry": { "type": "Polygon", "coordinates": [ [ [ 11.285161715728185, 43.779632834401859 ], [ 11.287159848974859, 43.780637614962814 ], [ 11.289290221444819, 43.779957215390475 ], [ 11.289434473797396, 43.778278057695395 ], [ 11.287436348389033, 43.777273305144298 ], [ 11.285306054205924, 43.77795369525451 ], [ 11.285161715728185, 43.779632834401859 ] ] ] } },
{ "type": "Feature", "properties": { "id": 57, "snapped_id": 57.0, "centroid_lon": 11.31693, "centroid_lat": 43.77302, "radius": 202.666, "internal_id": 617532047591997439, "population": 15, "component": 0, "o_score_pt": 131.22132503171582, "o_score_car": 540.16644104409079, "CDI": 0.60910421171749618, "log_population": 1.2041199826559248 }, "geometry": { "type": "Polygon", "coordinates": [ [ [ 11.316189502387969, 43.773208477095153 ], [ 11.316937767596867, 43.773584504688948 ], [ 11.317618832802124, 43.773366759801746 ], [ 11.317664798111759, 43.772829434033227 ], [ 11.316916532981468, 43.772453425563278 ], [ 11.316235495135567, 43.772671160211772 ], [ 11.316189502387969, 43.773208477095153 ] ] ] } },
{ "type": "Feature", "properties": { "id": 58, "snapped_id": 58.0, "centroid_lon": 11.26118, "centroid_lat": 43.79612, "radius": 202.572, "internal_id": 617532047367077887, "population": 103, "component": 0, "o_score_pt": 198.60808814229321, "o_score_car": 697.93402991664095, "CDI": 0.55694644090499335, "log_population": 2.0170333392987803 }, "geometry": { "type": "Polygon", "coordinates": [ [ [ 11.259682284949905, 43.796571763444319 ], [ 11.261109118856345, 43.797289542221073 ], [ 11.262577169140286, 43.796821256891384 ], [ 11.262676953555484, 43.79566433252706 ], [ 11.26125012384859, 43.794946581890343 ], [ 11.259782128659843, 43.795414854037141 ], [ 11.259682284949905, 43.796571763444319 ] ] ] } },
{ "type": "Feature", "properties": { "id": 59, "snapped_id": 59.0, "centroid_lon": 11.21251, "centroid_lat": 43.73751, "radius": 202.595, "internal_id": 617532049829658623, "population": 9, "component": 0, "o_score_pt": 19.644254460544708, "o_score_car": 558.50192075548398, "CDI": 0.93204398713455283, "log_population": 1.0 }, "geometry": { "type": "Polygon", "coordinates": [ [ [ 11.211963595529468, 43.737632605588594 ], [ 11.212540712244259, 43.737923579156167 ], [ 11.213023243353659, 43.737769612320633 ], [ 11.213056389666047, 43.737387380820891 ], [ 11.212479271866767, 43.737096422568399 ], [ 11.211996761253785, 43.737250381241758 ], [ 11.211963595529468, 43.737632605588594 ] ] ] } },
{ "type": "Feature", "properties": { "id": 60, "snapped_id": 60.0, "centroid_lon": 11.17314, "centroid_lat": 43.77829, "radius": 202.495, "internal_id": 617532053699428351, "population": 155, "component": 0, "o_score_pt": 3.927544351883244, "o_score_car": 517.11647032309133, "CDI": 0.98492432792138196, "log_population": 2.1931245983544616 }, "geometry": { "type": "Polygon", "coordinates": [ [ [ 11.171483675516466, 43.778802561659866 ], [ 11.173055709747473, 43.779595414422303 ], [ 11.174693542259472, 43.779074025882679 ], [ 11.174806213490024, 43.777782842329025 ], [ 11.173234184105333, 43.776990018356628 ], [ 11.17159641282815, 43.777511394250794 ], [ 11.171483675516466, 43.778802561659866 ] ] ] } },
{ "type": "Feature", "properties": { "id": 61, "snapped_id": 61.0, "centroid_lon": 11.23438, "centroid_lat": 43.76937, "radius": 202.577, "internal_id": 617532047401943039, "population": 639, "component": 0, "o_score_pt": 399.64955056757952, "o_score_car": 721.05637509514224, "CDI": 0.28678961819310539, "log_population": 2.8061799739838871 }, "geometry": { "type": "Polygon", "coordinates": [ [ [ 11.232141282559219, 43.77007919699205 ], [ 11.234225303770186, 43.771128763656968 ], [ 11.236456550271649, 43.770417034467542 ], [ 11.236608718913713, 43.76865822857571 ], [ 11.234524705871015, 43.767608689286476 ], [ 11.232293541329428, 43.768320410175193 ], [ 11.232141282559219, 43.77007919699205 ] ] ] } },
{ "type": "Feature", "properties": { "id": 62, "snapped_id": 62.0, "centroid_lon": 11.21119, "centroid_lat": 43.77853, "radius": 202.539, "internal_id": 617532049864523775, "population": 1925, "component": 0, "o_score_pt": 353.52094353457602, "o_score_car": 640.6270472118523, "CDI": 0.2887961413689632, "log_population": 3.2846562827885157 }, "geometry": { "type": "Polygon", "coordinates": [ [ [ 11.208885873751189, 43.77926012783513 ], [ 11.211031261299606, 43.780341079816282 ], [ 11.213334284703226, 43.779607140189015 ], [ 11.213491836000355, 43.777792256004155 ], [ 11.211346456904247, 43.77671133084506 ], [ 11.209043518056721, 43.777445263049913 ], [ 11.208885873751189, 43.77926012783513 ] ] ] } },
{ "type": "Feature", "properties": { "id": 63, "snapped_id": 63.0, "centroid_lon": 11.19491, "centroid_lat": 43.78548, "radius": 202.511, "internal_id": 617532053713584127, "population": 3, "component": 0, "o_score_pt": 7.748798991467698, "o_score_car": 537.68598519269278, "CDI": 0.97158670764623856, "log_population": 0.6020599913279624 }, "geometry": { "type": "Polygon", "coordinates": [ [ [ 11.19473428218212, 43.785469820000372 ], [ 11.194980552592716, 43.785593943354819 ], [ 11.195078241162564, 43.785562831601865 ], [ 11.195085086314894, 43.785484166967748 ], [ 11.194838812768602, 43.785360049689743 ], [ 11.194741131182816, 43.785391158646057 ], [ 11.19473428218212, 43.785469820000372 ] ] ] } },
{ "type": "Feature", "properties": { "id": 64, "snapped_id": 64.0, "centroid_lon": 11.32197, "centroid_lat": 43.7926, "radius": 202.646, "internal_id": 617532047557132287, "population": 0, "component": 0, "o_score_pt": 0.086390056635940293, "o_score_car": 444.5762544145536, "CDI": 0.99961143551089759, "log_population": 0.0 }, "geometry": { "type": "Polygon", "coordinates": [ [ [ 11.321893041335398, 43.792554930032303 ], [ 11.32205346336718, 43.792635510979125 ], [ 11.322053463965362, 43.792635503984521 ], [ 11.32189304151486, 43.792554927935143 ], [ 11.321893041335398, 43.792554930032303 ] ] ] } },
{ "type": "Feature", "properties": { "id": 65, "snapped_id": 65.0, "centroid_lon": 11.2372, "centroid_lat": 43.73669, "radius": 202.624, "internal_id": 617532050019713023, "population": 99, "component": 0, "o_score_pt": 8.7996636374742252, "o_score_car": 579.10474228139151, "CDI": 0.97006430450637382, "log_population": 2.0 }, "geometry": { "type": "Polygon", "coordinates": [ [ [ 11.235721471478703, 43.737138848980678 ], [ 11.237132467615821, 43.737849803270208 ], [ 11.23858275811499, 43.737386707103916 ], [ 11.238681684101618, 43.736242041376848 ], [ 11.237270692017166, 43.735531115143587 ], [ 11.23582045599427, 43.735994198147679 ], [ 11.235721471478703, 43.737138848980678 ] ] ] } },
{ "type": "Feature", "properties": { "id": 66, "snapped_id": 439.0, "centroid_lon": 11.22292, "centroid_lat": 43.74655, "radius": 202.595, "internal_id": 617532049793220607, "population": 0, "component": 0, "o_score_pt": 137.47733658384371, "o_score_car": 547.40662225921471, "CDI": 0.59853830766871063, "log_population": 0.0 }, "geometry": { "type": "Polygon", "coordinates": [ [ [ 11.222838529726488, 43.746506037535603 ], [ 11.22299784430192, 43.746586328310286 ], [ 11.222997844907361, 43.746586321319946 ], [ 11.222838529909168, 43.74650603542765 ], [ 11.222838529726488, 43.746506037535603 ] ] ] } },
{ "type": "Feature", "properties": { "id": 67, "snapped_id": 67.0, "centroid_lon": 11.26563, "centroid_lat": 43.79646, "radius": 202.576, "internal_id": 617532047365505023, "population": 12, "component": 0, "o_score_pt": 226.92351617889727, "o_score_car": 622.65344625323257, "CDI": 0.46579644643547991, "log_population": 1.1139433523068367 }, "geometry": { "type": "Polygon", "coordinates": [ [ [ 11.264976531725161, 43.796622831763692 ], [ 11.265649837502073, 43.796961504893147 ], [ 11.266243625810253, 43.796772071542556 ], [ 11.266284007748409, 43.796303589596846 ], [ 11.26561070150527, 43.795964933993965 ], [ 11.265016937563198, 43.796154357961107 ], [ 11.264976531725161, 43.796622831763692 ] ] ] } },
{ "type": "Feature", "properties": { "id": 68, "snapped_id": 68.0, "centroid_lon": 11.16131, "centroid_lat": 43.78559, "radius": 202.472, "internal_id": 617532053697855487, "population": 34, "component": 0, "o_score_pt": 4.0433315819576379, "o_score_car": 488.61287878512178, "CDI": 0.98358558566045495, "log_population": 1.5440680443502757 }, "geometry": { "type": "Polygon", "coordinates": [ [ [ 11.160257798951307, 43.785885266464732 ], [ 11.16128905455251, 43.786405476762106 ], [ 11.162298581669596, 43.786084278742386 ], [ 11.162368212110543, 43.78528773975669 ], [ 11.161336958073582, 43.784767553586732 ], [ 11.160327470087857, 43.785088739262903 ], [ 11.160257798951307, 43.785885266464732 ] ] ] } },
{ "type": "Feature", "properties": { "id": 69, "snapped_id": 69.0, "centroid_lon": 11.25369, "centroid_lat": 43.77909, "radius": 202.586, "internal_id": 617532047400370175, "population": 1139, "component": 0, "o_score_pt": 575.98798939642984, "o_score_car": 727.68663548707923, "CDI": 0.1163623523808362, "log_population": 3.0569048513364727 }, "geometry": { "type": "Polygon", "coordinates": [ [ [ 11.251386237350063, 43.779827444995078 ], [ 11.253532627814195, 43.78090770881645 ], [ 11.25583575999314, 43.780172848143962 ], [ 11.255992417261323, 43.778357731140808 ], [ 11.2538460354262, 43.777277494138879 ], [ 11.251542987691918, 43.778012347321805 ], [ 11.251386237350063, 43.779827444995078 ] ] ] } },
{ "type": "Feature", "properties": { "id": 70, "snapped_id": 70.0, "centroid_lon": 11.23212, "centroid_lat": 43.82126, "radius": 202.505, "internal_id": 617532047928066047, "population": 110, "component": 0, "o_score_pt": 90.486291713722295, "o_score_car": 544.39023990459361, "CDI": 0.71494838064632671, "log_population": 2.0453229787866576 }, "geometry": { "type": "Polygon", "coordinates": [ [ [ 11.230596451584042, 43.821723283742458 ], [ 11.232047071552193, 43.822453267914931 ], [ 11.233542908911593, 43.821976865164061 ], [ 11.233644982512764, 43.820798759552986 ], [ 11.232194366808324, 43.820068803658046 ], [ 11.23069858559685, 43.820545193297754 ], [ 11.230596451584042, 43.821723283742458 ] ] ] } },
{ "type": "Feature", "properties": { "id": 71, "snapped_id": 71.0, "centroid_lon": 11.24913, "centroid_lat": 43.75407, "radius": 202.614, "internal_id": 617532049984847871, "population": 51, "component": 0, "o_score_pt": 165.62233105914007, "o_score_car": 671.92360609754246, "CDI": 0.60450567852696413, "log_population": 1.7160033436347992 }, "geometry": { "type": "Polygon", "coordinates": [ [ [ 11.247916750794154, 43.754423704781956 ], [ 11.249091404928739, 43.755015222642349 ], [ 11.250267245329498, 43.754639820520453 ], [ 11.250347338430501, 43.753711896528124 ], [ 11.249172686919794, 43.753120404632348 ], [ 11.247996891341083, 43.75349579375245 ], [ 11.247916750794154, 43.754423704781956 ] ] ] } },
{ "type": "Feature", "properties": { "id": 72, "snapped_id": 72.0, "centroid_lon": 11.22662, "centroid_lat": 43.80713, "radius": 202.518, "internal_id": 617532047435235327, "population": 405, "component": 0, "o_score_pt": 177.59448647853935, "o_score_car": 638.67233236646473, "CDI": 0.56486167910186313, "log_population": 2.6085260335771943 }, "geometry": { "type": "Polygon", "coordinates": [ [ [ 11.224574143219755, 43.807779042800384 ], [ 11.226494103873701, 43.808745569777862 ], [ 11.228534969610042, 43.808095423807956 ], [ 11.228674308434128, 43.806487933871622 ], [ 11.226754354912401, 43.805521435334192 ], [ 11.224713564498067, 43.806171571080348 ], [ 11.224574143219755, 43.807779042800384 ] ] ] } },
{ "type": "Feature", "properties": { "id": 73, "snapped_id": 73.0, "centroid_lon": 11.25228, "centroid_lat": 43.79543, "radius": 202.563, "internal_id": 617532047363932159, "population": 371, "component": 0, "o_score_pt": 411.91945061916965, "o_score_car": 629.73615861173221, "CDI": 0.20910625936472971, "log_population": 2.5705429398818973 }, "geometry": { "type": "Polygon", "coordinates": [ [ [ 11.250264372979569, 43.796061059546282 ], [ 11.252152867823147, 43.797011304235987 ], [ 11.25415673474188, 43.796372256170798 ], [ 11.254293074175472, 43.794793417115649 ], [ 11.252404586361845, 43.793843201005366 ], [ 11.250400793389616, 43.794482238495718 ], [ 11.250264372979569, 43.796061059546282 ] ] ] } },
{ "type": "Feature", "properties": { "id": 74, "snapped_id": 74.0, "centroid_lon": 11.28273, "centroid_lat": 43.75393, "radius": 202.653, "internal_id": 617532050002411519, "population": 85, "component": 0, "o_score_pt": 11.287533335235723, "o_score_car": 570.00896905193645, "CDI": 0.96116428263758003, "log_population": 1.9344984512435677 }, "geometry": { "type": "Polygon", "coordinates": [ [ [ 11.281310604562027, 43.75435747723705 ], [ 11.282667898880019, 43.755040375896584 ], [ 11.284055320270157, 43.754596995001542 ], [ 11.284149360139976, 43.753502429536816 ], [ 11.282792069654827, 43.752819558553206 ], [ 11.281404700456985, 43.753262926183368 ], [ 11.281310604562027, 43.75435747723705 ] ] ] } },
{ "type": "Feature", "properties": { "id": 75, "snapped_id": 75.0, "centroid_lon": 11.28754, "centroid_lat": 43.8283, "radius": 202.559, "internal_id": 617532047188033535, "population": 107, "component": 0, "o_score_pt": 147.83942861918774, "o_score_car": 557.05879370724949, "CDI": 0.58053680960845566, "log_population": 2.0334237554869499 }, "geometry": { "type": "Polygon", "coordinates": [ [ [ 11.286023297315644, 43.828760364021534 ], [ 11.287464872306693, 43.829484675897532 ], [ 11.288949538115629, 43.829011172139325 ], [ 11.289050071897664, 43.82784212756976 ], [ 11.287608501260626, 43.827117843909626 ], [ 11.286123891101361, 43.827591334469268 ], [ 11.286023297315644, 43.828760364021534 ] ] ] } },
{ "type": "Feature", "properties": { "id": 76, "snapped_id": 76.0, "centroid_lon": 11.21951, "centroid_lat": 43.75999, "radius": 202.573, "internal_id": 617532049861378047, "population": 0, "component": 0, "o_score_pt": 2.2861033749243376, "o_score_car": 491.43777892427272, "CDI": 0.99073934457341517, "log_population": 0.0 }, "geometry": { "type": "Polygon", "coordinates": [ [ [ 11.219434705447657, 43.759948045241408 ], [ 11.219594315043071, 43.760028473741116 ], [ 11.219594315649154, 43.760028466748679 ], [ 11.219434705629853, 43.759948043140682 ], [ 11.219434705447657, 43.759948045241408 ] ] ] } },
{ "type": "Feature", "properties": { "id": 77, "snapped_id": 77.0, "centroid_lon": 11.24595, "centroid_lat": 43.81686, "radius": 202.527, "internal_id": 617532047433662463, "population": 4, "component": 0, "o_score_pt": 82.007320004751108, "o_score_car": 580.28322944016509, "CDI": 0.75235243784322847, "log_population": 0.69897000433601886 }, "geometry": { "type": "Polygon", "coordinates": [ [ [ 11.245679379156465, 43.816881089306357 ], [ 11.246006812460246, 43.81704581643568 ], [ 11.246198905920858, 43.81698460442265 ], [ 11.246212057871743, 43.816832505024195 ], [ 11.245884621931348, 43.816667786438607 ], [ 11.245692538741496, 43.816728994158325 ], [ 11.245679379156465, 43.816881089306357 ] ] ] } },
{ "type": "Feature", "properties": { "id": 78, "snapped_id": 78.0, "centroid_lon": 11.1579, "centroid_lat": 43.79902, "radius": 202.45, "internal_id": 617532053766012927, "population": 0, "component": 0, "o_score_pt": 0.28746372786615559, "o_score_car": 487.03031160978412, "CDI": 0.99882022063460763, "log_population": 0.0 }, "geometry": { "type": "Polygon", "coordinates": [ [ [ 11.157818587060152, 43.798979065788835 ], [ 11.157979008456687, 43.799059979089229 ], [ 11.157979009069058, 43.799059972089267 ], [ 11.157818587241636, 43.798979063715571 ], [ 11.157818587060152, 43.798979065788835 ] ] ] } },
{ "type": "Feature", "properties": { "id": 79, "snapped_id": 79.0, "centroid_lon": 11.21914, "centroid_lat": 43.79011, "radius": 202.532, "internal_id": 617532047468527615, "population": 1401, "component": 0, "o_score_pt": 404.8781763684463, "o_score_car": 690.18057859635803, "CDI": 0.26053615930140789, "log_population": 3.1467480136306398 }, "geometry": { "type": "Polygon", "coordinates": [ [ [ 11.21683793611553, 43.790842723180347 ], [ 11.218983807445772, 43.791923488622217 ], [ 11.221287169080043, 43.791189519268507 ], [ 11.221444574823462, 43.789374791911207 ], [ 11.219298711980922, 43.788294053287203 ], [ 11.216995434905275, 43.789028015203769 ], [ 11.21683793611553, 43.790842723180347 ] ] ] } },
{ "type": "Feature", "properties": { "id": 80, "snapped_id": 80.0, "centroid_lon": 11.24515, "centroid_lat": 43.74828, "radius": 202.618, "internal_id": 617532049790074879, "population": 188, "component": 0, "o_score_pt": 150.47604031810704, "o_score_car": 649.82497503913874, "CDI": 0.62395139471131089, "log_population": 2.2764618041732443 }, "geometry": { "type": "Polygon", "coordinates": [ [ [ 11.243416064988928, 43.748814130497379 ], [ 11.245057994033878, 43.749641113247449 ], [ 11.246776080430447, 43.749092566116005 ], [ 11.246893113804834, 43.747737240411219 ], [ 11.245251190250769, 43.746910286586399 ], [ 11.243533167732691, 43.747458821316705 ], [ 11.243416064988928, 43.748814130497379 ] ] ] } },
{ "type": "Feature", "properties": { "id": 81, "snapped_id": 81.0, "centroid_lon": 11.32091, "centroid_lat": 43.77881, "radius": 202.663, "internal_id": 617532047503392767, "population": 92, "component": 0, "o_score_pt": 6.3290308389351146, "o_score_car": 523.67408267301914, "CDI": 0.97611700506060395, "log_population": 1.968482948553935 }, "geometry": { "type": "Polygon", "coordinates": [ [ [ 11.319460430768656, 43.779247331057391 ], [ 11.320847102266491, 43.779944034863355 ], [ 11.322268043871508, 43.779489769732663 ], [ 11.322363831919095, 43.778369546932545 ], [ 11.320977164528548, 43.77767287100027 ], [ 11.319556276235867, 43.778127122832935 ], [ 11.319460430768656, 43.779247331057391 ] ] ] } },
{ "type": "Feature", "properties": { "id": 82, "snapped_id": 82.0, "centroid_lon": 11.25767, "centroid_lat": 43.78488, "radius": 202.583, "internal_id": 617532047362359295, "population": 1190, "component": 0, "o_score_pt": 549.70975627915243, "o_score_car": 740.59586223616054, "CDI": 0.14793867686684239, "log_population": 3.0759117614827773 }, "geometry": { "type": "Polygon", "coordinates": [ [ [ 11.255365747883658, 43.785618003574726 ], [ 11.257512380177477, 43.786698173941637 ], [ 11.259815681247604, 43.785963298279071 ], [ 11.259972265576049, 43.784148259747639 ], [ 11.257825641928985, 43.783068116198059 ], [ 11.255522425304742, 43.783802984363746 ], [ 11.255365747883658, 43.785618003574726 ] ] ] } },
{ "type": "Feature", "properties": { "id": 83, "snapped_id": 83.0, "centroid_lon": 11.22235, "centroid_lat": 43.72731, "radius": 202.62, "internal_id": 617532049824940031, "population": 111, "component": 0, "o_score_pt": 118.8535057251126, "o_score_car": 501.5971931693748, "CDI": 0.61688009720390502, "log_population": 2.0492180226701815 }, "geometry": { "type": "Polygon", "coordinates": [ [ [ 11.220820545780615, 43.727772851984369 ], [ 11.222272176519418, 43.728504674386578 ], [ 11.223769845862382, 43.72802652439016 ], [ 11.223872211097314, 43.726844234719636 ], [ 11.222420584622459, 43.726112440614706 ], [ 11.220922971443523, 43.726590577538559 ], [ 11.220820545780615, 43.727772851984369 ] ] ] } },
{ "type": "Feature", "properties": { "id": 84, "snapped_id": 84.0, "centroid_lon": 11.24479, "centroid_lat": 43.7784, "radius": 202.577, "internal_id": 617532047397224447, "population": 317, "component": 0, "o_score_pt": 593.94813165497715, "o_score_car": 685.06166055052211, "CDI": 0.071237553809834805, "log_population": 2.5024271199844326 }, "geometry": { "type": "Polygon", "coordinates": [ [ [ 11.242840359979649, 43.779013168905465 ], [ 11.244671472712646, 43.779934980600054 ], [ 11.246608959644723, 43.779316930017345 ], [ 11.24674092282468, 43.777789778854036 ], [ 11.244909816742645, 43.776867995937167 ], [ 11.242972401426318, 43.777486035437789 ], [ 11.242840359979649, 43.779013168905465 ] ] ] } },
{ "type": "Feature", "properties": { "id": 85, "snapped_id": 85.0, "centroid_lon": 11.20617, "centroid_lat": 43.75895, "radius": 202.559, "internal_id": 617532049859805183, "population": 117, "component": 0, "o_score_pt": 263.91683315878652, "o_score_car": 594.76543399538673, "CDI": 0.38529804735934708, "log_population": 2.0718820073061255 }, "geometry": { "type": "Polygon", "coordinates": [ [ [ 11.204624669866581, 43.759418977238433 ], [ 11.206095687849674, 43.760160491621583 ], [ 11.207615871982142, 43.75967582286664 ], [ 11.207719995647082, 43.758476702866922 ], [ 11.206248981995683, 43.757735216880228 ], [ 11.20472885487435, 43.758219872617936 ], [ 11.204624669866581, 43.759418977238433 ] ] ] } },
{ "type": "Feature", "properties": { "id": 86, "snapped_id": 86.0, "centroid_lon": 11.23259, "centroid_lat": 43.81582, "radius": 202.513, "internal_id": 617532047432089599, "population": 214, "component": 0, "o_score_pt": 87.976690643662607, "o_score_car": 561.53047334064479, "CDI": 0.72909708923306593, "log_population": 2.3324384599156054 }, "geometry": { "type": "Polygon", "coordinates": [ [ [ 11.230800013293951, 43.816373869949196 ], [ 11.232490012023197, 43.817224379685371 ], [ 11.234263766592578, 43.816659369118213 ], [ 11.234384781823954, 43.815262389594849 ], [ 11.232694788833383, 43.814411908814485 ], [ 11.230921100183272, 43.814976907253396 ], [ 11.230800013293951, 43.816373869949196 ] ] ] } },
{ "type": "Feature", "properties": { "id": 87, "snapped_id": 87.0, "centroid_lon": 11.27032, "centroid_lat": 43.742, "radius": 202.655, "internal_id": 617532049915117567, "population": 0, "component": 0, "o_score_pt": 1.4677389865933284, "o_score_car": 550.31467214666532, "CDI": 0.99468000807209922, "log_population": 0.0 }, "geometry": { "type": "Polygon", "coordinates": [ [ [ 11.270242176762583, 43.741962315244045 ], [ 11.270401432590587, 43.742042484574185 ], [ 11.270401433191871, 43.742042477585791 ], [ 11.270242176944768, 43.7419623131279 ], [ 11.270242176762583, 43.741962315244045 ] ] ] } },
{ "type": "Feature", "properties": { "id": 88, "snapped_id": 88.0, "centroid_lon": 11.25731, "centroid_lat": 43.815, "radius": 202.542, "internal_id": 617532047452536831, "population": 20, "component": 0, "o_score_pt": 9.7952487718215107, "o_score_car": 569.51755180940529, "CDI": 0.96618321306902277, "log_population": 1.3222192947339193 }, "geometry": { "type": "Polygon", "coordinates": [ [ [ 11.256460824192258, 43.815226724521935 ], [ 11.257308252844966, 43.815652940079616 ], [ 11.258103886938237, 43.815399310266713 ], [ 11.258158024573321, 43.814772216131146 ], [ 11.25731059651433, 43.814346021640851 ], [ 11.256514993899092, 43.814599640311144 ], [ 11.256460824192258, 43.815226724521935 ] ] ] } },
{ "type": "Feature", "properties": { "id": 89, "snapped_id": 89.0, "centroid_lon": 11.23694, "centroid_lat": 43.79149, "radius": 202.55, "internal_id": 617532047466954751, "population": 1801, "component": 0, "o_score_pt": 484.72981158924472, "o_score_car": 697.7563277312712, "CDI": 0.1801513853383824, "log_population": 3.2557547866430441 }, "geometry": { "type": "Polygon", "coordinates": [ [ [ 11.234635658997346, 43.792228909383475 ], [ 11.236781980074724, 43.793309380821455 ], [ 11.239085419151671, 43.792575039987085 ], [ 11.239242452635006, 43.790760235181352 ], [ 11.237096140119602, 43.789679790559788 ], [ 11.234792785556923, 43.79041412392867 ], [ 11.234635658997346, 43.792228909383475 ] ] ] } },
{ "type": "Feature", "properties": { "id": 90, "snapped_id": 90.0, "centroid_lon": 11.23181, "centroid_lat": 43.74724, "radius": 202.604, "internal_id": 617532049788502015, "population": 192, "component": 0, "o_score_pt": 208.98328960628567, "o_score_car": 618.89486782312076, "CDI": 0.495135153087776, "log_population": 2.2855573090077739 }, "geometry": { "type": "Polygon", "coordinates": [ [ [ 11.230065374086291, 43.747779664188542 ], [ 11.231714649988186, 43.748610647013635 ], [ 11.23344147078433, 43.748059506192156 ], [ 11.233559313954892, 43.746697269979691 ], [ 11.231910043548424, 43.745866316090414 ], [ 11.230183286966218, 43.746417444570135 ], [ 11.230065374086291, 43.747779664188542 ] ] ] } },
{ "type": "Feature", "properties": { "id": 91, "snapped_id": 91.0, "centroid_lon": 11.32536, "centroid_lat": 43.77915, "radius": 202.667, "internal_id": 617532047501819903, "population": 0, "component": 0, "o_score_pt": 5.9255969826332144, "o_score_car": 495.04375883015479, "CDI": 0.97634347524902243, "log_population": 0.0 }, "geometry": { "type": "Polygon", "coordinates": [ [ [ 11.325283309244163, 43.779110993343387 ], [ 11.325443435763267, 43.779191436903183 ], [ 11.325443436360816, 43.779191429910682 ], [ 11.325283309424103, 43.779110991239037 ], [ 11.325283309244163, 43.779110993343387 ] ] ] } },
{ "type": "Feature", "properties": { "id": 92, "snapped_id": 92.0, "centroid_lon": 11.24432, "centroid_lat": 43.78385, "radius": 202.569, "internal_id": 617532047360786431, "population": 310, "component": 0, "o_score_pt": 533.3735626714946, "o_score_car": 733.89401711270318, "CDI": 0.1582305565454101, "log_population": 2.4927603890268375 }, "geometry": { "type": "Polygon", "coordinates": [ [ [ 11.242378553542745, 43.784455011293261 ], [ 11.244201726105816, 43.785372753591915 ], [ 11.246129986314596, 43.784757751440594 ], [ 11.24626132925691, 43.783238055375783 ], [ 11.244438163293884, 43.782320341875945 ], [ 11.242509974382575, 43.782935332875297 ], [ 11.242378553542745, 43.784455011293261 ] ] ] } },
{ "type": "Feature", "properties": { "id": 93, "snapped_id": 93.0, "centroid_lon": 11.19548, "centroid_lat": 43.8047, "radius": 202.486, "internal_id": 617532053693136895, "population": 7, "component": 0, "o_score_pt": 3.4947196935115641, "o_score_car": 477.970616226765, "CDI": 0.98548298524199363, "log_population": 0.90308998699194354 }, "geometry": { "type": "Polygon", "coordinates": [ [ [ 11.195018624155049, 43.804793621736486 ], [ 11.195516165879768, 43.805044304207875 ], [ 11.195905490417807, 43.804920379953231 ], [ 11.195932294229864, 43.804612454483035 ], [ 11.195434750883443, 43.804361785310121 ], [ 11.195045443598978, 43.804485702527998 ], [ 11.195018624155049, 43.804793621736486 ] ] ] } },
{ "type": "Feature", "properties": { "id": 94, "snapped_id": 94.0, "centroid_lon": 11.31341, "centroid_lat": 43.76178, "radius": 202.677, "internal_id": 617532047536685055, "population": 13, "component": 0, "o_score_pt": 18.965362725722198, "o_score_car": 570.57162761457232, "CDI": 0.93566014334477998, "log_population": 1.146128035678238 }, "geometry": { "type": "Polygon", "coordinates": [ [ [ 11.312725757853073, 43.761952675009866 ], [ 11.313425381419076, 43.762304356623098 ], [ 11.314050166007428, 43.762104560650734 ], [ 11.314092366886777, 43.761611361305476 ], [ 11.313392743094326, 43.761259697792141 ], [ 11.312767983891131, 43.761459484053177 ], [ 11.312725757853073, 43.761952675009866 ] ] ] } },
{ "type": "Feature", "properties": { "id": 95, "snapped_id": 95.0, "centroid_lon": 11.26281, "centroid_lat": 43.82913, "radius": 202.529, "internal_id": 617532047945367551, "population": 0, "component": 0, "o_score_pt": 1.2354435644280568, "o_score_car": 524.07383604773065, "CDI": 0.99529631928322237, "log_population": 0.0 }, "geometry": { "type": "Polygon", "coordinates": [ [ [ 11.262731866262104, 43.829085107995425 ], [ 11.262893050350673, 43.829166145731413 ], [ 11.26289305095486, 43.829166138729782 ], [ 11.262731866440937, 43.829085105924271 ], [ 11.262731866262104, 43.829085107995425 ] ] ] } },
{ "type": "Feature", "properties": { "id": 96, "snapped_id": 96.0, "centroid_lon": 11.31248, "centroid_lat": 43.77268, "radius": 202.661, "internal_id": 617532047593570303, "population": 31, "component": 0, "o_score_pt": 161.71486398804848, "o_score_car": 563.13121785326791, "CDI": 0.55379530071474903, "log_population": 1.505149978319906 }, "geometry": { "type": "Polygon", "coordinates": [ [ [ 11.311457657973168, 43.772963612665279 ], [ 11.312457241285779, 43.7734659948988 ], [ 11.313429615846042, 43.773155152452496 ], [ 11.31349526194086, 43.772388230359844 ], [ 11.312495680281394, 43.771885871746157 ], [ 11.31152334330698, 43.772196701901947 ], [ 11.311457657973168, 43.772963612665279 ] ] ] } },
{ "type": "Feature", "properties": { "id": 97, "snapped_id": 97.0, "centroid_lon": 11.24866, "centroid_lat": 43.75951, "radius": 202.607, "internal_id": 617532047395651583, "population": 219, "component": 0, "o_score_pt": 235.6637110139836, "o_score_car": 678.21647138374306, "CDI": 0.48425687403423479, "log_population": 2.3424226808222062 }, "geometry": { "type": "Polygon", "coordinates": [ [ [ 11.246861358118176, 43.760074067253171 ], [ 11.248558624010377, 43.760928683480572 ], [ 11.250340809750638, 43.760359798590763 ], [ 11.250462143757165, 43.758954332512211 ], [ 11.24876488370586, 43.75809974524627 ], [ 11.246982764097879, 43.758668618050031 ], [ 11.246861358118176, 43.760074067253171 ] ] ] } },
{ "type": "Feature", "properties": { "id": 98, "snapped_id": 98.0, "centroid_lon": 11.22548, "centroid_lat": 43.76868, "radius": 202.568, "internal_id": 617532049858232319, "population": 280, "component": 0, "o_score_pt": 373.85737381275891, "o_score_car": 689.80578512747581, "CDI": 0.29703803187985511, "log_population": 2.4487063199050798 }, "geometry": { "type": "Polygon", "coordinates": [ [ [ 11.223578506237596, 43.76927023887604 ], [ 11.225364225760462, 43.77016979249732 ], [ 11.227249422036202, 43.769568587134863 ], [ 11.227378166844407, 43.768082312107474 ], [ 11.225592453629611, 43.767182787371141 ], [ 11.223707327168331, 43.767783981309428 ], [ 11.223578506237596, 43.76927023887604 ] ] ] } },
{ "type": "Feature", "properties": { "id": 99, "snapped_id": 99.0, "centroid_lon": 11.23704, "centroid_lat": 43.81616, "radius": 202.518, "internal_id": 617532047430516735, "population": 21, "component": 0, "o_score_pt": 92.41920495235496, "o_score_car": 576.86370264312268, "CDI": 0.72382619097688305, "log_population": 1.3424226808222062 }, "geometry": { "type": "Polygon", "coordinates": [ [ [ 11.236175902689821, 43.816398180797918 ], [ 11.237040116580685, 43.816833057036995 ], [ 11.23785522593052, 43.816573379423367 ], [ 11.237910850629785, 43.815930869074101 ], [ 11.237046637404656, 43.815496014214467 ], [ 11.236231560246036, 43.81575568055753 ], [ 11.236175902689821, 43.816398180797918 ] ] ] } },
{ "type": "Feature", "properties": { "id": 100, "snapped_id": 100.0, "centroid_lon": 11.22511, "centroid_lat": 43.79879, "radius": 202.527, "internal_id": 617532047465381887, "population": 146, "component": 0, "o_score_pt": 328.77629031161962, "o_score_car": 622.72773604225756, "CDI": 0.3089334754126552, "log_population": 2.167317334748176 }, "geometry": { "type": "Polygon", "coordinates": [ [ [ 11.223469493753649, 43.79929686255273 ], [ 11.225021257671933, 43.800078178116493 ], [ 11.226634728838622, 43.799564080659778 ], [ 11.22674493477485, 43.798292718128927 ], [ 11.225193175726419, 43.797511431284072 ], [ 11.223579764843377, 43.798025515937908 ], [ 11.223469493753649, 43.79929686255273 ] ] ] } },
{ "type": "Feature", "properties": { "id": 101, "snapped_id": 101.0, "centroid_lon": 11.24877, "centroid_lat": 43.78419, "radius": 202.574, "internal_id": 617532047359213567, "population": 673, "component": 0, "o_score_pt": 550.4691496031752, "o_score_car": 740.56368878228034, "CDI": 0.14724221842167409, "log_population": 2.8286598965353198 }, "geometry": { "type": "Polygon", "coordinates": [ [ [ 11.246514347964395, 43.784910157638144 ], [ 11.24861782177857, 43.785968866353855 ], [ 11.250871263345127, 43.785250067910482 ], [ 11.251024645067902, 43.783474301352769 ], [ 11.248921179598426, 43.78241561984828 ], [ 11.24666782074878, 43.783134410214998 ], [ 11.246514347964395, 43.784910157638144 ] ] ] } },
{ "type": "Feature", "properties": { "id": 102, "snapped_id": 102.0, "centroid_lon": 11.21345, "centroid_lat": 43.72662, "radius": 202.611, "internal_id": 617532049821794303, "population": 14, "component": 0, "o_score_pt": 19.380913440921343, "o_score_car": 464.00188162902037, "CDI": 0.919811322874588, "log_population": 1.1760912590556813 }, "geometry": { "type": "Polygon", "coordinates": [ [ [ 11.212744183335673, 43.726795823652303 ], [ 11.213467883674594, 43.727160759153875 ], [ 11.21412068456692, 43.726952391460962 ], [ 11.214165464279597, 43.726435819536611 ], [ 11.213441763754414, 43.726070902682906 ], [ 11.212788989340389, 43.726279260454938 ], [ 11.212744183335673, 43.726795823652303 ] ] ] } },
{ "type": "Feature", "properties": { "id": 103, "snapped_id": 103.0, "centroid_lon": 11.19046, "centroid_lat": 43.78513, "radius": 202.506, "internal_id": 617532053715156991, "population": 196, "component": 0, "o_score_pt": 11.31099101372061, "o_score_car": 579.45511619372598, "CDI": 0.96170738004186562, "log_population": 2.2944662261615929 }, "geometry": { "type": "Polygon", "coordinates": [ [ [ 11.188705305859592, 43.785672225209616 ], [ 11.190362227073125, 43.786507422016996 ], [ 11.192098381882678, 43.785954567791762 ], [ 11.192217523769546, 43.784586209443873 ], [ 11.190560607965899, 43.783751041580686 ], [ 11.18882451782096, 43.784303883553349 ], [ 11.188705305859592, 43.785672225209616 ] ] ] } },
{ "type": "Feature", "properties": { "id": 104, "snapped_id": 104.0, "centroid_lon": 11.29315, "centroid_lat": 43.76296, "radius": 202.653, "internal_id": 617532049997692927, "population": 587, "component": 0, "o_score_pt": 217.16960256428192, "o_score_car": 649.20508921341673, "CDI": 0.49867048374029588, "log_population": 2.7693773260761385 }, "geometry": { "type": "Polygon", "coordinates": [ [ [ 11.290952034695973, 43.763660082651306 ], [ 11.293006487580435, 43.764693303539921 ], [ 11.295202080101511, 43.76399163239229 ], [ 11.29535062841164, 43.762260468982561 ], [ 11.293296183739253, 43.761227275711448 ], [ 11.291100671763457, 43.761928938074149 ], [ 11.290952034695973, 43.763660082651306 ] ] ] } },
{ "type": "Feature", "properties": { "id": 105, "snapped_id": 105.0, "centroid_lon": 11.21479, "centroid_lat": 43.81443, "radius": 202.494, "internal_id": 617532053691564031, "population": 0, "component": 0, "o_score_pt": 0.0, "o_score_car": 562.10034245060615, "CDI": 1.0, "log_population": 0.0 }, "geometry": { "type": "Polygon", "coordinates": [ [ [ 11.214709442335534, 43.814390476751079 ], [ 11.214870257557136, 43.814471449055887 ], [ 11.214870258165046, 43.814471442055151 ], [ 11.214709442515614, 43.814390474678511 ], [ 11.214709442335534, 43.814390476751079 ] ] ] } },
{ "type": "Feature", "properties": { "id": 106, "snapped_id": 106.0, "centroid_lon": 11.23683, "centroid_lat": 43.76682, "radius": 202.583, "internal_id": 617532047394078719, "population": 420, "component": 0, "o_score_pt": 273.88855056347921, "o_score_car": 703.09327587536723, "CDI": 0.4393170002725264, "log_population": 2.6242820958356683 }, "geometry": { "type": "Polygon", "coordinates": [ [ [ 11.234771034620815, 43.767470269521866 ], [ 11.23670334394062, 43.768443411482544 ], [ 11.238758469193316, 43.767787766015523 ], [ 11.238898590341618, 43.766167571751019 ], [ 11.236966288267951, 43.765194458174108 ], [ 11.23491123877487, 43.765850093546511 ], [ 11.234771034620815, 43.767470269521866 ] ] ] } },
{ "type": "Feature", "properties": { "id": 107, "snapped_id": 107.0, "centroid_lon": 11.188, "centroid_lat": 43.78768, "radius": 202.5, "internal_id": 617532053726429183, "population": 39, "component": 0, "o_score_pt": 3.1632894627029979, "o_score_car": 561.46678035724301, "CDI": 0.98879517889044877, "log_population": 1.6020599913279625 }, "geometry": { "type": "Polygon", "coordinates": [ [ [ 11.186890751700675, 43.787995061170626 ], [ 11.187970578317387, 43.788539379260726 ], [ 11.189036412146383, 43.788200026177506 ], [ 11.18910963936842, 43.787359331165064 ], [ 11.188029814659311, 43.786815037873012 ], [ 11.186964021903577, 43.787154378352838 ], [ 11.186890751700675, 43.787995061170626 ] ] ] } },
{ "type": "Feature", "properties": { "id": 108, "snapped_id": 108.0, "centroid_lon": 11.24092, "centroid_lat": 43.79728, "radius": 202.547, "internal_id": 617532047428943871, "population": 1431, "component": 0, "o_score_pt": 482.51920817631452, "o_score_car": 690.47890799517506, "CDI": 0.177289031373395, "log_population": 3.1559430179718366 }, "geometry": { "type": "Polygon", "coordinates": [ [ [ 11.238614278297028, 43.798019258713438 ], [ 11.240760841295989, 43.799099636710054 ], [ 11.24306444940332, 43.798365280933695 ], [ 11.243221409994227, 43.79655055463472 ], [ 11.241074855574938, 43.795470203452396 ], [ 11.238771331983109, 43.796204551755928 ], [ 11.238614278297028, 43.798019258713438 ] ] ] } },
{ "type": "Feature", "properties": { "id": 109, "snapped_id": 109.0, "centroid_lon": 11.33134, "centroid_lat": 43.78783, "radius": 202.663, "internal_id": 617532047498674175, "population": 0, "component": 0, "o_score_pt": 4.1860516066410671, "o_score_car": 480.76822525301748, "CDI": 0.98273630399241763, "log_population": 0.0 }, "geometry": { "type": "Polygon", "coordinates": [ [ [ 11.331262488402457, 43.787794385719216 ], [ 11.331422812628043, 43.787874904505777 ], [ 11.331422813225304, 43.787874897512161 ], [ 11.33126248858197, 43.787794383618483 ], [ 11.331262488402457, 43.787794385719216 ] ] ] } },
{ "type": "Feature", "properties": { "id": 110, "snapped_id": 110.0, "centroid_lon": 11.26657, "centroid_lat": 43.78557, "radius": 202.592, "internal_id": 617532047357640703, "population": 1178, "component": 0, "o_score_pt": 511.89067761104872, "o_score_car": 735.68857893720872, "CDI": 0.17938571850365109, "log_population": 3.0715138050950892 }, "geometry": { "type": "Polygon", "coordinates": [ [ [ 11.264265746040513, 43.786308426537701 ], [ 11.26641260285427, 43.787388449767555 ], [ 11.268715942214529, 43.786653388335225 ], [ 11.268872340335374, 43.78483831118524 ], [ 11.266725492205486, 43.78375831477198 ], [ 11.264422237268883, 43.784493368693283 ], [ 11.264265746040513, 43.786308426537701 ] ] ] } },
{ "type": "Feature", "properties": { "id": 111, "snapped_id": 111.0, "centroid_lon": 11.21327, "centroid_lat": 43.80609, "radius": 202.504, "internal_id": 617532053680291839, "population": 1, "component": 0, "o_score_pt": 71.195593792755517, "o_score_car": 597.02265788173531, "CDI": 0.78690916144733791, "log_population": 0.3010299956639812 }, "geometry": { "type": "Polygon", "coordinates": [ [ [ 11.213193659800869, 43.806052439514964 ], [ 11.213354288126055, 43.806133332139957 ], [ 11.213354288733875, 43.806133325140436 ], [ 11.213193659981304, 43.806052437438375 ], [ 11.213193659800869, 43.806052439514964 ] ] ] } },
{ "type": "Feature", "properties": { "id": 112, "snapped_id": 112.0, "centroid_lon": 11.24468, "centroid_lat": 43.75372, "radius": 202.61, "internal_id": 617532049986420735, "population": 160, "component": 0, "o_score_pt": 233.22380386292957, "o_score_car": 659.77646995335976, "CDI": 0.47766241354835448, "log_population": 2.2068258760318495 }, "geometry": { "type": "Polygon", "coordinates": [ [ [ 11.243010459704001, 43.754238030787249 ], [ 11.244594429433816, 43.755035759208418 ], [ 11.246245244418368, 43.754508780063318 ], [ 11.246357706770047, 43.753206627302085 ], [ 11.244773742172436, 43.752408927695107 ], [ 11.243122988707896, 43.752935894155883 ], [ 11.243010459704001, 43.754238030787249 ] ] ] } },
{ "type": "Feature", "properties": { "id": 113, "snapped_id": 113.0, "centroid_lon": 11.29701, "centroid_lat": 43.74407, "radius": 202.682, "internal_id": 617532049996120063, "population": 0, "component": 0, "o_score_pt": 100.05255027839785, "o_score_car": 501.93717885476258, "CDI": 0.66759382947456847, "log_population": 0.0 }, "geometry": { "type": "Polygon", "coordinates": [ [ [ 11.296931998565245, 43.744026264833842 ], [ 11.297091323303986, 43.744106410993346 ], [ 11.297091323903052, 43.744106404005315 ], [ 11.296931998746969, 43.744026262715359 ], [ 11.296931998565245, 43.744026264833842 ] ] ] } },
{ "type": "Feature", "properties": { "id": 114, "snapped_id": 114.0, "centroid_lon": 11.21658, "centroid_lat": 43.76798, "radius": 202.559, "internal_id": 617532049855086591, "population": 1245, "component": 0, "o_score_pt": 363.50871690533495, "o_score_car": 652.52824943446274, "CDI": 0.28445769406432181, "log_population": 3.095518042323151 }, "geometry": { "type": "Polygon", "coordinates": [ [ [ 11.214279491188547, 43.7687173462921 ], [ 11.216424732450102, 43.769798264404521 ], [ 11.218727476022231, 43.76906407601026 ], [ 11.218884893810419, 43.767248976933686 ], [ 11.216739661021464, 43.766168085646477 ], [ 11.214437001969744, 43.76690226661178 ], [ 11.214279491188547, 43.7687173462921 ] ] ] } },
{ "type": "Feature", "properties": { "id": 115, "snapped_id": 115.0, "centroid_lon": 11.20579, "centroid_lat": 43.78907, "radius": 202.518, "internal_id": 617532053724856319, "population": 1, "component": 0, "o_score_pt": 5.5392786247220149, "o_score_car": 532.08909800570461, "CDI": 0.97939365232378806, "log_population": 0.3010299956639812 }, "geometry": { "type": "Polygon", "coordinates": [ [ [ 11.205714188704375, 43.78902731562227 ], [ 11.205874431794323, 43.789108052733354 ], [ 11.205874432402338, 43.789108045736192 ], [ 11.205714188885597, 43.789027313537979 ], [ 11.205714188704375, 43.78902731562227 ] ] ] } },
{ "type": "Feature", "properties": { "id": 116, "snapped_id": 116.0, "centroid_lon": 11.22909, "centroid_lat": 43.80459, "radius": 202.524, "internal_id": 617532047427371007, "population": 620, "component": 0, "o_score_pt": 174.51179071464583, "o_score_car": 618.56187518384115, "CDI": 0.5599102625178245, "log_population": 2.79309160017658 }, "geometry": { "type": "Polygon", "coordinates": [ [ [ 11.22686286055537, 43.805290717539691 ], [ 11.228936744998647, 43.806334707771818 ], [ 11.231156258115851, 43.80562755017408 ], [ 11.231307734452223, 43.803879349159772 ], [ 11.229233858095203, 43.80283538638276 ], [ 11.227014426575412, 43.803542535538803 ], [ 11.22686286055537, 43.805290717539691 ] ] ] } },
{ "type": "Feature", "properties": { "id": 117, "snapped_id": 117.0, "centroid_lon": 11.29667, "centroid_lat": 43.7742, "radius": 202.642, "internal_id": 617532047603269631, "population": 2110, "component": 0, "o_score_pt": 184.16923806467716, "o_score_car": 611.53515099866479, "CDI": 0.53709131030062374, "log_population": 3.3244882333076564 }, "geometry": { "type": "Polygon", "coordinates": [ [ [ 11.294363348751203, 43.774933033417383 ], [ 11.29651061047479, 43.776012628153914 ], [ 11.298813699159124, 43.775276768397667 ], [ 11.298969441797301, 43.773461321462314 ], [ 11.296822188880274, 43.772381753544202 ], [ 11.294519184516554, 43.773117605744169 ], [ 11.294363348751203, 43.774933033417383 ] ] ] } },
{ "type": "Feature", "properties": { "id": 118, "snapped_id": 118.0, "centroid_lon": 11.24699, "centroid_lat": 43.83064, "radius": 202.509, "internal_id": 617532047955066879, "population": 8, "component": 0, "o_score_pt": 0.5868355930014264, "o_score_car": 457.14738373183911, "CDI": 0.99743591119813158, "log_population": 0.95424250943932487 }, "geometry": { "type": "Polygon", "coordinates": [ [ [ 11.246489477038404, 43.830744228553939 ], [ 11.247030134827336, 43.831016155291898 ], [ 11.247469566071613, 43.830876179258624 ], [ 11.247499536090007, 43.83052963627101 ], [ 11.246958876974881, 43.830257723916731 ], [ 11.246519464701786, 43.830397692278204 ], [ 11.246489477038404, 43.830744228553939 ] ] ] } },
{ "type": "Feature", "properties": { "id": 119, "snapped_id": 119.0, "centroid_lon": 11.23343, "centroid_lat": 43.78026, "radius": 202.562, "internal_id": 617532047462236159, "population": 377, "component": 0, "o_score_pt": 481.40362252980327, "o_score_car": 717.41083052135923, "CDI": 0.19686716938629001, "log_population": 2.5774917998372251 }, "geometry": { "type": "Polygon", "coordinates": [ [ [ 11.231411911152227, 43.78089502765711 ], [ 11.233305461072778, 43.781848519985047 ], [ 11.23531562442478, 43.781207530421128 ], [ 11.235452744788702, 43.779623234500889 ], [ 11.233559201863628, 43.778669770733053 ], [ 11.23154911271163, 43.779310749809355 ], [ 11.231411911152227, 43.78089502765711 ] ] ] } },
{ "type": "Feature", "properties": { "id": 120, "snapped_id": 120.0, "centroid_lon": 11.25474, "centroid_lat": 43.79288, "radius": 202.569, "internal_id": 617532047356067839, "population": 305, "component": 0, "o_score_pt": 395.16355685627121, "o_score_car": 683.44349152351958, "CDI": 0.26727058301749718, "log_population": 2.4857214264815801 }, "geometry": { "type": "Polygon", "coordinates": [ [ [ 11.252803908691309, 43.79348400699066 ], [ 11.254621621050491, 43.794398617321406 ], [ 11.256543316023361, 43.793785685375049 ], [ 11.256674024836036, 43.792271453888766 ], [ 11.254856319077817, 43.791356872369597 ], [ 11.252934695154879, 43.791969793097302 ], [ 11.252803908691309, 43.79348400699066 ] ] ] } },
{ "type": "Feature", "properties": { "id": 121, "snapped_id": 121.0, "centroid_lon": 11.28519, "centroid_lat": 43.75138, "radius": 202.659, "internal_id": 617532049994547199, "population": 35, "component": 0, "o_score_pt": 136.32737184626427, "o_score_car": 574.05668433265032, "CDI": 0.61618684805637203, "log_population": 1.5563025007672873 }, "geometry": { "type": "Polygon", "coordinates": [ [ [ 11.284122271945867, 43.751682647500402 ], [ 11.285163929582078, 43.752206730030387 ], [ 11.286185344722542, 43.751880266126477 ], [ 11.286254579722284, 43.751074095355179 ], [ 11.285212923959957, 43.750550037075392 ], [ 11.284191548157748, 43.750876488478596 ], [ 11.284122271945867, 43.751682647500402 ] ] ] } },
{ "type": "Feature", "properties": { "id": 122, "snapped_id": 122.0, "centroid_lon": 11.19396, "centroid_lat": 43.79636, "radius": 202.495, "internal_id": 617532053723283455, "population": 890, "component": 0, "o_score_pt": 18.494205785375197, "o_score_car": 600.43510397578575, "CDI": 0.94023806759931283, "log_population": 2.9498777040368749 }, "geometry": { "type": "Polygon", "coordinates": [ [ [ 11.191658383425649, 43.797097673998891 ], [ 11.193803829868596, 43.798178813715069 ], [ 11.196107308825967, 43.797445472113104 ], [ 11.196265256700485, 43.795630998194753 ], [ 11.194119818641893, 43.794549885295815 ], [ 11.191816424322461, 43.795283219499161 ], [ 11.191658383425649, 43.797097673998891 ] ] ] } },
{ "type": "Feature", "properties": { "id": 123, "snapped_id": 123.0, "centroid_lon": 11.25908, "centroid_lat": 43.76855, "radius": 202.606, "internal_id": 617532047390932991, "population": 1689, "component": 0, "o_score_pt": 400.5552333634335, "o_score_car": 651.0409925408967, "CDI": 0.23819575708543039, "log_population": 3.2278867046136734 }, "geometry": { "type": "Polygon", "coordinates": [ [ [ 11.25677560285917, 43.769281657304305 ], [ 11.258921846529844, 43.770361887370072 ], [ 11.261224698527254, 43.769626778100346 ], [ 11.261381222443047, 43.767811446262058 ], [ 11.259234987421575, 43.766731243018853 ], [ 11.256932219833152, 43.76746634479251 ], [ 11.25677560285917, 43.769281657304305 ] ] ] } },
{ "type": "Feature", "properties": { "id": 124, "snapped_id": 124.0, "centroid_lon": 11.24689, "centroid_lat": 43.80597, "radius": 202.542, "internal_id": 617532047425798143, "population": 97, "component": 0, "o_score_pt": 410.08848559622407, "o_score_car": 600.36919567805046, "CDI": 0.18831140938219779, "log_population": 1.9912260756924949 }, "geometry": { "type": "Polygon", "coordinates": [ [ [ 11.245413797942621, 43.806414791688319 ], [ 11.246819137860539, 43.807121901926365 ], [ 11.24826234326175, 43.806661862181095 ], [ 11.248360632052014, 43.8055247601635 ], [ 11.246955296161072, 43.804817677934437 ], [ 11.245512145016709, 43.805277704481924 ], [ 11.245413797942621, 43.806414791688319 ] ] ] } },
{ "type": "Feature", "properties": { "id": 125, "snapped_id": 125.0, "centroid_lon": 11.31599, "centroid_lat": 43.78391, "radius": 202.65, "internal_id": 617532047601696767, "population": 12, "component": 0, "o_score_pt": 5.6514964410507122, "o_score_car": 531.15983018131567, "CDI": 0.97894419822841605, "log_population": 1.1139433523068367 }, "geometry": { "type": "Polygon", "coordinates": [ [ [ 11.315341282221766, 43.784071828168898 ], [ 11.3160144530198, 43.784410065216342 ], [ 11.316608370232673, 43.784220247215337 ], [ 11.316648459239566, 43.783751785319573 ], [ 11.315975288040651, 43.783413565786233 ], [ 11.315381395134587, 43.783603374378671 ], [ 11.315341282221766, 43.784071828168898 ] ] ] } },
{ "type": "Feature", "properties": { "id": 126, "snapped_id": 126.0, "centroid_lon": 11.20911, "centroid_lat": 43.75095, "radius": 202.573, "internal_id": 617532049782210559, "population": 0, "component": 0, "o_score_pt": 3.5971459826055474, "o_score_car": 569.10119356972496, "CDI": 0.98743790322347602, "log_population": 0.0 }, "geometry": { "type": "Polygon", "coordinates": [ [ [ 11.209025478704771, 43.750912471157392 ], [ 11.209184878593719, 43.750992827608371 ], [ 11.209184879200452, 43.750992820617022 ], [ 11.209025478887471, 43.750912469053397 ], [ 11.209025478704771, 43.750912471157392 ] ] ] } },
{ "type": "Feature", "properties": { "id": 127, "snapped_id": 127.0, "centroid_lon": 11.28367, "centroid_lat": 43.74304, "radius": 202.668, "internal_id": 617532049916690431, "population": 119, "component": 0, "o_score_pt": 98.305223297029684, "o_score_car": 519.4964383315729, "CDI": 0.68175798349947847, "log_population": 2.0791812460476247 }, "geometry": { "type": "Polygon", "coordinates": [ [ [ 11.282111878331289, 43.743509907196476 ], [ 11.283589676762244, 43.744253551535607 ], [ 11.285116886672181, 43.743765332246745 ], [ 11.285220381123324, 43.742560282053503 ], [ 11.283742587280003, 43.741816666131776 ], [ 11.282215434459845, 43.742304872326166 ], [ 11.282111878331289, 43.743509907196476 ] ] ] } },
{ "type": "Feature", "properties": { "id": 128, "snapped_id": 128.0, "centroid_lon": 11.20977, "centroid_lat": 43.79486, "radius": 202.515, "internal_id": 617532053686845439, "population": 1495, "component": 0, "o_score_pt": 359.39642514829728, "o_score_car": 655.08774982693899, "CDI": 0.29146962759262318, "log_population": 3.1749315935284423 }, "geometry": { "type": "Polygon", "coordinates": [ [ [ 11.207466770840171, 43.795592443938041 ], [ 11.209612546592449, 43.796673336486627 ], [ 11.211916019039942, 43.795939630858435 ], [ 11.212073631140093, 43.794125040106088 ], [ 11.209927863837555, 43.793044174374351 ], [ 11.207624475983122, 43.793777872579291 ], [ 11.207466770840171, 43.795592443938041 ] ] ] } },
{ "type": "Feature", "properties": { "id": 129, "snapped_id": 129.0, "centroid_lon": 11.24573, "centroid_lat": 43.76751, "radius": 202.593, "internal_id": 617532047389360127, "population": 1516, "component": 0, "o_score_pt": 508.17378443564121, "o_score_car": 673.04595145491851, "CDI": 0.13957789732913231, "log_population": 3.1809855807867304 }, "geometry": { "type": "Polygon", "coordinates": [ [ [ 11.243429104504639, 43.768245296798526 ], [ 11.245575011396205, 43.769325747374438 ], [ 11.247877805800046, 43.768590916637962 ], [ 11.248034608868039, 43.766775642801555 ], [ 11.245888710570004, 43.765695219049327 ], [ 11.243586000608449, 43.766430042310972 ], [ 11.243429104504639, 43.768245296798526 ] ] ] } },
{ "type": "Feature", "properties": { "id": 130, "snapped_id": 130.0, "centroid_lon": 11.17163, "centroid_lat": 43.76995, "radius": 202.505, "internal_id": 617532049851940863, "population": 43, "component": 0, "o_score_pt": 2.5414150041891395, "o_score_car": 591.19478816838352, "CDI": 0.9914392452721954, "log_population": 1.6434526764861874 }, "geometry": { "type": "Polygon", "coordinates": [ [ [ 11.17048646232943, 43.770283501054884 ], [ 11.171600282661597, 43.770845357103298 ], [ 11.172705821966124, 43.770493347425813 ], [ 11.172781953990892, 43.769620915350217 ], [ 11.171668135744978, 43.76905908455123 ], [ 11.170562638928466, 43.769411081501538 ], [ 11.17048646232943, 43.770283501054884 ] ] ] } },
{ "type": "Feature", "properties": { "id": 131, "snapped_id": 131.0, "centroid_lon": 11.25134, "centroid_lat": 43.80632, "radius": 202.547, "internal_id": 617532047424225279, "population": 39, "component": 0, "o_score_pt": 354.12261088442511, "o_score_car": 622.94496843045658, "CDI": 0.27513179562720658, "log_population": 1.6020599913279625 }, "geometry": { "type": "Polygon", "coordinates": [ [ [ 11.250228151415371, 43.806633924450743 ], [ 11.25130886255646, 43.807177631005167 ], [ 11.252375293531562, 43.806837651333332 ], [ 11.252447899025057, 43.805997170829983 ], [ 11.251367189915012, 43.805453489065677 ], [ 11.250300799942474, 43.805793456071328 ], [ 11.250228151415371, 43.806633924450743 ] ] ] } },
{ "type": "Feature", "properties": { "id": 132, "snapped_id": 132.0, "centroid_lon": 11.2394, "centroid_lat": 43.78895, "radius": 202.557, "internal_id": 617532047459090431, "population": 1310, "component": 0, "o_score_pt": 512.5038211542585, "o_score_car": 715.774455664063, "CDI": 0.16549233048096221, "log_population": 3.1176026916900841 }, "geometry": { "type": "Polygon", "coordinates": [ [ [ 11.237096140119602, 43.789679790559788 ], [ 11.239242452635006, 43.790760235181352 ], [ 11.241545826500321, 43.790025808939362 ], [ 11.24170280334569, 43.788210945545806 ], [ 11.239556499401949, 43.787130527741311 ], [ 11.237253210039203, 43.787864946514453 ], [ 11.237096140119602, 43.789679790559788 ] ] ] } },
{ "type": "Feature", "properties": { "id": 133, "snapped_id": 133.0, "centroid_lon": 11.32629, "centroid_lat": 43.76826, "radius": 202.683, "internal_id": 617532047493955583, "population": 87, "component": 0, "o_score_pt": 116.69617159927286, "o_score_car": 546.05624817565865, "CDI": 0.64784384600541334, "log_population": 1.9444826721501687 }, "geometry": { "type": "Polygon", "coordinates": [ [ [ 11.3248653350661, 43.768688761197133 ], [ 11.326231796952069, 43.769375337070315 ], [ 11.32762932724477, 43.768928351115719 ], [ 11.327723470187815, 43.767826292366557 ], [ 11.326357012297784, 43.767139744225062 ], [ 11.324959534478689, 43.767586716864933 ], [ 11.3248653350661, 43.768688761197133 ] ] ] } },
{ "type": "Feature", "properties": { "id": 134, "snapped_id": 134.0, "centroid_lon": 11.19794, "centroid_lat": 43.80216, "radius": 202.492, "internal_id": 617532053685272575, "population": 30, "component": 0, "o_score_pt": 337.86792799975672, "o_score_car": 569.12807536146204, "CDI": 0.25497372260151407, "log_population": 1.4913616938342726 }, "geometry": { "type": "Polygon", "coordinates": [ [ [ 11.1969307202796, 43.802437224304455 ], [ 11.197918638921255, 43.802934966293172 ], [ 11.198877567189285, 43.802629691450015 ], [ 11.19894336481237, 43.801873504911875 ], [ 11.197955447533907, 43.801375786389748 ], [ 11.196996556567743, 43.801681049103593 ], [ 11.1969307202796, 43.802437224304455 ] ] ] } },
{ "type": "Feature", "properties": { "id": 135, "snapped_id": 135.0, "centroid_lon": 11.24348, "centroid_lat": 43.81941, "radius": 202.521, "internal_id": 617532047946940415, "population": 35, "component": 0, "o_score_pt": 8.1593197943339124, "o_score_car": 564.25821070749782, "CDI": 0.97149171938469203, "log_population": 1.5563025007672873 }, "geometry": { "type": "Polygon", "coordinates": [ [ [ 11.242417233113056, 43.819708628525071 ], [ 11.243459978245832, 43.820233225947852 ], [ 11.244482276884959, 43.819907512770747 ], [ 11.244551952764054, 43.819102044300124 ], [ 11.243509209407801, 43.818577471142063 ], [ 11.242486950238916, 43.818903171842031 ], [ 11.242417233113056, 43.819708628525071 ] ] ] } },
{ "type": "Feature", "properties": { "id": 136, "snapped_id": 136.0, "centroid_lon": 11.29468, "centroid_lat": 43.7713, "radius": 202.643, "internal_id": 617532047595143167, "population": 280, "component": 0, "o_score_pt": 187.73590287848157, "o_score_car": 611.19747263935312, "CDI": 0.53003364577978962, "log_population": 2.4487063199050798 }, "geometry": { "type": "Polygon", "coordinates": [ [ [ 11.292774986726279, 43.771897303585533 ], [ 11.294562017638349, 43.772795875399517 ], [ 11.296447483027636, 43.772193432002986 ], [ 11.296575032507288, 43.770706940632714 ], [ 11.294788008140936, 43.769808397696991 ], [ 11.292902612415263, 43.77041082957075 ], [ 11.292774986726279, 43.771897303585533 ] ] ] } },
{ "type": "Feature", "properties": { "id": 137, "snapped_id": 137.0, "centroid_lon": 11.26505, "centroid_lat": 43.77723, "radius": 202.602, "internal_id": 617532047419244543, "population": 558, "component": 0, "o_score_pt": 444.5219429749705, "o_score_car": 696.57510899488068, "CDI": 0.22088670335691099, "log_population": 2.7474118078864231 }, "geometry": { "type": "Polygon", "coordinates": [ [ [ 11.262869021521299, 43.777924676457253 ], [ 11.264904893872771, 43.778949050502952 ], [ 11.267079539986181, 43.778254920879178 ], [ 11.2672272355689, 43.776540890749921 ], [ 11.265191371206782, 43.775516544455733 ], [ 11.263016804991214, 43.776210665107499 ], [ 11.262869021521299, 43.777924676457253 ] ] ] } },
{ "type": "Feature", "properties": { "id": 138, "snapped_id": 138.0, "centroid_lon": 11.20229, "centroid_lat": 43.77783, "radius": 202.529, "internal_id": 617532053720137727, "population": 1105, "component": 0, "o_score_pt": 61.708889708253892, "o_score_car": 648.22273712049423, "CDI": 0.82615540039001678, "log_population": 3.0437551269686796 }, "geometry": { "type": "Polygon", "coordinates": [ [ [ 11.199989447797615, 43.778565604372197 ], [ 11.202134610338829, 43.779646703192022 ], [ 11.204437594766741, 43.778912949224349 ], [ 11.2045953320732, 43.777098103846242 ], [ 11.202450177947219, 43.776017031849186 ], [ 11.20014727809753, 43.776750778408619 ], [ 11.199989447797615, 43.778565604372197 ] ] ] } },
{ "type": "Feature", "properties": { "id": 139, "snapped_id": 139.0, "centroid_lon": 11.31998, "centroid_lat": 43.7897, "radius": 202.647, "internal_id": 617532047563685887, "population": 0, "component": 0, "o_score_pt": 0.40096544011829649, "o_score_car": 404.79971380550097, "CDI": 0.99802090440290081, "log_population": 0.0 }, "geometry": { "type": "Polygon", "coordinates": [ [ [ 11.319900124621379, 43.789660561017342 ], [ 11.32006048071478, 43.789741116877948 ], [ 11.320060481313059, 43.789741109883714 ], [ 11.319900124800983, 43.789660558918968 ], [ 11.319900124621379, 43.789660561017342 ] ] ] } },
{ "type": "Feature", "properties": { "id": 140, "snapped_id": 140.0, "centroid_lon": 11.23799, "centroid_lat": 43.80528, "radius": 202.533, "internal_id": 617532047422652415, "population": 2421, "component": 0, "o_score_pt": 341.76178261585858, "o_score_car": 621.25912162115685, "CDI": 0.29022977359638841, "log_population": 3.3841741388070332 }, "geometry": { "type": "Polygon", "coordinates": [ [ [ 11.235682207712687, 43.806011919238699 ], [ 11.237828908831331, 43.80709230411982 ], [ 11.240132731933681, 43.806358111721977 ], [ 11.240289769375874, 43.80454354191393 ], [ 11.238143076826393, 43.803463183844705 ], [ 11.23583933826356, 43.804197368772805 ], [ 11.235682207712687, 43.806011919238699 ] ] ] } },
{ "type": "Feature", "properties": { "id": 141, "snapped_id": 141.0, "centroid_lon": 11.30709, "centroid_lat": 43.78323, "radius": 202.641, "internal_id": 617532047598551039, "population": 68, "component": 0, "o_score_pt": 23.959624466332706, "o_score_car": 576.09862893415425, "CDI": 0.92014233841279502, "log_population": 1.8388490907372552 }, "geometry": { "type": "Polygon", "coordinates": [ [ [ 11.305761815104249, 43.783621721891365 ], [ 11.30704018332607, 43.784264193066193 ], [ 11.308335684389949, 43.783850247152444 ], [ 11.308423188844319, 43.782828957302748 ], [ 11.307144824013101, 43.782186513138818 ], [ 11.305849371888891, 43.782600445783523 ], [ 11.305761815104249, 43.783621721891365 ] ] ] } },
{ "type": "Feature", "properties": { "id": 142, "snapped_id": 142.0, "centroid_lon": 11.29409, "centroid_lat": 43.75207, "radius": 202.668, "internal_id": 617532049989828607, "population": 391, "component": 0, "o_score_pt": 133.61726195761361, "o_score_car": 564.41877356169607, "CDI": 0.61716228057421718, "log_population": 2.5932860670204572 }, "geometry": { "type": "Polygon", "coordinates": [ [ [ 11.292051702960554, 43.752708543579665 ], [ 11.29395893036623, 43.753667874905737 ], [ 11.295983839155253, 43.753020529140983 ], [ 11.296120829422113, 43.751423478900904 ], [ 11.294213609312479, 43.750464176078971 ], [ 11.292188775065235, 43.751111511402712 ], [ 11.292051702960554, 43.752708543579665 ] ] ] } },
{ "type": "Feature", "properties": { "id": 143, "snapped_id": 143.0, "centroid_lon": 11.17608, "centroid_lat": 43.7703, "radius": 202.509, "internal_id": 617532049846960127, "population": 37, "component": 0, "o_score_pt": 2.5873658036781482, "o_score_car": 598.54638949030777, "CDI": 0.99139171347177879, "log_population": 1.5797835966168101 }, "geometry": { "type": "Polygon", "coordinates": [ [ [ 11.174992872650941, 43.770611211167413 ], [ 11.176053683625904, 43.771146263075629 ], [ 11.17709761480843, 43.770813830322993 ], [ 11.177169469595542, 43.769989920707403 ], [ 11.176108660396329, 43.76945489334409 ], [ 11.175064769525578, 43.769787313593426 ], [ 11.174992872650941, 43.770611211167413 ] ] ] } },
{ "type": "Feature", "properties": { "id": 144, "snapped_id": 144.0, "centroid_lon": 11.27699, "centroid_lat": 43.7946, "radius": 202.592, "internal_id": 617532047384379391, "population": 160, "component": 0, "o_score_pt": 178.0184604077804, "o_score_car": 632.78061261583218, "CDI": 0.56088144071522383, "log_population": 2.2068258760318495 }, "geometry": { "type": "Polygon", "coordinates": [ [ [ 11.275317195056793, 43.79511872364791 ], [ 11.27690259710632, 43.795915965193799 ], [ 11.278554409069583, 43.795388800792743 ], [ 11.278666429204844, 43.794087135068295 ], [ 11.277081032384444, 43.793289922330551 ], [ 11.275429281939218, 43.793817073996522 ], [ 11.275317195056793, 43.79511872364791 ] ] ] } },
{ "type": "Feature", "properties": { "id": 145, "snapped_id": 145.0, "centroid_lon": 11.21574, "centroid_lat": 43.80354, "radius": 202.51, "internal_id": 617532053683699711, "population": 33, "component": 0, "o_score_pt": 302.83016653978871, "o_score_car": 579.88754026684819, "CDI": 0.31386860328128668, "log_population": 1.5314789170422551 }, "geometry": { "type": "Polygon", "coordinates": [ [ [ 11.214691415677878, 43.803839822068817 ], [ 11.21571293244053, 43.804354243695862 ], [ 11.216710812435265, 43.804036418525477 ], [ 11.2167791034961, 43.803249687391549 ], [ 11.215757588333403, 43.802735289732198 ], [ 11.214759746984935, 43.80305310256383 ], [ 11.214691415677878, 43.803839822068817 ] ] ] } },
{ "type": "Feature", "properties": { "id": 146, "snapped_id": 146.0, "centroid_lon": 11.19387, "centroid_lat": 43.77169, "radius": 202.528, "internal_id": 617532049848795135, "population": 518, "component": 0, "o_score_pt": 53.100025106708095, "o_score_car": 622.48858337080412, "CDI": 0.84280366945093144, "log_population": 2.7151673578484576 }, "geometry": { "type": "Polygon", "coordinates": [ [ [ 11.191721637415887, 43.772372320567321 ], [ 11.193728952518772, 43.773384272828871 ], [ 11.195872064405767, 43.772701498949722 ], [ 11.196019029441345, 43.771012312874923 ], [ 11.194011721884218, 43.770000388557627 ], [ 11.191868688965416, 43.770683153250864 ], [ 11.191721637415887, 43.772372320567321 ] ] ] } },
{ "type": "Feature", "properties": { "id": 147, "snapped_id": 147.0, "centroid_lon": 11.18895, "centroid_lat": 43.77679, "radius": 202.515, "internal_id": 617532053718564863, "population": 101, "component": 0, "o_score_pt": 48.226635505540905, "o_score_car": 574.83662290456766, "CDI": 0.84519505891391367, "log_population": 2.0086001717619175 }, "geometry": { "type": "Polygon", "coordinates": [ [ [ 11.187459764065466, 43.777239247728488 ], [ 11.188878207714334, 43.777954365328789 ], [ 11.190337430353736, 43.777489602934416 ], [ 11.190437616881377, 43.776338978547038 ], [ 11.189019177195421, 43.7756238890533 ], [ 11.187560009469102, 43.776088638344561 ], [ 11.187459764065466, 43.777239247728488 ] ] ] } },
{ "type": "Feature", "properties": { "id": 148, "snapped_id": 148.0, "centroid_lon": 11.26129, "centroid_lat": 43.82079, "radius": 202.539, "internal_id": 617532047948775423, "population": 0, "component": 0, "o_score_pt": 3.3363009155374788, "o_score_car": 514.38780552302319, "CDI": 0.98711166478807422, "log_population": 0.0 }, "geometry": { "type": "Polygon", "coordinates": [ [ [ 11.261210651300187, 43.820747852988767 ], [ 11.261371648468094, 43.820828811214184 ], [ 11.26137164907219, 43.820828804213782 ], [ 11.261210651479372, 43.820747850913584 ], [ 11.261210651300187, 43.820747852988767 ] ] ] } },
{ "type": "Feature", "properties": { "id": 149, "snapped_id": 149.0, "centroid_lon": 11.31095, "centroid_lat": 43.76433, "radius": 202.671, "internal_id": 617532047596978175, "population": 223, "component": 0, "o_score_pt": 170.25754663549111, "o_score_car": 585.13656397727289, "CDI": 0.54922193794341112, "log_population": 2.3502480183341627 }, "geometry": { "type": "Polygon", "coordinates": [ [ [ 11.309142913669902, 43.764897487553711 ], [ 11.310847869561458, 43.765754530715121 ], [ 11.312637935764032, 43.765182185974595 ], [ 11.312758764983199, 43.763770622473004 ], [ 11.311053815176372, 43.762913608266395 ], [ 11.309263815245979, 43.763485940876166 ], [ 11.309142913669902, 43.764897487553711 ] ] ] } },
{ "type": "Feature", "properties": { "id": 150, "snapped_id": 150.0, "centroid_lon": 11.2305, "centroid_lat": 43.78825, "radius": 202.547, "internal_id": 617532047455944703, "population": 2043, "component": 0, "o_score_pt": 450.88083854480408, "o_score_car": 697.94759685546762, "CDI": 0.21505975191550791, "log_population": 3.3104808914626753 }, "geometry": { "type": "Polygon", "coordinates": [ [ [ 11.228197162477786, 43.788987254643423 ], [ 11.230343250197086, 43.790067846289112 ], [ 11.232646585429489, 43.789333605789331 ], [ 11.232803748415851, 43.787518781099664 ], [ 11.230657669231094, 43.786438216271783 ], [ 11.228354418523445, 43.787172449316891 ], [ 11.228197162477786, 43.788987254643423 ] ] ] } },
{ "type": "Feature", "properties": { "id": 151, "snapped_id": 151.0, "centroid_lon": 11.2056, "centroid_lat": 43.73971, "radius": 202.584, "internal_id": 617532049777491967, "population": 0, "component": 0, "o_score_pt": 19.557257497312879, "o_score_car": 469.14398083372913, "CDI": 0.91996231659202399, "log_population": 0.0 }, "geometry": { "type": "Polygon", "coordinates": [ [ [ 11.205524805682147, 43.739673031919168 ], [ 11.205683953287414, 43.739753283431725 ], [ 11.205683953894152, 43.739753276441959 ], [ 11.20552480586535, 43.739673029809914 ], [ 11.205524805682147, 43.739673031919168 ] ] ] } },
{ "type": "Feature", "properties": { "id": 152, "snapped_id": 152.0, "centroid_lon": 11.33227, "centroid_lat": 43.77694, "radius": 202.678, "internal_id": 617532047490809855, "population": 0, "component": 0, "o_score_pt": 3.033084457130653, "o_score_car": 447.9785137317777, "CDI": 0.98654986049445115, "log_population": 0.0 }, "geometry": { "type": "Polygon", "coordinates": [ [ [ 11.332192992247306, 43.776901479634567 ], [ 11.332353075576968, 43.776981890150154 ], [ 11.332353076173874, 43.776981883158165 ], [ 11.332192992427236, 43.776901477528213 ], [ 11.332192992247306, 43.776901479634567 ] ] ] } },
{ "type": "Feature", "properties": { "id": 153, "snapped_id": 153.0, "centroid_lon": 11.22019, "centroid_lat": 43.80389, "radius": 202.515, "internal_id": 617532053682126847, "population": 118, "component": 0, "o_score_pt": 127.53590343143136, "o_score_car": 592.97972398435854, "CDI": 0.6459871276106719, "log_population": 2.075546961392531 }, "geometry": { "type": "Polygon", "coordinates": [ [ [ 11.218633038988802, 43.804363770657119 ], [ 11.220108316221417, 43.805106606644834 ], [ 11.221633021194132, 43.804620932744442 ], [ 11.221737239506368, 43.803419587983988 ], [ 11.220261966660258, 43.802676780405307 ], [ 11.218737318862393, 43.803162441269002 ], [ 11.218633038988802, 43.804363770657119 ] ] ] } },
{ "type": "Feature", "properties": { "id": 154, "snapped_id": 154.0, "centroid_lon": 11.28144, "centroid_lat": 43.79495, "radius": 202.596, "internal_id": 617532047384641535, "population": 59, "component": 0, "o_score_pt": 6.5268229425931432, "o_score_car": 596.50556186052131, "CDI": 0.97835332527050223, "log_population": 1.7781512503836436 }, "geometry": { "type": "Polygon", "coordinates": [ [ [ 11.280168587654016, 43.795323646341998 ], [ 11.2813962739835, 43.795940933565376 ], [ 11.282633125530779, 43.795546152621391 ], [ 11.282716969237477, 43.794571302814028 ], [ 11.281489285919038, 43.793954042114279 ], [ 11.280252481305535, 43.794348809890764 ], [ 11.280168587654016, 43.795323646341998 ] ] ] } },
{ "type": "Feature", "properties": { "id": 155, "snapped_id": 155.0, "centroid_lon": 11.18053, "centroid_lat": 43.77065, "radius": 202.514, "internal_id": 617532049847222271, "population": 59, "component": 0, "o_score_pt": 2.5014504339860908, "o_score_car": 468.60589899406762, "CDI": 0.98938055015688919, "log_population": 1.7781512503836436 }, "geometry": { "type": "Polygon", "coordinates": [ [ [ 11.179254698909121, 43.771023921856951 ], [ 11.180480857296383, 43.771642296198067 ], [ 11.181716842095099, 43.771248659608787 ], [ 11.18180182931621, 43.770273586508075 ], [ 11.180575673710925, 43.769655238703365 ], [ 11.179339735978374, 43.770048862236322 ], [ 11.179254698909121, 43.771023921856951 ] ] ] } },
{ "type": "Feature", "properties": { "id": 156, "snapped_id": 156.0, "centroid_lon": 11.20826, "centroid_lat": 43.78652, "radius": 202.524, "internal_id": 617532053716991999, "population": 0, "component": 0, "o_score_pt": 4.8171796820318233, "o_score_car": 626.93573191198197, "CDI": 0.98474979824033637, "log_population": 0.0 }, "geometry": { "type": "Polygon", "coordinates": [ [ [ 11.208175147393856, 43.786478911594486 ], [ 11.208335336034347, 43.786559619586441 ], [ 11.208335336642083, 43.78655961258972 ], [ 11.208175147575146, 43.786478909508595 ], [ 11.208175147393856, 43.786478911594486 ] ] ] } },
{ "type": "Feature", "properties": { "id": 157, "snapped_id": 157.0, "centroid_lon": 11.29913, "centroid_lat": 43.77165, "radius": 202.648, "internal_id": 617532047595405311, "population": 764, "component": 0, "o_score_pt": 189.78533371225268, "o_score_car": 628.76209454484501, "CDI": 0.53628750843098871, "log_population": 2.8836614351536176 }, "geometry": { "type": "Polygon", "coordinates": [ [ [ 11.296822188880274, 43.772381753544202 ], [ 11.298969441797301, 43.773461321462314 ], [ 11.301272465082326, 43.772725376378219 ], [ 11.301428151139412, 43.770909870936848 ], [ 11.299280907038602, 43.769830329837831 ], [ 11.296977968062523, 43.770566267362227 ], [ 11.296822188880274, 43.772381753544202 ] ] ] } },
{ "type": "Feature", "properties": { "id": 158, "snapped_id": 158.0, "centroid_lon": 11.24794, "centroid_lat": 43.81975, "radius": 202.525, "internal_id": 617532047947202559, "population": 5, "component": 0, "o_score_pt": 7.2962601054723173, "o_score_car": 568.79930073931087, "CDI": 0.97466996588283661, "log_population": 0.77815125038364363 }, "geometry": { "type": "Polygon", "coordinates": [ [ [ 11.247595684505693, 43.81980139447414 ], [ 11.247989225355905, 43.819999359510874 ], [ 11.248258030194968, 43.81991370518147 ], [ 11.248276394038937, 43.819701286616286 ], [ 11.247882850959986, 43.819503332039041 ], [ 11.247614059088091, 43.81958898094198 ], [ 11.247595684505693, 43.81980139447414 ] ] ] } },
{ "type": "Feature", "properties": { "id": 159, "snapped_id": 159.0, "centroid_lon": 11.25861, "centroid_lat": 43.77399, "radius": 202.599, "internal_id": 617532047419506687, "population": 664, "component": 0, "o_score_pt": 574.53313073722381, "o_score_car": 630.7468297596198, "CDI": 0.046639536758931399, "log_population": 2.8228216453031045 }, "geometry": { "type": "Polygon", "coordinates": [ [ [ 11.256359233529359, 43.774708734384582 ], [ 11.258457798102647, 43.775764884352647 ], [ 11.260705333378159, 43.775047555320221 ], [ 11.260858109678175, 43.773276010733923 ], [ 11.258759553457562, 43.772219888021588 ], [ 11.256512100654477, 43.772937208898654 ], [ 11.256359233529359, 43.774708734384582 ] ] ] } },
{ "type": "Feature", "properties": { "id": 160, "snapped_id": 160.0, "centroid_lon": 11.28811, "centroid_lat": 43.74338, "radius": 202.673, "internal_id": 617532049916952575, "population": 275, "component": 0, "o_score_pt": 99.409547530020816, "o_score_car": 531.23074485875702, "CDI": 0.68473455080559076, "log_population": 2.4409090820652177 }, "geometry": { "type": "Polygon", "coordinates": [ [ [ 11.286222459823565, 43.743971825149742 ], [ 11.288002194324616, 43.744867296407257 ], [ 11.289879431077267, 43.74426711175191 ], [ 11.290006543243406, 43.742786167061695 ], [ 11.288226815223211, 43.741890724698479 ], [ 11.286349647836238, 43.7424908977953 ], [ 11.286222459823565, 43.743971825149742 ] ] ] } },
{ "type": "Feature", "properties": { "id": 161, "snapped_id": 161.0, "centroid_lon": 11.33672, "centroid_lat": 43.77728, "radius": 202.683, "internal_id": 617532047489236991, "population": 0, "component": 0, "o_score_pt": 1.7293319922085422, "o_score_car": 459.32708813731182, "CDI": 0.99249839318267064, "log_population": 0.0 }, "geometry": { "type": "Polygon", "coordinates": [ [ [ 11.33664440207296, 43.777243791095266 ], [ 11.336804496735136, 43.777324197620814 ], [ 11.336804497331666, 43.777324190628903 ], [ 11.336644402252812, 43.777243788988521 ], [ 11.33664440207296, 43.777243791095266 ] ] ] } },
{ "type": "Feature", "properties": { "id": 162, "snapped_id": 162.0, "centroid_lon": 11.20684, "centroid_lat": 43.80285, "radius": 202.501, "internal_id": 617532053680553983, "population": 0, "component": 0, "o_score_pt": 334.99826119652965, "o_score_car": 595.54652189732292, "CDI": 0.2799954020853555, "log_population": 0.0 }, "geometry": { "type": "Polygon", "coordinates": [ [ [ 11.206755620173054, 43.802809972118396 ], [ 11.206916170668419, 43.802890843339121 ], [ 11.206916171276704, 43.802890836339898 ], [ 11.206755620353707, 43.802809970040968 ], [ 11.206755620173054, 43.802809972118396 ] ] ] } },
{ "type": "Feature", "properties": { "id": 163, "snapped_id": 163.0, "centroid_lon": 11.32888, "centroid_lat": 43.79039, "radius": 202.656, "internal_id": 617532047558967295, "population": 0, "component": 0, "o_score_pt": 2.5448861316778424, "o_score_car": 484.44038781772298, "CDI": 0.98954840621343998, "log_population": 0.0 }, "geometry": { "type": "Polygon", "coordinates": [ [ [ 11.328803819578603, 43.790346138607859 ], [ 11.328964198381106, 43.790426686470518 ], [ 11.328964198978642, 43.790426679476447 ], [ 11.328803819758052, 43.79034613650871 ], [ 11.328803819578603, 43.790346138607859 ] ] ] } },
{ "type": "Feature", "properties": { "id": 164, "snapped_id": 164.0, "centroid_lon": 11.26306, "centroid_lat": 43.77434, "radius": 202.603, "internal_id": 617532047417933823, "population": 1226, "component": 0, "o_score_pt": 530.16422454784924, "o_score_car": 667.25196112338813, "CDI": 0.114486289909879, "log_population": 3.0888445627270045 }, "geometry": { "type": "Polygon", "coordinates": [ [ [ 11.260755086513376, 43.775072578133454 ], [ 11.262901571946058, 43.776152714776813 ], [ 11.265204592763231, 43.775417590504013 ], [ 11.2653610437356, 43.773602337092356 ], [ 11.263214566969866, 43.772522227269448 ], [ 11.260911630562857, 43.773257344038861 ], [ 11.260755086513376, 43.775072578133454 ] ] ] } },
{ "type": "Feature", "properties": { "id": 165, "snapped_id": 165.0, "centroid_lon": 11.26176, "centroid_lat": 43.81534, "radius": 202.547, "internal_id": 617532047452798975, "population": 0, "component": 0, "o_score_pt": 2.9459781441500068, "o_score_car": 494.04601554814298, "CDI": 0.98814476618722358, "log_population": 0.0 }, "geometry": { "type": "Polygon", "coordinates": [ [ [ 11.261680547932395, 43.815304468544653 ], [ 11.261841424367955, 43.815385372445064 ], [ 11.261841424971868, 43.815385365445493 ], [ 11.261680548111793, 43.815304466466664 ], [ 11.261680547932395, 43.815304468544653 ] ] ] } },
{ "type": "Feature", "properties": { "id": 166, "snapped_id": 166.0, "centroid_lon": 11.21156, "centroid_lat": 43.7484, "radius": 202.579, "internal_id": 617532049774346239, "population": 0, "component": 0, "o_score_pt": 3.2099968604289839, "o_score_car": 545.31783429595805, "CDI": 0.98829595627386202, "log_population": 0.0 }, "geometry": { "type": "Polygon", "coordinates": [ [ [ 11.211485248182409, 43.748362837183251 ], [ 11.211644593750767, 43.748443164572613 ], [ 11.211644594357224, 43.74844315758169 ], [ 11.211485248365179, 43.74836283507765 ], [ 11.211485248182409, 43.748362837183251 ] ] ] } },
{ "type": "Feature", "properties": { "id": 167, "snapped_id": 167.0, "centroid_lon": 11.22605, "centroid_lat": 43.78791, "radius": 202.543, "internal_id": 617532047455682559, "population": 1652, "component": 0, "o_score_pt": 441.43059576145288, "o_score_car": 685.9021535112862, "CDI": 0.2168583835673592, "log_population": 3.2182728535714475 }, "geometry": { "type": "Polygon", "coordinates": [ [ [ 11.223747871312336, 43.788640737137555 ], [ 11.22589384660334, 43.789721402278147 ], [ 11.228197162477786, 43.788987254643423 ], [ 11.228354418523445, 43.787172449316891 ], [ 11.226208451748425, 43.786091810994492 ], [ 11.223905220409812, 43.786825951181598 ], [ 11.223747871312336, 43.788640737137555 ] ] ] } },
{ "type": "Feature", "properties": { "id": 168, "snapped_id": 168.0, "centroid_lon": 11.25358, "centroid_lat": 43.75441, "radius": 202.619, "internal_id": 617532049985110015, "population": 97, "component": 0, "o_score_pt": 21.821456997162642, "o_score_car": 662.33336777821557, "CDI": 0.93620900940272678, "log_population": 1.9912260756924949 }, "geometry": { "type": "Polygon", "coordinates": [ [ [ 11.252107811332168, 43.754858700951132 ], [ 11.253512089887181, 43.755565763440821 ], [ 11.254954303320421, 43.75510526526525 ], [ 11.255052450219278, 43.753967490598107 ], [ 11.253648175713996, 43.753260456116223 ], [ 11.252206016453703, 43.753720941097143 ], [ 11.252107811332168, 43.754858700951132 ] ] ] } },
{ "type": "Feature", "properties": { "id": 169, "snapped_id": 169.0, "centroid_lon": 11.23077, "centroid_lat": 43.73345, "radius": 202.621, "internal_id": 617532050019975167, "population": 1, "component": 0, "o_score_pt": 148.21866688893567, "o_score_car": 513.78406568997536, "CDI": 0.55221131395777756, "log_population": 0.3010299956639812 }, "geometry": { "type": "Polygon", "coordinates": [ [ [ 11.230687693693918, 43.733408023668638 ], [ 11.230846725111718, 43.733488173016248 ], [ 11.230846725716148, 43.733488166028089 ], [ 11.230687693877009, 43.73340802155311 ], [ 11.230687693693918, 43.733408023668638 ] ] ] } },
{ "type": "Feature", "properties": { "id": 170, "snapped_id": 170.0, "centroid_lon": 11.19936, "centroid_lat": 43.78582, "radius": 202.515, "internal_id": 617532053713846271, "population": 6, "component": 0, "o_score_pt": 12.79477223174926, "o_score_car": 578.50162921798096, "CDI": 0.95672298292234081, "log_population": 0.84509804001425681 }, "geometry": { "type": "Polygon", "coordinates": [ [ [ 11.19895565932935, 43.785896440054756 ], [ 11.19940451855186, 43.786122642970199 ], [ 11.199737532746799, 43.786016572691565 ], [ 11.199760478714666, 43.785752718977555 ], [ 11.199311617588842, 43.785526528071301 ], [ 11.198978618656867, 43.78563259204531 ], [ 11.19895565932935, 43.785896440054756 ] ] ] } },
{ "type": "Feature", "properties": { "id": 171, "snapped_id": 171.0, "centroid_lon": 11.28086, "centroid_lat": 43.77572, "radius": 202.622, "internal_id": 617532047416360959, "population": 902, "component": 0, "o_score_pt": 223.62483539903241, "o_score_car": 674.91029058103607, "CDI": 0.50224575771566915, "log_population": 2.9556877503135057 }, "geometry": { "type": "Polygon", "coordinates": [ [ [ 11.278553899339776, 43.776451629055586 ], [ 11.280700833515358, 43.777531471430883 ], [ 11.283003930648052, 43.776795975668101 ], [ 11.283160009237465, 43.774980645062847 ], [ 11.281013083803067, 43.773900829506466 ], [ 11.278710071036096, 43.774636317737581 ], [ 11.278553899339776, 43.776451629055586 ] ] ] } },
{ "type": "Feature", "properties": { "id": 172, "snapped_id": 172.0, "centroid_lon": 11.32138, "centroid_lat": 43.77336, "radius": 202.671, "internal_id": 617532047592259583, "population": 11, "component": 0, "o_score_pt": 116.20383649448604, "o_score_car": 515.70458028406858, "CDI": 0.63221304414051382, "log_population": 1.0791812460476249 }, "geometry": { "type": "Polygon", "coordinates": [ [ [ 11.320757007197368, 43.773510605635792 ], [ 11.321400964019345, 43.773834176278903 ], [ 11.321961142759857, 43.773655058917328 ], [ 11.321998932338863, 43.773213036024671 ], [ 11.321354974943546, 43.772889482238533 ], [ 11.320794819316372, 43.773068590537768 ], [ 11.320757007197368, 43.773510605635792 ] ] ] } },
{ "type": "Feature", "properties": { "id": 173, "snapped_id": 173.0, "centroid_lon": 11.27922, "centroid_lat": 43.74269, "radius": 202.664, "internal_id": 617532049913806847, "population": 51, "component": 0, "o_score_pt": 10.374752788191184, "o_score_car": 477.05521612587279, "CDI": 0.9574307964226948, "log_population": 1.7160033436347992 }, "geometry": { "type": "Polygon", "coordinates": [ [ [ 11.278002777906737, 43.743047377591111 ], [ 11.279177469944173, 43.743638568501844 ], [ 11.280353245937677, 43.743262738750524 ], [ 11.28043300002135, 43.742334675605541 ], [ 11.279258310676257, 43.741743510654054 ], [ 11.278082579444527, 43.742119327375605 ], [ 11.278002777906737, 43.743047377591111 ] ] ] } },
{ "type": "Feature", "properties": { "id": 174, "snapped_id": 174.0, "centroid_lon": 11.28648, "centroid_lat": 43.81452, "radius": 202.576, "internal_id": 617532047134294015, "population": 0, "component": 0, "o_score_pt": 130.40533523492823, "o_score_car": 611.14301217773186, "CDI": 0.64828905440912632, "log_population": 0.0 }, "geometry": { "type": "Polygon", "coordinates": [ [ [ 11.286400574516332, 43.814479444427498 ], [ 11.286561453747824, 43.814560299321698 ], [ 11.286561454349606, 43.814560292322881 ], [ 11.286400574695422, 43.814479442345927 ], [ 11.286400574516332, 43.814479444427498 ] ] ] } },
{ "type": "Feature", "properties": { "id": 175, "snapped_id": 175.0, "centroid_lon": 11.3065, "centroid_lat": 43.76399, "radius": 202.666, "internal_id": 617532047596716031, "population": 73, "component": 0, "o_score_pt": 173.19743217997743, "o_score_car": 588.29936330787962, "CDI": 0.54511316867980364, "log_population": 1.8692317197309762 }, "geometry": { "type": "Polygon", "coordinates": [ [ [ 11.305142102224201, 43.764397328613491 ], [ 11.306445412849257, 43.765052555371511 ], [ 11.30776996034046, 43.764629100660194 ], [ 11.307859440112976, 43.763584407455298 ], [ 11.306556133038962, 43.762929207932835 ], [ 11.305231635495492, 43.763352649358161 ], [ 11.305142102224201, 43.764397328613491 ] ] ] } },
{ "type": "Feature", "properties": { "id": 176, "snapped_id": 176.0, "centroid_lon": 11.25684, "centroid_lat": 43.82044, "radius": 202.534, "internal_id": 617532047948513279, "population": 13, "component": 0, "o_score_pt": 73.607233165088857, "o_score_car": 545.41360168930817, "CDI": 0.76218172629875258, "log_population": 1.146128035678238 }, "geometry": { "type": "Polygon", "coordinates": [ [ [ 11.25615514049642, 43.82061270623403 ], [ 11.256855733830372, 43.820965043489558 ], [ 11.257480925143431, 43.820765780664289 ], [ 11.25752347978832, 43.820272946094413 ], [ 11.256822886134636, 43.819920626960659 ], [ 11.256197720310348, 43.820119880096364 ], [ 11.25615514049642, 43.82061270623403 ] ] ] } },
{ "type": "Feature", "properties": { "id": 177, "snapped_id": 177.0, "centroid_lon": 11.27137, "centroid_lat": 43.75579, "radius": 202.637, "internal_id": 617532049983537151, "population": 50, "component": 0, "o_score_pt": 209.94254693834043, "o_score_car": 628.4269286338033, "CDI": 0.49916462119505117, "log_population": 1.7075701760979363 }, "geometry": { "type": "Polygon", "coordinates": [ [ [ 11.27016631950632, 43.756146029101949 ], [ 11.271334179033383, 43.756733771806765 ], [ 11.272501985793816, 43.756360714594869 ], [ 11.272581282425435, 43.75543923392479 ], [ 11.271413425527339, 43.754851517100796 ], [ 11.270245663269879, 43.755224561308573 ], [ 11.27016631950632, 43.756146029101949 ] ] ] } },
{ "type": "Feature", "properties": { "id": 178, "snapped_id": 178.0, "centroid_lon": 11.23521, "centroid_lat": 43.73379, "radius": 202.626, "internal_id": 617532050018402303, "population": 0, "component": 0, "o_score_pt": 4.211066604784266, "o_score_car": 544.11050953210622, "CDI": 0.98464015720682518, "log_population": 0.0 }, "geometry": { "type": "Polygon", "coordinates": [ [ [ 11.235134208465878, 43.733753868892443 ], [ 11.235293251510182, 43.733834014463433 ], [ 11.235293252114245, 43.733834007475323 ], [ 11.235134208648892, 43.733753866776524 ], [ 11.235134208465878, 43.733753868892443 ] ] ] } },
{ "type": "Feature", "properties": { "id": 179, "snapped_id": 179.0, "centroid_lon": 11.26903, "centroid_lat": 43.78302, "radius": 202.598, "internal_id": 617532047414788095, "population": 1000, "component": 0, "o_score_pt": 481.74268506287439, "o_score_car": 712.97521795472369, "CDI": 0.1935457167820169, "log_population": 3.0004340774793188 }, "geometry": { "type": "Polygon", "coordinates": [ [ [ 11.266725492205486, 43.78375831477198 ], [ 11.268872340335374, 43.78483831118524 ], [ 11.271175614386669, 43.784103164380177 ], [ 11.271331955894116, 43.782288028677428 ], [ 11.269185116457788, 43.781208059081422 ], [ 11.266881926818458, 43.781943198372069 ], [ 11.266725492205486, 43.78375831477198 ] ] ] } },
{ "type": "Feature", "properties": { "id": 180, "snapped_id": 180.0, "centroid_lon": 11.30803, "centroid_lat": 43.77233, "radius": 202.657, "internal_id": 617532047590686719, "population": 8, "component": 0, "o_score_pt": 130.84589109972092, "o_score_car": 573.20088247961849, "CDI": 0.62830341389249811, "log_population": 0.95424250943932487 }, "geometry": { "type": "Polygon", "coordinates": [ [ [ 11.307521664773663, 43.772440692503871 ], [ 11.308061273894591, 43.7727119295363 ], [ 11.308500449449403, 43.772571552521185 ], [ 11.308530151016265, 43.772224770076562 ], [ 11.307990540652174, 43.77195354740288 ], [ 11.307551383979705, 43.772093916731343 ], [ 11.307521664773663, 43.772440692503871 ] ] ] } },
{ "type": "Feature", "properties": { "id": 181, "snapped_id": 181.0, "centroid_lon": 11.25836, "centroid_lat": 43.82878, "radius": 202.525, "internal_id": 617532047942483967, "population": 0, "component": 0, "o_score_pt": 1.7575800755370148, "o_score_car": 464.92833461633683, "CDI": 0.99246782463234418, "log_population": 0.0 }, "geometry": { "type": "Polygon", "coordinates": [ [ [ 11.258279552491226, 43.828739607401474 ], [ 11.258440725067285, 43.828820649117915 ], [ 11.258440725671838, 43.828820642116241 ], [ 11.258279552670134, 43.828739605330725 ], [ 11.258279552491226, 43.828739607401474 ] ] ] } },
{ "type": "Feature", "properties": { "id": 182, "snapped_id": 182.0, "centroid_lon": 11.28402, "centroid_lat": 43.81707, "radius": 202.57, "internal_id": 617532047449653247, "population": 0, "component": 0, "o_score_pt": 148.26906332888674, "o_score_car": 562.90188438847861, "CDI": 0.58302834556224847, "log_population": 0.0 }, "geometry": { "type": "Polygon", "coordinates": [ [ [ 11.283940265324288, 43.817029165341758 ], [ 11.284101199180659, 43.817110049367798 ], [ 11.284101199782715, 43.817110042368554 ], [ 11.283940265503311, 43.817029163261815 ], [ 11.283940265324288, 43.817029165341758 ] ] ] } },
{ "type": "Feature", "properties": { "id": 183, "snapped_id": 183.0, "centroid_lon": 11.18942, "centroid_lat": 43.77134, "radius": 202.523, "internal_id": 617532049848532991, "population": 166, "component": 0, "o_score_pt": 46.942538533996739, "o_score_car": 577.43215738041931, "CDI": 0.84963343696929305, "log_population": 2.2227164711475833 }, "geometry": { "type": "Polygon", "coordinates": [ [ [ 11.187734072206142, 43.771864440176664 ], [ 11.18933085426182, 43.772669529912001 ], [ 11.190997240544576, 43.772138696073057 ], [ 11.191111620557235, 43.770824822617165 ], [ 11.189514843546229, 43.770019761732335 ], [ 11.187848519463348, 43.770550583014952 ], [ 11.187734072206142, 43.771864440176664 ] ] ] } },
{ "type": "Feature", "properties": { "id": 184, "snapped_id": 184.0, "centroid_lon": 11.1845, "centroid_lat": 43.77644, "radius": 202.511, "internal_id": 617532053718302719, "population": 26, "component": 0, "o_score_pt": 7.7714409095250367, "o_score_car": 573.60634587907066, "CDI": 0.97326543570763924, "log_population": 1.4313637641589874 }, "geometry": { "type": "Polygon", "coordinates": [ [ [ 11.183551248917995, 43.776703638684182 ], [ 11.184488556871942, 43.777176247905274 ], [ 11.185388943924126, 43.77688950684842 ], [ 11.185450865947336, 43.776178768868817 ], [ 11.184513559036693, 43.775706182314394 ], [ 11.183613207232934, 43.775992911583863 ], [ 11.183551248917995, 43.776703638684182 ] ] ] } },
{ "type": "Feature", "properties": { "id": 185, "snapped_id": 185.0, "centroid_lon": 11.27254, "centroid_lat": 43.79426, "radius": 202.587, "internal_id": 617532047385952255, "population": 1004, "component": 0, "o_score_pt": 224.09570364530461, "o_score_car": 674.72443098946849, "CDI": 0.5013558441559306, "log_population": 3.0021660617565078 }, "geometry": { "type": "Polygon", "coordinates": [ [ [ 11.270237424533359, 43.794993293874207 ], [ 11.272384644136045, 43.79607317675498 ], [ 11.274688236770819, 43.795338092767459 ], [ 11.274844525375501, 43.793523133422383 ], [ 11.272697314483324, 43.792443277355005 ], [ 11.270393806273976, 43.793178353820444 ], [ 11.270237424533359, 43.794993293874207 ] ] ] } },
{ "type": "Feature", "properties": { "id": 186, "snapped_id": 186.0, "centroid_lon": 11.25955, "centroid_lat": 43.7631, "radius": 202.614, "internal_id": 617532049981964287, "population": 401, "component": 0, "o_score_pt": 213.06913132207555, "o_score_car": 618.41919833487111, "CDI": 0.48749940625147897, "log_population": 2.6042260530844699 }, "geometry": { "type": "Polygon", "coordinates": [ [ [ 11.257503099786883, 43.763745745682812 ], [ 11.259419043148274, 43.764710141166461 ], [ 11.261454723863984, 43.764060204657888 ], [ 11.261593092580535, 43.762455139831687 ], [ 11.259677156445976, 43.761490772811399 ], [ 11.257641550746403, 43.762140699019731 ], [ 11.257503099786883, 43.763745745682812 ] ] ] } },
{ "type": "Feature", "properties": { "id": 187, "snapped_id": 187.0, "centroid_lon": 11.253, "centroid_lat": 43.73518, "radius": 202.644, "internal_id": 617532050016829439, "population": 8, "component": 0, "o_score_pt": 2.9767088098038217, "o_score_car": 543.6466847521649, "CDI": 0.98910873978368685, "log_population": 0.95424250943932487 }, "geometry": { "type": "Polygon", "coordinates": [ [ [ 11.252497451398522, 43.735283576024194 ], [ 11.253036387283581, 43.735555026941853 ], [ 11.253474852595302, 43.735414948235558 ], [ 11.25350479570503, 43.735067713716852 ], [ 11.252965858542122, 43.734796277162239 ], [ 11.252527412134686, 43.73493634820985 ], [ 11.252497451398522, 43.735283576024194 ] ] ] } },
{ "type": "Feature", "properties": { "id": 188, "snapped_id": 188.0, "centroid_lon": 11.29573, "centroid_lat": 43.78509, "radius": 202.626, "internal_id": 617532047378350079, "population": 157, "component": 0, "o_score_pt": 27.078891487361371, "o_score_car": 623.75563173362752, "CDI": 0.91678716933039284, "log_population": 2.1986570869544226 }, "geometry": { "type": "Polygon", "coordinates": [ [ [ 11.29406474685587, 43.78560275122851 ], [ 11.29564339328137, 43.786396338603126 ], [ 11.297287156264384, 43.785871315731789 ], [ 11.29739834460009, 43.784575697658561 ], [ 11.295819703417958, 43.783782139072862 ], [ 11.29417600162283, 43.784307149157705 ], [ 11.29406474685587, 43.78560275122851 ] ] ] } },
{ "type": "Feature", "properties": { "id": 189, "snapped_id": 189.0, "centroid_lon": 11.1544, "centroid_lat": 43.78778, "radius": 202.461, "internal_id": 617532053710700543, "population": 0, "component": 0, "o_score_pt": 0.2116429002121771, "o_score_car": 459.28502481659297, "CDI": 0.99907880550575578, "log_population": 0.0 }, "geometry": { "type": "Polygon", "coordinates": [ [ [ 11.154323668836335, 43.787744123888771 ], [ 11.154483837129458, 43.787824931935091 ], [ 11.154483837741834, 43.787824924936729 ], [ 11.154323669018323, 43.787744121810228 ], [ 11.154323668836335, 43.787744123888771 ] ] ] } },
{ "type": "Feature", "properties": { "id": 190, "snapped_id": 190.0, "centroid_lon": 11.2729, "centroid_lat": 43.76413, "radius": 202.628, "internal_id": 617532047413215231, "population": 360, "component": 0, "o_score_pt": 352.24824879789617, "o_score_car": 693.72426892603994, "CDI": 0.32646748776077278, "log_population": 2.5575072019056577 }, "geometry": { "type": "Polygon", "coordinates": [ [ [ 11.270893579898605, 43.764765179093978 ], [ 11.272770831375505, 43.765709758235218 ], [ 11.274761359323522, 43.765074012511576 ], [ 11.27489641494579, 43.763504529439388 ], [ 11.273019170503101, 43.762559978924415 ], [ 11.271028715953252, 43.763195713945258 ], [ 11.270893579898605, 43.764765179093978 ] ] ] } },
{ "type": "Feature", "properties": { "id": 191, "snapped_id": 191.0, "centroid_lon": 11.28964, "centroid_lat": 43.75172, "radius": 202.664, "internal_id": 617532049989566463, "population": 117, "component": 0, "o_score_pt": 135.85814332430371, "o_score_car": 550.12656383968874, "CDI": 0.6039032884975809, "log_population": 2.0718820073061255 }, "geometry": { "type": "Polygon", "coordinates": [ [ [ 11.288089644465437, 43.752194709596324 ], [ 11.28956162808583, 43.752935206767518 ], [ 11.291081974823122, 43.752449219914659 ], [ 11.291184916619146, 43.751249840017621 ], [ 11.289712937564657, 43.750509371233051 ], [ 11.288192647670497, 43.750995344967613 ], [ 11.288089644465437, 43.752194709596324 ] ] ] } },
{ "type": "Feature", "properties": { "id": 192, "snapped_id": 192.0, "centroid_lon": 11.22217, "centroid_lat": 43.80679, "radius": 202.513, "internal_id": 617532053683437567, "population": 203, "component": 0, "o_score_pt": 112.37962394063608, "o_score_car": 599.56815268610058, "CDI": 0.68430374353270862, "log_population": 2.3096301674258988 }, "geometry": { "type": "Polygon", "coordinates": [ [ [ 11.220403163723555, 43.807335021512714 ], [ 11.222073753863059, 43.808176116497151 ], [ 11.22382518379656, 43.8076182385783 ], [ 11.223944849354071, 43.806238541354318 ], [ 11.222274264802747, 43.805397475319019 ], [ 11.220522900018921, 43.805955341010844 ], [ 11.220403163723555, 43.807335021512714 ] ] ] } },
{ "type": "Feature", "properties": { "id": 193, "snapped_id": 226.0, "centroid_lon": 11.27066, "centroid_lat": 43.81604, "radius": 202.556, "internal_id": 617532047448080383, "population": 0, "component": 0, "o_score_pt": 133.29643652394276, "o_score_car": 545.63264808672636, "CDI": 0.60733325601927501, "log_population": 0.0 }, "geometry": { "type": "Polygon", "coordinates": [ [ [ 11.270584040704918, 43.815994847102509 ], [ 11.270744940145583, 43.816075743073064 ], [ 11.270744940748756, 43.8160757360736 ], [ 11.270584040884168, 43.815994845023717 ], [ 11.270584040704918, 43.815994847102509 ] ] ] } },
{ "type": "Feature", "properties": { "id": 194, "snapped_id": 194.0, "centroid_lon": 11.24118, "centroid_lat": 43.74248, "radius": 202.621, "internal_id": 617532050015256575, "population": 7, "component": 0, "o_score_pt": 149.95311507747718, "o_score_car": 610.64535062403718, "CDI": 0.60569703505995753, "log_population": 0.90308998699194354 }, "geometry": { "type": "Polygon", "coordinates": [ [ [ 11.24072177625446, 43.742574421110206 ], [ 11.241218184074693, 43.74282449732474 ], [ 11.241607157818651, 43.742700298311171 ], [ 11.241633783571519, 43.742392083549909 ], [ 11.241137374197244, 43.74214202061097 ], [ 11.240748417632838, 43.742266212581519 ], [ 11.24072177625446, 43.742574421110206 ] ] ] } },
{ "type": "Feature", "properties": { "id": 195, "snapped_id": 195.0, "centroid_lon": 11.28238, "centroid_lat": 43.78406, "radius": 202.612, "internal_id": 617532047376777215, "population": 1574, "component": 0, "o_score_pt": 116.59552734578224, "o_score_car": 649.00716049075356, "CDI": 0.69541505222438149, "log_population": 3.1972805581256192 }, "geometry": { "type": "Polygon", "coordinates": [ [ [ 11.280076252595515, 43.78479236416198 ], [ 11.282223437298057, 43.785872139785056 ], [ 11.284526768527407, 43.785136714304812 ], [ 11.284682830673637, 43.783321520738305 ], [ 11.282535654720343, 43.782241771931353 ], [ 11.280232407869601, 43.782977189875943 ], [ 11.280076252595515, 43.78479236416198 ] ] ] } },
{ "type": "Feature", "properties": { "id": 196, "snapped_id": 196.0, "centroid_lon": 11.18299, "centroid_lat": 43.7681, "radius": 202.52, "internal_id": 617532049839357951, "population": 12, "component": 0, "o_score_pt": 2.500002453936585, "o_score_car": 537.75377652695329, "CDI": 0.99074508110372717, "log_population": 1.1139433523068367 }, "geometry": { "type": "Polygon", "coordinates": [ [ [ 11.182335904269769, 43.768259789990672 ], [ 11.18300851385281, 43.768598994355386 ], [ 11.183601504686692, 43.768410109996182 ], [ 11.183642359705592, 43.767941189960439 ], [ 11.18296974956845, 43.767602003133476 ], [ 11.182376783160356, 43.767790878159119 ], [ 11.182335904269769, 43.768259789990672 ] ] ] } },
{ "type": "Feature", "properties": { "id": 197, "snapped_id": 197.0, "centroid_lon": 11.27605, "centroid_lat": 43.80549, "radius": 202.576, "internal_id": 617532047446507519, "population": 72, "component": 0, "o_score_pt": 208.20734239487044, "o_score_car": 636.93740556228954, "CDI": 0.50728595806070276, "log_population": 1.8633228601204559 }, "geometry": { "type": "Polygon", "coordinates": [ [ [ 11.274700279641591, 43.805895920411388 ], [ 11.27599922375722, 43.806549011502035 ], [ 11.277318700885306, 43.806128051983492 ], [ 11.277408204929298, 43.805088401017272 ], [ 11.276109264253407, 43.804435337125348 ], [ 11.27478983697797, 43.804856283386037 ], [ 11.274700279641591, 43.805895920411388 ] ] ] } },
{ "type": "Feature", "properties": { "id": 198, "snapped_id": 198.0, "centroid_lon": 11.29691, "centroid_lat": 43.82355, "radius": 202.576, "internal_id": 617532047129575423, "population": 0, "component": 0, "o_score_pt": 0.46820289563798101, "o_score_car": 573.93665682341418, "CDI": 0.99836978086896055, "log_population": 0.0 }, "geometry": { "type": "Polygon", "coordinates": [ [ [ 11.296830011578354, 43.823505830590136 ], [ 11.296991100464755, 43.823586756866021 ], [ 11.296991101065878, 43.823586749866159 ], [ 11.296830011756942, 43.82350582851182 ], [ 11.296830011578354, 43.823505830590136 ] ] ] } },
{ "type": "Feature", "properties": { "id": 199, "snapped_id": 199.0, "centroid_lon": 11.26786, "centroid_lat": 43.74455, "radius": 202.648, "internal_id": 617532049978818559, "population": 9, "component": 0, "o_score_pt": 5.7959905405716707, "o_score_car": 562.03861364763645, "CDI": 0.97958563814948285, "log_population": 1.0 }, "geometry": { "type": "Polygon", "coordinates": [ [ [ 11.267316811573078, 43.74467670422176 ], [ 11.267894092086808, 43.744967311778723 ], [ 11.268377018985353, 43.744813004650013 ], [ 11.268409900378662, 43.744430992470683 ], [ 11.267832618833108, 43.744140400218569 ], [ 11.267349712387295, 43.744294699159525 ], [ 11.267316811573078, 43.74467670422176 ] ] ] } },
{ "type": "Feature", "properties": { "id": 200, "snapped_id": 200.0, "centroid_lon": 11.264, "centroid_lat": 43.76345, "radius": 202.619, "internal_id": 617532047410069503, "population": 470, "component": 0, "o_score_pt": 254.20501729793784, "o_score_car": 567.88039503998948, "CDI": 0.3815605690532699, "log_population": 2.6730209071288962 }, "geometry": { "type": "Polygon", "coordinates": [ [ [ 11.261887669265075, 43.764113210970315 ], [ 11.263861105786088, 43.765106425659731 ], [ 11.265963387716242, 43.76443514650024 ], [ 11.266106193201738, 43.762777612485912 ], [ 11.264132764279426, 43.761784425957913 ], [ 11.262030559694116, 43.762455695422688 ], [ 11.261887669265075, 43.764113210970315 ] ] ] } },
{ "type": "Feature", "properties": { "id": 201, "snapped_id": 601.0, "centroid_lon": 11.21554, "centroid_lat": 43.7542, "radius": 202.576, "internal_id": 617532049801347071, "population": 0, "component": 0, "o_score_pt": 5.3743565511064606, "o_score_car": 545.715477998354, "CDI": 0.98049553370731224, "log_population": 0.0 }, "geometry": { "type": "Polygon", "coordinates": [ [ [ 11.215459662397615, 43.754155612565981 ], [ 11.215619139968625, 43.754235990518914 ], [ 11.215619140574896, 43.754235983527238 ], [ 11.215459662580095, 43.75415561046281 ], [ 11.215459662397615, 43.754155612565981 ] ] ] } },
{ "type": "Feature", "properties": { "id": 202, "snapped_id": 202.0, "centroid_lon": 11.25452, "centroid_lat": 43.74352, "radius": 202.635, "internal_id": 617532049977245695, "population": 23, "component": 0, "o_score_pt": 7.1728156119010542, "o_score_car": 559.47940188157929, "CDI": 0.97468353466036317, "log_population": 1.3802112417116059 }, "geometry": { "type": "Polygon", "coordinates": [ [ [ 11.253618427972405, 43.743765954618517 ], [ 11.254512820666303, 43.744216359896953 ], [ 11.255363572252149, 43.743944620784625 ], [ 11.255421518287177, 43.743272631968118 ], [ 11.254527126503996, 43.742822248615397 ], [ 11.253676408305459, 43.743093976205259 ], [ 11.253618427972405, 43.743765954618517 ] ] ] } },
{ "type": "Feature", "properties": { "id": 203, "snapped_id": 203.0, "centroid_lon": 11.17617, "centroid_lat": 43.79497, "radius": 202.477, "internal_id": 617532053671116799, "population": 339, "component": 0, "o_score_pt": 14.426256083169656, "o_score_car": 548.81117713505046, "CDI": 0.94877380219300755, "log_population": 2.5314789170422549 }, "geometry": { "type": "Polygon", "coordinates": [ [ [ 11.174189665653529, 43.795591536448889 ], [ 11.176044106382021, 43.796526484804673 ], [ 11.178009924651159, 43.795900935210696 ], [ 11.178145065448785, 43.794352178542617 ], [ 11.17629063127692, 43.793417258892788 ], [ 11.174324885800569, 43.794042797716614 ], [ 11.174189665653529, 43.795591536448889 ] ] ] } },
{ "type": "Feature", "properties": { "id": 204, "snapped_id": 204.0, "centroid_lon": 11.1633, "centroid_lat": 43.78848, "radius": 202.47, "internal_id": 617532053705981951, "population": 22, "component": 0, "o_score_pt": 4.6185997520228179, "o_score_car": 486.03468881897038, "CDI": 0.98117367249091803, "log_population": 1.3617278360175928 }, "geometry": { "type": "Polygon", "coordinates": [ [ [ 11.16241387238167, 43.788722161785223 ], [ 11.16329327627048, 43.789165728080938 ], [ 11.16412631159082, 43.788900690503908 ], [ 11.16418378323093, 43.788243106054935 ], [ 11.163304379996678, 43.78779956143628 ], [ 11.162471377588689, 43.788064587672146 ], [ 11.16241387238167, 43.788722161785223 ] ] ] } },
{ "type": "Feature", "properties": { "id": 205, "snapped_id": 205.0, "centroid_lon": 11.28332, "centroid_lat": 43.77317, "radius": 202.628, "internal_id": 617532047408496639, "population": 753, "component": 0, "o_score_pt": 236.68089356138955, "o_score_car": 664.35574177944295, "CDI": 0.47464756863773699, "log_population": 2.8773713458697738 }, "geometry": { "type": "Polygon", "coordinates": [ [ [ 11.281015657115548, 43.773899931504708 ], [ 11.283160283149558, 43.774978590583494 ], [ 11.285460648318933, 43.774243861166603 ], [ 11.285616489758178, 43.772430572914445 ], [ 11.283471872460694, 43.771351940677235 ], [ 11.281171591551685, 43.772086662526505 ], [ 11.281015657115548, 43.773899931504708 ] ] ] } },
{ "type": "Feature", "properties": { "id": 206, "snapped_id": 206.0, "centroid_lon": 11.26715, "centroid_lat": 43.8048, "radius": 202.567, "internal_id": 617532047443361791, "population": 32, "component": 0, "o_score_pt": 197.54499034316169, "o_score_car": 546.22309621911234, "CDI": 0.46879949835916579, "log_population": 1.5185139398778875 }, "geometry": { "type": "Polygon", "coordinates": [ [ [ 11.266119779843425, 43.80509370010278 ], [ 11.267130863752605, 43.805602183147272 ], [ 11.268116455671203, 43.805287817957293 ], [ 11.268183412565781, 43.804511010315686 ], [ 11.267172330286689, 43.804002551070411 ], [ 11.266186776503613, 43.804316903937242 ], [ 11.266119779843425, 43.80509370010278 ] ] ] } },
{ "type": "Feature", "properties": { "id": 207, "snapped_id": 207.0, "centroid_lon": 11.2216, "centroid_lat": 43.78756, "radius": 202.538, "internal_id": 617532047457255423, "population": 782, "component": 0, "o_score_pt": 367.69160805967442, "o_score_car": 691.70587505282458, "CDI": 0.30584768432826509, "log_population": 2.8937617620579434 }, "geometry": { "type": "Polygon", "coordinates": [ [ [ 11.219298711980922, 43.788294053287203 ], [ 11.221444574823462, 43.789374791911207 ], [ 11.223747871312336, 43.788640737137555 ], [ 11.223905220409812, 43.786825951181598 ], [ 11.221759366064701, 43.785745239376112 ], [ 11.219456154122737, 43.786479286709231 ], [ 11.219298711980922, 43.788294053287203 ] ] ] } },
{ "type": "Feature", "properties": { "id": 208, "snapped_id": 208.0, "centroid_lon": 11.23333, "centroid_lat": 43.75558, "radius": 202.594, "internal_id": 617532049799774207, "population": 118, "component": 0, "o_score_pt": 162.6265683538202, "o_score_car": 604.65166596376537, "CDI": 0.57609492598611334, "log_population": 2.075546961392531 }, "geometry": { "type": "Polygon", "coordinates": [ [ [ 11.231778087318324, 43.756053842384688 ], [ 11.233252453421233, 43.756796566583077 ], [ 11.23477621730096, 43.756310329468036 ], [ 11.23488019704787, 43.755108317124481 ], [ 11.233405835371665, 43.754365621334486 ], [ 11.231882128571694, 43.754851845406996 ], [ 11.231778087318324, 43.756053842384688 ] ] ] } },
{ "type": "Feature", "properties": { "id": 209, "snapped_id": 209.0, "centroid_lon": 11.27383, "centroid_lat": 43.75324, "radius": 202.644, "internal_id": 617532049975672831, "population": 22, "component": 0, "o_score_pt": 4.2328382029487646, "o_score_car": 577.31283653554942, "CDI": 0.98544280049936883, "log_population": 1.3617278360175928 }, "geometry": { "type": "Polygon", "coordinates": [ [ [ 11.272948041496946, 43.753482145231153 ], [ 11.273827304102193, 43.753924639408915 ], [ 11.274660405028914, 43.753658465035009 ], [ 11.274716986628606, 43.753000688898183 ], [ 11.273837724867136, 43.752558216372634 ], [ 11.273004656685073, 43.752824379329354 ], [ 11.272948041496946, 43.753482145231153 ] ] ] } },
{ "type": "Feature", "properties": { "id": 210, "snapped_id": 210.0, "centroid_lon": 11.18062, "centroid_lat": 43.79532, "radius": 202.481, "internal_id": 617532053669543935, "population": 962, "component": 0, "o_score_pt": 14.73127045434088, "o_score_car": 552.17750710987343, "CDI": 0.94802948538692444, "log_population": 2.9836262871245345 }, "geometry": { "type": "Polygon", "coordinates": [ [ [ 11.178312400696241, 43.796053282033746 ], [ 11.180457509208663, 43.797134641998099 ], [ 11.18276092931305, 43.796401578943716 ], [ 11.182919156231948, 43.794587163303476 ], [ 11.180774056048222, 43.793505830157379 ], [ 11.178470720614907, 43.794238885834396 ], [ 11.178312400696241, 43.796053282033746 ] ] ] } },
{ "type": "Feature", "properties": { "id": 211, "snapped_id": 211.0, "centroid_lon": 11.1687, "centroid_lat": 43.77794, "radius": 202.491, "internal_id": 617532053704409087, "population": 28, "component": 0, "o_score_pt": 4.7368259126911232, "o_score_car": 496.88944818419048, "CDI": 0.98111412357249739, "log_population": 1.4623979978989561 }, "geometry": { "type": "Polygon", "coordinates": [ [ [ 11.167718835713622, 43.778216547978523 ], [ 11.1686819394486, 43.778702349327141 ], [ 11.169612314821643, 43.778406205916241 ], [ 11.169676437039415, 43.777671820113596 ], [ 11.168713334475491, 43.777186041854449 ], [ 11.167782995430739, 43.777482173316997 ], [ 11.167718835713622, 43.778216547978523 ] ] ] } },
{ "type": "Feature", "properties": { "id": 212, "snapped_id": 212.0, "centroid_lon": 11.2928, "centroid_lat": 43.79309, "radius": 202.612, "internal_id": 617532047372058623, "population": 0, "component": 0, "o_score_pt": 3.1201046998181208, "o_score_car": 581.16253039849289, "CDI": 0.98931987872857741, "log_population": 0.0 }, "geometry": { "type": "Polygon", "coordinates": [ [ [ 11.292724432071854, 43.793045204955895 ], [ 11.2928848402718, 43.793125838877295 ], [ 11.292884840872487, 43.793125831881838 ], [ 11.292724432251704, 43.793045202862686 ], [ 11.292724432071854, 43.793045204955895 ] ] ] } },
{ "type": "Feature", "properties": { "id": 213, "snapped_id": 213.0, "centroid_lon": 11.26997, "centroid_lat": 43.77213, "radius": 202.614, "internal_id": 617532047406923775, "population": 955, "component": 0, "o_score_pt": 472.10946189275029, "o_score_car": 702.28173720153416, "CDI": 0.19599284760163191, "log_population": 2.9804578922761 }, "geometry": { "type": "Polygon", "coordinates": [ [ [ 11.267663999274063, 43.772867127463478 ], [ 11.26981058823729, 43.773947163736928 ], [ 11.272113562879593, 43.773211861244611 ], [ 11.27226986416931, 43.771396529993872 ], [ 11.270123283901277, 43.770316520541137 ], [ 11.26782039364636, 43.771051815519613 ], [ 11.267663999274063, 43.772867127463478 ] ] ] } },
{ "type": "Feature", "properties": { "id": 214, "snapped_id": 214.0, "centroid_lon": 11.23778, "centroid_lat": 43.75593, "radius": 202.599, "internal_id": 617532049798201343, "population": 123, "component": 0, "o_score_pt": 178.65854810100333, "o_score_car": 585.15013965702826, "CDI": 0.53219032209384631, "log_population": 2.0934216851622351 }, "geometry": { "type": "Polygon", "coordinates": [ [ [ 11.236209148147518, 43.756405633961023 ], [ 11.237698489261641, 43.757155811574698 ], [ 11.239239575867563, 43.756663988820897 ], [ 11.239344671454788, 43.755448344465471 ], [ 11.237855334871316, 43.75469819533032 ], [ 11.23631430594526, 43.755190005074347 ], [ 11.236209148147518, 43.756405633961023 ] ] ] } },
{ "type": "Feature", "properties": { "id": 215, "snapped_id": 215.0, "centroid_lon": 11.25239, "centroid_lat": 43.8201, "radius": 202.53, "internal_id": 617532047950086143, "population": 135, "component": 0, "o_score_pt": 6.1901202839349976, "o_score_car": 573.93450468447099, "CDI": 0.97865934312210201, "log_population": 2.1335389083702174 }, "geometry": { "type": "Polygon", "coordinates": [ [ [ 11.250780907452461, 43.820588435414436 ], [ 11.252305375929042, 43.821355195519494 ], [ 11.253886689341302, 43.820851259139431 ], [ 11.253994289947221, 43.819605868226354 ], [ 11.252469826246106, 43.818839136736869 ], [ 11.250888571945808, 43.819343060175157 ], [ 11.250780907452461, 43.820588435414436 ] ] ] } },
{ "type": "Feature", "properties": { "id": 216, "snapped_id": 216.0, "centroid_lon": 11.24443, "centroid_lat": 43.80852, "radius": 202.536, "internal_id": 617532047422390271, "population": 698, "component": 0, "o_score_pt": 354.21669952044454, "o_score_car": 589.73252917727837, "CDI": 0.24950052661386529, "log_population": 2.8444771757456815 }, "geometry": { "type": "Polygon", "coordinates": [ [ [ 11.242155848631883, 43.809241350432082 ], [ 11.244273042563787, 43.810306650860937 ], [ 11.246542451907779, 43.809583359040822 ], [ 11.246697010274772, 43.807795979668228 ], [ 11.244579824755947, 43.806730706326839 ], [ 11.242310498727232, 43.807453990251489 ], [ 11.242155848631883, 43.809241350432082 ] ] ] } },
{ "type": "Feature", "properties": { "id": 217, "snapped_id": 217.0, "centroid_lon": 11.16727, "centroid_lat": 43.79427, "radius": 202.467, "internal_id": 617532053667971071, "population": 754, "component": 0, "o_score_pt": 11.132086540446496, "o_score_car": 503.87771826789242, "CDI": 0.95676941900323897, "log_population": 2.8779469516291885 }, "geometry": { "type": "Polygon", "coordinates": [ [ [ 11.164969645008361, 43.795006685947435 ], [ 11.167112599256296, 43.79608735021516 ], [ 11.169413849855628, 43.795355237053784 ], [ 11.169572210681908, 43.793542540310078 ], [ 11.167429264696128, 43.792461902879097 ], [ 11.165128098726596, 43.793194008658524 ], [ 11.164969645008361, 43.795006685947435 ] ] ] } },
{ "type": "Feature", "properties": { "id": 218, "snapped_id": 218.0, "centroid_lon": 11.22585, "centroid_lat": 43.73855, "radius": 202.609, "internal_id": 617532049833066495, "population": 703, "component": 0, "o_score_pt": 214.63513110112865, "o_score_car": 567.70356310938325, "CDI": 0.45129869533623101, "log_population": 2.847572659142112 }, "geometry": { "type": "Polygon", "coordinates": [ [ [ 11.223577677834008, 43.739273322708272 ], [ 11.225695234553575, 43.740340560284857 ], [ 11.227965683378395, 43.739615858716064 ], [ 11.228120701991342, 43.737825013717647 ], [ 11.226003153611028, 43.736757803228002 ], [ 11.223732788115077, 43.737482496979169 ], [ 11.223577677834008, 43.739273322708272 ] ] ] } },
{ "type": "Feature", "properties": { "id": 219, "snapped_id": 219.0, "centroid_lon": 11.28554, "centroid_lat": 43.82541, "radius": 202.56, "internal_id": 617532047194587135, "population": 71, "component": 0, "o_score_pt": 147.60002362622583, "o_score_car": 566.04850591122727, "CDI": 0.58635093462073862, "log_population": 1.8573324964312685 }, "geometry": { "type": "Polygon", "coordinates": [ [ [ 11.284195615877119, 43.825809057926378 ], [ 11.285490096069863, 43.826459528727987 ], [ 11.286804182483257, 43.826040415992082 ], [ 11.286893195008867, 43.825005564841035 ], [ 11.285598718245167, 43.824355121193925 ], [ 11.284284681490407, 43.824774220660977 ], [ 11.284195615877119, 43.825809057926378 ] ] ] } },
{ "type": "Feature", "properties": { "id": 220, "snapped_id": 220.0, "centroid_lon": 11.27442, "centroid_lat": 43.77248, "radius": 202.619, "internal_id": 617532047405350911, "population": 1625, "component": 0, "o_score_pt": 395.75947382830742, "o_score_car": 677.63207417649232, "CDI": 0.26259998122038919, "log_population": 3.2111205412580492 }, "geometry": { "type": "Polygon", "coordinates": [ [ [ 11.272113562879593, 43.773211861244611 ], [ 11.27426026402008, 43.774291823957128 ], [ 11.276563257738532, 43.773556428597416 ], [ 11.276719465938278, 43.771741078047256 ], [ 11.274572773511503, 43.77066114215507 ], [ 11.27226986416931, 43.771396529993872 ], [ 11.272113562879593, 43.773211861244611 ] ] ] } },
{ "type": "Feature", "properties": { "id": 221, "snapped_id": 221.0, "centroid_lon": 11.19879, "centroid_lat": 43.76659, "radius": 202.54, "internal_id": 617532049867931647, "population": 1002, "component": 0, "o_score_pt": 369.08640718831327, "o_score_car": 605.36315957906004, "CDI": 0.24247201748425859, "log_population": 3.0013009330204179 }, "geometry": { "type": "Polygon", "coordinates": [ [ [ 11.196488871080364, 43.767328765297279 ], [ 11.198633662463219, 43.768409976989638 ], [ 11.20093632812795, 43.767676159833364 ], [ 11.201094117843232, 43.765861138386477 ], [ 11.198949334858796, 43.764779953520744 ], [ 11.196646753758678, 43.765513763276431 ], [ 11.196488871080364, 43.767328765297279 ] ] ] } },
{ "type": "Feature", "properties": { "id": 222, "snapped_id": 222.0, "centroid_lon": 11.22767, "centroid_lat": 43.82091, "radius": 202.5, "internal_id": 617532047933046783, "population": 143, "component": 0, "o_score_pt": 91.634557216667019, "o_score_car": 522.91448408627616, "CDI": 0.70178276733655964, "log_population": 2.1583624920952498 }, "geometry": { "type": "Polygon", "coordinates": [ [ [ 11.226039736554313, 43.821413387131152 ], [ 11.22758457643574, 43.822190877754906 ], [ 11.229189856926487, 43.821679679953341 ], [ 11.229299459490216, 43.820415439795191 ], [ 11.227754624439521, 43.819637977864389 ], [ 11.226149403955912, 43.820149162827214 ], [ 11.226039736554313, 43.821413387131152 ] ] ] } },
{ "type": "Feature", "properties": { "id": 223, "snapped_id": 223.0, "centroid_lon": 11.18498, "centroid_lat": 43.771, "radius": 202.519, "internal_id": 617532049850105855, "population": 56, "component": 0, "o_score_pt": 15.458423971874309, "o_score_car": 459.44176596646406, "CDI": 0.93489821946004503, "log_population": 1.7558748556724915 }, "geometry": { "type": "Polygon", "coordinates": [ [ [ 11.183722716744297, 43.771364755745246 ], [ 11.18493036230152, 43.771973720567821 ], [ 11.186144808312644, 43.771586897926014 ], [ 11.186228265790373, 43.770628802553404 ], [ 11.185020622913145, 43.770019864072424 ], [ 11.183806223202385, 43.770406673690935 ], [ 11.183722716744297, 43.771364755745246 ] ] ] } },
{ "type": "Feature", "properties": { "id": 224, "snapped_id": 224.0, "centroid_lon": 11.3249, "centroid_lat": 43.7846, "radius": 202.66, "internal_id": 617532047563423743, "population": 377, "component": 0, "o_score_pt": 8.5661496575812333, "o_score_car": 517.14735761219822, "CDI": 0.96741133891701436, "log_population": 2.5774917998372251 }, "geometry": { "type": "Polygon", "coordinates": [ [ [ 11.322877040276467, 43.785235178501587 ], [ 11.324772486940613, 43.786187310527076 ], [ 11.326783007260808, 43.785544598816983 ], [ 11.326918446970605, 43.783959979548712 ], [ 11.325023007636158, 43.783007876074919 ], [ 11.323012561307038, 43.783650577162035 ], [ 11.322877040276467, 43.785235178501587 ] ] ] } },
{ "type": "Feature", "properties": { "id": 225, "snapped_id": 225.0, "centroid_lon": 11.19784, "centroid_lat": 43.77748, "radius": 202.525, "internal_id": 617532053719875583, "population": 973, "component": 0, "o_score_pt": 60.623987449634761, "o_score_car": 606.13786601574873, "CDI": 0.81815400165875796, "log_population": 2.9885589568786157 }, "geometry": { "type": "Polygon", "coordinates": [ [ [ 11.195541432891556, 43.778218093294136 ], [ 11.197686482898993, 43.779299265516109 ], [ 11.199989447797615, 43.778565604372197 ], [ 11.20014727809753, 43.776750778408619 ], [ 11.198002236486778, 43.775669633009777 ], [ 11.195699356177421, 43.776403286752526 ], [ 11.195541432891556, 43.778218093294136 ] ] ] } },
{ "type": "Feature", "properties": { "id": 226, "snapped_id": 226.0, "centroid_lon": 11.27312, "centroid_lat": 43.81349, "radius": 202.562, "internal_id": 617532047440216063, "population": 2, "component": 0, "o_score_pt": 116.7725573136276, "o_score_car": 538.54931762610636, "CDI": 0.64361770366854776, "log_population": 0.47712125471966244 }, "geometry": { "type": "Polygon", "coordinates": [ [ [ 11.273044572280138, 43.813445462857025 ], [ 11.273205417112891, 43.813526329692372 ], [ 11.273205417715785, 43.81352632269337 ], [ 11.273044572459453, 43.813445460776641 ], [ 11.273044572280138, 43.813445462857025 ] ] ] } },
{ "type": "Feature", "properties": { "id": 227, "snapped_id": 227.0, "centroid_lon": 11.22443, "centroid_lat": 43.75489, "radius": 202.585, "internal_id": 617532049796628479, "population": 0, "component": 0, "o_score_pt": 2.7248828469432569, "o_score_car": 557.14378379632012, "CDI": 0.99026599268974802, "log_population": 0.0 }, "geometry": { "type": "Polygon", "coordinates": [ [ [ 11.2243542644974, 43.754848599235501 ], [ 11.224513765374637, 43.754928969597501 ], [ 11.224513765980166, 43.754928962605945 ], [ 11.224354264679729, 43.754848597131591 ], [ 11.2243542644974, 43.754848599235501 ] ] ] } },
{ "type": "Feature", "properties": { "id": 228, "snapped_id": 228.0, "centroid_lon": 11.26494, "centroid_lat": 43.75255, "radius": 202.634, "internal_id": 617532049972527103, "population": 15, "component": 0, "o_score_pt": 12.675615262711284, "o_score_car": 619.52900053156384, "CDI": 0.95990027612567763, "log_population": 1.2041199826559248 }, "geometry": { "type": "Polygon", "coordinates": [ [ [ 11.264198294646556, 43.752741511562462 ], [ 11.264946011127662, 43.753117895446145 ], [ 11.265626537929888, 43.752900519185829 ], [ 11.265672839048642, 43.752362908277227 ], [ 11.26492512258333, 43.751986543523877 ], [ 11.264244623179325, 43.752203909581418 ], [ 11.264198294646556, 43.752741511562462 ] ] ] } },
{ "type": "Feature", "properties": { "id": 229, "snapped_id": 229.0, "centroid_lon": 11.18658, "centroid_lat": 43.80401, "radius": 202.476, "internal_id": 617532053666398207, "population": 74, "component": 0, "o_score_pt": 2.435452846064257, "o_score_car": 581.7739101908827, "CDI": 0.99166239707832216, "log_population": 1.8750612633917001 }, "geometry": { "type": "Polygon", "coordinates": [ [ [ 11.185212219790248, 43.804413545698495 ], [ 11.186519929961779, 43.805072578134144 ], [ 11.187850376369848, 43.804649193476003 ], [ 11.187941756109312, 43.803600670671756 ], [ 11.186634049217364, 43.802941665531037 ], [ 11.185303653211658, 43.803365037025259 ], [ 11.185212219790248, 43.804413545698495 ] ] ] } },
{ "type": "Feature", "properties": { "id": 230, "snapped_id": 230.0, "centroid_lon": 11.24783, "centroid_lat": 43.79508, "radius": 202.558, "internal_id": 617532047368912895, "population": 1391, "component": 0, "o_score_pt": 441.9749237465424, "o_score_car": 657.63987006230388, "CDI": 0.1961277235719438, "log_population": 3.1436392352745433 }, "geometry": { "type": "Polygon", "coordinates": [ [ [ 11.245524952866521, 43.795816113443962 ], [ 11.247671619650326, 43.79689639107341 ], [ 11.249975181775419, 43.796161856991404 ], [ 11.250131992622023, 43.794347052764387 ], [ 11.247985334446154, 43.793266801949549 ], [ 11.245681856813775, 43.794001328548255 ], [ 11.245524952866521, 43.795816113443962 ] ] ] } },
{ "type": "Feature", "properties": { "id": 231, "snapped_id": 231.0, "centroid_lon": 11.30298, "centroid_lat": 43.75275, "radius": 202.677, "internal_id": 617532049991139327, "population": 906, "component": 0, "o_score_pt": 135.54256633754824, "o_score_car": 553.80380592510824, "CDI": 0.60675047612812139, "log_population": 2.9576072870600951 }, "geometry": { "type": "Polygon", "coordinates": [ [ [ 11.30068217013099, 43.753489255146071 ], [ 11.302829025287602, 43.754568856126994 ], [ 11.305131534142417, 43.753832592505454 ], [ 11.305287103578264, 43.752016735466391 ], [ 11.303140257249929, 43.750937161310425 ], [ 11.3008378326555, 43.751673417369695 ], [ 11.30068217013099, 43.753489255146071 ] ] ] } },
{ "type": "Feature", "properties": { "id": 232, "snapped_id": 232.0, "centroid_lon": 11.20286, "centroid_lat": 43.79706, "radius": 202.504, "internal_id": 617532053685010431, "population": 803, "component": 0, "o_score_pt": 308.28917072009318, "o_score_car": 639.30954002754038, "CDI": 0.34932547454215063, "log_population": 2.9052560487484511 }, "geometry": { "type": "Polygon", "coordinates": [ [ [ 11.200556366391952, 43.797793103931035 ], [ 11.202702038021307, 43.798874096757714 ], [ 11.205005556075832, 43.798140569437223 ], [ 11.20516331788324, 43.796326056703982 ], [ 11.203017654675394, 43.795245090693832 ], [ 11.200714221236664, 43.795978610601544 ], [ 11.200556366391952, 43.797793103931035 ] ] ] } },
{ "type": "Feature", "properties": { "id": 233, "snapped_id": 233.0, "centroid_lon": 11.24212, "centroid_lat": 43.73159, "radius": 202.637, "internal_id": 617532050007392255, "population": 68, "component": 0, "o_score_pt": 0.51546421206320681, "o_score_car": 525.46256433623705, "CDI": 0.99803997815845702, "log_population": 1.8388490907372552 }, "geometry": { "type": "Polygon", "coordinates": [ [ [ 11.24078949816669, 43.731984640038789 ], [ 11.242066056776505, 43.732627829821297 ], [ 11.243360340430883, 43.732214428638201 ], [ 11.243448583214377, 43.731192574981939 ], [ 11.242172027845992, 43.730549412216945 ], [ 11.240877793173718, 43.730962800212659 ], [ 11.24078949816669, 43.731984640038789 ] ] ] } },
{ "type": "Feature", "properties": { "id": 234, "snapped_id": 234.0, "centroid_lon": 11.27219, "centroid_lat": 43.82437, "radius": 202.546, "internal_id": 617532047193014271, "population": 0, "component": 0, "o_score_pt": 0.29325651950447662, "o_score_car": 447.51154747998498, "CDI": 0.99869024844358378, "log_population": 0.0 }, "geometry": { "type": "Polygon", "coordinates": [ [ [ 11.272106176745952, 43.824332521066175 ], [ 11.272267263038714, 43.824413496507191 ], [ 11.272267263641972, 43.824413489506533 ], [ 11.272106176924847, 43.824332518991426 ], [ 11.272106176745952, 43.824332521066175 ] ] ] } },
{ "type": "Feature", "properties": { "id": 235, "snapped_id": 235.0, "centroid_lon": 11.1598, "centroid_lat": 43.77725, "radius": 202.482, "internal_id": 617532053701263359, "population": 11, "component": 0, "o_score_pt": 0.38509866629682588, "o_score_car": 427.04306133224458, "CDI": 0.99819806600342798, "log_population": 1.0791812460476249 }, "geometry": { "type": "Polygon", "coordinates": [ [ [ 11.159182526205603, 43.777394435569924 ], [ 11.159826298939747, 43.77771924171774 ], [ 11.160385614659196, 43.777541249909241 ], [ 11.160424289854662, 43.777098834851273 ], [ 11.159780516361316, 43.776774045593932 ], [ 11.159221223911914, 43.776952028422194 ], [ 11.159182526205603, 43.777394435569924 ] ] ] } },
{ "type": "Feature", "properties": { "id": 236, "snapped_id": 236.0, "centroid_lon": 11.2181, "centroid_lat": 43.77632, "radius": 202.549, "internal_id": 617532049866358783, "population": 1326, "component": 0, "o_score_pt": 420.55021812652649, "o_score_car": 652.04909933317242, "CDI": 0.2158297860518115, "log_population": 3.1228709228644354 }, "geometry": { "type": "Polygon", "coordinates": [ [ [ 11.215794794305342, 43.777058230970567 ], [ 11.217940285856285, 43.778139082693485 ], [ 11.220243263591152, 43.777404964827141 ], [ 11.220400665239747, 43.775590002671905 ], [ 11.218255182169393, 43.774509177771364 ], [ 11.215952288967854, 43.775243288204805 ], [ 11.215794794305342, 43.777058230970567 ] ] ] } },
{ "type": "Feature", "properties": { "id": 237, "snapped_id": 237.0, "centroid_lon": 11.22982, "centroid_lat": 43.74434, "radius": 202.605, "internal_id": 617532049795055615, "population": 209, "component": 0, "o_score_pt": 146.91438044308691, "o_score_car": 500.6821546060653, "CDI": 0.54627805279428732, "log_population": 2.3222192947339191 }, "geometry": { "type": "Polygon", "coordinates": [ [ [ 11.228043338662857, 43.744895252629036 ], [ 11.229723084377628, 43.745741671443142 ], [ 11.231485311957398, 43.745179215290925 ], [ 11.23160560154099, 43.743788991354052 ], [ 11.229925861502384, 43.742942601500268 ], [ 11.228163699383122, 43.743505045490906 ], [ 11.228043338662857, 43.744895252629036 ] ] ] } },
{ "type": "Feature", "properties": { "id": 238, "snapped_id": 238.0, "centroid_lon": 11.21696, "centroid_lat": 43.73786, "radius": 202.599, "internal_id": 617532049829920767, "population": 0, "component": 0, "o_score_pt": 8.0960191364618179, "o_score_car": 485.25611459327951, "CDI": 0.96717955154969781, "log_population": 0.0 }, "geometry": { "type": "Polygon", "coordinates": [ [ [ 11.216876711009574, 43.737816460844414 ], [ 11.217035827697398, 43.737896675799497 ], [ 11.217035828303123, 43.737896668810301 ], [ 11.21687671119269, 43.737816458732816 ], [ 11.216876711009574, 43.737816460844414 ] ] ] } },
{ "type": "Feature", "properties": { "id": 239, "snapped_id": 239.0, "centroid_lon": 11.33274, "centroid_lat": 43.77149, "radius": 202.686, "internal_id": 617532047493693439, "population": 2, "component": 0, "o_score_pt": 0.46164290021217769, "o_score_car": 483.85944633130742, "CDI": 0.99809364939716083, "log_population": 0.47712125471966244 }, "geometry": { "type": "Polygon", "coordinates": [ [ [ 11.332658154362523, 43.771454586557056 ], [ 11.332818117298189, 43.771534942948456 ], [ 11.332818117894911, 43.771534935957298 ], [ 11.332658154542658, 43.771454584447902 ], [ 11.332658154362523, 43.771454586557056 ] ] ] } },
{ "type": "Feature", "properties": { "id": 240, "snapped_id": 240.0, "centroid_lon": 11.17759, "centroid_lat": 43.77864, "radius": 202.5, "internal_id": 617532053699690495, "population": 133, "component": 0, "o_score_pt": 3.2491170365409965, "o_score_car": 514.64750104201823, "CDI": 0.98745264238799058, "log_population": 2.1271047983648077 }, "geometry": { "type": "Polygon", "coordinates": [ [ [ 11.175992766305551, 43.779129534231835 ], [ 11.177509859184307, 43.779894585793706 ], [ 11.179083800354826, 43.779393476987117 ], [ 11.179192017488003, 43.77815259444116 ], [ 11.177674929137055, 43.777387571483821 ], [ 11.176101046942513, 43.777888667434496 ], [ 11.175992766305551, 43.779129534231835 ] ] ] } },
{ "type": "Feature", "properties": { "id": 241, "snapped_id": 241.0, "centroid_lon": 11.24657, "centroid_lat": 43.73193, "radius": 202.641, "internal_id": 617532050005819391, "population": 1, "component": 0, "o_score_pt": 1.3209328497889246, "o_score_car": 554.93038292881727, "CDI": 0.99525058975208003, "log_population": 0.3010299956639812 }, "geometry": { "type": "Polygon", "coordinates": [ [ [ 11.246486255931785, 43.731893971489576 ], [ 11.246645267894296, 43.731974080462884 ], [ 11.246645268497341, 43.731974073475364 ], [ 11.246486256114707, 43.731893969371313 ], [ 11.246486255931785, 43.731893971489576 ] ] ] } },
{ "type": "Feature", "properties": { "id": 242, "snapped_id": 242.0, "centroid_lon": 11.27664, "centroid_lat": 43.82472, "radius": 202.551, "internal_id": 617532047191441407, "population": 0, "component": 0, "o_score_pt": 0.24840066305700731, "o_score_car": 447.51154747998498, "CDI": 0.99889047395111075, "log_population": 0.0 }, "geometry": { "type": "Polygon", "coordinates": [ [ [ 11.276558605351283, 43.824677463872305 ], [ 11.27671970312065, 43.824758435321804 ], [ 11.276719703723533, 43.824758428321232 ], [ 11.2765586055301, 43.824677461797165 ], [ 11.276558605351283, 43.824677463872305 ] ] ] } },
{ "type": "Feature", "properties": { "id": 243, "snapped_id": 243.0, "centroid_lon": 11.20475, "centroid_lat": 43.77528, "radius": 202.536, "internal_id": 617532049864785919, "population": 898, "component": 0, "o_score_pt": 306.19539809547672, "o_score_car": 636.85638885506353, "CDI": 0.3506286667764183, "log_population": 2.9537596917332287 }, "geometry": { "type": "Polygon", "coordinates": [ [ [ 11.202450177947219, 43.776017031849186 ], [ 11.2045953320732, 43.777098103846242 ], [ 11.206898251435627, 43.776364264466096 ], [ 11.207055932103533, 43.774549360501673 ], [ 11.204910786402483, 43.77346831532811 ], [ 11.202607951606593, 43.774202147296606 ], [ 11.202450177947219, 43.776017031849186 ] ] ] } },
{ "type": "Feature", "properties": { "id": 244, "snapped_id": 244.0, "centroid_lon": 11.21877, "centroid_lat": 43.82022, "radius": 202.491, "internal_id": 617532047929901055, "population": 362, "component": 0, "o_score_pt": 87.935446801289771, "o_score_car": 548.72145803847729, "CDI": 0.72375875881399176, "log_population": 2.5599066250361124 }, "geometry": { "type": "Polygon", "coordinates": [ [ [ 11.216762773012036, 43.82085013263444 ], [ 11.218642351898657, 43.821796316088161 ], [ 11.220636443828067, 43.821161454862221 ], [ 11.220772735333387, 43.819591257437203 ], [ 11.21889316330293, 43.818645102596008 ], [ 11.216899145081513, 43.81927995320585 ], [ 11.216762773012036, 43.82085013263444 ] ] ] } },
{ "type": "Feature", "properties": { "id": 245, "snapped_id": 245.0, "centroid_lon": 11.22946, "centroid_lat": 43.77447, "radius": 202.565, "internal_id": 617532047402205183, "population": 1479, "component": 0, "o_score_pt": 477.4512119202509, "o_score_car": 726.59658738244912, "CDI": 0.20692316003275429, "log_population": 3.1702617153949575 }, "geometry": { "type": "Polygon", "coordinates": [ [ [ 11.227152105341595, 43.775202254765233 ], [ 11.229297813224145, 43.77628293275982 ], [ 11.231600764582701, 43.775548543825302 ], [ 11.23175792355722, 43.773733484347808 ], [ 11.229612224202061, 43.772652833175577 ], [ 11.227309357343016, 43.773387214659643 ], [ 11.227152105341595, 43.775202254765233 ] ] ] } },
{ "type": "Feature", "properties": { "id": 246, "snapped_id": 246.0, "centroid_lon": 11.21648, "centroid_lat": 43.7433, "radius": 202.592, "internal_id": 617532049793482751, "population": 0, "component": 0, "o_score_pt": 159.02464332746018, "o_score_car": 574.69022954904813, "CDI": 0.56652195776266989, "log_population": 0.0 }, "geometry": { "type": "Polygon", "coordinates": [ [ [ 11.216404422203885, 43.743263137606718 ], [ 11.216563659150207, 43.743343406886815 ], [ 11.216563659756114, 43.743343399896787 ], [ 11.216404422386789, 43.743263135497926 ], [ 11.216404422203885, 43.743263137606718 ] ] ] } },
{ "type": "Feature", "properties": { "id": 247, "snapped_id": 247.0, "centroid_lon": 11.23495, "centroid_lat": 43.7886, "radius": 202.552, "internal_id": 617532047458828287, "population": 1760, "component": 0, "o_score_pt": 537.72665289217548, "o_score_car": 700.74765076679819, "CDI": 0.13163050488249139, "log_population": 3.245759355967277 }, "geometry": { "type": "Polygon", "coordinates": [ [ [ 11.232646585429489, 43.789333605789331 ], [ 11.234792785556923, 43.79041412392867 ], [ 11.237096140119602, 43.789679790559788 ], [ 11.237253210039203, 43.787864946514453 ], [ 11.235107018464868, 43.786784455192539 ], [ 11.232803748415851, 43.787518781099664 ], [ 11.232646585429489, 43.789333605789331 ] ] ] } },
{ "type": "Feature", "properties": { "id": 248, "snapped_id": 248.0, "centroid_lon": 11.27008, "centroid_lat": 43.79681, "radius": 202.581, "internal_id": 617532047365767167, "population": 86, "component": 0, "o_score_pt": 211.86478985218844, "o_score_car": 650.34398397782024, "CDI": 0.50855338919583004, "log_population": 1.9395192526186185 }, "geometry": { "type": "Polygon", "coordinates": [ [ [ 11.268656082984352, 43.797236769435656 ], [ 11.270018359939934, 43.797921907802525 ], [ 11.271411416578518, 43.797477438956072 ], [ 11.271505990157547, 43.796379600475824 ], [ 11.27014371702351, 43.795694489818423 ], [ 11.268750712828133, 43.796138945407009 ], [ 11.268656082984352, 43.797236769435656 ] ] ] } },
{ "type": "Feature", "properties": { "id": 249, "snapped_id": 249.0, "centroid_lon": 11.29445, "centroid_lat": 43.8261, "radius": 202.569, "internal_id": 617532047189868543, "population": 0, "component": 0, "o_score_pt": 0.79427512437562819, "o_score_car": 571.49166874675927, "CDI": 0.99722420187711436, "log_population": 0.0 }, "geometry": { "type": "Polygon", "coordinates": [ [ [ 11.294369633016494, 43.826055568297463 ], [ 11.294530776569593, 43.826136523714659 ], [ 11.294530777170991, 43.826136516714357 ], [ 11.294369633195013, 43.826055566220759 ], [ 11.294369633016494, 43.826055568297463 ] ] ] } },
{ "type": "Feature", "properties": { "id": 250, "snapped_id": 250.0, "centroid_lon": 11.16576, "centroid_lat": 43.78594, "radius": 202.477, "internal_id": 617532053698117631, "population": 173, "component": 0, "o_score_pt": 5.3081207322700532, "o_score_car": 516.36387925969098, "CDI": 0.97964958543931124, "log_population": 2.2405492482825995 }, "geometry": { "type": "Polygon", "coordinates": [ [ [ 11.164054808275983, 43.786460429840588 ], [ 11.165666422416436, 43.787273295381375 ], [ 11.167350309906736, 43.786737478703294 ], [ 11.167466258880388, 43.78541028666006 ], [ 11.165854649801373, 43.784597450001932 ], [ 11.164170825189785, 43.785133254222565 ], [ 11.164054808275983, 43.786460429840588 ] ] ] } },
{ "type": "Feature", "properties": { "id": 251, "snapped_id": 251.0, "centroid_lon": 11.2092, "centroid_lat": 43.77563, "radius": 202.54, "internal_id": 617532049863213055, "population": 1124, "component": 0, "o_score_pt": 384.34179197384617, "o_score_car": 672.44324850600958, "CDI": 0.27262068017289948, "log_population": 3.0511525224473814 }, "geometry": { "type": "Polygon", "coordinates": [ [ [ 11.206898251435627, 43.776364264466096 ], [ 11.209043518056721, 43.777445263049913 ], [ 11.211346456904247, 43.77671133084506 ], [ 11.211504044573216, 43.774896407476263 ], [ 11.209358786395574, 43.773815435715548 ], [ 11.207055932103533, 43.774549360501673 ], [ 11.206898251435627, 43.776364264466096 ] ] ] } },
{ "type": "Feature", "properties": { "id": 252, "snapped_id": 252.0, "centroid_lon": 11.23657, "centroid_lat": 43.82161, "radius": 202.51, "internal_id": 617532047928328191, "population": 1, "component": 0, "o_score_pt": 8.7981985729432335, "o_score_car": 482.80670114422992, "CDI": 0.96420622097946962, "log_population": 0.3010299956639812 }, "geometry": { "type": "Polygon", "coordinates": [ [ [ 11.23649148306135, 43.821566980545612 ], [ 11.236652477099861, 43.821647987679846 ], [ 11.236652477706095, 43.821647980678648 ], [ 11.236491483240842, 43.821566978473975 ], [ 11.23649148306135, 43.821566980545612 ] ] ] } },
{ "type": "Feature", "properties": { "id": 253, "snapped_id": 253.0, "centroid_lon": 11.24725, "centroid_lat": 43.77585, "radius": 202.583, "internal_id": 617532047400632319, "population": 356, "component": 0, "o_score_pt": 622.58706159606788, "o_score_car": 715.31485068931215, "CDI": 0.069308361279526304, "log_population": 2.5526682161121932 }, "geometry": { "type": "Polygon", "coordinates": [ [ [ 11.245253375019539, 43.776479790110351 ], [ 11.24712638080306, 43.777422671386169 ], [ 11.249112444065807, 43.776789033893756 ], [ 11.249247667951652, 43.775223532522404 ], [ 11.247374669085932, 43.774280679887923 ], [ 11.245388679138028, 43.774914306674503 ], [ 11.245253375019539, 43.776479790110351 ] ] ] } },
{ "type": "Feature", "properties": { "id": 254, "snapped_id": 254.0, "centroid_lon": 11.23107, "centroid_lat": 43.80748, "radius": 202.522, "internal_id": 617532047435497471, "population": 389, "component": 0, "o_score_pt": 163.68438615521305, "o_score_car": 627.7019348769129, "CDI": 0.58633506340686847, "log_population": 2.5910646070264991 }, "geometry": { "type": "Polygon", "coordinates": [ [ [ 11.229040791578582, 43.808119988717493 ], [ 11.230946285392358, 43.809079117550645 ], [ 11.232970264591355, 43.808434274711679 ], [ 11.233108367874852, 43.806840077942219 ], [ 11.231202881120316, 43.805880977615395 ], [ 11.229178976638588, 43.806525810076572 ], [ 11.229040791578582, 43.808119988717493 ] ] ] } },
{ "type": "Feature", "properties": { "id": 255, "snapped_id": 255.0, "centroid_lon": 11.22093, "centroid_lat": 43.74365, "radius": 202.596, "internal_id": 617532049791909887, "population": 5, "component": 0, "o_score_pt": 171.97292512165021, "o_score_car": 570.32742009388517, "CDI": 0.53664867265630634, "log_population": 0.77815125038364363 }, "geometry": { "type": "Polygon", "coordinates": [ [ [ 11.220591376985608, 43.743700130401578 ], [ 11.220983653326694, 43.743897847548894 ], [ 11.221251612561581, 43.743812340947606 ], [ 11.221270066695514, 43.743599317163238 ], [ 11.220877788147186, 43.743401610465199 ], [ 11.220609841857733, 43.743487111657309 ], [ 11.220591376985608, 43.743700130401578 ] ] ] } },
{ "type": "Feature", "properties": { "id": 256, "snapped_id": 256.0, "centroid_lon": 11.25673, "centroid_lat": 43.79577, "radius": 202.567, "internal_id": 617532047364194303, "population": 141, "component": 0, "o_score_pt": 161.71731884393381, "o_score_car": 653.09775323161716, "CDI": 0.6030576154366003, "log_population": 2.1522883443830563 }, "geometry": { "type": "Polygon", "coordinates": [ [ [ 11.255105441605291, 43.796270428864105 ], [ 11.256645060725765, 43.797045037379952 ], [ 11.258244029641101, 43.796535051956305 ], [ 11.258352772192961, 43.795275027993725 ], [ 11.25681315795855, 43.794500448151226 ], [ 11.255214248748288, 43.795010420686239 ], [ 11.255105441605291, 43.796270428864105 ] ] ] } },
{ "type": "Feature", "properties": { "id": 257, "snapped_id": 257.0, "centroid_lon": 11.27781, "centroid_lat": 43.75903, "radius": 202.64, "internal_id": 617532050002673663, "population": 65, "component": 0, "o_score_pt": 256.22764023474519, "o_score_car": 645.62579633442169, "CDI": 0.43177543080727832, "log_population": 1.8195439355418688 }, "geometry": { "type": "Polygon", "coordinates": [ [ [ 11.276500613629148, 43.759422637895042 ], [ 11.277762037297364, 43.760057327951237 ], [ 11.279038290371835, 43.75964959057184 ], [ 11.279124861060644, 43.75864275672577 ], [ 11.277863440615747, 43.758008093532972 ], [ 11.276587235842973, 43.758415817699586 ], [ 11.276500613629148, 43.759422637895042 ] ] ] } },
{ "type": "Feature", "properties": { "id": 258, "snapped_id": 258.0, "centroid_lon": 11.28262, "centroid_lat": 43.8334, "radius": 202.546, "internal_id": 617532047188295679, "population": 4, "component": 0, "o_score_pt": 113.62334518351535, "o_score_car": 488.53946297086929, "CDI": 0.62261586519510115, "log_population": 0.69897000433601886 }, "geometry": { "type": "Polygon", "coordinates": [ [ [ 11.282348667282816, 43.833424117272763 ], [ 11.282676271902439, 43.83358872931575 ], [ 11.282868734368126, 43.833527364298597 ], [ 11.282881802168484, 43.833375526926332 ], [ 11.282554194921973, 43.833210923422001 ], [ 11.282361742712855, 43.833272284137983 ], [ 11.282348667282816, 43.833424117272763 ] ] ] } },
{ "type": "Feature", "properties": { "id": 259, "snapped_id": 259.0, "centroid_lon": 11.21308, "centroid_lat": 43.75675, "radius": 202.57, "internal_id": 617532049861640191, "population": 39, "component": 0, "o_score_pt": 75.289981355608361, "o_score_car": 602.09096256111468, "CDI": 0.77770268847461266, "log_population": 1.6020599913279625 }, "geometry": { "type": "Polygon", "coordinates": [ [ [ 11.211970658278698, 43.757063759447846 ], [ 11.213050044293501, 43.7576077844978 ], [ 11.2141154917854, 43.757268005218229 ], [ 11.214188448323801, 43.756426980850215 ], [ 11.213109064274231, 43.755882980591224 ], [ 11.212043657784962, 43.756222747250348 ], [ 11.211970658278698, 43.757063759447846 ] ] ] } },
{ "type": "Feature", "properties": { "id": 260, "snapped_id": 260.0, "centroid_lon": 11.2517, "centroid_lat": 43.7762, "radius": 202.588, "internal_id": 617532047399059455, "population": 1041, "component": 0, "o_score_pt": 623.33973650868677, "o_score_car": 735.6872746805177, "CDI": 0.082667627094123897, "log_population": 3.0178677189635055 }, "geometry": { "type": "Polygon", "coordinates": [ [ [ 11.249396718131786, 43.776932036792516 ], [ 11.251542987691918, 43.778012347321805 ], [ 11.2538460354262, 43.777277494138879 ], [ 11.254002729154273, 43.775462337913602 ], [ 11.251856468214273, 43.774382054204793 ], [ 11.249553504924076, 43.77511689990191 ], [ 11.249396718131786, 43.776932036792516 ] ] ] } },
{ "type": "Feature", "properties": { "id": 261, "snapped_id": 261.0, "centroid_lon": 11.2504, "centroid_lat": 43.8172, "radius": 202.531, "internal_id": 617532047433924607, "population": 101, "component": 0, "o_score_pt": 77.010146969826792, "o_score_car": 584.67720622174636, "CDI": 0.76723101447117836, "log_population": 2.0086001717619175 }, "geometry": { "type": "Polygon", "coordinates": [ [ [ 11.248907176606281, 43.817653275913422 ], [ 11.250327306652716, 43.818367629062941 ], [ 11.251787571392688, 43.817902255838405 ], [ 11.25188696896292, 43.816752051190385 ], [ 11.250466843041455, 43.816037726139967 ], [ 11.249006633159148, 43.816503086179353 ], [ 11.248907176606281, 43.817653275913422 ] ] ] } },
{ "type": "Feature", "properties": { "id": 262, "snapped_id": 262.0, "centroid_lon": 11.16235, "centroid_lat": 43.79937, "radius": 202.455, "internal_id": 617532053766275071, "population": 1, "component": 0, "o_score_pt": 2.4748901549549416, "o_score_car": 483.61755108480162, "CDI": 0.98981720370453463, "log_population": 0.3010299956639812 }, "geometry": { "type": "Polygon", "coordinates": [ [ [ 11.162266746225466, 43.799328161209161 ], [ 11.162427179419224, 43.799409070717381 ], [ 11.162427180031221, 43.799409063717498 ], [ 11.162266746406873, 43.79932815913552 ], [ 11.162266746225466, 43.799328161209161 ] ] ] } },
{ "type": "Feature", "properties": { "id": 263, "snapped_id": 263.0, "centroid_lon": 11.16719, "centroid_lat": 43.7696, "radius": 202.5, "internal_id": 617532049851678719, "population": 83, "component": 0, "o_score_pt": 2.498768005536808, "o_score_car": 523.26634177726123, "CDI": 0.99049473630317875, "log_population": 1.9242792860618816 }, "geometry": { "type": "Polygon", "coordinates": [ [ [ 11.165777384636421, 43.770026179199128 ], [ 11.167125135981388, 43.770706119610715 ], [ 11.168502503871858, 43.770267611208403 ], [ 11.168597366686184, 43.769181183812101 ], [ 11.167249618824073, 43.768501271027517 ], [ 11.165872303001589, 43.768939766291467 ], [ 11.165777384636421, 43.770026179199128 ] ] ] } },
{ "type": "Feature", "properties": { "id": 264, "snapped_id": 264.0, "centroid_lon": 11.24128, "centroid_lat": 43.76716, "radius": 202.588, "internal_id": 617532047389097983, "population": 1207, "component": 0, "o_score_pt": 285.78187461043888, "o_score_car": 693.33710580633556, "CDI": 0.4162468906714642, "log_population": 3.082066934285113 }, "geometry": { "type": "Polygon", "coordinates": [ [ [ 11.238980534762396, 43.767899510642145 ], [ 11.241126329353943, 43.768980034698551 ], [ 11.243429104504639, 43.768245296798526 ], [ 11.243586000608449, 43.766430042310972 ], [ 11.241440214591897, 43.765349545078607 ], [ 11.239137523894557, 43.766084275510899 ], [ 11.238980534762396, 43.767899510642145 ] ] ] } },
{ "type": "Feature", "properties": { "id": 265, "snapped_id": 265.0, "centroid_lon": 11.1934, "centroid_lat": 43.77714, "radius": 202.52, "internal_id": 617532053721448447, "population": 895, "component": 0, "o_score_pt": 58.274490394326463, "o_score_car": 602.93454862755357, "CDI": 0.82373353370809532, "log_population": 2.9523080096621253 }, "geometry": { "type": "Polygon", "coordinates": [ [ [ 11.19109355009628, 43.777870416005655 ], [ 11.193238487549838, 43.778951661618308 ], [ 11.195541432891556, 43.778218093294136 ], [ 11.195699356177421, 43.776403286752526 ], [ 11.193554427102038, 43.775322067963359 ], [ 11.191251566360632, 43.776055628893467 ], [ 11.19109355009628, 43.777870416005655 ] ] ] } },
{ "type": "Feature", "properties": { "id": 266, "snapped_id": 266.0, "centroid_lon": 11.30345, "centroid_lat": 43.74731, "radius": 202.685, "internal_id": 617532049931370495, "population": 0, "component": 0, "o_score_pt": 94.24342610788932, "o_score_car": 480.98672434482535, "CDI": 0.67232793331949525, "log_population": 0.0 }, "geometry": { "type": "Polygon", "coordinates": [ [ [ 11.303371774193074, 43.747265257159029 ], [ 11.303531176205766, 43.747345424563711 ], [ 11.303531176804364, 43.747345417575396 ], [ 11.303371774374574, 43.747265255041391 ], [ 11.303371774193074, 43.747265257159029 ] ] ] } },
{ "type": "Feature", "properties": { "id": 267, "snapped_id": 267.0, "centroid_lon": 11.2127, "centroid_lat": 43.78687, "radius": 202.529, "internal_id": 617532047468789759, "population": 49, "component": 0, "o_score_pt": 11.016514891825899, "o_score_car": 631.14484734286714, "CDI": 0.96568926273144517, "log_population": 1.6989700043360187 }, "geometry": { "type": "Polygon", "coordinates": [ [ [ 11.21150403752649, 43.787215993386894 ], [ 11.212664844617345, 43.7878007672198 ], [ 11.213824600665376, 43.787431238855753 ], [ 11.213903991717316, 43.786516682192101 ], [ 11.212743187077114, 43.785931934167969 ], [ 11.211583475366663, 43.786301449601787 ], [ 11.21150403752649, 43.787215993386894 ] ] ] } },
{ "type": "Feature", "properties": { "id": 268, "snapped_id": 268.0, "centroid_lon": 11.23872, "centroid_lat": 43.74503, "radius": 202.615, "internal_id": 617532049790337023, "population": 9, "component": 0, "o_score_pt": 159.362831139224, "o_score_car": 590.89218609841203, "CDI": 0.57517689991336007, "log_population": 1.0 }, "geometry": { "type": "Polygon", "coordinates": [ [ [ 11.238172241792467, 43.745156592580734 ], [ 11.23874951249854, 43.745447411037311 ], [ 11.239232276662186, 43.745293287218139 ], [ 11.239265297728362, 43.74491119166305 ], [ 11.238688025960933, 43.744620388517546 ], [ 11.238205282275882, 43.744774504161732 ], [ 11.238172241792467, 43.745156592580734 ] ] ] } },
{ "type": "Feature", "properties": { "id": 269, "snapped_id": 269.0, "centroid_lon": 11.26212, "centroid_lat": 43.78523, "radius": 202.588, "internal_id": 617532047362621439, "population": 763, "component": 0, "o_score_pt": 557.31015259496678, "o_score_car": 744.71138739728667, "CDI": 0.14393097890180431, "log_population": 2.8830933585756897 }, "geometry": { "type": "Polygon", "coordinates": [ [ [ 11.259815681247604, 43.785963298279071 ], [ 11.261962425811488, 43.78704339508316 ], [ 11.264265746040513, 43.786308426537701 ], [ 11.264422237268883, 43.784493368693283 ], [ 11.262275501370294, 43.783413298706137 ], [ 11.259972265576049, 43.784148259747639 ], [ 11.259815681247604, 43.785963298279071 ] ] ] } },
{ "type": "Feature", "properties": { "id": 270, "snapped_id": 270.0, "centroid_lon": 11.29561, "centroid_lat": 43.76041, "radius": 202.659, "internal_id": 617532050001100799, "population": 1373, "component": 0, "o_score_pt": 216.16626789939303, "o_score_car": 607.01867840087402, "CDI": 0.4748050997022395, "log_population": 3.1379867327235318 }, "geometry": { "type": "Polygon", "coordinates": [ [ [ 11.293307177211629, 43.761144674069165 ], [ 11.295454058794956, 43.762224355520949 ], [ 11.297756763785872, 43.76148834779373 ], [ 11.297912502895961, 43.75967266616798 ], [ 11.295765630111861, 43.758593011539141 ], [ 11.293463009416465, 43.759329011714286 ], [ 11.293307177211629, 43.761144674069165 ] ] ] } },
{ "type": "Feature", "properties": { "id": 271, "snapped_id": 271.0, "centroid_lon": 11.29854, "centroid_lat": 43.75241, "radius": 202.673, "internal_id": 617532049992712191, "population": 272, "component": 0, "o_score_pt": 216.60607142184321, "o_score_car": 556.43998365345749, "CDI": 0.4396037079556816, "log_population": 2.436162647040756 }, "geometry": { "type": "Polygon", "coordinates": [ [ [ 11.296647538559156, 43.75300095942351 ], [ 11.298423714757321, 43.75389426604368 ], [ 11.300296603828279, 43.753295448129506 ], [ 11.300423238822763, 43.751818222306085 ], [ 11.298647069116862, 43.750924944584447 ], [ 11.296774249242498, 43.751523750892936 ], [ 11.296647538559156, 43.75300095942351 ] ] ] } },
{ "type": "Feature", "properties": { "id": 272, "snapped_id": 272.0, "centroid_lon": 11.21621, "centroid_lat": 43.7981, "radius": 202.518, "internal_id": 617532053686583295, "population": 1221, "component": 0, "o_score_pt": 359.35306801450662, "o_score_car": 577.50497858280153, "CDI": 0.23285481867891089, "log_population": 3.0870712059065353 }, "geometry": { "type": "Polygon", "coordinates": [ [ [ 11.213904331606223, 43.798835001452318 ], [ 11.216050340864125, 43.799915773858771 ], [ 11.218353917357128, 43.799181967930274 ], [ 11.218511400007673, 43.797367397030506 ], [ 11.216365399226946, 43.796286651439509 ], [ 11.21406190731653, 43.797020449933953 ], [ 11.213904331606223, 43.798835001452318 ] ] ] } },
{ "type": "Feature", "properties": { "id": 273, "snapped_id": 273.0, "centroid_lon": 11.20125, "centroid_lat": 43.76405, "radius": 202.547, "internal_id": 617532049860067327, "population": 279, "component": 0, "o_score_pt": 366.24544540812951, "o_score_car": 602.96442001246487, "CDI": 0.2442391302956968, "log_population": 2.4471580313422194 }, "geometry": { "type": "Polygon", "coordinates": [ [ [ 11.199353672642342, 43.764639135369798 ], [ 11.201137552265632, 43.765538392375319 ], [ 11.203021066159948, 43.764938061796506 ], [ 11.203150121294843, 43.763452986658393 ], [ 11.201366247888403, 43.762553758542964 ], [ 11.199482803802081, 43.763154077722739 ], [ 11.199353672642342, 43.764639135369798 ] ] ] } },
{ "type": "Feature", "properties": { "id": 274, "snapped_id": 274.0, "centroid_lon": 11.23835, "centroid_lat": 43.77516, "radius": 202.574, "internal_id": 617532047397486591, "population": 614, "component": 0, "o_score_pt": 513.43859332344277, "o_score_car": 705.06493343800139, "CDI": 0.15726367294468629, "log_population": 2.7888751157754168 }, "geometry": { "type": "Polygon", "coordinates": [ [ [ 11.236134782355107, 43.775864961402242 ], [ 11.238204607041327, 43.776907171040882 ], [ 11.240419268703988, 43.776200769481697 ], [ 11.240570225795608, 43.774455232696212 ], [ 11.238500409206026, 43.773413050548619 ], [ 11.236285828915582, 43.774119443612101 ], [ 11.236134782355107, 43.775864961402242 ] ] ] } },
{ "type": "Feature", "properties": { "id": 275, "snapped_id": 275.0, "centroid_lon": 11.23202, "centroid_lat": 43.79659, "radius": 202.538, "internal_id": 617532047467216895, "population": 1528, "component": 0, "o_score_pt": 404.73610755931225, "o_score_car": 662.4231676869897, "CDI": 0.24147010301550609, "log_population": 3.1844074854123203 }, "geometry": { "type": "Polygon", "coordinates": [ [ [ 11.229714331233225, 43.797326714992003 ], [ 11.231860669405403, 43.79840724006074 ], [ 11.23416423889106, 43.797673070061052 ], [ 11.234321385664854, 43.795858382452458 ], [ 11.232175056035222, 43.794777884198758 ], [ 11.22987157108726, 43.795512046739766 ], [ 11.229714331233225, 43.797326714992003 ] ] ] } },
{ "type": "Feature", "properties": { "id": 276, "snapped_id": 276.0, "centroid_lon": 11.22689, "centroid_lat": 43.75234, "radius": 202.591, "internal_id": 617532049788764159, "population": 0, "component": 0, "o_score_pt": 161.16633883366575, "o_score_car": 565.04721393553689, "CDI": 0.55614615502807652, "log_population": 0.0 }, "geometry": { "type": "Polygon", "coordinates": [ [ [ 11.226813861468182, 43.752298660398523 ], [ 11.226973307995886, 43.752379001698635 ], [ 11.226973308601142, 43.752378994707534 ], [ 11.226813861650578, 43.752298658293014 ], [ 11.226813861468182, 43.752298660398523 ] ] ] } },
{ "type": "Feature", "properties": { "id": 277, "snapped_id": 277.0, "centroid_lon": 11.32981, "centroid_lat": 43.77949, "radius": 202.672, "internal_id": 617532047502082047, "population": 0, "component": 0, "o_score_pt": 6.6598686861252965, "o_score_car": 467.1015945053968, "CDI": 0.97188513965968981, "log_population": 0.0 }, "geometry": { "type": "Polygon", "coordinates": [ [ [ 11.329734662911758, 43.779453583557718 ], [ 11.329894800781306, 43.779534023132975 ], [ 11.329894801378485, 43.779534016140531 ], [ 11.329734663091623, 43.779453581452941 ], [ 11.329734662911758, 43.779453583557718 ] ] ] } },
{ "type": "Feature", "properties": { "id": 278, "snapped_id": 278.0, "centroid_lon": 11.30697, "centroid_lat": 43.75854, "radius": 202.674, "internal_id": 617532047536947199, "population": 54, "component": 0, "o_score_pt": 129.63395256627408, "o_score_car": 557.02732302081699, "CDI": 0.62242241648056285, "log_population": 1.7403626894942439 }, "geometry": { "type": "Polygon", "coordinates": [ [ [ 11.30572922490874, 43.758908188467842 ], [ 11.30692484204163, 43.75950932148406 ], [ 11.308124585037907, 43.759125700556929 ], [ 11.308205637062331, 43.758179230125535 ], [ 11.307010022807575, 43.757578123292532 ], [ 11.305810325375832, 43.757961731103769 ], [ 11.30572922490874, 43.758908188467842 ] ] ] } },
{ "type": "Feature", "properties": { "id": 279, "snapped_id": 279.0, "centroid_lon": 11.30006, "centroid_lat": 43.76075, "radius": 202.663, "internal_id": 617532049999527935, "population": 787, "component": 0, "o_score_pt": 168.98727988882968, "o_score_car": 627.13636510746812, "CDI": 0.57547478723706158, "log_population": 2.8965262174895554 }, "geometry": { "type": "Polygon", "coordinates": [ [ [ 11.297756763785872, 43.76148834779373 ], [ 11.299903757393032, 43.762567955652244 ], [ 11.302206481294458, 43.761831855061303 ], [ 11.30236212730237, 43.760016154172121 ], [ 11.300215142513014, 43.758936573136147 ], [ 11.297912502895961, 43.75967266616798 ], [ 11.297756763785872, 43.76148834779373 ] ] ] } },
{ "type": "Feature", "properties": { "id": 280, "snapped_id": 280.0, "centroid_lon": 11.19992, "centroid_lat": 43.80505, "radius": 202.49, "internal_id": 617532053693399039, "population": 1, "component": 0, "o_score_pt": 9.3304059861231003, "o_score_car": 526.06334304522784, "CDI": 0.96514562972390361, "log_population": 0.3010299956639812 }, "geometry": { "type": "Polygon", "coordinates": [ [ [ 11.199844595449013, 43.805010303460143 ], [ 11.200005188768191, 43.805091207684427 ], [ 11.200005189377128, 43.805091200684672 ], [ 11.199844595629676, 43.805010301384677 ], [ 11.199844595449013, 43.805010303460143 ] ] ] } },
{ "type": "Feature", "properties": { "id": 281, "snapped_id": 281.0, "centroid_lon": 11.21904, "centroid_lat": 43.76543, "radius": 202.565, "internal_id": 617532049858494463, "population": 1140, "component": 0, "o_score_pt": 304.6800039766639, "o_score_car": 671.0919476060119, "CDI": 0.3755098135737942, "log_population": 3.0572856444182146 }, "geometry": { "type": "Polygon", "coordinates": [ [ [ 11.216739661021464, 43.766168085646477 ], [ 11.218884893810419, 43.767248976933686 ], [ 11.221187572281027, 43.766514703155941 ], [ 11.221344933451967, 43.764699545524444 ], [ 11.219199709145277, 43.763618681063072 ], [ 11.216897115183414, 43.764352947408511 ], [ 11.216739661021464, 43.766168085646477 ] ] ] } },
{ "type": "Feature", "properties": { "id": 282, "snapped_id": 282.0, "centroid_lon": 11.24374, "centroid_lat": 43.76461, "radius": 202.594, "internal_id": 617532047395913727, "population": 1121, "component": 0, "o_score_pt": 303.36849405055813, "o_score_car": 660.75470354069228, "CDI": 0.37068520950747991, "log_population": 3.0499928569201424 }, "geometry": { "type": "Polygon", "coordinates": [ [ [ 11.241440214591897, 43.765349545078607 ], [ 11.243586000608449, 43.766430042310972 ], [ 11.245888710570004, 43.765695219049327 ], [ 11.246045550071374, 43.763879906027583 ], [ 11.243899772639521, 43.762799435619939 ], [ 11.241597147119629, 43.763534251410462 ], [ 11.241440214591897, 43.765349545078607 ] ] ] } },
{ "type": "Feature", "properties": { "id": 283, "snapped_id": 283.0, "centroid_lon": 11.24149, "centroid_lat": 43.81651, "radius": 202.522, "internal_id": 617532047430778879, "population": 12, "component": 0, "o_score_pt": 8.3319282817826341, "o_score_car": 557.23704601523593, "CDI": 0.97053611969383957, "log_population": 1.1139433523068367 }, "geometry": { "type": "Polygon", "coordinates": [ [ [ 11.240840455465138, 43.816670076223396 ], [ 11.241514088165006, 43.817009011019081 ], [ 11.242107981722825, 43.816819785557911 ], [ 11.242148506357767, 43.816351410378395 ], [ 11.24147487315477, 43.816012493117825 ], [ 11.240881004002212, 43.816201709205096 ], [ 11.240840455465138, 43.816670076223396 ] ] ] } },
{ "type": "Feature", "properties": { "id": 284, "snapped_id": 284.0, "centroid_lon": 11.21867, "centroid_lat": 43.79555, "radius": 202.524, "internal_id": 617532047465644031, "population": 1340, "component": 0, "o_score_pt": 418.54945386633881, "o_score_car": 667.99370653193785, "CDI": 0.22957601847510989, "log_population": 3.1274287778515988 }, "geometry": { "type": "Polygon", "coordinates": [ [ [ 11.216365399226946, 43.796286651439509 ], [ 11.218511400007673, 43.797367397030506 ], [ 11.220814911353353, 43.79663350566576 ], [ 11.220972337345414, 43.794818876148582 ], [ 11.21882634505155, 43.793738157373696 ], [ 11.216522918276794, 43.79447204130102 ], [ 11.216365399226946, 43.796286651439509 ] ] ] } },
{ "type": "Feature", "properties": { "id": 285, "snapped_id": 285.0, "centroid_lon": 11.25322, "centroid_lat": 43.78454, "radius": 202.578, "internal_id": 617532047359475711, "population": 1210, "component": 0, "o_score_pt": 557.99051676426257, "o_score_car": 738.28594185841416, "CDI": 0.13908717071489479, "log_population": 3.0831441431430524 }, "geometry": { "type": "Polygon", "coordinates": [ [ [ 11.250915945996587, 43.78527254244009 ], [ 11.253062466000106, 43.786352786358378 ], [ 11.255365747883658, 43.785618003574726 ], [ 11.255522425304742, 43.783802984363746 ], [ 11.253375913929391, 43.782722767263159 ], [ 11.251072716502824, 43.783457542557024 ], [ 11.250915945996587, 43.78527254244009 ] ] ] } },
{ "type": "Feature", "properties": { "id": 286, "snapped_id": 286.0, "centroid_lon": 11.28671, "centroid_lat": 43.75972, "radius": 202.65, "internal_id": 617532049997955071, "population": 1717, "component": 0, "o_score_pt": 273.50907321871921, "o_score_car": 635.33230476516735, "CDI": 0.39811483093902789, "log_population": 3.2350231594952237 }, "geometry": { "type": "Polygon", "coordinates": [ [ [ 11.284408397057707, 43.760456827310477 ], [ 11.286555054532704, 43.761536655914533 ], [ 11.288857721619607, 43.760800833902962 ], [ 11.289013646911767, 43.758985190826422 ], [ 11.286866998198894, 43.757905389046101 ], [ 11.284564415429756, 43.758641203519772 ], [ 11.284408397057707, 43.760456827310477 ] ] ] } },
{ "type": "Feature", "properties": { "id": 287, "snapped_id": 287.0, "centroid_lon": 11.21564, "centroid_lat": 43.77887, "radius": 202.543, "internal_id": 617532047460401151, "population": 1107, "component": 0, "o_score_pt": 376.17832743584341, "o_score_car": 652.68963552619437, "CDI": 0.26875295766260859, "log_population": 3.0445397603924111 }, "geometry": { "type": "Polygon", "coordinates": [ [ [ 11.213334284703226, 43.779607140189015 ], [ 11.215479784725053, 43.780688018733663 ], [ 11.217782827575082, 43.77995398627057 ], [ 11.217940285856285, 43.778139082693485 ], [ 11.215794794305342, 43.777058230970567 ], [ 11.213491836000355, 43.777792256004155 ], [ 11.213334284703226, 43.779607140189015 ] ] ] } },
{ "type": "Feature", "properties": { "id": 288, "snapped_id": 288.0, "centroid_lon": 11.21924, "centroid_lat": 43.81478, "radius": 202.499, "internal_id": 617532053691826175, "population": 0, "component": 0, "o_score_pt": 98.169714217767293, "o_score_car": 593.87603641949943, "CDI": 0.71629125927767578, "log_population": 0.0 }, "geometry": { "type": "Polygon", "coordinates": [ [ [ 11.219159879427906, 43.814737526674911 ], [ 11.219320706286231, 43.814818495083358 ], [ 11.21932070689377, 43.814818488082693 ], [ 11.21915987960791, 43.814737524601981 ], [ 11.219159879427906, 43.814737526674911 ] ] ] } },
{ "type": "Feature", "properties": { "id": 289, "snapped_id": 289.0, "centroid_lon": 11.2179, "centroid_lat": 43.72696, "radius": 202.615, "internal_id": 617532049822056447, "population": 32, "component": 0, "o_score_pt": 1.9649323614015972, "o_score_car": 463.21087809106371, "CDI": 0.99155187214274798, "log_population": 1.5185139398778875 }, "geometry": { "type": "Polygon", "coordinates": [ [ [ 11.216870193562182, 43.727253761115243 ], [ 11.217879358804348, 43.727762583362264 ], [ 11.218863508019826, 43.727448416565302 ], [ 11.218930878616234, 43.726670772616906 ], [ 11.217921714931727, 43.726161974167816 ], [ 11.216937603837094, 43.726476128700085 ], [ 11.216870193562182, 43.727253761115243 ] ] ] } },
{ "type": "Feature", "properties": { "id": 290, "snapped_id": 290.0, "centroid_lon": 11.31142, "centroid_lat": 43.75889, "radius": 202.679, "internal_id": 617532047535374335, "population": 43, "component": 0, "o_score_pt": 94.148101207371681, "o_score_car": 546.51736459001506, "CDI": 0.70609278560007027, "log_population": 1.6434526764861874 }, "geometry": { "type": "Polygon", "coordinates": [ [ [ 11.310269511312557, 43.759219758705775 ], [ 11.311384271759616, 43.759780171596468 ], [ 11.312490261919022, 43.759426486330533 ], [ 11.312564938341925, 43.758553934013079 ], [ 11.3114501802748, 43.757993546349262 ], [ 11.310344232383411, 43.758347218756221 ], [ 11.310269511312557, 43.759219758705775 ] ] ] } },
{ "type": "Feature", "properties": { "id": 291, "snapped_id": 291.0, "centroid_lon": 11.2304, "centroid_lat": 43.76358, "radius": 202.58, "internal_id": 617532047394340863, "population": 10, "component": 0, "o_score_pt": 5.8328350978762566, "o_score_car": 620.82526925405898, "CDI": 0.9813843144854616, "log_population": 1.0413926851582249 }, "geometry": { "type": "Polygon", "coordinates": [ [ [ 11.229812694801454, 43.763713019480811 ], [ 11.230424815397807, 43.764021365369096 ], [ 11.23094779621966, 43.763854531734751 ], [ 11.230983589330695, 43.763440998581807 ], [ 11.230371467868078, 43.763132668835773 ], [ 11.229848508953257, 43.763299493847228 ], [ 11.229812694801454, 43.763713019480811 ] ] ] } },
{ "type": "Feature", "properties": { "id": 292, "snapped_id": 292.0, "centroid_lon": 11.22349, "centroid_lat": 43.76578, "radius": 202.57, "internal_id": 617532049856921599, "population": 94, "component": 0, "o_score_pt": 104.94315215687681, "o_score_car": 642.9287648640809, "CDI": 0.71935528058092357, "log_population": 1.9777236052888478 }, "geometry": { "type": "Polygon", "coordinates": [ [ [ 11.2220303282534, 43.766221034012673 ], [ 11.223423222569954, 43.766922775265563 ], [ 11.2248524742844, 43.766466960331265 ], [ 11.224950143209607, 43.765339672244146 ], [ 11.223557252792652, 43.764637958929292 ], [ 11.222128054861869, 43.76509376068956 ], [ 11.2220303282534, 43.766221034012673 ] ] ] } },
{ "type": "Feature", "properties": { "id": 293, "snapped_id": 293.0, "centroid_lon": 11.18157, "centroid_lat": 43.78443, "radius": 202.497, "internal_id": 617532053726691327, "population": 16, "component": 0, "o_score_pt": 3.9697721473817809, "o_score_car": 576.5169839107258, "CDI": 0.98632260906574598, "log_population": 1.2304489213782739 }, "geometry": { "type": "Polygon", "coordinates": [ [ [ 11.180803018281646, 43.784630267672462 ], [ 11.181573026163653, 43.785018499223447 ], [ 11.182278999173974, 43.78479374270249 ], [ 11.18232760407764, 43.784236177453153 ], [ 11.181557596219932, 43.783847965501181 ], [ 11.180851651620841, 43.784072711644221 ], [ 11.180803018281646, 43.784630267672462 ] ] ] } },
{ "type": "Feature", "properties": { "id": 294, "snapped_id": 294.0, "centroid_lon": 11.24537, "centroid_lat": 43.79763, "radius": 202.552, "internal_id": 617532047429206015, "population": 1413, "component": 0, "o_score_pt": 430.69193325229622, "o_score_car": 648.08631371968829, "CDI": 0.20151906202928621, "log_population": 3.1504494094608804 }, "geometry": { "type": "Polygon", "coordinates": [ [ [ 11.24306444940332, 43.798365280933695 ], [ 11.245211124785408, 43.799445585377107 ], [ 11.247514752162086, 43.798711136706409 ], [ 11.247671619650326, 43.79689639107341 ], [ 11.245524952866521, 43.795816113443962 ], [ 11.243221409994227, 43.79655055463472 ], [ 11.24306444940332, 43.798365280933695 ] ] ] } },
{ "type": "Feature", "properties": { "id": 295, "snapped_id": 295.0, "centroid_lon": 11.26035, "centroid_lat": 43.83167, "radius": 202.523, "internal_id": 617532047953231871, "population": 0, "component": 0, "o_score_pt": 0.0, "o_score_car": 489.92860068468593, "CDI": 1.0, "log_population": 0.0 }, "geometry": { "type": "Polygon", "coordinates": [ [ [ 11.260270676557132, 43.831633740035429 ], [ 11.260431915297579, 43.831714806933419 ], [ 11.260431915902037, 43.831714799931355 ], [ 11.260270676735896, 43.831633737965895 ], [ 11.260270676557132, 43.831633740035429 ] ] ] } },
{ "type": "Feature", "properties": { "id": 296, "snapped_id": 296.0, "centroid_lon": 11.31154, "centroid_lat": 43.78357, "radius": 202.646, "internal_id": 617532047601434623, "population": 11, "component": 0, "o_score_pt": 15.645506302474637, "o_score_car": 567.03076546731813, "CDI": 0.94629777438867158, "log_population": 1.0791812460476249 }, "geometry": { "type": "Polygon", "coordinates": [ [ [ 11.310922515576429, 43.783717319202516 ], [ 11.311566646239283, 43.784041004009033 ], [ 11.312126888511614, 43.783861969712277 ], [ 11.312164733199753, 43.783420003655515 ], [ 11.31152060194823, 43.783096335709928 ], [ 11.310960382806144, 43.783275360947627 ], [ 11.310922515576429, 43.783717319202516 ] ] ] } },
{ "type": "Feature", "properties": { "id": 297, "snapped_id": 297.0, "centroid_lon": 11.25333, "centroid_lat": 43.80921, "radius": 202.545, "internal_id": 617532047425535999, "population": 25, "component": 0, "o_score_pt": 319.05975002548354, "o_score_car": 591.16403094432758, "CDI": 0.29894217950329383, "log_population": 1.414973347970818 }, "geometry": { "type": "Polygon", "coordinates": [ [ [ 11.252393183930407, 43.809467739363917 ], [ 11.253317872192635, 43.809932905110784 ], [ 11.254203214309513, 43.80965066376757 ], [ 11.254263485958152, 43.808952812298649 ], [ 11.253338798764281, 43.808487668983531 ], [ 11.2524534912821, 43.80876989857498 ], [ 11.252393183930407, 43.809467739363917 ] ] ] } },
{ "type": "Feature", "properties": { "id": 298, "snapped_id": 298.0, "centroid_lon": 11.22312, "centroid_lat": 43.7959, "radius": 202.529, "internal_id": 617532047464071167, "population": 664, "component": 0, "o_score_pt": 398.66693936437878, "o_score_car": 668.4147835406701, "CDI": 0.2527902393847804, "log_population": 2.8228216453031045 }, "geometry": { "type": "Polygon", "coordinates": [ [ [ 11.220868440487834, 43.796614862606795 ], [ 11.22296676454361, 43.797671471060234 ], [ 11.225214813808904, 43.796955164728224 ], [ 11.225368360159925, 43.795184189409873 ], [ 11.223270044316862, 43.794127608207866 ], [ 11.221022077659727, 43.794843906435602 ], [ 11.220868440487834, 43.796614862606795 ] ] ] } },
{ "type": "Feature", "properties": { "id": 299, "snapped_id": 299.0, "centroid_lon": 11.27102, "centroid_lat": 43.78592, "radius": 202.597, "internal_id": 617532047357902847, "population": 1539, "component": 0, "o_score_pt": 449.94468320808215, "o_score_car": 698.61664269558844, "CDI": 0.2165073417319314, "log_population": 3.1875207208364631 }, "geometry": { "type": "Polygon", "coordinates": [ [ [ 11.268715942214529, 43.786653388335225 ], [ 11.270862911257963, 43.787733337979382 ], [ 11.273166269721793, 43.786998183656202 ], [ 11.273322574727677, 43.785183087208132 ], [ 11.271175614386669, 43.784103164380177 ], [ 11.268872340335374, 43.78483831118524 ], [ 11.268715942214529, 43.786653388335225 ] ] ] } },
{ "type": "Feature", "properties": { "id": 300, "snapped_id": 300.0, "centroid_lon": 11.2921, "centroid_lat": 43.74917, "radius": 202.67, "internal_id": 617532049996382207, "population": 24, "component": 0, "o_score_pt": 133.52122433402553, "o_score_car": 497.73101898276008, "CDI": 0.57696396092799418, "log_population": 1.3979400086720377 }, "geometry": { "type": "Polygon", "coordinates": [ [ [ 11.291177292505656, 43.749423162668236 ], [ 11.292086788015832, 43.749880687418376 ], [ 11.292954963891097, 43.749603128535028 ], [ 11.293013768760462, 43.748917718920012 ], [ 11.292104274313337, 43.7484602163453 ], [ 11.291236132386382, 43.748737763563177 ], [ 11.291177292505656, 43.749423162668236 ] ] ] } },
{ "type": "Feature", "properties": { "id": 301, "snapped_id": 301.0, "centroid_lon": 11.21015, "centroid_lat": 43.76474, "radius": 202.556, "internal_id": 617532049855348735, "population": 438, "component": 0, "o_score_pt": 386.86822794553069, "o_score_car": 644.39466836315648, "CDI": 0.24971948601992611, "log_population": 2.6424645202421213 }, "geometry": { "type": "Polygon", "coordinates": [ [ [ 11.208066183026364, 43.765397036956472 ], [ 11.210013060336099, 43.766378223551207 ], [ 11.212085660354083, 43.765717471127211 ], [ 11.212227483917125, 43.764083505135339 ], [ 11.210280613846162, 43.763102346848484 ], [ 11.208208090267195, 43.763763089379054 ], [ 11.208066183026364, 43.765397036956472 ] ] ] } },
{ "type": "Feature", "properties": { "id": 302, "snapped_id": 302.0, "centroid_lon": 11.23485, "centroid_lat": 43.76392, "radius": 202.585, "internal_id": 617532047392767999, "population": 23, "component": 0, "o_score_pt": 8.0201398233434542, "o_score_car": 615.05453089069658, "CDI": 0.97425624824661083, "log_population": 1.3802112417116059 }, "geometry": { "type": "Polygon", "coordinates": [ [ [ 11.233944384565707, 43.764169420553735 ], [ 11.234839077508544, 43.764620052117252 ], [ 11.235690020986542, 43.764348565553782 ], [ 11.235748134607679, 43.763676749325818 ], [ 11.234853442537043, 43.763226139694439 ], [ 11.234002532490107, 43.763497614746527 ], [ 11.233944384565707, 43.764169420553735 ] ] ] } },
{ "type": "Feature", "properties": { "id": 303, "snapped_id": 303.0, "centroid_lon": 11.25463, "centroid_lat": 43.7682, "radius": 202.602, "internal_id": 617532047390670847, "population": 724, "component": 0, "o_score_pt": 545.34109170941485, "o_score_car": 646.5275709773706, "CDI": 0.084897340148078704, "log_population": 2.8603380065709936 }, "geometry": { "type": "Polygon", "coordinates": [ [ [ 11.252345119908439, 43.768929925094469 ], [ 11.254474743485837, 43.770001919265141 ], [ 11.25675842354392, 43.769273015867469 ], [ 11.256913738869693, 43.767472790437516 ], [ 11.254784123821016, 43.766400823245512 ], [ 11.252500527510037, 43.767129718922106 ], [ 11.252345119908439, 43.768929925094469 ] ] ] } },
{ "type": "Feature", "properties": { "id": 304, "snapped_id": 304.0, "centroid_lon": 11.18951, "centroid_lat": 43.79602, "radius": 202.49, "internal_id": 617532053723021311, "population": 705, "component": 0, "o_score_pt": 17.157322818740997, "o_score_car": 553.12299624208129, "CDI": 0.93982845893403122, "log_population": 2.8488047010518036 }, "geometry": { "type": "Polygon", "coordinates": [ [ [ 11.187238847539122, 43.796739528953601 ], [ 11.189358073298386, 43.797807584361671 ], [ 11.191631205452731, 43.797083989299416 ], [ 11.191787167566002, 43.795293401089545 ], [ 11.189667950014311, 43.794225372743369 ], [ 11.1873949014412, 43.794948960048188 ], [ 11.187238847539122, 43.796739528953601 ] ] ] } },
{ "type": "Feature", "properties": { "id": 305, "snapped_id": 305.0, "centroid_lon": 11.20087, "centroid_lat": 43.79416, "radius": 202.506, "internal_id": 617532053725118463, "population": 63, "component": 0, "o_score_pt": 280.67956129866894, "o_score_car": 623.5207096017001, "CDI": 0.37916505815867829, "log_population": 1.8061799739838871 }, "geometry": { "type": "Polygon", "coordinates": [ [ [ 11.199571825696419, 43.794548387024435 ], [ 11.200822057169647, 43.795178324406834 ], [ 11.202085687057503, 43.794775921841826 ], [ 11.202172316406033, 43.793779753106008 ], [ 11.200922087899865, 43.793149842492291 ], [ 11.199658506029847, 43.793552231935365 ], [ 11.199571825696419, 43.794548387024435 ] ] ] } },
{ "type": "Feature", "properties": { "id": 306, "snapped_id": 306.0, "centroid_lon": 11.23354, "centroid_lat": 43.80493, "radius": 202.529, "internal_id": 617532047427633151, "population": 915, "component": 0, "o_score_pt": 333.47965260492577, "o_score_car": 663.11926563637303, "CDI": 0.33076457037818507, "log_population": 2.9618954736678504 }, "geometry": { "type": "Polygon", "coordinates": [ [ [ 11.231231815249583, 43.805665560297527 ], [ 11.233378403929404, 43.806746018732966 ], [ 11.235682207712687, 43.806011919238699 ], [ 11.23583933826356, 43.804197368772805 ], [ 11.233692758134332, 43.803116937149618 ], [ 11.231389038901654, 43.803851029181232 ], [ 11.231231815249583, 43.805665560297527 ] ] ] } },
{ "type": "Feature", "properties": { "id": 307, "snapped_id": 307.0, "centroid_lon": 11.29175, "centroid_lat": 43.7793, "radius": 202.629, "internal_id": 617532047603531775, "population": 1955, "component": 0, "o_score_pt": 99.971530411372797, "o_score_car": 643.11815620540472, "CDI": 0.73093010921323798, "log_population": 3.2913688504515828 }, "geometry": { "type": "Polygon", "coordinates": [ [ [ 11.289445302580853, 43.780035161609533 ], [ 11.291592581888496, 43.781114809980885 ], [ 11.293895801356996, 43.780379120899774 ], [ 11.294051657171872, 43.778563790998007 ], [ 11.291904386651414, 43.777484169443717 ], [ 11.28960125152695, 43.778219850975326 ], [ 11.289445302580853, 43.780035161609533 ] ] ] } },
{ "type": "Feature", "properties": { "id": 308, "snapped_id": 308.0, "centroid_lon": 11.25919, "centroid_lat": 43.79322, "radius": 202.573, "internal_id": 617532047356329983, "population": 104, "component": 0, "o_score_pt": 400.61678316865874, "o_score_car": 688.03341115314447, "CDI": 0.26401191997539458, "log_population": 2.0211892990699383 }, "geometry": { "type": "Polygon", "coordinates": [ [ [ 11.257688125951473, 43.793678177617451 ], [ 11.259118337245674, 43.794397727078405 ], [ 11.260590345417953, 43.793928166842747 ], [ 11.260690427192745, 43.79276804016083 ], [ 11.259260220114415, 43.792048518860661 ], [ 11.257788267178315, 43.792518065921975 ], [ 11.257688125951473, 43.793678177617451 ] ] ] } },
{ "type": "Feature", "properties": { "id": 309, "snapped_id": 309.0, "centroid_lon": 11.27875, "centroid_lat": 43.74814, "radius": 202.656, "internal_id": 617532049994809343, "population": 17, "component": 0, "o_score_pt": 3.0711440116185265, "o_score_car": 546.65618344569532, "CDI": 0.98882666420887722, "log_population": 1.255272505103306 }, "geometry": { "type": "Polygon", "coordinates": [ [ [ 11.277964588170402, 43.748344654651028 ], [ 11.278754946091325, 43.748742390862333 ], [ 11.279484988609493, 43.748509075906433 ], [ 11.279534551092567, 43.747932444036685 ], [ 11.2787441934729, 43.747534727812308 ], [ 11.278014180072224, 43.747768032131894 ], [ 11.277964588170402, 43.748344654651028 ] ] ] } },
{ "type": "Feature", "properties": { "id": 310, "snapped_id": 310.0, "centroid_lon": 11.31739, "centroid_lat": 43.76757, "radius": 202.674, "internal_id": 617532047532228607, "population": 246, "component": 0, "o_score_pt": 160.08097698197597, "o_score_car": 575.57888950244717, "CDI": 0.56479622098464577, "log_population": 2.3926969532596658 }, "geometry": { "type": "Polygon", "coordinates": [ [ [ 11.31554552952838, 43.768149432986554 ], [ 11.317286113715024, 43.769024192877765 ], [ 11.319117354127922, 43.768438629907124 ], [ 11.319240850656035, 43.766994716976328 ], [ 11.31750027279845, 43.766119986023533 ], [ 11.315669100090179, 43.766705537092065 ], [ 11.31554552952838, 43.768149432986554 ] ] ] } },
{ "type": "Feature", "properties": { "id": 311, "snapped_id": 311.0, "centroid_lon": 11.31786, "centroid_lat": 43.76212, "radius": 202.682, "internal_id": 617532047531704319, "population": 3, "component": 0, "o_score_pt": 14.70775559068379, "o_score_car": 549.31476907587341, "CDI": 0.94784692118677782, "log_population": 0.6020599913279624 }, "geometry": { "type": "Polygon", "coordinates": [ [ [ 11.317684006835245, 43.762118099358169 ], [ 11.317929378037709, 43.76224142650171 ], [ 11.318027697712186, 43.762209981587333 ], [ 11.318034385049787, 43.762131779298322 ], [ 11.317789010766944, 43.762008458195631 ], [ 11.317690698005523, 43.76203990030973 ], [ 11.317684006835245, 43.762118099358169 ] ] ] } },
{ "type": "Feature", "properties": { "id": 312, "snapped_id": 312.0, "centroid_lon": 11.28074, "centroid_lat": 43.75103, "radius": 202.654, "internal_id": 617532049994285055, "population": 55, "component": 0, "o_score_pt": 3.8696648332097379, "o_score_car": 566.65980798268265, "CDI": 0.98643482933805082, "log_population": 1.7481880270062005 }, "geometry": { "type": "Polygon", "coordinates": [ [ [ 11.279494364833239, 43.751401080215565 ], [ 11.280696103565417, 43.752005775026092 ], [ 11.281903174375721, 43.751620018221104 ], [ 11.281985027187421, 43.750667504644653 ], [ 11.280783291316419, 43.750062836091715 ], [ 11.279576266368803, 43.750448579793307 ], [ 11.279494364833239, 43.751401080215565 ] ] ] } },
{ "type": "Feature", "properties": { "id": 313, "snapped_id": 313.0, "centroid_lon": 11.25966, "centroid_lat": 43.78778, "radius": 202.581, "internal_id": 617532047355805695, "population": 841, "component": 0, "o_score_pt": 450.49367901598248, "o_score_car": 714.72191674184057, "CDI": 0.2267633892713318, "log_population": 2.9253120914996495 }, "geometry": { "type": "Polygon", "coordinates": [ [ [ 11.257355739226732, 43.788513153907701 ], [ 11.259502492446241, 43.789593277528084 ], [ 11.261805877962823, 43.788858394364937 ], [ 11.261962425811488, 43.78704339508316 ], [ 11.259815681247604, 43.785963298279071 ], [ 11.257512380177477, 43.786698173941637 ], [ 11.257355739226732, 43.788513153907701 ] ] ] } },
{ "type": "Feature", "properties": { "id": 314, "snapped_id": 314.0, "centroid_lon": 11.25264, "centroid_lat": 43.76531, "radius": 202.603, "internal_id": 617532047391195135, "population": 284, "component": 0, "o_score_pt": 56.917863853349751, "o_score_car": 608.22311908387553, "CDI": 0.82885473812783661, "log_population": 2.4548448600085102 }, "geometry": { "type": "Polygon", "coordinates": [ [ [ 11.250734517177785, 43.765902217288307 ], [ 11.252525766756081, 43.766803976280237 ], [ 11.254416905619328, 43.766200345508111 ], [ 11.254545578742706, 43.764709238215907 ], [ 11.252754335597073, 43.763807508097308 ], [ 11.250863266690349, 43.764411127448106 ], [ 11.250734517177785, 43.765902217288307 ] ] ] } },
{ "type": "Feature", "properties": { "id": 315, "snapped_id": 315.0, "centroid_lon": 11.18753, "centroid_lat": 43.79312, "radius": 202.492, "internal_id": 617532053723545599, "population": 305, "component": 0, "o_score_pt": 12.450394259881117, "o_score_car": 571.00417312197919, "CDI": 0.9573218037670016, "log_population": 2.4857214264815801 }, "geometry": { "type": "Polygon", "coordinates": [ [ [ 11.185590911542167, 43.793725822942577 ], [ 11.187407384949148, 43.794641390142658 ], [ 11.189328887252682, 43.794029709185352 ], [ 11.189460782735278, 43.792515742892498 ], [ 11.187644315694317, 43.791600204509628 ], [ 11.185722884594172, 43.792211874344652 ], [ 11.185590911542167, 43.793725822942577 ] ] ] } },
{ "type": "Feature", "properties": { "id": 316, "snapped_id": 316.0, "centroid_lon": 11.30955, "centroid_lat": 43.78067, "radius": 202.647, "internal_id": 617532047601958911, "population": 223, "component": 0, "o_score_pt": 21.701755511182224, "o_score_car": 580.94692990356623, "CDI": 0.92797875101562077, "log_population": 2.3502480183341627 }, "geometry": { "type": "Polygon", "coordinates": [ [ [ 11.307743026230012, 43.781237183517511 ], [ 11.309448345168839, 43.782094206179437 ], [ 11.311238781853813, 43.781522035905681 ], [ 11.311359656277842, 43.780110717201921 ], [ 11.309654343419723, 43.779253723493184 ], [ 11.30786397303679, 43.779825881634657 ], [ 11.307743026230012, 43.781237183517511 ] ] ] } },
{ "type": "Feature", "properties": { "id": 317, "snapped_id": 317.0, "centroid_lon": 11.21516, "centroid_lat": 43.78432, "radius": 202.535, "internal_id": 617532047460925439, "population": 27, "component": 0, "o_score_pt": 17.825189642044531, "o_score_car": 643.95031365004627, "CDI": 0.94612919470917045, "log_population": 1.4471580313422192 }, "geometry": { "type": "Polygon", "coordinates": [ [ [ 11.214200018679334, 43.784585454417631 ], [ 11.215150832438663, 43.785064432070989 ], [ 11.216066778403199, 43.784772544976406 ], [ 11.216129487265208, 43.784049877858727 ], [ 11.215178674680342, 43.783570923083474 ], [ 11.214262764470677, 43.783862798274171 ], [ 11.214200018679334, 43.784585454417631 ] ] ] } },
{ "type": "Feature", "properties": { "id": 318, "snapped_id": 318.0, "centroid_lon": 11.20419, "centroid_lat": 43.75605, "radius": 202.561, "internal_id": 617532049782472703, "population": 34, "component": 0, "o_score_pt": 98.138651610815245, "o_score_car": 573.14678657774425, "CDI": 0.70760977066435704, "log_population": 1.5440680443502757 }, "geometry": { "type": "Polygon", "coordinates": [ [ [ 11.203130603154467, 43.756350935241564 ], [ 11.204161564911784, 43.756870679109021 ], [ 11.205170831681741, 43.75654889201126 ], [ 11.205240037512153, 43.755752062645179 ], [ 11.204209077408704, 43.755232342894914 ], [ 11.20319984967896, 43.755554117616953 ], [ 11.203130603154467, 43.756350935241564 ] ] ] } },
{ "type": "Feature", "properties": { "id": 319, "snapped_id": 319.0, "centroid_lon": 11.21422, "centroid_lat": 43.79521, "radius": 202.52, "internal_id": 617532053687107583, "population": 1560, "component": 0, "o_score_pt": 403.1278497244528, "o_score_car": 658.20880458645183, "CDI": 0.24033934362477641, "log_population": 3.1934029030624176 }, "geometry": { "type": "Polygon", "coordinates": [ [ [ 11.211916019039942, 43.795939630858435 ], [ 11.21406190731653, 43.797020449933953 ], [ 11.216365399226946, 43.796286651439509 ], [ 11.216522918276794, 43.79447204130102 ], [ 11.214377038468522, 43.793391249041967 ], [ 11.212073631140093, 43.794125040106088 ], [ 11.211916019039942, 43.795939630858435 ] ] ] } },
{ "type": "Feature", "properties": { "id": 320, "snapped_id": 320.0, "centroid_lon": 11.2832, "centroid_lat": 43.74848, "radius": 202.661, "internal_id": 617532049993236479, "population": 14, "component": 0, "o_score_pt": 101.26466576813768, "o_score_car": 541.02968460374609, "CDI": 0.68467832323449163, "log_population": 1.1760912590556813 }, "geometry": { "type": "Polygon", "coordinates": [ [ [ 11.282487042690009, 43.748663001988518 ], [ 11.283211348604356, 43.749027454895192 ], [ 11.283864799877637, 43.748818593019543 ], [ 11.283909144037578, 43.748302360133735 ], [ 11.283184838019588, 43.74793792586523 ], [ 11.282531413169542, 43.748146777774508 ], [ 11.282487042690009, 43.748663001988518 ] ] ] } },
{ "type": "Feature", "properties": { "id": 321, "snapped_id": 321.0, "centroid_lon": 11.19197, "centroid_lat": 43.79347, "radius": 202.497, "internal_id": 617532053721972735, "population": 935, "component": 0, "o_score_pt": 15.517515005398982, "o_score_car": 586.12176143607746, "CDI": 0.94841588435788082, "log_population": 2.971275848738105 }, "geometry": { "type": "Polygon", "coordinates": [ [ [ 11.189671098868724, 43.794202033173029 ], [ 11.191816424322461, 43.795283219499161 ], [ 11.194119818641893, 43.794549885295815 ], [ 11.194277802868317, 43.792735372162412 ], [ 11.19213248579012, 43.791654212654514 ], [ 11.189829176107983, 43.792387539462936 ], [ 11.189671098868724, 43.794202033173029 ] ] ] } },
{ "type": "Feature", "properties": { "id": 322, "snapped_id": 322.0, "centroid_lon": 11.25579, "centroid_lat": 43.80666, "radius": 202.552, "internal_id": 617532047424487423, "population": 9, "component": 0, "o_score_pt": 314.74615072196269, "o_score_car": 569.34592186736893, "CDI": 0.28797879659720688, "log_population": 1.0 }, "geometry": { "type": "Polygon", "coordinates": [ [ [ 11.255241528618242, 43.806783544814586 ], [ 11.255819933073257, 43.807074507029235 ], [ 11.25630346680375, 43.806920336671304 ], [ 11.256336409149576, 43.806538765404923 ], [ 11.255758003623752, 43.806247818509959 ], [ 11.255274490398866, 43.806401980675119 ], [ 11.255241528618242, 43.806783544814586 ] ] ] } },
{ "type": "Feature", "properties": { "id": 323, "snapped_id": 323.0, "centroid_lon": 11.314, "centroid_lat": 43.78102, "radius": 202.652, "internal_id": 617532047600386047, "population": 81, "component": 0, "o_score_pt": 13.017683250836727, "o_score_car": 560.76950598740484, "CDI": 0.95462539598306839, "log_population": 1.9138138523837167 }, "geometry": { "type": "Polygon", "coordinates": [ [ [ 11.312601713371139, 43.781438099476894 ], [ 11.313942701685336, 43.782111946149506 ], [ 11.315310747008335, 43.78167470608502 ], [ 11.315403059689858, 43.780596213567783 ], [ 11.314062075177253, 43.779922394435914 ], [ 11.312694081325407, 43.780359621190954 ], [ 11.312601713371139, 43.781438099476894 ] ] ] } },
{ "type": "Feature", "properties": { "id": 324, "snapped_id": 324.0, "centroid_lon": 11.23296, "centroid_lat": 43.7857, "radius": 202.554, "internal_id": 617532047459352575, "population": 1959, "component": 0, "o_score_pt": 439.02398538289657, "o_score_car": 716.48438830552436, "CDI": 0.24011976826871881, "log_population": 3.2922560713564759 }, "geometry": { "type": "Polygon", "coordinates": [ [ [ 11.230657669231094, 43.786438216271783 ], [ 11.232803748415851, 43.787518781099664 ], [ 11.235107018464868, 43.786784455192539 ], [ 11.235264124814094, 43.784969571916797 ], [ 11.233118054173572, 43.783889033907421 ], [ 11.230814868637616, 43.784623352356441 ], [ 11.230657669231094, 43.786438216271783 ] ] ] } },
{ "type": "Feature", "properties": { "id": 325, "snapped_id": 325.0, "centroid_lon": 11.20239, "centroid_lat": 43.8025, "radius": 202.496, "internal_id": 617532053685534719, "population": 7, "component": 0, "o_score_pt": 389.67509775663751, "o_score_car": 525.78253385271273, "CDI": 0.14867693642665031, "log_population": 0.90308998699194354 }, "geometry": { "type": "Polygon", "coordinates": [ [ [ 11.201929594334857, 43.802593596413956 ], [ 11.202427093125001, 43.802844221830838 ], [ 11.202816436873055, 43.802720258870352 ], [ 11.202843213430661, 43.802412341348308 ], [ 11.202345713025696, 43.802161729227947 ], [ 11.201956386524435, 43.802285685149577 ], [ 11.201929594334857, 43.802593596413956 ] ] ] } },
{ "type": "Feature", "properties": { "id": 326, "snapped_id": 326.0, "centroid_lon": 11.30099, "centroid_lat": 43.74986, "radius": 202.679, "internal_id": 617532049991663615, "population": 285, "component": 0, "o_score_pt": 102.2524540330905, "o_score_car": 548.20811951510609, "CDI": 0.68559984050896827, "log_population": 2.4563660331290431 }, "geometry": { "type": "Polygon", "coordinates": [ [ [ 11.29908682586475, 43.750455554130063 ], [ 11.30087984844292, 43.751357314567883 ], [ 11.30277223357546, 43.750752176029884 ], [ 11.302900143034533, 43.749259493005738 ], [ 11.301107127062373, 43.748357761436615 ], [ 11.299214811802504, 43.748962888497978 ], [ 11.29908682586475, 43.750455554130063 ] ] ] } },
{ "type": "Feature", "properties": { "id": 327, "snapped_id": 327.0, "centroid_lon": 11.22898, "centroid_lat": 43.77991, "radius": 202.557, "internal_id": 617532047461974015, "population": 12, "component": 0, "o_score_pt": 386.01951189057019, "o_score_car": 638.05303032145935, "CDI": 0.24610904798451941, "log_population": 1.1139433523068367 }, "geometry": { "type": "Polygon", "coordinates": [ [ [ 11.228329932020683, 43.780072401884802 ], [ 11.22900285530223, 43.78041129595406 ], [ 11.229596242933383, 43.780222099446476 ], [ 11.229636833985914, 43.779753390275317 ], [ 11.228963910200687, 43.779414513736867 ], [ 11.228370546959152, 43.779603700883797 ], [ 11.228329932020683, 43.780072401884802 ] ] ] } },
{ "type": "Feature", "properties": { "id": 328, "snapped_id": 328.0, "centroid_lon": 11.19586, "centroid_lat": 43.77459, "radius": 202.526, "internal_id": 617532053720399871, "population": 1004, "component": 0, "o_score_pt": 61.400563420820248, "o_score_car": 616.35722914855057, "CDI": 0.8188126670206135, "log_population": 3.0021660617565078 }, "geometry": { "type": "Polygon", "coordinates": [ [ [ 11.193554427102038, 43.775322067963359 ], [ 11.195699356177421, 43.776403286752526 ], [ 11.198002236486778, 43.775669633009777 ], [ 11.198160103130128, 43.773854767876458 ], [ 11.196015182442594, 43.772773575911465 ], [ 11.193712386721856, 43.773507222256754 ], [ 11.193554427102038, 43.775322067963359 ] ] ] } },
{ "type": "Feature", "properties": { "id": 329, "snapped_id": 329.0, "centroid_lon": 11.32443, "centroid_lat": 43.79004, "radius": 202.652, "internal_id": 617532047563948031, "population": 0, "component": 0, "o_score_pt": 2.0237933699925352, "o_score_car": 445.55774992214543, "CDI": 0.99095676128596921, "log_population": 0.0 }, "geometry": { "type": "Polygon", "coordinates": [ [ [ 11.324351906731778, 43.790003433143454 ], [ 11.324512274185867, 43.790083985008394 ], [ 11.324512274783777, 43.790083978014259 ], [ 11.324351906911305, 43.790003431044703 ], [ 11.324351906731778, 43.790003433143454 ] ] ] } },
{ "type": "Feature", "properties": { "id": 330, "snapped_id": 330.0, "centroid_lon": 11.24244, "centroid_lat": 43.80562, "radius": 202.538, "internal_id": 617532047422914559, "population": 813, "component": 0, "o_score_pt": 390.62693489448753, "o_score_car": 604.82606392609796, "CDI": 0.21517754156689861, "log_population": 2.9106244048892012 }, "geometry": { "type": "Polygon", "coordinates": [ [ [ 11.240132731933681, 43.806358111721977 ], [ 11.242279545470957, 43.807438423037325 ], [ 11.244583387864687, 43.806704137731934 ], [ 11.244740332190746, 43.804889548589152 ], [ 11.242593527241201, 43.803809264085338 ], [ 11.240289769375874, 43.80454354191393 ], [ 11.240132731933681, 43.806358111721977 ] ] ] } },
{ "type": "Feature", "properties": { "id": 331, "snapped_id": 331.0, "centroid_lon": 11.30065, "centroid_lat": 43.77999, "radius": 202.638, "internal_id": 617532047598813183, "population": 580, "component": 0, "o_score_pt": 34.212284362940018, "o_score_car": 605.41763511945078, "CDI": 0.89302475284262572, "log_population": 2.7641761323903307 }, "geometry": { "type": "Polygon", "coordinates": [ [ [ 11.298454735415424, 43.780685106190411 ], [ 11.300505441778691, 43.781715950657883 ], [ 11.302696471858434, 43.781015930809502 ], [ 11.302844559274655, 43.779288982403962 ], [ 11.300793861128991, 43.778258165581633 ], [ 11.298602911431814, 43.778958176575891 ], [ 11.298454735415424, 43.780685106190411 ] ] ] } },
{ "type": "Feature", "properties": { "id": 332, "snapped_id": 332.0, "centroid_lon": 11.23741, "centroid_lat": 43.78605, "radius": 202.558, "internal_id": 617532047457779711, "population": 2375, "component": 0, "o_score_pt": 467.76918467781405, "o_score_car": 698.84255121076228, "CDI": 0.19807221153741089, "log_population": 3.375846436309156 }, "geometry": { "type": "Polygon", "coordinates": [ [ [ 11.235107018464868, 43.786784455192539 ], [ 11.237253210039203, 43.787864946514453 ], [ 11.239556499401949, 43.787130527741311 ], [ 11.239713512686397, 43.785315625112602 ], [ 11.237567329674865, 43.78423516060883 ], [ 11.235264124814094, 43.784969571916797 ], [ 11.235107018464868, 43.786784455192539 ] ] ] } },
{ "type": "Feature", "properties": { "id": 333, "snapped_id": 333.0, "centroid_lon": 11.28917, "centroid_lat": 43.75717, "radius": 202.656, "internal_id": 617532049990090751, "population": 1016, "component": 0, "o_score_pt": 236.22612610705559, "o_score_car": 633.38262244795192, "CDI": 0.45670710765138312, "log_population": 3.0073209529227447 }, "geometry": { "type": "Polygon", "coordinates": [ [ [ 11.286866998198894, 43.757905389046101 ], [ 11.289013646911767, 43.758985190826422 ], [ 11.291316248657864, 43.758249283504 ], [ 11.291472117383044, 43.756433581943746 ], [ 11.289325477441981, 43.75535380698782 ], [ 11.287022960001964, 43.756089706768925 ], [ 11.286866998198894, 43.757905389046101 ] ] ] } },
{ "type": "Feature", "properties": { "id": 334, "snapped_id": 334.0, "centroid_lon": 11.18403, "centroid_lat": 43.78189, "radius": 202.503, "internal_id": 617532053718827007, "population": 21, "component": 0, "o_score_pt": 12.517675362363056, "o_score_car": 573.59200151356515, "CDI": 0.9572855530074692, "log_population": 1.3424226808222062 }, "geometry": { "type": "Polygon", "coordinates": [ [ [ 11.183159725640145, 43.782118810024933 ], [ 11.184023014282333, 43.782554063415418 ], [ 11.184837372671181, 43.78229476362953 ], [ 11.184893395450903, 43.781651854147761 ], [ 11.184030107401512, 43.781216622140938 ], [ 11.183215781235603, 43.781475910701801 ], [ 11.183159725640145, 43.782118810024933 ] ] ] } },
{ "type": "Feature", "properties": { "id": 335, "snapped_id": 335.0, "centroid_lon": 11.29222, "centroid_lat": 43.77385, "radius": 202.637, "internal_id": 617532047603007487, "population": 2150, "component": 0, "o_score_pt": 175.32876175435402, "o_score_car": 612.48217914171505, "CDI": 0.55489635227728062, "log_population": 3.3326404103874627 }, "geometry": { "type": "Polygon", "coordinates": [ [ [ 11.289913129357288, 43.77458913193184 ], [ 11.292060279004708, 43.775668800286425 ], [ 11.294363348751203, 43.774933033417383 ], [ 11.294519184516554, 43.773117605744169 ], [ 11.292372043657117, 43.772037964208394 ], [ 11.290069058242402, 43.772773723528211 ], [ 11.289913129357288, 43.77458913193184 ] ] ] } },
{ "type": "Feature", "properties": { "id": 336, "snapped_id": 336.0, "centroid_lon": 11.23401, "centroid_lat": 43.79949, "radius": 202.536, "internal_id": 617532047427108863, "population": 725, "component": 0, "o_score_pt": 388.39317453476258, "o_score_car": 673.28956689423455, "CDI": 0.26834418724374182, "log_population": 2.8609366207000937 }, "geometry": { "type": "Polygon", "coordinates": [ [ [ 11.231721392107993, 43.800215624363844 ], [ 11.233851845117762, 43.801288045777852 ], [ 11.236136919638467, 43.800559789488823 ], [ 11.236292763691621, 43.798759766872173 ], [ 11.23416231913488, 43.79768737242356 ], [ 11.231877328499035, 43.79841562102488 ], [ 11.231721392107993, 43.800215624363844 ] ] ] } },
{ "type": "Feature", "properties": { "id": 337, "snapped_id": 337.0, "centroid_lon": 11.18744, "centroid_lat": 43.76845, "radius": 202.525, "internal_id": 617532049849057279, "population": 148, "component": 0, "o_score_pt": 12.525192434928035, "o_score_car": 592.34515101786178, "CDI": 0.95858552970730782, "log_population": 2.173186268412274 }, "geometry": { "type": "Polygon", "coordinates": [ [ [ 11.185793828146883, 43.768952092596706 ], [ 11.187349233818306, 43.769736398872446 ], [ 11.1889676046238, 43.769220846549686 ], [ 11.189078724741329, 43.767944685008594 ], [ 11.187523323858967, 43.767160407472907 ], [ 11.185905013565279, 43.767675947066479 ], [ 11.185793828146883, 43.768952092596706 ] ] ] } },
{ "type": "Feature", "properties": { "id": 338, "snapped_id": 338.0, "centroid_lon": 11.25485, "centroid_lat": 43.81755, "radius": 202.536, "internal_id": 617532047949037567, "population": 11, "component": 0, "o_score_pt": 74.537834908888499, "o_score_car": 559.55514291519899, "CDI": 0.76489935225377292, "log_population": 1.0791812460476249 }, "geometry": { "type": "Polygon", "coordinates": [ [ [ 11.254227002411129, 43.817696483453936 ], [ 11.254871675027829, 43.818020729997976 ], [ 11.255431994512481, 43.817842138469381 ], [ 11.255470153942607, 43.817400299172533 ], [ 11.25482548065872, 43.817076069507443 ], [ 11.254265184383527, 43.817254652000074 ], [ 11.254227002411129, 43.817696483453936 ] ] ] } },
{ "type": "Feature", "properties": { "id": 339, "snapped_id": 339.0, "centroid_lon": 11.30603, "centroid_lat": 43.76944, "radius": 202.659, "internal_id": 617532047597240319, "population": 729, "component": 0, "o_score_pt": 167.1975092907966, "o_score_car": 601.83351905752716, "CDI": 0.56517356744397473, "log_population": 2.8633228601204559 }, "geometry": { "type": "Polygon", "coordinates": [ [ [ 11.303746803411663, 43.770168360078088 ], [ 11.305880131224557, 43.771240775735386 ], [ 11.308166845651705, 43.770509850413632 ], [ 11.308321284149546, 43.768707082480432 ], [ 11.306187965093077, 43.767634693775058 ], [ 11.30390133438136, 43.768365611329493 ], [ 11.303746803411663, 43.770168360078088 ] ] ] } },
{ "type": "Feature", "properties": { "id": 340, "snapped_id": 340.0, "centroid_lon": 11.22406, "centroid_lat": 43.78501, "radius": 202.544, "internal_id": 617532047456206847, "population": 428, "component": 0, "o_score_pt": 388.38793930454477, "o_score_car": 642.27535299295607, "CDI": 0.24633400217684931, "log_population": 2.632457292184724 }, "geometry": { "type": "Polygon", "coordinates": [ [ [ 11.221990698135624, 43.785664654243526 ], [ 11.223930017543806, 43.786641351488946 ], [ 11.225993484741073, 43.785983632970279 ], [ 11.226134416438528, 43.784357558919034 ], [ 11.224195104272795, 43.783380890019778 ], [ 11.222131713177825, 43.784038598531041 ], [ 11.221990698135624, 43.785664654243526 ] ] ] } },
{ "type": "Feature", "properties": { "id": 341, "snapped_id": 341.0, "centroid_lon": 11.26388, "centroid_lat": 43.73876, "radius": 202.652, "internal_id": 617532049918787583, "population": 1, "component": 0, "o_score_pt": 3.1710302871445744, "o_score_car": 551.4387459190549, "CDI": 0.9885648236897806, "log_population": 0.3010299956639812 }, "geometry": { "type": "Polygon", "coordinates": [ [ [ 11.263805116271026, 43.738721639066938 ], [ 11.263964294691972, 43.738801787039328 ], [ 11.263964295293723, 43.738801780051233 ], [ 11.263805116453431, 43.73872163694994 ], [ 11.263805116271026, 43.738721639066938 ] ] ] } },
{ "type": "Feature", "properties": { "id": 342, "snapped_id": 342.0, "centroid_lon": 11.22464, "centroid_lat": 43.80424, "radius": 202.519, "internal_id": 617532053682388991, "population": 242, "component": 0, "o_score_pt": 157.46574961854228, "o_score_car": 618.77221085966016, "CDI": 0.59428485171857526, "log_population": 2.3856062735983121 }, "geometry": { "type": "Polygon", "coordinates": [ [ [ 11.222793392139254, 43.80481146643961 ], [ 11.224527326682948, 43.805684434747654 ], [ 11.226352271167643, 43.80510305675385 ], [ 11.226476913586461, 43.803665414258354 ], [ 11.224742985027309, 43.802792474897664 ], [ 11.222918108270914, 43.80337384106911 ], [ 11.222793392139254, 43.80481146643961 ] ] ] } },
{ "type": "Feature", "properties": { "id": 343, "snapped_id": 343.0, "centroid_lon": 11.20135, "centroid_lat": 43.78872, "radius": 202.514, "internal_id": 617532053724594175, "population": 1, "component": 0, "o_score_pt": 3.9202973008063817, "o_score_car": 570.5319823872195, "CDI": 0.98635118202355998, "log_population": 0.3010299956639812 }, "geometry": { "type": "Polygon", "coordinates": [ [ [ 11.201265470014475, 43.788679945225262 ], [ 11.201425701420787, 43.788760686169532 ], [ 11.201425702029171, 43.788760679172306 ], [ 11.201265470195773, 43.788679943141368 ], [ 11.201265470014475, 43.788679945225262 ] ] ] } },
{ "type": "Feature", "properties": { "id": 344, "snapped_id": 344.0, "centroid_lon": 11.25018, "centroid_lat": 43.76786, "radius": 202.597, "internal_id": 617532047392243711, "population": 1248, "component": 0, "o_score_pt": 531.49268906326631, "o_score_car": 659.85790411397988, "CDI": 0.1077476401874051, "log_population": 3.0965624383741357 }, "geometry": { "type": "Polygon", "coordinates": [ [ [ 11.247877805800046, 43.768590916637962 ], [ 11.250023824971512, 43.769671293721913 ], [ 11.252326638600826, 43.768936370145028 ], [ 11.252483348625548, 43.767121076967214 ], [ 11.250337338066181, 43.766040726706535 ], [ 11.248034608868039, 43.766775642801555 ], [ 11.247877805800046, 43.768590916637962 ] ] ] } },
{ "type": "Feature", "properties": { "id": 345, "snapped_id": 345.0, "centroid_lon": 11.21213, "centroid_lat": 43.76764, "radius": 202.554, "internal_id": 617532049854824447, "population": 1207, "component": 0, "o_score_pt": 383.38279759816879, "o_score_car": 629.24043204436032, "CDI": 0.2427928051117125, "log_population": 3.082066934285113 }, "geometry": { "type": "Polygon", "coordinates": [ [ [ 11.209831638229781, 43.768370450346247 ], [ 11.211976767051834, 43.769451441870835 ], [ 11.214279491188547, 43.7687173462921 ], [ 11.214437001969744, 43.76690226661178 ], [ 11.212291881601704, 43.765821301912737 ], [ 11.209989241996478, 43.766555390069627 ], [ 11.209831638229781, 43.768370450346247 ] ] ] } },
{ "type": "Feature", "properties": { "id": 346, "snapped_id": 346.0, "centroid_lon": 11.275, "centroid_lat": 43.79171, "radius": 202.593, "internal_id": 617532047384903679, "population": 1064, "component": 0, "o_score_pt": 130.52888134350562, "o_score_car": 620.59411160081913, "CDI": 0.65244338791481837, "log_population": 3.0273496077747564 }, "geometry": { "type": "Polygon", "coordinates": [ [ [ 11.272697314483324, 43.792443277355005 ], [ 11.274844525375501, 43.793523133422383 ], [ 11.277148052666192, 43.792787964051925 ], [ 11.277304284649, 43.790972946140762 ], [ 11.275157082477008, 43.78989311688747 ], [ 11.272853639600047, 43.790628278732456 ], [ 11.272697314483324, 43.792443277355005 ] ] ] } },
{ "type": "Feature", "properties": { "id": 347, "snapped_id": 347.0, "centroid_lon": 11.17561, "centroid_lat": 43.77574, "radius": 202.502, "internal_id": 617532049847484415, "population": 75, "component": 0, "o_score_pt": 3.5276192607876093, "o_score_car": 531.01418308257689, "CDI": 0.98680133435655404, "log_population": 1.8808135922807914 }, "geometry": { "type": "Polygon", "coordinates": [ [ [ 11.174236634887135, 43.776153292479037 ], [ 11.175548400626045, 43.776814867274261 ], [ 11.176883841478421, 43.776389679418195 ], [ 11.176975713433842, 43.775336439109786 ], [ 11.175663950980255, 43.774674891650392 ], [ 11.17432856070781, 43.775100066358853 ], [ 11.174236634887135, 43.776153292479037 ] ] ] } },
{ "type": "Feature", "properties": { "id": 348, "snapped_id": 348.0, "centroid_lon": 11.31553, "centroid_lat": 43.78936, "radius": 202.643, "internal_id": 617532047560802303, "population": 0, "component": 0, "o_score_pt": 1.8287436269523627, "o_score_car": 509.39726372209793, "CDI": 0.99284565495235555, "log_population": 0.0 }, "geometry": { "type": "Polygon", "coordinates": [ [ [ 11.315448473295405, 43.789317522244872 ], [ 11.315608818015818, 43.789398082094486 ], [ 11.315608818614468, 43.789398075100216 ], [ 11.315448473475083, 43.789317520146916 ], [ 11.315448473295405, 43.789317522244872 ] ] ] } },
{ "type": "Feature", "properties": { "id": 349, "snapped_id": 349.0, "centroid_lon": 11.20182, "centroid_lat": 43.78328, "radius": 202.521, "internal_id": 617532053717254143, "population": 241, "component": 0, "o_score_pt": 26.641968414503879, "o_score_car": 622.7238393150925, "CDI": 0.91794465277544157, "log_population": 2.3838153659804311 }, "geometry": { "type": "Polygon", "coordinates": [ [ [ 11.199979474780188, 43.783848494637638 ], [ 11.20171102199054, 43.784721078799933 ], [ 11.20353367284323, 43.784140460553026 ], [ 11.203658550009505, 43.782703948764038 ], [ 11.201927008697973, 43.781831393554782 ], [ 11.200104425527105, 43.782412000005046 ], [ 11.199979474780188, 43.783848494637638 ] ] ] } },
{ "type": "Feature", "properties": { "id": 350, "snapped_id": 350.0, "centroid_lon": 11.29268, "centroid_lat": 43.76841, "radius": 202.645, "internal_id": 617532047595667455, "population": 502, "component": 0, "o_score_pt": 268.82650038886726, "o_score_car": 647.23949645476148, "CDI": 0.41308486219305529, "log_population": 2.7015679850559273 }, "geometry": { "type": "Polygon", "coordinates": [ [ [ 11.290547664359666, 43.769084593140711 ], [ 11.292545646465182, 43.77008933524646 ], [ 11.294675757145225, 43.769408706619018 ], [ 11.294819886424802, 43.767729348371738 ], [ 11.292821912176777, 43.766724634278035 ], [ 11.290691879750185, 43.767405253437246 ], [ 11.290547664359666, 43.769084593140711 ] ] ] } },
{ "type": "Feature", "properties": { "id": 351, "snapped_id": 351.0, "centroid_lon": 11.29256, "centroid_lat": 43.74372, "radius": 202.678, "internal_id": 617532049995857919, "population": 11, "component": 0, "o_score_pt": 99.763312590422302, "o_score_car": 539.05825985815784, "CDI": 0.68766454705643987, "log_population": 1.0791812460476249 }, "geometry": { "type": "Polygon", "coordinates": [ [ [ 11.291942528784128, 43.743871567305469 ], [ 11.292585892014158, 43.744195239747015 ], [ 11.293145566297715, 43.744016278818506 ], [ 11.293183509854858, 43.743573940793326 ], [ 11.292540146030509, 43.743250285209015 ], [ 11.291980494866049, 43.743429237095057 ], [ 11.291942528784128, 43.743871567305469 ] ] ] } },
{ "type": "Feature", "properties": { "id": 352, "snapped_id": 352.0, "centroid_lon": 11.27301, "centroid_lat": 43.78881, "radius": 202.595, "internal_id": 617532047357378559, "population": 1812, "component": 0, "o_score_pt": 394.84225461974899, "o_score_car": 673.11711294565782, "CDI": 0.26056689681020651, "log_population": 3.2583978040955088 }, "geometry": { "type": "Polygon", "coordinates": [ [ [ 11.270706549635845, 43.78954837587024 ], [ 11.272853639600047, 43.790628278732456 ], [ 11.275157082477008, 43.78989311688747 ], [ 11.275313350974676, 43.788078059703253 ], [ 11.273166269721793, 43.786998183656202 ], [ 11.270862911257963, 43.787733337979382 ], [ 11.270706549635845, 43.78954837587024 ] ] ] } },
{ "type": "Feature", "properties": { "id": 353, "snapped_id": 353.0, "centroid_lon": 11.24301, "centroid_lat": 43.82485, "radius": 202.513, "internal_id": 617532047947464703, "population": 4, "component": 0, "o_score_pt": 3.9875569505925768, "o_score_car": 507.39139307605626, "CDI": 0.98440468873274978, "log_population": 0.69897000433601886 }, "geometry": { "type": "Polygon", "coordinates": [ [ [ 11.242747147939404, 43.824872472821767 ], [ 11.243074726259277, 43.825037263337101 ], [ 11.243266866922809, 43.824976055624852 ], [ 11.243280023324038, 43.824823992398294 ], [ 11.242952442361789, 43.824659210429161 ], [ 11.242760311974475, 43.824720413847452 ], [ 11.242747147939404, 43.824872472821767 ] ] ] } },
{ "type": "Feature", "properties": { "id": 354, "snapped_id": 354.0, "centroid_lon": 11.21129, "centroid_lat": 43.8032, "radius": 202.506, "internal_id": 617532053680816127, "population": 1, "component": 0, "o_score_pt": 329.34413508608327, "o_score_car": 613.93089555752908, "CDI": 0.30170072484296279, "log_population": 0.3010299956639812 }, "geometry": { "type": "Polygon", "coordinates": [ [ [ 11.211205234746911, 43.803157238538589 ], [ 11.211365796905303, 43.803238105893989 ], [ 11.211365797513219, 43.803238098894859 ], [ 11.21120523492749, 43.803157236460784 ], [ 11.211205234746911, 43.803157238538589 ] ] ] } },
{ "type": "Feature", "properties": { "id": 355, "snapped_id": 355.0, "centroid_lon": 11.33334, "centroid_lat": 43.79073, "radius": 202.661, "internal_id": 617532047559229439, "population": 197, "component": 0, "o_score_pt": 2.6582231302940138, "o_score_car": 474.91880775606415, "CDI": 0.98886787697741463, "log_population": 2.2966651902615309 }, "geometry": { "type": "Polygon", "coordinates": [ [ [ 11.331577499949484, 43.791274970782176 ], [ 11.333238701487858, 43.79210917055763 ], [ 11.334977578999437, 43.791553258070934 ], [ 11.335094585666226, 43.79018287628778 ], [ 11.33343339000313, 43.789348705443047 ], [ 11.33169457693964, 43.789904605493994 ], [ 11.331577499949484, 43.791274970782176 ] ] ] } },
{ "type": "Feature", "properties": { "id": 356, "snapped_id": 356.0, "centroid_lon": 11.20627, "centroid_lat": 43.78362, "radius": 202.526, "internal_id": 617532053715681279, "population": 18, "component": 0, "o_score_pt": 16.640692650543006, "o_score_car": 611.65237168294573, "CDI": 0.94702888319101242, "log_population": 1.2787536009528289 }, "geometry": { "type": "Polygon", "coordinates": [ [ [ 11.205460046262134, 43.783836487410412 ], [ 11.206270394617661, 43.784244803753786 ], [ 11.207023253400717, 43.784004944357292 ], [ 11.207074888693644, 43.783410605632966 ], [ 11.206264540642314, 43.7830023096773 ], [ 11.205511711888315, 43.783242158295536 ], [ 11.205460046262134, 43.783836487410412 ] ] ] } },
{ "type": "Feature", "properties": { "id": 357, "snapped_id": 357.0, "centroid_lon": 11.26751, "centroid_lat": 43.77468, "radius": 202.608, "internal_id": 617532047418195967, "population": 769, "component": 0, "o_score_pt": 497.5189022187808, "o_score_car": 675.85825331623175, "CDI": 0.1519880886177091, "log_population": 2.8864907251724818 }, "geometry": { "type": "Polygon", "coordinates": [ [ [ 11.265204592763231, 43.775417590504013 ], [ 11.267351190411954, 43.776497653597495 ], [ 11.269654230349488, 43.775762436458137 ], [ 11.26981058823729, 43.773947163736928 ], [ 11.267663999274063, 43.772867127463478 ], [ 11.2653610437356, 43.773602337092356 ], [ 11.265204592763231, 43.775417590504013 ] ] ] } },
{ "type": "Feature", "properties": { "id": 358, "snapped_id": 358.0, "centroid_lon": 11.26082, "centroid_lat": 43.82623, "radius": 202.531, "internal_id": 617532047945891839, "population": 0, "component": 0, "o_score_pt": 2.4574975256411702, "o_score_car": 527.61570246213807, "CDI": 0.99072770505772478, "log_population": 0.0 }, "geometry": { "type": "Polygon", "coordinates": [ [ [ 11.260740694178962, 43.826190943510866 ], [ 11.260901812115179, 43.826271956068823 ], [ 11.260901812719457, 43.826271949067589 ], [ 11.260740694357937, 43.826190941438497 ], [ 11.260740694178962, 43.826190943510866 ] ] ] } },
{ "type": "Feature", "properties": { "id": 359, "snapped_id": 359.0, "centroid_lon": 11.33626, "centroid_lat": 43.78273, "radius": 202.675, "internal_id": 617532047498412031, "population": 0, "component": 0, "o_score_pt": 3.2455551820379109, "o_score_car": 442.50704675253922, "CDI": 0.98543786320953763, "log_population": 0.0 }, "geometry": { "type": "Polygon", "coordinates": [ [ [ 11.336179459678524, 43.782690448438707 ], [ 11.336339674769675, 43.78277090908712 ], [ 11.336339675366386, 43.782770902094391 ], [ 11.336179459858169, 43.782690446334776 ], [ 11.336179459678524, 43.782690448438707 ] ] ] } },
{ "type": "Feature", "properties": { "id": 360, "snapped_id": 360.0, "centroid_lon": 11.29713, "centroid_lat": 43.76875, "radius": 202.649, "internal_id": 617532047594094591, "population": 481, "component": 0, "o_score_pt": 251.92520964198363, "o_score_car": 632.49579495202136, "CDI": 0.43030477943560291, "log_population": 2.6830470382388496 }, "geometry": { "type": "Polygon", "coordinates": [ [ [ 11.295014903519739, 43.769422390859262 ], [ 11.296997527953009, 43.770419290087318 ], [ 11.299109734037311, 43.769744302707821 ], [ 11.299252565556143, 43.768079052800665 ], [ 11.297269948900846, 43.767082181680358 ], [ 11.295157820430431, 43.767757159408092 ], [ 11.295014903519739, 43.769422390859262 ] ] ] } },
{ "type": "Feature", "properties": { "id": 361, "snapped_id": 361.0, "centroid_lon": 11.25532, "centroid_lat": 43.8121, "radius": 202.544, "internal_id": 617532047453061119, "population": 69, "component": 0, "o_score_pt": 77.306758355278362, "o_score_car": 570.76869405213631, "CDI": 0.76142667318101342, "log_population": 1.8450980400142569 }, "geometry": { "type": "Polygon", "coordinates": [ [ [ 11.253981753488842, 43.81250240845786 ], [ 11.255265406445318, 43.813148085049093 ], [ 11.256567275193508, 43.812733070459871 ], [ 11.256655840052895, 43.811707411642871 ], [ 11.255372190390133, 43.81106176211857 ], [ 11.25407037091799, 43.811476763483803 ], [ 11.253981753488842, 43.81250240845786 ] ] ] } },
{ "type": "Feature", "properties": { "id": 362, "snapped_id": 362.0, "centroid_lon": 11.24714, "centroid_lat": 43.75117, "radius": 202.616, "internal_id": 617532049985372159, "population": 218, "component": 0, "o_score_pt": 164.66468108643676, "o_score_car": 667.36358550705779, "CDI": 0.60418488722598351, "log_population": 2.3404441148401185 }, "geometry": { "type": "Polygon", "coordinates": [ [ [ 11.245344892359352, 43.751731067683558 ], [ 11.247040285598922, 43.752584893082869 ], [ 11.248820361073797, 43.752016569620572 ], [ 11.248941578420208, 43.75061249484974 ], [ 11.247246191006219, 43.749758698412755 ], [ 11.245466181585902, 43.750327009782403 ], [ 11.245344892359352, 43.751731067683558 ] ] ] } },
{ "type": "Feature", "properties": { "id": 363, "snapped_id": 363.0, "centroid_lon": 11.19292, "centroid_lat": 43.78258, "radius": 202.512, "internal_id": 617532053714108415, "population": 852, "component": 0, "o_score_pt": 18.517996054004215, "o_score_car": 581.10289662529055, "CDI": 0.93823432011763297, "log_population": 2.9309490311675228 }, "geometry": { "type": "Polygon", "coordinates": [ [ [ 11.190619460662003, 43.783314581796894 ], [ 11.192764527433717, 43.784395807663017 ], [ 11.195067622415538, 43.783662317369568 ], [ 11.195225566011038, 43.781847608605453 ], [ 11.193080507616607, 43.780766409561046 ], [ 11.190777497247419, 43.781499892460168 ], [ 11.190619460662003, 43.783314581796894 ] ] ] } },
{ "type": "Feature", "properties": { "id": 364, "snapped_id": 364.0, "centroid_lon": 11.28097, "centroid_lat": 43.80039, "radius": 202.589, "internal_id": 617532047381757951, "population": 80, "component": 0, "o_score_pt": 98.173930534354042, "o_score_car": 581.99237046268547, "CDI": 0.71132374423595157, "log_population": 1.9084850188786497 }, "geometry": { "type": "Polygon", "coordinates": [ [ [ 11.279578246650905, 43.800810876595023 ], [ 11.280914829166743, 43.801482863572325 ], [ 11.282277953429061, 43.801047853541128 ], [ 11.282370354371926, 43.799973705133986 ], [ 11.281033775543769, 43.79930174566752 ], [ 11.279670702654913, 43.799736742422631 ], [ 11.279578246650905, 43.800810876595023 ] ] ] } },
{ "type": "Feature", "properties": { "id": 365, "snapped_id": 365.0, "centroid_lon": 11.28531, "centroid_lat": 43.77606, "radius": 202.626, "internal_id": 617532047416623103, "population": 600, "component": 0, "o_score_pt": 213.36397857027825, "o_score_car": 651.42819447529723, "CDI": 0.50655432548871204, "log_population": 2.7788744720027396 }, "geometry": { "type": "Polygon", "coordinates": [ [ [ 11.283098501934388, 43.776762973285336 ], [ 11.285161041795238, 43.777800243957209 ], [ 11.287366157620582, 43.777095954774289 ], [ 11.287515509053092, 43.775357811328035 ], [ 11.285452977424864, 43.774320568209617 ], [ 11.283247942513107, 43.77502484871728 ], [ 11.283098501934388, 43.776762973285336 ] ] ] } },
{ "type": "Feature", "properties": { "id": 366, "snapped_id": 366.0, "centroid_lon": 11.31493, "centroid_lat": 43.77012, "radius": 202.668, "internal_id": 617532047592521727, "population": 151, "component": 0, "o_score_pt": 188.55960455133021, "o_score_car": 574.12457072939458, "CDI": 0.50553686397931052, "log_population": 2.1818435879447726 }, "geometry": { "type": "Polygon", "coordinates": [ [ [ 11.313284100649648, 43.77063256595217 ], [ 11.314848651759931, 43.77141887522896 ], [ 11.316475885662662, 43.770898619975959 ], [ 11.316585667359371, 43.769615568355213 ], [ 11.315021121462363, 43.768829287826307 ], [ 11.313393948114941, 43.769349530214036 ], [ 11.313284100649648, 43.77063256595217 ] ] ] } },
{ "type": "Feature", "properties": { "id": 367, "snapped_id": 367.0, "centroid_lon": 11.22453, "centroid_lat": 43.77957, "radius": 202.552, "internal_id": 617532047463546879, "population": 0, "component": 0, "o_score_pt": 386.2224215167829, "o_score_car": 654.85258411816756, "CDI": 0.25803151660292473, "log_population": 0.0 }, "geometry": { "type": "Polygon", "coordinates": [ [ [ 11.224454537787366, 43.779526179415932 ], [ 11.224614586403222, 43.779606792400976 ], [ 11.224614587009384, 43.779606785405768 ], [ 11.224454537968706, 43.779526177324499 ], [ 11.224454537787366, 43.779526179415932 ] ] ] } },
{ "type": "Feature", "properties": { "id": 368, "snapped_id": 368.0, "centroid_lon": 11.26527, "centroid_lat": 43.82658, "radius": 202.536, "internal_id": 617532047944318975, "population": 0, "component": 0, "o_score_pt": 1.8244913579561159, "o_score_car": 507.58338376650738, "CDI": 0.9928368152631708, "log_population": 0.0 }, "geometry": { "type": "Polygon", "coordinates": [ [ [ 11.265192933930051, 43.826536331849404 ], [ 11.26535406337309, 43.826617340428008 ], [ 11.265354063976996, 43.826617333426832 ], [ 11.265192934108951, 43.826536329776637 ], [ 11.265192933930051, 43.826536331849404 ] ] ] } },
{ "type": "Feature", "properties": { "id": 369, "snapped_id": 369.0, "centroid_lon": 11.25977, "centroid_lat": 43.81245, "radius": 202.548, "internal_id": 617532047451488255, "population": 0, "component": 0, "o_score_pt": 78.15666702250283, "o_score_car": 474.46408231990159, "CDI": 0.71714175728831742, "log_population": 0.0 }, "geometry": { "type": "Polygon", "coordinates": [ [ [ 11.259689752424066, 43.81240998184704 ], [ 11.259850562747733, 43.812490860563862 ], [ 11.259850563351744, 43.812490853564647 ], [ 11.259689752603606, 43.812409979767821 ], [ 11.259689752424066, 43.81240998184704 ] ] ] } },
{ "type": "Feature", "properties": { "id": 370, "snapped_id": 370.0, "centroid_lon": 11.20958, "centroid_lat": 43.74551, "radius": 202.581, "internal_id": 617532049773035519, "population": 0, "component": 0, "o_score_pt": 2.3806597931376698, "o_score_car": 563.66778198133863, "CDI": 0.9915884944911264, "log_population": 0.0 }, "geometry": { "type": "Polygon", "coordinates": [ [ [ 11.209498276853198, 43.745466321031813 ], [ 11.209657556428382, 43.74554662313308 ], [ 11.209657557034934, 43.745546616142562 ], [ 11.209498277036115, 43.745466318924997 ], [ 11.209498276853198, 43.745466321031813 ] ] ] } },
{ "type": "Feature", "properties": { "id": 371, "snapped_id": 371.0, "centroid_lon": 11.26646, "centroid_lat": 43.76089, "radius": 202.625, "internal_id": 617532049983799295, "population": 59, "component": 0, "o_score_pt": 244.48935319372052, "o_score_car": 648.83952866586412, "CDI": 0.45263304890628192, "log_population": 1.7781512503836436 }, "geometry": { "type": "Polygon", "coordinates": [ [ [ 11.265182525135485, 43.761270931574238 ], [ 11.266409334911268, 43.761888367151641 ], [ 11.267645515118017, 43.761493582242622 ], [ 11.267729504144512, 43.760518342017043 ], [ 11.26650269735079, 43.759900932963276 ], [ 11.265266564059848, 43.76029570472771 ], [ 11.265182525135485, 43.761270931574238 ] ] ] } },
{ "type": "Feature", "properties": { "id": 372, "snapped_id": 372.0, "centroid_lon": 11.23966, "centroid_lat": 43.73414, "radius": 202.63, "internal_id": 617532050018664447, "population": 0, "component": 0, "o_score_pt": 4.1504544382693904, "o_score_car": 545.75215713855675, "CDI": 0.98490476549522776, "log_population": 0.0 }, "geometry": { "type": "Polygon", "coordinates": [ [ [ 11.239580854778493, 43.734099547979042 ], [ 11.239739909437109, 43.734179689766769 ], [ 11.239739910040802, 43.734179682778723 ], [ 11.239580854961432, 43.734099545862733 ], [ 11.239580854778493, 43.734099547979042 ] ] ] } },
{ "type": "Feature", "properties": { "id": 373, "snapped_id": 373.0, "centroid_lon": 11.28543, "centroid_lat": 43.80074, "radius": 202.593, "internal_id": 617532047380185087, "population": 125, "component": 0, "o_score_pt": 98.273816148828359, "o_score_car": 581.53635087306702, "CDI": 0.7108786513760299, "log_population": 2.1003705451175629 }, "geometry": { "type": "Polygon", "coordinates": [ [ [ 11.283850348676935, 43.801217892383406 ], [ 11.285347159938352, 43.801970344830544 ], [ 11.286896073897989, 43.80147598679207 ], [ 11.287000995566618, 43.800255545590431 ], [ 11.285504189004687, 43.799503121641209 ], [ 11.283955332935781, 43.799997466616951 ], [ 11.283850348676935, 43.801217892383406 ] ] ] } },
{ "type": "Feature", "properties": { "id": 374, "snapped_id": 374.0, "centroid_lon": 11.27348, "centroid_lat": 43.78337, "radius": 202.603, "internal_id": 617532047415050239, "population": 1090, "component": 0, "o_score_pt": 440.1717393978235, "o_score_car": 691.89090956579389, "CDI": 0.22235445220139949, "log_population": 3.0378247505883418 }, "geometry": { "type": "Polygon", "coordinates": [ [ [ 11.271175614386669, 43.784103164380177 ], [ 11.273322574727677, 43.785183087208132 ], [ 11.27562586786598, 43.784447847515317 ], [ 11.275782116260467, 43.78263269251719 ], [ 11.273635164631587, 43.781552796506091 ], [ 11.271331955894116, 43.782288028677428 ], [ 11.271175614386669, 43.784103164380177 ] ] ] } },
{ "type": "Feature", "properties": { "id": 375, "snapped_id": 375.0, "centroid_lon": 11.24736, "centroid_lat": 43.80053, "radius": 202.55, "internal_id": 617532047428681727, "population": 156, "component": 0, "o_score_pt": 399.72052578061249, "o_score_car": 631.79088048991969, "CDI": 0.22498089046670469, "log_population": 2.1958996524092336 }, "geometry": { "type": "Polygon", "coordinates": [ [ [ 11.245693379121267, 43.801037535205118 ], [ 11.247269354307758, 43.801830563269888 ], [ 11.248910614031601, 43.80130730275566 ], [ 11.249022373342815, 43.800014124539778 ], [ 11.247446403239259, 43.799221125262221 ], [ 11.245805204730557, 43.799744373039694 ], [ 11.245693379121267, 43.801037535205118 ] ] ] } },
{ "type": "Feature", "properties": { "id": 376, "snapped_id": 376.0, "centroid_lon": 11.25192, "centroid_lat": 43.82554, "radius": 202.522, "internal_id": 617532047942746111, "population": 0, "component": 0, "o_score_pt": 2.5725150057286115, "o_score_car": 502.5255741956525, "CDI": 0.98981380028660937, "log_population": 0.0 }, "geometry": { "type": "Polygon", "coordinates": [ [ [ 11.251836609378797, 43.825499666984101 ], [ 11.251997704264651, 43.825580687480901 ], [ 11.251997704869671, 43.825580680479526 ], [ 11.251836609557923, 43.825499664912527 ], [ 11.251836609378797, 43.825499666984101 ] ] ] } },
{ "type": "Feature", "properties": { "id": 377, "snapped_id": 377.0, "centroid_lon": 11.30311, "centroid_lat": 43.77744, "radius": 202.644, "internal_id": 617532047590948863, "population": 375, "component": 0, "o_score_pt": 66.545023432891213, "o_score_car": 597.76986228788905, "CDI": 0.79965818962286239, "log_population": 2.5751878449276608 }, "geometry": { "type": "Polygon", "coordinates": [ [ [ 11.301090192019432, 43.778072257940359 ], [ 11.30298311344198, 43.77902376931263 ], [ 11.304991166553963, 43.778382115592308 ], [ 11.305126846493399, 43.776799232576316 ], [ 11.303233932308167, 43.775847749766939 ], [ 11.301225953147808, 43.776489392879 ], [ 11.301090192019432, 43.778072257940359 ] ] ] } },
{ "type": "Feature", "properties": { "id": 378, "snapped_id": 378.0, "centroid_lon": 11.27758, "centroid_lat": 43.81383, "radius": 202.567, "internal_id": 617532047449915391, "population": 0, "component": 0, "o_score_pt": 154.12721780446793, "o_score_car": 575.46561180058609, "CDI": 0.57749799189254458, "log_population": 0.0 }, "geometry": { "type": "Polygon", "coordinates": [ [ [ 11.2774964417139, 43.813790290005457 ], [ 11.277657298025137, 43.813871152867044 ], [ 11.277657298627657, 43.813871145868127 ], [ 11.277496441893136, 43.813790287924718 ], [ 11.2774964417139, 43.813790290005457 ] ] ] } },
{ "type": "Feature", "properties": { "id": 379, "snapped_id": 379.0, "centroid_lon": 11.25311, "centroid_lat": 43.75986, "radius": 202.611, "internal_id": 617532049982226431, "population": 61, "component": 0, "o_score_pt": 20.797922775047844, "o_score_car": 623.32967523810305, "CDI": 0.93542297259362839, "log_population": 1.7923916894982539 }, "geometry": { "type": "Polygon", "coordinates": [ [ [ 11.25182337392979, 43.760240345159836 ], [ 11.253061907265842, 43.760863906004317 ], [ 11.254311793958122, 43.760464885086627 ], [ 11.254396872741118, 43.759478783148211 ], [ 11.253158342429765, 43.758855248949594 ], [ 11.251908503157761, 43.759254256715302 ], [ 11.25182337392979, 43.760240345159836 ] ] ] } },
{ "type": "Feature", "properties": { "id": 380, "snapped_id": 380.0, "centroid_lon": 11.28929, "centroid_lat": 43.78185, "radius": 202.623, "internal_id": 617532047378612223, "population": 2053, "component": 0, "o_score_pt": 54.638512731240091, "o_score_car": 630.44956923000075, "CDI": 0.84049200629845056, "log_population": 3.3126004392612596 }, "geometry": { "type": "Polygon", "coordinates": [ [ [ 11.286986096539517, 43.782586009901117 ], [ 11.289133384624664, 43.78366568508887 ], [ 11.291436669477999, 43.782930081355104 ], [ 11.291592581888496, 43.781114809980885 ], [ 11.289445302580853, 43.780035161609533 ], [ 11.287142102083259, 43.780770757797171 ], [ 11.286986096539517, 43.782586009901117 ] ] ] } },
{ "type": "Feature", "properties": { "id": 381, "snapped_id": 381.0, "centroid_lon": 11.25745, "centroid_lat": 43.73552, "radius": 202.649, "internal_id": 617532050017091583, "population": 398, "component": 0, "o_score_pt": 3.3920752941128711, "o_score_car": 536.36392350177186, "CDI": 0.98743107885162917, "log_population": 2.6009728956867484 }, "geometry": { "type": "Polygon", "coordinates": [ [ [ 11.255407041819309, 43.736165156198403 ], [ 11.257319549799471, 43.737128317107022 ], [ 11.25935138252621, 43.736479131405936 ], [ 11.259489532224249, 43.734876115420697 ], [ 11.257577031443303, 43.7339129829938 ], [ 11.25554527357672, 43.734562158375795 ], [ 11.255407041819309, 43.736165156198403 ] ] ] } },
{ "type": "Feature", "properties": { "id": 382, "snapped_id": 382.0, "centroid_lon": 11.26574, "centroid_lat": 43.82113, "radius": 202.543, "internal_id": 617532047448342527, "population": 0, "component": 0, "o_score_pt": 2.3932459605871577, "o_score_car": 495.75607574913823, "CDI": 0.99039145149340702, "log_population": 0.0 }, "geometry": { "type": "Polygon", "coordinates": [ [ [ 11.265662611486958, 43.821093183448632 ], [ 11.2658236201626, 43.821174137703579 ], [ 11.265823620766325, 43.821174130703241 ], [ 11.26566261166607, 43.82109318137308 ], [ 11.265662611486958, 43.821093183448632 ] ] ] } },
{ "type": "Feature", "properties": { "id": 383, "snapped_id": 383.0, "centroid_lon": 11.18355, "centroid_lat": 43.78733, "radius": 202.495, "internal_id": 617532053726167039, "population": 103, "component": 0, "o_score_pt": 2.214565009054474, "o_score_car": 563.45785523041116, "CDI": 0.99217015032086242, "log_population": 2.0170333392987803 }, "geometry": { "type": "Polygon", "coordinates": [ [ [ 11.182054973666817, 43.787781854396428 ], [ 11.183480611640128, 43.788500572627036 ], [ 11.184948187827743, 43.788033365034408 ], [ 11.185049018355569, 43.786876460060832 ], [ 11.183623384372133, 43.786157769979745 ], [ 11.18215586340976, 43.786624964484425 ], [ 11.182054973666817, 43.787781854396428 ] ] ] } },
{ "type": "Feature", "properties": { "id": 384, "snapped_id": 384.0, "centroid_lon": 11.23239, "centroid_lat": 43.76647, "radius": 202.579, "internal_id": 617532047393816575, "population": 9, "component": 0, "o_score_pt": 198.63364811232751, "o_score_car": 642.02965065372337, "CDI": 0.52743589876259012, "log_population": 1.0 }, "geometry": { "type": "Polygon", "coordinates": [ [ [ 11.231839665636917, 43.766595444278359 ], [ 11.232417322719918, 43.766886400889319 ], [ 11.23290028343169, 43.766732337906092 ], [ 11.232933335938551, 43.766350387854189 ], [ 11.232355677778532, 43.766059446559858 ], [ 11.231872737565528, 43.766213501367353 ], [ 11.231839665636917, 43.766595444278359 ] ] ] } },
{ "type": "Feature", "properties": { "id": 385, "snapped_id": 385.0, "centroid_lon": 11.20769, "centroid_lat": 43.76729, "radius": 202.55, "internal_id": 617532049856397311, "population": 710, "component": 0, "o_score_pt": 399.74179516585622, "o_score_car": 645.63178496708747, "CDI": 0.235217337107334, "log_population": 2.8518696007297661 }, "geometry": { "type": "Polygon", "coordinates": [ [ [ 11.205410306343447, 43.768014196638433 ], [ 11.207531766443205, 43.769083389733858 ], [ 11.20980711970329, 43.768358105213068 ], [ 11.209962853337341, 43.766564582467559 ], [ 11.207841401529738, 43.765495416418688 ], [ 11.205566131849997, 43.766220693194313 ], [ 11.205410306343447, 43.768014196638433 ] ] ] } },
{ "type": "Feature", "properties": { "id": 386, "snapped_id": 386.0, "centroid_lon": 11.25756, "centroid_lat": 43.7602, "radius": 202.616, "internal_id": 617532049980653567, "population": 11, "component": 0, "o_score_pt": 30.614756741852787, "o_score_car": 609.13314816411116, "CDI": 0.90429118561520616, "log_population": 1.0791812460476249 }, "geometry": { "type": "Polygon", "coordinates": [ [ [ 11.256937918751204, 43.760353258364034 ], [ 11.257581532016754, 43.760677259580945 ], [ 11.258141201081051, 43.760498565319125 ], [ 11.258179338396598, 43.760056268704837 ], [ 11.2575357244902, 43.759732284355429 ], [ 11.256976078590446, 43.759910969589853 ], [ 11.256937918751204, 43.760353258364034 ] ] ] } },
{ "type": "Feature", "properties": { "id": 387, "snapped_id": 387.0, "centroid_lon": 11.18856, "centroid_lat": 43.8069, "radius": 202.475, "internal_id": 617532053674524671, "population": 32, "component": 0, "o_score_pt": 1.5225527120739344, "o_score_car": 559.43775356243248, "CDI": 0.994571620504896, "log_population": 1.5185139398778875 }, "geometry": { "type": "Polygon", "coordinates": [ [ [ 11.187532611600666, 43.807193121233865 ], [ 11.188543198172036, 43.807702366467126 ], [ 11.189528446202386, 43.807388840688056 ], [ 11.189596133723569, 43.806612008558908 ], [ 11.188585548634181, 43.806102787137974 ], [ 11.187600338849007, 43.806416300661823 ], [ 11.187532611600666, 43.807193121233865 ] ] ] } },
{ "type": "Feature", "properties": { "id": 388, "snapped_id": 388.0, "centroid_lon": 11.24563, "centroid_lat": 43.74283, "radius": 202.625, "internal_id": 617532050015518719, "population": 10, "component": 0, "o_score_pt": 7.7866090183101777, "o_score_car": 577.37936026426291, "CDI": 0.97338666488806003, "log_population": 1.0413926851582249 }, "geometry": { "type": "Polygon", "coordinates": [ [ [ 11.245039894535743, 43.742964998775903 ], [ 11.245651651208355, 43.74327314703698 ], [ 11.246174485477127, 43.743106187011776 ], [ 11.246210198263638, 43.742692532873889 ], [ 11.245598440749852, 43.74238440074793 ], [ 11.2450756283594, 43.742551352146492 ], [ 11.245039894535743, 43.742964998775903 ] ] ] } },
{ "type": "Feature", "properties": { "id": 389, "snapped_id": 389.0, "centroid_lon": 11.27746, "centroid_lat": 43.78916, "radius": 202.6, "internal_id": 617532047377039359, "population": 168, "component": 0, "o_score_pt": 239.78741947884384, "o_score_car": 651.80559772605523, "CDI": 0.46211463111147771, "log_population": 2.2278867046136734 }, "geometry": { "type": "Polygon", "coordinates": [ [ [ 11.275766342439999, 43.789680595742603 ], [ 11.277369202637013, 43.790486679804175 ], [ 11.279041285409297, 43.789952955021079 ], [ 11.279154673351695, 43.788635154934298 ], [ 11.277551818494798, 43.787829099722138 ], [ 11.275879797947308, 43.788362811849588 ], [ 11.275766342439999, 43.789680595742603 ] ] ] } },
{ "type": "Feature", "properties": { "id": 390, "snapped_id": 390.0, "centroid_lon": 11.26961, "centroid_lat": 43.80225, "radius": 202.573, "internal_id": 617532047446769663, "population": 105, "component": 0, "o_score_pt": 202.93573445130312, "o_score_car": 654.63677745214113, "CDI": 0.52672052419014093, "log_population": 2.0253058652647704 }, "geometry": { "type": "Polygon", "coordinates": [ [ [ 11.26810662199788, 43.802709180871879 ], [ 11.269540604920628, 43.803430325310337 ], [ 11.271016818991569, 43.802959405165112 ], [ 11.271117038472605, 43.801796239869034 ], [ 11.269683059814673, 43.801075123610055 ], [ 11.268206901113505, 43.801546030572169 ], [ 11.26810662199788, 43.802709180871879 ] ] ] } },
{ "type": "Feature", "properties": { "id": 391, "snapped_id": 391.0, "centroid_lon": 11.2887, "centroid_lat": 43.76262, "radius": 202.648, "internal_id": 617532049997430783, "population": 1485, "component": 0, "o_score_pt": 283.0438322129732, "o_score_car": 637.76444875901939, "CDI": 0.38522743971373491, "log_population": 3.1720188094245563 }, "geometry": { "type": "Polygon", "coordinates": [ [ [ 11.286399072668708, 43.763352240500126 ], [ 11.288545850979002, 43.764432022356402 ], [ 11.290848602384257, 43.763696192803238 ], [ 11.291004491158892, 43.761880588936556 ], [ 11.288857721619607, 43.760800833902962 ], [ 11.286555054532704, 43.761536655914533 ], [ 11.286399072668708, 43.763352240500126 ] ] ] } },
{ "type": "Feature", "properties": { "id": 392, "snapped_id": 392.0, "centroid_lon": 11.21989, "centroid_lat": 43.72986, "radius": 202.614, "internal_id": 617532049821532159, "population": 18, "component": 0, "o_score_pt": 136.52635659816872, "o_score_car": 477.15261263505118, "CDI": 0.55505610117695314, "log_population": 1.2787536009528289 }, "geometry": { "type": "Polygon", "coordinates": [ [ [ 11.219080921313623, 43.7300725701636 ], [ 11.219890284524032, 43.730480612344927 ], [ 11.220642496556218, 43.730240491923695 ], [ 11.22069401630082, 43.729645686095651 ], [ 11.21988465343289, 43.7292376642908 ], [ 11.219132471366835, 43.729477773934548 ], [ 11.219080921313623, 43.7300725701636 ] ] ] } },
{ "type": "Feature", "properties": { "id": 393, "snapped_id": 393.0, "centroid_lon": 11.21971, "centroid_lat": 43.80933, "radius": 202.507, "internal_id": 617532053691301887, "population": 12, "component": 0, "o_score_pt": 70.883907547772694, "o_score_car": 584.3621968231347, "CDI": 0.78364188027999859, "log_population": 1.1139433523068367 }, "geometry": { "type": "Polygon", "coordinates": [ [ [ 11.219058852576671, 43.809494239000244 ], [ 11.219732307478795, 43.809833315239601 ], [ 11.220325994242364, 43.809644235042462 ], [ 11.220366643633687, 43.8091757467392 ], [ 11.219693188205131, 43.808836688037964 ], [ 11.219099525862807, 43.809025758874299 ], [ 11.219058852576671, 43.809494239000244 ] ] ] } },
{ "type": "Feature", "properties": { "id": 394, "snapped_id": 394.0, "centroid_lon": 11.26143, "centroid_lat": 43.74131, "radius": 202.645, "internal_id": 617532049979080703, "population": 37, "component": 0, "o_score_pt": 7.2280888902982134, "o_score_car": 546.63798374113685, "CDI": 0.97389950658664715, "log_population": 1.5797835966168101 }, "geometry": { "type": "Polygon", "coordinates": [ [ [ 11.260338360231014, 43.741624843406832 ], [ 11.26139922617859, 43.742159006272729 ], [ 11.262443091405446, 43.741825497833041 ], [ 11.262514091223437, 43.7410013044232 ], [ 11.261453227227172, 43.740467166085558 ], [ 11.26040940215899, 43.740800661949798 ], [ 11.260338360231014, 43.741624843406832 ] ] ] } },
{ "type": "Feature", "properties": { "id": 395, "snapped_id": 395.0, "centroid_lon": 11.17021, "centroid_lat": 43.78628, "radius": 202.481, "internal_id": 617532053707816959, "population": 46, "component": 0, "o_score_pt": 5.2826255166402669, "o_score_car": 515.36507016319786, "CDI": 0.97970748527085116, "log_population": 1.6720978579357175 }, "geometry": { "type": "Polygon", "coordinates": [ [ [ 11.16903339517415, 43.786624509059102 ], [ 11.170171412784049, 43.787198435933718 ], [ 11.171304951310272, 43.786837696879637 ], [ 11.171383014943036, 43.785943619162737 ], [ 11.170244999556528, 43.785369717835984 ], [ 11.169111504516, 43.785730444074417 ], [ 11.16903339517415, 43.786624509059102 ] ] ] } },
{ "type": "Feature", "properties": { "id": 396, "snapped_id": 396.0, "centroid_lon": 11.181, "centroid_lat": 43.7652, "radius": 202.522, "internal_id": 617532049838047231, "population": 965, "component": 0, "o_score_pt": 2.5697553433954399, "o_score_car": 592.63328198736701, "CDI": 0.99136511347482481, "log_population": 2.9849771264154934 }, "geometry": { "type": "Polygon", "coordinates": [ [ [ 11.178700364025271, 43.765937525650138 ], [ 11.180844705207685, 43.767019030739021 ], [ 11.183147292523358, 43.766285584756375 ], [ 11.183305454045859, 43.764470641058232 ], [ 11.181161121187747, 43.763389162797381 ], [ 11.178858618480835, 43.764122601407792 ], [ 11.178700364025271, 43.765937525650138 ] ] ] } },
{ "type": "Feature", "properties": { "id": 397, "snapped_id": 397.0, "centroid_lon": 11.26845, "centroid_lat": 43.76379, "radius": 202.623, "internal_id": 617532047410331647, "population": 53, "component": 0, "o_score_pt": 323.66917005729368, "o_score_car": 608.15471157249317, "CDI": 0.30529968926920609, "log_population": 1.7323937598229686 }, "geometry": { "type": "Polygon", "coordinates": [ [ [ 11.267215089782633, 43.764151611366898 ], [ 11.268403802858293, 43.764749814122425 ], [ 11.269595758710913, 43.764369162533811 ], [ 11.269676722968976, 43.763428845350141 ], [ 11.268488012642765, 43.762830668710706 ], [ 11.267296102150942, 43.763211307238741 ], [ 11.267215089782633, 43.764151611366898 ] ] ] } },
{ "type": "Feature", "properties": { "id": 398, "snapped_id": 398.0, "centroid_lon": 11.27406, "centroid_lat": 43.8026, "radius": 202.578, "internal_id": 617532047445196799, "population": 12, "component": 0, "o_score_pt": 185.54063726878536, "o_score_car": 625.42581115342296, "CDI": 0.5424209284372552, "log_population": 1.1139433523068367 }, "geometry": { "type": "Polygon", "coordinates": [ [ [ 11.273409183200599, 43.802757229722864 ], [ 11.274082620363714, 43.803095860626257 ], [ 11.274676528574332, 43.802906376652366 ], [ 11.274716862770431, 43.802437966296708 ], [ 11.27404342514879, 43.802099352919313 ], [ 11.273449541300634, 43.802288827504093 ], [ 11.273409183200599, 43.802757229722864 ] ] ] } },
{ "type": "Feature", "properties": { "id": 399, "snapped_id": 399.0, "centroid_lon": 11.2496, "centroid_lat": 43.74862, "radius": 202.622, "internal_id": 617532049977507839, "population": 145, "component": 0, "o_score_pt": 10.734047010397576, "o_score_car": 632.56391411648724, "CDI": 0.9666280707882412, "log_population": 2.1643528557844371 }, "geometry": { "type": "Polygon", "coordinates": [ [ [ 11.247968414814098, 43.749123091619929 ], [ 11.249516915684849, 43.749902924814641 ], [ 11.251126535783662, 43.749388947420584 ], [ 11.251236122138243, 43.748119096327599 ], [ 11.249687626196483, 43.747339291843396 ], [ 11.248078066155887, 43.747853256404625 ], [ 11.247968414814098, 43.749123091619929 ] ] ] } },
{ "type": "Feature", "properties": { "id": 400, "snapped_id": 400.0, "centroid_lon": 11.21999, "centroid_lat": 43.75454, "radius": 202.581, "internal_id": 617532049801609215, "population": 0, "component": 0, "o_score_pt": 5.4800754344260136, "o_score_car": 561.733248429583, "CDI": 0.98067719778832319, "log_population": 0.0 }, "geometry": { "type": "Polygon", "coordinates": [ [ [ 11.219906897560795, 43.754502188990891 ], [ 11.220066386790995, 43.754582563151665 ], [ 11.220066387396898, 43.754582556160045 ], [ 11.219906897743201, 43.754502186887329 ], [ 11.219906897560795, 43.754502188990891 ] ] ] } },
{ "type": "Feature", "properties": { "id": 401, "snapped_id": 401.0, "centroid_lon": 11.15838, "centroid_lat": 43.79358, "radius": 202.458, "internal_id": 617532053706244095, "population": 479, "component": 0, "o_score_pt": 4.8121250322772564, "o_score_car": 509.56660426897525, "CDI": 0.98128956444674842, "log_population": 2.6812412373755872 }, "geometry": { "type": "Polygon", "coordinates": [ [ [ 11.156257512025872, 43.794244712974788 ], [ 11.158236354149617, 43.795242859670587 ], [ 11.160347098411448, 43.794571510938823 ], [ 11.160492537455074, 43.79290871106079 ], [ 11.158513702572996, 43.791910592485799 ], [ 11.156403036252041, 43.792581931753531 ], [ 11.156257512025872, 43.794244712974788 ] ] ] } },
{ "type": "Feature", "properties": { "id": 402, "snapped_id": 402.0, "centroid_lon": 11.28777, "centroid_lat": 43.77351, "radius": 202.632, "internal_id": 617532047408758783, "population": 1202, "component": 0, "o_score_pt": 206.16672245843196, "o_score_car": 628.99602022495151, "CDI": 0.50628371712076892, "log_population": 3.0802656273398448 }, "geometry": { "type": "Polygon", "coordinates": [ [ [ 11.28546304102527, 43.774245063956414 ], [ 11.287610078576307, 43.775324805917606 ], [ 11.289913129357288, 43.77458913193184 ], [ 11.290069058242402, 43.772773723528211 ], [ 11.28792202946078, 43.771694008386199 ], [ 11.28561906302269, 43.772429674829809 ], [ 11.28546304102527, 43.774245063956414 ] ] ] } },
{ "type": "Feature", "properties": { "id": 403, "snapped_id": 403.0, "centroid_lon": 11.26071, "centroid_lat": 43.80156, "radius": 202.564, "internal_id": 617532047443623935, "population": 24, "component": 0, "o_score_pt": 155.42972835385351, "o_score_car": 646.83786106411105, "CDI": 0.61252397478348608, "log_population": 1.3979400086720377 }, "geometry": { "type": "Polygon", "coordinates": [ [ [ 11.259790746938773, 43.801814508627245 ], [ 11.26070111131977, 43.802272440222701 ], [ 11.261569887328296, 43.801995359811507 ], [ 11.261628973532247, 43.801310424921027 ], [ 11.260718610146291, 43.800852515514038 ], [ 11.259849868176017, 43.801129584273951 ], [ 11.259790746938773, 43.801814508627245 ] ] ] } },
{ "type": "Feature", "properties": { "id": 404, "snapped_id": 404.0, "centroid_lon": 11.26739, "centroid_lat": 43.75, "radius": 202.641, "internal_id": 617532049975934975, "population": 6, "component": 0, "o_score_pt": 3.815138972882937, "o_score_car": 615.41965245331016, "CDI": 0.98767789205094236, "log_population": 0.84509804001425681 }, "geometry": { "type": "Polygon", "coordinates": [ [ [ 11.2669923326642, 43.750073414174516 ], [ 11.267440478134311, 43.750298996693068 ], [ 11.26777356495918, 43.750192585194313 ], [ 11.26779627958485, 43.749928737413249 ], [ 11.267348132279734, 43.749703166881034 ], [ 11.267015060647662, 43.74980957206045 ], [ 11.2669923326642, 43.750073414174516 ] ] ] } },
{ "type": "Feature", "properties": { "id": 405, "snapped_id": 405.0, "centroid_lon": 11.18506, "centroid_lat": 43.79567, "radius": 202.486, "internal_id": 617532053669806079, "population": 426, "component": 0, "o_score_pt": 15.386616654235674, "o_score_car": 565.53980067770669, "CDI": 0.94702731294299602, "log_population": 2.6304278750250241 }, "geometry": { "type": "Polygon", "coordinates": [ [ [ 11.182994168182613, 43.796320427902842 ], [ 11.184931268638964, 43.797296814577983 ], [ 11.186992937367414, 43.796640609732826 ], [ 11.187134489616112, 43.795016432968687 ], [ 11.18519739624737, 43.79404007464894 ], [ 11.183135803665888, 43.794696269524835 ], [ 11.182994168182613, 43.796320427902842 ] ] ] } },
{ "type": "Feature", "properties": { "id": 406, "snapped_id": 406.0, "centroid_lon": 11.28636, "centroid_lat": 43.78985, "radius": 202.609, "internal_id": 617532047372320767, "population": 80, "component": 0, "o_score_pt": 19.136943517836325, "o_score_car": 634.40506975373125, "CDI": 0.94143622558544116, "log_population": 1.9084850188786497 }, "geometry": { "type": "Polygon", "coordinates": [ [ [ 11.284966167216551, 43.790265432152502 ], [ 11.28630258097261, 43.790937359423431 ], [ 11.287665526244083, 43.790502206450192 ], [ 11.287757849162222, 43.789427920568336 ], [ 11.286421439108743, 43.788756020807199 ], [ 11.285058545187315, 43.789191160500508 ], [ 11.284966167216551, 43.790265432152502 ] ] ] } },
{ "type": "Feature", "properties": { "id": 407, "snapped_id": 407.0, "centroid_lon": 11.22066, "centroid_lat": 43.79845, "radius": 202.523, "internal_id": 617532047465119743, "population": 408, "component": 0, "o_score_pt": 359.57482313933622, "o_score_car": 625.12632296705158, "CDI": 0.26967725271543957, "log_population": 2.6117233080073419 }, "geometry": { "type": "Polygon", "coordinates": [ [ [ 11.218604640165823, 43.799094655939292 ], [ 11.220526933126489, 43.800062646172222 ], [ 11.22257065875452, 43.799411537282509 ], [ 11.222710306475422, 43.797801497696234 ], [ 11.220788020640217, 43.796833535892915 ], [ 11.218744370441426, 43.797484634596877 ], [ 11.218604640165823, 43.799094655939292 ] ] ] } },
{ "type": "Feature", "properties": { "id": 408, "snapped_id": 408.0, "centroid_lon": 11.16226, "centroid_lat": 43.7747, "radius": 202.488, "internal_id": 617532053704671231, "population": 71, "component": 0, "o_score_pt": 0.81308897714647388, "o_score_car": 522.37057418066627, "CDI": 0.99689176465396945, "log_population": 1.8573324964312685 }, "geometry": { "type": "Polygon", "coordinates": [ [ [ 11.160917279538213, 43.775099756206529 ], [ 11.162209309282193, 43.775751612779487 ], [ 11.163521943006355, 43.775333834282073 ], [ 11.163612416136997, 43.77429848743369 ], [ 11.162320389527972, 43.773646658029634 ], [ 11.161007805604383, 43.774064423404873 ], [ 11.160917279538213, 43.775099756206529 ] ] ] } },
{ "type": "Feature", "properties": { "id": 409, "snapped_id": 409.0, "centroid_lon": 11.28004, "centroid_lat": 43.81128, "radius": 202.573, "internal_id": 617532047442051071, "population": 0, "component": 0, "o_score_pt": 185.87237281843048, "o_score_car": 599.37714443372897, "CDI": 0.52659029076806652, "log_population": 0.0 }, "geometry": { "type": "Polygon", "coordinates": [ [ [ 11.279956777159482, 43.811240649509308 ], [ 11.280117578863544, 43.811321483241457 ], [ 11.28011757946579, 43.811321476242973 ], [ 11.279956777338787, 43.811240647426942 ], [ 11.279956777159482, 43.811240649509308 ] ] ] } },
{ "type": "Feature", "properties": { "id": 410, "snapped_id": 410.0, "centroid_lon": 11.24222, "centroid_lat": 43.75627, "radius": 202.604, "internal_id": 617532049798463487, "population": 356, "component": 0, "o_score_pt": 241.4733153531914, "o_score_car": 655.46972059708037, "CDI": 0.46156376564680929, "log_population": 2.5526682161121932 }, "geometry": { "type": "Polygon", "coordinates": [ [ [ 11.240228165445465, 43.756900982693352 ], [ 11.242100595266106, 43.757844003855006 ], [ 11.244086160013191, 43.757210258380056 ], [ 11.244221444874754, 43.755644469743551 ], [ 11.242349021951901, 43.754701477227293 ], [ 11.240363530496307, 43.755335212007743 ], [ 11.240228165445465, 43.756900982693352 ] ] ] } },
{ "type": "Feature", "properties": { "id": 411, "snapped_id": 411.0, "centroid_lon": 11.27184, "centroid_lat": 43.75035, "radius": 202.645, "internal_id": 617532049974362111, "population": 2, "component": 0, "o_score_pt": 3.0432272784411727, "o_score_car": 570.6506223250783, "CDI": 0.98939076205699505, "log_population": 0.47712125471966244 }, "geometry": { "type": "Polygon", "coordinates": [ [ [ 11.271762922585919, 43.750305534318379 ], [ 11.27192236455619, 43.750385783050973 ], [ 11.271922365157561, 43.750385776061371 ], [ 11.271762922767756, 43.750305532206234 ], [ 11.271762922585919, 43.750305534318379 ] ] ] } },
{ "type": "Feature", "properties": { "id": 412, "snapped_id": 412.0, "centroid_lon": 11.17172, "centroid_lat": 43.79462, "radius": 202.472, "internal_id": 617532053668233215, "population": 596, "component": 0, "o_score_pt": 9.8385945736958007, "o_score_car": 487.69123564938241, "CDI": 0.96045023242411642, "log_population": 2.775974331129369 }, "geometry": { "type": "Polygon", "coordinates": [ [ [ 11.16951302538711, 43.795322352443272 ], [ 11.17157111614803, 43.796360097147044 ], [ 11.173773649750842, 43.795659306049451 ], [ 11.173925134347574, 43.793924282334061 ], [ 11.171867051355241, 43.792886565204647 ], [ 11.169664598893446, 43.793587347768081 ], [ 11.16951302538711, 43.795322352443272 ] ] ] } },
{ "type": "Feature", "properties": { "id": 413, "snapped_id": 413.0, "centroid_lon": 11.21942, "centroid_lat": 43.73531, "radius": 202.606, "internal_id": 617532049833328639, "population": 128, "component": 0, "o_score_pt": 148.84672336550679, "o_score_car": 505.58640980380551, "CDI": 0.54511250784425735, "log_population": 2.1105897102992488 }, "geometry": { "type": "Polygon", "coordinates": [ [ [ 11.217832159163104, 43.73579045411973 ], [ 11.219335093299938, 43.736548096463736 ], [ 11.220892299388268, 43.736051095654382 ], [ 11.220998767494688, 43.734822124896667 ], [ 11.219495837924965, 43.734064511097259 ], [ 11.21793869010529, 43.73456149896468 ], [ 11.217832159163104, 43.73579045411973 ] ] ] } },
{ "type": "Feature", "properties": { "id": 414, "snapped_id": 414.0, "centroid_lon": 11.29, "centroid_lat": 43.82575, "radius": 202.565, "internal_id": 617532047194849279, "population": 4, "component": 0, "o_score_pt": 147.93095539370424, "o_score_car": 555.94877534932664, "CDI": 0.57966979603874913, "log_population": 0.69897000433601886 }, "geometry": { "type": "Polygon", "coordinates": [ [ [ 11.289730767962899, 43.825776122943566 ], [ 11.290058219980358, 43.825940648068233 ], [ 11.29025066614688, 43.825879261615938 ], [ 11.290263719714115, 43.825727409601939 ], [ 11.28993626507761, 43.825562893012489 ], [ 11.28974382915969, 43.825624275163534 ], [ 11.289730767962899, 43.825776122943566 ] ] ] } },
{ "type": "Feature", "properties": { "id": 415, "snapped_id": 415.0, "centroid_lon": 11.16671, "centroid_lat": 43.77505, "radius": 202.492, "internal_id": 617532053703098367, "population": 25, "component": 0, "o_score_pt": 1.4986166813763331, "o_score_car": 479.669211313272, "CDI": 0.99377091902581238, "log_population": 1.414973347970818 }, "geometry": { "type": "Polygon", "coordinates": [ [ [ 11.165777371996295, 43.77530483463233 ], [ 11.166700891684139, 43.775770715801144 ], [ 11.16758530189432, 43.775489195688031 ], [ 11.167646284232589, 43.774790915441535 ], [ 11.166722765475615, 43.774325056714567 ], [ 11.165838389976408, 43.77460656515116 ], [ 11.165777371996295, 43.77530483463233 ] ] ] } },
{ "type": "Feature", "properties": { "id": 416, "snapped_id": 416.0, "centroid_lon": 11.27887, "centroid_lat": 43.77282, "radius": 202.623, "internal_id": 617532047405613055, "population": 1507, "component": 0, "o_score_pt": 350.65683826646102, "o_score_car": 649.25200159291671, "CDI": 0.29862238578513678, "log_population": 3.1784013415337551 }, "geometry": { "type": "Polygon", "coordinates": [ [ [ 11.276563257738532, 43.773556428597416 ], [ 11.278710071036096, 43.774636317737581 ], [ 11.281013083803067, 43.773900829506466 ], [ 11.281169198905344, 43.77208545966436 ], [ 11.279022394340089, 43.771005597344157 ], [ 11.276719465938278, 43.771741078047256 ], [ 11.276563257738532, 43.773556428597416 ] ] ] } },
{ "type": "Feature", "properties": { "id": 417, "snapped_id": 417.0, "centroid_lon": 11.20324, "centroid_lat": 43.76694, "radius": 202.545, "internal_id": 617532049868193791, "population": 940, "component": 0, "o_score_pt": 344.0988784350609, "o_score_car": 624.43045151076535, "CDI": 0.2894404582372167, "log_population": 2.973589623427257 }, "geometry": { "type": "Polygon", "coordinates": [ [ [ 11.20093632812795, 43.767676159833364 ], [ 11.203081232010671, 43.768757298147918 ], [ 11.205383917193668, 43.768023388188183 ], [ 11.205541613938404, 43.766208347322724 ], [ 11.20339671847265, 43.765127235834406 ], [ 11.201094117843232, 43.765861138386477 ], [ 11.20093632812795, 43.767676159833364 ] ] ] } },
{ "type": "Feature", "properties": { "id": 418, "snapped_id": 418.0, "centroid_lon": 11.22123, "centroid_lat": 43.81767, "radius": 202.497, "internal_id": 617532047933308927, "population": 70, "component": 0, "o_score_pt": 101.45046612600579, "o_score_car": 578.99969241035978, "CDI": 0.70181367480544443, "log_population": 1.8512583487190752 }, "geometry": { "type": "Polygon", "coordinates": [ [ [ 11.21988650505568, 43.818071878852841 ], [ 11.22117504832875, 43.818720524490288 ], [ 11.222482843579318, 43.818304097073721 ], [ 11.222572233439701, 43.817273842789476 ], [ 11.221283693408381, 43.816625224270027 ], [ 11.219975947708084, 43.817041638494217 ], [ 11.21988650505568, 43.818071878852841 ] ] ] } },
{ "type": "Feature", "properties": { "id": 419, "snapped_id": 419.0, "centroid_lon": 11.26668, "centroid_lat": 43.81025, "radius": 202.559, "internal_id": 617532047440478207, "population": 37, "component": 0, "o_score_pt": 3.4168892170765086, "o_score_car": 487.21509639376194, "CDI": 0.98607147794156758, "log_population": 1.5797835966168101 }, "geometry": { "type": "Polygon", "coordinates": [ [ [ 11.265593004554001, 43.810557662214514 ], [ 11.266655327222631, 43.811091871231682 ], [ 11.267700324409171, 43.810758615294112 ], [ 11.267771314989474, 43.809935160866672 ], [ 11.266708994266409, 43.809400976384403 ], [ 11.265664037306593, 43.809734219727702 ], [ 11.265593004554001, 43.810557662214514 ] ] ] } },
{ "type": "Feature", "properties": { "id": 420, "snapped_id": 468.0, "centroid_lon": 11.22888, "centroid_lat": 43.75524, "radius": 202.59, "internal_id": 617532049796890623, "population": 45, "component": 0, "o_score_pt": 82.505845539018623, "o_score_car": 572.32041118759196, "CDI": 0.74800691117227214, "log_population": 1.6627578316815741 }, "geometry": { "type": "Polygon", "coordinates": [ [ [ 11.227715941905894, 43.75557333655518 ], [ 11.228846034473522, 43.756142700685587 ], [ 11.229970274452011, 43.755783993553543 ], [ 11.230047077332424, 43.754896682023656 ], [ 11.22891698707202, 43.754327343334118 ], [ 11.22779279013681, 43.754686037626904 ], [ 11.227715941905894, 43.75557333655518 ] ] ] } },
{ "type": "Feature", "properties": { "id": 421, "snapped_id": 421.0, "centroid_lon": 11.2585, "centroid_lat": 43.74931, "radius": 202.631, "internal_id": 617532049972789247, "population": 68, "component": 0, "o_score_pt": 12.54027075442858, "o_score_car": 605.22670339985041, "CDI": 0.95940129116938921, "log_population": 1.8388490907372552 }, "geometry": { "type": "Polygon", "coordinates": [ [ [ 11.257168094609595, 43.749707491213535 ], [ 11.258445211049953, 43.750350500945352 ], [ 11.259739888039576, 43.749936991091559 ], [ 11.259827948867262, 43.748915335835171 ], [ 11.258550835705186, 43.748272353119418 ], [ 11.257256207693075, 43.748685849764229 ], [ 11.257168094609595, 43.749707491213535 ] ] ] } },
{ "type": "Feature", "properties": { "id": 422, "snapped_id": 422.0, "centroid_lon": 11.19103, "centroid_lat": 43.80436, "radius": 202.481, "internal_id": 617532053666660351, "population": 6, "component": 0, "o_score_pt": 4.3107495402260403, "o_score_car": 578.78420978746703, "CDI": 0.98521424522278045, "log_population": 0.84509804001425681 }, "geometry": { "type": "Polygon", "coordinates": [ [ [ 11.190623507784293, 43.804426879824419 ], [ 11.191072703860236, 43.804653231099053 ], [ 11.191405843680581, 43.804547203233433 ], [ 11.191428816561691, 43.804283446164071 ], [ 11.190979618567146, 43.804057106904395 ], [ 11.190646494026479, 43.804163128465049 ], [ 11.190623507784293, 43.804426879824419 ] ] ] } },
{ "type": "Feature", "properties": { "id": 423, "snapped_id": 423.0, "centroid_lon": 11.1791, "centroid_lat": 43.78698, "radius": 202.491, "internal_id": 617532053727739903, "population": 10, "component": 0, "o_score_pt": 4.9285627201925042, "o_score_car": 543.11107404755751, "CDI": 0.98201384575298079, "log_population": 1.0413926851582249 }, "geometry": { "type": "Polygon", "coordinates": [ [ [ 11.178518189126352, 43.787116538127357 ], [ 11.179130681532428, 43.787425358673289 ], [ 11.179653632933331, 43.787258893466174 ], [ 11.179689692528402, 43.786845401607415 ], [ 11.179077199190976, 43.786536597218813 ], [ 11.178554269760733, 43.786703053823629 ], [ 11.178518189126352, 43.787116538127357 ] ] ] } },
{ "type": "Feature", "properties": { "id": 424, "snapped_id": 424.0, "centroid_lon": 11.22103, "centroid_lat": 43.76833, "radius": 202.563, "internal_id": 617532049857970175, "population": 1450, "component": 0, "o_score_pt": 350.69113861996573, "o_score_car": 687.70943771180407, "CDI": 0.32455519264288307, "log_population": 3.161667412437736 }, "geometry": { "type": "Polygon", "coordinates": [ [ [ 11.218727476022231, 43.76906407601026 ], [ 11.220872829703133, 43.770144920699067 ], [ 11.223175592683079, 43.769410639485287 ], [ 11.223332917470806, 43.767595521019906 ], [ 11.221187572281027, 43.766514703155941 ], [ 11.218884893810419, 43.767248976933686 ], [ 11.218727476022231, 43.76906407601026 ] ] ] } },
{ "type": "Feature", "properties": { "id": 425, "snapped_id": 425.0, "centroid_lon": 11.24421, "centroid_lat": 43.75917, "radius": 202.602, "internal_id": 617532047395389439, "population": 281, "component": 0, "o_score_pt": 193.60835376174981, "o_score_car": 611.24734150177699, "CDI": 0.51889921410481332, "log_population": 2.4502491083193609 }, "geometry": { "type": "Polygon", "coordinates": [ [ [ 11.242312442162413, 43.759763583841199 ], [ 11.244099558236178, 43.760663549308326 ], [ 11.245986077649334, 43.760061432118107 ], [ 11.246114585542879, 43.7585737666897 ], [ 11.244327475848829, 43.757673830104871 ], [ 11.242441026244245, 43.758275935856531 ], [ 11.242312442162413, 43.759763583841199 ] ] ] } },
{ "type": "Feature", "properties": { "id": 426, "snapped_id": 426.0, "centroid_lon": 11.24139, "centroid_lat": 43.79184, "radius": 202.555, "internal_id": 617532047369175039, "population": 956, "component": 0, "o_score_pt": 472.48391159643671, "o_score_car": 697.50426789076494, "CDI": 0.19232703393033701, "log_population": 2.9809119377768436 }, "geometry": { "type": "Polygon", "coordinates": [ [ [ 11.239085419151671, 43.792575039987085 ], [ 11.241231852615392, 43.793655437895453 ], [ 11.243535310983873, 43.792921004180918 ], [ 11.243692251383511, 43.791106180031711 ], [ 11.241545826500321, 43.790025808939362 ], [ 11.239242452635006, 43.790760235181352 ], [ 11.239085419151671, 43.792575039987085 ] ] ] } },
{ "type": "Feature", "properties": { "id": 427, "snapped_id": 427.0, "centroid_lon": 11.22386, "centroid_lat": 43.73565, "radius": 202.61, "internal_id": 617532049831755775, "population": 511, "component": 0, "o_score_pt": 216.5251556820958, "o_score_car": 534.85158462590323, "CDI": 0.42365755002386851, "log_population": 2.7092699609758308 }, "geometry": { "type": "Polygon", "coordinates": [ [ [ 11.221719491726422, 43.736331692647639 ], [ 11.223721623937834, 43.737340858397978 ], [ 11.225858161570221, 43.73665888072334 ], [ 11.226004086389052, 43.734973444821293 ], [ 11.22400196180433, 43.73396430705467 ], [ 11.221865502796019, 43.734646275446899 ], [ 11.221719491726422, 43.736331692647639 ] ] ] } },
{ "type": "Feature", "properties": { "id": 428, "snapped_id": 428.0, "centroid_lon": 11.22568, "centroid_lat": 43.81802, "radius": 202.502, "internal_id": 617532047931736063, "population": 257, "component": 0, "o_score_pt": 106.59916774047012, "o_score_car": 592.46021533196176, "CDI": 0.69502113748346606, "log_population": 2.4116197059632301 }, "geometry": { "type": "Polygon", "coordinates": [ [ [ 11.223813744598093, 43.818601037102148 ], [ 11.225569722526894, 43.819484875846499 ], [ 11.227420182005865, 43.818895587201972 ], [ 11.227546545166518, 43.817438323858639 ], [ 11.225790573359435, 43.816554514039161 ], [ 11.223940182515916, 43.81714379101264 ], [ 11.223813744598093, 43.818601037102148 ] ] ] } },
{ "type": "Feature", "properties": { "id": 429, "snapped_id": 429.0, "centroid_lon": 11.22255, "centroid_lat": 43.77667, "radius": 202.554, "internal_id": 617532049866620927, "population": 617, "component": 0, "o_score_pt": 418.45691191263433, "o_score_car": 695.37027585162127, "CDI": 0.2486142976046625, "log_population": 2.7909884750888159 }, "geometry": { "type": "Polygon", "coordinates": [ [ [ 11.22032651648396, 43.777375960488023 ], [ 11.222397791590707, 43.77841929883904 ], [ 11.224614502173328, 43.777712596236839 ], [ 11.224765921997196, 43.775965557867586 ], [ 11.222694654934882, 43.774922246994123 ], [ 11.220478025839878, 43.775628941147524 ], [ 11.22032651648396, 43.777375960488023 ] ] ] } },
{ "type": "Feature", "properties": { "id": 430, "snapped_id": 430.0, "centroid_lon": 11.27113, "centroid_lat": 43.81059, "radius": 202.564, "internal_id": 617532047438905343, "population": 0, "component": 0, "o_score_pt": 154.60293812621509, "o_score_car": 519.73195608682738, "CDI": 0.54146540701667611, "log_population": 0.0 }, "geometry": { "type": "Polygon", "coordinates": [ [ [ 11.271053317846626, 43.810551053052727 ], [ 11.271214096592765, 43.810631894723521 ], [ 11.271214097195756, 43.810631887724874 ], [ 11.271053318026084, 43.810551050971114 ], [ 11.271053317846626, 43.810551053052727 ] ] ] } },
{ "type": "Feature", "properties": { "id": 431, "snapped_id": 915.0, "centroid_lon": 11.20191, "centroid_lat": 43.80795, "radius": 202.489, "internal_id": 617532053692874751, "population": 0, "component": 0, "o_score_pt": 6.0279106245230176, "o_score_car": 513.9101124196751, "CDI": 0.97681296478672563, "log_population": 0.0 }, "geometry": { "type": "Polygon", "coordinates": [ [ [ 11.20183256098958, 43.807905580780414 ], [ 11.201993220500686, 43.807986510293347 ], [ 11.201993221109529, 43.807986503293215 ], [ 11.201832561170097, 43.807905578706183 ], [ 11.20183256098958, 43.807905580780414 ] ] ] } },
{ "type": "Feature", "properties": { "id": 432, "snapped_id": 432.0, "centroid_lon": 11.30896, "centroid_lat": 43.76144, "radius": 202.673, "internal_id": 617532047536422911, "population": 385, "component": 0, "o_score_pt": 104.43362459411615, "o_score_car": 584.5060355085061, "CDI": 0.69682794984234164, "log_population": 2.5865873046717551 }, "geometry": { "type": "Polygon", "coordinates": [ [ [ 11.306930475801016, 43.762079443977505 ], [ 11.308832635180213, 43.763035710162519 ], [ 11.310851336361967, 43.762390247613951 ], [ 11.31098762770651, 43.760798391326894 ], [ 11.309085475643998, 43.759842153667336 ], [ 11.307066848758096, 43.760487605695531 ], [ 11.306930475801016, 43.762079443977505 ] ] ] } },
{ "type": "Feature", "properties": { "id": 433, "snapped_id": 433.0, "centroid_lon": 11.28425, "centroid_lat": 43.76227, "radius": 202.643, "internal_id": 617532049999003647, "population": 1708, "component": 0, "o_score_pt": 317.71989948559025, "o_score_car": 641.70596848319997, "CDI": 0.33768744393303018, "log_population": 3.2327420627207371 }, "geometry": { "type": "Polygon", "coordinates": [ [ [ 11.281949674018351, 43.763008121767243 ], [ 11.284096340245826, 43.764087977194322 ], [ 11.286399072668708, 43.763352240500126 ], [ 11.286555054532704, 43.761536655914533 ], [ 11.284408397057707, 43.760456827310477 ], [ 11.28210574896427, 43.761192556470156 ], [ 11.281949674018351, 43.763008121767243 ] ] ] } },
{ "type": "Feature", "properties": { "id": 434, "snapped_id": 434.0, "centroid_lon": 11.25076, "centroid_lat": 43.78709, "radius": 202.572, "internal_id": 617532047360524287, "population": 1389, "component": 0, "o_score_pt": 530.86193288127038, "o_score_car": 695.85704678505431, "CDI": 0.13450115033572199, "log_population": 3.143014800254095 }, "geometry": { "type": "Polygon", "coordinates": [ [ [ 11.248455856194722, 43.787822173661134 ], [ 11.250602384816732, 43.788902444396435 ], [ 11.252905731954744, 43.788167747001275 ], [ 11.253062466000106, 43.786352786358378 ], [ 11.250915945996587, 43.78527254244009 ], [ 11.248612683327249, 43.786007232348844 ], [ 11.248455856194722, 43.787822173661134 ] ] ] } },
{ "type": "Feature", "properties": { "id": 435, "snapped_id": 435.0, "centroid_lon": 11.23427, "centroid_lat": 43.74469, "radius": 202.61, "internal_id": 617532049795317759, "population": 148, "component": 0, "o_score_pt": 174.64868018121405, "o_score_car": 536.09649132917264, "CDI": 0.50854768436886455, "log_population": 2.173186268412274 }, "geometry": { "type": "Polygon", "coordinates": [ [ [ 11.232629562365021, 43.745192759765537 ], [ 11.234185114829691, 43.745976504759462 ], [ 11.235803145066203, 43.745460010922237 ], [ 11.235913537021489, 43.744183407657019 ], [ 11.234357989485796, 43.743399691399269 ], [ 11.232740019632201, 43.743916172452124 ], [ 11.232629562365021, 43.745192759765537 ] ] ] } },
{ "type": "Feature", "properties": { "id": 436, "snapped_id": 436.0, "centroid_lon": 11.24584, "centroid_lat": 43.79219, "radius": 202.56, "internal_id": 617532047367602175, "population": 1980, "component": 0, "o_score_pt": 519.98558059626896, "o_score_car": 704.71332710906449, "CDI": 0.1508352341547459, "log_population": 3.2968844755385471 }, "geometry": { "type": "Polygon", "coordinates": [ [ [ 11.243535310983873, 43.792921004180918 ], [ 11.245681856813775, 43.794001328548255 ], [ 11.247985334446154, 43.793266801949549 ], [ 11.248142181754604, 43.791451958464293 ], [ 11.245995644523807, 43.790371660912612 ], [ 11.243692251383511, 43.791106180031711 ], [ 11.243535310983873, 43.792921004180918 ] ] ] } },
{ "type": "Feature", "properties": { "id": 437, "snapped_id": 437.0, "centroid_lon": 11.17267, "centroid_lat": 43.78374, "radius": 202.488, "internal_id": 617532053699952639, "population": 210, "component": 0, "o_score_pt": 5.4795530121778748, "o_score_car": 551.54726027753532, "CDI": 0.98032571186361195, "log_population": 2.3242824552976926 }, "geometry": { "type": "Polygon", "coordinates": [ [ [ 11.170885826278942, 43.784288949366484 ], [ 11.172567271307926, 43.785136915728792 ], [ 11.174332202268465, 43.784575163662701 ], [ 11.174453609632057, 43.783184120272331 ], [ 11.172772170106184, 43.782336182872598 ], [ 11.171007304861803, 43.782897922857117 ], [ 11.170885826278942, 43.784288949366484 ] ] ] } },
{ "type": "Feature", "properties": { "id": 438, "snapped_id": 438.0, "centroid_lon": 11.21052, "centroid_lat": 43.73461, "radius": 202.596, "internal_id": 617532049830182911, "population": 0, "component": 0, "o_score_pt": 19.442677667047302, "o_score_car": 441.56238790550037, "CDI": 0.91565091527616804, "log_population": 0.0 }, "geometry": { "type": "Polygon", "coordinates": [ [ [ 11.210443690806489, 43.734573142280624 ], [ 11.210602729861813, 43.734653335705289 ], [ 11.210602730468002, 43.734653328716405 ], [ 11.210443690989825, 43.73457314016818 ], [ 11.210443690806489, 43.734573142280624 ] ] ] } },
{ "type": "Feature", "properties": { "id": 439, "snapped_id": 439.0, "centroid_lon": 11.22737, "centroid_lat": 43.74689, "radius": 202.599, "internal_id": 617532049788239871, "population": 25, "component": 0, "o_score_pt": 159.75605025265787, "o_score_car": 595.75042391330339, "CDI": 0.57708886497890044, "log_population": 1.414973347970818 }, "geometry": { "type": "Polygon", "coordinates": [ [ [ 11.226431166329075, 43.747150125505193 ], [ 11.227354468745776, 43.747615388296651 ], [ 11.228238772011377, 43.747333180457403 ], [ 11.228299232963332, 43.746634688039371 ], [ 11.227375931588963, 43.746169447675427 ], [ 11.226491662929973, 43.746451643795659 ], [ 11.226431166329075, 43.747150125505193 ] ] ] } },
{ "type": "Feature", "properties": { "id": 440, "snapped_id": 440.0, "centroid_lon": 11.25101, "centroid_lat": 43.73228, "radius": 202.646, "internal_id": 617532050006081535, "population": 13, "component": 0, "o_score_pt": 1.9792016644169892, "o_score_car": 531.46873984812567, "CDI": 0.9925795883331926, "log_population": 1.146128035678238 }, "geometry": { "type": "Polygon", "coordinates": [ [ [ 11.250329808748846, 43.732449702746912 ], [ 11.251028729905883, 43.732801769348534 ], [ 11.251652814080074, 43.732602385155147 ], [ 11.251695387055856, 43.732108792968994 ], [ 11.250996465605471, 43.731756744474289 ], [ 11.250372406856728, 43.731956118997168 ], [ 11.250329808748846, 43.732449702746912 ] ] ] } },
{ "type": "Feature", "properties": { "id": 441, "snapped_id": 219.0, "centroid_lon": 11.28109, "centroid_lat": 43.82506, "radius": 202.556, "internal_id": 617532047191703551, "population": 2, "component": 0, "o_score_pt": 1.076821491649941, "o_score_car": 480.67661377212983, "CDI": 0.99552957420610677, "log_population": 0.47712125471966244 }, "geometry": { "type": "Polygon", "coordinates": [ [ [ 11.281011165328966, 43.825022240013908 ], [ 11.281172274562682, 43.825103207465283 ], [ 11.281172275165195, 43.825103200464753 ], [ 11.28101116550771, 43.82502223793837 ], [ 11.281011165328966, 43.825022240013908 ] ] ] } },
{ "type": "Feature", "properties": { "id": 442, "snapped_id": 442.0, "centroid_lon": 11.30193, "centroid_lat": 43.73896, "radius": 202.695, "internal_id": 617532049934778367, "population": 101, "component": 0, "o_score_pt": 99.555507249538522, "o_score_car": 499.8209999491765, "CDI": 0.66780310521402453, "log_population": 2.0086001717619175 }, "geometry": { "type": "Polygon", "coordinates": [ [ [ 11.300438999462701, 43.739413721533296 ], [ 11.301858042408245, 43.740127512673496 ], [ 11.303316947026211, 43.739660829413715 ], [ 11.303415567210724, 43.73850952725364 ], [ 11.301996528535899, 43.73779576420592 ], [ 11.300537678571439, 43.73826243423585 ], [ 11.300438999462701, 43.739413721533296 ] ] ] } },
{ "type": "Feature", "properties": { "id": 443, "snapped_id": 443.0, "centroid_lon": 11.26364, "centroid_lat": 43.79357, "radius": 202.578, "internal_id": 617532047366029311, "population": 43, "component": 0, "o_score_pt": 248.85305087114975, "o_score_car": 647.43349687874002, "CDI": 0.44470202861821229, "log_population": 1.6434526764861874 }, "geometry": { "type": "Polygon", "coordinates": [ [ [ 11.262491402074332, 43.793900415067583 ], [ 11.263606485607543, 43.794461355853812 ], [ 11.264712837268245, 43.794108394466328 ], [ 11.264788032096043, 43.793236223676224 ], [ 11.263672950835801, 43.792675308127606 ], [ 11.262566641553763, 43.79302825669474 ], [ 11.262491402074332, 43.793900415067583 ] ] ] } },
{ "type": "Feature", "properties": { "id": 444, "snapped_id": 444.0, "centroid_lon": 11.2989, "centroid_lat": 43.82644, "radius": 202.574, "internal_id": 617532047190130687, "population": 47, "component": 0, "o_score_pt": 0.43443515315336101, "o_score_car": 538.51985992273433, "CDI": 0.99838785901838978, "log_population": 1.6812412373755872 }, "geometry": { "type": "Polygon", "coordinates": [ [ [ 11.297718990582501, 43.826784652539345 ], [ 11.298866605891904, 43.827361116756556 ], [ 11.300010255583597, 43.82699623278841 ], [ 11.300087580390755, 43.826095619082473 ], [ 11.2989399676192, 43.825519180489394 ], [ 11.297796361576317, 43.825884051481168 ], [ 11.297718990582501, 43.826784652539345 ] ] ] } },
{ "type": "Feature", "properties": { "id": 445, "snapped_id": 445.0, "centroid_lon": 11.15933, "centroid_lat": 43.78269, "radius": 202.474, "internal_id": 617532053698379775, "population": 42, "component": 0, "o_score_pt": 3.3453496568507148, "o_score_car": 464.67234033890691, "CDI": 0.98570417431494517, "log_population": 1.6334684555795866 }, "geometry": { "type": "Polygon", "coordinates": [ [ [ 11.158188693801172, 43.783018094450384 ], [ 11.159294357647132, 43.7835758945088 ], [ 11.160390385681957, 43.783227165746972 ], [ 11.160465988821759, 43.782362481099639 ], [ 11.159360326983728, 43.781804706187366 ], [ 11.158264341129192, 43.782153422263612 ], [ 11.158188693801172, 43.783018094450384 ] ] ] } },
{ "type": "Feature", "properties": { "id": 446, "snapped_id": 446.0, "centroid_lon": 11.21365, "centroid_lat": 43.77598, "radius": 202.545, "internal_id": 617532049863475199, "population": 1760, "component": 0, "o_score_pt": 408.71776676396098, "o_score_car": 644.03768072457399, "CDI": 0.22352761462502499, "log_population": 3.245759355967277 }, "geometry": { "type": "Polygon", "coordinates": [ [ [ 11.211346456904247, 43.77671133084506 ], [ 11.213491836000355, 43.777792256004155 ], [ 11.215794794305342, 43.777058230970567 ], [ 11.215952288967854, 43.775243288204805 ], [ 11.213806918333795, 43.774162389868465 ], [ 11.211504044573216, 43.774896407476263 ], [ 11.211346456904247, 43.77671133084506 ] ] ] } },
{ "type": "Feature", "properties": { "id": 447, "snapped_id": 447.0, "centroid_lon": 11.23249, "centroid_lat": 43.79115, "radius": 202.546, "internal_id": 617532047466692607, "population": 1142, "component": 0, "o_score_pt": 439.25284434263119, "o_score_car": 678.03015433987639, "CDI": 0.21371247059053949, "log_population": 3.0580462303952816 }, "geometry": { "type": "Polygon", "coordinates": [ [ [ 11.230186030568765, 43.791882612385528 ], [ 11.232332239239602, 43.792963157341653 ], [ 11.234635658997346, 43.792228909383475 ], [ 11.234792785556923, 43.79041412392867 ], [ 11.232646585429489, 43.789333605789331 ], [ 11.230343250197086, 43.790067846289112 ], [ 11.230186030568765, 43.791882612385528 ] ] ] } },
{ "type": "Feature", "properties": { "id": 448, "snapped_id": 448.0, "centroid_lon": 11.23165, "centroid_lat": 43.8267, "radius": 202.497, "internal_id": 617532047928590335, "population": 0, "component": 0, "o_score_pt": 6.0407292366526217, "o_score_car": 502.21743012304552, "CDI": 0.97622968121451237, "log_population": 0.0 }, "geometry": { "type": "Polygon", "coordinates": [ [ [ 11.231568434860398, 43.826663105249857 ], [ 11.231729538104302, 43.826744170709851 ], [ 11.231729538711093, 43.826744163707744 ], [ 11.231568435039753, 43.82666310318141 ], [ 11.231568434860398, 43.826663105249857 ] ] ] } },
{ "type": "Feature", "properties": { "id": 449, "snapped_id": 449.0, "centroid_lon": 11.22615, "centroid_lat": 43.81258, "radius": 202.51, "internal_id": 617532047435759615, "population": 138, "component": 0, "o_score_pt": 94.643660538350076, "o_score_car": 613.95075415361157, "CDI": 0.73286930132100081, "log_population": 2.143014800254095 }, "geometry": { "type": "Polygon", "coordinates": [ [ [ 11.224536887242326, 43.813070778457551 ], [ 11.226068713181832, 43.813841857091496 ], [ 11.227658949393872, 43.813335349814871 ], [ 11.227767550586272, 43.812082694490194 ], [ 11.226235729394809, 43.811311644504677 ], [ 11.224645552657394, 43.811818138900883 ], [ 11.224536887242326, 43.813070778457551 ] ] ] } },
{ "type": "Feature", "properties": { "id": 450, "snapped_id": 450.0, "centroid_lon": 11.22538, "centroid_lat": 43.744, "radius": 202.601, "internal_id": 617532049792172031, "population": 35, "component": 0, "o_score_pt": 158.36348498390734, "o_score_car": 536.84692064152216, "CDI": 0.54441566552376497, "log_population": 1.5563025007672873 }, "geometry": { "type": "Polygon", "coordinates": [ [ [ 11.224311584398773, 43.744299736900885 ], [ 11.225352653417989, 43.744824395134749 ], [ 11.226373670697955, 43.744498549533802 ], [ 11.22644347576483, 43.743692275927074 ], [ 11.225402408505442, 43.743167641952297 ], [ 11.22438143063955, 43.743493475107677 ], [ 11.224311584398773, 43.744299736900885 ] ] ] } },
{ "type": "Feature", "properties": { "id": 451, "snapped_id": 451.0, "centroid_lon": 11.25181, "centroid_lat": 43.80087, "radius": 202.555, "internal_id": 617532047364456447, "population": 11, "component": 0, "o_score_pt": 373.833789165626, "o_score_car": 634.43853951206972, "CDI": 0.25846662943553678, "log_population": 1.0791812460476249 }, "geometry": { "type": "Polygon", "coordinates": [ [ [ 11.25118709302301, 43.801019739438502 ], [ 11.251831451282959, 43.801343943624317 ], [ 11.252391559841005, 43.801165348760492 ], [ 11.252429733818115, 43.80072336624508 ], [ 11.251785374894293, 43.800399178935656 ], [ 11.25122528953627, 43.800577764767979 ], [ 11.25118709302301, 43.801019739438502 ] ] ] } },
{ "type": "Feature", "properties": { "id": 452, "snapped_id": 452.0, "centroid_lon": 11.28226, "centroid_lat": 43.75938, "radius": 202.645, "internal_id": 617532050002935807, "population": 759, "component": 0, "o_score_pt": 257.97832617396148, "o_score_car": 616.71768466382139, "CDI": 0.41013032418686779, "log_population": 2.8808135922807914 }, "geometry": { "type": "Polygon", "coordinates": [ [ [ 11.279959203573757, 43.760112654307122 ], [ 11.28210574896427, 43.761192556470156 ], [ 11.284408397057707, 43.760456827310477 ], [ 11.284564415429756, 43.758641203519772 ], [ 11.28241787878283, 43.757561328180827 ], [ 11.280115315018287, 43.758297049809677 ], [ 11.279959203573757, 43.760112654307122 ] ] ] } },
{ "type": "Feature", "properties": { "id": 453, "snapped_id": 453.0, "centroid_lon": 11.16377, "centroid_lat": 43.78304, "radius": 202.478, "internal_id": 617532053696806911, "population": 108, "component": 0, "o_score_pt": 4.8678490218470216, "o_score_car": 482.57861471411451, "CDI": 0.98002714396761403, "log_population": 2.0374264979406238 }, "geometry": { "type": "Polygon", "coordinates": [ [ [ 11.162258722042544, 43.783498283357886 ], [ 11.163701000016633, 43.784225812809552 ], [ 11.165188157880356, 43.783752582323871 ], [ 11.165290610414239, 43.782580118031206 ], [ 11.163848336478917, 43.781852616829298 ], [ 11.162361234566035, 43.782325834282034 ], [ 11.162258722042544, 43.783498283357886 ] ] ] } },
{ "type": "Feature", "properties": { "id": 454, "snapped_id": 454.0, "centroid_lon": 11.21753, "centroid_lat": 43.75709, "radius": 202.574, "internal_id": 617532049861902335, "population": 1, "component": 0, "o_score_pt": 4.8417517082962993, "o_score_car": 579.83817144895522, "CDI": 0.98343794094330783, "log_population": 0.3010299956639812 }, "geometry": { "type": "Polygon", "coordinates": [ [ [ 11.217447105311336, 43.757051871753134 ], [ 11.217606648891834, 43.757132274981565 ], [ 11.217606649498013, 43.757132267989498 ], [ 11.217447105493676, 43.757051869651178 ], [ 11.217447105311336, 43.757051871753134 ] ] ] } },
{ "type": "Feature", "properties": { "id": 455, "snapped_id": 455.0, "centroid_lon": 11.23903, "centroid_lat": 43.81906, "radius": 202.516, "internal_id": 617532047431827455, "population": 21, "component": 0, "o_score_pt": 6.8963105105376439, "o_score_car": 554.63764925064254, "CDI": 0.97543760126824519, "log_population": 1.3424226808222062 }, "geometry": { "type": "Polygon", "coordinates": [ [ [ 11.238165761680984, 43.81929282811204 ], [ 11.239030041844618, 43.819727694352956 ], [ 11.239845201854793, 43.819468007486321 ], [ 11.239900812227233, 43.818825527393308 ], [ 11.239036532731578, 43.818390682531941 ], [ 11.238221404912894, 43.818650358125993 ], [ 11.238165761680984, 43.81929282811204 ] ] ] } },
{ "type": "Feature", "properties": { "id": 456, "snapped_id": 456.0, "centroid_lon": 11.25615, "centroid_lat": 43.77654, "radius": 202.592, "internal_id": 617532047399321599, "population": 1203, "component": 0, "o_score_pt": 589.40534112991952, "o_score_car": 678.44666621258204, "CDI": 0.070230062000137303, "log_population": 3.0806264869218056 }, "geometry": { "type": "Polygon", "coordinates": [ [ [ 11.2538460354262, 43.777277494138879 ], [ 11.255992417261323, 43.778357731140808 ], [ 11.258295484187808, 43.777622785096192 ], [ 11.25845208484421, 43.775807609543733 ], [ 11.256305711647769, 43.774727399361907 ], [ 11.254002729154273, 43.775462337913602 ], [ 11.2538460354262, 43.777277494138879 ] ] ] } },
{ "type": "Feature", "properties": { "id": 457, "snapped_id": 457.0, "centroid_lon": 11.24396, "centroid_lat": 43.81396, "radius": 202.528, "internal_id": 617532047434186751, "population": 35, "component": 0, "o_score_pt": 81.429553159764907, "o_score_car": 583.68487170193191, "CDI": 0.75514122046985444, "log_population": 1.5563025007672873 }, "geometry": { "type": "Polygon", "coordinates": [ [ [ 11.242888287338177, 43.814265498382689 ], [ 11.243930924368923, 43.814790082790545 ], [ 11.244953138733681, 43.81446434069651 ], [ 11.24502280685989, 43.813658814719766 ], [ 11.24398017160793, 43.813134254575907 ], [ 11.242957996706835, 43.813459984193507 ], [ 11.242888287338177, 43.814265498382689 ] ] ] } },
{ "type": "Feature", "properties": { "id": 458, "snapped_id": 458.0, "centroid_lon": 11.15591, "centroid_lat": 43.79612, "radius": 202.452, "internal_id": 617532053766537215, "population": 182, "component": 0, "o_score_pt": 3.1756495195135392, "o_score_car": 495.5494522611416, "CDI": 0.98726493008603278, "log_population": 2.2624510897304293 }, "geometry": { "type": "Polygon", "coordinates": [ [ [ 11.154186548176353, 43.796655468356676 ], [ 11.15581649238327, 43.797477647953222 ], [ 11.157521777328343, 43.79693533697948 ], [ 11.157639352113607, 43.79559163120507 ], [ 11.156009413047, 43.794769480522547 ], [ 11.154304191764087, 43.795311779142189 ], [ 11.154186548176353, 43.796655468356676 ] ] ] } },
{ "type": "Feature", "properties": { "id": 459, "snapped_id": 459.0, "centroid_lon": 11.21715, "centroid_lat": 43.78721, "radius": 202.534, "internal_id": 617532047469051903, "population": 150, "component": 0, "o_score_pt": 59.944774811615133, "o_score_car": 663.94539059921112, "CDI": 0.8343815742334475, "log_population": 2.1789769472931693 }, "geometry": { "type": "Polygon", "coordinates": [ [ [ 11.215504590929536, 43.787719114621581 ], [ 11.217065694660317, 43.7885054457861 ], [ 11.218690178370043, 43.787987784469365 ], [ 11.21880125990886, 43.786707395409856 ], [ 11.217240161084227, 43.78592109299607 ], [ 11.215615738053332, 43.786438741560346 ], [ 11.215504590929536, 43.787719114621581 ] ] ] } },
{ "type": "Feature", "properties": { "id": 460, "snapped_id": 460.0, "centroid_lon": 11.24317, "centroid_lat": 43.74538, "radius": 202.619, "internal_id": 617532049790599167, "population": 0, "component": 0, "o_score_pt": 161.60746375755605, "o_score_car": 600.74133056921733, "CDI": 0.57602749565500178, "log_population": 0.0 }, "geometry": { "type": "Polygon", "coordinates": [ [ [ 11.243086461847041, 43.745339405239996 ], [ 11.243245768577241, 43.745419651773929 ], [ 11.243245769180925, 43.745419644784299 ], [ 11.243086462029479, 43.745339403128924 ], [ 11.243086461847041, 43.745339405239996 ] ] ] } },
{ "type": "Feature", "properties": { "id": 461, "snapped_id": 461.0, "centroid_lon": 11.25568, "centroid_lat": 43.78199, "radius": 202.585, "internal_id": 617532047362883583, "population": 756, "component": 0, "o_score_pt": 584.49976542379454, "o_score_car": 737.74223107116472, "CDI": 0.1158959298325042, "log_population": 2.8790958795000727 }, "geometry": { "type": "Polygon", "coordinates": [ [ [ 11.253376876575377, 43.782722431626311 ], [ 11.255522528115979, 43.783802216030942 ], [ 11.257824747098045, 43.78306766616717 ], [ 11.257981300102577, 43.781253374094007 ], [ 11.25583565719452, 43.780173616516024 ], [ 11.253533522622689, 43.780908158874396 ], [ 11.253376876575377, 43.782722431626311 ] ] ] } },
{ "type": "Feature", "properties": { "id": 462, "snapped_id": 462.0, "centroid_lon": 11.2057, "centroid_lat": 43.76439, "radius": 202.551, "internal_id": 617532049860329471, "population": 175, "component": 0, "o_score_pt": 372.12272830608651, "o_score_car": 652.10197743729634, "CDI": 0.27335725018271329, "log_population": 2.2455126678141499 }, "geometry": { "type": "Polygon", "coordinates": [ [ [ 11.203989371159672, 43.764920810435655 ], [ 11.20560524576185, 43.765735279273805 ], [ 11.207293602282688, 43.765197086458123 ], [ 11.207409232521695, 43.763865696308315 ], [ 11.205793363129565, 43.763051256358111 ], [ 11.204105069541059, 43.763589436688463 ], [ 11.203989371159672, 43.764920810435655 ] ] ] } },
{ "type": "Feature", "properties": { "id": 463, "snapped_id": 463.0, "centroid_lon": 11.24034, "centroid_lat": 43.77806, "radius": 202.572, "internal_id": 617532047396962303, "population": 772, "component": 0, "o_score_pt": 575.03686103294649, "o_score_car": 729.60197300904599, "CDI": 0.1184734870241678, "log_population": 2.888179493918325 }, "geometry": { "type": "Polygon", "coordinates": [ [ [ 11.238038458626008, 43.778790237255102 ], [ 11.240184512148945, 43.779870721625393 ], [ 11.24248758661866, 43.779136139535204 ], [ 11.242644523085517, 43.777321080544141 ], [ 11.240498478135905, 43.776240622994393 ], [ 11.238195488144141, 43.776975197616288 ], [ 11.238038458626008, 43.778790237255102 ] ] ] } },
{ "type": "Feature", "properties": { "id": 464, "snapped_id": 464.0, "centroid_lon": 11.20173, "centroid_lat": 43.7586, "radius": 202.554, "internal_id": 617532049859543039, "population": 695, "component": 0, "o_score_pt": 280.37791689644308, "o_score_car": 599.06361725851764, "CDI": 0.36237281045441389, "log_population": 2.842609239610562 }, "geometry": { "type": "Polygon", "coordinates": [ [ [ 11.199457827694054, 43.759322471198139 ], [ 11.201571209259933, 43.760387910617354 ], [ 11.203837347768772, 43.759665505608616 ], [ 11.203992575952643, 43.757878924378268 ], [ 11.201879202605916, 43.756813512078338 ], [ 11.199613147360196, 43.757535909246741 ], [ 11.199457827694054, 43.759322471198139 ] ] ] } },
{ "type": "Feature", "properties": { "id": 465, "snapped_id": 465.0, "centroid_lon": 11.2428, "centroid_lat": 43.77551, "radius": 202.579, "internal_id": 617532047397748735, "population": 891, "component": 0, "o_score_pt": 556.1302308422745, "o_score_car": 727.16185448272688, "CDI": 0.1332756786987723, "log_population": 2.9503648543761232 }, "geometry": { "type": "Polygon", "coordinates": [ [ [ 11.240498478135905, 43.776240622994393 ], [ 11.242644523085517, 43.777321080544141 ], [ 11.244947532352406, 43.776586413072543 ], [ 11.245104412201476, 43.774771295524054 ], [ 11.242958375834883, 43.77369086479554 ], [ 11.240655451034238, 43.774425524795454 ], [ 11.240498478135905, 43.776240622994393 ] ] ] } },
{ "type": "Feature", "properties": { "id": 466, "snapped_id": 466.0, "centroid_lon": 11.24841, "centroid_lat": 43.81431, "radius": 202.533, "internal_id": 617532047432613887, "population": 109, "component": 0, "o_score_pt": 87.446283575049421, "o_score_car": 606.30674104679042, "CDI": 0.7479037050030426, "log_population": 2.0413926851582249 }, "geometry": { "type": "Polygon", "coordinates": [ [ [ 11.246886236109663, 43.814769373575508 ], [ 11.24833363580262, 43.815497516261374 ], [ 11.249825588117625, 43.815022032053868 ], [ 11.249927169884906, 43.813846800442704 ], [ 11.248479774480908, 43.813118686014597 ], [ 11.246987878139651, 43.813594157086243 ], [ 11.246886236109663, 43.814769373575508 ] ] ] } },
{ "type": "Feature", "properties": { "id": 467, "snapped_id": 467.0, "centroid_lon": 11.23647, "centroid_lat": 43.79694, "radius": 202.543, "internal_id": 617532047467479039, "population": 730, "component": 0, "o_score_pt": 405.44834297233552, "o_score_car": 654.12013066529096, "CDI": 0.23469156914346001, "log_population": 2.8639173769578603 }, "geometry": { "type": "Polygon", "coordinates": [ [ [ 11.2341793803041, 43.797667794868104 ], [ 11.236312310674588, 43.798741440932659 ], [ 11.238600206372489, 43.79801218006812 ], [ 11.238756190852, 43.796209827435924 ], [ 11.236623268959441, 43.795136208314247 ], [ 11.234335457236295, 43.795865461522439 ], [ 11.2341793803041, 43.797667794868104 ] ] ] } },
{ "type": "Feature", "properties": { "id": 468, "snapped_id": 468.0, "centroid_lon": 11.23134, "centroid_lat": 43.75268, "radius": 202.596, "internal_id": 617532049789026303, "population": 188, "component": 0, "o_score_pt": 164.63204087675388, "o_score_car": 594.46392340984835, "CDI": 0.56624182284653579, "log_population": 2.2764618041732443 }, "geometry": { "type": "Polygon", "coordinates": [ [ [ 11.229602396748888, 43.753223106305221 ], [ 11.231244207881996, 43.754050263096481 ], [ 11.232962346360935, 43.753501987068887 ], [ 11.233079604163091, 43.752146764704726 ], [ 11.231437798477462, 43.751319636839796 ], [ 11.229719723912769, 43.751867900483738 ], [ 11.229602396748888, 43.753223106305221 ] ] ] } },
{ "type": "Feature", "properties": { "id": 469, "snapped_id": 469.0, "centroid_lon": 11.32337, "centroid_lat": 43.77626, "radius": 202.669, "internal_id": 617532047502344191, "population": 0, "component": 0, "o_score_pt": 118.69990889220875, "o_score_car": 495.30791154080242, "CDI": 0.61336027020470485, "log_population": 0.0 }, "geometry": { "type": "Polygon", "coordinates": [ [ [ 11.323290564470577, 43.776216356842326 ], [ 11.323450625098362, 43.776296775318109 ], [ 11.323450625696006, 43.776296768325977 ], [ 11.323290564650661, 43.776216354736746 ], [ 11.323290564470577, 43.776216356842326 ] ] ] } },
{ "type": "Feature", "properties": { "id": 470, "snapped_id": 470.0, "centroid_lon": 11.26013, "centroid_lat": 43.78233, "radius": 202.589, "internal_id": 617532047361310719, "population": 598, "component": 0, "o_score_pt": 539.21544854002673, "o_score_car": 718.37302178585003, "CDI": 0.1424612084741827, "log_population": 2.7774268223893115 }, "geometry": { "type": "Polygon", "coordinates": [ [ [ 11.257921567973415, 43.78303466682371 ], [ 11.259982505421185, 43.784071695527679 ], [ 11.262186329018895, 43.783368456139243 ], [ 11.262336104823969, 43.781631654061215 ], [ 11.260275175502105, 43.780594652920037 ], [ 11.258071432845444, 43.781297883655554 ], [ 11.257921567973415, 43.78303466682371 ] ] ] } },
{ "type": "Feature", "properties": { "id": 471, "snapped_id": 471.0, "centroid_lon": 11.2976, "centroid_lat": 43.7633, "radius": 202.657, "internal_id": 617532050000576511, "population": 326, "component": 0, "o_score_pt": 180.97489302531125, "o_score_car": 609.14589728174565, "CDI": 0.54190575606805447, "log_population": 2.514547752660286 }, "geometry": { "type": "Polygon", "coordinates": [ [ [ 11.295639691198945, 43.763920766403565 ], [ 11.297481541007286, 43.764846956065995 ], [ 11.29943054242055, 43.764224015870283 ], [ 11.29956233567777, 43.762687178669751 ], [ 11.297720492768509, 43.761761017753543 ], [ 11.295771563234766, 43.762383946882679 ], [ 11.295639691198945, 43.763920766403565 ] ] ] } },
{ "type": "Feature", "properties": { "id": 472, "snapped_id": 472.0, "centroid_lon": 11.22878, "centroid_lat": 43.73055, "radius": 202.623, "internal_id": 617532049824677887, "population": 0, "component": 0, "o_score_pt": 120.66749038123628, "o_score_car": 502.12839234535107, "CDI": 0.61249746914524694, "log_population": 0.0 }, "geometry": { "type": "Polygon", "coordinates": [ [ [ 11.228700228474972, 43.730511371471316 ], [ 11.228859193978307, 43.730591495559977 ], [ 11.228859194582833, 43.73059148857218 ], [ 11.228700228658207, 43.730511369354566 ], [ 11.228700228474972, 43.730511371471316 ] ] ] } },
{ "type": "Feature", "properties": { "id": 473, "snapped_id": 473.0, "centroid_lon": 11.26259, "centroid_lat": 43.77978, "radius": 202.595, "internal_id": 617532047362097151, "population": 588, "component": 0, "o_score_pt": 533.52695227433514, "o_score_car": 699.23239287359445, "CDI": 0.1344183203732881, "log_population": 2.7701152947871015 }, "geometry": { "type": "Polygon", "coordinates": [ [ [ 11.260388167667067, 43.780482250865496 ], [ 11.262442994053707, 43.781516183153251 ], [ 11.264639677913609, 43.780815120708901 ], [ 11.264788919031261, 43.779083836868864 ], [ 11.262734100742087, 43.778049932191422 ], [ 11.260537497563293, 43.778750985902384 ], [ 11.260388167667067, 43.780482250865496 ] ] ] } },
{ "type": "Feature", "properties": { "id": 474, "snapped_id": 474.0, "centroid_lon": 11.30451, "centroid_lat": 43.7611, "radius": 202.668, "internal_id": 617532049999790079, "population": 194, "component": 0, "o_score_pt": 184.36396730918605, "o_score_car": 590.71791607131865, "CDI": 0.52427228332292808, "log_population": 2.2900346113625178 }, "geometry": { "type": "Polygon", "coordinates": [ [ [ 11.302757584655847, 43.76163939069081 ], [ 11.304412090392928, 43.762471257111564 ], [ 11.306143792808145, 43.761917623664957 ], [ 11.306260789504755, 43.760551957214446 ], [ 11.304606289516187, 43.759720119724747 ], [ 11.302874651337076, 43.760273740749746 ], [ 11.302757584655847, 43.76163939069081 ] ] ] } },
{ "type": "Feature", "properties": { "id": 475, "snapped_id": 475.0, "centroid_lon": 11.195, "centroid_lat": 43.81015, "radius": 202.478, "internal_id": 617532053693661183, "population": 0, "component": 0, "o_score_pt": 0.32663658198538881, "o_score_car": 538.21154755618977, "CDI": 0.99878695107754278, "log_population": 0.0 }, "geometry": { "type": "Polygon", "coordinates": [ [ [ 11.194921145682189, 43.810105399326496 ], [ 11.195081848018468, 43.810186361854484 ], [ 11.195081848627957, 43.810186354853876 ], [ 11.194921145862711, 43.810105397254247 ], [ 11.194921145682189, 43.810105399326496 ] ] ] } },
{ "type": "Feature", "properties": { "id": 476, "snapped_id": 476.0, "centroid_lon": 11.24819, "centroid_lat": 43.76496, "radius": 202.599, "internal_id": 617532047396175871, "population": 993, "component": 0, "o_score_pt": 351.63378408906016, "o_score_car": 655.61874403235913, "CDI": 0.3017961746993551, "log_population": 2.9973863843973132 }, "geometry": { "type": "Polygon", "coordinates": [ [ [ 11.245888710570004, 43.765695219049327 ], [ 11.248034608868039, 43.766775642801555 ], [ 11.250337338066181, 43.766040726706535 ], [ 11.250494084533738, 43.764225394338645 ], [ 11.24834819483892, 43.763144997410777 ], [ 11.246045550071374, 43.763879906027583 ], [ 11.245888710570004, 43.765695219049327 ] ] ] } },
{ "type": "Feature", "properties": { "id": 477, "snapped_id": 477.0, "centroid_lon": 11.23505, "centroid_lat": 43.81327, "radius": 202.519, "internal_id": 617532047431041023, "population": 196, "component": 0, "o_score_pt": 111.96138270962943, "o_score_car": 540.896972397333, "CDI": 0.65701171828830773, "log_population": 2.2944662261615929 }, "geometry": { "type": "Polygon", "coordinates": [ [ [ 11.233296762694614, 43.813813226788291 ], [ 11.234955067328496, 43.814647769034622 ], [ 11.236692002675694, 43.814094406543703 ], [ 11.23681046842662, 43.812726320235029 ], [ 11.235152169344358, 43.811891806925942 ], [ 11.233415298613714, 43.812445157098203 ], [ 11.233296762694614, 43.813813226788291 ] ] ] } },
{ "type": "Feature", "properties": { "id": 478, "snapped_id": 478.0, "centroid_lon": 11.24678, "centroid_lat": 43.7813, "radius": 202.575, "internal_id": 617532047359737855, "population": 53, "component": 0, "o_score_pt": 570.86714486796234, "o_score_car": 704.64193132993012, "CDI": 0.1048795253270412, "log_population": 1.7323937598229686 }, "geometry": { "type": "Polygon", "coordinates": [ [ [ 11.245548866127159, 43.781657883116488 ], [ 11.246737745439683, 43.782256328688661 ], [ 11.247929911893237, 43.781876039538282 ], [ 11.248011130661631, 43.780935932044486 ], [ 11.246822254046956, 43.780337512592887 ], [ 11.245630133009321, 43.780717788701139 ], [ 11.245548866127159, 43.781657883116488 ] ] ] } },
{ "type": "Feature", "properties": { "id": 479, "snapped_id": 479.0, "centroid_lon": 11.32736, "centroid_lat": 43.78205, "radius": 202.666, "internal_id": 617532047503130623, "population": 19, "component": 0, "o_score_pt": 7.0001453507446918, "o_score_car": 489.14362197607903, "CDI": 0.97178178660406922, "log_population": 1.3010299956639813 }, "geometry": { "type": "Polygon", "coordinates": [ [ [ 11.326527977375983, 43.782266918645867 ], [ 11.327357379919613, 43.782683545204499 ], [ 11.328132410652577, 43.782435748900774 ], [ 11.328184624629792, 43.781824611888148 ], [ 11.327355222687128, 43.781408006048807 ], [ 11.326580222599784, 43.781655791322038 ], [ 11.326527977375983, 43.782266918645867 ] ] ] } },
{ "type": "Feature", "properties": { "id": 480, "snapped_id": 480.0, "centroid_lon": 11.24071, "centroid_lat": 43.74793, "radius": 202.613, "internal_id": 617532049789812735, "population": 46, "component": 0, "o_score_pt": 177.42947206520742, "o_score_car": 635.23285516731437, "CDI": 0.56333776989654727, "log_population": 1.6720978579357175 }, "geometry": { "type": "Polygon", "coordinates": [ [ [ 11.23953288350911, 43.748271682915451 ], [ 11.24067071468704, 43.748844841076149 ], [ 11.241803923890345, 43.748483072838845 ], [ 11.241881212517653, 43.747588557826184 ], [ 11.240743383721314, 43.747015425199436 ], [ 11.239610217852736, 43.74737718055993 ], [ 11.23953288350911, 43.748271682915451 ] ] ] } },
{ "type": "Feature", "properties": { "id": 481, "snapped_id": 481.0, "centroid_lon": 11.29116, "centroid_lat": 43.76006, "radius": 202.654, "internal_id": 617532049998217215, "population": 1816, "component": 0, "o_score_pt": 236.80248273294052, "o_score_car": 636.7447912842315, "CDI": 0.45783705180840489, "log_population": 3.2593549273080344 }, "geometry": { "type": "Polygon", "coordinates": [ [ [ 11.288857721619607, 43.760800833902962 ], [ 11.291004491158892, 43.761880588936556 ], [ 11.293307177211629, 43.761144674069165 ], [ 11.293463009416465, 43.759329011714286 ], [ 11.291316248657864, 43.758249283504 ], [ 11.289013646911767, 43.758985190826422 ], [ 11.288857721619607, 43.760800833902962 ] ] ] } },
{ "type": "Feature", "properties": { "id": 482, "snapped_id": 482.0, "centroid_lon": 11.21298, "centroid_lat": 43.73206, "radius": 202.603, "internal_id": 617532049822318591, "population": 20, "component": 0, "o_score_pt": 19.721768478974653, "o_score_car": 488.91406946346791, "CDI": 0.92245230474221362, "log_population": 1.3222192947339193 }, "geometry": { "type": "Polygon", "coordinates": [ [ [ 11.212135277995591, 43.73229056991002 ], [ 11.212980887741569, 43.732716945846576 ], [ 11.213775151656778, 43.73246346824515 ], [ 11.213829595067105, 43.731835531918684 ], [ 11.212983985873079, 43.731409177044604 ], [ 11.212189753412549, 43.731662643551026 ], [ 11.212135277995591, 43.73229056991002 ] ] ] } },
{ "type": "Feature", "properties": { "id": 483, "snapped_id": 483.0, "centroid_lon": 11.31587, "centroid_lat": 43.75923, "radius": 202.683, "internal_id": 617532047535636479, "population": 28, "component": 0, "o_score_pt": 3.8465146399701089, "o_score_car": 491.41769191054931, "CDI": 0.984466817552753, "log_population": 1.4623979978989561 }, "geometry": { "type": "Polygon", "coordinates": [ [ [ 11.31488851421866, 43.759503701324846 ], [ 11.315852153802068, 43.759988085154255 ], [ 11.316782967439593, 43.759690384052064 ], [ 11.31684578613747, 43.758955934629334 ], [ 11.315882147992442, 43.758471573862032 ], [ 11.314951370471002, 43.75876926289785 ], [ 11.31488851421866, 43.759503701324846 ] ] ] } },
{ "type": "Feature", "properties": { "id": 484, "snapped_id": 484.0, "centroid_lon": 11.2128, "centroid_lat": 43.81154, "radius": 202.496, "internal_id": 617532053692088319, "population": 0, "component": 0, "o_score_pt": 2.0241723353086543, "o_score_car": 556.92741619102901, "CDI": 0.99275725348363242, "log_population": 0.0 }, "geometry": { "type": "Polygon", "coordinates": [ [ [ 11.212720750676585, 43.811495479532418 ], [ 11.212881499708397, 43.811576426572515 ], [ 11.212881500316401, 43.81157641957217 ], [ 11.212720750856809, 43.811495477458656 ], [ 11.212720750676585, 43.811495479532418 ] ] ] } },
{ "type": "Feature", "properties": { "id": 485, "snapped_id": 485.0, "centroid_lon": 11.22794, "centroid_lat": 43.76613, "radius": 202.574, "internal_id": 617532049857183743, "population": 0, "component": 0, "o_score_pt": 75.590921777112712, "o_score_car": 605.67966853415953, "CDI": 0.77808840465995965, "log_population": 0.0 }, "geometry": { "type": "Polygon", "coordinates": [ [ [ 11.227858434051347, 43.766086495397182 ], [ 11.228018187325908, 43.766166970603699 ], [ 11.228018187931431, 43.766166963610573 ], [ 11.227858434233179, 43.766086493298495 ], [ 11.227858434051347, 43.766086495397182 ] ] ] } },
{ "type": "Feature", "properties": { "id": 486, "snapped_id": 486.0, "centroid_lon": 11.18601, "centroid_lat": 43.78478, "radius": 202.501, "internal_id": 617532053726953471, "population": 30, "component": 0, "o_score_pt": 8.3647805204168169, "o_score_car": 575.17236381728412, "CDI": 0.97133076925236483, "log_population": 1.4913616938342726 }, "geometry": { "type": "Polygon", "coordinates": [ [ [ 11.18500730430563, 43.785063192289044 ], [ 11.185994793286156, 43.785561014907152 ], [ 11.186953397938794, 43.785255794272885 ], [ 11.187019294159542, 43.784499421259625 ], [ 11.186031806525056, 43.784001622107873 ], [ 11.185073239172214, 43.784306830626427 ], [ 11.18500730430563, 43.785063192289044 ] ] ] } },
{ "type": "Feature", "properties": { "id": 487, "snapped_id": 658.0, "centroid_lon": 11.30392, "centroid_lat": 43.74186, "radius": 202.693, "internal_id": 617532049930846207, "population": 8, "component": 0, "o_score_pt": 99.096522597521087, "o_score_car": 508.01761290815381, "CDI": 0.6735489529823514, "log_population": 0.95424250943932487 }, "geometry": { "type": "Polygon", "coordinates": [ [ [ 11.303414423422659, 43.741965485014489 ], [ 11.303953483539068, 43.742236612587057 ], [ 11.304392316002938, 43.742096238429312 ], [ 11.304422035440767, 43.741749216317473 ], [ 11.3038829740909, 43.741478103098352 ], [ 11.303444160493164, 43.741618469576025 ], [ 11.303414423422659, 43.741965485014489 ] ] ] } },
{ "type": "Feature", "properties": { "id": 488, "snapped_id": 488.0, "centroid_lon": 11.21469, "centroid_lat": 43.78976, "radius": 202.527, "internal_id": 617532047468265471, "population": 365, "component": 0, "o_score_pt": 334.66988456883666, "o_score_car": 652.06855660386441, "CDI": 0.32166444398153932, "log_population": 2.5634810853944106 }, "geometry": { "type": "Polygon", "coordinates": [ [ [ 11.212684601704737, 43.790392763491454 ], [ 11.214566335024857, 43.791340612954116 ], [ 11.216563119376485, 43.790704408014918 ], [ 11.216699673770925, 43.789131021816615 ], [ 11.214817947307525, 43.78818320096093 ], [ 11.212821236740229, 43.788819395324815 ], [ 11.212684601704737, 43.790392763491454 ] ] ] } },
{ "type": "Feature", "properties": { "id": 489, "snapped_id": 489.0, "centroid_lon": 11.24045, "centroid_lat": 43.80273, "radius": 202.539, "internal_id": 617532047429468159, "population": 1307, "component": 0, "o_score_pt": 384.49624030688449, "o_score_car": 649.71045929433001, "CDI": 0.25644217842498102, "log_population": 3.1166077439882485 }, "geometry": { "type": "Polygon", "coordinates": [ [ [ 11.238143076826393, 43.803463183844705 ], [ 11.240289769375874, 43.80454354191393 ], [ 11.242593527241201, 43.803809264085338 ], [ 11.242750508027246, 43.801994635661799 ], [ 11.24060382405662, 43.800914304405147 ], [ 11.238300150719107, 43.801648574760613 ], [ 11.238143076826393, 43.803463183844705 ] ] ] } },
{ "type": "Feature", "properties": { "id": 490, "snapped_id": 490.0, "centroid_lon": 11.22757, "centroid_lat": 43.79625, "radius": 202.533, "internal_id": 617532047464333311, "population": 494, "component": 0, "o_score_pt": 393.34663502472819, "o_score_car": 665.95300479860293, "CDI": 0.2573458533596214, "log_population": 2.6946051989335689 }, "geometry": { "type": "Polygon", "coordinates": [ [ [ 11.225437854030256, 43.796919830544404 ], [ 11.227429354653179, 43.797922528587087 ], [ 11.229553287548301, 43.797245689227019 ], [ 11.229698275654165, 43.795572415235746 ], [ 11.227706782606109, 43.794569745239826 ], [ 11.225582927942028, 43.795246575157826 ], [ 11.225437854030256, 43.796919830544404 ] ] ] } },
{ "type": "Feature", "properties": { "id": 491, "snapped_id": 491.0, "centroid_lon": 11.32935, "centroid_lat": 43.78494, "radius": 202.664, "internal_id": 617532047499198463, "population": 0, "component": 0, "o_score_pt": 5.1183351308343124, "o_score_car": 485.53000010091978, "CDI": 0.97913644146609924, "log_population": 0.0 }, "geometry": { "type": "Polygon", "coordinates": [ [ [ 11.329269271196249, 43.784900007803884 ], [ 11.329429529514274, 43.784980501519065 ], [ 11.329429530111629, 43.784980494525826 ], [ 11.329269271375905, 43.784900005701928 ], [ 11.329269271196249, 43.784900007803884 ] ] ] } },
{ "type": "Feature", "properties": { "id": 492, "snapped_id": 492.0, "centroid_lon": 11.2661, "centroid_lat": 43.79102, "radius": 202.584, "internal_id": 617532047358164991, "population": 309, "component": 0, "o_score_pt": 392.16136714322096, "o_score_car": 662.2743122774657, "CDI": 0.25616825227561191, "log_population": 2.4913616938342726 }, "geometry": { "type": "Polygon", "coordinates": [ [ [ 11.264159380805143, 43.791626773457494 ], [ 11.265981964641522, 43.792543594985517 ], [ 11.267909107872191, 43.791928691252586 ], [ 11.268039983902465, 43.790410087219691 ], [ 11.26621740673583, 43.789493294490491 ], [ 11.264290334717789, 43.790108187028707 ], [ 11.264159380805143, 43.791626773457494 ] ] ] } },
{ "type": "Feature", "properties": { "id": 493, "snapped_id": 493.0, "centroid_lon": 11.29654, "centroid_lat": 43.74951, "radius": 202.674, "internal_id": 617532049996644351, "population": 102, "component": 0, "o_score_pt": 130.49779857619669, "o_score_car": 568.69239572488527, "CDI": 0.62671730913891399, "log_population": 2.012837224705172 }, "geometry": { "type": "Polygon", "coordinates": [ [ [ 11.295051981169161, 43.749967365592383 ], [ 11.296474726916303, 43.750682992546558 ], [ 11.297937920644063, 43.750215152047659 ], [ 11.298036901513322, 43.749060763368014 ], [ 11.296614160043623, 43.748345164528516 ], [ 11.295151021137862, 43.748812991806851 ], [ 11.295051981169161, 43.749967365592383 ] ] ] } },
{ "type": "Feature", "properties": { "id": 494, "snapped_id": 494.0, "centroid_lon": 11.21725, "centroid_lat": 43.81188, "radius": 202.501, "internal_id": 617532053690515455, "population": 0, "component": 0, "o_score_pt": 68.313878641846955, "o_score_car": 565.71785033261676, "CDI": 0.78450958991486575, "log_population": 0.0 }, "geometry": { "type": "Polygon", "coordinates": [ [ [ 11.217170982127458, 43.81184258360517 ], [ 11.217331742802632, 43.811923526756686 ], [ 11.217331743410265, 43.811923519756398 ], [ 11.217170982307607, 43.81184258153101 ], [ 11.217170982127458, 43.81184258360517 ] ] ] } },
{ "type": "Feature", "properties": { "id": 495, "snapped_id": 495.0, "centroid_lon": 11.25087, "centroid_lat": 43.81176, "radius": 202.539, "internal_id": 617532047433400319, "population": 76, "component": 0, "o_score_pt": 311.86084923023429, "o_score_car": 620.19288200502524, "CDI": 0.33080928968135298, "log_population": 1.8864907251724818 }, "geometry": { "type": "Polygon", "coordinates": [ [ [ 11.249491878211362, 43.812170171515199 ], [ 11.250810011439345, 43.812833271304463 ], [ 11.252151934622349, 43.812405538745615 ], [ 11.252243278920814, 43.81134833139663 ], [ 11.250925149189435, 43.81068525897409 ], [ 11.24958327669861, 43.811112978291767 ], [ 11.249491878211362, 43.812170171515199 ] ] ] } },
{ "type": "Feature", "properties": { "id": 496, "snapped_id": 496.0, "centroid_lon": 11.21459, "centroid_lat": 43.76509, "radius": 202.56, "internal_id": 617532049855610879, "population": 487, "component": 0, "o_score_pt": 368.2975930448448, "o_score_car": 653.74054431692844, "CDI": 0.27928796474161788, "log_population": 2.6884198220027105 }, "geometry": { "type": "Polygon", "coordinates": [ [ [ 11.212470914690146, 43.765758929534925 ], [ 11.214456205267725, 43.766759354847217 ], [ 11.21657330715971, 43.766084335740757 ], [ 11.216718085424301, 43.764415325485452 ], [ 11.214732802335885, 43.763414928260467 ], [ 11.212615778437293, 43.764089937891612 ], [ 11.212470914690146, 43.765758929534925 ] ] ] } },
{ "type": "Feature", "properties": { "id": 497, "snapped_id": 497.0, "centroid_lon": 11.20532, "centroid_lat": 43.79451, "radius": 202.51, "internal_id": 617532053725380607, "population": 478, "component": 0, "o_score_pt": 281.79955559740631, "o_score_car": 629.17391923991386, "CDI": 0.38132214958788008, "log_population": 2.6803355134145632 }, "geometry": { "type": "Polygon", "coordinates": [ [ [ 11.203204277177067, 43.795180122959316 ], [ 11.205183369241153, 43.796177173695177 ], [ 11.207293384038977, 43.795505166547763 ], [ 11.207437856952556, 43.793842846251053 ], [ 11.20545877230507, 43.792845823637194 ], [ 11.2033488353038, 43.793517821240805 ], [ 11.203204277177067, 43.795180122959316 ] ] ] } },
{ "type": "Feature", "properties": { "id": 498, "snapped_id": 498.0, "centroid_lon": 11.23929, "centroid_lat": 43.76427, "radius": 202.59, "internal_id": 617532047393030143, "population": 782, "component": 0, "o_score_pt": 244.79005546887211, "o_score_car": 672.34501849702269, "CDI": 0.46618538006545568, "log_population": 2.8937617620579434 }, "geometry": { "type": "Polygon", "coordinates": [ [ [ 11.236991850179674, 43.765003704809835 ], [ 11.239137523894557, 43.766084275510899 ], [ 11.241440214591897, 43.765349545078607 ], [ 11.241597147119629, 43.763534251410462 ], [ 11.239451481970903, 43.762453707534497 ], [ 11.237148875726319, 43.763188430502758 ], [ 11.236991850179674, 43.765003704809835 ] ] ] } },
{ "type": "Feature", "properties": { "id": 499, "snapped_id": 499.0, "centroid_lon": 11.2271, "centroid_lat": 43.80169, "radius": 202.526, "internal_id": 617532047427895295, "population": 240, "component": 0, "o_score_pt": 300.02491121107994, "o_score_car": 602.24241566290834, "CDI": 0.33495339513057248, "log_population": 2.3820170425748683 }, "geometry": { "type": "Polygon", "coordinates": [ [ [ 11.225257827479423, 43.802261885316923 ], [ 11.226988750442075, 43.803133319272668 ], [ 11.228810168130339, 43.802552980827777 ], [ 11.228934528588733, 43.801118027315255 ], [ 11.227203611600366, 43.80024662230899 ], [ 11.225382261508489, 43.800826948907755 ], [ 11.225257827479423, 43.802261885316923 ] ] ] } },
{ "type": "Feature", "properties": { "id": 500, "snapped_id": 500.0, "centroid_lon": 11.2962, "centroid_lat": 43.77964, "radius": 202.634, "internal_id": 617532047603793919, "population": 1444, "component": 0, "o_score_pt": 95.684527592931005, "o_score_car": 625.89946260927843, "CDI": 0.7347930971525094, "log_population": 3.1598678470925665 }, "geometry": { "type": "Polygon", "coordinates": [ [ [ 11.293895801356996, 43.780379120899774 ], [ 11.296043192757685, 43.781458695640914 ], [ 11.298346431169433, 43.780722913662387 ], [ 11.298502193845632, 43.778907564500507 ], [ 11.296354811250708, 43.777828016576073 ], [ 11.294051657171872, 43.778563790998007 ], [ 11.293895801356996, 43.780379120899774 ] ] ] } },
{ "type": "Feature", "properties": { "id": 501, "snapped_id": 501.0, "centroid_lon": 11.245, "centroid_lat": 43.82774, "radius": 202.511, "internal_id": 617532047955591167, "population": 7, "component": 0, "o_score_pt": 2.9581864949678747, "o_score_car": 489.92869527220512, "CDI": 0.98799648923760441, "log_population": 0.90308998699194354 }, "geometry": { "type": "Polygon", "coordinates": [ [ [ 11.24454677394626, 43.827833282618492 ], [ 11.245044700771754, 43.828083742680811 ], [ 11.245434552571401, 43.827959556286281 ], [ 11.24546115938521, 43.827651966848293 ], [ 11.24496323096923, 43.827401520078425 ], [ 11.244573396398287, 43.827525699415126 ], [ 11.24454677394626, 43.827833282618492 ] ] ] } },
{ "type": "Feature", "properties": { "id": 502, "snapped_id": 502.0, "centroid_lon": 11.23144, "centroid_lat": 43.77736, "radius": 202.563, "internal_id": 617532047462760447, "population": 6, "component": 0, "o_score_pt": 506.82817498441892, "o_score_car": 664.41533079401302, "CDI": 0.13454687691511119, "log_population": 0.84509804001425681 }, "geometry": { "type": "Polygon", "coordinates": [ [ [ 11.231041291071653, 43.777435603292545 ], [ 11.231489962048444, 43.777661556434104 ], [ 11.2318230907964, 43.777555325577787 ], [ 11.231845926767953, 43.777291532590716 ], [ 11.231397253916004, 43.777065591449372 ], [ 11.231064140402719, 43.77717181599283 ], [ 11.231041291071653, 43.777435603292545 ] ] ] } },
{ "type": "Feature", "properties": { "id": 503, "snapped_id": 503.0, "centroid_lon": 11.23589, "centroid_lat": 43.77771, "radius": 202.568, "internal_id": 617532047398535167, "population": 131, "component": 0, "o_score_pt": 494.60636551456378, "o_score_car": 669.59402272648924, "CDI": 0.15030716273536701, "log_population": 2.12057393120585 }, "geometry": { "type": "Polygon", "coordinates": [ [ [ 11.234298880063541, 43.77819693275395 ], [ 11.235811333549648, 43.778958512171315 ], [ 11.237379146097107, 43.778458502401534 ], [ 11.237486083564317, 43.777222455311232 ], [ 11.235973634741304, 43.776460904470021 ], [ 11.234405880833297, 43.776960901293421 ], [ 11.234298880063541, 43.77819693275395 ] ] ] } },
{ "type": "Feature", "properties": { "id": 504, "snapped_id": 504.0, "centroid_lon": 11.21507, "centroid_lat": 43.75964, "radius": 202.568, "internal_id": 617532049861115903, "population": 25, "component": 0, "o_score_pt": 112.66387657803378, "o_score_car": 610.08677994362984, "CDI": 0.68823583745950767, "log_population": 1.414973347970818 }, "geometry": { "type": "Polygon", "coordinates": [ [ [ 11.214132740647402, 43.759899122567596 ], [ 11.215056227175875, 43.760364526688328 ], [ 11.215940654891103, 43.760082482965565 ], [ 11.216001224755429, 43.759384102678723 ], [ 11.21507773924462, 43.758918720989378 ], [ 11.21419334616408, 43.759200753000378 ], [ 11.214132740647402, 43.759899122567596 ] ] ] } },
{ "type": "Feature", "properties": { "id": 505, "snapped_id": 505.0, "centroid_lon": 11.3338, "centroid_lat": 43.78528, "radius": 202.669, "internal_id": 617532047497625599, "population": 0, "component": 0, "o_score_pt": 1.4364523819941453, "o_score_car": 459.93392854449786, "CDI": 0.99377310533411523, "log_population": 0.0 }, "geometry": { "type": "Polygon", "coordinates": [ [ [ 11.333721035102391, 43.785242488991592 ], [ 11.333881304757568, 43.785322978706766 ], [ 11.333881305354556, 43.785322971713576 ], [ 11.333721035281973, 43.785242486889246 ], [ 11.333721035102391, 43.785242488991592 ] ] ] } },
{ "type": "Feature", "properties": { "id": 506, "snapped_id": 506.0, "centroid_lon": 11.25275, "centroid_lat": 43.78998, "radius": 202.57, "internal_id": 617532047356592127, "population": 2572, "component": 0, "o_score_pt": 489.83058008288788, "o_score_car": 711.74241439956882, "CDI": 0.18468443892771, "log_population": 3.4104397862103464 }, "geometry": { "type": "Polygon", "coordinates": [ [ [ 11.250445594142233, 43.790717346464106 ], [ 11.252592243700434, 43.79179757046365 ], [ 11.25489567530775, 43.791062865578397 ], [ 11.255052372885586, 43.789247944184858 ], [ 11.252905731954744, 43.788167747001275 ], [ 11.250602384816732, 43.788902444396435 ], [ 11.250445594142233, 43.790717346464106 ] ] ] } },
{ "type": "Feature", "properties": { "id": 507, "snapped_id": 507.0, "centroid_lon": 11.32184, "centroid_lat": 43.76791, "radius": 202.678, "internal_id": 617532047532490751, "population": 195, "component": 0, "o_score_pt": 186.73421535283359, "o_score_car": 549.30161542074086, "CDI": 0.49259476904385019, "log_population": 2.2922560713564759 }, "geometry": { "type": "Polygon", "coordinates": [ [ [ 11.320089862944782, 43.768459540301841 ], [ 11.321746662149449, 43.769292093164502 ], [ 11.323480723241, 43.768737538571706 ], [ 11.323597596928794, 43.767370224676156 ], [ 11.321940803539302, 43.766537700743982 ], [ 11.320206806733777, 43.767092242900723 ], [ 11.320089862944782, 43.768459540301841 ] ] ] } },
{ "type": "Feature", "properties": { "id": 508, "snapped_id": 508.0, "centroid_lon": 11.25709, "centroid_lat": 43.76565, "radius": 202.608, "internal_id": 617532047391457279, "population": 408, "component": 0, "o_score_pt": 189.51326471632839, "o_score_car": 650.15074882879696, "CDI": 0.5485973873854878, "log_population": 2.6117233080073419 }, "geometry": { "type": "Polygon", "coordinates": [ [ [ 11.255036765708779, 43.766298641937261 ], [ 11.256958977495099, 43.767266212715064 ], [ 11.259001972063182, 43.76661403534299 ], [ 11.259140883791089, 43.765003306023154 ], [ 11.25721867926147, 43.764035763678983 ], [ 11.255175759975014, 43.7646879308179 ], [ 11.255036765708779, 43.766298641937261 ] ] ] } },
{ "type": "Feature", "properties": { "id": 509, "snapped_id": 509.0, "centroid_lon": 11.23155, "centroid_lat": 43.80204, "radius": 202.53, "internal_id": 617532047426322431, "population": 200, "component": 0, "o_score_pt": 340.50828292938178, "o_score_car": 670.63285722295768, "CDI": 0.32648713536058771, "log_population": 2.3031960574204891 }, "geometry": { "type": "Polygon", "coordinates": [ [ [ 11.229781516875152, 43.802582798505021 ], [ 11.231446782468023, 43.803421076847926 ], [ 11.233191906153076, 43.802864980998805 ], [ 11.233310989498113, 43.801490089685352 ], [ 11.231645729490399, 43.800651840287266 ], [ 11.229900670708426, 43.801207923866436 ], [ 11.229781516875152, 43.802582798505021 ] ] ] } },
{ "type": "Feature", "properties": { "id": 510, "snapped_id": 510.0, "centroid_lon": 11.21961, "centroid_lat": 43.78466, "radius": 202.54, "internal_id": 617532047461187583, "population": 156, "component": 0, "o_score_pt": 60.230502877309611, "o_score_car": 647.19864598724257, "CDI": 0.82972004200284477, "log_population": 2.1958996524092336 }, "geometry": { "type": "Polygon", "coordinates": [ [ [ 11.217949501134511, 43.785175897651406 ], [ 11.219524693958311, 43.785969308847996 ], [ 11.221165514434148, 43.785446366073501 ], [ 11.221277674547045, 43.784153037731635 ], [ 11.219702486723106, 43.783359655326151 ], [ 11.218061727493582, 43.783882585403276 ], [ 11.217949501134511, 43.785175897651406 ] ] ] } },
{ "type": "Feature", "properties": { "id": 511, "snapped_id": 511.0, "centroid_lon": 11.28308, "centroid_lat": 43.82796, "radius": 202.554, "internal_id": 617532047187771391, "population": 7, "component": 0, "o_score_pt": 113.52415765868754, "o_score_car": 506.23588206891714, "CDI": 0.63365125086611462, "log_population": 0.90308998699194354 }, "geometry": { "type": "Polygon", "coordinates": [ [ [ 11.282626568818948, 43.828047530626073 ], [ 11.283124478164391, 43.828297735292054 ], [ 11.283514558788221, 43.828173340385455 ], [ 11.283541015082189, 43.827865883317131 ], [ 11.283043104178478, 43.827615691935307 ], [ 11.282653040753416, 43.827740079770656 ], [ 11.282626568818948, 43.828047530626073 ] ] ] } },
{ "type": "Feature", "properties": { "id": 512, "snapped_id": 512.0, "centroid_lon": 11.27828, "centroid_lat": 43.75359, "radius": 202.648, "internal_id": 617532050002149375, "population": 19, "component": 0, "o_score_pt": 166.784351170799, "o_score_car": 602.94641771420788, "CDI": 0.56664236922113842, "log_population": 1.3010299956639813 }, "geometry": { "type": "Polygon", "coordinates": [ [ [ 11.277453385113832, 43.753806750371247 ], [ 11.278282027896259, 43.75422371987802 ], [ 11.279056419011459, 43.753976273866918 ], [ 11.279108986216102, 43.753364795294551 ], [ 11.278280343969699, 43.75294784651161 ], [ 11.277505983531848, 43.753195281531916 ], [ 11.277453385113832, 43.753806750371247 ] ] ] } },
{ "type": "Feature", "properties": { "id": 513, "snapped_id": 513.0, "centroid_lon": 11.25872, "centroid_lat": 43.79867, "radius": 202.566, "internal_id": 617532047363670015, "population": 69, "component": 0, "o_score_pt": 199.79386595343851, "o_score_car": 678.04029432934033, "CDI": 0.54480270877342385, "log_population": 1.8450980400142569 }, "geometry": { "type": "Polygon", "coordinates": [ [ [ 11.257382631486902, 43.799065304538992 ], [ 11.258666030247801, 43.799710941683088 ], [ 11.259967665042691, 43.799295799637676 ], [ 11.260056176985506, 43.798269975136442 ], [ 11.258772781528531, 43.797624365058212 ], [ 11.257471195986668, 43.798039493878768 ], [ 11.257382631486902, 43.799065304538992 ] ] ] } },
{ "type": "Feature", "properties": { "id": 514, "snapped_id": 514.0, "centroid_lon": 11.20863, "centroid_lat": 43.7564, "radius": 202.565, "internal_id": 617532049782734847, "population": 8, "component": 0, "o_score_pt": 54.039142024684814, "o_score_car": 579.8052960038151, "CDI": 0.82948768252106997, "log_population": 0.95424250943932487 }, "geometry": { "type": "Polygon", "coordinates": [ [ [ 11.208128436398015, 43.756506107756657 ], [ 11.208667750502961, 43.756777963585158 ], [ 11.209106177719963, 43.756638161416646 ], [ 11.209136316081249, 43.756290942559339 ], [ 11.208597000647693, 43.756019101107675 ], [ 11.208158592385667, 43.756158895631771 ], [ 11.208128436398015, 43.756506107756657 ] ] ] } },
{ "type": "Feature", "properties": { "id": 515, "snapped_id": 515.0, "centroid_lon": 11.2572, "centroid_lat": 43.79033, "radius": 202.575, "internal_id": 617532047355019263, "population": 582, "component": 0, "o_score_pt": 429.19527144396739, "o_score_car": 642.21869666338637, "CDI": 0.19882457347062921, "log_population": 2.7656685547590141 }, "geometry": { "type": "Polygon", "coordinates": [ [ [ 11.255002590224358, 43.79102559237139 ], [ 11.257053855872591, 43.792057694623821 ], [ 11.259246503785633, 43.791358242032707 ], [ 11.259395579521502, 43.789630554154691 ], [ 11.257344321928166, 43.788598479538202 ], [ 11.255151754579252, 43.789297923355591 ], [ 11.255002590224358, 43.79102559237139 ] ] ] } },
{ "type": "Feature", "properties": { "id": 516, "snapped_id": 516.0, "centroid_lon": 11.2093, "centroid_lat": 43.8003, "radius": 202.507, "internal_id": 617532053687369727, "population": 22, "component": 0, "o_score_pt": 400.44809295183347, "o_score_car": 552.22865305323717, "CDI": 0.159320105941366, "log_population": 1.3617278360175928 }, "geometry": { "type": "Polygon", "coordinates": [ [ [ 11.208411999567041, 43.800542184343016 ], [ 11.209291866785236, 43.80098537139709 ], [ 11.210125304336415, 43.80071994506514 ], [ 11.210182416223763, 43.800062534046987 ], [ 11.209302549730641, 43.799619368663649 ], [ 11.208469145047047, 43.799884783617642 ], [ 11.208411999567041, 43.800542184343016 ] ] ] } },
{ "type": "Feature", "properties": { "id": 517, "snapped_id": 517.0, "centroid_lon": 11.28765, "centroid_lat": 43.74883, "radius": 202.665, "internal_id": 617532049993498623, "population": 0, "component": 0, "o_score_pt": 2.0148223558055069, "o_score_car": 493.15123099196552, "CDI": 0.99186203358576996, "log_population": 0.0 }, "geometry": { "type": "Polygon", "coordinates": [ [ [ 11.287567042013897, 43.748786552630371 ], [ 11.287726464074041, 43.748866760723146 ], [ 11.287726464674025, 43.748866753734198 ], [ 11.287567042195565, 43.74878655051549 ], [ 11.287567042013897, 43.748786552630371 ] ] ] } },
{ "type": "Feature", "properties": { "id": 518, "snapped_id": 518.0, "centroid_lon": 11.24526, "centroid_lat": 43.77296, "radius": 202.585, "internal_id": 617532047389884415, "population": 1393, "component": 0, "o_score_pt": 574.87512315989375, "o_score_car": 707.29380390404344, "CDI": 0.1032770939531171, "log_population": 3.1442627737619908 }, "geometry": { "type": "Polygon", "coordinates": [ [ [ 11.242958375834883, 43.77369086479554 ], [ 11.245104412201476, 43.774771295524054 ], [ 11.247407356260711, 43.774036542677536 ], [ 11.247564179496804, 43.772221366578748 ], [ 11.245418151722948, 43.77114096267217 ], [ 11.24311529211827, 43.771875708043616 ], [ 11.242958375834883, 43.77369086479554 ] ] ] } },
{ "type": "Feature", "properties": { "id": 519, "snapped_id": 519.0, "centroid_lon": 11.23626, "centroid_lat": 43.74758, "radius": 202.608, "internal_id": 617532049791385599, "population": 370, "component": 0, "o_score_pt": 228.54231863479447, "o_score_car": 606.71038543304041, "CDI": 0.45275886561815082, "log_population": 2.5693739096150461 }, "geometry": { "type": "Polygon", "coordinates": [ [ [ 11.234247618059582, 43.748218050662537 ], [ 11.236133651345746, 43.749168206303587 ], [ 11.238135150992481, 43.748529324073409 ], [ 11.238271632147789, 43.746950686674147 ], [ 11.236385605822523, 43.746000559626957 ], [ 11.234384180033828, 43.74663943130615 ], [ 11.234247618059582, 43.748218050662537 ] ] ] } },
{ "type": "Feature", "properties": { "id": 520, "snapped_id": 520.0, "centroid_lon": 11.19642, "centroid_lat": 43.79382, "radius": 202.501, "internal_id": 617532053722234879, "population": 179, "component": 0, "o_score_pt": 13.248393871743524, "o_score_car": 614.04307535235887, "CDI": 0.9577600062435716, "log_population": 2.255272505103306 }, "geometry": { "type": "Polygon", "coordinates": [ [ [ 11.194703480487949, 43.794346743722357 ], [ 11.196328029605407, 43.795165378791538 ], [ 11.198026451571234, 43.794624583096876 ], [ 11.198142910805954, 43.793286198263665 ], [ 11.196518366918905, 43.792467592095242 ], [ 11.194820008283436, 43.793008375351491 ], [ 11.194703480487949, 43.794346743722357 ] ] ] } },
{ "type": "Feature", "properties": { "id": 521, "snapped_id": 521.0, "centroid_lon": 11.24935, "centroid_lat": 43.80342, "radius": 202.549, "internal_id": 617532047424749567, "population": 50, "component": 0, "o_score_pt": 402.03665049386888, "o_score_car": 529.94330739300472, "CDI": 0.13724185355782231, "log_population": 1.7075701760979363 }, "geometry": { "type": "Polygon", "coordinates": [ [ [ 11.248139491810067, 43.803773463756905 ], [ 11.249308153858097, 43.80436147651551 ], [ 11.250476683266891, 43.803988938245595 ], [ 11.250556255525334, 43.803068004992383 ], [ 11.249387596048875, 43.802480018121692 ], [ 11.248219111233709, 43.802852543399695 ], [ 11.248139491810067, 43.803773463756905 ] ] ] } },
{ "type": "Feature", "properties": { "id": 522, "snapped_id": 522.0, "centroid_lon": 11.31845, "centroid_lat": 43.78136, "radius": 202.657, "internal_id": 617532047600648191, "population": 159, "component": 0, "o_score_pt": 11.18790927777051, "o_score_car": 549.37935460899303, "CDI": 0.96008361529998121, "log_population": 2.204119982655925 }, "geometry": { "type": "Polygon", "coordinates": [ [ [ 11.316781703318922, 43.781875892766408 ], [ 11.318365166226428, 43.78267148505109 ], [ 11.320014213783892, 43.782144373339655 ], [ 11.320125409260609, 43.780844479561729 ], [ 11.318541951693845, 43.780048916075593 ], [ 11.316892965458246, 43.780576014991176 ], [ 11.316781703318922, 43.781875892766408 ] ] ] } },
{ "type": "Feature", "properties": { "id": 523, "snapped_id": 523.0, "centroid_lon": 11.32583, "centroid_lat": 43.7737, "radius": 202.675, "internal_id": 617532047494479871, "population": 0, "component": 0, "o_score_pt": 116.3548707471934, "o_score_car": 507.74818479368878, "CDI": 0.62712930271955214, "log_population": 0.0 }, "geometry": { "type": "Polygon", "coordinates": [ [ [ 11.325748920606895, 43.773664333364884 ], [ 11.32590892671246, 43.773744722783398 ], [ 11.325908927309829, 43.773744715791743 ], [ 11.325748920787042, 43.773664331257734 ], [ 11.325748920606895, 43.773664333364884 ] ] ] } },
{ "type": "Feature", "properties": { "id": 524, "snapped_id": 524.0, "centroid_lon": 11.19595, "centroid_lat": 43.79926, "radius": 202.493, "internal_id": 617532053685796863, "population": 680, "component": 0, "o_score_pt": 242.11733048546503, "o_score_car": 597.28841993527863, "CDI": 0.42312205899445843, "log_population": 2.8331471119127851 }, "geometry": { "type": "Polygon", "coordinates": [ [ [ 11.193689709464751, 43.799977956905686 ], [ 11.19579611332205, 43.801039316981409 ], [ 11.198054188518249, 43.800320449063413 ], [ 11.198208984544339, 43.798541811888654 ], [ 11.19610258884234, 43.797480478990032 ], [ 11.193844596683375, 43.798199338961517 ], [ 11.193689709464751, 43.799977956905686 ] ] ] } },
{ "type": "Feature", "properties": { "id": 525, "snapped_id": 525.0, "centroid_lon": 11.30544, "centroid_lat": 43.7502, "radius": 202.684, "internal_id": 617532049991925759, "population": 578, "component": 0, "o_score_pt": 125.83598234610058, "o_score_car": 550.22162589093773, "CDI": 0.6277359183213862, "log_population": 2.762678563727436 }, "geometry": { "type": "Polygon", "coordinates": [ [ [ 11.303249936342633, 43.750898849540711 ], [ 11.305298742739639, 43.751929123917819 ], [ 11.307487541779475, 43.751229119043323 ], [ 11.307635382884779, 43.749502786342141 ], [ 11.305586584711355, 43.748472539627301 ], [ 11.303397865933205, 43.749172535630485 ], [ 11.303249936342633, 43.750898849540711 ] ] ] } },
{ "type": "Feature", "properties": { "id": 526, "snapped_id": 526.0, "centroid_lon": 11.20031, "centroid_lat": 43.77494, "radius": 202.531, "internal_id": 617532053720662015, "population": 912, "component": 0, "o_score_pt": 297.53837082888629, "o_score_car": 611.2203580646858, "CDI": 0.34517631276864008, "log_population": 2.9604707775342991 }, "geometry": { "type": "Polygon", "coordinates": [ [ [ 11.198002236486778, 43.775669633009777 ], [ 11.20014727809753, 43.776750778408619 ], [ 11.202450177947219, 43.776017031849186 ], [ 11.202607951606593, 43.774202147296606 ], [ 11.200462918402248, 43.773121028721576 ], [ 11.198160103130128, 43.773854767876458 ], [ 11.198002236486778, 43.775669633009777 ] ] ] } },
{ "type": "Feature", "properties": { "id": 527, "snapped_id": 527.0, "centroid_lon": 11.21024, "centroid_lat": 43.78941, "radius": 202.523, "internal_id": 617532047469838335, "population": 32, "component": 0, "o_score_pt": 322.07569313195444, "o_score_car": 496.50585911116201, "CDI": 0.21308831783617119, "log_population": 1.5185139398778875 }, "geometry": { "type": "Polygon", "coordinates": [ [ [ 11.209211689519227, 43.78970578240974 ], [ 11.210222069871888, 43.790214787983516 ], [ 11.211207150497421, 43.789900960588405 ], [ 11.211274627019744, 43.789123959447132 ], [ 11.210264248194296, 43.788614977680055 ], [ 11.209279205765876, 43.788928792804583 ], [ 11.209211689519227, 43.78970578240974 ] ] ] } },
{ "type": "Feature", "properties": { "id": 528, "snapped_id": 528.0, "centroid_lon": 11.31799, "centroid_lat": 43.78681, "radius": 202.649, "internal_id": 617532047564210175, "population": 38, "component": 0, "o_score_pt": 5.3061007851118758, "o_score_car": 528.02250272135018, "CDI": 0.98010194559141961, "log_population": 1.5910646070264991 }, "geometry": { "type": "Polygon", "coordinates": [ [ [ 11.316888183827464, 43.787122011788654 ], [ 11.317959833045423, 43.787660409730584 ], [ 11.319015609821385, 43.78732299027034 ], [ 11.319086818712739, 43.786490697865723 ], [ 11.318015171606804, 43.78595232457711 ], [ 11.31695943534168, 43.786289731355808 ], [ 11.316888183827464, 43.787122011788654 ] ] ] } },
{ "type": "Feature", "properties": { "id": 529, "snapped_id": 529.0, "centroid_lon": 11.1741, "centroid_lat": 43.7674, "radius": 202.511, "internal_id": 617532049850892287, "population": 609, "component": 0, "o_score_pt": 3.2200732048363823, "o_score_car": 559.00164418042107, "CDI": 0.98854518384735457, "log_population": 2.7853298350107671 }, "geometry": { "type": "Polygon", "coordinates": [ [ [ 11.171881144159768, 43.768106599268478 ], [ 11.173946392446299, 43.769148361622129 ], [ 11.176157260027347, 43.768444315531191 ], [ 11.176309269635418, 43.766701689464917 ], [ 11.174244029169357, 43.765659954631964 ], [ 11.172033242988785, 43.766363992290174 ], [ 11.171881144159768, 43.768106599268478 ] ] ] } },
{ "type": "Feature", "properties": { "id": 530, "snapped_id": 530.0, "centroid_lon": 11.23751, "centroid_lat": 43.81072, "radius": 202.525, "internal_id": 617532047423176703, "population": 248, "component": 0, "o_score_pt": 311.08006935532279, "o_score_car": 609.58000801688854, "CDI": 0.32422383244156461, "log_population": 2.3961993470957363 }, "geometry": { "type": "Polygon", "coordinates": [ [ [ 11.235662872688188, 43.811297899139603 ], [ 11.237406021128971, 43.812175119982989 ], [ 11.239241414085321, 43.811590306283613 ], [ 11.239366548199923, 43.810144643254439 ], [ 11.237623405841237, 43.809267451349271 ], [ 11.235788080956656, 43.809852253269334 ], [ 11.235662872688188, 43.811297899139603 ] ] ] } },
{ "type": "Feature", "properties": { "id": 531, "snapped_id": 531.0, "centroid_lon": 11.3051, "centroid_lat": 43.78033, "radius": 202.643, "internal_id": 617532047599075327, "population": 174, "component": 0, "o_score_pt": 36.320945070597887, "o_score_car": 570.83093538608034, "CDI": 0.88035631202104314, "log_population": 2.2430380486862944 }, "geometry": { "type": "Polygon", "coordinates": [ [ [ 11.303392272361961, 43.780858782379646 ], [ 11.305008001957415, 43.781670879708081 ], [ 11.306694649940138, 43.78113194026573 ], [ 11.306808590798708, 43.779802387831573 ], [ 11.305192866707566, 43.778990319375524 ], [ 11.303506281394101, 43.779529246187749 ], [ 11.303392272361961, 43.780858782379646 ] ] ] } },
{ "type": "Feature", "properties": { "id": 532, "snapped_id": 532.0, "centroid_lon": 11.24186, "centroid_lat": 43.7864, "radius": 202.563, "internal_id": 617532047458041855, "population": 520, "component": 0, "o_score_pt": 543.53552132598543, "o_score_car": 710.35067572309879, "CDI": 0.13303851241819131, "log_population": 2.7168377232995247 }, "geometry": { "type": "Polygon", "coordinates": [ [ [ 11.239709020789707, 43.787077372870627 ], [ 11.241719119981504, 43.788089228688527 ], [ 11.24386435520017, 43.787405124632201 ], [ 11.244010513658868, 43.785714671662937 ], [ 11.242000422209692, 43.784702843773076 ], [ 11.239855265924636, 43.785386938583898 ], [ 11.239709020789707, 43.787077372870627 ] ] ] } },
{ "type": "Feature", "properties": { "id": 533, "snapped_id": 533.0, "centroid_lon": 11.19974, "centroid_lat": 43.7557, "radius": 202.556, "internal_id": 617532049779589119, "population": 1038, "component": 0, "o_score_pt": 98.657621095919595, "o_score_car": 593.08491600211505, "CDI": 0.71475624006063487, "log_population": 3.0166155475571772 }, "geometry": { "type": "Polygon", "coordinates": [ [ [ 11.197436065662787, 43.75643826467757 ], [ 11.19958059848196, 43.757519515777602 ], [ 11.201882964989316, 43.756785542647322 ], [ 11.202040714135499, 43.754970325818192 ], [ 11.199896189716487, 43.753889101548275 ], [ 11.197593907749125, 43.754623067278501 ], [ 11.197436065662787, 43.75643826467757 ] ] ] } },
{ "type": "Feature", "properties": { "id": 534, "snapped_id": 534.0, "centroid_lon": 11.2004, "centroid_lat": 43.79961, "radius": 202.498, "internal_id": 617532053684223999, "population": 357, "component": 0, "o_score_pt": 314.26326251361849, "o_score_car": 599.95924145476351, "CDI": 0.3125015821651943, "log_population": 2.5538830266438746 }, "geometry": { "type": "Polygon", "coordinates": [ [ [ 11.198399707068036, 43.80023490511514 ], [ 11.200273401782752, 43.801178898008054 ], [ 11.202261097248561, 43.800546030128679 ], [ 11.202397292977299, 43.798980174349055 ], [ 11.200523605019743, 43.798036210093045 ], [ 11.19853598306247, 43.79866906733978 ], [ 11.198399707068036, 43.80023490511514 ] ] ] } },
{ "type": "Feature", "properties": { "id": 535, "snapped_id": null, "centroid_lon": 11.15988, "centroid_lat": 43.80192, "radius": 202.449, "internal_id": 617532053767323647, "population": 1, "component": 0, "o_score_pt": 0.075990197138488202, "o_score_car": 483.61755108480162, "CDI": 0.99968579197093643, "log_population": 0.3010299956639812 }, "geometry": { "type": "Polygon", "coordinates": [ [ [ 11.159804543867605, 43.801874914708478 ], [ 11.159965031509493, 43.801955853371574 ], [ 11.15996503212177, 43.80195584637125 ], [ 11.159804544048942, 43.801874912636457 ], [ 11.159804543867605, 43.801874914708478 ] ] ] } },
{ "type": "Feature", "properties": { "id": 536, "snapped_id": 536.0, "centroid_lon": 11.23306, "centroid_lat": 43.81037, "radius": 202.521, "internal_id": 617532047434973183, "population": 848, "component": 0, "o_score_pt": 168.98694667863691, "o_score_car": 645.95159688303841, "CDI": 0.58527683341597203, "log_population": 2.9289076902439528 }, "geometry": { "type": "Polygon", "coordinates": [ [ [ 11.230760103834935, 43.811108957835593 ], [ 11.23290682206278, 43.812189396338447 ], [ 11.23521077562456, 43.811455374821534 ], [ 11.235367926393616, 43.809640922265864 ], [ 11.233221216715526, 43.808560510573521 ], [ 11.230917347716669, 43.809294524627511 ], [ 11.230760103834935, 43.811108957835593 ] ] ] } },
{ "type": "Feature", "properties": { "id": 537, "snapped_id": 537.0, "centroid_lon": 11.29362, "centroid_lat": 43.75751, "radius": 202.66, "internal_id": 617532049990352895, "population": 1304, "component": 0, "o_score_pt": 232.89832934145505, "o_score_car": 581.28902120107693, "CDI": 0.4278999073462299, "log_population": 3.1156105116742996 }, "geometry": { "type": "Polygon", "coordinates": [ [ [ 11.291316248657864, 43.758249283504 ], [ 11.293463009416465, 43.759329011714286 ], [ 11.295765630111861, 43.758593011539141 ], [ 11.295921405751756, 43.756777290703248 ], [ 11.293774653783514, 43.755697589316981 ], [ 11.291472117383044, 43.756433581943746 ], [ 11.291316248657864, 43.758249283504 ] ] ] } },
{ "type": "Feature", "properties": { "id": 538, "snapped_id": 538.0, "centroid_lon": 11.18847, "centroid_lat": 43.78223, "radius": 202.508, "internal_id": 617532053719089151, "population": 741, "component": 0, "o_score_pt": 23.690081555548549, "o_score_car": 610.74437776661773, "CDI": 0.92531905791857783, "log_population": 2.8704039052790269 }, "geometry": { "type": "Polygon", "coordinates": [ [ [ 11.186180511907418, 43.782963519498061 ], [ 11.188317362544076, 43.784040733747524 ], [ 11.190611025243607, 43.783310333612505 ], [ 11.190768416598273, 43.781503053261261 ], [ 11.188631574271279, 43.780425865911219 ], [ 11.186337995864067, 43.781156258544151 ], [ 11.186180511907418, 43.782963519498061 ] ] ] } },
{ "type": "Feature", "properties": { "id": 539, "snapped_id": 539.0, "centroid_lon": 11.32244, "centroid_lat": 43.78715, "radius": 202.653, "internal_id": 617532047562637311, "population": 72, "component": 0, "o_score_pt": 5.3080277331318646, "o_score_car": 500.58631515750608, "CDI": 0.97901527143868738, "log_population": 1.8633228601204559 }, "geometry": { "type": "Polygon", "coordinates": [ [ [ 11.321085432295108, 43.787553800991887 ], [ 11.32238448720438, 43.788206367653814 ], [ 11.323703811996751, 43.787784671290773 ], [ 11.323792730727154, 43.786744750849202 ], [ 11.322493679374004, 43.786092211378815 ], [ 11.321174404331659, 43.786513894436702 ], [ 11.321085432295108, 43.787553800991887 ] ] ] } },
{ "type": "Feature", "properties": { "id": 540, "snapped_id": 540.0, "centroid_lon": 11.19188, "centroid_lat": 43.7688, "radius": 202.53, "internal_id": 617532049849319423, "population": 715, "component": 0, "o_score_pt": 284.90405002534874, "o_score_car": 618.79288884060202, "CDI": 0.36946992343943352, "log_population": 2.8549130223078554 }, "geometry": { "type": "Polygon", "coordinates": [ [ [ 11.189604434147032, 43.769521562235319 ], [ 11.191728106898006, 43.770592279246216 ], [ 11.194006411418693, 43.769866416009378 ], [ 11.194162678537351, 43.76807068834156 ], [ 11.192039014029321, 43.766999998354471 ], [ 11.189760793237005, 43.767725853905787 ], [ 11.189604434147032, 43.769521562235319 ] ] ] } },
{ "type": "Feature", "properties": { "id": 541, "snapped_id": 541.0, "centroid_lon": 11.2593, "centroid_lat": 43.81789, "radius": 202.541, "internal_id": 617532047949299711, "population": 0, "component": 0, "o_score_pt": 1.1316650309048959, "o_score_car": 536.7043227575474, "CDI": 0.99579178390215883, "log_population": 0.0 }, "geometry": { "type": "Polygon", "coordinates": [ [ [ 11.259219746284074, 43.817853484271566 ], [ 11.259380677322634, 43.817934417314085 ], [ 11.259380677926826, 43.817934410314052 ], [ 11.259219746463403, 43.817853482195154 ], [ 11.259219746284074, 43.817853484271566 ] ] ] } },
{ "type": "Feature", "properties": { "id": 542, "snapped_id": 542.0, "centroid_lon": 11.31048, "centroid_lat": 43.76978, "radius": 202.663, "internal_id": 617532047597502463, "population": 471, "component": 0, "o_score_pt": 192.08757708827491, "o_score_car": 587.36760340424757, "CDI": 0.50712348343903868, "log_population": 2.673941998634088 }, "geometry": { "type": "Polygon", "coordinates": [ [ [ 11.308374016730788, 43.770449930412219 ], [ 11.310349343085127, 43.771442801506105 ], [ 11.312452797399798, 43.770770372844161 ], [ 11.312594777595606, 43.769112020358115 ], [ 11.31061945902271, 43.768119177416047 ], [ 11.308516081981653, 43.768791596320568 ], [ 11.308374016730788, 43.770449930412219 ] ] ] } },
{ "type": "Feature", "properties": { "id": 543, "snapped_id": 543.0, "centroid_lon": 11.23856, "centroid_lat": 43.8245, "radius": 202.508, "internal_id": 617532047927803903, "population": 0, "component": 0, "o_score_pt": 5.3099906871863833, "o_score_car": 491.78891046528031, "CDI": 0.97863607956132759, "log_population": 0.0 }, "geometry": { "type": "Polygon", "coordinates": [ [ [ 11.238481469652513, 43.824461502801348 ], [ 11.238642529870852, 43.824542535156596 ], [ 11.238642530476989, 43.824542528155007 ], [ 11.238481469831861, 43.824461500730926 ], [ 11.238481469652513, 43.824461502801348 ] ] ] } },
{ "type": "Feature", "properties": { "id": 544, "snapped_id": 544.0, "centroid_lon": 11.24924, "centroid_lat": 43.77875, "radius": 202.582, "internal_id": 617532047400108031, "population": 376, "component": 0, "o_score_pt": 576.82508211581103, "o_score_car": 733.0690387699841, "CDI": 0.11927983656306169, "log_population": 2.576341350205793 }, "geometry": { "type": "Polygon", "coordinates": [ [ [ 11.24722058497977, 43.779382958090338 ], [ 11.249113447961086, 43.780335740524635 ], [ 11.251122503537449, 43.779694784647063 ], [ 11.251259254205179, 43.77811127365819 ], [ 11.249366398270936, 43.777158519787022 ], [ 11.247357416815333, 43.777799465144625 ], [ 11.24722058497977, 43.779382958090338 ] ] ] } },
{ "type": "Feature", "properties": { "id": 545, "snapped_id": 545.0, "centroid_lon": 11.21062, "centroid_lat": 43.75929, "radius": 202.564, "internal_id": 617532049862688767, "population": 25, "component": 0, "o_score_pt": 99.988289838043244, "o_score_car": 607.95291330557598, "CDI": 0.71752374520922269, "log_population": 1.414973347970818 }, "geometry": { "type": "Polygon", "coordinates": [ [ [ 11.209685363650932, 43.75955228680678 ], [ 11.210608818188845, 43.760017730795326 ], [ 11.211493218635345, 43.759735729032151 ], [ 11.211553825623776, 43.759037340598304 ], [ 11.210630372096084, 43.75857191904187 ], [ 11.20974600628956, 43.758853909096892 ], [ 11.209685363650932, 43.75955228680678 ] ] ] } },
{ "type": "Feature", "properties": { "id": 546, "snapped_id": 546.0, "centroid_lon": 11.22851, "centroid_lat": 43.78536, "radius": 202.549, "internal_id": 617532047456468991, "population": 1832, "component": 0, "o_score_pt": 406.26334614196509, "o_score_car": 730.04386536473737, "CDI": 0.28494100534084521, "log_population": 3.2631624649622166 }, "geometry": { "type": "Polygon", "coordinates": [ [ [ 11.226208451748425, 43.786091810994492 ], [ 11.228354418523445, 43.787172449316891 ], [ 11.230657669231094, 43.786438216271783 ], [ 11.230814868637616, 43.784623352356441 ], [ 11.228668910388274, 43.783542740852909 ], [ 11.226365744204767, 43.78427696644701 ], [ 11.226208451748425, 43.786091810994492 ] ] ] } },
{ "type": "Feature", "properties": { "id": 547, "snapped_id": 547.0, "centroid_lon": 11.2182, "centroid_lat": 43.801, "radius": 202.516, "internal_id": 617532053682651135, "population": 40, "component": 0, "o_score_pt": 94.0326582353308, "o_score_car": 572.23943622384581, "CDI": 0.71773496438670881, "log_population": 1.6127838567197355 }, "geometry": { "type": "Polygon", "coordinates": [ [ [ 11.217076681349615, 43.801318054154208 ], [ 11.218165964323614, 43.801866590059433 ], [ 11.219242538548485, 43.80152365139184 ], [ 11.219316181349772, 43.80067493409009 ], [ 11.218226900395873, 43.800126423098789 ], [ 11.217150367580903, 43.800469349092815 ], [ 11.217076681349615, 43.801318054154208 ] ] ] } },
{ "type": "Feature", "properties": { "id": 548, "snapped_id": 548.0, "centroid_lon": 11.27945, "centroid_lat": 43.79205, "radius": 202.598, "internal_id": 617532047385165823, "population": 62, "component": 0, "o_score_pt": 5.0033561438691647, "o_score_car": 611.88099240310851, "CDI": 0.98377862509997482, "log_population": 1.7993405494535817 }, "geometry": { "type": "Polygon", "coordinates": [ [ [ 11.278157642748582, 43.792435798954919 ], [ 11.279402932171486, 43.793061999403029 ], [ 11.280660235629622, 43.792660680067719 ], [ 11.280745489691437, 43.791669642562773 ], [ 11.279500203385668, 43.79104346881627 ], [ 11.278242947581409, 43.791444774955139 ], [ 11.278157642748582, 43.792435798954919 ] ] ] } },
{ "type": "Feature", "properties": { "id": 549, "snapped_id": 549.0, "centroid_lon": 11.18005, "centroid_lat": 43.77609, "radius": 202.506, "internal_id": 617532049847746559, "population": 36, "component": 0, "o_score_pt": 1.2843769290954383, "o_score_car": 518.87885251320483, "CDI": 0.99506163889949517, "log_population": 1.568201724066995 }, "geometry": { "type": "Polygon", "coordinates": [ [ [ 11.178975955720592, 43.776399992669191 ], [ 11.180027264437935, 43.776930146477767 ], [ 11.181060095093239, 43.776601266136709 ], [ 11.181131145122826, 43.775786245391842 ], [ 11.180079838129446, 43.775256115993564 ], [ 11.179047047391908, 43.775584983873372 ], [ 11.178975955720592, 43.776399992669191 ] ] ] } },
{ "type": "Feature", "properties": { "id": 550, "snapped_id": 550.0, "centroid_lon": 11.24747, "centroid_lat": 43.82519, "radius": 202.517, "internal_id": 617532047947726847, "population": 0, "component": 0, "o_score_pt": 1.6206654792636594, "o_score_car": 467.92828604120967, "CDI": 0.99309692642687963, "log_population": 0.0 }, "geometry": { "type": "Polygon", "coordinates": [ [ [ 11.247384764425609, 43.825153778826746 ], [ 11.247545847767853, 43.825234803282989 ], [ 11.247545848373248, 43.825234796281542 ], [ 11.247384764604808, 43.825153776755563 ], [ 11.247384764425609, 43.825153778826746 ] ] ] } },
{ "type": "Feature", "properties": { "id": 551, "snapped_id": 551.0, "centroid_lon": 11.29644, "centroid_lat": 43.82899, "radius": 202.568, "internal_id": 617532047189344255, "population": 0, "component": 0, "o_score_pt": 0.1150447712951394, "o_score_car": 542.45307693737027, "CDI": 0.99957592506197057, "log_population": 0.0 }, "geometry": { "type": "Polygon", "coordinates": [ [ [ 11.296362291598207, 43.828949383515635 ], [ 11.296523501245309, 43.829030364053047 ], [ 11.296523501846611, 43.829030357052346 ], [ 11.296362291776585, 43.82894938144014 ], [ 11.296362291598207, 43.828949383515635 ] ] ] } },
{ "type": "Feature", "properties": { "id": 552, "snapped_id": 552.0, "centroid_lon": 11.16624, "centroid_lat": 43.78049, "radius": 202.485, "internal_id": 617532053697593343, "population": 182, "component": 0, "o_score_pt": 4.9757661878507076, "o_score_car": 508.60167177432118, "CDI": 0.98062311223174403, "log_population": 2.2624510897304293 }, "geometry": { "type": "Polygon", "coordinates": [ [ [ 11.164510152681254, 43.781024009329876 ], [ 11.166139896474119, 43.781846083440769 ], [ 11.167844870309786, 43.781303464089866 ], [ 11.167962262630628, 43.779959505803518 ], [ 11.166332524010443, 43.779137460606869 ], [ 11.16462761379079, 43.779680067593254 ], [ 11.164510152681254, 43.781024009329876 ] ] ] } },
{ "type": "Feature", "properties": { "id": 553, "snapped_id": 553.0, "centroid_lon": 11.33473, "centroid_lat": 43.77439, "radius": 202.684, "internal_id": 617532047489761279, "population": 0, "component": 0, "o_score_pt": 0.48705841141943212, "o_score_car": 485.65907010516793, "CDI": 0.99799624687784483, "log_population": 0.0 }, "geometry": { "type": "Polygon", "coordinates": [ [ [ 11.334651199488109, 43.774349231915515 ], [ 11.334811228284334, 43.7744296133761 ], [ 11.334811228880962, 43.774429606384537 ], [ 11.334651199668103, 43.774349229807548 ], [ 11.334651199488109, 43.774349231915515 ] ] ] } },
{ "type": "Feature", "properties": { "id": 554, "snapped_id": 554.0, "centroid_lon": 11.20636, "centroid_lat": 43.80829, "radius": 202.493, "internal_id": 617532053681078271, "population": 0, "component": 0, "o_score_pt": 0.0, "o_score_car": 511.93080415984718, "CDI": 1.0, "log_population": 0.0 }, "geometry": { "type": "Polygon", "coordinates": [ [ [ 11.206282322667571, 43.808253071746215 ], [ 11.206442993852992, 43.808333997391578 ], [ 11.206442994461462, 43.808333990391539 ], [ 11.206282322848013, 43.808253069671608 ], [ 11.206282322667571, 43.808253071746215 ] ] ] } },
{ "type": "Feature", "properties": { "id": 555, "snapped_id": 555.0, "centroid_lon": 11.32842, "centroid_lat": 43.79583, "radius": 202.649, "internal_id": 617532047559491583, "population": 0, "component": 0, "o_score_pt": 0.38107509812831969, "o_score_car": 461.25644674518998, "CDI": 0.99834902892378996, "log_population": 0.0 }, "geometry": { "type": "Polygon", "coordinates": [ [ [ 11.328338308047295, 43.795791975893849 ], [ 11.328498807370273, 43.795872577911524 ], [ 11.328498807967989, 43.795872570916615 ], [ 11.32833830822654, 43.795791973797499 ], [ 11.328338308047295, 43.795791975893849 ] ] ] } },
{ "type": "Feature", "properties": { "id": 556, "snapped_id": 556.0, "centroid_lon": 11.26107, "centroid_lat": 43.77144, "radius": 202.605, "internal_id": 617532047418458111, "population": 1532, "component": 0, "o_score_pt": 512.24345635019074, "o_score_car": 618.34209716444184, "CDI": 0.093843973580260198, "log_population": 3.185542154854375 }, "geometry": { "type": "Polygon", "coordinates": [ [ [ 11.258765266014807, 43.772177160677842 ], [ 11.260911630562857, 43.773257344038861 ], [ 11.263214566969866, 43.772522227269448 ], [ 11.263371054417247, 43.770706934639861 ], [ 11.261224698527254, 43.769626778100346 ], [ 11.258921846529844, 43.770361887370072 ], [ 11.258765266014807, 43.772177160677842 ] ] ] } },
{ "type": "Feature", "properties": { "id": 557, "snapped_id": 557.0, "centroid_lon": 11.30158, "centroid_lat": 43.76909, "radius": 202.654, "internal_id": 617532047594356735, "population": 1187, "component": 0, "o_score_pt": 252.61458570203499, "o_score_car": 597.59340262618218, "CDI": 0.40575814584203879, "log_population": 3.0748164406451748 }, "geometry": { "type": "Polygon", "coordinates": [ [ [ 11.299280907038602, 43.769830329837831 ], [ 11.301428151139412, 43.770909870936848 ], [ 11.30373110902028, 43.770173840531456 ], [ 11.303886738501147, 43.768358276591229 ], [ 11.301739503226239, 43.76727876231196 ], [ 11.299436629642591, 43.768014785154278 ], [ 11.299280907038602, 43.769830329837831 ] ] ] } },
{ "type": "Feature", "properties": { "id": 558, "snapped_id": 558.0, "centroid_lon": 11.29057, "centroid_lat": 43.74083, "radius": 202.679, "internal_id": 617532049915903999, "population": 553, "component": 0, "o_score_pt": 116.2607826027309, "o_score_car": 534.90049759910391, "CDI": 0.64291248224496833, "log_population": 2.7435097647284299 }, "geometry": { "type": "Polygon", "coordinates": [ [ [ 11.288397983336415, 43.741518525914557 ], [ 11.290430231771243, 43.742541025253132 ], [ 11.292600199710039, 43.741847151441611 ], [ 11.292747068060507, 43.740135357940694 ], [ 11.29071482768911, 43.739112886384831 ], [ 11.288544939380811, 43.739806751152493 ], [ 11.288397983336415, 43.741518525914557 ] ] ] } },
{ "type": "Feature", "properties": { "id": 559, "snapped_id": 559.0, "centroid_lon": 11.21847, "centroid_lat": 43.7462, "radius": 202.59, "internal_id": 617532049792958463, "population": 67, "component": 0, "o_score_pt": 135.9416244044325, "o_score_car": 547.60961703350142, "CDI": 0.60224891372163236, "log_population": 1.8325089127062364 }, "geometry": { "type": "Polygon", "coordinates": [ [ [ 11.217147400679094, 43.746593296234565 ], [ 11.21841873493967, 43.74723408802322 ], [ 11.219707052219213, 43.746823045749515 ], [ 11.219795173692019, 43.745806222355483 ], [ 11.218523842581513, 43.745165457539507 ], [ 11.217235574126443, 43.745576486654102 ], [ 11.217147400679094, 43.746593296234565 ] ] ] } },
{ "type": "Feature", "properties": { "id": 560, "snapped_id": 560.0, "centroid_lon": 11.25159, "centroid_lat": 43.75152, "radius": 202.621, "internal_id": 617532049985634303, "population": 35, "component": 0, "o_score_pt": 13.303274849016086, "o_score_car": 627.81328115842973, "CDI": 0.95849966835402822, "log_population": 1.5563025007672873 }, "geometry": { "type": "Polygon", "coordinates": [ [ [ 11.250525009313671, 43.751821078901294 ], [ 11.251566424188226, 43.752345491607507 ], [ 11.252587683979231, 43.752019393728574 ], [ 11.252657241748633, 43.751213210360504 ], [ 11.251615828682835, 43.750688821909961 ], [ 11.250594608277346, 43.751014907318272 ], [ 11.250525009313671, 43.751821078901294 ] ] ] } },
{ "type": "Feature", "properties": { "id": 561, "snapped_id": 561.0, "centroid_lon": 11.19737, "centroid_lat": 43.78293, "radius": 202.517, "internal_id": 617532053714370559, "population": 598, "component": 0, "o_score_pt": 25.02165704239237, "o_score_car": 607.28113039370453, "CDI": 0.92085545868348362, "log_population": 2.7774268223893115 }, "geometry": { "type": "Polygon", "coordinates": [ [ [ 11.195163544131384, 43.783628925110769 ], [ 11.197223114581105, 43.78466693236178 ], [ 11.199426804101282, 43.783965017171887 ], [ 11.1995778469679, 43.782228553853514 ], [ 11.197518284394246, 43.781190574169138 ], [ 11.195314675976407, 43.78189248080291 ], [ 11.195163544131384, 43.783628925110769 ] ] ] } },
{ "type": "Feature", "properties": { "id": 562, "snapped_id": 562.0, "centroid_lon": 11.31939, "centroid_lat": 43.77047, "radius": 202.672, "internal_id": 617532047592783871, "population": 78, "component": 0, "o_score_pt": 157.37182385550582, "o_score_car": 557.81883332191114, "CDI": 0.55991644388479012, "log_population": 1.8976270912904414 }, "geometry": { "type": "Polygon", "coordinates": [ [ [ 11.31800015829886, 43.77088282113511 ], [ 11.319327461905395, 43.77154981638936 ], [ 11.320679662547361, 43.771117441869059 ], [ 11.320770841316634, 43.770051157300543 ], [ 11.319443541441411, 43.769384189478465 ], [ 11.318091391697642, 43.769816550686883 ], [ 11.31800015829886, 43.77088282113511 ] ] ] } },
{ "type": "Feature", "properties": { "id": 563, "snapped_id": 563.0, "centroid_lon": 11.28039, "centroid_lat": 43.78116, "radius": 202.614, "internal_id": 617532047416885247, "population": 1375, "component": 0, "o_score_pt": 127.60061600051384, "o_score_car": 666.6135346191594, "CDI": 0.67867453406375244, "log_population": 3.1386184338994925 }, "geometry": { "type": "Polygon", "coordinates": [ [ [ 11.278085344068408, 43.78189736746122 ], [ 11.280232407869601, 43.782977189875943 ], [ 11.282535654720343, 43.782241771931353 ], [ 11.282691753389917, 43.78042653910515 ], [ 11.280544698329091, 43.779346743507595 ], [ 11.278241535856361, 43.780082153920233 ], [ 11.278085344068408, 43.78189736746122 ] ] ] } },
{ "type": "Feature", "properties": { "id": 564, "snapped_id": 564.0, "centroid_lon": 11.26973, "centroid_lat": 43.82692, "radius": 202.54, "internal_id": 617532047944581119, "population": 0, "component": 0, "o_score_pt": 1.0247258860297488, "o_score_car": 466.23165251898519, "CDI": 0.99561386025578658, "log_population": 0.0 }, "geometry": { "type": "Polygon", "coordinates": [ [ [ 11.269645305184591, 43.826881553550791 ], [ 11.269806446122162, 43.826962558143407 ], [ 11.269806446725697, 43.826962551142302 ], [ 11.269645305363417, 43.826881551477662 ], [ 11.269645305184591, 43.826881553550791 ] ] ] } },
{ "type": "Feature", "properties": { "id": 565, "snapped_id": 565.0, "centroid_lon": 11.26422, "centroid_lat": 43.8128, "radius": 202.553, "internal_id": 617532047451750399, "population": 0, "component": 0, "o_score_pt": 5.6945461945467359, "o_score_car": 505.66992368889601, "CDI": 0.9777280334089512, "log_population": 0.0 }, "geometry": { "type": "Polygon", "coordinates": [ [ [ 11.264141227587311, 43.812755308762412 ], [ 11.264302049426243, 43.812836183525363 ], [ 11.264302050029883, 43.812836176526226 ], [ 11.264141227766773, 43.812755306682803 ], [ 11.264141227587311, 43.812755308762412 ] ] ] } },
{ "type": "Feature", "properties": { "id": 566, "snapped_id": 566.0, "centroid_lon": 11.21402, "centroid_lat": 43.74585, "radius": 202.585, "internal_id": 617532049773297663, "population": 0, "component": 0, "o_score_pt": 3.0698818223003164, "o_score_car": 544.29147207184826, "CDI": 0.98878297928613357, "log_population": 0.0 }, "geometry": { "type": "Polygon", "coordinates": [ [ [ 11.213944896015455, 43.745813059328476 ], [ 11.214104187269614, 43.74589335766089 ], [ 11.214104187875797, 43.745893350670393 ], [ 11.213944896198294, 43.74581305722127 ], [ 11.213944896015455, 43.745813059328476 ] ] ] } },
{ "type": "Feature", "properties": { "id": 567, "snapped_id": 567.0, "centroid_lon": 11.2709, "centroid_lat": 43.76124, "radius": 202.63, "internal_id": 617532049984061439, "population": 174, "component": 0, "o_score_pt": 258.48401229879801, "o_score_car": 660.0510452107012, "CDI": 0.43718204289415519, "log_population": 2.2430380486862944 }, "geometry": { "type": "Polygon", "coordinates": [ [ [ 11.269197245082948, 43.76176716362172 ], [ 11.270811999778774, 43.762579745086008 ], [ 11.272498113403095, 43.762041208978246 ], [ 11.272612562130728, 43.760711480339587 ], [ 11.270997812833699, 43.759898927752758 ], [ 11.269311761918962, 43.760437451279572 ], [ 11.269197245082948, 43.76176716362172 ] ] ] } },
{ "type": "Feature", "properties": { "id": 568, "snapped_id": 568.0, "centroid_lon": 11.23323, "centroid_lat": 43.7309, "radius": 202.627, "internal_id": 617532050018926591, "population": 0, "component": 0, "o_score_pt": 0.47229322776047639, "o_score_car": 479.56639192840959, "CDI": 0.99803227013836682, "log_population": 0.0 }, "geometry": { "type": "Polygon", "coordinates": [ [ [ 11.233146538056893, 43.730857270668807 ], [ 11.233305515193328, 43.730937390988593 ], [ 11.233305515797484, 43.73093738400086 ], [ 11.233146538240049, 43.730857268551674 ], [ 11.233146538056893, 43.730857270668807 ] ] ] } },
{ "type": "Feature", "properties": { "id": 569, "snapped_id": 569.0, "centroid_lon": 11.26704, "centroid_lat": 43.78013, "radius": 202.6, "internal_id": 617532047415312383, "population": 734, "component": 0, "o_score_pt": 519.06783347042563, "o_score_car": 696.57675113178743, "CDI": 0.1460204075350254, "log_population": 2.8662873390841948 }, "geometry": { "type": "Polygon", "coordinates": [ [ [ 11.26474812584609, 43.78085864683441 ], [ 11.26688330550606, 43.781932880424968 ], [ 11.26917309943461, 43.781202016719277 ], [ 11.269328568449799, 43.779397392917289 ], [ 11.267193397402867, 43.778323186254653 ], [ 11.264903687415091, 43.779054042286766 ], [ 11.26474812584609, 43.78085864683441 ] ] ] } },
{ "type": "Feature", "properties": { "id": 570, "snapped_id": 570.0, "centroid_lon": 11.30756, "centroid_lat": 43.77778, "radius": 202.649, "internal_id": 617532047591211007, "population": 51, "component": 0, "o_score_pt": 18.389216763515687, "o_score_car": 571.46725093433929, "CDI": 0.9376485034222416, "log_population": 1.7160033436347992 }, "geometry": { "type": "Polygon", "coordinates": [ [ [ 11.306343398441474, 43.77813555011619 ], [ 11.307519091450718, 43.778726466985418 ], [ 11.308695597160803, 43.778350478530562 ], [ 11.308775065906591, 43.777422806345157 ], [ 11.307599375645699, 43.776831915433675 ], [ 11.306422914695078, 43.777207890822879 ], [ 11.306343398441474, 43.77813555011619 ] ] ] } },
{ "type": "Feature", "properties": { "id": 571, "snapped_id": 571.0, "centroid_lon": 11.25637, "centroid_lat": 43.82589, "radius": 202.526, "internal_id": 617532047943008255, "population": 0, "component": 0, "o_score_pt": 2.1445382092863801, "o_score_car": 491.7282466399281, "CDI": 0.99131542261458638, "log_population": 0.0 }, "geometry": { "type": "Polygon", "coordinates": [ [ [ 11.256288585979231, 43.825845388550626 ], [ 11.256449692396394, 43.825926405081319 ], [ 11.256449693001045, 43.825926398080014 ], [ 11.256288586158281, 43.82584538647864 ], [ 11.256288585979231, 43.825845388550626 ] ] ] } },
{ "type": "Feature", "properties": { "id": 572, "snapped_id": 572.0, "centroid_lon": 11.28203, "centroid_lat": 43.81418, "radius": 202.571, "internal_id": 617532047450177535, "population": 0, "component": 0, "o_score_pt": 149.32293395713876, "o_score_car": 598.36813182620631, "CDI": 0.60057585066715957, "log_population": 0.0 }, "geometry": { "type": "Polygon", "coordinates": [ [ [ 11.281948442475274, 43.814134950534076 ], [ 11.282109310252768, 43.81421580941528 ], [ 11.282109310854919, 43.81421580241642 ], [ 11.281948442654436, 43.814134948452924 ], [ 11.281948442475274, 43.814134950534076 ] ] ] } },
{ "type": "Feature", "properties": { "id": 573, "snapped_id": null, "centroid_lon": 11.16433, "centroid_lat": 43.80226, "radius": 202.453, "internal_id": 617532053676359679, "population": 0, "component": 0, "o_score_pt": 0.0, "o_score_car": 512.66520633234609, "CDI": 1.0, "log_population": 0.0 }, "geometry": { "type": "Polygon", "coordinates": [ [ [ 11.164252908789376, 43.802223956237555 ], [ 11.164413408221979, 43.802304891100725 ], [ 11.164413408833886, 43.802304884100437 ], [ 11.16425290897064, 43.802223954165115 ], [ 11.164252908789376, 43.802223956237555 ] ] ] } },
{ "type": "Feature", "properties": { "id": 574, "snapped_id": 574.0, "centroid_lon": 11.25253, "centroid_lat": 43.74062, "radius": 202.636, "internal_id": 617532050017353727, "population": 0, "component": 0, "o_score_pt": 5.0651947255757177, "o_score_car": 527.50799616448774, "CDI": 0.98097840893151056, "log_population": 0.0 }, "geometry": { "type": "Polygon", "coordinates": [ [ [ 11.252451585207181, 43.740583022988517 ], [ 11.252610794850364, 43.740663207633176 ], [ 11.252610795453128, 43.740663200644491 ], [ 11.252451585389677, 43.740583020873885 ], [ 11.252451585207181, 43.740583022988517 ] ] ] } },
{ "type": "Feature", "properties": { "id": 575, "snapped_id": 575.0, "centroid_lon": 11.29374, "centroid_lat": 43.78219, "radius": 202.627, "internal_id": 617532047378874367, "population": 654, "component": 0, "o_score_pt": 49.488237520608877, "o_score_car": 633.20850040039306, "CDI": 0.85502131540480453, "log_population": 2.8162412999917832 }, "geometry": { "type": "Polygon", "coordinates": [ [ [ 11.291496342564784, 43.782909254906663 ], [ 11.293590415166292, 43.783962046714748 ], [ 11.295831882993198, 43.78324610061668 ], [ 11.295983520783832, 43.781479524004062 ], [ 11.29388945664479, 43.780426759493764 ], [ 11.291648070991613, 43.78114269730716 ], [ 11.291496342564784, 43.782909254906663 ] ] ] } },
{ "type": "Feature", "properties": { "id": 576, "snapped_id": 576.0, "centroid_lon": 11.19434, "centroid_lat": 43.76625, "radius": 202.536, "internal_id": 617532049841455103, "population": 738, "component": 0, "o_score_pt": 333.99087434069253, "o_score_car": 591.05556880133281, "CDI": 0.27789382507919369, "log_population": 2.8686444383948255 }, "geometry": { "type": "Polygon", "coordinates": [ [ [ 11.192052269014768, 43.766977470965671 ], [ 11.194187377786582, 43.768053931171792 ], [ 11.196478909596461, 43.767323748239932 ], [ 11.196636031041772, 43.765517497251167 ], [ 11.194500930591856, 43.764441063963112 ], [ 11.192209482966542, 43.765171239365998 ], [ 11.192052269014768, 43.766977470965671 ] ] ] } },
{ "type": "Feature", "properties": { "id": 577, "snapped_id": 577.0, "centroid_lon": 11.27149, "centroid_lat": 43.78047, "radius": 202.605, "internal_id": 617532047413739519, "population": 1252, "component": 0, "o_score_pt": 455.30461466258186, "o_score_car": 704.46845894858245, "CDI": 0.21483844551605569, "log_population": 3.0979510709941498 }, "geometry": { "type": "Polygon", "coordinates": [ [ [ 11.269185116457788, 43.781208059081422 ], [ 11.271331955894116, 43.782288028677428 ], [ 11.273635164631587, 43.781552796506091 ], [ 11.273791449530494, 43.779737602257775 ], [ 11.27164461879738, 43.778657659479705 ], [ 11.269341494460175, 43.779392884133195 ], [ 11.269185116457788, 43.781208059081422 ] ] ] } },
{ "type": "Feature", "properties": { "id": 578, "snapped_id": 578.0, "centroid_lon": 11.2702, "centroid_lat": 43.82148, "radius": 202.548, "internal_id": 617532047448604671, "population": 0, "component": 0, "o_score_pt": 2.0695061779482158, "o_score_car": 466.79854617042719, "CDI": 0.99117233017868078, "log_population": 0.0 }, "geometry": { "type": "Polygon", "coordinates": [ [ [ 11.270114703154769, 43.821438347293714 ], [ 11.270275723325913, 43.821519297571541 ], [ 11.270275723929265, 43.82151929057126 ], [ 11.270114703333807, 43.821438345217743 ], [ 11.270114703154769, 43.821438347293714 ] ] ] } },
{ "type": "Feature", "properties": { "id": 579, "snapped_id": 579.0, "centroid_lon": 11.26201, "centroid_lat": 43.76055, "radius": 202.62, "internal_id": 617532049980915711, "population": 104, "component": 0, "o_score_pt": 42.645601339606763, "o_score_car": 617.27114932258348, "CDI": 0.87075460261672633, "log_population": 2.0211892990699383 }, "geometry": { "type": "Polygon", "coordinates": [ [ [ 11.260506804600988, 43.761005201825881 ], [ 11.261936322554138, 43.761724742500363 ], [ 11.263407687729408, 43.761254905775054 ], [ 11.263507696983517, 43.760094349670496 ], [ 11.262078183256648, 43.759374837156521 ], [ 11.260606873266211, 43.759844660711067 ], [ 11.260506804600988, 43.761005201825881 ] ] ] } },
{ "type": "Feature", "properties": { "id": 580, "snapped_id": 580.0, "centroid_lon": 11.23919, "centroid_lat": 43.73959, "radius": 202.623, "internal_id": 617532050015780863, "population": 206, "component": 0, "o_score_pt": 10.585054061697152, "o_score_car": 599.80441063986621, "CDI": 0.96531704862608481, "log_population": 2.3159703454569178 }, "geometry": { "type": "Polygon", "coordinates": [ [ [ 11.237414392392969, 43.740138184890881 ], [ 11.239088970083403, 43.740981862955714 ], [ 11.240845073566456, 43.740421133440414 ], [ 11.240964793102187, 43.739035575889638 ], [ 11.239290221086032, 43.738191926782022 ], [ 11.237534182823385, 43.73875264409272 ], [ 11.237414392392969, 43.740138184890881 ] ] ] } },
{ "type": "Feature", "properties": { "id": 581, "snapped_id": 581.0, "centroid_lon": 11.28191, "centroid_lat": 43.7895, "radius": 202.604, "internal_id": 617532047377301503, "population": 158, "component": 0, "o_score_pt": 25.446838266042327, "o_score_car": 639.91201493831068, "CDI": 0.92350943211023362, "log_population": 2.2013971243204513 }, "geometry": { "type": "Polygon", "coordinates": [ [ [ 11.280241754377844, 43.790016513126993 ], [ 11.2818225820122, 43.790811421389755 ], [ 11.283469045190225, 43.790285812118022 ], [ 11.283580628189835, 43.788988201492693 ], [ 11.281999805771349, 43.788193322026181 ], [ 11.280353403908988, 43.788718918538088 ], [ 11.280241754377844, 43.790016513126993 ] ] ] } },
{ "type": "Feature", "properties": { "id": 582, "snapped_id": 582.0, "centroid_lon": 11.15687, "centroid_lat": 43.78524, "radius": 202.467, "internal_id": 617532053709651967, "population": 11, "component": 0, "o_score_pt": 1.7494367807457571, "o_score_car": 478.0372034494867, "CDI": 0.99270743854015475, "log_population": 1.0791812460476249 }, "geometry": { "type": "Polygon", "coordinates": [ [ [ 11.156244607773456, 43.785385207201308 ], [ 11.156888524127758, 43.785710067140201 ], [ 11.15744791585497, 43.785532107455204 ], [ 11.157486608193583, 43.785089749363834 ], [ 11.15684269107344, 43.784764906317527 ], [ 11.156283322625006, 43.784942857022408 ], [ 11.156244607773456, 43.785385207201308 ] ] ] } },
{ "type": "Feature", "properties": { "id": 583, "snapped_id": 583.0, "centroid_lon": 11.20674, "centroid_lat": 43.77818, "radius": 202.534, "internal_id": 617532049864261631, "population": 1487, "component": 0, "o_score_pt": 316.45364522589711, "o_score_car": 638.96894073197177, "CDI": 0.3375629802416002, "log_population": 3.1726029312098598 }, "geometry": { "type": "Polygon", "coordinates": [ [ [ 11.204437594766741, 43.778912949224349 ], [ 11.206582869821633, 43.779993974630585 ], [ 11.208885873751189, 43.77926012783513 ], [ 11.209043518056721, 43.777445263049913 ], [ 11.206898251435627, 43.776364264466096 ], [ 11.2045953320732, 43.777098103846242 ], [ 11.204437594766741, 43.778912949224349 ] ] ] } },
{ "type": "Feature", "properties": { "id": 584, "snapped_id": 584.0, "centroid_lon": 11.22993, "centroid_lat": 43.76902, "radius": 202.573, "internal_id": 617532047401680895, "population": 81, "component": 0, "o_score_pt": 242.18496414272664, "o_score_car": 694.41337767106609, "CDI": 0.48284135614906731, "log_population": 1.9138138523837167 }, "geometry": { "type": "Polygon", "coordinates": [ [ [ 11.228526308951823, 43.769442524284969 ], [ 11.229866059245886, 43.770117343574441 ], [ 11.231233539692232, 43.769681188492889 ], [ 11.23132690902322, 43.768602650244148 ], [ 11.229987162318837, 43.76792785850629 ], [ 11.228619733474085, 43.768364000376437 ], [ 11.228526308951823, 43.769442524284969 ] ] ] } },
{ "type": "Feature", "properties": { "id": 585, "snapped_id": 585.0, "centroid_lon": 11.27535, "centroid_lat": 43.76158, "radius": 202.634, "internal_id": 617532047412166655, "population": 914, "component": 0, "o_score_pt": 308.49693230662865, "o_score_car": 673.94046978549522, "CDI": 0.37197640959174177, "log_population": 2.9614210940664485 }, "geometry": { "type": "Polygon", "coordinates": [ [ [ 11.273051270104739, 43.76231938507371 ], [ 11.275197712105882, 43.763399387608175 ], [ 11.277500406481073, 43.762663836619971 ], [ 11.277656574501478, 43.760848290618888 ], [ 11.275510141215676, 43.759768314908264 ], [ 11.273207531192165, 43.760503858376076 ], [ 11.273051270104739, 43.76231938507371 ] ] ] } },
{ "type": "Feature", "properties": { "id": 586, "snapped_id": 586.0, "centroid_lon": 11.29492, "centroid_lat": 43.82065, "radius": 202.577, "internal_id": 617532047130099711, "population": 302, "component": 0, "o_score_pt": 0.51842365517666633, "o_score_car": 581.38534450556108, "CDI": 0.99821818079365499, "log_population": 2.4814426285023048 }, "geometry": { "type": "Polygon", "coordinates": [ [ [ 11.292986129217766, 43.821257628549922 ], [ 11.294801684468265, 43.822169784447063 ], [ 11.296720024527234, 43.82155770640486 ], [ 11.29684978512806, 43.820047010249979 ], [ 11.295034236598728, 43.819134883165319 ], [ 11.293115967400929, 43.81974694989561 ], [ 11.292986129217766, 43.821257628549922 ] ] ] } },
{ "type": "Feature", "properties": { "id": 587, "snapped_id": 587.0, "centroid_lon": 11.26587, "centroid_lat": 43.74166, "radius": 202.65, "internal_id": 617532049979342847, "population": 31, "component": 0, "o_score_pt": 2.8566012952994155, "o_score_car": 543.01018732423279, "CDI": 0.98953370545761299, "log_population": 1.505149978319906 }, "geometry": { "type": "Polygon", "coordinates": [ [ [ 11.264855757993089, 43.741945302828988 ], [ 11.265854402251906, 43.742448075951579 ], [ 11.266826077049043, 43.742137595083548 ], [ 11.266892133397757, 43.741370322951305 ], [ 11.265893490713703, 43.740867573452519 ], [ 11.264921853533357, 43.741178042076257 ], [ 11.264855757993089, 43.741945302828988 ] ] ] } },
{ "type": "Feature", "properties": { "id": 588, "snapped_id": 588.0, "centroid_lon": 11.24364, "centroid_lat": 43.73993, "radius": 202.627, "internal_id": 617532050014207999, "population": 54, "component": 0, "o_score_pt": 6.7037127697197194, "o_score_car": 580.67307226486651, "CDI": 0.97717406291661679, "log_population": 1.7403626894942439 }, "geometry": { "type": "Polygon", "coordinates": [ [ [ 11.24239890496446, 43.740296355486542 ], [ 11.243593525234314, 43.740898154330189 ], [ 11.24479266865824, 43.740515216655567 ], [ 11.244874415508386, 43.739568559169605 ], [ 11.243679797977769, 43.738966786517203 ], [ 11.24248070019574, 43.739349711144712 ], [ 11.24239890496446, 43.740296355486542 ] ] ] } },
{ "type": "Feature", "properties": { "id": 589, "snapped_id": null, "centroid_lon": 11.17466, "centroid_lat": 43.78663, "radius": 202.486, "internal_id": 617532053708079103, "population": 47, "component": 0, "o_score_pt": 2.5397148025461229, "o_score_car": 544.7463493644625, "CDI": 0.99071887640182599, "log_population": 1.6812412373755872 }, "geometry": { "type": "Polygon", "coordinates": [ [ [ 11.173472641431077, 43.786976058803248 ], [ 11.174618324713512, 43.787553782050402 ], [ 11.17576074183614, 43.787190174560507 ], [ 11.175839366456502, 43.786289133337206 ], [ 11.174693685452819, 43.785711435729382 ], [ 11.173551312121361, 43.786075030373652 ], [ 11.173472641431077, 43.786976058803248 ] ] ] } },
{ "type": "Feature", "properties": { "id": 590, "snapped_id": 590.0, "centroid_lon": 11.26353, "centroid_lat": 43.76889, "radius": 202.611, "internal_id": 617532047410593791, "population": 1518, "component": 0, "o_score_pt": 398.74006834018462, "o_score_car": 666.21500550916357, "CDI": 0.2511607707564355, "log_population": 3.1815577738627865 }, "geometry": { "type": "Polygon", "coordinates": [ [ [ 11.261224698527254, 43.769626778100346 ], [ 11.263371054417247, 43.770706934639861 ], [ 11.265673925557232, 43.769971732517782 ], [ 11.265830356407383, 43.768156381360441 ], [ 11.263684009185143, 43.767076251643076 ], [ 11.261381222443047, 43.767811446262058 ], [ 11.261224698527254, 43.769626778100346 ] ] ] } },
{ "type": "Feature", "properties": { "id": 591, "snapped_id": 591.0, "centroid_lon": 11.29199, "centroid_lat": 43.82865, "radius": 202.563, "internal_id": 617532047190917119, "population": 0, "component": 0, "o_score_pt": 147.10161472106853, "o_score_car": 505.36335431579482, "CDI": 0.54908961644879506, "log_population": 0.0 }, "geometry": { "type": "Polygon", "coordinates": [ [ [ 11.291909132330288, 43.82860516196088 ], [ 11.292070330556498, 43.828686146524056 ], [ 11.292070331158174, 43.828686139523292 ], [ 11.29190913250874, 43.828605159885775 ], [ 11.291909132330288, 43.82860516196088 ] ] ] } },
{ "type": "Feature", "properties": { "id": 592, "snapped_id": 592.0, "centroid_lon": 11.17958, "centroid_lat": 43.78154, "radius": 202.498, "internal_id": 617532053699166207, "population": 436, "component": 0, "o_score_pt": 5.4347565638798523, "o_score_car": 547.42182897192401, "CDI": 0.98033936212005957, "log_population": 2.6404814369704219 }, "geometry": { "type": "Polygon", "coordinates": [ [ [ 11.177499592127205, 43.782192495099594 ], [ 11.179444609275693, 43.783173241664194 ], [ 11.1815156365286, 43.782513892357031 ], [ 11.181657936998221, 43.78088185139687 ], [ 11.179712926965784, 43.779901133147426 ], [ 11.177641976189527, 43.780560472585783 ], [ 11.177499592127205, 43.782192495099594 ] ] ] } },
{ "type": "Feature", "properties": { "id": 593, "snapped_id": 593.0, "centroid_lon": 11.26762, "centroid_lat": 43.79936, "radius": 202.575, "internal_id": 617532047366815743, "population": 7, "component": 0, "o_score_pt": 200.54624830687499, "o_score_car": 682.59351867238831, "CDI": 0.54583350041447298, "log_population": 0.90308998699194354 }, "geometry": { "type": "Polygon", "coordinates": [ [ [ 11.267164163433407, 43.799448944616536 ], [ 11.267661570935712, 43.799699116367947 ], [ 11.268051271985918, 43.79957479499371 ], [ 11.268077790687073, 43.799267079055745 ], [ 11.267580381626686, 43.799016920585935 ], [ 11.267190697769982, 43.799141234898883 ], [ 11.267164163433407, 43.799448944616536 ] ] ] } },
{ "type": "Feature", "properties": { "id": 594, "snapped_id": 594.0, "centroid_lon": 11.27851, "centroid_lat": 43.80294, "radius": 202.582, "internal_id": 617532047445458943, "population": 151, "component": 0, "o_score_pt": 209.42632582391889, "o_score_car": 647.4333566103353, "CDI": 0.51117708040840648, "log_population": 2.1818435879447726 }, "geometry": { "type": "Polygon", "coordinates": [ [ [ 11.276862856662488, 43.803449886839239 ], [ 11.278427623103811, 43.804236611125582 ], [ 11.280055434825558, 43.803717208608489 ], [ 11.280165802983698, 43.80243470070598 ], [ 11.278601041645965, 43.801648005169987 ], [ 11.276973290602427, 43.802167394861669 ], [ 11.276862856662488, 43.803449886839239 ] ] ] } },
{ "type": "Feature", "properties": { "id": 595, "snapped_id": 595.0, "centroid_lon": 11.25405, "centroid_lat": 43.74897, "radius": 202.627, "internal_id": 617532049977769983, "population": 28, "component": 0, "o_score_pt": 8.1764431845319354, "o_score_car": 581.77419649638898, "CDI": 0.97228092442122183, "log_population": 1.4623979978989561 }, "geometry": { "type": "Polygon", "coordinates": [ [ [ 11.253071699848702, 43.749239733117264 ], [ 11.254034752009483, 43.749724675970974 ], [ 11.254965111284875, 43.749427560314516 ], [ 11.255028468363031, 43.748692954713214 ], [ 11.254065417533322, 43.74820803493084 ], [ 11.253135094444957, 43.748505138574053 ], [ 11.253071699848702, 43.749239733117264 ] ] ] } },
{ "type": "Feature", "properties": { "id": 596, "snapped_id": 596.0, "centroid_lon": 11.21355, "centroid_lat": 43.7513, "radius": 202.578, "internal_id": 617532049801871359, "population": 0, "component": 0, "o_score_pt": 4.126505412759351, "o_score_car": 537.25984323031503, "CDI": 0.98475578328451763, "log_population": 0.0 }, "geometry": { "type": "Polygon", "coordinates": [ [ [ 11.213472376692609, 43.751259267701997 ], [ 11.213631788259539, 43.751339620375227 ], [ 11.213631788865904, 43.751339613383941 ], [ 11.213472376875234, 43.751259265597618 ], [ 11.213472376692609, 43.751259267701997 ] ] ] } },
{ "type": "Feature", "properties": { "id": 597, "snapped_id": 597.0, "centroid_lon": 11.16282, "centroid_lat": 43.79393, "radius": 202.463, "internal_id": 617532053706506239, "population": 583, "component": 0, "o_score_pt": 8.1533776526313808, "o_score_car": 485.5558181698288, "CDI": 0.96697093057361905, "log_population": 2.7664128471123997 }, "geometry": { "type": "Polygon", "coordinates": [ [ [ 11.160625824793746, 43.794621497464746 ], [ 11.162675734797087, 43.795655366210134 ], [ 11.164868969649927, 43.794957698500966 ], [ 11.165019995500955, 43.793229994266376 ], [ 11.162970093182755, 43.792196153157228 ], [ 11.160776939166018, 43.792893812245232 ], [ 11.160625824793746, 43.794621497464746 ] ] ] } },
{ "type": "Feature", "properties": { "id": 598, "snapped_id": 598.0, "centroid_lon": 11.28133, "centroid_lat": 43.77027, "radius": 202.629, "internal_id": 617532047409020927, "population": 1170, "component": 0, "o_score_pt": 327.63016073907761, "o_score_car": 669.12204136713649, "CDI": 0.34260459109742641, "log_population": 3.068556895072363 }, "geometry": { "type": "Polygon", "coordinates": [ [ [ 11.279022394340089, 43.771005597344157 ], [ 11.281169198905344, 43.77208545966436 ], [ 11.283472146339145, 43.771349886092985 ], [ 11.283628204852249, 43.769534457733982 ], [ 11.281481409028963, 43.768454622234401 ], [ 11.279178545948616, 43.769190188274386 ], [ 11.279022394340089, 43.771005597344157 ] ] ] } },
{ "type": "Feature", "properties": { "id": 599, "snapped_id": 599.0, "centroid_lon": 11.2303, "centroid_lat": 43.7389, "radius": 202.613, "internal_id": 617532049794531327, "population": 652, "component": 0, "o_score_pt": 164.42467845109846, "o_score_car": 556.87785802962742, "CDI": 0.54408955983064933, "log_population": 2.8149131812750738 }, "geometry": { "type": "Polygon", "coordinates": [ [ [ 11.228054821301374, 43.739608848787086 ], [ 11.230145256924436, 43.740662291104456 ], [ 11.232384122037763, 43.739947586244554 ], [ 11.232536894725433, 43.738181623897781 ], [ 11.230446467293305, 43.737128208904508 ], [ 11.228207684387158, 43.737842905572002 ], [ 11.228054821301374, 43.739608848787086 ] ] ] } },
{ "type": "Feature", "properties": { "id": 600, "snapped_id": 600.0, "centroid_lon": 11.26516, "centroid_lat": 43.80191, "radius": 202.569, "internal_id": 617532047443886079, "population": 109, "component": 0, "o_score_pt": 199.69172750293939, "o_score_car": 662.42487802697121, "CDI": 0.53674079301558886, "log_population": 2.0413926851582249 }, "geometry": { "type": "Polygon", "coordinates": [ [ [ 11.263640554826798, 43.802369317253095 ], [ 11.265087896497214, 43.803097267333918 ], [ 11.266579661293967, 43.802621442720238 ], [ 11.266680998482267, 43.801446017853152 ], [ 11.26523366114789, 43.80071809602812 ], [ 11.263741952275945, 43.801193907488305 ], [ 11.263640554826798, 43.802369317253095 ] ] ] } },
{ "type": "Feature", "properties": { "id": 601, "snapped_id": 601.0, "centroid_lon": 11.218, "centroid_lat": 43.75165, "radius": 202.582, "internal_id": 617532049800298495, "population": 56, "component": 0, "o_score_pt": 5.4620120562568255, "o_score_car": 547.69013094166064, "CDI": 0.98025132099586776, "log_population": 1.7558748556724915 }, "geometry": { "type": "Polygon", "coordinates": [ [ [ 11.216746671013313, 43.752014595599597 ], [ 11.217954227241901, 43.752623193912044 ], [ 11.219168476081398, 43.752235849410191 ], [ 11.219251544048014, 43.75127751252878 ], [ 11.218043990577888, 43.750668940551911 ], [ 11.216829787962677, 43.751056272000298 ], [ 11.216746671013313, 43.752014595599597 ] ] ] } },
{ "type": "Feature", "properties": { "id": 602, "snapped_id": 602.0, "centroid_lon": 11.17863, "centroid_lat": 43.79242, "radius": 202.483, "internal_id": 617532053670068223, "population": 888, "component": 0, "o_score_pt": 9.2459311360780436, "o_score_car": 558.68483072439346, "CDI": 0.96743993543935003, "log_population": 2.9489017609702137 }, "geometry": { "type": "Polygon", "coordinates": [ [ [ 11.176325733096377, 43.79315747929553 ], [ 11.178470720614907, 43.794238885834396 ], [ 11.180774056048222, 43.793505830157379 ], [ 11.180932319290601, 43.791691375316262 ], [ 11.178787340091946, 43.790609995596668 ], [ 11.176484089329044, 43.791343043900056 ], [ 11.176325733096377, 43.79315747929553 ] ] ] } },
{ "type": "Feature", "properties": { "id": 603, "snapped_id": 603.0, "centroid_lon": 11.20608, "centroid_lat": 43.73427, "radius": 202.592, "internal_id": 617532049835163647, "population": 12, "component": 0, "o_score_pt": 35.735029887441861, "o_score_car": 456.1635020805586, "CDI": 0.85470568596953445, "log_population": 1.1139433523068367 }, "geometry": { "type": "Polygon", "coordinates": [ [ [ 11.205424540616876, 43.734426118414333 ], [ 11.206096565188647, 43.734765017150394 ], [ 11.206689282689446, 43.734575909323169 ], [ 11.206729998713925, 43.734106766680284 ], [ 11.206057973629036, 43.73376788547111 ], [ 11.205465280505525, 43.733956983958159 ], [ 11.205424540616876, 43.734426118414333 ] ] ] } },
{ "type": "Feature", "properties": { "id": 604, "snapped_id": 604.0, "centroid_lon": 11.23568, "centroid_lat": 43.72835, "radius": 202.634, "internal_id": 617532050011062271, "population": 0, "component": 0, "o_score_pt": 0.40428667768395771, "o_score_car": 484.23579791485628, "CDI": 0.99833160033378643, "log_population": 0.0 }, "geometry": { "type": "Polygon", "coordinates": [ [ [ 11.235605260760485, 43.728306373889794 ], [ 11.235764183621932, 43.728386465186396 ], [ 11.235764184225815, 43.728386458199125 ], [ 11.235605260943709, 43.728306371771069 ], [ 11.235605260760485, 43.728306373889794 ] ] ] } },
{ "type": "Feature", "properties": { "id": 605, "snapped_id": 605.0, "centroid_lon": 11.29081, "centroid_lat": 43.79019, "radius": 202.613, "internal_id": 617532047372582911, "population": 3, "component": 0, "o_score_pt": 5.3006416989462233, "o_score_car": 561.12932134992025, "CDI": 0.98128403493905925, "log_population": 0.6020599913279624 }, "geometry": { "type": "Polygon", "coordinates": [ [ [ 11.290637458178113, 43.79018380754281 ], [ 11.290883408121713, 43.790307453761855 ], [ 11.290981757774837, 43.790276049161811 ], [ 11.290988471969392, 43.790197873992348 ], [ 11.290742518920304, 43.790074233827099 ], [ 11.290644176204854, 43.790105635624805 ], [ 11.290637458178113, 43.79018380754281 ] ] ] } },
{ "type": "Feature", "properties": { "id": 606, "snapped_id": 606.0, "centroid_lon": 11.28578, "centroid_lat": 43.77061, "radius": 202.634, "internal_id": 617532047407448063, "population": 1021, "component": 0, "o_score_pt": 272.35567819287797, "o_score_car": 640.70213417981836, "CDI": 0.40342073743364121, "log_population": 3.0094508957986941 }, "geometry": { "type": "Polygon", "coordinates": [ [ [ 11.283472146339145, 43.771349886092985 ], [ 11.28561906302269, 43.772429674829809 ], [ 11.28792202946078, 43.771694008386199 ], [ 11.288077994871021, 43.769878560745418 ], [ 11.285931086948018, 43.76879879882884 ], [ 11.283628204852249, 43.769534457733982 ], [ 11.283472146339145, 43.771349886092985 ] ] ] } },
{ "type": "Feature", "properties": { "id": 607, "snapped_id": 607.0, "centroid_lon": 11.29502, "centroid_lat": 43.74117, "radius": 202.684, "internal_id": 617532049935564799, "population": 448, "component": 0, "o_score_pt": 115.78301650943068, "o_score_car": 517.84826840198457, "CDI": 0.63454135151922708, "log_population": 2.6522463410033232 }, "geometry": { "type": "Polygon", "coordinates": [ [ [ 11.292931617184925, 43.741832477040155 ], [ 11.294887802527589, 43.742816588654883 ], [ 11.296969487783475, 43.742150865253713 ], [ 11.297110299469759, 43.740508665635801 ], [ 11.295154121732532, 43.739524582283678 ], [ 11.293072512998108, 43.740190295757081 ], [ 11.292931617184925, 43.741832477040155 ] ] ] } },
{ "type": "Feature", "properties": { "id": 608, "snapped_id": 608.0, "centroid_lon": 11.28449, "centroid_lat": 43.81163, "radius": 202.578, "internal_id": 617532047442313215, "population": 0, "component": 0, "o_score_pt": 174.45729940529881, "o_score_car": 621.15861036939737, "CDI": 0.56145346702606302, "log_population": 0.0 }, "geometry": { "type": "Polygon", "coordinates": [ [ [ 11.284408703778588, 43.811585197820797 ], [ 11.284569516943252, 43.811666027573693 ], [ 11.284569517545128, 43.811666020575274 ], [ 11.284408703957819, 43.811585195738026 ], [ 11.284408703778588, 43.811585197820797 ] ] ] } },
{ "type": "Feature", "properties": { "id": 609, "snapped_id": 609.0, "centroid_lon": 11.23579, "centroid_lat": 43.75303, "radius": 202.601, "internal_id": 617532049798725631, "population": 296, "component": 0, "o_score_pt": 176.45994140188262, "o_score_car": 642.85093192619377, "CDI": 0.56924789564895029, "log_population": 2.4727564493172123 }, "geometry": { "type": "Polygon", "coordinates": [ [ [ 11.233866639007674, 43.753633049232668 ], [ 11.235672224725223, 43.754542605876104 ], [ 11.237580354668049, 43.753933630954194 ], [ 11.237710483464888, 43.752428743737269 ], [ 11.235904904212857, 43.75151921593914 ], [ 11.233996844852566, 43.752128179587537 ], [ 11.233866639007674, 43.753633049232668 ] ] ] } },
{ "type": "Feature", "properties": { "id": 610, "snapped_id": 209.0, "centroid_lon": 11.27629, "centroid_lat": 43.75069, "radius": 202.65, "internal_id": 617532049974624255, "population": 13, "component": 0, "o_score_pt": 3.9815378573540343, "o_score_car": 589.41340006201688, "CDI": 0.9865804791954762, "log_population": 1.146128035678238 }, "geometry": { "type": "Polygon", "coordinates": [ [ [ 11.275608005470563, 43.750860548856302 ], [ 11.276307332764022, 43.751212482875225 ], [ 11.27693177943053, 43.751012943974025 ], [ 11.276974202893406, 43.750519565271333 ], [ 11.276274875331209, 43.750167649357671 ], [ 11.275650454078937, 43.75036717857067 ], [ 11.275608005470563, 43.750860548856302 ] ] ] } },
{ "type": "Feature", "properties": { "id": 611, "snapped_id": 679.0, "centroid_lon": 11.1668, "centroid_lat": 43.79972, "radius": 202.459, "internal_id": 617532053668495359, "population": 0, "component": 0, "o_score_pt": 5.500893718658058, "o_score_car": 524.86389133880039, "CDI": 0.97925618791578661, "log_population": 0.0 }, "geometry": { "type": "Polygon", "coordinates": [ [ [ 11.166715037939294, 43.799677090434358 ], [ 11.166875482918089, 43.799757996143754 ], [ 11.166875483529719, 43.79975798914392 ], [ 11.16671503812063, 43.799677088360333 ], [ 11.166715037939294, 43.799677090434358 ] ] ] } },
{ "type": "Feature", "properties": { "id": 612, "snapped_id": 612.0, "centroid_lon": 11.28355, "centroid_lat": 43.82251, "radius": 202.562, "internal_id": 617532047195111423, "population": 16, "component": 0, "o_score_pt": 129.5500553369823, "o_score_car": 574.22369928789533, "CDI": 0.63184175458195524, "log_population": 1.2304489213782739 }, "geometry": { "type": "Polygon", "coordinates": [ [ [ 11.282789278169865, 43.822710807839997 ], [ 11.283560363151231, 43.823098315616214 ], [ 11.284267374384294, 43.822872815174271 ], [ 11.284315297413404, 43.822315784692854 ], [ 11.283544212585094, 43.821928296502882 ], [ 11.282837229683787, 43.822153786494319 ], [ 11.282789278169865, 43.822710807839997 ] ] ] } },
{ "type": "Feature", "properties": { "id": 613, "snapped_id": 613.0, "centroid_lon": 11.17116, "centroid_lat": 43.7754, "radius": 202.497, "internal_id": 617532053703360511, "population": 12, "component": 0, "o_score_pt": 2.946175776583857, "o_score_car": 505.54976325521051, "CDI": 0.98841219545550918, "log_population": 1.1139433523068367 }, "geometry": { "type": "Polygon", "coordinates": [ [ [ 11.17050561052729, 43.775555636316945 ], [ 11.171178332450404, 43.775894959466527 ], [ 11.171771344022183, 43.775706172765403 ], [ 11.171812268640464, 43.775237283955818 ], [ 11.171139546146147, 43.774897978347667 ], [ 11.170546559017392, 43.775086755720352 ], [ 11.17050561052729, 43.775555636316945 ] ] ] } },
{ "type": "Feature", "properties": { "id": 614, "snapped_id": 614.0, "centroid_lon": 11.19832, "centroid_lat": 43.77204, "radius": 202.533, "internal_id": 617532049868455935, "population": 370, "component": 0, "o_score_pt": 51.597435527143617, "o_score_car": 640.84168912460132, "CDI": 0.85096903485026498, "log_population": 2.5693739096150461 }, "geometry": { "type": "Polygon", "coordinates": [ [ [ 11.196305402666896, 43.772672523023978 ], [ 11.19819129475154, 43.773623148868531 ], [ 11.200193296797542, 43.772985254974358 ], [ 11.20033051357828, 43.771407167063451 ], [ 11.198444628319143, 43.770456569811053 ], [ 11.196442700264615, 43.771094453204967 ], [ 11.196305402666896, 43.772672523023978 ] ] ] } },
{ "type": "Feature", "properties": { "id": 615, "snapped_id": 615.0, "centroid_lon": 11.27243, "centroid_lat": 43.76958, "radius": 202.62, "internal_id": 617532047405875199, "population": 1144, "component": 0, "o_score_pt": 393.37028333890078, "o_score_car": 691.83944332519889, "CDI": 0.27503362037104367, "log_population": 3.0588054866759067 }, "geometry": { "type": "Polygon", "coordinates": [ [ [ 11.270123283901277, 43.770316520541137 ], [ 11.27226986416931, 43.771396529993872 ], [ 11.274572773511503, 43.77066114215507 ], [ 11.274729018208019, 43.768845752381992 ], [ 11.272582446644842, 43.767765769750675 ], [ 11.270279621678318, 43.768501150072204 ], [ 11.270123283901277, 43.770316520541137 ] ] ] } },
{ "type": "Feature", "properties": { "id": 616, "snapped_id": 616.0, "centroid_lon": 11.22396, "centroid_lat": 43.76033, "radius": 202.577, "internal_id": 617532049797152767, "population": 7, "component": 0, "o_score_pt": 5.4526190552019278, "o_score_car": 600.63849261751488, "CDI": 0.98200726276894723, "log_population": 0.90308998699194354 }, "geometry": { "type": "Polygon", "coordinates": [ [ [ 11.223505919870158, 43.760425701147923 ], [ 11.22400265477834, 43.760675978663279 ], [ 11.224391704546532, 43.760551880914548 ], [ 11.224418397610103, 43.760243734879083 ], [ 11.223921661125043, 43.759993470646791 ], [ 11.223532628560831, 43.760117561355734 ], [ 11.223505919870158, 43.760425701147923 ] ] ] } },
{ "type": "Feature", "properties": { "id": 617, "snapped_id": 617.0, "centroid_lon": 11.26295, "centroid_lat": 43.74966, "radius": 202.636, "internal_id": 617532049973051391, "population": 5, "component": 0, "o_score_pt": 12.252120915449051, "o_score_car": 579.5935538574405, "CDI": 0.95859690646501516, "log_population": 0.77815125038364363 }, "geometry": { "type": "Polygon", "coordinates": [ [ [ 11.262606653015455, 43.74970684377665 ], [ 11.262998948231006, 43.749904336884633 ], [ 11.263267220963048, 43.749818641640537 ], [ 11.263285553370386, 43.749605825591836 ], [ 11.262893255971271, 43.74940834292476 ], [ 11.262624996159749, 43.749494032749119 ], [ 11.262606653015455, 43.74970684377665 ] ] ] } },
{ "type": "Feature", "properties": { "id": 618, "snapped_id": 618.0, "centroid_lon": 11.18459, "centroid_lat": 43.80111, "radius": 202.478, "internal_id": 617532053666922495, "population": 225, "component": 0, "o_score_pt": 4.1210551985905175, "o_score_car": 566.20582334292783, "CDI": 0.98554844474758341, "log_population": 2.3541084391474008 }, "geometry": { "type": "Polygon", "coordinates": [ [ [ 11.182777571342644, 43.801673687523447 ], [ 11.184484483843542, 43.802533983523205 ], [ 11.186278729571271, 43.801962992632426 ], [ 11.186401947720618, 43.800549439846677 ], [ 11.18469504091194, 43.799689172809671 ], [ 11.182900861920562, 43.80026015175639 ], [ 11.182777571342644, 43.801673687523447 ] ] ] } },
{ "type": "Feature", "properties": { "id": 619, "snapped_id": 619.0, "centroid_lon": 11.22831, "centroid_lat": 43.736, "radius": 202.615, "internal_id": 617532049832017919, "population": 553, "component": 0, "o_score_pt": 178.01634915935378, "o_score_car": 564.10873787328717, "CDI": 0.52025244188646036, "log_population": 2.7435097647284299 }, "geometry": { "type": "Polygon", "coordinates": [ [ [ 11.226133966285907, 43.736689047814352 ], [ 11.228164749498426, 43.737712531597126 ], [ 11.23033443907695, 43.737019890520706 ], [ 11.230482536414263, 43.735308331872318 ], [ 11.228451761020152, 43.734284875877897 ], [ 11.226282151219797, 43.734977508006835 ], [ 11.226133966285907, 43.736689047814352 ] ] ] } },
{ "type": "Feature", "properties": { "id": 620, "snapped_id": 620.0, "centroid_lon": 11.288, "centroid_lat": 43.82286, "radius": 202.566, "internal_id": 617532047193538559, "population": 1, "component": 0, "o_score_pt": 111.50638388145896, "o_score_car": 569.18638261847821, "CDI": 0.67237382452346284, "log_population": 0.3010299956639812 }, "geometry": { "type": "Polygon", "coordinates": [ [ [ 11.287924383677563, 43.822817336217689 ], [ 11.288085449707948, 43.822898270520724 ], [ 11.288085450309813, 43.82289826352072 ], [ 11.287924383856298, 43.822817334140161 ], [ 11.287924383677563, 43.822817336217689 ] ] ] } },
{ "type": "Feature", "properties": { "id": 621, "snapped_id": 621.0, "centroid_lon": 11.15782, "centroid_lat": 43.77435, "radius": 202.483, "internal_id": 617532053701787647, "population": 28, "component": 0, "o_score_pt": 0.37211615385269881, "o_score_car": 507.37152904809858, "CDI": 0.99853423609583658, "log_population": 1.4623979978989561 }, "geometry": { "type": "Polygon", "coordinates": [ [ [ 11.156839283576634, 43.774622504515186 ], [ 11.157802247203215, 43.77510840038984 ], [ 11.158732514913252, 43.774812353220696 ], [ 11.158796730993016, 43.774077922035893 ], [ 11.157833768519113, 43.773592049252059 ], [ 11.156903537147953, 43.77388808448255 ], [ 11.156839283576634, 43.774622504515186 ] ] ] } },
{ "type": "Feature", "properties": { "id": 622, "snapped_id": 622.0, "centroid_lon": 11.23013, "centroid_lat": 43.81837, "radius": 202.507, "internal_id": 617532047931998207, "population": 233, "component": 0, "o_score_pt": 107.31647662144742, "o_score_car": 572.12803510814683, "CDI": 0.68410525136699518, "log_population": 2.369215857410143 }, "geometry": { "type": "Polygon", "coordinates": [ [ [ 11.228304257086526, 43.818933978031218 ], [ 11.230024951794453, 43.819799953600281 ], [ 11.231834370625927, 43.819223666200095 ], [ 11.231957858243286, 43.817798705859509 ], [ 11.230237169454693, 43.816932759243393 ], [ 11.228427817804841, 43.817509034716736 ], [ 11.228304257086526, 43.818933978031218 ] ] ] } },
{ "type": "Feature", "properties": { "id": 623, "snapped_id": 623.0, "centroid_lon": 11.21857, "centroid_lat": 43.77088, "radius": 202.557, "internal_id": 617532049865834495, "population": 1690, "component": 0, "o_score_pt": 397.58831818904457, "o_score_car": 655.43723202729211, "CDI": 0.24486482192694589, "log_population": 3.2281436075977417 }, "geometry": { "type": "Polygon", "coordinates": [ [ [ 11.216267258039798, 43.771613304918993 ], [ 11.21841262020213, 43.772694176431905 ], [ 11.220715448295307, 43.771959980605054 ], [ 11.220872829703133, 43.770144920699067 ], [ 11.218727476022231, 43.76906407601026 ], [ 11.216424732450102, 43.769798264404521 ], [ 11.216267258039798, 43.771613304918993 ] ] ] } },
{ "type": "Feature", "properties": { "id": 624, "snapped_id": 624.0, "centroid_lon": 11.21611, "centroid_lat": 43.77343, "radius": 202.551, "internal_id": 617532049866883071, "population": 1181, "component": 0, "o_score_pt": 460.83211049611981, "o_score_car": 699.57671395624197, "CDI": 0.2057418027416279, "log_population": 3.0726174765452368 }, "geometry": { "type": "Polygon", "coordinates": [ [ [ 11.213806918333795, 43.774162389868465 ], [ 11.215952288967854, 43.775243288204805 ], [ 11.218255182169393, 43.774509177771364 ], [ 11.21841262020213, 43.772694176431905 ], [ 11.216267258039798, 43.771613304918993 ], [ 11.213964449371003, 43.772347407923249 ], [ 11.213806918333795, 43.774162389868465 ] ] ] } },
{ "type": "Feature", "properties": { "id": 625, "snapped_id": 625.0, "centroid_lon": 11.27559, "centroid_lat": 43.81094, "radius": 202.568, "internal_id": 617532047439167487, "population": 309, "component": 0, "o_score_pt": 149.95951831901246, "o_score_car": 538.00834123487516, "CDI": 0.5640508019771342, "log_population": 2.4913616938342726 }, "geometry": { "type": "Polygon", "coordinates": [ [ [ 11.273644542958383, 43.811544619589128 ], [ 11.275467785686633, 43.812461243218557 ], [ 11.277395438889014, 43.811846363148739 ], [ 11.277526176847239, 43.810328030164222 ], [ 11.275702940823528, 43.809411435329586 ], [ 11.273775358846937, 43.810026304186962 ], [ 11.273644542958383, 43.811544619589128 ] ] ] } },
{ "type": "Feature", "properties": { "id": 626, "snapped_id": 626.0, "centroid_lon": 11.22784, "centroid_lat": 43.74145, "radius": 202.607, "internal_id": 617532049795579903, "population": 85, "component": 0, "o_score_pt": 175.21320507998428, "o_score_car": 526.27977490878686, "CDI": 0.50045628373133844, "log_population": 1.9344984512435677 }, "geometry": { "type": "Polygon", "coordinates": [ [ [ 11.226417723510982, 43.741872598759343 ], [ 11.227774092483733, 43.742556139316427 ], [ 11.229161055916869, 43.742113444047824 ], [ 11.229255790615529, 43.741018795344495 ], [ 11.227899425335947, 43.740335282470227 ], [ 11.226512514174766, 43.74077796453966 ], [ 11.226417723510982, 43.741872598759343 ] ] ] } },
{ "type": "Feature", "properties": { "id": 627, "snapped_id": 627.0, "centroid_lon": 11.18904, "centroid_lat": 43.80146, "radius": 202.483, "internal_id": 617532053665349631, "population": 105, "component": 0, "o_score_pt": 8.9882564496834458, "o_score_car": 597.82930294120899, "CDI": 0.97037575359979478, "log_population": 2.0253058652647704 }, "geometry": { "type": "Polygon", "coordinates": [ [ [ 11.187533657001177, 43.801914991014762 ], [ 11.188966576971632, 43.802637107998294 ], [ 11.190442467055519, 43.802167371835502 ], [ 11.19054378697229, 43.801004337641281 ], [ 11.189110871047115, 43.800282248847012 ], [ 11.187635036480467, 43.800751971923823 ], [ 11.187533657001177, 43.801914991014762 ] ] ] } },
{ "type": "Feature", "properties": { "id": 628, "snapped_id": 628.0, "centroid_lon": 11.25029, "centroid_lat": 43.79253, "radius": 202.564, "internal_id": 617532047367864319, "population": 2156, "component": 0, "o_score_pt": 485.36784078983032, "o_score_car": 695.99024861302871, "CDI": 0.1782883697267961, "log_population": 3.3338501451025451 }, "geometry": { "type": "Polygon", "coordinates": [ [ [ 11.247985334446154, 43.793266801949549 ], [ 11.250131992622023, 43.794347052764387 ], [ 11.252435489490633, 43.793612433277502 ], [ 11.252592243700434, 43.79179757046365 ], [ 11.250445594142233, 43.790717346464106 ], [ 11.248142181754604, 43.791451958464293 ], [ 11.247985334446154, 43.793266801949549 ] ] ] } },
{ "type": "Feature", "properties": { "id": 629, "snapped_id": 629.0, "centroid_lon": 11.21497, "centroid_lat": 43.73496, "radius": 202.601, "internal_id": 617532049830445055, "population": 22, "component": 0, "o_score_pt": 1.2238896000323496, "o_score_car": 550.03664642240187, "CDI": 0.99555966908546323, "log_population": 1.3617278360175928 }, "geometry": { "type": "Polygon", "coordinates": [ [ [ 11.214085173277834, 43.735200217403609 ], [ 11.214963782979586, 43.735643188517273 ], [ 11.215796327473003, 43.735377501402745 ], [ 11.21585336795073, 43.734719473444322 ], [ 11.214974759003541, 43.734276523990651 ], [ 11.214142247309253, 43.734542199735571 ], [ 11.214085173277834, 43.735200217403609 ] ] ] } },
{ "type": "Feature", "properties": { "id": 630, "snapped_id": 234.0, "centroid_lon": 11.27465, "centroid_lat": 43.82182, "radius": 202.553, "internal_id": 617532047191965695, "population": 0, "component": 0, "o_score_pt": 0.50208166386396547, "o_score_car": 447.51154747998498, "CDI": 0.99775863218793837, "log_population": 0.0 }, "geometry": { "type": "Polygon", "coordinates": [ [ [ 11.274566926255702, 43.821783344508574 ], [ 11.274727957910057, 43.821864290802651 ], [ 11.274727958513036, 43.821864283802448 ], [ 11.274566926434661, 43.821783342432227 ], [ 11.274566926255702, 43.821783344508574 ] ] ] } },
{ "type": "Feature", "properties": { "id": 631, "snapped_id": null, "centroid_lon": 11.2145, "centroid_lat": 43.74041, "radius": 202.593, "internal_id": 617532049830969343, "population": 17, "component": 0, "o_score_pt": 1.4036546854351593, "o_score_car": 567.82372040842824, "CDI": 0.99506821088777142, "log_population": 1.255272505103306 }, "geometry": { "type": "Polygon", "coordinates": [ [ [ 11.213712142429671, 43.74061234901346 ], [ 11.214502113512093, 43.741010600072727 ], [ 11.215231715279224, 43.740777804294666 ], [ 11.215281725219981, 43.740200986821456 ], [ 11.214491754349389, 43.739802755759875 ], [ 11.213762181764821, 43.740035540945648 ], [ 11.213712142429671, 43.74061234901346 ] ] ] } },
{ "type": "Feature", "properties": { "id": 632, "snapped_id": 632.0, "centroid_lon": 11.24411, "centroid_lat": 43.73449, "radius": 202.635, "internal_id": 617532050006867967, "population": 1, "component": 0, "o_score_pt": 2.855541862807518, "o_score_car": 545.54014867319529, "CDI": 0.98958583405344958, "log_population": 0.3010299956639812 }, "geometry": { "type": "Polygon", "coordinates": [ [ [ 11.244027632584046, 43.734445060912989 ], [ 11.244186698844764, 43.734525198910802 ], [ 11.244186699448088, 43.734525191922828 ], [ 11.244027632766905, 43.734445058796304 ], [ 11.244027632584046, 43.734445060912989 ] ] ] } },
{ "type": "Feature", "properties": { "id": 633, "snapped_id": 633.0, "centroid_lon": 11.2483, "centroid_lat": 43.78964, "radius": 202.566, "internal_id": 617532047368388607, "population": 2106, "component": 0, "o_score_pt": 535.80200379523626, "o_score_car": 686.94231036929307, "CDI": 0.1236074499167286, "log_population": 3.3236645356081 }, "geometry": { "type": "Polygon", "coordinates": [ [ [ 11.245995644523807, 43.790371660912612 ], [ 11.248142181754604, 43.791451958464293 ], [ 11.250445594142233, 43.790717346464106 ], [ 11.250602384816732, 43.788902444396435 ], [ 11.248455856194722, 43.787822173661134 ], [ 11.246152528287469, 43.788556778178283 ], [ 11.245995644523807, 43.790371660912612 ] ] ] } },
{ "type": "Feature", "properties": { "id": 634, "snapped_id": 634.0, "centroid_lon": 11.17712, "centroid_lat": 43.78408, "radius": 202.492, "internal_id": 617532053700214783, "population": 154, "component": 0, "o_score_pt": 7.1733286152646096, "o_score_car": 558.1891662953683, "CDI": 0.974623967172076, "log_population": 2.1903316981702914 }, "geometry": { "type": "Polygon", "coordinates": [ [ [ 11.175458644822447, 43.784593911693186 ], [ 11.17702854470388, 43.785385530595093 ], [ 11.178663812142409, 43.784864986414938 ], [ 11.178776244813488, 43.783576001288012 ], [ 11.177206349776052, 43.78278441116889 ], [ 11.17557114347813, 43.783304942687465 ], [ 11.175458644822447, 43.784593911693186 ] ] ] } },
{ "type": "Feature", "properties": { "id": 635, "snapped_id": 635.0, "centroid_lon": 11.24458, "centroid_lat": 43.72904, "radius": 202.643, "internal_id": 617532050006343679, "population": 0, "component": 0, "o_score_pt": 0.1542866776839576, "o_score_car": 510.52110556123449, "CDI": 0.99939575440669837, "log_population": 0.0 }, "geometry": { "type": "Polygon", "coordinates": [ [ [ 11.244498127199103, 43.728997449640119 ], [ 11.244657073278956, 43.729077533381286 ], [ 11.244657073882097, 43.729077526394143 ], [ 11.244498127382171, 43.728997447520648 ], [ 11.244498127199103, 43.728997449640119 ] ] ] } },
{ "type": "Feature", "properties": { "id": 636, "snapped_id": 636.0, "centroid_lon": 11.21678, "centroid_lat": 43.81733, "radius": 202.493, "internal_id": 617532047930425343, "population": 0, "component": 0, "o_score_pt": 65.577745471057696, "o_score_car": 581.86952791101135, "CDI": 0.7974267614766547, "log_population": 0.0 }, "geometry": { "type": "Polygon", "coordinates": [ [ [ 11.216698291429912, 43.817285387973349 ], [ 11.216859172846702, 43.817366385538634 ], [ 11.216859173454514, 43.817366378537535 ], [ 11.216698291609848, 43.817285385902018 ], [ 11.216698291429912, 43.817285387973349 ] ] ] } },
{ "type": "Feature", "properties": { "id": 637, "snapped_id": 637.0, "centroid_lon": 11.22747, "centroid_lat": 43.77157, "radius": 202.566, "internal_id": 617532047402729471, "population": 761, "component": 0, "o_score_pt": 360.85844241317398, "o_score_car": 705.05413925126527, "CDI": 0.32291174976152759, "log_population": 2.8819549713396007 }, "geometry": { "type": "Polygon", "coordinates": [ [ [ 11.225163770365324, 43.772306490029067 ], [ 11.227309357343016, 43.773387214659643 ], [ 11.229612224202061, 43.772652833175577 ], [ 11.229769419582535, 43.770837734508859 ], [ 11.227623841123338, 43.769757036701691 ], [ 11.22532105876321, 43.770491410738998 ], [ 11.225163770365324, 43.772306490029067 ] ] ] } },
{ "type": "Feature", "properties": { "id": 638, "snapped_id": 638.0, "centroid_lon": 11.22056, "centroid_lat": 43.77378, "radius": 202.556, "internal_id": 617532049865310207, "population": 1360, "component": 0, "o_score_pt": 490.49910223850469, "o_score_car": 714.46567289038637, "CDI": 0.18586980737916151, "log_population": 3.1338581252033348 }, "geometry": { "type": "Polygon", "coordinates": [ [ [ 11.218255182169393, 43.774509177771364 ], [ 11.220400665239747, 43.775590002671905 ], [ 11.222703577854581, 43.774855799408769 ], [ 11.222860922875389, 43.773040778682528 ], [ 11.220715448295307, 43.771959980605054 ], [ 11.21841262020213, 43.772694176431905 ], [ 11.218255182169393, 43.774509177771364 ] ] ] } },
{ "type": "Feature", "properties": { "id": 639, "snapped_id": 639.0, "centroid_lon": 11.18705, "centroid_lat": 43.79856, "radius": 202.484, "internal_id": 617532053665873919, "population": 217, "component": 0, "o_score_pt": 7.7520033660856944, "o_score_car": 537.85714638832803, "CDI": 0.97158404191141245, "log_population": 2.3384564936046046 }, "geometry": { "type": "Polygon", "coordinates": [ [ [ 11.185253935567994, 43.799121196678861 ], [ 11.186947783233034, 43.79997489017687 ], [ 11.188726822978996, 43.799408656273833 ], [ 11.188848957796489, 43.798006983770797 ], [ 11.187155115752669, 43.797153319235619 ], [ 11.185376142199912, 43.797719541107774 ], [ 11.185253935567994, 43.799121196678861 ] ] ] } },
{ "type": "Feature", "properties": { "id": 640, "snapped_id": 640.0, "centroid_lon": 11.22642, "centroid_lat": 43.75778, "radius": 202.584, "internal_id": 617532049796104191, "population": 0, "component": 0, "o_score_pt": 10.237901353607898, "o_score_car": 594.75052420314921, "CDI": 0.96615505050634265, "log_population": 0.0 }, "geometry": { "type": "Polygon", "coordinates": [ [ [ 11.226342118097223, 43.757744750423058 ], [ 11.226501684970779, 43.757825146045022 ], [ 11.226501685576213, 43.757825139053104 ], [ 11.226342118279407, 43.757744748320356 ], [ 11.226342118097223, 43.757744750423058 ] ] ] } },
{ "type": "Feature", "properties": { "id": 641, "snapped_id": 641.0, "centroid_lon": 11.23228, "centroid_lat": 43.74179, "radius": 202.612, "internal_id": 617532049794007039, "population": 42, "component": 0, "o_score_pt": 158.6847133894664, "o_score_car": 557.49288120957669, "CDI": 0.5568565266878891, "log_population": 1.6334684555795866 }, "geometry": { "type": "Polygon", "coordinates": [ [ [ 11.231145666834038, 43.742120658359759 ], [ 11.232251085491566, 43.742677667314332 ], [ 11.233346772442523, 43.74232790030959 ], [ 11.233421598628675, 43.741462770930745 ], [ 11.232316182138835, 43.740905787107266 ], [ 11.23122053721438, 43.741255541365298 ], [ 11.231145666834038, 43.742120658359759 ] ] ] } },
{ "type": "Feature", "properties": { "id": 642, "snapped_id": 642.0, "centroid_lon": 11.17569, "centroid_lat": 43.80041, "radius": 202.469, "internal_id": 617532053663776767, "population": 19, "component": 0, "o_score_pt": 6.5169108165615617, "o_score_car": 514.13383736593289, "CDI": 0.97496628655846163, "log_population": 1.3010299956639813 }, "geometry": { "type": "Polygon", "coordinates": [ [ [ 11.174863770746857, 43.800634706032355 ], [ 11.175692886792834, 43.801052690991789 ], [ 11.176467379787844, 43.800806276264396 ], [ 11.176520722114923, 43.800195067053792 ], [ 11.175691606434389, 43.799777102844409 ], [ 11.174917144277831, 43.800023506644031 ], [ 11.174863770746857, 43.800634706032355 ] ] ] } },
{ "type": "Feature", "properties": { "id": 643, "snapped_id": 643.0, "centroid_lon": 11.26809, "centroid_lat": 43.79391, "radius": 202.583, "internal_id": 617532047366291455, "population": 65, "component": 0, "o_score_pt": 212.94760722367883, "o_score_car": 654.89487227836992, "CDI": 0.50924825125899797, "log_population": 1.8195439355418688 }, "geometry": { "type": "Polygon", "coordinates": [ [ [ 11.266777466292632, 43.794302859094877 ], [ 11.268039538805603, 43.794937664966675 ], [ 11.269316386322952, 43.794530262570319 ], [ 11.269403102085409, 43.793523853096062 ], [ 11.268141032767321, 43.79288907409088 ], [ 11.266864233611955, 43.793296463277557 ], [ 11.266777466292632, 43.794302859094877 ] ] ] } },
{ "type": "Feature", "properties": { "id": 644, "snapped_id": 644.0, "centroid_lon": 11.20721, "centroid_lat": 43.77273, "radius": 202.542, "internal_id": 617532049863737343, "population": 865, "component": 0, "o_score_pt": 369.78504688711678, "o_score_car": 606.707150852891, "CDI": 0.24262570096730551, "log_population": 2.9375178920173468 }, "geometry": { "type": "Polygon", "coordinates": [ [ [ 11.204910786402483, 43.77346831532811 ], [ 11.207055932103533, 43.774549360501673 ], [ 11.209358786395574, 43.773815435715548 ], [ 11.209516410429762, 43.772000473172007 ], [ 11.207371273163362, 43.770919454822568 ], [ 11.205068503426141, 43.771653372193683 ], [ 11.204910786402483, 43.77346831532811 ] ] ] } },
{ "type": "Feature", "properties": { "id": 645, "snapped_id": 645.0, "centroid_lon": 11.2361, "centroid_lat": 43.82705, "radius": 202.502, "internal_id": 617532047928852479, "population": 7, "component": 0, "o_score_pt": 6.3812237352433616, "o_score_car": 472.7969833673161, "CDI": 0.97336596848246237, "log_population": 0.90308998699194354 }, "geometry": { "type": "Polygon", "coordinates": [ [ [ 11.235643336031067, 43.827140751237593 ], [ 11.23614125537298, 43.82739126791828 ], [ 11.236531047121291, 43.827267130018782 ], [ 11.236557689175783, 43.826959504994882 ], [ 11.236059768236165, 43.82670900160845 ], [ 11.235669993723146, 43.826833132453366 ], [ 11.235643336031067, 43.827140751237593 ] ] ] } },
{ "type": "Feature", "properties": { "id": 646, "snapped_id": 646.0, "centroid_lon": 11.23192, "centroid_lat": 43.77192, "radius": 202.571, "internal_id": 617532047401156607, "population": 796, "component": 0, "o_score_pt": 432.0550333598909, "o_score_car": 720.7647714050994, "CDI": 0.2504378714278454, "log_population": 2.9014583213961123 }, "geometry": { "type": "Polygon", "coordinates": [ [ [ 11.229612224202061, 43.772652833175577 ], [ 11.23175792355722, 43.773733484347808 ], [ 11.234060809757768, 43.772999010029118 ], [ 11.234217912113335, 43.771183891993218 ], [ 11.232072221295253, 43.770103267644025 ], [ 11.229769419582535, 43.770837734508859 ], [ 11.229612224202061, 43.772652833175577 ] ] ] } },
{ "type": "Feature", "properties": { "id": 647, "snapped_id": 647.0, "centroid_lon": 11.2306, "centroid_lat": 43.81292, "radius": 202.515, "internal_id": 617532047436021759, "population": 544, "component": 0, "o_score_pt": 124.30245766671104, "o_score_car": 610.09327379914737, "CDI": 0.66148371418607643, "log_population": 2.7363965022766426 }, "geometry": { "type": "Polygon", "coordinates": [ [ [ 11.228433146771232, 43.81361049936551 ], [ 11.230459987564368, 43.814630626391136 ], [ 11.232624829862507, 43.813941023462512 ], [ 11.232772546862879, 43.812236162270764 ], [ 11.230745713872881, 43.811216063055198 ], [ 11.228580951253532, 43.811905656945491 ], [ 11.228433146771232, 43.81361049936551 ] ] ] } },
{ "type": "Feature", "properties": { "id": 648, "snapped_id": 648.0, "centroid_lon": 11.21894, "centroid_lat": 43.74075, "radius": 202.598, "internal_id": 617532049792434175, "population": 50, "component": 0, "o_score_pt": 149.18792023037901, "o_score_car": 507.40630557597336, "CDI": 0.54557041665371386, "log_population": 1.7075701760979363 }, "geometry": { "type": "Polygon", "coordinates": [ [ [ 11.217736288847153, 43.741106101362853 ], [ 11.218903352455927, 43.741694384358546 ], [ 11.220070669277954, 43.741321883556068 ], [ 11.220150526936278, 43.740400247229793 ], [ 11.218983465844479, 43.739811990121495 ], [ 11.217816193588511, 43.740184477975582 ], [ 11.217736288847153, 43.741106101362853 ] ] ] } },
{ "type": "Feature", "properties": { "id": 649, "snapped_id": 649.0, "centroid_lon": 11.25626, "centroid_lat": 43.80122, "radius": 202.559, "internal_id": 617532047364718591, "population": 6, "component": 0, "o_score_pt": 157.69307030653394, "o_score_car": 621.79184353332687, "CDI": 0.59539160410503911, "log_population": 0.84509804001425681 }, "geometry": { "type": "Polygon", "coordinates": [ [ [ 11.255856417213183, 43.801289085744969 ], [ 11.256305477566707, 43.801515000465876 ], [ 11.256638983892248, 43.801408646633021 ], [ 11.256661731775873, 43.801145109685848 ], [ 11.256212669554195, 43.800919206964615 ], [ 11.25587917845877, 43.801025554473618 ], [ 11.255856417213183, 43.801289085744969 ] ] ] } },
{ "type": "Feature", "properties": { "id": 650, "snapped_id": 650.0, "centroid_lon": 11.27582, "centroid_lat": 43.75614, "radius": 202.642, "internal_id": 617532050003197951, "population": 23, "component": 0, "o_score_pt": 224.63406677494532, "o_score_car": 618.17307752092006, "CDI": 0.46693838965349788, "log_population": 1.3802112417116059 }, "geometry": { "type": "Polygon", "coordinates": [ [ [ 11.274920763763497, 43.7563838501042 ], [ 11.275815516110155, 43.756834094696885 ], [ 11.276666554804802, 43.756562196465048 ], [ 11.276724333998663, 43.755890355539371 ], [ 11.275829582593897, 43.755440132870447 ], [ 11.274978577272279, 43.755712019561116 ], [ 11.274920763763497, 43.7563838501042 ] ] ] } },
{ "type": "Feature", "properties": { "id": 651, "snapped_id": 651.0, "centroid_lon": 11.16822, "centroid_lat": 43.78339, "radius": 202.483, "internal_id": 617532053697069055, "population": 474, "component": 0, "o_score_pt": 5.4692305179982776, "o_score_car": 532.88517309605254, "CDI": 0.97968167258860495, "log_population": 2.6766936096248664 }, "geometry": { "type": "Polygon", "coordinates": [ [ [ 11.166109103354474, 43.784054785382096 ], [ 11.168084107736581, 43.785050912851631 ], [ 11.170190211137594, 43.784380651991519 ], [ 11.170335139801452, 43.782721102199638 ], [ 11.168360142674514, 43.781725002875454 ], [ 11.166254117015848, 43.7823952542158 ], [ 11.166109103354474, 43.784054785382096 ] ] ] } },
{ "type": "Feature", "properties": { "id": 652, "snapped_id": 652.0, "centroid_lon": 11.28062, "centroid_lat": 43.83051, "radius": 202.548, "internal_id": 617532047188819967, "population": 6, "component": 0, "o_score_pt": 111.70981686616302, "o_score_car": 489.54049797860506, "CDI": 0.62840828816861583, "log_population": 0.84509804001425681 }, "geometry": { "type": "Polygon", "coordinates": [ [ [ 11.280219978495296, 43.830577853851132 ], [ 11.280669524346694, 43.830803760160066 ], [ 11.281003457771915, 43.83069728567768 ], [ 11.281026118611383, 43.830434040841872 ], [ 11.280576570895915, 43.830208146533352 ], [ 11.280242652699608, 43.830314614680212 ], [ 11.280219978495296, 43.830577853851132 ] ] ] } },
{ "type": "Feature", "properties": { "id": 653, "snapped_id": 653.0, "centroid_lon": 11.21261, "centroid_lat": 43.76219, "radius": 202.562, "internal_id": 617532049862164479, "population": 75, "component": 0, "o_score_pt": 326.18604322346613, "o_score_car": 621.92216071682037, "CDI": 0.31192232728742447, "log_population": 1.8808135922807914 }, "geometry": { "type": "Polygon", "coordinates": [ [ [ 11.211237656668954, 43.762600049886814 ], [ 11.212549544018676, 43.763261205150243 ], [ 11.213884883450973, 43.762835429330124 ], [ 11.213976283757109, 43.761781982340793 ], [ 11.212664399786375, 43.761120854407871 ], [ 11.211329110853152, 43.76154661704188 ], [ 11.211237656668954, 43.762600049886814 ] ] ] } },
{ "type": "Feature", "properties": { "id": 654, "snapped_id": 654.0, "centroid_lon": 11.24971, "centroid_lat": 43.7733, "radius": 202.589, "internal_id": 617532047399583743, "population": 784, "component": 0, "o_score_pt": 637.51300032719132, "o_score_car": 711.9665554852163, "CDI": 0.055172051208439897, "log_population": 2.8948696567452523 }, "geometry": { "type": "Polygon", "coordinates": [ [ [ 11.247407356260711, 43.774036542677536 ], [ 11.249553504924076, 43.77511689990191 ], [ 11.251856468214273, 43.774382054204793 ], [ 11.252013198395632, 43.772566858766631 ], [ 11.249867058343526, 43.771486528363809 ], [ 11.247564179496804, 43.772221366578748 ], [ 11.247407356260711, 43.774036542677536 ] ] ] } },
{ "type": "Feature", "properties": { "id": 655, "snapped_id": 655.0, "centroid_lon": 11.27359, "centroid_lat": 43.80804, "radius": 202.57, "internal_id": 617532047439691775, "population": 82, "component": 0, "o_score_pt": 193.5129012962571, "o_score_car": 536.40962687648596, "CDI": 0.4697713967516825, "log_population": 1.919078092376074 }, "geometry": { "type": "Polygon", "coordinates": [ [ [ 11.272187929846462, 43.808463745641582 ], [ 11.273533435790842, 43.809140261086355 ], [ 11.274906932149248, 43.808702131125877 ], [ 11.275000129119535, 43.807620011591467 ], [ 11.273654626898267, 43.806943523727689 ], [ 11.272281182296723, 43.807381640419194 ], [ 11.272187929846462, 43.808463745641582 ] ] ] } },
{ "type": "Feature", "properties": { "id": 656, "snapped_id": 656.0, "centroid_lon": 11.16036, "centroid_lat": 43.79647, "radius": 202.456, "internal_id": 617532053766799359, "population": 209, "component": 0, "o_score_pt": 3.4520038187637563, "o_score_car": 496.83505615151091, "CDI": 0.98619990763315435, "log_population": 2.3222192947339191 }, "geometry": { "type": "Polygon", "coordinates": [ [ [ 11.158578663710383, 43.797024096261268 ], [ 11.160258485168374, 43.797871332574275 ], [ 11.1620216670016, 43.797310543453527 ], [ 11.162143154174764, 43.795921296434173 ], [ 11.160463338170011, 43.79507408908291 ], [ 11.158700222029466, 43.795634866125624 ], [ 11.158578663710383, 43.797024096261268 ] ] ] } },
{ "type": "Feature", "properties": { "id": 657, "snapped_id": 657.0, "centroid_lon": 11.21223, "centroid_lat": 43.79231, "radius": 202.521, "internal_id": 617532047469314047, "population": 1094, "component": 0, "o_score_pt": 339.99225966657303, "o_score_car": 648.20560402004776, "CDI": 0.31189436415460198, "log_population": 3.0394141191761372 }, "geometry": { "type": "Polygon", "coordinates": [ [ [ 11.209927863837555, 43.793044174374351 ], [ 11.212073631140093, 43.794125040106088 ], [ 11.214377038468522, 43.793391249041967 ], [ 11.214534593911052, 43.791576599673931 ], [ 11.212388835067962, 43.790495760759704 ], [ 11.210085512320914, 43.791229544397176 ], [ 11.209927863837555, 43.793044174374351 ] ] ] } },
{ "type": "Feature", "properties": { "id": 658, "snapped_id": 658.0, "centroid_lon": 11.30146, "centroid_lat": 43.74441, "radius": 202.687, "internal_id": 617532049931894783, "population": 4, "component": 0, "o_score_pt": 2.263834569353715, "o_score_car": 490.9889487572562, "CDI": 0.99082079353273644, "log_population": 0.69897000433601886 }, "geometry": { "type": "Polygon", "coordinates": [ [ [ 11.301194960490541, 43.744434576069786 ], [ 11.301520995261548, 43.744598563441166 ], [ 11.30171284574304, 43.744537202815117 ], [ 11.301725894038666, 43.74438490326272 ], [ 11.301399856697724, 43.74422092440593 ], [ 11.301208016420372, 43.744282280740116 ], [ 11.301194960490541, 43.744434576069786 ] ] ] } },
{ "type": "Feature", "properties": { "id": 659, "snapped_id": 659.0, "centroid_lon": 11.23825, "centroid_lat": 43.75048, "radius": 202.607, "internal_id": 617532049790861311, "population": 805, "component": 0, "o_score_pt": 229.14846816376885, "o_score_car": 648.61097230495147, "CDI": 0.47787865877829938, "log_population": 2.9063350418050908 }, "geometry": { "type": "Polygon", "coordinates": [ [ [ 11.235945593635853, 43.751215443936289 ], [ 11.23809088767532, 43.752296100836844 ], [ 11.240393194726593, 43.751561222096086 ], [ 11.240550123308873, 43.749745693915777 ], [ 11.238404837828369, 43.748665063844889 ], [ 11.236102615204649, 43.749399935125815 ], [ 11.235945593635853, 43.751215443936289 ] ] ] } },
{ "type": "Feature", "properties": { "id": 660, "snapped_id": 660.0, "centroid_lon": 11.28027, "centroid_lat": 43.75648, "radius": 202.647, "internal_id": 617532050001625087, "population": 110, "component": 0, "o_score_pt": 213.21146965556159, "o_score_car": 605.92815449075283, "CDI": 0.47942581857698569, "log_population": 2.0453229787866576 }, "geometry": { "type": "Polygon", "coordinates": [ [ [ 11.278748495664678, 43.756944987696194 ], [ 11.280198297246978, 43.757674444178612 ], [ 11.281693005044147, 43.757196847013788 ], [ 11.281794342976395, 43.756017802293194 ], [ 11.280344545795582, 43.755288374083065 ], [ 11.278849893963802, 43.755765958092162 ], [ 11.278748495664678, 43.756944987696194 ] ] ] } },
{ "type": "Feature", "properties": { "id": 661, "snapped_id": 661.0, "centroid_lon": 11.28508, "centroid_lat": 43.83085, "radius": 202.552, "internal_id": 617532047187247103, "population": 49, "component": 0, "o_score_pt": 129.96779710475846, "o_score_car": 512.60653603929325, "CDI": 0.59547778241051408, "log_population": 1.6989700043360187 }, "geometry": { "type": "Polygon", "coordinates": [ [ [ 11.283875089387948, 43.8312007008291 ], [ 11.285037476380483, 43.831784750012574 ], [ 11.286198307869988, 43.831414578901246 ], [ 11.286276946248908, 43.830500503513314 ], [ 11.285114561856211, 43.829916480131473 ], [ 11.283953774644999, 43.830286638231165 ], [ 11.283875089387948, 43.8312007008291 ] ] ] } },
{ "type": "Feature", "properties": { "id": 662, "snapped_id": 662.0, "centroid_lon": 11.23788, "centroid_lat": 43.78061, "radius": 202.566, "internal_id": 617532047398010879, "population": 1241, "component": 0, "o_score_pt": 522.12169775524842, "o_score_car": 725.7507736232327, "CDI": 0.16318099849020809, "log_population": 3.0941215958405612 }, "geometry": { "type": "Polygon", "coordinates": [ [ [ 11.235578317305208, 43.781339707563987 ], [ 11.2377243793918, 43.782420218754154 ], [ 11.240027519059479, 43.781685722051833 ], [ 11.240184512148945, 43.779870721625393 ], [ 11.238038458626008, 43.778790237255102 ], [ 11.235735403447979, 43.779524726492504 ], [ 11.235578317305208, 43.781339707563987 ] ] ] } },
{ "type": "Feature", "properties": { "id": 663, "snapped_id": 663.0, "centroid_lon": 11.22814, "centroid_lat": 43.81547, "radius": 202.508, "internal_id": 617532047932522495, "population": 667, "component": 0, "o_score_pt": 108.81490861395812, "o_score_car": 604.62560675381098, "CDI": 0.69495730542338074, "log_population": 2.8247764624755458 }, "geometry": { "type": "Polygon", "coordinates": [ [ [ 11.225889223292819, 43.816187413953472 ], [ 11.227989791892259, 43.817244670034874 ], [ 11.23024027787767, 43.816527889996976 ], [ 11.230393885932427, 43.814755734116794 ], [ 11.228293325579736, 43.813698505266636 ], [ 11.226042922295042, 43.814415277210479 ], [ 11.225889223292819, 43.816187413953472 ] ] ] } },
{ "type": "Feature", "properties": { "id": 664, "snapped_id": 664.0, "centroid_lon": 11.20078, "centroid_lat": 43.76949, "radius": 202.539, "internal_id": 617532049867407359, "population": 864, "component": 0, "o_score_pt": 310.52363720244398, "o_score_car": 641.53856354308289, "CDI": 0.34768203808683151, "log_population": 2.9370161074648142 }, "geometry": { "type": "Polygon", "coordinates": [ [ [ 11.198475816117924, 43.770224939863596 ], [ 11.200620728407895, 43.771306105003717 ], [ 11.20292347863788, 43.770572280443162 ], [ 11.203081232010671, 43.768757298147918 ], [ 11.20093632812795, 43.767676159833364 ], [ 11.198633662463219, 43.768409976989638 ], [ 11.198475816117924, 43.770224939863596 ] ] ] } },
{ "type": "Feature", "properties": { "id": 665, "snapped_id": 665.0, "centroid_lon": 11.25286, "centroid_lat": 43.81465, "radius": 202.538, "internal_id": 617532047432876031, "population": 30, "component": 0, "o_score_pt": 78.409604710796486, "o_score_car": 602.82056751380264, "CDI": 0.76979996509918214, "log_population": 1.4913616938342726 }, "geometry": { "type": "Polygon", "coordinates": [ [ [ 11.251851387574796, 43.814936149532301 ], [ 11.252839918555949, 43.815433391884 ], [ 11.253799304154319, 43.815127598525642 ], [ 11.253864611523714, 43.814371579437093 ], [ 11.252876082003056, 43.813874360544467 ], [ 11.251916733645812, 43.81418014172435 ], [ 11.251851387574796, 43.814936149532301 ] ] ] } },
{ "type": "Feature", "properties": { "id": 666, "snapped_id": 666.0, "centroid_lon": 11.23003, "centroid_lat": 43.7937, "radius": 202.54, "internal_id": 617532047467741183, "population": 836, "component": 0, "o_score_pt": 441.23551359984077, "o_score_car": 679.94781795177062, "CDI": 0.2129110357193543, "log_population": 2.92272545799326 }, "geometry": { "type": "Polygon", "coordinates": [ [ [ 11.227725353882725, 43.794431474967546 ], [ 11.22987157108726, 43.795512046739766 ], [ 11.232175056035222, 43.794777884198758 ], [ 11.232332239239602, 43.792963157341653 ], [ 11.230186030568765, 43.791882612385528 ], [ 11.227882630157858, 43.792616767471557 ], [ 11.227725353882725, 43.794431474967546 ] ] ] } },
{ "type": "Feature", "properties": { "id": 667, "snapped_id": 667.0, "centroid_lon": 11.22491, "centroid_lat": 43.74944, "radius": 202.593, "internal_id": 617532049789288447, "population": 0, "component": 0, "o_score_pt": 157.33415451861032, "o_score_car": 563.40279009075891, "CDI": 0.56340754918874447, "log_population": 0.0 }, "geometry": { "type": "Polygon", "coordinates": [ [ [ 11.224826116995066, 43.749402391808232 ], [ 11.224985497543889, 43.749482707847719 ], [ 11.224985498149238, 43.749482700857016 ], [ 11.224826117177605, 43.749402389701508 ], [ 11.224826116995066, 43.749402391808232 ] ] ] } },
{ "type": "Feature", "properties": { "id": 668, "snapped_id": 668.0, "centroid_lon": 11.32782, "centroid_lat": 43.7766, "radius": 202.674, "internal_id": 617532047502606335, "population": 0, "component": 0, "o_score_pt": 1.7830405288121336, "o_score_car": 470.29530667759695, "CDI": 0.99244599740969464, "log_population": 0.0 }, "geometry": { "type": "Polygon", "coordinates": [ [ [ 11.327741713030527, 43.776559001545138 ], [ 11.327901785015376, 43.776639416044134 ], [ 11.327901785612651, 43.776639409052081 ], [ 11.327741713210534, 43.776558999439182 ], [ 11.327741713030527, 43.776559001545138 ] ] ] } },
{ "type": "Feature", "properties": { "id": 669, "snapped_id": 669.0, "centroid_lon": 11.26458, "centroid_lat": 43.78268, "radius": 202.594, "internal_id": 617532047361572863, "population": 1153, "component": 0, "o_score_pt": 544.74409857540309, "o_score_car": 685.81919797283683, "CDI": 0.1146427004552734, "log_population": 3.0622058088197126 }, "geometry": { "type": "Polygon", "coordinates": [ [ [ 11.262275501370294, 43.783413298706137 ], [ 11.264422237268883, 43.784493368693283 ], [ 11.266725492205486, 43.78375831477198 ], [ 11.266881926818458, 43.781943198372069 ], [ 11.264735199594858, 43.780863155202567 ], [ 11.262432029081324, 43.781598201616511 ], [ 11.262275501370294, 43.783413298706137 ] ] ] } },
{ "type": "Feature", "properties": { "id": 670, "snapped_id": 670.0, "centroid_lon": 11.29807, "centroid_lat": 43.75786, "radius": 202.665, "internal_id": 617532050000052223, "population": 762, "component": 0, "o_score_pt": 239.86071815402539, "o_score_car": 596.82711570860897, "CDI": 0.42664227099684299, "log_population": 2.8825245379548803 }, "geometry": { "type": "Polygon", "coordinates": [ [ [ 11.295765630111861, 43.758593011539141 ], [ 11.297912502895961, 43.75967266616798 ], [ 11.300215142513014, 43.758936573136147 ], [ 11.300370825060156, 43.757120833032097 ], [ 11.298223961084981, 43.756041205226879 ], [ 11.295921405751756, 43.756777290703248 ], [ 11.295765630111861, 43.758593011539141 ] ] ] } },
{ "type": "Feature", "properties": { "id": 671, "snapped_id": 671.0, "centroid_lon": 11.15734, "centroid_lat": 43.77979, "radius": 202.475, "internal_id": 617532053702311935, "population": 9, "component": 0, "o_score_pt": 1.5600177206638297, "o_score_car": 449.90791962569358, "CDI": 0.9930891317339906, "log_population": 1.0 }, "geometry": { "type": "Polygon", "coordinates": [ [ [ 11.156794873034549, 43.779916044930054 ], [ 11.157372723969729, 43.780207597512359 ], [ 11.15785539503602, 43.780054018555987 ], [ 11.157888808155237, 43.779671946483774 ], [ 11.157310956061654, 43.779380409236445 ], [ 11.156828305568929, 43.779533980047987 ], [ 11.156794873034549, 43.779916044930054 ] ] ] } },
{ "type": "Feature", "properties": { "id": 672, "snapped_id": 672.0, "centroid_lon": 11.22632, "centroid_lat": 43.7331, "radius": 202.617, "internal_id": 617532049832542207, "population": 175, "component": 0, "o_score_pt": 177.2455518554662, "o_score_car": 537.38617104055527, "CDI": 0.50395274607406326, "log_population": 2.2455126678141499 }, "geometry": { "type": "Polygon", "coordinates": [ [ [ 11.224611565938849, 43.733630281403805 ], [ 11.226227036560827, 43.734444538505343 ], [ 11.227914775577238, 43.733905736011756 ], [ 11.228030045163196, 43.732573846208091 ], [ 11.226414579815312, 43.731759617994683 ], [ 11.224726903639754, 43.732298407982306 ], [ 11.224611565938849, 43.733630281403805 ] ] ] } },
{ "type": "Feature", "properties": { "id": 673, "snapped_id": 673.0, "centroid_lon": 11.28601, "centroid_lat": 43.81996, "radius": 202.568, "internal_id": 617532047194062847, "population": 0, "component": 0, "o_score_pt": 129.98920304436294, "o_score_car": 571.09129215471683, "CDI": 0.62917466985741477, "log_population": 0.0 }, "geometry": { "type": "Polygon", "coordinates": [ [ [ 11.285932245720442, 43.819923293910307 ], [ 11.286093245661089, 43.820004203076955 ], [ 11.28609324626305, 43.820004196077321 ], [ 11.285932245899319, 43.819923291831572 ], [ 11.285932245720442, 43.819923293910307 ] ] ] } },
{ "type": "Feature", "properties": { "id": 674, "snapped_id": null, "centroid_lon": 11.19945, "centroid_lat": 43.81049, "radius": 202.482, "internal_id": 617532053693923327, "population": 0, "component": 0, "o_score_pt": 0.0, "o_score_car": 462.21585767049686, "CDI": 1.0, "log_population": 0.0 }, "geometry": { "type": "Polygon", "coordinates": [ [ [ 11.199370848713791, 43.810453168934217 ], [ 11.199531562742315, 43.810534127600228 ], [ 11.199531563351435, 43.810534120599669 ], [ 11.199370848894239, 43.810453166861599 ], [ 11.199370848713791, 43.810453168934217 ] ] ] } },
{ "type": "Feature", "properties": { "id": 675, "snapped_id": 675.0, "centroid_lon": 11.24175, "centroid_lat": 43.76172, "radius": 202.596, "internal_id": 617532047396438015, "population": 819, "component": 0, "o_score_pt": 257.41580381186327, "o_score_car": 638.41044140574354, "CDI": 0.42529970474501128, "log_population": 2.9138138523837167 }, "geometry": { "type": "Polygon", "coordinates": [ [ [ 11.239451481970903, 43.762453707534497 ], [ 11.241597147119629, 43.763534251410462 ], [ 11.243899772639521, 43.762799435619939 ], [ 11.244056648567629, 43.760984083422045 ], [ 11.241910991994709, 43.759903566371861 ], [ 11.239608450915894, 43.760638374694963 ], [ 11.239451481970903, 43.762453707534497 ] ] ] } },
{ "type": "Feature", "properties": { "id": 676, "snapped_id": 676.0, "centroid_lon": 11.20371, "centroid_lat": 43.7615, "radius": 202.553, "internal_id": 617532049859018751, "population": 159, "component": 0, "o_score_pt": 287.69661910894399, "o_score_car": 611.55090312142306, "CDI": 0.36013920083898199, "log_population": 2.204119982655925 }, "geometry": { "type": "Polygon", "coordinates": [ [ [ 11.202040970810286, 43.762011113960121 ], [ 11.203622243159913, 43.762808221345111 ], [ 11.205270464735838, 43.762282808036076 ], [ 11.205383381532481, 43.760982932648261 ], [ 11.203802114177176, 43.760185854075601 ], [ 11.202153954123588, 43.760711254742205 ], [ 11.202040970810286, 43.762011113960121 ] ] ] } },
{ "type": "Feature", "properties": { "id": 677, "snapped_id": 677.0, "centroid_lon": 11.2395, "centroid_lat": 43.81362, "radius": 202.524, "internal_id": 617532047431303167, "population": 125, "component": 0, "o_score_pt": 97.007152864721846, "o_score_car": 623.72460390168271, "CDI": 0.73080927278701069, "log_population": 2.1003705451175629 }, "geometry": { "type": "Polygon", "coordinates": [ [ [ 11.237928976712919, 43.81409640432593 ], [ 11.239425444004551, 43.814849412465321 ], [ 11.240974457411047, 43.814355859905767 ], [ 11.24108005116066, 43.813135687756258 ], [ 11.239583588436782, 43.81238270811982 ], [ 11.238034633028104, 43.812876247671056 ], [ 11.237928976712919, 43.81409640432593 ] ] ] } },
{ "type": "Feature", "properties": { "id": 678, "snapped_id": 678.0, "centroid_lon": 11.23448, "centroid_lat": 43.79404, "radius": 202.544, "internal_id": 617532047466168319, "population": 1091, "component": 0, "o_score_pt": 451.27133256145248, "o_score_car": 682.98929521192451, "CDI": 0.2042898756922811, "log_population": 3.0382226383687185 }, "geometry": { "type": "Polygon", "coordinates": [ [ [ 11.232175056035222, 43.794777884198758 ], [ 11.234321385664854, 43.795858382452458 ], [ 11.236624889948565, 43.795124127032182 ], [ 11.236781980074724, 43.793309380821455 ], [ 11.234635658997346, 43.792228909383475 ], [ 11.232332239239602, 43.792963157341653 ], [ 11.232175056035222, 43.794777884198758 ] ] ] } },
{ "type": "Feature", "properties": { "id": 679, "snapped_id": 679.0, "centroid_lon": 11.16926, "centroid_lat": 43.79717, "radius": 202.466, "internal_id": 617532053667446783, "population": 227, "component": 0, "o_score_pt": 10.158281793743566, "o_score_car": 511.67371813153682, "CDI": 0.96106684988579438, "log_population": 2.357934847000454 }, "geometry": { "type": "Polygon", "coordinates": [ [ [ 11.16744158575338, 43.797733637822752 ], [ 11.169151333206752, 43.798595759739278 ], [ 11.170949143590747, 43.798023821927721 ], [ 11.171072864010249, 43.796607346371665 ], [ 11.169363122218003, 43.795745253419113 ], [ 11.167565378727277, 43.796317179329563 ], [ 11.16744158575338, 43.797733637822752 ] ] ] } },
{ "type": "Feature", "properties": { "id": 680, "snapped_id": 680.0, "centroid_lon": 11.26248, "centroid_lat": 43.7551, "radius": 202.628, "internal_id": 617532049973575679, "population": 0, "component": 0, "o_score_pt": 22.505132968714392, "o_score_car": 614.28656498479666, "CDI": 0.92931712821935242, "log_population": 0.0 }, "geometry": { "type": "Polygon", "coordinates": [ [ [ 11.262396945088449, 43.755063060663971 ], [ 11.262556484308076, 43.755143371343657 ], [ 11.26255648491037, 43.755143364353074 ], [ 11.262396945270231, 43.755063058555393 ], [ 11.262396945088449, 43.755063060663971 ] ] ] } },
{ "type": "Feature", "properties": { "id": 681, "snapped_id": 681.0, "centroid_lon": 11.22197, "centroid_lat": 43.75744, "radius": 202.579, "internal_id": 617532049797677055, "population": 0, "component": 0, "o_score_pt": 3.7293879041909741, "o_score_car": 556.61620931520451, "CDI": 0.98668897222465102, "log_population": 0.0 }, "geometry": { "type": "Polygon", "coordinates": [ [ [ 11.221894545823883, 43.757398394187682 ], [ 11.222054101057012, 43.757478793616208 ], [ 11.222054101662819, 43.757478786624198 ], [ 11.221894546006144, 43.757398392085349 ], [ 11.221894545823883, 43.757398394187682 ] ] ] } },
{ "type": "Feature", "properties": { "id": 682, "snapped_id": 682.0, "centroid_lon": 11.22935, "centroid_lat": 43.74979, "radius": 202.598, "internal_id": 617532049787715583, "population": 7, "component": 0, "o_score_pt": 211.13244095833929, "o_score_car": 603.49600439810069, "CDI": 0.48164726591161811, "log_population": 0.90308998699194354 }, "geometry": { "type": "Polygon", "coordinates": [ [ [ 11.228896933278133, 43.749879797753231 ], [ 11.229393477407008, 43.750129988368109 ], [ 11.229782453782267, 43.750005856944284 ], [ 11.229809125982507, 43.749697653869802 ], [ 11.22931258028623, 43.749447476534641 ], [ 11.228923621104249, 43.749571600918458 ], [ 11.228896933278133, 43.749879797753231 ] ] ] } },
{ "type": "Feature", "properties": { "id": 683, "snapped_id": 683.0, "centroid_lon": 11.25123, "centroid_lat": 43.78164, "radius": 202.58, "internal_id": 617532047359999999, "population": 267, "component": 0, "o_score_pt": 587.51515126033519, "o_score_car": 702.10096453146195, "CDI": 0.0888526530244029, "log_population": 2.428134794028789 }, "geometry": { "type": "Polygon", "coordinates": [ [ [ 11.249348492558275, 43.782230072226106 ], [ 11.251117827626015, 43.783120588750798 ], [ 11.252983496988216, 43.782525392757499 ], [ 11.253110460537906, 43.781054901739438 ], [ 11.25134113176142, 43.780164414123895 ], [ 11.249475531478367, 43.780759598520937 ], [ 11.249348492558275, 43.782230072226106 ] ] ] } },
{ "type": "Feature", "properties": { "id": 684, "snapped_id": 684.0, "centroid_lon": 11.21743, "centroid_lat": 43.73241, "radius": 202.607, "internal_id": 617532049822580735, "population": 228, "component": 0, "o_score_pt": 150.66277642750765, "o_score_car": 509.5451667747829, "CDI": 0.54358993108526132, "log_population": 2.3598354823398879 }, "geometry": { "type": "Polygon", "coordinates": [ [ [ 11.215612475155504, 43.732974837142159 ], [ 11.217323092932793, 43.733837258391837 ], [ 11.219121408034324, 43.733263290937273 ], [ 11.219244367836644, 43.731844252795277 ], [ 11.21753375588648, 43.730981860512152 ], [ 11.215735507531885, 43.731555816023281 ], [ 11.215612475155504, 43.732974837142159 ] ] ] } },
{ "type": "Feature", "properties": { "id": 685, "snapped_id": 685.0, "centroid_lon": 11.2215, "centroid_lat": 43.76288, "radius": 202.571, "internal_id": 617532049857445887, "population": 8, "component": 0, "o_score_pt": 122.88489365022828, "o_score_car": 645.75642472634229, "CDI": 0.68025425978980525, "log_population": 0.95424250943932487 }, "geometry": { "type": "Polygon", "coordinates": [ [ [ 11.220998254609539, 43.762991954771024 ], [ 11.221537686963531, 43.763263750736577 ], [ 11.221976257574516, 43.763123877287626 ], [ 11.222006339362915, 43.762776747824674 ], [ 11.221466905689402, 43.762504966234523 ], [ 11.22102835402687, 43.762644832032883 ], [ 11.220998254609539, 43.762991954771024 ] ] ] } },
{ "type": "Feature", "properties": { "id": 686, "snapped_id": 686.0, "centroid_lon": 11.2462, "centroid_lat": 43.76206, "radius": 202.6, "internal_id": 617532047394865151, "population": 246, "component": 0, "o_score_pt": 255.98034631746148, "o_score_car": 637.467055189505, "CDI": 0.42698283998430647, "log_population": 2.3926969532596658 }, "geometry": { "type": "Polygon", "coordinates": [ [ [ 11.244354979648879, 43.762640708035164 ], [ 11.246094197706004, 43.763516466078087 ], [ 11.247925091078214, 43.7629321181075 ], [ 11.248049779206905, 43.761488367683967 ], [ 11.246310567240911, 43.76061263858707 ], [ 11.244479741720353, 43.761196974755741 ], [ 11.244354979648879, 43.762640708035164 ] ] ] } },
{ "type": "Feature", "properties": { "id": 687, "snapped_id": 687.0, "centroid_lon": 11.2449, "centroid_lat": 43.80307, "radius": 202.544, "internal_id": 617532047429730303, "population": 300, "component": 0, "o_score_pt": 430.88946262844058, "o_score_car": 645.47977205723544, "CDI": 0.1993649600097126, "log_population": 2.4785664955938431 }, "geometry": { "type": "Polygon", "coordinates": [ [ [ 11.242968655602516, 43.803678555819467 ], [ 11.244780463997522, 43.804590271426164 ], [ 11.246695449259368, 43.803979832728494 ], [ 11.246825875628925, 43.802471250159179 ], [ 11.245014073764379, 43.801559563377928 ], [ 11.243099159349184, 43.802169990818861 ], [ 11.242968655602516, 43.803678555819467 ] ] ] } },
{ "type": "Feature", "properties": { "id": 688, "snapped_id": 688.0, "centroid_lon": 11.22113, "centroid_lat": 43.793, "radius": 202.53, "internal_id": 617532047464595455, "population": 2401, "component": 0, "o_score_pt": 451.97312434139093, "o_score_car": 680.90408356558498, "CDI": 0.2020792347364378, "log_population": 3.3805730030668872 }, "geometry": { "type": "Polygon", "coordinates": [ [ [ 11.21882634505155, 43.793738157373696 ], [ 11.220972337345414, 43.794818876148582 ], [ 11.223275783538892, 43.794084899354047 ], [ 11.223433152877311, 43.792270211226594 ], [ 11.221287169080043, 43.791189519268507 ], [ 11.218983807445772, 43.791923488622217 ], [ 11.21882634505155, 43.793738157373696 ] ] ] } },
{ "type": "Feature", "properties": { "id": 689, "snapped_id": 689.0, "centroid_lon": 11.27055, "centroid_lat": 43.79136, "radius": 202.589, "internal_id": 617532047358427135, "population": 1380, "component": 0, "o_score_pt": 259.60353984301162, "o_score_car": 678.63533062074919, "CDI": 0.44661525328897839, "log_population": 3.1401936785786315 }, "geometry": { "type": "Polygon", "coordinates": [ [ [ 11.268246707608162, 43.792098424143774 ], [ 11.270393806273976, 43.793178353820444 ], [ 11.272697314483324, 43.792443277355005 ], [ 11.272853639600047, 43.790628278732456 ], [ 11.270706549635845, 43.78954837587024 ], [ 11.268403125851343, 43.790283444817291 ], [ 11.268246707608162, 43.792098424143774 ] ] ] } },
{ "type": "Feature", "properties": { "id": 690, "snapped_id": 690.0, "centroid_lon": 11.2217, "centroid_lat": 43.81223, "radius": 202.505, "internal_id": 617532053690777599, "population": 13, "component": 0, "o_score_pt": 68.63407283252738, "o_score_car": 605.38010479848401, "CDI": 0.79634234676261939, "log_population": 1.146128035678238 }, "geometry": { "type": "Polygon", "coordinates": [ [ [ 11.22101771706836, 43.81239968780524 ], [ 11.221718072009885, 43.812752272656532 ], [ 11.222342969775481, 43.812553257581619 ], [ 11.22238573573574, 43.812060272237744 ], [ 11.221685380433536, 43.811707705513633 ], [ 11.221060508186012, 43.811906710920503 ], [ 11.22101771706836, 43.81239968780524 ] ] ] } },
{ "type": "Feature", "properties": { "id": 691, "snapped_id": 517.0, "centroid_lon": 11.2901, "centroid_lat": 43.74627, "radius": 202.671, "internal_id": 617532049996906495, "population": 0, "component": 0, "o_score_pt": 98.665204635353604, "o_score_car": 541.80175168573464, "CDI": 0.69189603409956624, "log_population": 0.0 }, "geometry": { "type": "Polygon", "coordinates": [ [ [ 11.290025265654338, 43.746234692730347 ], [ 11.290184633323284, 43.746314871793324 ], [ 11.290184633922992, 43.746314864804802 ], [ 11.290025265836071, 43.746234690613861 ], [ 11.290025265654338, 43.746234692730347 ] ] ] } },
{ "type": "Feature", "properties": { "id": 692, "snapped_id": 692.0, "centroid_lon": 11.23286, "centroid_lat": 43.76103, "radius": 202.587, "internal_id": 617532047393292287, "population": 46, "component": 0, "o_score_pt": 151.92643533876014, "o_score_car": 611.63896973950727, "CDI": 0.60206045394844132, "log_population": 1.6720978579357175 }, "geometry": { "type": "Polygon", "coordinates": [ [ [ 11.231683444285824, 43.761368505191172 ], [ 11.232821480897176, 43.761941757611105 ], [ 11.23395487582612, 43.761580148669864 ], [ 11.234032256957187, 43.760685780787256 ], [ 11.232894222708039, 43.760112553903618 ], [ 11.231760871140885, 43.760474149973028 ], [ 11.231683444285824, 43.761368505191172 ] ] ] } },
{ "type": "Feature", "properties": { "id": 693, "snapped_id": 693.0, "centroid_lon": 11.20967, "centroid_lat": 43.77019, "radius": 202.548, "internal_id": 617532049855873023, "population": 1003, "component": 0, "o_score_pt": 404.88284242009638, "o_score_car": 668.6761458453492, "CDI": 0.24571849922421579, "log_population": 3.0017337128090005 }, "geometry": { "type": "Polygon", "coordinates": [ [ [ 11.207371273163362, 43.770919454822568 ], [ 11.209516410429762, 43.772000473172007 ], [ 11.211819199646577, 43.771266462986347 ], [ 11.211976767051834, 43.769451441870835 ], [ 11.209831638229781, 43.768370450346247 ], [ 11.207528933556119, 43.769104453113478 ], [ 11.207371273163362, 43.770919454822568 ] ] ] } },
{ "type": "Feature", "properties": { "id": 694, "snapped_id": 694.0, "centroid_lon": 11.19888, "centroid_lat": 43.79127, "radius": 202.507, "internal_id": 617532053725642751, "population": 5, "component": 0, "o_score_pt": 7.6115948931743658, "o_score_car": 566.98778945579022, "CDI": 0.97350642865098602, "log_population": 0.77815125038364363 }, "geometry": { "type": "Polygon", "coordinates": [ [ [ 11.198544505781253, 43.791318529841526 ], [ 11.198937652241103, 43.791516640817939 ], [ 11.199205898400054, 43.791431214764124 ], [ 11.199224408027433, 43.791218412978701 ], [ 11.198831259322084, 43.79102031246692 ], [ 11.198563026148205, 43.791105733109767 ], [ 11.198544505781253, 43.791318529841526 ] ] ] } },
{ "type": "Feature", "properties": { "id": 695, "snapped_id": 695.0, "centroid_lon": 11.28976, "centroid_lat": 43.7764, "radius": 202.631, "internal_id": 617532047604056063, "population": 1311, "component": 0, "o_score_pt": 100.3661653629824, "o_score_car": 646.33155282567691, "CDI": 0.73117323672435786, "log_population": 3.1179338350396413 }, "geometry": { "type": "Polygon", "coordinates": [ [ [ 11.28745409310123, 43.777140155802599 ], [ 11.28960125152695, 43.778219850975326 ], [ 11.291904386651414, 43.777484169443717 ], [ 11.292060279004708, 43.775668800286425 ], [ 11.289913129357288, 43.77458913193184 ], [ 11.287610078576307, 43.775324805917606 ], [ 11.28745409310123, 43.777140155802599 ] ] ] } },
{ "type": "Feature", "properties": { "id": 696, "snapped_id": 696.0, "centroid_lon": 11.22652, "centroid_lat": 43.78246, "radius": 202.551, "internal_id": 617532047463022591, "population": 45, "component": 0, "o_score_pt": 57.304870241033903, "o_score_car": 650.49012341451623, "CDI": 0.83807494894793955, "log_population": 1.6627578316815741 }, "geometry": { "type": "Polygon", "coordinates": [ [ [ 11.225356945670017, 43.782800144014537 ], [ 11.226487586607215, 43.783369560505463 ], [ 11.227612273343647, 43.783011017673147 ], [ 11.22768912006438, 43.782124009151786 ], [ 11.226558481423764, 43.781554618104565 ], [ 11.225433837765644, 43.781913148094276 ], [ 11.225356945670017, 43.782800144014537 ] ] ] } },
{ "type": "Feature", "properties": { "id": 697, "snapped_id": 697.0, "centroid_lon": 11.33825, "centroid_lat": 43.78563, "radius": 202.673, "internal_id": 617532047497887743, "population": 0, "component": 0, "o_score_pt": 1.336677935325117, "o_score_car": 442.78388082506655, "CDI": 0.99398056266948798, "log_population": 0.0 }, "geometry": { "type": "Polygon", "coordinates": [ [ [ 11.338172929626728, 43.78558480350933 ], [ 11.33833321060678, 43.78566528921786 ], [ 11.338333211203395, 43.785665282224755 ], [ 11.338172929806232, 43.785584801406593 ], [ 11.338172929626728, 43.78558480350933 ] ] ] } },
{ "type": "Feature", "properties": { "id": 698, "snapped_id": 698.0, "centroid_lon": 11.29455, "centroid_lat": 43.74662, "radius": 202.676, "internal_id": 617532049995333631, "population": 18, "component": 0, "o_score_pt": 116.60099512841408, "o_score_car": 566.59776117877675, "CDI": 0.65866157087678878, "log_population": 1.2787536009528289 }, "geometry": { "type": "Polygon", "coordinates": [ [ [ 11.293746755101456, 43.746832348288642 ], [ 11.294556739539113, 43.747239805640397 ], [ 11.29530956555697, 43.746999089510098 ], [ 11.29536055291368, 43.746404563172462 ], [ 11.294550568922835, 43.745997126186055 ], [ 11.293797772800771, 43.746237831484819 ], [ 11.293746755101456, 43.746832348288642 ] ] ] } },
{ "type": "Feature", "properties": { "id": 699, "snapped_id": 699.0, "centroid_lon": 11.3154, "centroid_lat": 43.76468, "radius": 202.676, "internal_id": 617532047532752895, "population": 85, "component": 0, "o_score_pt": 139.61345106812541, "o_score_car": 540.78614863953385, "CDI": 0.58961336506337814, "log_population": 1.9344984512435677 }, "geometry": { "type": "Polygon", "coordinates": [ [ [ 11.313981394646733, 43.765104950759373 ], [ 11.315339311580672, 43.765787465594698 ], [ 11.316727068223281, 43.765343698663358 ], [ 11.316820697542887, 43.764249224773494 ], [ 11.315462784524614, 43.763566737609963 ], [ 11.314075080031168, 43.764010491236625 ], [ 11.313981394646733, 43.765104950759373 ] ] ] } },
{ "type": "Feature", "properties": { "id": 700, "snapped_id": 748.0, "centroid_lon": 11.20835, "centroid_lat": 43.81119, "radius": 202.492, "internal_id": 617532053689204735, "population": 1, "component": 0, "o_score_pt": 0.0, "o_score_car": 498.11304660845593, "CDI": 1.0, "log_population": 0.3010299956639812 }, "geometry": { "type": "Polygon", "coordinates": [ [ [ 11.208270651258806, 43.811148209052682 ], [ 11.208431388635072, 43.811229159974737 ], [ 11.208431389243447, 43.811229152974306 ], [ 11.208270651439102, 43.811148206979304 ], [ 11.208270651258806, 43.811148209052682 ] ] ] } },
{ "type": "Feature", "properties": { "id": 701, "snapped_id": 701.0, "centroid_lon": 11.20333, "centroid_lat": 43.79162, "radius": 202.512, "internal_id": 617532053724069887, "population": 3, "component": 0, "o_score_pt": 5.743441958830223, "o_score_car": 531.43577631791243, "CDI": 0.9786162913105424, "log_population": 0.6020599913279624 }, "geometry": { "type": "Polygon", "coordinates": [ [ [ 11.203157777398189, 43.791608762862133 ], [ 11.203404115102671, 43.791732880486911 ], [ 11.203501903866563, 43.791701734805642 ], [ 11.203508735520924, 43.791623145358052 ], [ 11.203262394680134, 43.791499033808989 ], [ 11.203164612898517, 43.791530176692397 ], [ 11.203157777398189, 43.791608762862133 ] ] ] } },
{ "type": "Feature", "properties": { "id": 702, "snapped_id": 702.0, "centroid_lon": 11.25217, "centroid_lat": 43.77075, "radius": 202.596, "internal_id": 617532047391719423, "population": 542, "component": 0, "o_score_pt": 601.60087204078138, "o_score_car": 686.23519203715352, "CDI": 0.065718240354581597, "log_population": 2.7347998295888472 }, "geometry": { "type": "Polygon", "coordinates": [ [ [ 11.250002787321437, 43.771439200243577 ], [ 11.252027696559432, 43.77245850644303 ], [ 11.254189932760225, 43.771768464248872 ], [ 11.25433704358151, 43.770064006179147 ], [ 11.252312142216235, 43.769044727808563 ], [ 11.250149985504347, 43.769734760923633 ], [ 11.250002787321437, 43.771439200243577 ] ] ] } },
{ "type": "Feature", "properties": { "id": 703, "snapped_id": 703.0, "centroid_lon": 11.19633, "centroid_lat": 43.76914, "radius": 202.534, "internal_id": 617532049868980223, "population": 444, "component": 0, "o_score_pt": 289.70343304916446, "o_score_car": 634.09426997928063, "CDI": 0.37279897514479082, "log_population": 2.6483600109809315 }, "geometry": { "type": "Polygon", "coordinates": [ [ [ 11.194244733608754, 43.769802067480178 ], [ 11.196196352075162, 43.770785921294312 ], [ 11.198274734411235, 43.770123673375572 ], [ 11.198417218528546, 43.768485349481871 ], [ 11.196465607279393, 43.76750152394915 ], [ 11.194387301624786, 43.768163762047386 ], [ 11.194244733608754, 43.769802067480178 ] ] ] } },
{ "type": "Feature", "properties": { "id": 704, "snapped_id": 704.0, "centroid_lon": 11.27196, "centroid_lat": 43.77503, "radius": 202.612, "internal_id": 617532047406399487, "population": 1044, "component": 0, "o_score_pt": 414.3100551107072, "o_score_car": 713.06668664500899, "CDI": 0.26500159216433211, "log_population": 3.019116290447073 }, "geometry": { "type": "Polygon", "coordinates": [ [ [ 11.269654230349488, 43.775762436458137 ], [ 11.271800940194044, 43.776842425990338 ], [ 11.274103999224305, 43.77610711598048 ], [ 11.27426026402008, 43.774291823957128 ], [ 11.272113562879593, 43.773211861244611 ], [ 11.26981058823729, 43.773947163736928 ], [ 11.269654230349488, 43.775762436458137 ] ] ] } },
{ "type": "Feature", "properties": { "id": 705, "snapped_id": 705.0, "centroid_lon": 11.236, "centroid_lat": 43.80238, "radius": 202.535, "internal_id": 617532047426584575, "population": 676, "component": 0, "o_score_pt": 370.31393675505939, "o_score_car": 669.6367296207444, "CDI": 0.28782403102717907, "log_population": 2.8305886686851442 }, "geometry": { "type": "Polygon", "coordinates": [ [ [ 11.23373903471027, 43.803100816324857 ], [ 11.235844293944757, 43.804160450498628 ], [ 11.238100069253724, 43.803441550762628 ], [ 11.238253875004888, 43.801664697071026 ], [ 11.236148624076437, 43.800605090089796 ], [ 11.233892931619598, 43.801323981787242 ], [ 11.23373903471027, 43.803100816324857 ] ] ] } },
{ "type": "Feature", "properties": { "id": 706, "snapped_id": 706.0, "centroid_lon": 11.29421, "centroid_lat": 43.77675, "radius": 202.635, "internal_id": 617532047602483199, "population": 1384, "component": 0, "o_score_pt": 109.74059745340294, "o_score_car": 642.46696635117928, "CDI": 0.70821724552104415, "log_population": 3.1414497734004674 }, "geometry": { "type": "Polygon", "coordinates": [ [ [ 11.291904386651414, 43.777484169443717 ], [ 11.294051657171872, 43.778563790998007 ], [ 11.296354811250708, 43.777828016576073 ], [ 11.29651061047479, 43.776012628153914 ], [ 11.294363348751203, 43.774933033417383 ], [ 11.292060279004708, 43.775668800286425 ], [ 11.291904386651414, 43.777484169443717 ] ] ] } },
{ "type": "Feature", "properties": { "id": 707, "snapped_id": 707.0, "centroid_lon": 11.25789, "centroid_lat": 43.83422, "radius": 202.517, "internal_id": 617532047954280447, "population": 0, "component": 0, "o_score_pt": 0.4804840896433295, "o_score_car": 460.42432448597168, "CDI": 0.99791503980560237, "log_population": 0.0 }, "geometry": { "type": "Polygon", "coordinates": [ [ [ 11.257809364815094, 43.834182227955779 ], [ 11.257970658213836, 43.834263324020455 ], [ 11.257970658818572, 43.83426331701795 ], [ 11.25780936499379, 43.834182225887858 ], [ 11.257809364815094, 43.834182227955779 ] ] ] } },
{ "type": "Feature", "properties": { "id": 708, "snapped_id": 708.0, "centroid_lon": 11.2022, "centroid_lat": 43.75316, "radius": 202.562, "internal_id": 617532049782996991, "population": 257, "component": 0, "o_score_pt": 97.411428659301194, "o_score_car": 580.02958019147331, "CDI": 0.7124135463114285, "log_population": 2.4116197059632301 }, "geometry": { "type": "Polygon", "coordinates": [ [ [ 11.200333680614962, 43.753736704945098 ], [ 11.202087693626488, 43.754621045254005 ], [ 11.203936555877855, 43.754031557146966 ], [ 11.204063225389664, 43.752573402240188 ], [ 11.202309218417836, 43.751689090866819 ], [ 11.200460424743635, 43.752278567349393 ], [ 11.200333680614962, 43.753736704945098 ] ] ] } },
{ "type": "Feature", "properties": { "id": 709, "snapped_id": 709.0, "centroid_lon": 11.26165, "centroid_lat": 43.79067, "radius": 202.58, "internal_id": 617532047355281407, "population": 316, "component": 0, "o_score_pt": 456.64797534113251, "o_score_car": 703.7999913226837, "CDI": 0.21297983458240791, "log_population": 2.5010592622177517 }, "geometry": { "type": "Polygon", "coordinates": [ [ [ 11.259699975971087, 43.79128476050392 ], [ 11.261530560433672, 43.79220571743766 ], [ 11.263467070240006, 43.791587898086227 ], [ 11.263598662049993, 43.790061913294295 ], [ 11.261768084291674, 43.789140985138005 ], [ 11.259831646037425, 43.789758793370638 ], [ 11.259699975971087, 43.79128476050392 ] ] ] } },
{ "type": "Feature", "properties": { "id": 710, "snapped_id": 710.0, "centroid_lon": 11.21375, "centroid_lat": 43.80065, "radius": 202.512, "internal_id": 617532053687631871, "population": 32, "component": 0, "o_score_pt": 329.65692164230074, "o_score_car": 592.30830887945808, "CDI": 0.28488209592081642, "log_population": 1.5185139398778875 }, "geometry": { "type": "Polygon", "coordinates": [ [ [ 11.212715075815607, 43.80094036389896 ], [ 11.21372570867628, 43.801449355283083 ], [ 11.214710980624892, 43.801135537396327 ], [ 11.214778430904495, 43.80035865502412 ], [ 11.213767799574704, 43.799849687447477 ], [ 11.212782565830285, 43.800163493058349 ], [ 11.212715075815607, 43.80094036389896 ] ] ] } },
{ "type": "Feature", "properties": { "id": 711, "snapped_id": 711.0, "centroid_lon": 11.16917, "centroid_lat": 43.7725, "radius": 202.499, "internal_id": 617532053703884799, "population": 31, "component": 0, "o_score_pt": 1.1184583912378174, "o_score_car": 484.705697985928, "CDI": 0.9953956246244392, "log_population": 1.505149978319906 }, "geometry": { "type": "Polygon", "coordinates": [ [ [ 11.168154448804925, 43.772786417653784 ], [ 11.169153067192605, 43.773290172352297 ], [ 11.170124750276067, 43.772980827568219 ], [ 11.170191709469542, 43.772213810253916 ], [ 11.169193092469499, 43.771710079198904 ], [ 11.16822144716564, 43.77201941181567 ], [ 11.168154448804925, 43.772786417653784 ] ] ] } },
{ "type": "Feature", "properties": { "id": 712, "snapped_id": 712.0, "centroid_lon": 11.20854, "centroid_lat": 43.73172, "radius": 202.598, "internal_id": 617532049834115071, "population": 20, "component": 0, "o_score_pt": 35.6291248135675, "o_score_car": 472.20489902322993, "CDI": 0.85968200970710218, "log_population": 1.3222192947339193 }, "geometry": { "type": "Polygon", "coordinates": [ [ [ 11.207689426342924, 43.731943862840751 ], [ 11.208535009176012, 43.732370276463932 ], [ 11.209329245348375, 43.732116837578083 ], [ 11.209383722328944, 43.731488891374006 ], [ 11.208538140041037, 43.731062498814033 ], [ 11.207743935328285, 43.731315926608133 ], [ 11.207689426342924, 43.731943862840751 ] ] ] } },
{ "type": "Feature", "properties": { "id": 713, "snapped_id": 713.0, "centroid_lon": 11.28121, "centroid_lat": 43.74559, "radius": 202.662, "internal_id": 617532049993760767, "population": 252, "component": 0, "o_score_pt": 12.31168238896217, "o_score_car": 557.97463195515058, "CDI": 0.95682280258427077, "log_population": 2.403120521175818 }, "geometry": { "type": "Polygon", "coordinates": [ [ [ 11.279351107529335, 43.746167245080912 ], [ 11.281099238853406, 43.747046939610534 ], [ 11.282939942437148, 43.746458589258822 ], [ 11.283064700871478, 43.745006523020201 ], [ 11.28131657580874, 43.744126857427446 ], [ 11.279475940326334, 43.744715195993948 ], [ 11.279351107529335, 43.746167245080912 ] ] ] } },
{ "type": "Feature", "properties": { "id": 714, "snapped_id": 714.0, "centroid_lon": 11.31985, "centroid_lat": 43.76502, "radius": 202.68, "internal_id": 617532047531180031, "population": 102, "component": 0, "o_score_pt": 122.93743220968598, "o_score_car": 534.05190460316885, "CDI": 0.62575516733324077, "log_population": 2.012837224705172 }, "geometry": { "type": "Polygon", "coordinates": [ [ [ 11.318358549192377, 43.765473428740805 ], [ 11.319781937952229, 43.766188764350417 ], [ 11.321245528617514, 43.765720692902043 ], [ 11.321344209424817, 43.764566465725771 ], [ 11.3199208250041, 43.763851158227851 ], [ 11.318457289139721, 43.764319216424518 ], [ 11.318358549192377, 43.765473428740805 ] ] ] } },
{ "type": "Feature", "properties": { "id": 715, "snapped_id": 715.0, "centroid_lon": 11.23882, "centroid_lat": 43.76971, "radius": 202.582, "internal_id": 617532047390146559, "population": 1390, "component": 0, "o_score_pt": 462.89878840552137, "o_score_car": 704.35218433722832, "CDI": 0.2068564529566006, "log_population": 3.1433271299920462 }, "geometry": { "type": "Polygon", "coordinates": [ [ [ 11.236520733151009, 43.770449332296856 ], [ 11.238666536307859, 43.771529883176612 ], [ 11.240969376642827, 43.770795230644708 ], [ 11.241126329353943, 43.768980034698551 ], [ 11.238980534762396, 43.767899510642145 ], [ 11.236677778892467, 43.768634155709712 ], [ 11.236520733151009, 43.770449332296856 ] ] ] } },
{ "type": "Feature", "properties": { "id": 716, "snapped_id": 716.0, "centroid_lon": 11.2538, "centroid_lat": 43.80377, "radius": 202.553, "internal_id": 617532047425011711, "population": 8, "component": 0, "o_score_pt": 324.37459224360759, "o_score_car": 610.69872282371466, "CDI": 0.306205006566242, "log_population": 0.95424250943932487 }, "geometry": { "type": "Polygon", "coordinates": [ [ [ 11.253293962498567, 43.803873897805488 ], [ 11.253834135261839, 43.804145655036379 ], [ 11.254273323846292, 43.804005619957721 ], [ 11.254303263836213, 43.803658898216156 ], [ 11.253763089765167, 43.803387155362053 ], [ 11.253323920128759, 43.803527182770559 ], [ 11.253293962498567, 43.803873897805488 ] ] ] } },
{ "type": "Feature", "properties": { "id": 717, "snapped_id": 717.0, "centroid_lon": 11.31201, "centroid_lat": 43.77812, "radius": 202.654, "internal_id": 617532047600910335, "population": 0, "component": 0, "o_score_pt": 9.6757475596598699, "o_score_car": 514.94011346875493, "CDI": 0.96311301934069504, "log_population": 0.0 }, "geometry": { "type": "Polygon", "coordinates": [ [ [ 11.311930032584904, 43.778082223060245 ], [ 11.31209012497907, 43.778162678533903 ], [ 11.312090125577734, 43.778162671541189 ], [ 11.311930032765074, 43.778082220957053 ], [ 11.311930032584904, 43.778082223060245 ] ] ] } },
{ "type": "Feature", "properties": { "id": 718, "snapped_id": 718.0, "centroid_lon": 11.21763, "centroid_lat": 43.78177, "radius": 202.542, "internal_id": 617532047459876863, "population": 10, "component": 0, "o_score_pt": 305.45282384612204, "o_score_car": 653.58599980241775, "CDI": 0.36300217193696888, "log_population": 1.0413926851582249 }, "geometry": { "type": "Polygon", "coordinates": [ [ [ 11.217039663907084, 43.781904670631157 ], [ 11.217652104563962, 43.782213185658975 ], [ 11.21817521732409, 43.7820464590516 ], [ 11.21821107789858, 43.781633033768195 ], [ 11.217598636354078, 43.781324534888817 ], [ 11.21707554552561, 43.781491252876322 ], [ 11.217039663907084, 43.781904670631157 ] ] ] } },
{ "type": "Feature", "properties": { "id": 719, "snapped_id": 719.0, "centroid_lon": 11.16481, "centroid_lat": 43.79682, "radius": 202.461, "internal_id": 617532053669019647, "population": 216, "component": 0, "o_score_pt": 6.4782199098078461, "o_score_car": 507.69083739446086, "CDI": 0.97480120665458803, "log_population": 2.3364597338485296 }, "geometry": { "type": "Polygon", "coordinates": [ [ [ 11.16301343743185, 43.797377774493675 ], [ 11.164705206774697, 43.798230934019124 ], [ 11.166482200321644, 43.79766568532601 ], [ 11.166604563948059, 43.796265580248715 ], [ 11.164912800144151, 43.795412449688151 ], [ 11.163135872766832, 43.795977686370691 ], [ 11.16301343743185, 43.797377774493675 ] ] ] } },
{ "type": "Feature", "properties": { "id": 720, "snapped_id": 720.0, "centroid_lon": 11.2743, "centroid_lat": 43.74779, "radius": 202.651, "internal_id": 617532049975148543, "population": 11, "component": 0, "o_score_pt": 3.1177429672222865, "o_score_car": 561.66487266541583, "CDI": 0.98895949386214743, "log_population": 1.0791812460476249 }, "geometry": { "type": "Polygon", "coordinates": [ [ [ 11.273680642663333, 43.747942931989151 ], [ 11.274324052524186, 43.748266758172903 ], [ 11.274883671726, 43.748087929733401 ], [ 11.274921715778735, 43.747645576724075 ], [ 11.274278305301133, 43.74732176740207 ], [ 11.273718709238784, 43.747500586807746 ], [ 11.273680642663333, 43.747942931989151 ] ] ] } },
{ "type": "Feature", "properties": { "id": 721, "snapped_id": 721.0, "centroid_lon": 11.23532, "centroid_lat": 43.75848, "radius": 202.593, "internal_id": 617532049799249919, "population": 124, "component": 0, "o_score_pt": 232.00371701759559, "o_score_car": 621.1512130236714, "CDI": 0.45612758281459242, "log_population": 2.0969100130080562 }, "geometry": { "type": "Polygon", "coordinates": [ [ [ 11.233746367388589, 43.758956853705016 ], [ 11.235238641316275, 43.759708524211753 ], [ 11.236783147563937, 43.759215681330545 ], [ 11.236888511056193, 43.757997416690692 ], [ 11.235396241669868, 43.757245774675908 ], [ 11.233851793229181, 43.757738604557794 ], [ 11.233746367388589, 43.758956853705016 ] ] ] } },
{ "type": "Feature", "properties": { "id": 722, "snapped_id": null, "centroid_lon": 11.20665, "centroid_lat": 43.7535, "radius": 202.567, "internal_id": 617532049781424127, "population": 0, "component": 0, "o_score_pt": 42.155226112529768, "o_score_car": 573.51002159533311, "CDI": 0.86305796447184646, "log_population": 0.0 }, "geometry": { "type": "Polygon", "coordinates": [ [ [ 11.206565587582531, 43.753461961237228 ], [ 11.206725041798522, 43.753542346754521 ], [ 11.206725042405536, 43.753542339762717 ], [ 11.206565587765169, 43.753461959134818 ], [ 11.206565587582531, 43.753461961237228 ] ] ] } },
{ "type": "Feature", "properties": { "id": 723, "snapped_id": 723.0, "centroid_lon": 11.33028, "centroid_lat": 43.77405, "radius": 202.68, "internal_id": 617532047494742015, "population": 0, "component": 0, "o_score_pt": 115.90828726450944, "o_score_car": 487.07051500557662, "CDI": 0.61554772131909274, "log_population": 0.0 }, "geometry": { "type": "Polygon", "coordinates": [ [ [ 11.330199994736624, 43.774006865945125 ], [ 11.330360012193671, 43.774087251387982 ], [ 11.330360012790669, 43.774087244396377 ], [ 11.330199994916697, 43.774006863837563 ], [ 11.330199994736624, 43.774006865945125 ] ] ] } },
{ "type": "Feature", "properties": { "id": 724, "snapped_id": 724.0, "centroid_lon": 11.30053, "centroid_lat": 43.75531, "radius": 202.671, "internal_id": 617532049992187903, "population": 297, "component": 0, "o_score_pt": 220.41544376202768, "o_score_car": 578.1037274294157, "CDI": 0.44793950674182748, "log_population": 2.4742162640762553 }, "geometry": { "type": "Polygon", "coordinates": [ [ [ 11.298603034526899, 43.755908820474247 ], [ 11.300411079611122, 43.756818064313777 ], [ 11.302320866548207, 43.756207465370643 ], [ 11.302449958913972, 43.754701252797076 ], [ 11.30064192052777, 43.7537920377939 ], [ 11.298732204079876, 43.754402625380671 ], [ 11.298603034526899, 43.755908820474247 ] ] ] } },
{ "type": "Feature", "properties": { "id": 725, "snapped_id": 725.0, "centroid_lon": 11.19538, "centroid_lat": 43.78003, "radius": 202.518, "internal_id": 617532053720924159, "population": 1283, "component": 0, "o_score_pt": 58.888807551060864, "o_score_car": 628.72062188307962, "CDI": 0.82871436885464866, "log_population": 3.1085650237328344 }, "geometry": { "type": "Polygon", "coordinates": [ [ [ 11.193080507616607, 43.780766409561046 ], [ 11.195225566011038, 43.781847608605453 ], [ 11.197528595953695, 43.781114032883536 ], [ 11.197686482898993, 43.779299265516109 ], [ 11.195541432891556, 43.778218093294136 ], [ 11.193238487549838, 43.778951661618308 ], [ 11.193080507616607, 43.780766409561046 ] ] ] } },
{ "type": "Feature", "properties": { "id": 726, "snapped_id": 726.0, "centroid_lon": 11.24327, "centroid_lat": 43.77006, "radius": 202.586, "internal_id": 617532047388573695, "population": 1174, "component": 0, "o_score_pt": 498.60897075169288, "o_score_car": 688.13839053882771, "CDI": 0.1597049430815943, "log_population": 3.070037866607755 }, "geometry": { "type": "Polygon", "coordinates": [ [ [ 11.240969376642827, 43.770795230644708 ], [ 11.24311529211827, 43.771875708043616 ], [ 11.245418151722948, 43.77114096267217 ], [ 11.245575011396205, 43.769325747374438 ], [ 11.243429104504639, 43.768245296798526 ], [ 11.241126329353943, 43.768980034698551 ], [ 11.240969376642827, 43.770795230644708 ] ] ] } },
{ "type": "Feature", "properties": { "id": 727, "snapped_id": 727.0, "centroid_lon": 11.24197, "centroid_lat": 43.81107, "radius": 202.53, "internal_id": 617532047423438847, "population": 399, "component": 0, "o_score_pt": 304.64915518324148, "o_score_car": 588.47420457518615, "CDI": 0.31778930232965108, "log_population": 2.6020599913279625 }, "geometry": { "type": "Polygon", "coordinates": [ [ [ 11.239921357586617, 43.8117111285843 ], [ 11.241836327961279, 43.812674699107028 ], [ 11.243871073716091, 43.812026290051428 ], [ 11.244009705465087, 43.810423723078948 ], [ 11.242094742246614, 43.809460181019482 ], [ 11.240060071564137, 43.810108579772802 ], [ 11.239921357586617, 43.8117111285843 ] ] ] } },
{ "type": "Feature", "properties": { "id": 728, "snapped_id": 728.0, "centroid_lon": 11.24899, "centroid_lat": 43.83353, "radius": 202.508, "internal_id": 617532047951134719, "population": 0, "component": 0, "o_score_pt": 0.20720873111395791, "o_score_car": 439.66019552963911, "CDI": 0.99905785821314863, "log_population": 0.0 }, "geometry": { "type": "Polygon", "coordinates": [ [ [ 11.248904572938356, 43.833490611079299 ], [ 11.249065843277247, 43.833571715102792 ], [ 11.249065843882727, 43.833571708100131 ], [ 11.248904573117201, 43.833490609012138 ], [ 11.248904572938356, 43.833490611079299 ] ] ] } },
{ "type": "Feature", "properties": { "id": 729, "snapped_id": 729.0, "centroid_lon": 11.23542, "centroid_lat": 43.78315, "radius": 202.56, "internal_id": 617532047458303999, "population": 1522, "component": 0, "o_score_pt": 481.17715519513882, "o_score_car": 725.83140641096293, "CDI": 0.2026947107071683, "log_population": 3.1826999033360428 }, "geometry": { "type": "Polygon", "coordinates": [ [ [ 11.233118054173572, 43.783889033907421 ], [ 11.235264124814094, 43.784969571916797 ], [ 11.237567329674865, 43.78423516060883 ], [ 11.2377243793918, 43.782420218754154 ], [ 11.235578317305208, 43.781339707563987 ], [ 11.233275196945801, 43.782074111410438 ], [ 11.233118054173572, 43.783889033907421 ] ] ] } },
{ "type": "Feature", "properties": { "id": 730, "snapped_id": 730.0, "centroid_lon": 11.28718, "centroid_lat": 43.75427, "radius": 202.657, "internal_id": 617532049990615039, "population": 601, "component": 0, "o_score_pt": 226.37619175333111, "o_score_car": 585.37008797151373, "CDI": 0.44224889621898811, "log_population": 2.7795964912578244 }, "geometry": { "type": "Polygon", "coordinates": [ [ [ 11.284970313896372, 43.754977082646683 ], [ 11.287032944524254, 43.7560147261037 ], [ 11.289238180386645, 43.755309917457261 ], [ 11.289387502642541, 43.753570844845328 ], [ 11.287324880254683, 43.752533228943008 ], [ 11.28511972528301, 43.753238028923214 ], [ 11.284970313896372, 43.754977082646683 ] ] ] } },
{ "type": "Feature", "properties": { "id": 731, "snapped_id": 731.0, "centroid_lon": 11.20485, "centroid_lat": 43.79996, "radius": 202.503, "internal_id": 617532053684486143, "population": 111, "component": 0, "o_score_pt": 390.99524214731241, "o_score_car": 616.99466901187157, "CDI": 0.2242080246662993, "log_population": 2.0492180226701815 }, "geometry": { "type": "Polygon", "coordinates": [ [ [ 11.203320392944581, 43.800418374566362 ], [ 11.204773421315124, 43.801150345186493 ], [ 11.206272495085658, 43.800672992153366 ], [ 11.206375181305832, 43.799491688858858 ], [ 11.204922157145241, 43.798759746537236 ], [ 11.203423139675587, 43.799237086503595 ], [ 11.203320392944581, 43.800418374566362 ] ] ] } },
{ "type": "Feature", "properties": { "id": 732, "snapped_id": 732.0, "centroid_lon": 11.18696, "centroid_lat": 43.77389, "radius": 202.517, "internal_id": 617532049849581567, "population": 393, "component": 0, "o_score_pt": 23.386948301536808, "o_score_car": 563.02269698663179, "CDI": 0.92023682253710481, "log_population": 2.5954962218255742 }, "geometry": { "type": "Polygon", "coordinates": [ [ [ 11.1849250298845, 43.774533911299493 ], [ 11.186832516347183, 43.775495673588338 ], [ 11.188859820239131, 43.774849963846833 ], [ 11.188998982235011, 43.773252046878959 ], [ 11.187091502688418, 43.772290313090068 ], [ 11.185064273708136, 43.772936012562987 ], [ 11.1849250298845, 43.774533911299493 ] ] ] } },
{ "type": "Feature", "properties": { "id": 733, "snapped_id": 733.0, "centroid_lon": 11.32689, "centroid_lat": 43.78749, "radius": 202.658, "internal_id": 617532047562899455, "population": 35, "component": 0, "o_score_pt": 6.0078776269488552, "o_score_car": 499.75214903018241, "CDI": 0.97624218083560876, "log_population": 1.5563025007672873 }, "geometry": { "type": "Polygon", "coordinates": [ [ [ 11.325823928678943, 43.787796439718868 ], [ 11.326866628546094, 43.788320167464235 ], [ 11.327888810799706, 43.787993407329203 ], [ 11.327957666414298, 43.787187636050071 ], [ 11.326914968493304, 43.786663932552202 ], [ 11.325892825558142, 43.786990680141841 ], [ 11.325823928678943, 43.787796439718868 ] ] ] } },
{ "type": "Feature", "properties": { "id": 734, "snapped_id": 734.0, "centroid_lon": 11.18204, "centroid_lat": 43.77899, "radius": 202.505, "internal_id": 617532053719351295, "population": 17, "component": 0, "o_score_pt": 3.2218738093482169, "o_score_car": 544.35816701126237, "CDI": 0.98823231831269842, "log_population": 1.255272505103306 }, "geometry": { "type": "Polygon", "coordinates": [ [ [ 11.181254589296715, 43.779194427397037 ], [ 11.182045182036289, 43.779593068871108 ], [ 11.182775119022613, 43.779360643294645 ], [ 11.182825367886084, 43.778784114379313 ], [ 11.182034775298376, 43.778385492915341 ], [ 11.181304867564231, 43.77861790791389 ], [ 11.181254589296715, 43.779194427397037 ] ] ] } },
{ "type": "Feature", "properties": { "id": 735, "snapped_id": 735.0, "centroid_lon": 11.25438, "centroid_lat": 43.82299, "radius": 202.528, "internal_id": 617532047949561855, "population": 59, "component": 0, "o_score_pt": 2.6775275782858481, "o_score_car": 552.16302909153296, "CDI": 0.99034847923029801, "log_population": 1.7781512503836436 }, "geometry": { "type": "Polygon", "coordinates": [ [ [ 11.253103570541169, 43.823367153441232 ], [ 11.254331586560987, 43.823984747584568 ], [ 11.255568823669359, 43.823590471236002 ], [ 11.255653002083124, 43.82261596735605 ], [ 11.254424989007058, 43.821998399742007 ], [ 11.253187798910956, 43.822392662945575 ], [ 11.253103570541169, 43.823367153441232 ] ] ] } },
{ "type": "Feature", "properties": { "id": 736, "snapped_id": 736.0, "centroid_lon": 11.30404, "centroid_lat": 43.76654, "radius": 202.66, "internal_id": 617532047597764607, "population": 1299, "component": 0, "o_score_pt": 253.11359349858736, "o_score_car": 592.15474559540587, "CDI": 0.40110475740783341, "log_population": 3.1139433523068369 }, "geometry": { "type": "Polygon", "coordinates": [ [ [ 11.301739503226239, 43.76727876231196 ], [ 11.303886738501147, 43.768358276591229 ], [ 11.306189630973032, 43.767622160871014 ], [ 11.306345203882531, 43.765806538439151 ], [ 11.30419797744319, 43.764727050980277 ], [ 11.301895169256811, 43.765463159134036 ], [ 11.301739503226239, 43.76727876231196 ] ] ] } },
{ "type": "Feature", "properties": { "id": 737, "snapped_id": 737.0, "centroid_lon": 11.22359, "centroid_lat": 43.79046, "radius": 202.537, "internal_id": 617532047456731135, "population": 1488, "component": 0, "o_score_pt": 447.89955648997272, "o_score_car": 691.94864184531559, "CDI": 0.21410665535267651, "log_population": 3.1728946977521764 }, "geometry": { "type": "Polygon", "coordinates": [ [ [ 11.221287169080043, 43.791189519268507 ], [ 11.223433152877311, 43.792270211226594 ], [ 11.225736533913718, 43.791536149008721 ], [ 11.22589384660334, 43.789721402278147 ], [ 11.223747871312336, 43.788640737137555 ], [ 11.221444574823462, 43.789374791911207 ], [ 11.221287169080043, 43.791189519268507 ] ] ] } },
{ "type": "Feature", "properties": { "id": 738, "snapped_id": 738.0, "centroid_lon": 11.2619, "centroid_lat": 43.73587, "radius": 202.653, "internal_id": 617532049919311871, "population": 43, "component": 0, "o_score_pt": 1.9405228686464755, "o_score_car": 498.49313136121413, "CDI": 0.99224463481924363, "log_population": 1.6434526764861874 }, "geometry": { "type": "Polygon", "coordinates": [ [ [ 11.260748390942673, 43.736198063121016 ], [ 11.261862259581592, 43.73675895747413 ], [ 11.262967644002046, 43.736405733952658 ], [ 11.263042817891636, 43.735532927240413 ], [ 11.261928951534289, 43.734972058119716 ], [ 11.260823609429249, 43.73532526883438 ], [ 11.260748390942673, 43.736198063121016 ] ] ] } },
{ "type": "Feature", "properties": { "id": 739, "snapped_id": 739.0, "centroid_lon": 11.22265, "centroid_lat": 43.80134, "radius": 202.521, "internal_id": 617532053682913279, "population": 311, "component": 0, "o_score_pt": 312.73576477780455, "o_score_car": 612.24986758783223, "CDI": 0.32380405957660652, "log_population": 2.4941545940184429 }, "geometry": { "type": "Polygon", "coordinates": [ [ [ 11.220703148202793, 43.801951637915408 ], [ 11.222527504637599, 43.802870220701436 ], [ 11.224457475277351, 43.802255368541708 ], [ 11.224589320658646, 43.800734965357947 ], [ 11.222764970756305, 43.799816411366677 ], [ 11.22083507154168, 43.800431252411883 ], [ 11.220703148202793, 43.801951637915408 ] ] ] } },
{ "type": "Feature", "properties": { "id": 740, "snapped_id": 740.0, "centroid_lon": 11.29163, "centroid_lat": 43.75462, "radius": 202.662, "internal_id": 617532049989042175, "population": 966, "component": 0, "o_score_pt": 210.45134621728644, "o_score_car": 570.04170041168732, "CDI": 0.46072204710536119, "log_population": 2.9854264740830017 }, "geometry": { "type": "Polygon", "coordinates": [ [ [ 11.289325477441981, 43.75535380698782 ], [ 11.291472117383044, 43.756433581943746 ], [ 11.293774653783514, 43.755697589316981 ], [ 11.293930465946557, 43.753881829280161 ], [ 11.291783834786967, 43.752802081149319 ], [ 11.289481382680892, 43.753538066231364 ], [ 11.289325477441981, 43.75535380698782 ] ] ] } },
{ "type": "Feature", "properties": { "id": 741, "snapped_id": 741.0, "centroid_lon": 11.27453, "centroid_lat": 43.79715, "radius": 202.586, "internal_id": 617532047385427967, "population": 505, "component": 0, "o_score_pt": 179.6001844877195, "o_score_car": 656.62924425245205, "CDI": 0.57045237033023899, "log_population": 2.7041505168397992 }, "geometry": { "type": "Polygon", "coordinates": [ [ [ 11.27239268825404, 43.797830747832059 ], [ 11.274393164444234, 43.798836731611544 ], [ 11.276526480216223, 43.798156000325271 ], [ 11.276671182313558, 43.796475236960916 ], [ 11.274670713928559, 43.795469281173929 ], [ 11.272537476597636, 43.796150003038797 ], [ 11.27239268825404, 43.797830747832059 ] ] ] } },
{ "type": "Feature", "properties": { "id": 742, "snapped_id": 742.0, "centroid_lon": 11.17362, "centroid_lat": 43.77285, "radius": 202.503, "internal_id": 617532049848008703, "population": 14, "component": 0, "o_score_pt": 1.0701463495144057, "o_score_car": 511.88329615736922, "CDI": 0.9958275107998712, "log_population": 1.1760912590556813 }, "geometry": { "type": "Polygon", "coordinates": [ [ [ 11.172908785243557, 43.77302799312374 ], [ 11.173633249794298, 43.77339340757041 ], [ 11.174286408262802, 43.77318544298636 ], [ 11.174331450022926, 43.772669181235038 ], [ 11.173606985216791, 43.772303785452081 ], [ 11.172953853305422, 43.772511740130724 ], [ 11.172908785243557, 43.77302799312374 ] ] ] } },
{ "type": "Feature", "properties": { "id": 743, "snapped_id": 743.0, "centroid_lon": 11.28378, "centroid_lat": 43.76772, "radius": 202.636, "internal_id": 617532047407972351, "population": 2756, "component": 0, "o_score_pt": 319.54761761001004, "o_score_car": 664.83924808883319, "CDI": 0.35076822183490958, "log_population": 3.4404367661057735 }, "geometry": { "type": "Polygon", "coordinates": [ [ [ 11.281481409028963, 43.768454622234401 ], [ 11.283628204852249, 43.769534457733982 ], [ 11.285931086948018, 43.76879879882884 ], [ 11.286087088876798, 43.766983311960104 ], [ 11.283940301805172, 43.765903503281841 ], [ 11.281637504051126, 43.766639154652189 ], [ 11.281481409028963, 43.768454622234401 ] ] ] } },
{ "type": "Feature", "properties": { "id": 744, "snapped_id": 744.0, "centroid_lon": 11.18649, "centroid_lat": 43.77934, "radius": 202.509, "internal_id": 617532053717778431, "population": 83, "component": 0, "o_score_pt": 21.471812371226768, "o_score_car": 586.22376254985215, "CDI": 0.92933365567450354, "log_population": 1.9242792860618816 }, "geometry": { "type": "Polygon", "coordinates": [ [ [ 11.185077458957885, 43.779759955981014 ], [ 11.186425651544956, 43.780439670778762 ], [ 11.18780328402887, 43.780000957971083 ], [ 11.187897909398885, 43.778914626945898 ], [ 11.186549720342759, 43.77823493977295 ], [ 11.185172139906316, 43.778673639418081 ], [ 11.185077458957885, 43.779759955981014 ] ] ] } },
{ "type": "Feature", "properties": { "id": 745, "snapped_id": 745.0, "centroid_lon": 11.31354, "centroid_lat": 43.78646, "radius": 202.644, "internal_id": 617532047561326591, "population": 25, "component": 0, "o_score_pt": 8.9231055161023942, "o_score_car": 538.66368746918658, "CDI": 0.96740934722893479, "log_population": 1.414973347970818 }, "geometry": { "type": "Polygon", "coordinates": [ [ [ 11.312601232509429, 43.786721442637848 ], [ 11.313525804929531, 43.78718600568687 ], [ 11.31441111289918, 43.78690309987249 ], [ 11.314470869452895, 43.786205088928831 ], [ 11.31354629821036, 43.785740548297852 ], [ 11.312661024776538, 43.786023442317372 ], [ 11.312601232509429, 43.786721442637848 ] ] ] } },
{ "type": "Feature", "properties": { "id": 746, "snapped_id": 746.0, "centroid_lon": 11.30849, "centroid_lat": 43.76689, "radius": 202.665, "internal_id": 617532047596191743, "population": 736, "component": 0, "o_score_pt": 253.14819130909365, "o_score_car": 588.47190388291233, "CDI": 0.39842645688886319, "log_population": 2.8674674878590514 }, "geometry": { "type": "Polygon", "coordinates": [ [ [ 11.306201454132072, 43.767618031797717 ], [ 11.308338232946085, 43.768692159956885 ], [ 11.310628893407996, 43.767959867695495 ], [ 11.310783546423108, 43.766153880695455 ], [ 11.308646776396882, 43.765079779456578 ], [ 11.306356199779506, 43.76581206399559 ], [ 11.306201454132072, 43.767618031797717 ] ] ] } },
{ "type": "Feature", "properties": { "id": 747, "snapped_id": 747.0, "centroid_lon": 11.24102, "centroid_lat": 43.82195, "radius": 202.514, "internal_id": 617532047947988991, "population": 9, "component": 0, "o_score_pt": 4.8743051760570211, "o_score_car": 537.32519173545734, "CDI": 0.98202025194113163, "log_population": 1.0 }, "geometry": { "type": "Polygon", "coordinates": [ [ [ 11.240475705822439, 43.82207596153053 ], [ 11.241054380242698, 43.822367095896638 ], [ 11.24153799575117, 43.822213033270174 ], [ 11.241571009617555, 43.821831535626458 ], [ 11.240992334104941, 43.821540416586174 ], [ 11.240508739125508, 43.821694471023818 ], [ 11.240475705822439, 43.82207596153053 ] ] ] } },
{ "type": "Feature", "properties": { "id": 748, "snapped_id": 748.0, "centroid_lon": 11.21081, "centroid_lat": 43.80864, "radius": 202.498, "internal_id": 617532053681340415, "population": 0, "component": 0, "o_score_pt": 2.0324768018003412, "o_score_car": 556.67075725197151, "CDI": 0.99272430629386776, "log_population": 0.0 }, "geometry": { "type": "Polygon", "coordinates": [ [ [ 11.210732216439117, 43.808600396339401 ], [ 11.210892899286652, 43.808681318110587 ], [ 11.21089289989475, 43.808681311110625 ], [ 11.210732216619483, 43.80860039426441 ], [ 11.210732216439117, 43.808600396339401 ] ] ] } },
{ "type": "Feature", "properties": { "id": 749, "snapped_id": 749.0, "centroid_lon": 11.17807, "centroid_lat": 43.7732, "radius": 202.508, "internal_id": 617532049846435839, "population": 4, "component": 0, "o_score_pt": 0.70071310987147595, "o_score_car": 529.46168533800653, "CDI": 0.99735660955238281, "log_population": 0.69897000433601886 }, "geometry": { "type": "Polygon", "coordinates": [ [ [ 11.177801536372291, 43.773221255571215 ], [ 11.178128428422417, 43.773386118317106 ], [ 11.178319731755371, 43.773325200174042 ], [ 11.178333043125303, 43.773172535968634 ], [ 11.178006148427738, 43.773007681773002 ], [ 11.177814855385458, 43.773068595639096 ], [ 11.177801536372291, 43.773221255571215 ] ] ] } },
{ "type": "Feature", "properties": { "id": 750, "snapped_id": 750.0, "centroid_lon": 11.20428, "centroid_lat": 43.78073, "radius": 202.528, "internal_id": 617532053716205567, "population": 701, "component": 0, "o_score_pt": 31.081842574140182, "o_score_car": 629.80637935240043, "CDI": 0.90593918444019417, "log_population": 2.8463371121298051 }, "geometry": { "type": "Polygon", "coordinates": [ [ [ 11.20200837541017, 43.781450501239064 ], [ 11.204125490051618, 43.782517358936325 ], [ 11.206395848171427, 43.781794019054693 ], [ 11.206551311387271, 43.780004964382194 ], [ 11.204434204998527, 43.778938133769323 ], [ 11.202163930306504, 43.779661465844995 ], [ 11.20200837541017, 43.781450501239064 ] ] ] } },
{ "type": "Feature", "properties": { "id": 751, "snapped_id": 751.0, "centroid_lon": 11.16528, "centroid_lat": 43.79138, "radius": 202.469, "internal_id": 617532053705457663, "population": 705, "component": 0, "o_score_pt": 8.4226459178503728, "o_score_car": 520.30127302526682, "CDI": 0.96813972050030705, "log_population": 2.8488047010518036 }, "geometry": { "type": "Polygon", "coordinates": [ [ [ 11.16301081435981, 43.792101255076659 ], [ 11.165129365428809, 43.793169719662011 ], [ 11.167402314380849, 43.792446590762339 ], [ 11.167558771369395, 43.790656057803041 ], [ 11.165440228407736, 43.789587620282298 ], [ 11.163167363090862, 43.790310741463465 ], [ 11.16301081435981, 43.792101255076659 ] ] ] } },
{ "type": "Feature", "properties": { "id": 752, "snapped_id": 797.0, "centroid_lon": 11.29035, "centroid_lat": 43.79564, "radius": 202.606, "internal_id": 617532047373107199, "population": 1, "component": 0, "o_score_pt": 7.2504647217186049, "o_score_car": 587.19218611069573, "CDI": 0.97560583948151924, "log_population": 0.3010299956639812 }, "geometry": { "type": "Polygon", "coordinates": [ [ [ 11.290264876676591, 43.795595741060069 ], [ 11.290425339433181, 43.79567640407938 ], [ 11.29042534003414, 43.795676397083525 ], [ 11.290264876856373, 43.795595738968501 ], [ 11.290264876676591, 43.795595741060069 ] ] ] } },
{ "type": "Feature", "properties": { "id": 753, "snapped_id": 753.0, "centroid_lon": 11.26552, "centroid_lat": 43.77179, "radius": 202.609, "internal_id": 617532047418720255, "population": 1758, "component": 0, "o_score_pt": 513.49254559744759, "o_score_car": 679.44947367246209, "CDI": 0.1391156698265868, "log_population": 3.2452658394574612 }, "geometry": { "type": "Polygon", "coordinates": [ [ [ 11.263214566969866, 43.772522227269448 ], [ 11.2653610437356, 43.773602337092356 ], [ 11.267663999274063, 43.772867127463478 ], [ 11.26782039364636, 43.771051815519613 ], [ 11.265673925557232, 43.769971732517782 ], [ 11.263371054417247, 43.770706934639861 ], [ 11.263214566969866, 43.772522227269448 ] ] ] } },
{ "type": "Feature", "properties": { "id": 754, "snapped_id": 754.0, "centroid_lon": 11.24547, "centroid_lat": 43.8223, "radius": 202.519, "internal_id": 617532047946416127, "population": 14, "component": 0, "o_score_pt": 3.11737186488102, "o_score_car": 529.47584595913236, "CDI": 0.98829361035569518, "log_population": 1.1760912590556813 }, "geometry": { "type": "Polygon", "coordinates": [ [ [ 11.244762686472829, 43.822479398294405 ], [ 11.245488286809248, 43.822844407349869 ], [ 11.246142454047407, 43.822635988755536 ], [ 11.246187052775209, 43.822120308792101 ], [ 11.245461452258537, 43.821755318395297 ], [ 11.244807311542605, 43.821963727032369 ], [ 11.244762686472829, 43.822479398294405 ] ] ] } },
{ "type": "Feature", "properties": { "id": 755, "snapped_id": 755.0, "centroid_lon": 11.24667, "centroid_lat": 43.75662, "radius": 202.608, "internal_id": 617532049985896447, "population": 107, "component": 0, "o_score_pt": 236.71059443147257, "o_score_car": 665.37637850463602, "CDI": 0.47519340920969511, "log_population": 2.0334237554869499 }, "geometry": { "type": "Polygon", "coordinates": [ [ [ 11.24516107814126, 43.757077540955379 ], [ 11.246600514883085, 43.75780240781399 ], [ 11.248083583377866, 43.7573289890436 ], [ 11.248184602959798, 43.756159080407429 ], [ 11.246745170465754, 43.755434241770118 ], [ 11.245262157594526, 43.755907647406644 ], [ 11.24516107814126, 43.757077540955379 ] ] ] } },
{ "type": "Feature", "properties": { "id": 756, "snapped_id": 756.0, "centroid_lon": 11.19245, "centroid_lat": 43.78803, "radius": 202.504, "internal_id": 617532053714632703, "population": 4, "component": 0, "o_score_pt": 3.9573335065401101, "o_score_car": 557.71967404052498, "CDI": 0.98590886415727641, "log_population": 0.69897000433601886 }, "geometry": { "type": "Polygon", "coordinates": [ [ [ 11.192182584226106, 43.788049388611313 ], [ 11.192509686204465, 43.788214255385661 ], [ 11.192701202636991, 43.788153270319029 ], [ 11.192714478814647, 43.788000759870314 ], [ 11.19238737418814, 43.787835901646076 ], [ 11.192195868044696, 43.787896882431511 ], [ 11.192182584226106, 43.788049388611313 ] ] ] } },
{ "type": "Feature", "properties": { "id": 757, "snapped_id": 757.0, "centroid_lon": 11.31447, "centroid_lat": 43.77557, "radius": 202.66, "internal_id": 617532047593046015, "population": 1, "component": 0, "o_score_pt": 120.83198489909348, "o_score_car": 536.0396566794127, "CDI": 0.63209864073679245, "log_population": 0.3010299956639812 }, "geometry": { "type": "Polygon", "coordinates": [ [ [ 11.314388659513101, 43.77553056765786 ], [ 11.314548697389874, 43.775610994067328 ], [ 11.314548697988259, 43.775610987075098 ], [ 11.314388659693334, 43.77553056555309 ], [ 11.314388659513101, 43.77553056765786 ] ] ] } },
{ "type": "Feature", "properties": { "id": 758, "snapped_id": 758.0, "centroid_lon": 11.26328, "centroid_lat": 43.82368, "radius": 202.537, "internal_id": 617532047944843263, "population": 0, "component": 0, "o_score_pt": 2.516414045192334, "o_score_car": 506.13541982247608, "CDI": 0.9901055540248106, "log_population": 0.0 }, "geometry": { "type": "Polygon", "coordinates": [ [ [ 11.263201713844198, 43.82364213552205 ], [ 11.263362777146966, 43.823723118926182 ], [ 11.263362777750965, 43.823723111925396 ], [ 11.263201714023243, 43.823642133448075 ], [ 11.263201713844198, 43.82364213552205 ] ] ] } },
{ "type": "Feature", "properties": { "id": 759, "snapped_id": 759.0, "centroid_lon": 11.17815, "centroid_lat": 43.79787, "radius": 202.475, "internal_id": 617532053670592511, "population": 469, "component": 0, "o_score_pt": 7.082183828943041, "o_score_car": 533.96504993512679, "CDI": 0.97382046007454037, "log_population": 2.6720978579357175 }, "geometry": { "type": "Polygon", "coordinates": [ [ [ 11.176044941471858, 43.798532995483406 ], [ 11.178016684487343, 43.799526983677751 ], [ 11.180118738793373, 43.798858100751467 ], [ 11.18026319501295, 43.797202242490336 ], [ 11.178291459269275, 43.79620828246 ], [ 11.176189482551923, 43.796877155805532 ], [ 11.176044941471858, 43.798532995483406 ] ] ] } },
{ "type": "Feature", "properties": { "id": 760, "snapped_id": 760.0, "centroid_lon": 11.21601, "centroid_lat": 43.74875, "radius": 202.584, "internal_id": 617532049800822783, "population": 0, "component": 0, "o_score_pt": 4.2283234206606286, "o_score_car": 538.7124063668881, "CDI": 0.98442436461779081, "log_population": 0.0 }, "geometry": { "type": "Polygon", "coordinates": [ [ [ 11.215932072670451, 43.748709521539212 ], [ 11.216091429911156, 43.748789845151926 ], [ 11.216091430517244, 43.748789838161073 ], [ 11.215932072853144, 43.748709519433227 ], [ 11.215932072670451, 43.748709521539212 ] ] ] } },
{ "type": "Feature", "properties": { "id": 761, "snapped_id": 761.0, "centroid_lon": 11.25651, "centroid_lat": 43.74642, "radius": 202.633, "internal_id": 617532049976721407, "population": 68, "component": 0, "o_score_pt": 9.4623542072927496, "o_score_car": 579.60655166843594, "CDI": 0.96787352340987798, "log_population": 1.8388490907372552 }, "geometry": { "type": "Polygon", "coordinates": [ [ [ 11.25517905156957, 43.74681147235377 ], [ 11.256456084218675, 43.747454503859323 ], [ 11.257750699785944, 43.747041002682984 ], [ 11.257838782070495, 43.746019314373882 ], [ 11.256561752695323, 43.745376309884541 ], [ 11.255267186105151, 43.745789797854691 ], [ 11.25517905156957, 43.74681147235377 ] ] ] } },
{ "type": "Feature", "properties": { "id": 762, "snapped_id": 762.0, "centroid_lon": 11.28484, "centroid_lat": 43.78151, "radius": 202.618, "internal_id": 617532047417147391, "population": 389, "component": 0, "o_score_pt": 73.953612551098914, "o_score_car": 642.91938399883782, "CDI": 0.79367722621158221, "log_population": 2.5910646070264991 }, "geometry": { "type": "Polygon", "coordinates": [ [ [ 11.282805654786367, 43.782147560363704 ], [ 11.284711570665227, 43.783105989375684 ], [ 11.286735043568925, 43.782459824065398 ], [ 11.286872107051318, 43.780864977912231 ], [ 11.284966198426316, 43.779906577407452 ], [ 11.282942800064507, 43.78055273226591 ], [ 11.282805654786367, 43.782147560363704 ] ] ] } },
{ "type": "Feature", "properties": { "id": 763, "snapped_id": 763.0, "centroid_lon": 11.25778, "centroid_lat": 43.80956, "radius": 202.55, "internal_id": 617532047452012543, "population": 2, "component": 0, "o_score_pt": 78.055211763807293, "o_score_car": 593.95669081395295, "CDI": 0.76769693672270845, "log_population": 0.47712125471966244 }, "geometry": { "type": "Polygon", "coordinates": [ [ [ 11.257699114409835, 43.809515409015056 ], [ 11.257859858627084, 43.809596262544076 ], [ 11.257859859231189, 43.80959625554523 ], [ 11.257699114589517, 43.809515406934622 ], [ 11.257699114409835, 43.809515409015056 ] ] ] } },
{ "type": "Feature", "properties": { "id": 764, "snapped_id": 764.0, "centroid_lon": 11.27231, "centroid_lat": 43.7449, "radius": 202.653, "internal_id": 617532049914593279, "population": 0, "component": 0, "o_score_pt": 2.9257809659720171, "o_score_car": 563.81348407080145, "CDI": 0.98967503701801163, "log_population": 0.0 }, "geometry": { "type": "Polygon", "coordinates": [ [ [ 11.272231754834353, 43.744858277811488 ], [ 11.272391076540385, 43.744938472326048 ], [ 11.272391077141577, 43.744938465337249 ], [ 11.272231755016398, 43.744858275696537 ], [ 11.272231754834353, 43.744858277811488 ] ] ] } },
{ "type": "Feature", "properties": { "id": 765, "snapped_id": 765.0, "centroid_lon": 11.16028, "centroid_lat": 43.7718, "radius": 202.489, "internal_id": 617532053960261631, "population": 774, "component": 0, "o_score_pt": 0.44488828245696538, "o_score_car": 526.11809248162967, "CDI": 0.99831021815543719, "log_population": 2.8893017025063101 }, "geometry": { "type": "Polygon", "coordinates": [ [ [ 11.157976712473715, 43.772535566000123 ], [ 11.160120740542739, 43.773617371498922 ], [ 11.162423463535696, 43.772884460144397 ], [ 11.162582073780815, 43.771069750633011 ], [ 11.160438053951378, 43.769987971961179 ], [ 11.158135415635263, 43.770720875974924 ], [ 11.157976712473715, 43.772535566000123 ] ] ] } },
{ "type": "Feature", "properties": { "id": 766, "snapped_id": 766.0, "centroid_lon": 11.26447, "centroid_lat": 43.758, "radius": 202.627, "internal_id": 617532049984323583, "population": 134, "component": 0, "o_score_pt": 32.551422907698615, "o_score_car": 616.06591436222345, "CDI": 0.89962826758621683, "log_population": 2.1303337684950061 }, "geometry": { "type": "Polygon", "coordinates": [ [ [ 11.262863956222223, 43.758490003714421 ], [ 11.264384507276702, 43.75925534877674 ], [ 11.265961456867462, 43.758751724638522 ], [ 11.266068598879773, 43.757507906743704 ], [ 11.264548052622168, 43.756742590287438 ], [ 11.262971161918095, 43.757246201473251 ], [ 11.262863956222223, 43.758490003714421 ] ] ] } },
{ "type": "Feature", "properties": { "id": 767, "snapped_id": 767.0, "centroid_lon": 11.23767, "centroid_lat": 43.73124, "radius": 202.632, "internal_id": 617532050019188735, "population": 5, "component": 0, "o_score_pt": 0.1681234045545312, "o_score_car": 484.89065689741221, "CDI": 0.99930679162451241, "log_population": 0.77815125038364363 }, "geometry": { "type": "Polygon", "coordinates": [ [ [ 11.237333277119577, 43.731293588539295 ], [ 11.237725304937833, 43.731491136065856 ], [ 11.237993257747092, 43.73140555967931 ], [ 11.238011665795421, 43.731192522358214 ], [ 11.237619635786842, 43.730994985274407 ], [ 11.237351695905378, 43.731080556249701 ], [ 11.237333277119577, 43.731293588539295 ] ] ] } },
{ "type": "Feature", "properties": { "id": 768, "snapped_id": 768.0, "centroid_lon": 11.28343, "centroid_lat": 43.79784, "radius": 202.595, "internal_id": 617532047380709375, "population": 111, "component": 0, "o_score_pt": 6.9886564659256907, "o_score_car": 582.8303895306874, "CDI": 0.97630237099543959, "log_population": 2.0492180226701815 }, "geometry": { "type": "Polygon", "coordinates": [ [ [ 11.281906674367283, 43.798306641629594 ], [ 11.283360696459756, 43.799037657023895 ], [ 11.284860023283843, 43.798559112563986 ], [ 11.284961616808896, 43.797377635156252 ], [ 11.283507599143856, 43.796646648050995 ], [ 11.282008328470788, 43.797125179348996 ], [ 11.281906674367283, 43.798306641629594 ] ] ] } },
{ "type": "Feature", "properties": { "id": 769, "snapped_id": 769.0, "centroid_lon": 11.30112, "centroid_lat": 43.77454, "radius": 202.646, "internal_id": 617532047591473151, "population": 1063, "component": 0, "o_score_pt": 172.60386967052861, "o_score_car": 599.9664731117266, "CDI": 0.55316982774945556, "log_population": 3.0269416279590295 }, "geometry": { "type": "Polygon", "coordinates": [ [ [ 11.298813699159124, 43.775276768397667 ], [ 11.300961072938634, 43.77635628950474 ], [ 11.303264180533148, 43.775620336857301 ], [ 11.303419830036706, 43.773804870667277 ], [ 11.301272465082326, 43.772725376378219 ], [ 11.298969441797301, 43.773461321462314 ], [ 11.298813699159124, 43.775276768397667 ] ] ] } },
{ "type": "Feature", "properties": { "id": 770, "snapped_id": 770.0, "centroid_lon": 11.25145, "centroid_lat": 43.83098, "radius": 202.514, "internal_id": 617532047943270399, "population": 0, "component": 0, "o_score_pt": 1.7637213596686434, "o_score_car": 446.61059665890662, "CDI": 0.99213281720744961, "log_population": 0.0 }, "geometry": { "type": "Polygon", "coordinates": [ [ [ 11.251366032626551, 43.830942347696443 ], [ 11.251527248318503, 43.83102342255102 ], [ 11.251527248923708, 43.831023415548806 ], [ 11.251366032805464, 43.830942345627669 ], [ 11.251366032626551, 43.830942347696443 ] ] ] } },
{ "type": "Feature", "properties": { "id": 771, "snapped_id": 771.0, "centroid_lon": 11.27711, "centroid_lat": 43.81927, "radius": 202.559, "internal_id": 617532047450439679, "population": 10, "component": 0, "o_score_pt": 131.12113710820867, "o_score_car": 557.126845497717, "CDI": 0.61897124169767304, "log_population": 1.0413926851582249 }, "geometry": { "type": "Polygon", "coordinates": [ [ [ 11.276521723041947, 43.81941037599946 ], [ 11.27713492070369, 43.819718606121683 ], [ 11.27765879503723, 43.819551532021841 ], [ 11.277694352576098, 43.819138569705515 ], [ 11.277081154075173, 43.818830355726725 ], [ 11.276557301645374, 43.818997421171844 ], [ 11.276521723041947, 43.81941037599946 ] ] ] } },
{ "type": "Feature", "properties": { "id": 772, "snapped_id": 772.0, "centroid_lon": 11.26891, "centroid_lat": 43.75834, "radius": 202.631, "internal_id": 617532049982750719, "population": 29, "component": 0, "o_score_pt": 181.94568806555472, "o_score_car": 666.57401456935497, "CDI": 0.57114563751305136, "log_population": 1.4771212547196624 }, "geometry": { "type": "Polygon", "coordinates": [ [ [ 11.267922653497854, 43.758621960456082 ], [ 11.268898270054871, 43.759112965242487 ], [ 11.269843090998195, 43.758811183986055 ], [ 11.269907288575739, 43.758065458473972 ], [ 11.268931673449844, 43.757574476951959 ], [ 11.267986889183923, 43.757876246101716 ], [ 11.267922653497854, 43.758621960456082 ] ] ] } },
{ "type": "Feature", "properties": { "id": 773, "snapped_id": 773.0, "centroid_lon": 11.25698, "centroid_lat": 43.74097, "radius": 202.641, "internal_id": 617532050017615871, "population": 2, "component": 0, "o_score_pt": 6.0604695417331369, "o_score_car": 551.05178563178026, "CDI": 0.9782432732884484, "log_population": 0.47712125471966244 }, "geometry": { "type": "Polygon", "coordinates": [ [ [ 11.256899036157437, 43.740928095422802 ], [ 11.257058257365124, 43.74100827624877 ], [ 11.257058257967518, 43.741008269260178 ], [ 11.256899036339854, 43.740928093307808 ], [ 11.256899036157437, 43.740928095422802 ] ] ] } },
{ "type": "Feature", "properties": { "id": 774, "snapped_id": 774.0, "centroid_lon": 11.28882, "centroid_lat": 43.7873, "radius": 202.615, "internal_id": 617532047379136511, "population": 60, "component": 0, "o_score_pt": 22.004410783786646, "o_score_car": 634.96372913739049, "CDI": 0.93301224383140802, "log_population": 1.7853298350107671 }, "geometry": { "type": "Polygon", "coordinates": [ [ [ 11.287540688675056, 43.787674733242341 ], [ 11.288774277023702, 43.788294949370844 ], [ 11.290017972078317, 43.787897812043902 ], [ 11.290102194757287, 43.786917394470734 ], [ 11.28886860947545, 43.78629720492534 ], [ 11.28762496157721, 43.786694329067281 ], [ 11.287540688675056, 43.787674733242341 ] ] ] } },
{ "type": "Feature", "properties": { "id": 775, "snapped_id": 775.0, "centroid_lon": 11.26469, "centroid_lat": 43.80735, "radius": 202.561, "internal_id": 617532047444410367, "population": 0, "component": 0, "o_score_pt": 156.30612072230426, "o_score_car": 563.42611933381045, "CDI": 0.56565480320815498, "log_population": 0.0 }, "geometry": { "type": "Polygon", "coordinates": [ [ [ 11.264610893771533, 43.807311454627261 ], [ 11.264771594932464, 43.807392275080893 ], [ 11.264771595535919, 43.80739226808258 ], [ 11.264610893951206, 43.807311452544852 ], [ 11.264610893771533, 43.807311454627261 ] ] ] } },
{ "type": "Feature", "properties": { "id": 776, "snapped_id": 776.0, "centroid_lon": 11.30557, "centroid_lat": 43.77488, "radius": 202.651, "internal_id": 617532047589900287, "population": 95, "component": 0, "o_score_pt": 22.25325857283465, "o_score_car": 565.32825457947899, "CDI": 0.92425473547168557, "log_population": 1.9822712330395684 }, "geometry": { "type": "Polygon", "coordinates": [ [ [ 11.304102799641276, 43.775327522765338 ], [ 11.305500707905139, 43.776030195940528 ], [ 11.30693485836024, 43.775571858359207 ], [ 11.307031745723535, 43.774441093014346 ], [ 11.305633841599231, 43.773738447791906 ], [ 11.304199744946986, 43.774196772104602 ], [ 11.304102799641276, 43.775327522765338 ] ] ] } },
{ "type": "Feature", "properties": { "id": 777, "snapped_id": 777.0, "centroid_lon": 11.27594, "centroid_lat": 43.78082, "radius": 202.609, "internal_id": 617532047414001663, "population": 944, "component": 0, "o_score_pt": 327.91910210763041, "o_score_car": 659.31954723120202, "CDI": 0.33568422928489999, "log_population": 2.975431808509263 }, "geometry": { "type": "Polygon", "coordinates": [ [ [ 11.273635164631587, 43.781552796506091 ], [ 11.275782116260467, 43.78263269251719 ], [ 11.278085344068408, 43.78189736746122 ], [ 11.278241535856361, 43.780082153920233 ], [ 11.276094592949296, 43.779002284726701 ], [ 11.273791449530494, 43.779737602257775 ], [ 11.273635164631587, 43.781552796506091 ] ] ] } },
{ "type": "Feature", "properties": { "id": 778, "snapped_id": 778.0, "centroid_lon": 11.26375, "centroid_lat": 43.81824, "radius": 202.545, "internal_id": 617532047448866815, "population": 0, "component": 0, "o_score_pt": 1.6908704780843471, "o_score_car": 513.61910976720264, "CDI": 0.99343746271989741, "log_population": 0.0 }, "geometry": { "type": "Polygon", "coordinates": [ [ [ 11.263671500948734, 43.818198869085847 ], [ 11.26383244350161, 43.818279798165641 ], [ 11.263832444105427, 43.818279791165672 ], [ 11.263671501127989, 43.818198867009066 ], [ 11.263671500948734, 43.818198869085847 ] ] ] } },
{ "type": "Feature", "properties": { "id": 779, "snapped_id": 779.0, "centroid_lon": 11.25557, "centroid_lat": 43.75731, "radius": 202.617, "internal_id": 617532049981177855, "population": 21, "component": 0, "o_score_pt": 17.036067005718639, "o_score_car": 644.95155211438839, "CDI": 0.94853055702654243, "log_population": 1.3424226808222062 }, "geometry": { "type": "Polygon", "coordinates": [ [ [ 11.254702808272292, 43.757543229757516 ], [ 11.255565955989988, 43.757977788982295 ], [ 11.256380338739136, 43.75771776210977 ], [ 11.256435797146185, 43.757074720560247 ], [ 11.255572650142144, 43.756640182702576 ], [ 11.254758299507383, 43.756900198302269 ], [ 11.254702808272292, 43.757543229757516 ] ] ] } },
{ "type": "Feature", "properties": { "id": 780, "snapped_id": 780.0, "centroid_lon": 11.27547, "centroid_lat": 43.78626, "radius": 202.601, "internal_id": 617532047377563647, "population": 692, "component": 0, "o_score_pt": 141.06347250386077, "o_score_car": 629.58681114048727, "CDI": 0.63391054153180326, "log_population": 2.8407332346118066 }, "geometry": { "type": "Polygon", "coordinates": [ [ [ 11.273203066293837, 43.786985348388718 ], [ 11.275317272372877, 43.788048690219036 ], [ 11.277582517424976, 43.787325614760199 ], [ 11.277736144511721, 43.785540533196318 ], [ 11.275621946949128, 43.784477218486273 ], [ 11.27335678495902, 43.785200285962752 ], [ 11.273203066293837, 43.786985348388718 ] ] ] } },
{ "type": "Feature", "properties": { "id": 781, "snapped_id": 781.0, "centroid_lon": 11.2798, "centroid_lat": 43.76193, "radius": 202.639, "internal_id": 617532047412428799, "population": 1287, "component": 0, "o_score_pt": 311.69554918488728, "o_score_car": 617.53088860190633, "CDI": 0.32912896897923971, "log_population": 3.1099158630237933 }, "geometry": { "type": "Polygon", "coordinates": [ [ [ 11.277500406481073, 43.762663836619971 ], [ 11.279646960605486, 43.763743765606463 ], [ 11.281949674018351, 43.763008121767243 ], [ 11.28210574896427, 43.761192556470156 ], [ 11.279959203573757, 43.760112654307122 ], [ 11.277656574501478, 43.760848290618888 ], [ 11.277500406481073, 43.762663836619971 ] ] ] } },
{ "type": "Feature", "properties": { "id": 782, "snapped_id": 782.0, "centroid_lon": 11.2682, "centroid_lat": 43.81858, "radius": 202.55, "internal_id": 617532047447293951, "population": 0, "component": 0, "o_score_pt": 2.0823212805611009, "o_score_car": 481.07294619143261, "CDI": 0.99138032255570196, "log_population": 0.0 }, "geometry": { "type": "Polygon", "coordinates": [ [ [ 11.26812338710719, 43.81854408730424 ], [ 11.268284341162152, 43.818625012414664 ], [ 11.268284341765602, 43.818625005414773 ], [ 11.268123387286369, 43.81854408522706 ], [ 11.26812338710719, 43.81854408730424 ] ] ] } },
{ "type": "Feature", "properties": { "id": 783, "snapped_id": 783.0, "centroid_lon": 11.26599, "centroid_lat": 43.76634, "radius": 202.617, "internal_id": 617532047409545215, "population": 230, "component": 0, "o_score_pt": 373.84781924143823, "o_score_car": 685.39267906437647, "CDI": 0.29412098604729869, "log_population": 2.3636119798921444 }, "geometry": { "type": "Polygon", "coordinates": [ [ [ 11.264166401242912, 43.76690796948337 ], [ 11.26588179793009, 43.767771231257292 ], [ 11.267684702797725, 43.767195559577281 ], [ 11.267807153461627, 43.765773981435686 ], [ 11.266091762781443, 43.764910748618945 ], [ 11.264288924740507, 43.765486408302344 ], [ 11.264166401242912, 43.76690796948337 ] ] ] } },
{ "type": "Feature", "properties": { "id": 784, "snapped_id": 784.0, "centroid_lon": 11.26096, "centroid_lat": 43.74676, "radius": 202.638, "internal_id": 617532049979604991, "population": 1, "component": 0, "o_score_pt": 7.6398846832063576, "o_score_car": 553.83812586393185, "CDI": 0.97278652221567297, "log_population": 0.3010299956639812 }, "geometry": { "type": "Polygon", "coordinates": [ [ [ 11.260877118710702, 43.746720259612488 ], [ 11.261036471719455, 43.746800490849559 ], [ 11.261036472321658, 43.746800483860198 ], [ 11.260877118892832, 43.746720257499916 ], [ 11.260877118710702, 43.746720259612488 ] ] ] } },
{ "type": "Feature", "properties": { "id": 785, "snapped_id": 785.0, "centroid_lon": 11.24808, "centroid_lat": 43.74028, "radius": 202.632, "internal_id": 617532050014470143, "population": 1, "component": 0, "o_score_pt": 4.3907400559218965, "o_score_car": 552.41148596956532, "CDI": 0.98422872664406003, "log_population": 0.3010299956639812 }, "geometry": { "type": "Polygon", "coordinates": [ [ [ 11.248004265628964, 43.740237784332976 ], [ 11.248163463695414, 43.740317972789661 ], [ 11.24816346429855, 43.740317965800919 ], [ 11.248004265811538, 43.740237782218713 ], [ 11.248004265628964, 43.740237784332976 ] ] ] } },
{ "type": "Feature", "properties": { "id": 786, "snapped_id": 786.0, "centroid_lon": 11.27992, "centroid_lat": 43.78661, "radius": 202.606, "internal_id": 617532047375990783, "population": 567, "component": 0, "o_score_pt": 159.35220178167913, "o_score_car": 658.79860998420997, "CDI": 0.61045763326266267, "log_population": 2.7543483357110188 }, "geometry": { "type": "Polygon", "coordinates": [ [ [ 11.277734216424564, 43.787301826143107 ], [ 11.279776436329069, 43.788328839580977 ], [ 11.281958080976999, 43.787632366887586 ], [ 11.282105951578256, 43.7859131298829 ], [ 11.280063739759221, 43.784886144150839 ], [ 11.27788217522545, 43.785582607918776 ], [ 11.277734216424564, 43.787301826143107 ] ] ] } },
{ "type": "Feature", "properties": { "id": 787, "snapped_id": 787.0, "centroid_lon": 11.16973, "centroid_lat": 43.79173, "radius": 202.473, "internal_id": 617532053708341247, "population": 850, "component": 0, "o_score_pt": 10.821046218846419, "o_score_car": 499.96497932100817, "CDI": 0.95762982666798835, "log_population": 2.929929560084588 }, "geometry": { "type": "Polygon", "coordinates": [ [ [ 11.167429484348075, 43.792460278941441 ], [ 11.169574246475955, 43.793541832231419 ], [ 11.171877542513757, 43.79280896221838 ], [ 11.172035991729214, 43.790994546275989 ], [ 11.169891237884119, 43.789913019805979 ], [ 11.167588026538796, 43.790645882459565 ], [ 11.167429484348075, 43.792460278941441 ] ] ] } },
{ "type": "Feature", "properties": { "id": 788, "snapped_id": 788.0, "centroid_lon": 11.26798, "centroid_lat": 43.76924, "radius": 202.616, "internal_id": 617532047410855935, "population": 924, "component": 0, "o_score_pt": 420.86388238258132, "o_score_car": 680.96238257579614, "CDI": 0.23606126343615549, "log_population": 2.9661417327390325 }, "geometry": { "type": "Polygon", "coordinates": [ [ [ 11.265673925557232, 43.769971732517782 ], [ 11.26782039364636, 43.771051815519613 ], [ 11.270123283901277, 43.770316520541137 ], [ 11.270279621678318, 43.768501150072204 ], [ 11.268133162275509, 43.767421093892153 ], [ 11.265830356407383, 43.768156381360441 ], [ 11.265673925557232, 43.769971732517782 ] ] ] } },
{ "type": "Feature", "properties": { "id": 789, "snapped_id": 789.0, "centroid_lon": 11.27207, "centroid_lat": 43.7997, "radius": 202.579, "internal_id": 617532047445721087, "population": 6, "component": 0, "o_score_pt": 232.09359196336592, "o_score_car": 589.98510862693718, "CDI": 0.43534945791270718, "log_population": 0.84509804001425681 }, "geometry": { "type": "Polygon", "coordinates": [ [ [ 11.271669309395065, 43.799775001211849 ], [ 11.272118323346518, 43.800000806280373 ], [ 11.272451911085488, 43.799894373389137 ], [ 11.272474604564719, 43.799630884569126 ], [ 11.272025588757712, 43.799405091496411 ], [ 11.271692016236402, 43.799511518059347 ], [ 11.271669309395065, 43.799775001211849 ] ] ] } },
{ "type": "Feature", "properties": { "id": 790, "snapped_id": 790.0, "centroid_lon": 11.24761, "centroid_lat": 43.74572, "radius": 202.624, "internal_id": 617532049978032127, "population": 3, "component": 0, "o_score_pt": 5.0237953956120034, "o_score_car": 602.56543233790001, "CDI": 0.98346318477583217, "log_population": 0.6020599913279624 }, "geometry": { "type": "Polygon", "coordinates": [ [ [ 11.247438627348785, 43.745718110123256 ], [ 11.247684018563669, 43.745841704450825 ], [ 11.247781760367841, 43.745810492624081 ], [ 11.247788547694059, 43.745731859762152 ], [ 11.247543153384072, 43.745608271489111 ], [ 11.247445418521746, 43.74563948052139 ], [ 11.247438627348785, 43.745718110123256 ] ] ] } },
{ "type": "Feature", "properties": { "id": 791, "snapped_id": 791.0, "centroid_lon": 11.15639, "centroid_lat": 43.79068, "radius": 202.46, "internal_id": 617532053706768383, "population": 88, "component": 0, "o_score_pt": 2.1678469807677336, "o_score_car": 455.99594847177292, "CDI": 0.99053680363972685, "log_population": 1.9493900066449128 }, "geometry": { "type": "Polygon", "coordinates": [ [ [ 11.154955435907789, 43.791110967104622 ], [ 11.156324442700276, 43.791801580271184 ], [ 11.157726483832114, 43.79135562831155 ], [ 11.157823178640664, 43.790250347724651 ], [ 11.15645417542628, 43.789559762341561 ], [ 11.155052187266344, 43.790005701180512 ], [ 11.154955435907789, 43.791110967104622 ] ] ] } },
{ "type": "Feature", "properties": { "id": 792, "snapped_id": 792.0, "centroid_lon": 11.26024, "centroid_lat": 43.80701, "radius": 202.556, "internal_id": 617532047444148223, "population": 67, "component": 0, "o_score_pt": 7.3699139053156424, "o_score_car": 568.73391410934607, "CDI": 0.97441463310280896, "log_population": 1.8325089127062364 }, "geometry": { "type": "Polygon", "coordinates": [ [ [ 11.258914846721083, 43.807400086445824 ], [ 11.260187937516157, 43.808040423716541 ], [ 11.261477543620696, 43.807629199266295 ], [ 11.261565216476958, 43.806613070210751 ], [ 11.260292128923144, 43.805972759909928 ], [ 11.259002571651411, 43.806383971142857 ], [ 11.258914846721083, 43.807400086445824 ] ] ] } },
{ "type": "Feature", "properties": { "id": 793, "snapped_id": 793.0, "centroid_lon": 11.22245, "centroid_lat": 43.75199, "radius": 202.587, "internal_id": 617532049800560639, "population": 0, "component": 0, "o_score_pt": 145.94000938724497, "o_score_car": 532.81869868976821, "CDI": 0.56997970663033815, "log_population": 0.0 }, "geometry": { "type": "Polygon", "coordinates": [ [ [ 11.222366568122045, 43.751952362338031 ], [ 11.222526003008356, 43.752032707435824 ], [ 11.222526003613979, 43.752032700444666 ], [ 11.222366568304516, 43.751952360232899 ], [ 11.222366568122045, 43.751952362338031 ] ] ] } },
{ "type": "Feature", "properties": { "id": 794, "snapped_id": 794.0, "centroid_lon": 11.25206, "centroid_lat": 43.74607, "radius": 202.628, "internal_id": 617532049976459263, "population": 24, "component": 0, "o_score_pt": 6.2129119200596676, "o_score_car": 575.2294097956003, "CDI": 0.97862930960468364, "log_population": 1.3979400086720377 }, "geometry": { "type": "Polygon", "coordinates": [ [ [ 11.251143043828071, 43.746322666368336 ], [ 11.252052261519209, 43.746780546794177 ], [ 11.252920192889901, 43.746503360338984 ], [ 11.252979326041961, 43.74581787451406 ], [ 11.252070109347834, 43.74536001627024 ], [ 11.251202211972627, 43.74563719109171 ], [ 11.251143043828071, 43.746322666368336 ] ] ] } },
{ "type": "Feature", "properties": { "id": 795, "snapped_id": 795.0, "centroid_lon": 11.18308, "centroid_lat": 43.79277, "radius": 202.487, "internal_id": 617532053670330367, "population": 740, "component": 0, "o_score_pt": 10.336053662286892, "o_score_car": 576.4453277744135, "CDI": 0.96477034210942536, "log_population": 2.869818207979328 }, "geometry": { "type": "Polygon", "coordinates": [ [ [ 11.180783684616301, 43.793502480091007 ], [ 11.18292019332667, 43.794579482422272 ], [ 11.185213567620362, 43.79384951067933 ], [ 11.185371053177027, 43.79204289088517 ], [ 11.183234552753134, 43.790965915454876 ], [ 11.180941262767375, 43.791695879695325 ], [ 11.180783684616301, 43.793502480091007 ] ] ] } },
{ "type": "Feature", "properties": { "id": 796, "snapped_id": 796.0, "centroid_lon": 11.24013, "centroid_lat": 43.72869, "radius": 202.638, "internal_id": 617532050011324415, "population": 0, "component": 0, "o_score_pt": 0.21235162901798041, "o_score_car": 504.78258284689969, "CDI": 0.99915899501353078, "log_population": 0.0 }, "geometry": { "type": "Polygon", "coordinates": [ [ [ 11.240051628244494, 43.728651994830088 ], [ 11.240210562721272, 43.728732082352316 ], [ 11.240210563324785, 43.72873207536508 ], [ 11.24005162842764, 43.728651992710979 ], [ 11.240051628244494, 43.728651994830088 ] ] ] } },
{ "type": "Feature", "properties": { "id": 797, "snapped_id": 797.0, "centroid_lon": 11.28589, "centroid_lat": 43.79529, "radius": 202.601, "internal_id": 617532047372845055, "population": 161, "component": 0, "o_score_pt": 5.6323798307905504, "o_score_car": 598.0594352138769, "CDI": 0.98134021469092203, "log_population": 2.2095150145426308 }, "geometry": { "type": "Polygon", "coordinates": [ [ [ 11.28421670882812, 43.795808646728389 ], [ 11.285804505969407, 43.796606900345196 ], [ 11.287458966634704, 43.796078765899402 ], [ 11.287571028150969, 43.794775036599262 ], [ 11.285983236279812, 43.793976811795197 ], [ 11.284328837207035, 43.79450493350393 ], [ 11.28421670882812, 43.795808646728389 ] ] ] } },
{ "type": "Feature", "properties": { "id": 798, "snapped_id": 798.0, "centroid_lon": 11.16084, "centroid_lat": 43.79103, "radius": 202.464, "internal_id": 617532053705195519, "population": 557, "component": 0, "o_score_pt": 2.818966787309765, "o_score_car": 499.04629649169448, "CDI": 0.988766041431552, "log_population": 2.7466341989375787 }, "geometry": { "type": "Polygon", "coordinates": [ [ [ 11.15865845137944, 43.791719056029279 ], [ 11.160691765307149, 43.792744656728004 ], [ 11.162865767177887, 43.792053088393551 ], [ 11.163015510199923, 43.790340414268918 ], [ 11.160982203850109, 43.789314841329478 ], [ 11.15880828214009, 43.790006400841207 ], [ 11.15865845137944, 43.791719056029279 ] ] ] } },
{ "type": "Feature", "properties": { "id": 799, "snapped_id": 799.0, "centroid_lon": 11.29022, "centroid_lat": 43.77096, "radius": 202.639, "internal_id": 617532047407710207, "population": 107, "component": 0, "o_score_pt": 257.01265706131227, "o_score_car": 566.15757012201175, "CDI": 0.37555405048906298, "log_population": 2.0334237554869499 }, "geometry": { "type": "Polygon", "coordinates": [ [ [ 11.288712838478432, 43.771417980694793 ], [ 11.290153164000563, 43.772142308699728 ], [ 11.291636685179185, 43.771668348395281 ], [ 11.29173712168388, 43.770498549181369 ], [ 11.290296800527607, 43.769774249392263 ], [ 11.288813334912135, 43.770248196507218 ], [ 11.288712838478432, 43.771417980694793 ] ] ] } },
{ "type": "Feature", "properties": { "id": 800, "snapped_id": 800.0, "centroid_lon": 11.27805, "centroid_lat": 43.80839, "radius": 202.575, "internal_id": 617532047442575359, "population": 40, "component": 0, "o_score_pt": 229.36619321885092, "o_score_car": 646.2108316956012, "CDI": 0.47607991828871687, "log_population": 1.6127838567197355 }, "geometry": { "type": "Polygon", "coordinates": [ [ [ 11.276925663699501, 43.808708785027292 ], [ 11.278015578182812, 43.809256725506941 ], [ 11.279092548655315, 43.808913142342654 ], [ 11.279165591877462, 43.808064514865244 ], [ 11.278075679534423, 43.807516599290921 ], [ 11.276998750392879, 43.807860169723988 ], [ 11.276925663699501, 43.808708785027292 ] ] ] } },
{ "type": "Feature", "properties": { "id": 801, "snapped_id": 801.0, "centroid_lon": 11.24024, "centroid_lat": 43.75338, "radius": 202.605, "internal_id": 617532049798987775, "population": 289, "component": 0, "o_score_pt": 228.48648910072609, "o_score_car": 660.30129369661449, "CDI": 0.4858469175136601, "log_population": 2.4623979978989561 }, "geometry": { "type": "Polygon", "coordinates": [ [ [ 11.238323989116129, 43.75397555111757 ], [ 11.240121026013577, 43.754880692522512 ], [ 11.242019152848144, 43.754274838568477 ], [ 11.242148521685001, 43.752777837206573 ], [ 11.240351491215483, 43.751872724665219 ], [ 11.238453434601659, 43.752478567268675 ], [ 11.238323989116129, 43.75397555111757 ] ] ] } },
{ "type": "Feature", "properties": { "id": 802, "snapped_id": 802.0, "centroid_lon": 11.26985, "centroid_lat": 43.74745, "radius": 202.647, "internal_id": 617532049974886399, "population": 0, "component": 0, "o_score_pt": 2.3391687947170032, "o_score_car": 548.14532355666313, "CDI": 0.99150141801551839, "log_population": 0.0 }, "geometry": { "type": "Polygon", "coordinates": [ [ [ 11.269773235126513, 43.747409689213782 ], [ 11.2699326112013, 43.747489912762617 ], [ 11.269932611802766, 43.747489905773378 ], [ 11.26977323530849, 43.747409687100422 ], [ 11.269773235126513, 43.747409689213782 ] ] ] } },
{ "type": "Feature", "properties": { "id": 803, "snapped_id": 803.0, "centroid_lon": 11.17124, "centroid_lat": 43.80007, "radius": 202.464, "internal_id": 617532053668757503, "population": 63, "component": 0, "o_score_pt": 5.0584178197699581, "o_score_car": 534.48665603690642, "CDI": 0.98124932256868802, "log_population": 1.8061799739838871 }, "geometry": { "type": "Polygon", "coordinates": [ [ [ 11.16994335732076, 43.80045018270831 ], [ 11.171193408544198, 43.801080448120935 ], [ 11.172457018644891, 43.800678464111257 ], [ 11.172544001680182, 43.799682387792323 ], [ 11.171293953352974, 43.799052149152757 ], [ 11.170030391325987, 43.799454120070955 ], [ 11.16994335732076, 43.80045018270831 ] ] ] } },
{ "type": "Feature", "properties": { "id": 804, "snapped_id": 804.0, "centroid_lon": 11.16473, "centroid_lat": 43.77215, "radius": 202.494, "internal_id": 617532053703622655, "population": 64, "component": 0, "o_score_pt": 1.604710233088299, "o_score_car": 376.19698888692631, "CDI": 0.9915050131493528, "log_population": 1.8129133566428555 }, "geometry": { "type": "Polygon", "coordinates": [ [ [ 11.163420136357418, 43.772537732070369 ], [ 11.164675130212913, 43.773170890232883 ], [ 11.16594472577073, 43.772766751032286 ], [ 11.166032210060051, 43.771765217359416 ], [ 11.164777219123708, 43.771132086023712 ], [ 11.163507671844497, 43.771536212137867 ], [ 11.163420136357418, 43.772537732070369 ] ] ] } },
{ "type": "Feature", "properties": { "id": 805, "snapped_id": 805.0, "centroid_lon": 11.20277, "centroid_lat": 43.77239, "radius": 202.537, "internal_id": 617532049868718079, "population": 880, "component": 0, "o_score_pt": 339.28624558250914, "o_score_car": 619.48111085000551, "CDI": 0.29224489485131799, "log_population": 2.9449759084120481 }, "geometry": { "type": "Polygon", "coordinates": [ [ [ 11.200462918402248, 43.773121028721576 ], [ 11.202607951606593, 43.774202147296606 ], [ 11.204910786402483, 43.77346831532811 ], [ 11.205068503426141, 43.771653372193683 ], [ 11.20292347863788, 43.770572280443162 ], [ 11.200620728407895, 43.771306105003717 ], [ 11.200462918402248, 43.773121028721576 ] ] ] } },
{ "type": "Feature", "properties": { "id": 806, "snapped_id": 806.0, "centroid_lon": 11.27688, "centroid_lat": 43.76993, "radius": 202.625, "internal_id": 617532047406137343, "population": 1295, "component": 0, "o_score_pt": 366.08081349895849, "o_score_car": 695.42281690127879, "CDI": 0.3102598935795845, "log_population": 3.1126050015345745 }, "geometry": { "type": "Polygon", "coordinates": [ [ [ 11.274572773511503, 43.77066114215507 ], [ 11.276719465938278, 43.771741078047256 ], [ 11.279022394340089, 43.771005597344157 ], [ 11.279178545948616, 43.769190188274386 ], [ 11.277031862245281, 43.768110279203214 ], [ 11.274729018208019, 43.768845752381992 ], [ 11.274572773511503, 43.77066114215507 ] ] ] } },
{ "type": "Feature", "properties": { "id": 807, "snapped_id": 807.0, "centroid_lon": 11.2825, "centroid_lat": 43.80873, "radius": 202.579, "internal_id": 617532047441002495, "population": 1, "component": 0, "o_score_pt": 204.69649646216837, "o_score_car": 630.96902520843719, "CDI": 0.51009945689047198, "log_population": 0.3010299956639812 }, "geometry": { "type": "Polygon", "coordinates": [ [ [ 11.282416990567995, 43.808690865002511 ], [ 11.282577737671337, 43.808771669609904 ], [ 11.282577738273309, 43.808771662611854 ], [ 11.28241699074737, 43.80869086291851 ], [ 11.282416990567995, 43.808690865002511 ] ] ] } },
{ "type": "Feature", "properties": { "id": 808, "snapped_id": 808.0, "centroid_lon": 11.25803, "centroid_lat": 43.75476, "radius": 202.624, "internal_id": 617532049973313535, "population": 40, "component": 0, "o_score_pt": 18.926867302768773, "o_score_car": 615.44121020567047, "CDI": 0.9403284371524292, "log_population": 1.6127838567197355 }, "geometry": { "type": "Polygon", "coordinates": [ [ [ 11.256909425625809, 43.755080606781696 ], [ 11.257998070681403, 43.75562868187037 ], [ 11.259074071721317, 43.755285073364142 ], [ 11.25914728241273, 43.75443585963901 ], [ 11.258058639468631, 43.753887809453381 ], [ 11.256982679728806, 43.75423140525816 ], [ 11.256909425625809, 43.755080606781696 ] ] ] } },
{ "type": "Feature", "properties": { "id": 809, "snapped_id": 809.0, "centroid_lon": 11.22841, "centroid_lat": 43.76068, "radius": 202.582, "internal_id": 617532049797414911, "population": 0, "component": 0, "o_score_pt": 100.04813500817176, "o_score_car": 593.73799309573212, "CDI": 0.71158796362331356, "log_population": 0.0 }, "geometry": { "type": "Polygon", "coordinates": [ [ [ 11.228330128935344, 43.760640815878631 ], [ 11.228489761810687, 43.760721236756368 ], [ 11.228489762416029, 43.760721229764066 ], [ 11.228330129117385, 43.760640813777144 ], [ 11.228330128935344, 43.760640815878631 ] ] ] } },
{ "type": "Feature", "properties": { "id": 810, "snapped_id": 810.0, "centroid_lon": 11.22187, "centroid_lat": 43.73276, "radius": 202.612, "internal_id": 617532049832280063, "population": 122, "component": 0, "o_score_pt": 164.44875009645131, "o_score_car": 525.49559405149364, "CDI": 0.52329850518728638, "log_population": 2.0899051114393981 }, "geometry": { "type": "Polygon", "coordinates": [ [ [ 11.22031061059271, 43.733233383875785 ], [ 11.221796277081284, 43.73398230595356 ], [ 11.223333424395788, 43.733491636192497 ], [ 11.223438488469652, 43.732278396880496 ], [ 11.22195282645021, 43.731529503270153 ], [ 11.220415736692326, 43.732020160038225 ], [ 11.22031061059271, 43.733233383875785 ] ] ] } },
{ "type": "Feature", "properties": { "id": 811, "snapped_id": 811.0, "centroid_lon": 11.29246, "centroid_lat": 43.8232, "radius": 202.571, "internal_id": 617532047193800703, "population": 0, "component": 0, "o_score_pt": 0.45928461358139733, "o_score_car": 532.07506271699924, "CDI": 0.99827509862646924, "log_population": 0.0 }, "geometry": { "type": "Polygon", "coordinates": [ [ [ 11.292377132031334, 43.823161666757535 ], [ 11.292538209495849, 43.823242597050303 ], [ 11.292538210097343, 43.823242590050377 ], [ 11.292377132209994, 43.823161664679624 ], [ 11.292377132031334, 43.823161666757535 ] ] ] } },
{ "type": "Feature", "properties": { "id": 812, "snapped_id": 812.0, "centroid_lon": 11.22369, "centroid_lat": 43.81512, "radius": 202.504, "internal_id": 617532047932260351, "population": 209, "component": 0, "o_score_pt": 98.847449053419496, "o_score_car": 515.30086798349646, "CDI": 0.67809909654941591, "log_population": 2.3222192947339191 }, "geometry": { "type": "Polygon", "coordinates": [ [ [ 11.22190804755726, 43.815677138259758 ], [ 11.223589358413147, 43.816523479732226 ], [ 11.2253531725835, 43.815961768331007 ], [ 11.225473656824166, 43.814572594238101 ], [ 11.223792351625791, 43.813726281719511 ], [ 11.222028603044407, 43.814287980952471 ], [ 11.22190804755726, 43.815677138259758 ] ] ] } },
{ "type": "Feature", "properties": { "id": 813, "snapped_id": 813.0, "centroid_lon": 11.26914, "centroid_lat": 43.8077, "radius": 202.565, "internal_id": 617532047439429631, "population": 1, "component": 0, "o_score_pt": 190.17764317786808, "o_score_car": 561.21982074141329, "CDI": 0.4938028079416093, "log_population": 0.3010299956639812 }, "geometry": { "type": "Polygon", "coordinates": [ [ [ 11.269062220916863, 43.807656557086432 ], [ 11.269222933581805, 43.807737373588452 ], [ 11.269222934184892, 43.807737366590196 ], [ 11.269062221096462, 43.807656555003604 ], [ 11.269062220916863, 43.807656557086432 ] ] ] } },
{ "type": "Feature", "properties": { "id": 814, "snapped_id": 814.0, "centroid_lon": 11.19349, "centroid_lat": 43.80181, "radius": 202.487, "internal_id": 617532053665611775, "population": 84, "component": 0, "o_score_pt": 8.7468170863431531, "o_score_car": 588.38918540790712, "CDI": 0.97070410409083518, "log_population": 1.9294189257142929 }, "geometry": { "type": "Polygon", "coordinates": [ [ [ 11.19207230511712, 43.802231812746456 ], [ 11.193425358041974, 43.802913599376822 ], [ 11.194808425877268, 43.802473353614459 ], [ 11.194903324234849, 43.801383378105541 ], [ 11.193550274882091, 43.800701619132042 ], [ 11.19216725928756, 43.801141851720324 ], [ 11.19207230511712, 43.802231812746456 ] ] ] } },
{ "type": "Feature", "properties": { "id": 815, "snapped_id": 815.0, "centroid_lon": 11.27652, "centroid_lat": 43.80005, "radius": 202.584, "internal_id": 617532047445983231, "population": 214, "component": 0, "o_score_pt": 195.53312092492121, "o_score_car": 651.27401013971007, "CDI": 0.53818735399856377, "log_population": 2.3324384599156054 }, "geometry": { "type": "Polygon", "coordinates": [ [ [ 11.274730969643844, 43.800604343723329 ], [ 11.27642132738997, 43.801454295672301 ], [ 11.278194863347117, 43.800888381338432 ], [ 11.278315139913747, 43.799491031825028 ], [ 11.276624788048347, 43.798641108829116 ], [ 11.274851317890707, 43.799207010978179 ], [ 11.274730969643844, 43.800604343723329 ] ] ] } },
{ "type": "Feature", "properties": { "id": 816, "snapped_id": 816.0, "centroid_lon": 11.24385, "centroid_lat": 43.78929, "radius": 202.561, "internal_id": 617532047368126463, "population": 1552, "component": 0, "o_score_pt": 477.81767851584732, "o_score_car": 695.39051337520698, "CDI": 0.18545117257377941, "log_population": 3.1911714557285586 }, "geometry": { "type": "Polygon", "coordinates": [ [ [ 11.241545826500321, 43.790025808939362 ], [ 11.243692251383511, 43.791106180031711 ], [ 11.245995644523807, 43.790371660912612 ], [ 11.246152528287469, 43.788556778178283 ], [ 11.244006111994507, 43.787476433902661 ], [ 11.24170280334569, 43.788210945545806 ], [ 11.241545826500321, 43.790025808939362 ] ] ] } },
{ "type": "Feature", "properties": { "id": 817, "snapped_id": 817.0, "centroid_lon": 11.17068, "centroid_lat": 43.78084, "radius": 202.489, "internal_id": 617532053700476927, "population": 669, "component": 0, "o_score_pt": 5.4756357609643818, "o_score_car": 517.9474502630793, "CDI": 0.97907759169524744, "log_population": 2.8260748027008264 }, "geometry": { "type": "Polygon", "coordinates": [ [ [ 11.168431118090231, 43.781555848750244 ], [ 11.170530582856102, 43.782614726368308 ], [ 11.172781249673527, 43.781898355998869 ], [ 11.17293606281666, 43.780124929790865 ], [ 11.170836606064251, 43.779066079408373 ], [ 11.168586022071676, 43.779782441794701 ], [ 11.168431118090231, 43.781555848750244 ] ] ] } },
{ "type": "Feature", "properties": { "id": 818, "snapped_id": 935.0, "centroid_lon": 11.2791, "centroid_lat": 43.82217, "radius": 202.557, "internal_id": 617532047192227839, "population": 0, "component": 0, "o_score_pt": 2.6097894707605098, "o_score_car": 575.88087818456404, "CDI": 0.99097724607610982, "log_population": 0.0 }, "geometry": { "type": "Polygon", "coordinates": [ [ [ 11.279019280741778, 43.8221281750778 ], [ 11.279180323867079, 43.822209117381497 ], [ 11.279180324469689, 43.822209110381372 ], [ 11.279019280920664, 43.822128173001069 ], [ 11.279019280741778, 43.8221281750778 ] ] ] } },
{ "type": "Feature", "properties": { "id": 819, "snapped_id": 819.0, "centroid_lon": 11.21005, "centroid_lat": 43.74006, "radius": 202.589, "internal_id": 617532049830707199, "population": 0, "component": 0, "o_score_pt": 0.60515906775235107, "o_score_car": 552.30606842018267, "CDI": 0.99781100821373525, "log_population": 0.0 }, "geometry": { "type": "Polygon", "coordinates": [ [ [ 11.209971014216549, 43.74001987804759 ], [ 11.210130173513885, 43.740100125806777 ], [ 11.210130174120254, 43.740100118817061 ], [ 11.209971014399674, 43.740019875937961 ], [ 11.209971014216549, 43.74001987804759 ] ] ] } },
{ "type": "Feature", "properties": { "id": 820, "snapped_id": 820.0, "centroid_lon": 11.22501, "centroid_lat": 43.77412, "radius": 202.56, "internal_id": 617532049865572351, "population": 990, "component": 0, "o_score_pt": 473.3012328962007, "o_score_car": 713.77197593934568, "CDI": 0.20257448424687599, "log_population": 2.9960736544852753 }, "geometry": { "type": "Polygon", "coordinates": [ [ [ 11.222703577854581, 43.774855799408769 ], [ 11.224849173341106, 43.775936550862063 ], [ 11.227152105341595, 43.775202254765233 ], [ 11.227309357343016, 43.773387214659643 ], [ 11.225163770365324, 43.772306490029067 ], [ 11.222860922875389, 43.773040778682528 ], [ 11.222703577854581, 43.774855799408769 ] ] ] } },
{ "type": "Feature", "properties": { "id": 821, "snapped_id": 821.0, "centroid_lon": 11.23673, "centroid_lat": 43.74214, "radius": 202.616, "internal_id": 617532049794269183, "population": 62, "component": 0, "o_score_pt": 150.00087329870232, "o_score_car": 567.73842877567506, "CDI": 0.58201850486610762, "log_population": 1.7993405494535817 }, "geometry": { "type": "Polygon", "coordinates": [ [ [ 11.235437776630061, 43.742520562767226 ], [ 11.236681559018782, 43.743147215473165 ], [ 11.237937782293871, 43.742746155185181 ], [ 11.238023495244365, 43.741754557191221 ], [ 11.236779715880557, 43.741127931190057 ], [ 11.235523540266511, 43.741528978337563 ], [ 11.235437776630061, 43.742520562767226 ] ] ] } },
{ "type": "Feature", "properties": { "id": 822, "snapped_id": 822.0, "centroid_lon": 11.26317, "centroid_lat": 43.79901, "radius": 202.57, "internal_id": 617532047366553599, "population": 142, "component": 0, "o_score_pt": 223.94811725792871, "o_score_car": 682.83823805527561, "CDI": 0.50606200469221441, "log_population": 2.1553360374650619 }, "geometry": { "type": "Polygon", "coordinates": [ [ [ 11.261543522015142, 43.799511658576108 ], [ 11.263085851628691, 43.800287459998714 ], [ 11.264687862683855, 43.799776457468049 ], [ 11.264796714245394, 43.798514139597657 ], [ 11.263254389552467, 43.797738366856379 ], [ 11.261652438298302, 43.798249356498552 ], [ 11.261543522015142, 43.799511658576108 ] ] ] } },
{ "type": "Feature", "properties": { "id": 823, "snapped_id": 823.0, "centroid_lon": 11.17513, "centroid_lat": 43.78119, "radius": 202.494, "internal_id": 617532053698904063, "population": 167, "component": 0, "o_score_pt": 5.2324340763932664, "o_score_car": 522.20799051611277, "CDI": 0.98015914657874104, "log_population": 2.2253092817258628 }, "geometry": { "type": "Polygon", "coordinates": [ [ [ 11.173439717636315, 43.781709191882307 ], [ 11.175038668231707, 43.782515539467298 ], [ 11.176707729497744, 43.781984223909845 ], [ 11.176822513848686, 43.780668551362695 ], [ 11.175223568267144, 43.779862232633789 ], [ 11.173554569333666, 43.780393535661631 ], [ 11.173439717636315, 43.781709191882307 ] ] ] } },
{ "type": "Feature", "properties": { "id": 824, "snapped_id": 824.0, "centroid_lon": 11.21166, "centroid_lat": 43.77308, "radius": 202.546, "internal_id": 617532049863999487, "population": 464, "component": 0, "o_score_pt": 402.5326183073937, "o_score_car": 592.71168134286756, "CDI": 0.19108781944524039, "log_population": 2.667452952889954 }, "geometry": { "type": "Polygon", "coordinates": [ [ [ 11.209557411620805, 43.773746252564507 ], [ 11.211525360179609, 43.774737881866244 ], [ 11.213622366115796, 43.774069481130141 ], [ 11.213765827839575, 43.772416597389004 ], [ 11.211797886653285, 43.771424996277347 ], [ 11.209700958018859, 43.772093387343887 ], [ 11.209557411620805, 43.773746252564507 ] ] ] } },
{ "type": "Feature", "properties": { "id": 825, "snapped_id": 825.0, "centroid_lon": 11.22966, "centroid_lat": 43.82381, "radius": 202.499, "internal_id": 617532047929114623, "population": 10, "component": 0, "o_score_pt": 11.566937062891054, "o_score_car": 517.13869263647132, "CDI": 0.95624432041902663, "log_population": 1.0413926851582249 }, "geometry": { "type": "Polygon", "coordinates": [ [ [ 11.229072872989342, 43.823944678116995 ], [ 11.22968610143444, 43.824253277491451 ], [ 11.230209756968216, 43.824086523199959 ], [ 11.230245559328729, 43.823673464068939 ], [ 11.229632329991286, 43.823364880848587 ], [ 11.229108696408124, 43.82353162650729 ], [ 11.229072872989342, 43.823944678116995 ] ] ] } },
{ "type": "Feature", "properties": { "id": 826, "snapped_id": 826.0, "centroid_lon": 11.23636, "centroid_lat": 43.77226, "radius": 202.576, "internal_id": 617532047401418751, "population": 1017, "component": 0, "o_score_pt": 403.55138961623248, "o_score_car": 707.46007465300431, "CDI": 0.27354234840111802, "log_population": 3.00774777800074 }, "geometry": { "type": "Polygon", "coordinates": [ [ [ 11.234060809757768, 43.772999010029118 ], [ 11.236206621470238, 43.774079587731563 ], [ 11.23850952698464, 43.773345020574247 ], [ 11.238666536307859, 43.771529883176612 ], [ 11.236520733151009, 43.770449332296856 ], [ 11.234217912113335, 43.771183891993218 ], [ 11.234060809757768, 43.772999010029118 ] ] ] } },
{ "type": "Feature", "properties": { "id": 827, "snapped_id": 827.0, "centroid_lon": 11.22416, "centroid_lat": 43.80968, "radius": 202.512, "internal_id": 617532047436283903, "population": 98, "component": 0, "o_score_pt": 153.68039221656775, "o_score_car": 598.95092382606549, "CDI": 0.59161839551235895, "log_population": 1.9956351945975499 }, "geometry": { "type": "Polygon", "coordinates": [ [ [ 11.222685454954803, 43.810127901523352 ], [ 11.224094269336067, 43.810837131146243 ], [ 11.225541729220078, 43.810376086744085 ], [ 11.225640617076056, 43.809235708709991 ], [ 11.224231806683317, 43.808526507122323 ], [ 11.222784401252746, 43.808987538357407 ], [ 11.222685454954803, 43.810127901523352 ] ] ] } },
{ "type": "Feature", "properties": { "id": 828, "snapped_id": 828.0, "centroid_lon": 11.22339, "centroid_lat": 43.7411, "radius": 202.602, "internal_id": 617532049792696319, "population": 279, "component": 0, "o_score_pt": 213.33014254152445, "o_score_car": 569.43982433009353, "CDI": 0.45493528988060239, "log_population": 2.4471580313422194 }, "geometry": { "type": "Polygon", "coordinates": [ [ [ 11.22149231032795, 43.741693236817881 ], [ 11.223276038502149, 43.742592248520054 ], [ 11.225159073748351, 43.741991289397703 ], [ 11.225287712069175, 43.740505783517584 ], [ 11.223503990186373, 43.73960680070693 ], [ 11.221621024659244, 43.740207748403606 ], [ 11.22149231032795, 43.741693236817881 ] ] ] } },
{ "type": "Feature", "properties": { "id": 829, "snapped_id": 829.0, "centroid_lon": 11.24982, "centroid_lat": 43.79798, "radius": 202.556, "internal_id": 617532047364980735, "population": 446, "component": 0, "o_score_pt": 370.35065099641849, "o_score_car": 627.02520258882601, "CDI": 0.25734987534513221, "log_population": 2.6503075231319366 }, "geometry": { "type": "Polygon", "coordinates": [ [ [ 11.24772943656933, 43.79863631670306 ], [ 11.249684491732904, 43.799620072694694 ], [ 11.251765639393891, 43.798956475712806 ], [ 11.251907280495528, 43.79731688787907 ], [ 11.24995223276434, 43.796333160149615 ], [ 11.247871161774965, 43.796996747242567 ], [ 11.24772943656933, 43.79863631670306 ] ] ] } },
{ "type": "Feature", "properties": { "id": 830, "snapped_id": 830.0, "centroid_lon": 11.16179, "centroid_lat": 43.78014, "radius": 202.48, "internal_id": 617532053697331199, "population": 37, "component": 0, "o_score_pt": 3.4337786316003327, "o_score_car": 472.11797950805618, "CDI": 0.98555875959734363, "log_population": 1.5797835966168101 }, "geometry": { "type": "Polygon", "coordinates": [ [ [ 11.160700494786964, 43.780453375956476 ], [ 11.161761398846531, 43.780988584042035 ], [ 11.162805420759415, 43.780656354048908 ], [ 11.162877421870446, 43.779832545447839 ], [ 11.16181651955598, 43.779297361910437 ], [ 11.160772537986007, 43.779629579411349 ], [ 11.160700494786964, 43.780453375956476 ] ] ] } },
{ "type": "Feature", "properties": { "id": 831, "snapped_id": 831.0, "centroid_lon": 11.17418, "centroid_lat": 43.79208, "radius": 202.478, "internal_id": 617532053708603391, "population": 612, "component": 0, "o_score_pt": 12.605324338648902, "o_score_car": 539.25254222677893, "CDI": 0.95431677211706678, "log_population": 2.7874604745184151 }, "geometry": { "type": "Polygon", "coordinates": [ [ [ 11.171964097056595, 43.792778854007764 ], [ 11.174031749385247, 43.793821397980807 ], [ 11.176245342200362, 43.793116986190789 ], [ 11.176397536394351, 43.791373154881498 ], [ 11.174329891901358, 43.790330638408065 ], [ 11.172116380607697, 43.791035041783282 ], [ 11.171964097056595, 43.792778854007764 ] ] ] } },
{ "type": "Feature", "properties": { "id": 832, "snapped_id": 832.0, "centroid_lon": 11.28437, "centroid_lat": 43.78695, "radius": 202.61, "internal_id": 617532047376252927, "population": 508, "component": 0, "o_score_pt": 41.363732123353202, "o_score_car": 655.10451606520269, "CDI": 0.88121861339426133, "log_population": 2.7067177823367587 }, "geometry": { "type": "Polygon", "coordinates": [ [ [ 11.282229298562717, 43.787630760839249 ], [ 11.284231869010256, 43.788637714098677 ], [ 11.286367427760638, 43.787955873137086 ], [ 11.286512088382407, 43.786272935439378 ], [ 11.284509525789939, 43.785266010160399 ], [ 11.282374045523934, 43.785947841712584 ], [ 11.282229298562717, 43.787630760839249 ] ] ] } },
{ "type": "Feature", "properties": { "id": 833, "snapped_id": 833.0, "centroid_lon": 11.24165, "centroid_lat": 43.73704, "radius": 202.629, "internal_id": 617532050014732287, "population": 106, "component": 0, "o_score_pt": 8.0988621182385163, "o_score_car": 572.3292060092308, "CDI": 0.97209348560841835, "log_population": 2.0293837776852097 }, "geometry": { "type": "Polygon", "coordinates": [ [ [ 11.240140878403006, 43.737494101092373 ], [ 11.24157644262749, 43.738217347269781 ], [ 11.243055189477099, 43.737745109120162 ], [ 11.243155991265745, 43.736578034836633 ], [ 11.241720431256168, 43.73585481686203 ], [ 11.240241739874254, 43.736327041881985 ], [ 11.240140878403006, 43.737494101092373 ] ] ] } },
{ "type": "Feature", "properties": { "id": 834, "snapped_id": 834.0, "centroid_lon": 11.21705, "centroid_lat": 43.76254, "radius": 202.567, "internal_id": 617532049862426623, "population": 125, "component": 0, "o_score_pt": 280.85289137781297, "o_score_car": 655.86573513997507, "CDI": 0.40034737555743549, "log_population": 2.1003705451175629 }, "geometry": { "type": "Polygon", "coordinates": [ [ [ 11.215480197697255, 43.763018289848063 ], [ 11.21697519598604, 43.763771635883423 ], [ 11.218523068221376, 43.763278036375112 ], [ 11.218628925816823, 43.762057226331564 ], [ 11.217133932034859, 43.761303908803129 ], [ 11.215586117765099, 43.761797495341995 ], [ 11.215480197697255, 43.763018289848063 ] ] ] } },
{ "type": "Feature", "properties": { "id": 835, "snapped_id": 835.0, "centroid_lon": 11.25416, "centroid_lat": 43.77365, "radius": 202.594, "internal_id": 617532047399845887, "population": 548, "component": 0, "o_score_pt": 631.90686605276835, "o_score_car": 710.41767155179207, "CDI": 0.058488691296018303, "log_population": 2.7395723444500919 }, "geometry": { "type": "Polygon", "coordinates": [ [ [ 11.25198774290239, 43.774336279149928 ], [ 11.25401674923682, 43.775357546045662 ], [ 11.256183686094898, 43.774666022053061 ], [ 11.256331076523582, 43.772957963838969 ], [ 11.254302078094712, 43.771936724743213 ], [ 11.252135220888418, 43.772628239701362 ], [ 11.25198774290239, 43.774336279149928 ] ] ] } },
{ "type": "Feature", "properties": { "id": 836, "snapped_id": 836.0, "centroid_lon": 11.23411, "centroid_lat": 43.82416, "radius": 202.503, "internal_id": 617532047927541759, "population": 5, "component": 0, "o_score_pt": 7.1979419708425052, "o_score_car": 521.0917213240856, "CDI": 0.972750017761282, "log_population": 0.77815125038364363 }, "geometry": { "type": "Polygon", "coordinates": [ [ [ 11.233770138615121, 43.824205609535149 ], [ 11.234163784314612, 43.824403683295429 ], [ 11.23443254282644, 43.824318088760535 ], [ 11.234450945645483, 43.824105643529933 ], [ 11.234057297706203, 43.823907580233289 ], [ 11.233788552173088, 43.823993169344277 ], [ 11.233770138615121, 43.824205609535149 ] ] ] } },
{ "type": "Feature", "properties": { "id": 837, "snapped_id": 837.0, "centroid_lon": 11.22861, "centroid_lat": 43.81003, "radius": 202.516, "internal_id": 617532047434711039, "population": 168, "component": 0, "o_score_pt": 151.91100819219002, "o_score_car": 576.04221425351363, "CDI": 0.58263524768304542, "log_population": 2.2278867046136734 }, "geometry": { "type": "Polygon", "coordinates": [ [ [ 11.226918895463092, 43.810550177508347 ], [ 11.228521487684691, 43.811356860496062 ], [ 11.230193860127782, 43.810824115292682 ], [ 11.230308027472145, 43.809506740368043 ], [ 11.228705440440633, 43.808700086233564 ], [ 11.227033130354492, 43.80923281884094 ], [ 11.226918895463092, 43.810550177508347 ] ] ] } },
{ "type": "Feature", "properties": { "id": 838, "snapped_id": 838.0, "centroid_lon": 11.21668, "centroid_lat": 43.79266, "radius": 202.526, "internal_id": 617532047469576191, "population": 1826, "component": 0, "o_score_pt": 412.00100703643858, "o_score_car": 680.7091971788434, "CDI": 0.24590983877136449, "log_population": 3.2617385473525378 }, "geometry": { "type": "Polygon", "coordinates": [ [ [ 11.214377038468522, 43.793391249041967 ], [ 11.216522918276794, 43.79447204130102 ], [ 11.21882634505155, 43.793738157373696 ], [ 11.218983807445772, 43.791923488622217 ], [ 11.21683793611553, 43.790842723180347 ], [ 11.214534593911052, 43.791576599673931 ], [ 11.214377038468522, 43.793391249041967 ] ] ] } },
{ "type": "Feature", "properties": { "id": 839, "snapped_id": 839.0, "centroid_lon": 11.2654, "centroid_lat": 43.74711, "radius": 202.642, "internal_id": 617532049979867135, "population": 1, "component": 0, "o_score_pt": 3.8712473954840094, "o_score_car": 605.70553368175138, "CDI": 0.98729857331953219, "log_population": 0.3010299956639812 }, "geometry": { "type": "Polygon", "coordinates": [ [ [ 11.265325111293098, 43.747065057558039 ], [ 11.265484475840994, 43.747145284954321 ], [ 11.265484476442829, 43.747145277965018 ], [ 11.265325111475155, 43.747065055445077 ], [ 11.265325111293098, 43.747065057558039 ] ] ] } },
{ "type": "Feature", "properties": { "id": 840, "snapped_id": 840.0, "centroid_lon": 11.2427, "centroid_lat": 43.75083, "radius": 202.611, "internal_id": 617532049791123455, "population": 531, "component": 0, "o_score_pt": 177.30667451853023, "o_score_car": 656.66745955754755, "CDI": 0.57479095028538196, "log_population": 2.7259116322950483 }, "geometry": { "type": "Polygon", "coordinates": [ [ [ 11.240537202445561, 43.751511002601134 ], [ 11.242553993376511, 43.7525268073639 ], [ 11.244707079572505, 43.751839476691799 ], [ 11.244853757900346, 43.750141510568831 ], [ 11.242836974756413, 43.749125733692004 ], [ 11.240683967732513, 43.749813055214304 ], [ 11.240537202445561, 43.751511002601134 ] ] ] } },
{ "type": "Feature", "properties": { "id": 841, "snapped_id": 841.0, "centroid_lon": 11.25427, "centroid_lat": 43.79832, "radius": 202.561, "internal_id": 617532047363407871, "population": 111, "component": 0, "o_score_pt": 361.39150282189252, "o_score_car": 639.9763790483338, "CDI": 0.27820432557327102, "log_population": 2.0492180226701815 }, "geometry": { "type": "Polygon", "coordinates": [ [ [ 11.252741380777783, 43.798786282771509 ], [ 11.254195027787208, 43.799517653148001 ], [ 11.255694255146382, 43.799039548583032 ], [ 11.255796253915154, 43.797858131582331 ], [ 11.254342611252447, 43.797126789498456 ], [ 11.252843440099545, 43.797604880936831 ], [ 11.252741380777783, 43.798786282771509 ] ] ] } },
{ "type": "Feature", "properties": { "id": 842, "snapped_id": 842.0, "centroid_lon": 11.28472, "centroid_lat": 43.75683, "radius": 202.651, "internal_id": 617532050001887231, "population": 613, "component": 0, "o_score_pt": 236.01915345969223, "o_score_car": 576.57042739566793, "CDI": 0.41909382295734032, "log_population": 2.7881683711411678 }, "geometry": { "type": "Polygon", "coordinates": [ [ [ 11.282503757037206, 43.757531349981804 ], [ 11.284573551844025, 43.75857261904779 ], [ 11.286787145402112, 43.757865241367114 ], [ 11.286937083348096, 43.756119687718922 ], [ 11.284867296816504, 43.755078446150833 ], [ 11.282653784451625, 43.755785815259962 ], [ 11.282503757037206, 43.757531349981804 ] ] ] } },
{ "type": "Feature", "properties": { "id": 843, "snapped_id": 843.0, "centroid_lon": 11.28953, "centroid_lat": 43.8312, "radius": 202.557, "internal_id": 617532047187509247, "population": 48, "component": 0, "o_score_pt": 130.02258708319178, "o_score_car": 515.44751947950851, "CDI": 0.5971228233152529, "log_population": 1.6901960800285136 }, "geometry": { "type": "Polygon", "coordinates": [ [ [ 11.288336383378159, 43.831542388561118 ], [ 11.289491492476554, 43.832122710993268 ], [ 11.290643853107648, 43.83175519760789 ], [ 11.290721868413113, 43.830847813026978 ], [ 11.289566761878314, 43.830267516309796 ], [ 11.288414445220548, 43.830635016702331 ], [ 11.288336383378159, 43.831542388561118 ] ] ] } },
{ "type": "Feature", "properties": { "id": 844, "snapped_id": 844.0, "centroid_lon": 11.24233, "centroid_lat": 43.78095, "radius": 202.571, "internal_id": 617532047398273023, "population": 708, "component": 0, "o_score_pt": 569.33050186460798, "o_score_car": 751.53008769577468, "CDI": 0.1379400576194097, "log_population": 2.8506462351830666 }, "geometry": { "type": "Polygon", "coordinates": [ [ [ 11.240055054270437, 43.781676124808882 ], [ 11.242176638686587, 43.782744183545681 ], [ 11.244451260406231, 43.782018695684137 ], [ 11.244606217777218, 43.780226148528691 ], [ 11.242484641791851, 43.779158116841451 ], [ 11.240210103547591, 43.779883596886798 ], [ 11.240055054270437, 43.781676124808882 ] ] ] } },
{ "type": "Feature", "properties": { "id": 845, "snapped_id": 845.0, "centroid_lon": 11.24642, "centroid_lat": 43.81141, "radius": 202.535, "internal_id": 617532047433138175, "population": 274, "component": 0, "o_score_pt": 301.76587393448614, "o_score_car": 601.70746418429746, "CDI": 0.33198720714254948, "log_population": 2.4393326938302629 }, "geometry": { "type": "Polygon", "coordinates": [ [ [ 11.244524320293621, 43.812004236090047 ], [ 11.246303626092935, 43.812899436658768 ], [ 11.248180827815046, 43.812301160229921 ], [ 11.248308654745424, 43.81082260244461 ], [ 11.246529355280281, 43.809927430766585 ], [ 11.244652223080124, 43.81052569567143 ], [ 11.244524320293621, 43.812004236090047 ] ] ] } },
{ "type": "Feature", "properties": { "id": 846, "snapped_id": 846.0, "centroid_lon": 11.3229, "centroid_lat": 43.7817, "radius": 202.661, "internal_id": 617532047502868479, "population": 222, "component": 0, "o_score_pt": 7.795712555721833, "o_score_car": 510.70160975300399, "CDI": 0.96992959376912624, "log_population": 2.3483048630481607 }, "geometry": { "type": "Polygon", "coordinates": [ [ [ 11.321098310453086, 43.782265868299511 ], [ 11.322802255499198, 43.783121891220389 ], [ 11.324590876749797, 43.782550098633934 ], [ 11.324711405729202, 43.781140233953131 ], [ 11.323007466797231, 43.780284239984006 ], [ 11.321218911755544, 43.780856020409303 ], [ 11.321098310453086, 43.782265868299511 ] ] ] } },
{ "type": "Feature", "properties": { "id": 847, "snapped_id": 847.0, "centroid_lon": 11.25814, "centroid_lat": 43.77944, "radius": 202.591, "internal_id": 617532047361835007, "population": 1085, "component": 0, "o_score_pt": 531.56267065403028, "o_score_car": 717.05907888363049, "CDI": 0.14856092991995831, "log_population": 3.035829825252828 }, "geometry": { "type": "Polygon", "coordinates": [ [ [ 11.25583575999314, 43.780172848143962 ], [ 11.25798226273063, 43.781253038426172 ], [ 11.260285414090689, 43.780518084884925 ], [ 11.260441978277717, 43.7787029485593 ], [ 11.258295484187808, 43.777622785096192 ], [ 11.255992417261323, 43.778357731140808 ], [ 11.25583575999314, 43.780172848143962 ] ] ] } },
{ "type": "Feature", "properties": { "id": 848, "snapped_id": 848.0, "centroid_lon": 11.22433, "centroid_lat": 43.73021, "radius": 202.618, "internal_id": 617532049824415743, "population": 28, "component": 0, "o_score_pt": 149.98312473163551, "o_score_car": 517.86318372705352, "CDI": 0.55084538813195227, "log_population": 1.4623979978989561 }, "geometry": { "type": "Polygon", "coordinates": [ [ [ 11.223355502682161, 43.730478617002213 ], [ 11.224317994272209, 43.730963800056706 ], [ 11.225247927150196, 43.730666913317137 ], [ 11.225311536063803, 43.729932093738043 ], [ 11.224349045757082, 43.729446933757472 ], [ 11.223419149086126, 43.729743808512048 ], [ 11.223355502682161, 43.730478617002213 ] ] ] } },
{ "type": "Feature", "properties": { "id": 849, "snapped_id": 849.0, "centroid_lon": 11.30252, "centroid_lat": 43.7582, "radius": 202.67, "internal_id": 617532050000314367, "population": 33, "component": 0, "o_score_pt": 141.37937646760054, "o_score_car": 579.66969410941442, "CDI": 0.6078508877226273, "log_population": 1.5314789170422551 }, "geometry": { "type": "Polygon", "coordinates": [ [ [ 11.301474653208532, 43.758496708737695 ], [ 11.302495855206379, 43.759010211970896 ], [ 11.303493437799265, 43.758691269316316 ], [ 11.303560888052695, 43.757904110649861 ], [ 11.302539687830912, 43.75739063136475 ], [ 11.301542143716357, 43.757709561613495 ], [ 11.301474653208532, 43.758496708737695 ] ] ] } },
{ "type": "Feature", "properties": { "id": 850, "snapped_id": 850.0, "centroid_lon": 11.19301, "centroid_lat": 43.80725, "radius": 202.479, "internal_id": 617532053694185471, "population": 8, "component": 0, "o_score_pt": 2.265331151513553, "o_score_car": 483.49671621383192, "CDI": 0.9906730829886764, "log_population": 0.95424250943932487 }, "geometry": { "type": "Polygon", "coordinates": [ [ [ 11.192509095222016, 43.807357743695256 ], [ 11.193049326031762, 43.807629940288393 ], [ 11.193488194455865, 43.807490266227155 ], [ 11.193518401833414, 43.807143375918884 ], [ 11.19297816965763, 43.806871193716219 ], [ 11.1925393202346, 43.807010860131044 ], [ 11.192509095222016, 43.807357743695256 ] ] ] } },
{ "type": "Feature", "properties": { "id": 851, "snapped_id": 851.0, "centroid_lon": 11.20816, "centroid_lat": 43.76184, "radius": 202.557, "internal_id": 617532049859280895, "population": 211, "component": 0, "o_score_pt": 309.20559298784843, "o_score_car": 620.12606923968633, "CDI": 0.33456352440052028, "log_population": 2.3263358609287517 }, "geometry": { "type": "Polygon", "coordinates": [ [ [ 11.206374151926259, 43.762398015978015 ], [ 11.208057382447107, 43.763246416701705 ], [ 11.209823920527104, 43.76268322119342 ], [ 11.209944857608951, 43.761290181828592 ], [ 11.208261632715722, 43.760441810066979 ], [ 11.206495160310807, 43.761004993460446 ], [ 11.206374151926259, 43.762398015978015 ] ] ] } },
{ "type": "Feature", "properties": { "id": 852, "snapped_id": 852.0, "centroid_lon": 11.23458, "centroid_lat": 43.81871, "radius": 202.511, "internal_id": 617532047431565311, "population": 64, "component": 0, "o_score_pt": 90.702012233096895, "o_score_car": 544.23340587364873, "CDI": 0.71429531367598709, "log_population": 1.8129133566428555 }, "geometry": { "type": "Polygon", "coordinates": [ [ [ 11.233275026638402, 43.819099546214488 ], [ 11.234531751204146, 43.819731946059647 ], [ 11.23580248935626, 43.819327174656209 ], [ 11.235889186915557, 43.818326141592408 ], [ 11.234632465427023, 43.817693768567018 ], [ 11.233361775497924, 43.818098526799098 ], [ 11.233275026638402, 43.819099546214488 ] ] ] } },
{ "type": "Feature", "properties": { "id": 853, "snapped_id": 853.0, "centroid_lon": 11.23893, "centroid_lat": 43.79439, "radius": 202.549, "internal_id": 617532047466430463, "population": 709, "component": 0, "o_score_pt": 481.18745654202212, "o_score_car": 682.24758977877536, "CDI": 0.17281595038122499, "log_population": 2.8512583487190755 }, "geometry": { "type": "Polygon", "coordinates": [ [ [ 11.236651856062265, 43.795114731152253 ], [ 11.238774218269384, 43.796183035423937 ], [ 11.241049793513595, 43.795457596664299 ], [ 11.241204887003811, 43.793664834642158 ], [ 11.239082533219294, 43.79259655741145 ], [ 11.236807041507241, 43.793321988364703 ], [ 11.236651856062265, 43.795114731152253 ] ] ] } },
{ "type": "Feature", "properties": { "id": 854, "snapped_id": 854.0, "centroid_lon": 11.2338, "centroid_lat": 43.75013, "radius": 202.602, "internal_id": 617532049787977727, "population": 302, "component": 0, "o_score_pt": 228.88413932829729, "o_score_car": 631.32473933293102, "CDI": 0.46784055592516721, "log_population": 2.4814426285023048 }, "geometry": { "type": "Polygon", "coordinates": [ [ [ 11.231870415446437, 43.750739700011813 ], [ 11.233683138134669, 43.751652942614207 ], [ 11.235599598695945, 43.751041292823274 ], [ 11.235730330810757, 43.749529746377789 ], [ 11.233917614625369, 43.748616532604366 ], [ 11.23200122494154, 43.749228171185479 ], [ 11.231870415446437, 43.750739700011813 ] ] ] } },
{ "type": "Feature", "properties": { "id": 855, "snapped_id": 855.0, "centroid_lon": 11.27266, "centroid_lat": 43.81893, "radius": 202.554, "internal_id": 617532047447556095, "population": 4, "component": 0, "o_score_pt": 130.89163560863815, "o_score_car": 557.14405906153854, "CDI": 0.61952079921846614, "log_population": 0.69897000433601886 }, "geometry": { "type": "Polygon", "coordinates": [ [ [ 11.272389505401319, 43.818953943435631 ], [ 11.27271689360615, 43.819118528829691 ], [ 11.272909173621469, 43.819057213893061 ], [ 11.272922266702796, 43.818905244147615 ], [ 11.272594875873773, 43.818740667291408 ], [ 11.272402606114245, 43.818801977930363 ], [ 11.272389505401319, 43.818953943435631 ] ] ] } },
{ "type": "Feature", "properties": { "id": 856, "snapped_id": 856.0, "centroid_lon": 11.24631, "centroid_lat": 43.78674, "radius": 202.568, "internal_id": 617532047360262143, "population": 782, "component": 0, "o_score_pt": 511.06566851023433, "o_score_car": 725.32957842099802, "CDI": 0.1732972610842469, "log_population": 2.8937617620579434 }, "geometry": { "type": "Polygon", "coordinates": [ [ [ 11.244006111994507, 43.787476433902661 ], [ 11.246152528287469, 43.788556778178283 ], [ 11.248455856194722, 43.787822173661134 ], [ 11.248612683327249, 43.786007232348844 ], [ 11.246466275634207, 43.784926914890626 ], [ 11.244163032206728, 43.785661511928431 ], [ 11.244006111994507, 43.787476433902661 ] ] ] } },
{ "type": "Feature", "properties": { "id": 857, "snapped_id": 857.0, "centroid_lon": 11.211, "centroid_lat": 43.72917, "radius": 202.604, "internal_id": 617532049822842879, "population": 4, "component": 0, "o_score_pt": 35.130095911805789, "o_score_car": 450.93860690339358, "CDI": 0.85545213790420882, "log_population": 0.69897000433601886 }, "geometry": { "type": "Polygon", "coordinates": [ [ [ 11.210730540676193, 43.729190866284753 ], [ 11.21105658606723, 43.729355283136279 ], [ 11.211247738742879, 43.729294277584323 ], [ 11.211260988596299, 43.729141489062442 ], [ 11.210934940597971, 43.728977080743689 ], [ 11.210743798172937, 43.729038082019635 ], [ 11.210730540676193, 43.729190866284753 ] ] ] } },
{ "type": "Feature", "properties": { "id": 858, "snapped_id": 858.0, "centroid_lon": 11.29069, "centroid_lat": 43.76551, "radius": 202.646, "internal_id": 617532049998741503, "population": 5, "component": 0, "o_score_pt": 288.22356428508493, "o_score_car": 612.90530444221997, "CDI": 0.3603055583112037, "log_population": 0.77815125038364363 }, "geometry": { "type": "Polygon", "coordinates": [ [ [ 11.290353043301359, 43.765562270253817 ], [ 11.290745556232341, 43.765759679604685 ], [ 11.291014141523686, 43.765673855364163 ], [ 11.291032391684968, 43.765461253930042 ], [ 11.290639876580068, 43.76526385501711 ], [ 11.290371304198942, 43.765349673829157 ], [ 11.290353043301359, 43.765562270253817 ] ] ] } },
{ "type": "Feature", "properties": { "id": 859, "snapped_id": 93.0, "centroid_lon": 11.19746, "centroid_lat": 43.8076, "radius": 202.484, "internal_id": 617532053692612607, "population": 1, "component": 0, "o_score_pt": 2.3729794700892901, "o_score_car": 479.53775231382127, "CDI": 0.99015178823138017, "log_population": 0.3010299956639812 }, "geometry": { "type": "Polygon", "coordinates": [ [ [ 11.197382931452989, 43.80755792345753 ], [ 11.197543579277514, 43.807638856831325 ], [ 11.197543579886727, 43.807638849831157 ], [ 11.197382931633584, 43.807557921383676 ], [ 11.197382931452989, 43.80755792345753 ] ] ] } },
{ "type": "Feature", "properties": { "id": 860, "snapped_id": 860.0, "centroid_lon": 11.22595, "centroid_lat": 43.76323, "radius": 202.576, "internal_id": 617532049857708031, "population": 0, "component": 0, "o_score_pt": 118.98047544151611, "o_score_car": 626.17835151037809, "CDI": 0.68065740849313672, "log_population": 0.0 }, "geometry": { "type": "Polygon", "coordinates": [ [ [ 11.225870314055301, 43.76319054741289 ], [ 11.226030001310587, 43.763270997364273 ], [ 11.226030001916204, 43.763270990371538 ], [ 11.225870314237275, 43.763190545313023 ], [ 11.225870314055301, 43.76319054741289 ] ] ] } },
{ "type": "Feature", "properties": { "id": 861, "snapped_id": 861.0, "centroid_lon": 11.25065, "centroid_lat": 43.76241, "radius": 202.605, "internal_id": 617532047395127295, "population": 96, "component": 0, "o_score_pt": 192.27642249308872, "o_score_car": 653.99976805843653, "CDI": 0.54559415793612109, "log_population": 1.9867717342662448 }, "geometry": { "type": "Polygon", "coordinates": [ [ [ 11.24918249758187, 43.76285404904359 ], [ 11.250583201339468, 43.763559270819648 ], [ 11.252021250128655, 43.763100247150589 ], [ 11.252119151183084, 43.76196597581793 ], [ 11.250718451443745, 43.761260782026113 ], [ 11.249280456692455, 43.761719792497949 ], [ 11.24918249758187, 43.76285404904359 ] ] ] } },
{ "type": "Feature", "properties": { "id": 862, "snapped_id": 862.0, "centroid_lon": 11.23846, "centroid_lat": 43.79983, "radius": 202.541, "internal_id": 617532047429992447, "population": 953, "component": 0, "o_score_pt": 428.24770310981791, "o_score_car": 684.35942056637634, "CDI": 0.23019061446445979, "log_population": 2.9795483747040952 }, "geometry": { "type": "Polygon", "coordinates": [ [ [ 11.236153579150153, 43.800568169950381 ], [ 11.238300150719107, 43.801648574760613 ], [ 11.24060382405662, 43.800914304405147 ], [ 11.240760841295989, 43.799099636710054 ], [ 11.238614278297028, 43.798019258713438 ], [ 11.236310689486713, 43.798753521599444 ], [ 11.236153579150153, 43.800568169950381 ] ] ] } },
{ "type": "Feature", "properties": { "id": 863, "snapped_id": 863.0, "centroid_lon": 11.27489, "centroid_lat": 43.76703, "radius": 202.626, "internal_id": 617532047412690943, "population": 1486, "component": 0, "o_score_pt": 377.29054038279287, "o_score_car": 680.36227891773672, "CDI": 0.2865512510384815, "log_population": 3.1723109685219542 }, "geometry": { "type": "Polygon", "coordinates": [ [ [ 11.272582446644842, 43.767765769750675 ], [ 11.274729018208019, 43.768845752381992 ], [ 11.277031862245281, 43.768110279203214 ], [ 11.277188050353423, 43.766294830914966 ], [ 11.275041487504765, 43.76521487510572 ], [ 11.272738727831493, 43.765950340763837 ], [ 11.272582446644842, 43.767765769750675 ] ] ] } },
{ "type": "Feature", "properties": { "id": 864, "snapped_id": 864.0, "centroid_lon": 11.22558, "centroid_lat": 43.79335, "radius": 202.535, "internal_id": 617532047464857599, "population": 26, "component": 0, "o_score_pt": 437.39874534331142, "o_score_car": 671.45327366305889, "CDI": 0.2110782361468585, "log_population": 1.4313637641589874 }, "geometry": { "type": "Polygon", "coordinates": [ [ [ 11.22462906649945, 43.793613526725629 ], [ 11.225566952064213, 43.794085793867914 ], [ 11.226467792612356, 43.793798709398445 ], [ 11.226529372384318, 43.793088179952356 ], [ 11.225591487929046, 43.792615935472057 ], [ 11.224690682593454, 43.792903008117783 ], [ 11.22462906649945, 43.793613526725629 ] ] ] } },
{ "type": "Feature", "properties": { "id": 865, "snapped_id": 865.0, "centroid_lon": 11.26411, "centroid_lat": 43.78812, "radius": 202.586, "internal_id": 617532047358689279, "population": 995, "component": 0, "o_score_pt": 496.33905302669717, "o_score_car": 661.96230792261474, "CDI": 0.14298805171063361, "log_population": 2.9982593384236988 }, "geometry": { "type": "Polygon", "coordinates": [ [ [ 11.261805877962823, 43.788858394364937 ], [ 11.263952743450773, 43.78993844441068 ], [ 11.266256148115163, 43.789203468357591 ], [ 11.26641260285427, 43.787388449767555 ], [ 11.264265746040513, 43.786308426537701 ], [ 11.261962425811488, 43.78704339508316 ], [ 11.261805877962823, 43.788858394364937 ] ] ] } },
{ "type": "Feature", "properties": { "id": 866, "snapped_id": 866.0, "centroid_lon": 11.21526, "centroid_lat": 43.80899, "radius": 202.502, "internal_id": 617532053691039743, "population": 1, "component": 0, "o_score_pt": 69.09807833606834, "o_score_car": 556.5895179642531, "CDI": 0.7791291413010456, "log_population": 0.3010299956639812 }, "geometry": { "type": "Polygon", "coordinates": [ [ [ 11.215182242256432, 43.808947554544503 ], [ 11.215342936753858, 43.809028472434846 ], [ 11.215342937361584, 43.809028465434956 ], [ 11.215182242436724, 43.808947552469128 ], [ 11.215182242256432, 43.808947554544503 ] ] ] } },
{ "type": "Feature", "properties": { "id": 867, "snapped_id": 867.0, "centroid_lon": 11.21544, "centroid_lat": 43.72951, "radius": 202.609, "internal_id": 617532049821270015, "population": 1, "component": 0, "o_score_pt": 20.270805009901174, "o_score_car": 535.14419384021596, "CDI": 0.92700663449180121, "log_population": 0.3010299956639812 }, "geometry": { "type": "Polygon", "coordinates": [ [ [ 11.215362089526248, 43.729472677323294 ], [ 11.215521020057245, 43.729552812678726 ], [ 11.215521020662878, 43.729552805690751 ], [ 11.215362089709716, 43.729472675207674 ], [ 11.215362089526248, 43.729472677323294 ] ] ] } },
{ "type": "Feature", "properties": { "id": 868, "snapped_id": 868.0, "centroid_lon": 11.23731, "centroid_lat": 43.76137, "radius": 202.591, "internal_id": 617532047393554431, "population": 248, "component": 0, "o_score_pt": 235.24205756478696, "o_score_car": 652.29043492949188, "CDI": 0.46989646113423089, "log_population": 2.3961993470957363 }, "geometry": { "type": "Polygon", "coordinates": [ [ [ 11.235455253549961, 43.761950263077615 ], [ 11.237197221434757, 43.762827616832226 ], [ 11.239031460791626, 43.762242339070298 ], [ 11.239156528656794, 43.760795938924545 ], [ 11.237414566851351, 43.759918614114376 ], [ 11.235580395483613, 43.760503880107656 ], [ 11.235455253549961, 43.761950263077615 ] ] ] } },
{ "type": "Feature", "properties": { "id": 869, "snapped_id": 869.0, "centroid_lon": 11.21412, "centroid_lat": 43.77053, "radius": 202.553, "internal_id": 617532049856135167, "population": 1454, "component": 0, "o_score_pt": 403.41835532522549, "o_score_car": 675.6636049328082, "CDI": 0.25229339349022428, "log_population": 3.1628629933219261 }, "geometry": { "type": "Polygon", "coordinates": [ [ [ 11.211819199646577, 43.771266462986347 ], [ 11.213964449371003, 43.772347407923249 ], [ 11.216267258039798, 43.771613304918993 ], [ 11.216424732450102, 43.769798264404521 ], [ 11.214279491188547, 43.7687173462921 ], [ 11.211976767051834, 43.769451441870835 ], [ 11.211819199646577, 43.771266462986347 ] ] ] } },
{ "type": "Feature", "properties": { "id": 870, "snapped_id": 870.0, "centroid_lon": 11.24291, "centroid_lat": 43.80018, "radius": 202.546, "internal_id": 617532047428419583, "population": 802, "component": 0, "o_score_pt": 459.74631980659831, "o_score_car": 660.95035907842407, "CDI": 0.17953478676496401, "log_population": 2.9047155452786808 }, "geometry": { "type": "Polygon", "coordinates": [ [ [ 11.24060382405662, 43.800914304405147 ], [ 11.242750508027246, 43.801994635661799 ], [ 11.245054200650682, 43.801260272408946 ], [ 11.245211124785408, 43.799445585377107 ], [ 11.24306444940332, 43.798365280933695 ], [ 11.240760841295989, 43.799099636710054 ], [ 11.24060382405662, 43.800914304405147 ] ] ] } },
{ "type": "Feature", "properties": { "id": 871, "snapped_id": 871.0, "centroid_lon": 11.1968, "centroid_lat": 43.7637, "radius": 202.542, "internal_id": 617532049840406527, "population": 65, "component": 0, "o_score_pt": 384.55960561092428, "o_score_car": 631.58418758391849, "CDI": 0.2431000254366833, "log_population": 1.8195439355418688 }, "geometry": { "type": "Polygon", "coordinates": [ [ [ 11.195492527129938, 43.764087602350223 ], [ 11.196753201163443, 43.764723190485483 ], [ 11.198029198222402, 43.764316538618132 ], [ 11.19811673546279, 43.76330982552274 ], [ 11.196856064459217, 43.762674264262358 ], [ 11.195580115841452, 43.763080903003257 ], [ 11.195492527129938, 43.764087602350223 ] ] ] } },
{ "type": "Feature", "properties": { "id": 872, "snapped_id": 872.0, "centroid_lon": 11.15488, "centroid_lat": 43.78234, "radius": 202.469, "internal_id": 617532053710176255, "population": 13, "component": 0, "o_score_pt": 0.33626772499015972, "o_score_car": 465.40349268417918, "CDI": 0.99855598446353522, "log_population": 1.146128035678238 }, "geometry": { "type": "Polygon", "coordinates": [ [ [ 11.154196669663301, 43.782510689573286 ], [ 11.154896300401663, 43.782863692649315 ], [ 11.155520464457389, 43.782665121714189 ], [ 11.15556362961409, 43.782171729338259 ], [ 11.154863998442838, 43.781818744397036 ], [ 11.154239859949339, 43.782017305707633 ], [ 11.154196669663301, 43.782510689573286 ] ] ] } },
{ "type": "Feature", "properties": { "id": 873, "snapped_id": 873.0, "centroid_lon": 11.25499, "centroid_lat": 43.73807, "radius": 202.643, "internal_id": 617532050016305151, "population": 66, "component": 0, "o_score_pt": 2.9059760058190549, "o_score_car": 559.464083942088, "CDI": 0.98966525349486678, "log_population": 1.8260748027008264 }, "geometry": { "type": "Polygon", "coordinates": [ [ [ 11.253672031858644, 43.738463917060557 ], [ 11.254938213248797, 43.739101598195674 ], [ 11.256220308944128, 43.738692015038609 ], [ 11.256307562447464, 43.73767996916834 ], [ 11.255041384263123, 43.737042314950294 ], [ 11.253759337102595, 43.737451884916645 ], [ 11.253672031858644, 43.738463917060557 ] ] ] } },
{ "type": "Feature", "properties": { "id": 874, "snapped_id": 874.0, "centroid_lon": 11.23097, "centroid_lat": 43.78281, "radius": 202.555, "internal_id": 617532047463284735, "population": 1331, "component": 0, "o_score_pt": 421.63390500566658, "o_score_car": 716.3525625904465, "CDI": 0.25898256787476981, "log_population": 3.1245042248342823 }, "geometry": { "type": "Polygon", "coordinates": [ [ [ 11.228668910388274, 43.783542740852909 ], [ 11.230814868637616, 43.784623352356441 ], [ 11.233118054173572, 43.783889033907421 ], [ 11.233275196945801, 43.782074111410438 ], [ 11.231129247231856, 43.780993526726455 ], [ 11.228826146208332, 43.781727837721071 ], [ 11.228668910388274, 43.783542740852909 ] ] ] } },
{ "type": "Feature", "properties": { "id": 875, "snapped_id": 875.0, "centroid_lon": 11.33181, "centroid_lat": 43.78239, "radius": 202.67, "internal_id": 617532047498149887, "population": 0, "component": 0, "o_score_pt": 3.4945607959263536, "o_score_car": 471.04117784624151, "CDI": 0.98527166444438641, "log_population": 0.0 }, "geometry": { "type": "Polygon", "coordinates": [ [ [ 11.331727770264445, 43.782348079380547 ], [ 11.331887974024083, 43.782428544027852 ], [ 11.331887974621162, 43.782428537035059 ], [ 11.331727770444168, 43.782348077277007 ], [ 11.331727770264445, 43.782348079380547 ] ] ] } },
{ "type": "Feature", "properties": { "id": 876, "snapped_id": 876.0, "centroid_lon": 11.26856, "centroid_lat": 43.78847, "radius": 202.59, "internal_id": 617532047357116415, "population": 1524, "component": 0, "o_score_pt": 442.31636998721626, "o_score_car": 701.6274392632057, "CDI": 0.22668164920259939, "log_population": 3.1832698436828046 }, "geometry": { "type": "Polygon", "coordinates": [ [ [ 11.266256148115163, 43.789203468357591 ], [ 11.268403125851343, 43.790283444817291 ], [ 11.270706549635845, 43.78954837587024 ], [ 11.270862911257963, 43.787733337979382 ], [ 11.268715942214529, 43.786653388335225 ], [ 11.26641260285427, 43.787388449767555 ], [ 11.266256148115163, 43.789203468357591 ] ] ] } },
{ "type": "Feature", "properties": { "id": 877, "snapped_id": 877.0, "centroid_lon": 11.299, "centroid_lat": 43.74696, "radius": 202.681, "internal_id": 617532049995595775, "population": 0, "component": 0, "o_score_pt": 99.505890275059727, "o_score_car": 545.8118446273478, "CDI": 0.69160652220380037, "log_population": 0.0 }, "geometry": { "type": "Polygon", "coordinates": [ [ [ 11.298922807116472, 43.746921902071676 ], [ 11.299082197693487, 43.747002073369089 ], [ 11.299082198292453, 43.747002066380709 ], [ 11.29892280729805, 43.746921899954437 ], [ 11.298922807116472, 43.746921902071676 ] ] ] } },
{ "type": "Feature", "properties": { "id": 878, "snapped_id": 878.0, "centroid_lon": 11.20778, "centroid_lat": 43.79196, "radius": 202.517, "internal_id": 617532053724332031, "population": 277, "component": 0, "o_score_pt": 20.537511314521701, "o_score_car": 507.87973014178078, "CDI": 0.92226782283666242, "log_population": 2.4440447959180762 }, "geometry": { "type": "Polygon", "coordinates": [ [ [ 11.205886153250843, 43.792555115915533 ], [ 11.207668226472791, 43.793452893290791 ], [ 11.209549410843721, 43.792853676990305 ], [ 11.209678187853047, 43.791371374644761 ], [ 11.20789612085607, 43.790473626159638 ], [ 11.206015006220557, 43.791072831025559 ], [ 11.205886153250843, 43.792555115915533 ] ] ] } },
{ "type": "Feature", "properties": { "id": 879, "snapped_id": 879.0, "centroid_lon": 11.26002, "centroid_lat": 43.75765, "radius": 202.622, "internal_id": 617532049981439999, "population": 45, "component": 0, "o_score_pt": 32.961957883043979, "o_score_car": 654.6460622963516, "CDI": 0.90412573176664157, "log_population": 1.6627578316815741 }, "geometry": { "type": "Polygon", "coordinates": [ [ [ 11.258852070827357, 43.7579927009618 ], [ 11.259982481775788, 43.758561746083593 ], [ 11.261106902547859, 43.758202684970954 ], [ 11.261183379376872, 43.757315397929638 ], [ 11.260052970801064, 43.756746378244173 ], [ 11.258928593028312, 43.75710542648676 ], [ 11.258852070827357, 43.7579927009618 ] ] ] } },
{ "type": "Feature", "properties": { "id": 880, "snapped_id": 880.0, "centroid_lon": 11.25662, "centroid_lat": 43.7711, "radius": 202.6, "internal_id": 617532047391981567, "population": 917, "component": 0, "o_score_pt": 591.80051226437956, "o_score_car": 650.97776397093173, "CDI": 0.047616902256945599, "log_population": 2.9628426812012423 }, "geometry": { "type": "Polygon", "coordinates": [ [ [ 11.254316096456741, 43.771831927704163 ], [ 11.256462348766927, 43.772912184591803 ], [ 11.258765266014807, 43.772177160677842 ], [ 11.258921846529844, 43.770361887370072 ], [ 11.25677560285917, 43.769281657304305 ], [ 11.254472770031988, 43.770016673725621 ], [ 11.254316096456741, 43.771831927704163 ] ] ] } },
{ "type": "Feature", "properties": { "id": 881, "snapped_id": 881.0, "centroid_lon": 11.22956, "centroid_lat": 43.79914, "radius": 202.532, "internal_id": 617532047426846719, "population": 121, "component": 0, "o_score_pt": 341.14201665580532, "o_score_car": 620.51865286082011, "CDI": 0.2905147783005852, "log_population": 2.0863598306747484 }, "geometry": { "type": "Polygon", "coordinates": [ [ [ 11.227994972928922, 43.799617127151777 ], [ 11.229479288549642, 43.800364392932309 ], [ 11.231014400044041, 43.799875204901795 ], [ 11.231119194871484, 43.798665537415474 ], [ 11.229634883719283, 43.797918300086124 ], [ 11.228099829743323, 43.798407475092176 ], [ 11.227994972928922, 43.799617127151777 ] ] ] } },
{ "type": "Feature", "properties": { "id": 882, "snapped_id": 882.0, "centroid_lon": 11.29866, "centroid_lat": 43.77709, "radius": 202.64, "internal_id": 617532047602745343, "population": 2074, "component": 0, "o_score_pt": 95.831532266900766, "o_score_car": 614.39933535286934, "CDI": 0.73013977106327277, "log_population": 3.3170181010481117 }, "geometry": { "type": "Polygon", "coordinates": [ [ [ 11.296354811250708, 43.777828016576073 ], [ 11.298502193845632, 43.778907564500507 ], [ 11.300805366851185, 43.778171697184277 ], [ 11.300961072938634, 43.77635628950474 ], [ 11.298813699159124, 43.775276768397667 ], [ 11.29651061047479, 43.776012628153914 ], [ 11.296354811250708, 43.777828016576073 ] ] ] } },
{ "type": "Feature", "properties": { "id": 883, "snapped_id": 883.0, "centroid_lon": 11.25521, "centroid_lat": 43.78743, "radius": 202.577, "internal_id": 617532047355543551, "population": 1359, "component": 0, "o_score_pt": 515.5688581344989, "o_score_car": 707.22834334220477, "CDI": 0.15673857036657379, "log_population": 3.1335389083702174 }, "geometry": { "type": "Polygon", "coordinates": [ [ [ 11.252905731954744, 43.788167747001275 ], [ 11.255052372885586, 43.789247944184858 ], [ 11.257355739226732, 43.788513153907701 ], [ 11.257512380177477, 43.786698173941637 ], [ 11.255365747883658, 43.785618003574726 ], [ 11.253062466000106, 43.786352786358378 ], [ 11.252905731954744, 43.788167747001275 ] ] ] } },
{ "type": "Feature", "properties": { "id": 884, "snapped_id": 884.0, "centroid_lon": 11.20731, "centroid_lat": 43.79741, "radius": 202.509, "internal_id": 617532053687894015, "population": 633, "component": 0, "o_score_pt": 378.95929014711157, "o_score_car": 599.4563226607662, "CDI": 0.2253613184696302, "log_population": 2.8020892578817325 }, "geometry": { "type": "Polygon", "coordinates": [ [ [ 11.205078451475048, 43.798115192752768 ], [ 11.207159171131, 43.799163337178832 ], [ 11.209387151101389, 43.798453779684024 ], [ 11.209539652549216, 43.79669871550702 ], [ 11.207458940936695, 43.795650598478318 ], [ 11.20523104291205, 43.796360147664309 ], [ 11.205078451475048, 43.798115192752768 ] ] ] } },
{ "type": "Feature", "properties": { "id": 885, "snapped_id": 885.0, "centroid_lon": 11.28566, "centroid_lat": 43.74593, "radius": 202.667, "internal_id": 617532049994022911, "population": 51, "component": 0, "o_score_pt": 98.487198768588897, "o_score_car": 518.64275271870542, "CDI": 0.68082184787423472, "log_population": 1.7160033436347992 }, "geometry": { "type": "Polygon", "coordinates": [ [ [ 11.284441176432905, 43.746287309070652 ], [ 11.285615996116936, 43.746878434282038 ], [ 11.286791856172153, 43.746502543270708 ], [ 11.286871541933508, 43.745574514971146 ], [ 11.285696724955431, 43.744983415718302 ], [ 11.28452090965582, 43.745359293692694 ], [ 11.284441176432905, 43.746287309070652 ] ] ] } },
{ "type": "Feature", "properties": { "id": 886, "snapped_id": 886.0, "centroid_lon": 11.19444, "centroid_lat": 43.79092, "radius": 202.503, "internal_id": 617532053722759167, "population": 1, "component": 0, "o_score_pt": 12.280130923362488, "o_score_car": 597.24922722529186, "CDI": 0.95970618721086276, "log_population": 0.3010299956639812 }, "geometry": { "type": "Polygon", "coordinates": [ [ [ 11.194355656027234, 43.790880444027209 ], [ 11.194515930182311, 43.79096121792405 ], [ 11.194515930791345, 43.790961210926284 ], [ 11.194355656208542, 43.790880441945255 ], [ 11.194355656027234, 43.790880444027209 ] ] ] } },
{ "type": "Feature", "properties": { "id": 887, "snapped_id": 887.0, "centroid_lon": 11.24888, "centroid_lat": 43.80886, "radius": 202.541, "internal_id": 617532047425273855, "population": 61, "component": 0, "o_score_pt": 347.73276201877434, "o_score_car": 571.5447630184118, "CDI": 0.24346510700409421, "log_population": 1.7923916894982539 }, "geometry": { "type": "Polygon", "coordinates": [ [ [ 11.247589590463884, 43.809244847311369 ], [ 11.2488291303985, 43.809868472658593 ], [ 11.25007987977903, 43.809469790449612 ], [ 11.250165048181453, 43.808484270035301 ], [ 11.24892551125366, 43.807860671337451 ], [ 11.247674809361536, 43.808259340388609 ], [ 11.247589590463884, 43.809244847311369 ] ] ] } },
{ "type": "Feature", "properties": { "id": 888, "snapped_id": 888.0, "centroid_lon": 11.31646, "centroid_lat": 43.77847, "radius": 202.658, "internal_id": 617532047601172479, "population": 42, "component": 0, "o_score_pt": 4.6286611208822466, "o_score_car": 521.69113383012689, "CDI": 0.98241122159840821, "log_population": 1.6334684555795866 }, "geometry": { "type": "Polygon", "coordinates": [ [ [ 11.315322269398274, 43.778795065730904 ], [ 11.316429142235409, 43.779351259246582 ], [ 11.317525817482661, 43.779000700030934 ], [ 11.317599803287647, 43.778135978156769 ], [ 11.316492932784358, 43.777579809762585 ], [ 11.315396299480867, 43.777930356143884 ], [ 11.315322269398274, 43.778795065730904 ] ] ] } },
{ "type": "Feature", "properties": { "id": 889, "snapped_id": 889.0, "centroid_lon": 11.22207, "centroid_lat": 43.78212, "radius": 202.546, "internal_id": 617532047460139007, "population": 48, "component": 0, "o_score_pt": 76.535270931151359, "o_score_car": 682.81124920515333, "CDI": 0.79841806368609403, "log_population": 1.6901960800285136 }, "geometry": { "type": "Polygon", "coordinates": [ [ [ 11.220882430787311, 43.782462492319141 ], [ 11.222035906338208, 43.783043478632564 ], [ 11.223187129023454, 43.782676519735261 ], [ 11.223265835275832, 43.781768594404767 ], [ 11.222112362152146, 43.78118763381228 ], [ 11.220961183485741, 43.78155457979382 ], [ 11.220882430787311, 43.782462492319141 ] ] ] } },
{ "type": "Feature", "properties": { "id": 890, "snapped_id": 514.0, "centroid_lon": 11.21109, "centroid_lat": 43.75385, "radius": 202.571, "internal_id": 617532049781686271, "population": 0, "component": 0, "o_score_pt": 3.263892824632038, "o_score_car": 586.00972191105734, "CDI": 0.98892231811160924, "log_population": 0.0 }, "geometry": { "type": "Polygon", "coordinates": [ [ [ 11.211012559055634, 43.753808869976282 ], [ 11.211172024955205, 43.753889251714703 ], [ 11.211172025561845, 43.753889244722963 ], [ 11.211012559238194, 43.753808867873495 ], [ 11.211012559055634, 43.753808869976282 ] ] ] } },
{ "type": "Feature", "properties": { "id": 891, "snapped_id": 891.0, "centroid_lon": 11.32384, "centroid_lat": 43.77081, "radius": 202.677, "internal_id": 617532047495004159, "population": 94, "component": 0, "o_score_pt": 155.95153617293457, "o_score_car": 529.52928704642875, "CDI": 0.54498643611791342, "log_population": 1.9777236052888478 }, "geometry": { "type": "Polygon", "coordinates": [ [ [ 11.322376078094189, 43.771251763734234 ], [ 11.323770324889132, 43.771952314367311 ], [ 11.325200064265061, 43.771495092770799 ], [ 11.325296408226798, 43.770367715860239 ], [ 11.323902165596303, 43.769667193152365 ], [ 11.322472479830148, 43.770124401455938 ], [ 11.322376078094189, 43.771251763734234 ] ] ] } },
{ "type": "Feature", "properties": { "id": 892, "snapped_id": 892.0, "centroid_lon": 11.21176, "centroid_lat": 43.79775, "radius": 202.513, "internal_id": 617532053686321151, "population": 1102, "component": 0, "o_score_pt": 399.23334431805961, "o_score_car": 643.40710996886082, "CDI": 0.23418788772952009, "log_population": 3.0425755124401905 }, "geometry": { "type": "Polygon", "coordinates": [ [ [ 11.209454877829863, 43.798487868616142 ], [ 11.211600774565049, 43.799568714507458 ], [ 11.213904331606223, 43.798835001452318 ], [ 11.21406190731653, 43.797020449933953 ], [ 11.211916019039942, 43.795939630858435 ], [ 11.209612546592449, 43.796673336486627 ], [ 11.209454877829863, 43.798487868616142 ] ] ] } },
{ "type": "Feature", "properties": { "id": 893, "snapped_id": 893.0, "centroid_lon": 11.30498, "centroid_lat": 43.75565, "radius": 202.676, "internal_id": 617532049992450047, "population": 395, "component": 0, "o_score_pt": 156.47797899148287, "o_score_car": 559.98066662878512, "CDI": 0.56319047875816086, "log_population": 2.5976951859255122 }, "geometry": { "type": "Polygon", "coordinates": [ [ [ 11.302937159204395, 43.756292530970626 ], [ 11.304848370362416, 43.757253539064834 ], [ 11.3068776646299, 43.756604655395755 ], [ 11.30701474628016, 43.755004251980189 ], [ 11.30510354248168, 43.754043272372073 ], [ 11.303074322886188, 43.75469214562014 ], [ 11.302937159204395, 43.756292530970626 ] ] ] } },
{ "type": "Feature", "properties": { "id": 894, "snapped_id": 894.0, "centroid_lon": 11.19983, "centroid_lat": 43.78038, "radius": 202.523, "internal_id": 617532053721186303, "population": 1259, "component": 0, "o_score_pt": 58.30151248966957, "o_score_car": 616.80271328897265, "CDI": 0.82728144703159989, "log_population": 3.1003705451175629 }, "geometry": { "type": "Polygon", "coordinates": [ [ [ 11.197528595953695, 43.781114032883536 ], [ 11.199673766900462, 43.782195158525447 ], [ 11.201976816388978, 43.781461489976707 ], [ 11.202134610338829, 43.779646703192022 ], [ 11.199989447797615, 43.778565604372197 ], [ 11.197686482898993, 43.779299265516109 ], [ 11.197528595953695, 43.781114032883536 ] ] ] } },
{ "type": "Feature", "properties": { "id": 895, "snapped_id": 895.0, "centroid_lon": 11.23553, "centroid_lat": 43.80783, "radius": 202.527, "internal_id": 617532047423700991, "population": 2036, "component": 0, "o_score_pt": 327.4585002897955, "o_score_car": 648.05250614898534, "CDI": 0.3286421206353749, "log_population": 3.3089910290001643 }, "geometry": { "type": "Polygon", "coordinates": [ [ [ 11.233221216715526, 43.808560510573521 ], [ 11.235367926393616, 43.809640922265864 ], [ 11.237671814728126, 43.808906815305257 ], [ 11.237828908831331, 43.80709230411982 ], [ 11.235682207712687, 43.806011919238699 ], [ 11.233378403929404, 43.806746018732966 ], [ 11.233221216715526, 43.808560510573521 ] ] ] } },
{ "type": "Feature", "properties": { "id": 896, "snapped_id": 896.0, "centroid_lon": 11.25344, "centroid_lat": 43.83388, "radius": 202.512, "internal_id": 617532047951396863, "population": 0, "component": 0, "o_score_pt": 0.8869000237467356, "o_score_car": 451.1177522136241, "CDI": 0.99607570400279422, "log_population": 0.0 }, "geometry": { "type": "Polygon", "coordinates": [ [ [ 11.253356903048276, 43.83383650283357 ], [ 11.253518184923232, 43.83391760288098 ], [ 11.253518185528341, 43.833917595878397 ], [ 11.253356903227045, 43.833836500766033 ], [ 11.253356903048276, 43.83383650283357 ] ] ] } },
{ "type": "Feature", "properties": { "id": 897, "snapped_id": 897.0, "centroid_lon": 11.23987, "centroid_lat": 43.7835, "radius": 202.565, "internal_id": 617532047458566143, "population": 1955, "component": 0, "o_score_pt": 533.46999194521368, "o_score_car": 726.29019287400729, "CDI": 0.15306103753109471, "log_population": 3.2913688504515828 }, "geometry": { "type": "Polygon", "coordinates": [ [ [ 11.237567329674865, 43.78423516060883 ], [ 11.239713512686397, 43.785315625112602 ], [ 11.242016736844342, 43.784581120941716 ], [ 11.242173693498518, 43.782766159736802 ], [ 11.240027519059479, 43.781685722051833 ], [ 11.2377243793918, 43.782420218754154 ], [ 11.237567329674865, 43.78423516060883 ] ] ] } },
{ "type": "Feature", "properties": { "id": 898, "snapped_id": 898.0, "centroid_lon": 11.32829, "centroid_lat": 43.77115, "radius": 202.681, "internal_id": 617532047493431295, "population": 7, "component": 0, "o_score_pt": 131.77851685767635, "o_score_car": 496.37736180109403, "CDI": 0.58042733870755769, "log_population": 0.90308998699194354 }, "geometry": { "type": "Polygon", "coordinates": [ [ [ 11.327830662683244, 43.771243711089539 ], [ 11.328327533517479, 43.771493340229064 ], [ 11.328717311465208, 43.771368675676655 ], [ 11.328743591830133, 43.771060965471307 ], [ 11.328246719502273, 43.770811349594226 ], [ 11.327856958683007, 43.770936007068492 ], [ 11.327830662683244, 43.771243711089539 ] ] ] } },
{ "type": "Feature", "properties": { "id": 899, "snapped_id": 899.0, "centroid_lon": 11.19841, "centroid_lat": 43.79671, "radius": 202.5, "internal_id": 617532053684748287, "population": 1158, "component": 0, "o_score_pt": 261.59494596849083, "o_score_car": 626.76141460657641, "CDI": 0.41105854006797371, "log_population": 3.064083435963596 }, "geometry": { "type": "Polygon", "coordinates": [ [ [ 11.196107308825967, 43.797445472113104 ], [ 11.198252867872178, 43.798526538390256 ], [ 11.200556366391952, 43.797793103931035 ], [ 11.200714221236664, 43.795978610601544 ], [ 11.198568670593376, 43.794897571141249 ], [ 11.196265256700485, 43.795630998194753 ], [ 11.196107308825967, 43.797445472113104 ] ] ] } },
{ "type": "Feature", "properties": { "id": 900, "snapped_id": 900.0, "centroid_lon": 11.19141, "centroid_lat": 43.77424, "radius": 202.522, "internal_id": 617532049849843711, "population": 516, "component": 0, "o_score_pt": 58.083472303339256, "o_score_car": 595.05996160834752, "CDI": 0.82214175543195356, "log_population": 2.7134905430939424 }, "geometry": { "type": "Polygon", "coordinates": [ [ [ 11.18926237734615, 43.774920160125355 ], [ 11.191268306431867, 43.775931434807703 ], [ 11.193409855580345, 43.775249257485939 ], [ 11.193556762108678, 43.773561403817652 ], [ 11.191550840551114, 43.772550157088368 ], [ 11.189409370324672, 43.773232325210941 ], [ 11.18926237734615, 43.774920160125355 ] ] ] } },
{ "type": "Feature", "properties": { "id": 901, "snapped_id": 901.0, "centroid_lon": 11.32045, "centroid_lat": 43.78425, "radius": 202.655, "internal_id": 617532047563161599, "population": 96, "component": 0, "o_score_pt": 8.3364598931409297, "o_score_car": 538.8940128312172, "CDI": 0.96953217955265425, "log_population": 1.9867717342662448 }, "geometry": { "type": "Polygon", "coordinates": [ [ [ 11.318977341123119, 43.784699575103531 ], [ 11.320379399828353, 43.78540395411293 ], [ 11.321818147607649, 43.784944075010657 ], [ 11.321915140017463, 43.783809974486317 ], [ 11.320513085514108, 43.783105623452386 ], [ 11.319074391676468, 43.783565489270487 ], [ 11.318977341123119, 43.784699575103531 ] ] ] } },
{ "type": "Feature", "properties": { "id": 902, "snapped_id": 902.0, "centroid_lon": 11.23998, "centroid_lat": 43.80817, "radius": 202.532, "internal_id": 617532047422128127, "population": 648, "component": 0, "o_score_pt": 333.02082489473042, "o_score_car": 615.36133345517442, "CDI": 0.29770752863137973, "log_population": 2.8122446968003691 }, "geometry": { "type": "Polygon", "coordinates": [ [ [ 11.237735230559617, 43.808884723756641 ], [ 11.239825425728041, 43.809936566333356 ], [ 11.242063606223198, 43.809223311641723 ], [ 11.242216130820609, 43.807460516619621 ], [ 11.240125943881228, 43.806408701364688 ], [ 11.237887845614756, 43.80712194780606 ], [ 11.237735230559617, 43.808884723756641 ] ] ] } },
{ "type": "Feature", "properties": { "id": 903, "snapped_id": 903.0, "centroid_lon": 11.31002, "centroid_lat": 43.77523, "radius": 202.655, "internal_id": 617532047590162431, "population": 3, "component": 0, "o_score_pt": 15.582324062301575, "o_score_car": 575.21099376388349, "CDI": 0.94724949117692636, "log_population": 0.6020599913279624 }, "geometry": { "type": "Polygon", "coordinates": [ [ [ 11.30984257608241, 43.775220711879911 ], [ 11.310088197377969, 43.775344162650903 ], [ 11.310186562185446, 43.775312722278578 ], [ 11.31019325564354, 43.775234555683213 ], [ 11.309947631257549, 43.775111110957944 ], [ 11.309849273372183, 43.775142548528777 ], [ 11.30984257608241, 43.775220711879911 ] ] ] } },
{ "type": "Feature", "properties": { "id": 904, "snapped_id": 904.0, "centroid_lon": 11.2695, "centroid_lat": 43.77758, "radius": 202.606, "internal_id": 617532047414263807, "population": 889, "component": 0, "o_score_pt": 476.54408710444017, "o_score_car": 708.97880526833546, "CDI": 0.196060927763855, "log_population": 2.9493900066449128 }, "geometry": { "type": "Polygon", "coordinates": [ [ [ 11.267194775921249, 43.778312867782013 ], [ 11.269341494460175, 43.779392884133195 ], [ 11.27164461879738, 43.778657659479705 ], [ 11.271800940194044, 43.776842425990338 ], [ 11.269654230349488, 43.775762436458137 ], [ 11.267351190411954, 43.776497653597495 ], [ 11.267194775921249, 43.778312867782013 ] ] ] } },
{ "type": "Feature", "properties": { "id": 905, "snapped_id": 905.0, "centroid_lon": 11.25883, "centroid_lat": 43.82334, "radius": 202.533, "internal_id": 617532047949823999, "population": 39, "component": 0, "o_score_pt": 3.30208542462475, "o_score_car": 550.05657900350366, "CDI": 0.98806529783702801, "log_population": 1.6020599913279625 }, "geometry": { "type": "Polygon", "coordinates": [ [ [ 11.257719993115378, 43.82365548297166 ], [ 11.258801115053689, 43.824199136435439 ], [ 11.259867858011226, 43.823859151493075 ], [ 11.25994039937051, 43.823018857035152 ], [ 11.258859279474489, 43.822475228362087 ], [ 11.25779257752763, 43.822815200627815 ], [ 11.257719993115378, 43.82365548297166 ] ] ] } },
{ "type": "Feature", "properties": { "id": 906, "snapped_id": 906.0, "centroid_lon": 11.22804, "centroid_lat": 43.7908, "radius": 202.541, "internal_id": 617532047456993279, "population": 761, "component": 0, "o_score_pt": 484.48921584623179, "o_score_car": 690.74862894835428, "CDI": 0.1755044002502944, "log_population": 2.8819549713396007 }, "geometry": { "type": "Polygon", "coordinates": [ [ [ 11.225736533913718, 43.791536149008721 ], [ 11.227882630157858, 43.792616767471557 ], [ 11.230186030568765, 43.791882612385528 ], [ 11.230343250197086, 43.790067846289112 ], [ 11.228197162477786, 43.788987254643423 ], [ 11.22589384660334, 43.789721402278147 ], [ 11.225736533913718, 43.791536149008721 ] ] ] } },
{ "type": "Feature", "properties": { "id": 907, "snapped_id": 907.0, "centroid_lon": 11.21772, "centroid_lat": 43.80644, "radius": 202.509, "internal_id": 617532053683175423, "population": 39, "component": 0, "o_score_pt": 268.98227347038647, "o_score_car": 601.6617910051101, "CDI": 0.38210737442417442, "log_population": 1.6020599913279625 }, "geometry": { "type": "Polygon", "coordinates": [ [ [ 11.216614088512884, 43.806757934299114 ], [ 11.217694537563091, 43.807301978879302 ], [ 11.218760815016717, 43.806962378356012 ], [ 11.218833756909804, 43.806121892344912 ], [ 11.21775330982276, 43.805577872560093 ], [ 11.216687073420484, 43.805917460448448 ], [ 11.216614088512884, 43.806757934299114 ] ] ] } },
{ "type": "Feature", "properties": { "id": 908, "snapped_id": 908.0, "centroid_lon": 11.29608, "centroid_lat": 43.75496, "radius": 202.667, "internal_id": 617532049989304319, "population": 676, "component": 0, "o_score_pt": 214.5931953763324, "o_score_car": 580.52455147674834, "CDI": 0.46022285070192448, "log_population": 2.8305886686851442 }, "geometry": { "type": "Polygon", "coordinates": [ [ [ 11.293820916147649, 43.755681434809155 ], [ 11.295926320911972, 43.756740341233851 ], [ 11.298180939674696, 43.756019579863064 ], [ 11.298333418663102, 43.75424158191074 ], [ 11.296228022440404, 43.75318270268906 ], [ 11.293973486278627, 43.753903455936609 ], [ 11.293820916147649, 43.755681434809155 ] ] ] } },
{ "type": "Feature", "properties": { "id": 909, "snapped_id": 909.0, "centroid_lon": 11.27898, "centroid_lat": 43.7975, "radius": 202.59, "internal_id": 617532047385690111, "population": 57, "component": 0, "o_score_pt": 175.61175716094644, "o_score_car": 572.29748340124729, "CDI": 0.53039286684319775, "log_population": 1.7634279935629373 }, "geometry": { "type": "Polygon", "coordinates": [ [ [ 11.277722495426424, 43.797868978941707 ], [ 11.278937923335972, 43.798480115335821 ], [ 11.28016055653252, 43.798089928968231 ], [ 11.280243464872125, 43.797126335278456 ], [ 11.279028039890905, 43.79651522528092 ], [ 11.277805453134581, 43.796905398508315 ], [ 11.277722495426424, 43.797868978941707 ] ] ] } },
{ "type": "Feature", "properties": { "id": 910, "snapped_id": 910.0, "centroid_lon": 11.19094, "centroid_lat": 43.77969, "radius": 202.514, "internal_id": 617532053718040575, "population": 1162, "component": 0, "o_score_pt": 48.223435688156357, "o_score_car": 607.14931353134375, "CDI": 0.85283661627497687, "log_population": 3.0655797147284485 }, "geometry": { "type": "Polygon", "coordinates": [ [ [ 11.188632551425416, 43.780418620024733 ], [ 11.190777497247419, 43.781499892460168 ], [ 11.193080507616607, 43.780766409561046 ], [ 11.193238487549838, 43.778951661618308 ], [ 11.19109355009628, 43.777870416005655 ], [ 11.188790624339079, 43.778603891514116 ], [ 11.188632551425416, 43.780418620024733 ] ] ] } },
{ "type": "Feature", "properties": { "id": 911, "snapped_id": 911.0, "centroid_lon": 11.29327, "centroid_lat": 43.78764, "radius": 202.62, "internal_id": 617532047379398655, "population": 83, "component": 0, "o_score_pt": 16.315472333941678, "o_score_car": 619.58092558383578, "CDI": 0.94868512422034101, "log_population": 1.9242792860618816 }, "geometry": { "type": "Polygon", "coordinates": [ [ [ 11.291861753759454, 43.78806411520317 ], [ 11.293211383230746, 43.78874259123333 ], [ 11.294589602596627, 43.788302446172594 ], [ 11.294682869919091, 43.787216081543832 ], [ 11.293333244250636, 43.786537633124773 ], [ 11.291955076756608, 43.786977764899135 ], [ 11.291861753759454, 43.78806411520317 ] ] ] } },
{ "type": "Feature", "properties": { "id": 912, "snapped_id": 912.0, "centroid_lon": 11.25054, "centroid_lat": 43.73773, "radius": 202.638, "internal_id": 617532050017878015, "population": 7, "component": 0, "o_score_pt": 3.9172959890783119, "o_score_car": 564.79287231854846, "CDI": 0.98622392843533835, "log_population": 0.90308998699194354 }, "geometry": { "type": "Polygon", "coordinates": [ [ [ 11.250086609056687, 43.737818068987508 ], [ 11.25058292727522, 43.738068059582993 ], [ 11.250971909198574, 43.737943807452304 ], [ 11.250998498129999, 43.737635590813234 ], [ 11.25050217836753, 43.737385613490325 ], [ 11.250113213613485, 43.737509858575429 ], [ 11.250086609056687, 43.737818068987508 ] ] ] } },
{ "type": "Feature", "properties": { "id": 913, "snapped_id": 913.0, "centroid_lon": 11.31294, "centroid_lat": 43.76723, "radius": 202.669, "internal_id": 617532047596453887, "population": 470, "component": 0, "o_score_pt": 242.13635074205223, "o_score_car": 582.4818580233549, "CDI": 0.41273101134991591, "log_population": 2.6730209071288962 }, "geometry": { "type": "Polygon", "coordinates": [ [ [ 11.310833321383068, 43.767897832015336 ], [ 11.312807865886725, 43.768890289567338 ], [ 11.314910369046919, 43.768218067978928 ], [ 11.315052237452651, 43.766560364585317 ], [ 11.313077700734581, 43.76556793519007 ], [ 11.310975274805882, 43.766240147009277 ], [ 11.310833321383068, 43.767897832015336 ] ] ] } },
{ "type": "Feature", "properties": { "id": 914, "snapped_id": 914.0, "centroid_lon": 11.33427, "centroid_lat": 43.77984, "radius": 202.677, "internal_id": 617532047490285567, "population": 0, "component": 0, "o_score_pt": 4.1954759383751039, "o_score_car": 452.31911088857851, "CDI": 0.98161953173266081, "log_population": 0.0 }, "geometry": { "type": "Polygon", "coordinates": [ [ [ 11.334186147223305, 43.77979600713978 ], [ 11.334346296431033, 43.779876442723896 ], [ 11.334346297027839, 43.779876435731516 ], [ 11.334186147403091, 43.779796005034626 ], [ 11.334186147223305, 43.77979600713978 ] ] ] } },
{ "type": "Feature", "properties": { "id": 915, "snapped_id": 915.0, "centroid_lon": 11.20437, "centroid_lat": 43.8054, "radius": 202.495, "internal_id": 617532053681602559, "population": 0, "component": 0, "o_score_pt": 7.9547271347439663, "o_score_car": 520.35086428016291, "CDI": 0.96988588701686984, "log_population": 0.0 }, "geometry": { "type": "Polygon", "coordinates": [ [ [ 11.204294151476022, 43.805357848503938 ], [ 11.204454756476057, 43.805438748868418 ], [ 11.204454757084621, 43.80543874186877 ], [ 11.204294151656606, 43.805357846428116 ], [ 11.204294151476022, 43.805357848503938 ] ] ] } },
{ "type": "Feature", "properties": { "id": 916, "snapped_id": 916.0, "centroid_lon": 11.18251, "centroid_lat": 43.77355, "radius": 202.512, "internal_id": 617532049846697983, "population": 42, "component": 0, "o_score_pt": 3.1065466123452832, "o_score_car": 546.85171161089067, "CDI": 0.98870260945846455, "log_population": 1.6334684555795866 }, "geometry": { "type": "Polygon", "coordinates": [ [ [ 11.181376077652757, 43.773873156947765 ], [ 11.18248174377513, 43.774430710108774 ], [ 11.183577727410967, 43.774081669923319 ], [ 11.183653086158346, 43.773216886002487 ], [ 11.182547422093846, 43.772659357983258 ], [ 11.181451480593811, 43.773008385462902 ], [ 11.181376077652757, 43.773873156947765 ] ] ] } },
{ "type": "Feature", "properties": { "id": 917, "snapped_id": 917.0, "centroid_lon": 11.32643, "centroid_lat": 43.79294, "radius": 202.65, "internal_id": 617532047560015871, "population": 0, "component": 0, "o_score_pt": 0.85539415373352579, "o_score_car": 456.10529350638251, "CDI": 0.99625615867258244, "log_population": 0.0 }, "geometry": { "type": "Polygon", "coordinates": [ [ [ 11.326345028630826, 43.792897747643828 ], [ 11.326505462016653, 43.792978324587246 ], [ 11.326505462614467, 43.792978317592713 ], [ 11.326345028810211, 43.792897745546277 ], [ 11.326345028630826, 43.792897747643828 ] ] ] } },
{ "type": "Feature", "properties": { "id": 918, "snapped_id": 918.0, "centroid_lon": 11.20873, "centroid_lat": 43.78107, "radius": 202.532, "internal_id": 617532053716467711, "population": 1301, "component": 0, "o_score_pt": 26.522581932599333, "o_score_car": 637.9046852824938, "CDI": 0.92016407742034079, "log_population": 3.114610984232173 }, "geometry": { "type": "Polygon", "coordinates": [ [ [ 11.206425168874668, 43.781808780825038 ], [ 11.208570564865727, 43.782889759627572 ], [ 11.210873653363084, 43.782155905413113 ], [ 11.211031261299606, 43.780341079816282 ], [ 11.208885873751189, 43.77926012783513 ], [ 11.206582869821633, 43.779993974630585 ], [ 11.206425168874668, 43.781808780825038 ] ] ] } },
{ "type": "Feature", "properties": { "id": 919, "snapped_id": 919.0, "centroid_lon": 11.27336, "centroid_lat": 43.75869, "radius": 202.636, "internal_id": 617532049983012863, "population": 55, "component": 0, "o_score_pt": 223.44015903748249, "o_score_car": 654.94397116032985, "CDI": 0.49124727700359577, "log_population": 1.7481880270062005 }, "geometry": { "type": "Polygon", "coordinates": [ [ [ 11.272118315018778, 43.759054918153765 ], [ 11.273320145252194, 43.759659696702549 ], [ 11.274527318584768, 43.759274074134439 ], [ 11.274609260432117, 43.75832165245798 ], [ 11.273407433041864, 43.757716900168404 ], [ 11.272200305592985, 43.758102509639123 ], [ 11.272118315018778, 43.759054918153765 ] ] ] } },
{ "type": "Feature", "properties": { "id": 920, "snapped_id": 920.0, "centroid_lon": 11.2606, "centroid_lat": 43.77689, "radius": 202.597, "internal_id": 617532047418982399, "population": 412, "component": 0, "o_score_pt": 552.17426053234055, "o_score_car": 710.77042903769757, "CDI": 0.12557649579994681, "log_population": 2.6159500516564012 }, "geometry": { "type": "Polygon", "coordinates": [ [ [ 11.258542226743394, 43.777536736932333 ], [ 11.26046831281063, 43.778505988480717 ], [ 11.262515691997821, 43.777852557719825 ], [ 11.262654833986867, 43.776238770762724 ], [ 11.260728755212464, 43.775269547628355 ], [ 11.258681451462852, 43.775922968184943 ], [ 11.258542226743394, 43.777536736932333 ] ] ] } },
{ "type": "Feature", "properties": { "id": 921, "snapped_id": 921.0, "centroid_lon": 11.24993, "centroid_lat": 43.82265, "radius": 202.523, "internal_id": 617532047946678271, "population": 0, "component": 0, "o_score_pt": 1.5394654783471462, "o_score_car": 513.0649289819595, "CDI": 0.99401689727130438, "log_population": 0.0 }, "geometry": { "type": "Polygon", "coordinates": [ [ [ 11.249846005982945, 43.822605307607546 ], [ 11.250007034708711, 43.82268630290659 ], [ 11.250007035313828, 43.822686295905591 ], [ 11.249846006162212, 43.822605305534744 ], [ 11.249846005982945, 43.822605307607546 ] ] ] } },
{ "type": "Feature", "properties": { "id": 922, "snapped_id": 922.0, "centroid_lon": 11.29959, "centroid_lat": 43.7662, "radius": 202.656, "internal_id": 617532047594881023, "population": 315, "component": 0, "o_score_pt": 256.77703329678951, "o_score_car": 638.62814616111257, "CDI": 0.42645622520913279, "log_population": 2.4996870826184039 }, "geometry": { "type": "Polygon", "coordinates": [ [ [ 11.297644821630188, 43.766811135835489 ], [ 11.299474374369051, 43.767731050293634 ], [ 11.301409070339696, 43.767112698599689 ], [ 11.30153986064107, 43.765587231744142 ], [ 11.299710314730907, 43.764667346067256 ], [ 11.297775690135587, 43.765285686583013 ], [ 11.297644821630188, 43.766811135835489 ] ] ] } },
{ "type": "Feature", "properties": { "id": 923, "snapped_id": 923.0, "centroid_lon": 11.25112, "centroid_lat": 43.75696, "radius": 202.613, "internal_id": 617532049986158591, "population": 92, "component": 0, "o_score_pt": 171.2778745177869, "o_score_car": 666.49071251565692, "CDI": 0.5911093417233857, "log_population": 1.968482948553935 }, "geometry": { "type": "Polygon", "coordinates": [ [ [ 11.249669871745304, 43.75740186095782 ], [ 11.251055205402137, 43.758099399242155 ], [ 11.252475449279872, 43.757645981315164 ], [ 11.252572135202993, 43.756525583995128 ], [ 11.251186805472148, 43.755828073593221 ], [ 11.249766615002013, 43.756281478308409 ], [ 11.249669871745304, 43.75740186095782 ] ] ] } },
{ "type": "Feature", "properties": { "id": 924, "snapped_id": 924.0, "centroid_lon": 11.20882, "centroid_lat": 43.80575, "radius": 202.499, "internal_id": 617532053680029695, "population": 0, "component": 0, "o_score_pt": 12.586505967099926, "o_score_car": 511.93080415984718, "CDI": 0.95200728088819919, "log_population": 0.0 }, "geometry": { "type": "Polygon", "coordinates": [ [ [ 11.208743839609234, 43.805705227194039 ], [ 11.208904456277946, 43.805786123692101 ], [ 11.208904456886138, 43.805786116692502 ], [ 11.208743839789745, 43.805705225117833 ], [ 11.208743839609234, 43.805705227194039 ] ] ] } },
{ "type": "Feature", "properties": { "id": 925, "snapped_id": 925.0, "centroid_lon": 11.33088, "centroid_lat": 43.79328, "radius": 202.655, "internal_id": 617532047558443007, "population": 207, "component": 0, "o_score_pt": 1.162267077974739, "o_score_car": 469.20211151718729, "CDI": 0.99505801403819705, "log_population": 2.3180633349627615 }, "geometry": { "type": "Polygon", "coordinates": [ [ [ 11.329098765090411, 43.793833620561905 ], [ 11.330777859183977, 43.794676822656399 ], [ 11.332537498512353, 43.794114354003113 ], [ 11.332655941813758, 43.792727697345192 ], [ 11.330976853700868, 43.791884524194202 ], [ 11.329217279556389, 43.792446980517646 ], [ 11.329098765090411, 43.793833620561905 ] ] ] } },
{ "type": "Feature", "properties": { "id": 926, "snapped_id": 926.0, "centroid_lon": 11.1969, "centroid_lat": 43.78837, "radius": 202.509, "internal_id": 617532053714894847, "population": 2, "component": 0, "o_score_pt": 9.5506033900295204, "o_score_car": 558.64933007372906, "CDI": 0.96638294787608003, "log_population": 0.47712125471966244 }, "geometry": { "type": "Polygon", "coordinates": [ [ [ 11.196816883411101, 43.788332408557039 ], [ 11.196977103121572, 43.788413153327824 ], [ 11.196977103730326, 43.788413146330534 ], [ 11.196816883592472, 43.788332406473515 ], [ 11.196816883411101, 43.788332408557039 ] ] ] } },
{ "type": "Feature", "properties": { "id": 927, "snapped_id": null, "centroid_lon": 11.28847, "centroid_lat": 43.81741, "radius": 202.574, "internal_id": 617532047133769727, "population": 0, "component": 0, "o_score_pt": 0.83037903781400013, "o_score_car": 603.98186143391627, "CDI": 0.99725409314743241, "log_population": 0.0 }, "geometry": { "type": "Polygon", "coordinates": [ [ [ 11.288392602795135, 43.817373604800515 ], [ 11.288553548098834, 43.817454484831785 ], [ 11.288553548700516, 43.817454477832619 ], [ 11.288392602974081, 43.817373602720195 ], [ 11.288392602795135, 43.817373604800515 ] ] ] } },
{ "type": "Feature", "properties": { "id": 928, "snapped_id": 928.0, "centroid_lon": 11.31892, "centroid_lat": 43.77591, "radius": 202.664, "internal_id": 617532047593308159, "population": 2, "component": 0, "o_score_pt": 115.68444683450583, "o_score_car": 528.92272954190685, "CDI": 0.6410699381759507, "log_population": 0.47712125471966244 }, "geometry": { "type": "Polygon", "coordinates": [ [ [ 11.318839546615443, 43.775873545541444 ], [ 11.318999595873867, 43.775953967987377 ], [ 11.318999596471881, 43.775953960995196 ], [ 11.318839546795605, 43.775873543436262 ], [ 11.318839546615443, 43.775873545541444 ] ] ] } },
{ "type": "Feature", "properties": { "id": 929, "snapped_id": 929.0, "centroid_lon": 11.2784, "centroid_lat": 43.77827, "radius": 202.615, "internal_id": 617532047417409535, "population": 458, "component": 0, "o_score_pt": 332.37588229546179, "o_score_car": 673.05132768038197, "CDI": 0.33883650850577751, "log_population": 2.661812685537261 }, "geometry": { "type": "Polygon", "coordinates": [ [ [ 11.276298504399678, 43.77893114169656 ], [ 11.278263255534814, 43.779919374018554 ], [ 11.280355108149385, 43.779251434377741 ], [ 11.280496925865831, 43.777602620943547 ], [ 11.278532182328044, 43.776614416832466 ], [ 11.276440406669771, 43.777282346650267 ], [ 11.276298504399678, 43.77893114169656 ] ] ] } },
{ "type": "Feature", "properties": { "id": 930, "snapped_id": 930.0, "centroid_lon": 11.26773, "centroid_lat": 43.82403, "radius": 202.542, "internal_id": 617532047945105407, "population": 0, "component": 0, "o_score_pt": 1.5557071305062351, "o_score_car": 488.74634376814419, "CDI": 0.99365408679137757, "log_population": 0.0 }, "geometry": { "type": "Polygon", "coordinates": [ [ [ 11.267653879560948, 43.823987411610958 ], [ 11.267814954364841, 43.824068391036846 ], [ 11.267814954968468, 43.824068384036124 ], [ 11.267653879739916, 43.823987409536599 ], [ 11.267653879560948, 43.823987411610958 ] ] ] } },
{ "type": "Feature", "properties": { "id": 931, "snapped_id": 931.0, "centroid_lon": 11.26223, "centroid_lat": 43.8099, "radius": 202.555, "internal_id": 617532047452274687, "population": 0, "component": 0, "o_score_pt": 77.304338214995653, "o_score_car": 473.84056560965496, "CDI": 0.7194772638609378, "log_population": 0.0 }, "geometry": { "type": "Polygon", "coordinates": [ [ [ 11.262150384087235, 43.809860790254085 ], [ 11.262311139826332, 43.809941639836971 ], [ 11.262311140430063, 43.809941632838232 ], [ 11.262150384266841, 43.809860788173282 ], [ 11.262150384087235, 43.809860790254085 ] ] ] } },
{ "type": "Feature", "properties": { "id": 932, "snapped_id": 932.0, "centroid_lon": 11.27676, "centroid_lat": 43.74524, "radius": 202.658, "internal_id": 617532049914855423, "population": 35, "component": 0, "o_score_pt": 1.6274580522960711, "o_score_car": 543.44124385079601, "CDI": 0.99402842963973559, "log_population": 1.5563025007672873 }, "geometry": { "type": "Polygon", "coordinates": [ [ [ 11.27569356284763, 43.745546951575292 ], [ 11.276735033544243, 43.746071107408568 ], [ 11.277756312072214, 43.745744708424816 ], [ 11.277825624407155, 43.744938469338628 ], [ 11.276784155569574, 43.744414337756247 ], [ 11.275762916385078, 43.744740724248082 ], [ 11.27569356284763, 43.745546951575292 ] ] ] } },
{ "type": "Feature", "properties": { "id": 933, "snapped_id": 933.0, "centroid_lon": 11.23275, "centroid_lat": 43.73634, "radius": 202.62, "internal_id": 617532050019450879, "population": 324, "component": 0, "o_score_pt": 153.8720914940146, "o_score_car": 556.57544409247362, "CDI": 0.56683052924663824, "log_population": 2.5118833609788744 }, "geometry": { "type": "Polygon", "coordinates": [ [ [ 11.230796812451024, 43.736959672275894 ], [ 11.232634564927604, 43.737885762074704 ], [ 11.234580145650845, 43.737264589796908 ], [ 11.234712882685187, 43.735729625139186 ], [ 11.232875136862187, 43.734803564103466 ], [ 11.230929628029928, 43.735424725394225 ], [ 11.230796812451024, 43.736959672275894 ] ] ] } },
{ "type": "Feature", "properties": { "id": 934, "snapped_id": null, "centroid_lon": 11.28789, "centroid_lat": 43.79819, "radius": 202.599, "internal_id": 617532047380971519, "population": 12, "component": 0, "o_score_pt": 96.676061409186559, "o_score_car": 557.85544799987201, "CDI": 0.70459462983998988, "log_population": 1.1139433523068367 }, "geometry": { "type": "Polygon", "coordinates": [ [ [ 11.287231668971941, 43.798346217061081 ], [ 11.287905051021003, 43.798684724627236 ], [ 11.288498983133874, 43.798495133456321 ], [ 11.288539236769264, 43.798026720577724 ], [ 11.287865854279993, 43.797688230533964 ], [ 11.287271946512583, 43.797877812309054 ], [ 11.287231668971941, 43.798346217061081 ] ] ] } },
{ "type": "Feature", "properties": { "id": 935, "snapped_id": 935.0, "centroid_lon": 11.28156, "centroid_lat": 43.81962, "radius": 202.563, "internal_id": 617532047450701823, "population": 11, "component": 0, "o_score_pt": 148.65437880863936, "o_score_car": 583.23549577583424, "CDI": 0.59377938137745911, "log_population": 1.0791812460476249 }, "geometry": { "type": "Polygon", "coordinates": [ [ [ 11.280938693775651, 43.819767425619943 ], [ 11.281583446518082, 43.820091478060768 ], [ 11.28214393997343, 43.819912704316017 ], [ 11.282181953351744, 43.819470951880135 ], [ 11.281537199971824, 43.819146916313215 ], [ 11.280976729701933, 43.81932568100796 ], [ 11.280938693775651, 43.819767425619943 ] ] ] } },
{ "type": "Feature", "properties": { "id": 936, "snapped_id": 936.0, "centroid_lon": 11.28285, "centroid_lat": 43.77861, "radius": 202.62, "internal_id": 617532047415836671, "population": 5, "component": 0, "o_score_pt": 77.108667747440094, "o_score_car": 664.90217327627556, "CDI": 0.79216296182126644, "log_population": 0.77815125038364363 }, "geometry": { "type": "Polygon", "coordinates": [ [ [ 11.28250801601348, 43.778661678377695 ], [ 11.282900771829071, 43.77885920660907 ], [ 11.283169425378926, 43.778773412381284 ], [ 11.283187695875775, 43.778560864960106 ], [ 11.282794937874637, 43.778363347171293 ], [ 11.282526297247079, 43.778449135970526 ], [ 11.28250801601348, 43.778661678377695 ] ] ] } },
{ "type": "Feature", "properties": { "id": 937, "snapped_id": 937.0, "centroid_lon": 11.2559, "centroid_lat": 43.83133, "radius": 202.519, "internal_id": 617532047943532543, "population": 0, "component": 0, "o_score_pt": 0.77078171079582769, "o_score_car": 461.4709143863866, "CDI": 0.99666502733395235, "log_population": 0.0 }, "geometry": { "type": "Polygon", "coordinates": [ [ [ 11.255818288780979, 43.831288127180251 ], [ 11.255979516003322, 43.831369198059853 ], [ 11.255979516608155, 43.831369191057718 ], [ 11.255818288959818, 43.831288125111087 ], [ 11.255818288780979, 43.831288127180251 ] ] ] } }
]
}
