{
"type": "FeatureCollection",
"name": "cartogram",
"crs": { "type": "name", "properties": { "name": "urn:ogc:def:crs:OGC:1.3:CRS84" } },
"features": [
{ "type": "Feature", "properties": { "id": 0, "population": 193, "o_score_pt": 841.046, "o_score_car": 1228.196, "CDI": 0.187 }, "geometry": { "type": "Polygon", "coordinates": [ [ [ -8.57038, 41.17207 ], [ -8.5687, 41.17167 ], [ -8.56825, 41.17033 ], [ -8.56949, 41.16941 ], [ -8.57118, 41.16981 ], [ -8.57162, 41.17115 ], [ -8.57038, 41.17207 ] ] ] } },
{ "type": "Feature", "properties": { "id": 1, "population": 312, "o_score_pt": 844.277, "o_score_car": 1282.064, "CDI": 0.206 }, "geometry": { "type": "Polygon", "coordinates": [ [ [ -8.60918, 41.18294 ], [ -8.6073, 41.18251 ], [ -8.60681, 41.18102 ], [ -8.60819, 41.17999 ], [ -8.61008, 41.18043 ], [ -8.61057, 41.18191 ], [ -8.60918, 41.18294 ] ] ] } },
{ "type": "Feature", "properties": { "id": 2, "population": 1632, "o_score_pt": 1242.737, "o_score_car": 1452.609, "CDI": 0.078 }, "geometry": { "type": "Polygon", "coordinates": [ [ [ -8.65349, 41.15752 ], [ -8.65111, 41.15697 ], [ -8.65048, 41.15511 ], [ -8.65225, 41.1538 ], [ -8.65463, 41.15435 ], [ -8.65525, 41.15621 ], [ -8.65349, 41.15752 ] ] ] } },
{ "type": "Feature", "properties": { "id": 3, "population": 26, "o_score_pt": 971.206, "o_score_car": 1293.681, "CDI": 0.142 }, "geometry": { "type": "Polygon", "coordinates": [ [ [ -8.59764, 41.18127 ], [ -8.59675, 41.18106 ], [ -8.5965, 41.18032 ], [ -8.59714, 41.17985 ], [ -8.59803, 41.18005 ], [ -8.59828, 41.1808 ], [ -8.59764, 41.18127 ] ] ] } },
{ "type": "Feature", "properties": { "id": 4, "population": 451, "o_score_pt": 294.266, "o_score_car": 1153.006, "CDI": 0.593 }, "geometry": { "type": "Polygon", "coordinates": [ [ [ -8.55546, 41.16025 ], [ -8.55343, 41.15978 ], [ -8.5529, 41.15818 ], [ -8.5544, 41.15707 ], [ -8.55643, 41.15754 ], [ -8.55696, 41.15914 ], [ -8.55546, 41.16025 ] ] ] } },
{ "type": "Feature", "properties": { "id": 5, "population": 1650, "o_score_pt": 1294.616, "o_score_car": 1516.696, "CDI": 0.079 }, "geometry": { "type": "Polygon", "coordinates": [ [ [ -8.62332, 41.16598 ], [ -8.62094, 41.16542 ], [ -8.62031, 41.16356 ], [ -8.62208, 41.16225 ], [ -8.62446, 41.16281 ], [ -8.62508, 41.16467 ], [ -8.62332, 41.16598 ] ] ] } },
{ "type": "Feature", "properties": { "id": 6, "population": 329, "o_score_pt": 1311.046, "o_score_car": 1501.782, "CDI": 0.068 }, "geometry": { "type": "Polygon", "coordinates": [ [ [ -8.66052, 41.15881 ], [ -8.65862, 41.15837 ], [ -8.65812, 41.15687 ], [ -8.65952, 41.15583 ], [ -8.66142, 41.15627 ], [ -8.66192, 41.15777 ], [ -8.66052, 41.15881 ] ] ] } },
{ "type": "Feature", "properties": { "id": 7, "population": 158, "o_score_pt": 1108.421, "o_score_car": 1447.734, "CDI": 0.133 }, "geometry": { "type": "Polygon", "coordinates": [ [ [ -8.64428, 41.14968 ], [ -8.64267, 41.14931 ], [ -8.64225, 41.14803 ], [ -8.64343, 41.14715 ], [ -8.64503, 41.14753 ], [ -8.64546, 41.14881 ], [ -8.64428, 41.14968 ] ] ] } },
{ "type": "Feature", "properties": { "id": 8, "population": 600, "o_score_pt": 1392.132, "o_score_car": 1480.06, "CDI": 0.031 }, "geometry": { "type": "Polygon", "coordinates": [ [ [ -8.63083, 41.15553 ], [ -8.62869, 41.15503 ], [ -8.62813, 41.15335 ], [ -8.62971, 41.15217 ], [ -8.63186, 41.15267 ], [ -8.63242, 41.15436 ], [ -8.63083, 41.15553 ] ] ] } },
{ "type": "Feature", "properties": { "id": 9, "population": 618, "o_score_pt": 1315.946, "o_score_car": 1353.868, "CDI": 0.014 }, "geometry": { "type": "Polygon", "coordinates": [ [ [ -8.59395, 41.15041 ], [ -8.59179, 41.14991 ], [ -8.59123, 41.14821 ], [ -8.59282, 41.14703 ], [ -8.59498, 41.14753 ], [ -8.59554, 41.14923 ], [ -8.59395, 41.15041 ] ] ] } },
{ "type": "Feature", "properties": { "id": 10, "population": 925, "o_score_pt": 1413.536, "o_score_car": 1492.553, "CDI": 0.027 }, "geometry": { "type": "Polygon", "coordinates": [ [ [ -8.62072, 41.15159 ], [ -8.6184, 41.15105 ], [ -8.6178, 41.14924 ], [ -8.61951, 41.14796 ], [ -8.62184, 41.1485 ], [ -8.62244, 41.15032 ], [ -8.62072, 41.15159 ] ] ] } },
{ "type": "Feature", "properties": { "id": 11, "population": 867, "o_score_pt": 1143.692, "o_score_car": 1407.656, "CDI": 0.103 }, "geometry": { "type": "Polygon", "coordinates": [ [ [ -8.59727, 41.1736 ], [ -8.59498, 41.17307 ], [ -8.59438, 41.17127 ], [ -8.59608, 41.17001 ], [ -8.59837, 41.17055 ], [ -8.59897, 41.17234 ], [ -8.59727, 41.1736 ] ] ] } },
{ "type": "Feature", "properties": { "id": 12, "population": 571, "o_score_pt": 1351.519, "o_score_car": 1500.555, "CDI": 0.052 }, "geometry": { "type": "Polygon", "coordinates": [ [ [ -8.66846, 41.16939 ], [ -8.66633, 41.1689 ], [ -8.66577, 41.16723 ], [ -8.66734, 41.16607 ], [ -8.66947, 41.16656 ], [ -8.67003, 41.16823 ], [ -8.66846, 41.16939 ] ] ] } },
{ "type": "Feature", "properties": { "id": 13, "population": 488, "o_score_pt": 959.962, "o_score_car": 1371.165, "CDI": 0.176 }, "geometry": { "type": "Polygon", "coordinates": [ [ [ -8.60851, 41.17433 ], [ -8.60645, 41.17385 ], [ -8.60591, 41.17223 ], [ -8.60743, 41.1711 ], [ -8.60949, 41.17158 ], [ -8.61003, 41.1732 ], [ -8.60851, 41.17433 ] ] ] } },
{ "type": "Feature", "properties": { "id": 14, "population": 1638, "o_score_pt": 858.298, "o_score_car": 1239.862, "CDI": 0.182 }, "geometry": { "type": "Polygon", "coordinates": [ [ [ -8.56984, 41.16385 ], [ -8.56746, 41.1633 ], [ -8.56684, 41.16143 ], [ -8.56861, 41.16013 ], [ -8.57099, 41.16068 ], [ -8.57161, 41.16254 ], [ -8.56984, 41.16385 ] ] ] } },
{ "type": "Feature", "properties": { "id": 15, "population": 262, "o_score_pt": 1335.266, "o_score_car": 1502.149, "CDI": 0.059 }, "geometry": { "type": "Polygon", "coordinates": [ [ [ -8.67138, 41.17157 ], [ -8.66957, 41.17115 ], [ -8.66909, 41.16971 ], [ -8.67043, 41.16872 ], [ -8.67224, 41.16914 ], [ -8.67272, 41.17058 ], [ -8.67138, 41.17157 ] ] ] } },
{ "type": "Feature", "properties": { "id": 16, "population": 33, "o_score_pt": 842.071, "o_score_car": 1239.888, "CDI": 0.191 }, "geometry": { "type": "Polygon", "coordinates": [ [ [ -8.59466, 41.17893 ], [ -8.59368, 41.1787 ], [ -8.59341, 41.17789 ], [ -8.59412, 41.17736 ], [ -8.5951, 41.17759 ], [ -8.59537, 41.1784 ], [ -8.59466, 41.17893 ] ] ] } },
{ "type": "Feature", "properties": { "id": 17, "population": 1169, "o_score_pt": 1013.164, "o_score_car": 1431.689, "CDI": 0.171 }, "geometry": { "type": "Polygon", "coordinates": [ [ [ -8.63005, 41.17956 ], [ -8.62766, 41.179 ], [ -8.62704, 41.17714 ], [ -8.62881, 41.17584 ], [ -8.63119, 41.17639 ], [ -8.63181, 41.17825 ], [ -8.63005, 41.17956 ] ] ] } },
{ "type": "Feature", "properties": { "id": 18, "population": 40, "o_score_pt": 1034.805, "o_score_car": 1390.753, "CDI": 0.147 }, "geometry": { "type": "Polygon", "coordinates": [ [ [ -8.60597, 41.17989 ], [ -8.60492, 41.17965 ], [ -8.60463, 41.17878 ], [ -8.60539, 41.17821 ], [ -8.60645, 41.17846 ], [ -8.60674, 41.17933 ], [ -8.60597, 41.17989 ] ] ] } },
{ "type": "Feature", "properties": { "id": 19, "population": 1401, "o_score_pt": 945.185, "o_score_car": 1299.243, "CDI": 0.158 }, "geometry": { "type": "Polygon", "coordinates": [ [ [ -8.583, 41.17034 ], [ -8.58061, 41.16979 ], [ -8.57999, 41.16793 ], [ -8.58176, 41.16662 ], [ -8.58414, 41.16718 ], [ -8.58476, 41.16904 ], [ -8.583, 41.17034 ] ] ] } },
{ "type": "Feature", "properties": { "id": 20, "population": 438, "o_score_pt": 1369.967, "o_score_car": 1465.488, "CDI": 0.034 }, "geometry": { "type": "Polygon", "coordinates": [ [ [ -8.65412, 41.16599 ], [ -8.6521, 41.16553 ], [ -8.65157, 41.16394 ], [ -8.65306, 41.16283 ], [ -8.65508, 41.1633 ], [ -8.65561, 41.16489 ], [ -8.65412, 41.16599 ] ] ] } },
{ "type": "Feature", "properties": { "id": 21, "population": 368, "o_score_pt": 1418.708, "o_score_car": 1469.52, "CDI": 0.018 }, "geometry": { "type": "Polygon", "coordinates": [ [ [ -8.63866, 41.16579 ], [ -8.63671, 41.16534 ], [ -8.63619, 41.1638 ], [ -8.63763, 41.16274 ], [ -8.63958, 41.16319 ], [ -8.64009, 41.16473 ], [ -8.63866, 41.16579 ] ] ] } },
{ "type": "Feature", "properties": { "id": 22, "population": 579, "o_score_pt": 1306.096, "o_score_car": 1364.499, "CDI": 0.022 }, "geometry": { "type": "Polygon", "coordinates": [ [ [ -8.59094, 41.14797 ], [ -8.58881, 41.14748 ], [ -8.58825, 41.1458 ], [ -8.58983, 41.14464 ], [ -8.59196, 41.14513 ], [ -8.59251, 41.14681 ], [ -8.59094, 41.14797 ] ] ] } },
{ "type": "Feature", "properties": { "id": 23, "population": 612, "o_score_pt": 1329.266, "o_score_car": 1485.055, "CDI": 0.055 }, "geometry": { "type": "Polygon", "coordinates": [ [ [ -8.62369, 41.15388 ], [ -8.62153, 41.15338 ], [ -8.62097, 41.15169 ], [ -8.62256, 41.15051 ], [ -8.62471, 41.15101 ], [ -8.62528, 41.1527 ], [ -8.62369, 41.15388 ] ] ] } },
{ "type": "Feature", "properties": { "id": 24, "population": 614, "o_score_pt": 1139.289, "o_score_car": 1331.628, "CDI": 0.078 }, "geometry": { "type": "Polygon", "coordinates": [ [ [ -8.59423, 41.17108 ], [ -8.59208, 41.17058 ], [ -8.59152, 41.16889 ], [ -8.59311, 41.16771 ], [ -8.59526, 41.16821 ], [ -8.59583, 41.1699 ], [ -8.59423, 41.17108 ] ] ] } },
{ "type": "Feature", "properties": { "id": 25, "population": 897, "o_score_pt": 1162.241, "o_score_car": 1469.9, "CDI": 0.117 }, "geometry": { "type": "Polygon", "coordinates": [ [ [ -8.63646, 41.17241 ], [ -8.63415, 41.17187 ], [ -8.63355, 41.17007 ], [ -8.63526, 41.1688 ], [ -8.63757, 41.16934 ], [ -8.63817, 41.17114 ], [ -8.63646, 41.17241 ] ] ] } },
{ "type": "Feature", "properties": { "id": 26, "population": 1, "o_score_pt": 899.564, "o_score_car": 1300.692, "CDI": 0.182 }, "geometry": { "type": "Polygon", "coordinates": [ [ [ -8.68222, 41.17108 ], [ -8.68222, 41.17108 ], [ -8.6822, 41.17102 ], [ -8.68222, 41.17108 ] ] ] } },
{ "type": "Feature", "properties": { "id": 27, "population": 359, "o_score_pt": 720.435, "o_score_car": 1208.023, "CDI": 0.253 }, "geometry": { "type": "Polygon", "coordinates": [ [ [ -8.57546, 41.14767 ], [ -8.57352, 41.14722 ], [ -8.57301, 41.14569 ], [ -8.57444, 41.14463 ], [ -8.57638, 41.14508 ], [ -8.57688, 41.14661 ], [ -8.57546, 41.14767 ] ] ] } },
{ "type": "Feature", "properties": { "id": 28, "population": 1103, "o_score_pt": 1204.478, "o_score_car": 1452.448, "CDI": 0.093 }, "geometry": { "type": "Polygon", "coordinates": [ [ [ -8.60073, 41.16416 ], [ -8.59834, 41.16361 ], [ -8.59772, 41.16175 ], [ -8.59949, 41.16044 ], [ -8.60187, 41.16099 ], [ -8.60249, 41.16286 ], [ -8.60073, 41.16416 ] ] ] } },
{ "type": "Feature", "properties": { "id": 29, "population": 776, "o_score_pt": 1262.429, "o_score_car": 1446.135, "CDI": 0.068 }, "geometry": { "type": "Polygon", "coordinates": [ [ [ -8.60598, 41.16014 ], [ -8.60373, 41.15962 ], [ -8.60314, 41.15785 ], [ -8.60481, 41.15662 ], [ -8.60706, 41.15714 ], [ -8.60765, 41.1589 ], [ -8.60598, 41.16014 ] ] ] } },
{ "type": "Feature", "properties": { "id": 30, "population": 336, "o_score_pt": 1194.718, "o_score_car": 1454.563, "CDI": 0.098 }, "geometry": { "type": "Polygon", "coordinates": [ [ [ -8.65565, 41.15082 ], [ -8.65374, 41.15038 ], [ -8.65324, 41.14887 ], [ -8.65465, 41.14782 ], [ -8.65656, 41.14826 ], [ -8.65706, 41.14977 ], [ -8.65565, 41.15082 ] ] ] } },
{ "type": "Feature", "properties": { "id": 31, "population": 786, "o_score_pt": 1093.66, "o_score_car": 1386.072, "CDI": 0.118 }, "geometry": { "type": "Polygon", "coordinates": [ [ [ -8.60556, 41.17206 ], [ -8.6033, 41.17154 ], [ -8.60271, 41.16977 ], [ -8.60438, 41.16854 ], [ -8.60664, 41.16906 ], [ -8.60722, 41.17083 ], [ -8.60556, 41.17206 ] ] ] } },
{ "type": "Feature", "properties": { "id": 32, "population": 559, "o_score_pt": 749.525, "o_score_car": 1222.807, "CDI": 0.24 }, "geometry": { "type": "Polygon", "coordinates": [ [ [ -8.56678, 41.16123 ], [ -8.56466, 41.16074 ], [ -8.56411, 41.15908 ], [ -8.56567, 41.15792 ], [ -8.56779, 41.15841 ], [ -8.56834, 41.16007 ], [ -8.56678, 41.16123 ] ] ] } },
{ "type": "Feature", "properties": { "id": 33, "population": 440, "o_score_pt": 1111.645, "o_score_car": 1325.207, "CDI": 0.088 }, "geometry": { "type": "Polygon", "coordinates": [ [ [ -8.5962, 41.14396 ], [ -8.59418, 41.1435 ], [ -8.59365, 41.1419 ], [ -8.59514, 41.1408 ], [ -8.59716, 41.14127 ], [ -8.59769, 41.14286 ], [ -8.5962, 41.14396 ] ] ] } },
{ "type": "Feature", "properties": { "id": 34, "population": 139, "o_score_pt": 655.602, "o_score_car": 1185.817, "CDI": 0.288 }, "geometry": { "type": "Polygon", "coordinates": [ [ [ -8.56064, 41.15597 ], [ -8.55908, 41.15561 ], [ -8.55867, 41.15436 ], [ -8.55981, 41.15352 ], [ -8.56136, 41.15388 ], [ -8.56178, 41.15512 ], [ -8.56064, 41.15597 ] ] ] } },
{ "type": "Feature", "properties": { "id": 35, "population": 121, "o_score_pt": 1222.257, "o_score_car": 1436.15, "CDI": 0.08 }, "geometry": { "type": "Polygon", "coordinates": [ [ [ -8.65627, 41.15926 ], [ -8.65477, 41.15891 ], [ -8.65437, 41.15771 ], [ -8.65547, 41.15689 ], [ -8.65697, 41.15724 ], [ -8.65737, 41.15844 ], [ -8.65627, 41.15926 ] ] ] } },
{ "type": "Feature", "properties": { "id": 36, "population": 1201, "o_score_pt": 1418.449, "o_score_car": 1452.034, "CDI": 0.012 }, "geometry": { "type": "Polygon", "coordinates": [ [ [ -8.63576, 41.16371 ], [ -8.63338, 41.16316 ], [ -8.63276, 41.1613 ], [ -8.63452, 41.15999 ], [ -8.6369, 41.16054 ], [ -8.63752, 41.1624 ], [ -8.63576, 41.16371 ] ] ] } },
{ "type": "Feature", "properties": { "id": 37, "population": 869, "o_score_pt": 1191.991, "o_score_car": 1401.55, "CDI": 0.081 }, "geometry": { "type": "Polygon", "coordinates": [ [ [ -8.67192, 41.16001 ], [ -8.66962, 41.15948 ], [ -8.66902, 41.15769 ], [ -8.67072, 41.15643 ], [ -8.67302, 41.15696 ], [ -8.67362, 41.15875 ], [ -8.67192, 41.16001 ] ] ] } },
{ "type": "Feature", "properties": { "id": 38, "population": 634, "o_score_pt": 1472.86, "o_score_car": 1456.299, "CDI": -0.006 }, "geometry": { "type": "Polygon", "coordinates": [ [ [ -8.60525, 41.15132 ], [ -8.60308, 41.15082 ], [ -8.60251, 41.14912 ], [ -8.60411, 41.14793 ], [ -8.60628, 41.14843 ], [ -8.60685, 41.15014 ], [ -8.60525, 41.15132 ] ] ] } },
{ "type": "Feature", "properties": { "id": 39, "population": 158, "o_score_pt": 687.85, "o_score_car": 1242.011, "CDI": 0.287 }, "geometry": { "type": "Polygon", "coordinates": [ [ [ -8.56922, 41.17517 ], [ -8.56761, 41.1748 ], [ -8.56719, 41.17352 ], [ -8.56837, 41.17264 ], [ -8.56997, 41.17302 ], [ -8.5704, 41.1743 ], [ -8.56922, 41.17517 ] ] ] } },
{ "type": "Feature", "properties": { "id": 40, "population": 169, "o_score_pt": 1042.685, "o_score_car": 1427.514, "CDI": 0.156 }, "geometry": { "type": "Polygon", "coordinates": [ [ [ -8.62385, 41.17415 ], [ -8.62222, 41.17377 ], [ -8.62178, 41.17247 ], [ -8.62298, 41.17158 ], [ -8.62462, 41.17196 ], [ -8.62505, 41.17326 ], [ -8.62385, 41.17415 ] ] ] } },
{ "type": "Feature", "properties": { "id": 41, "population": 473, "o_score_pt": 1340.807, "o_score_car": 1461.967, "CDI": 0.043 }, "geometry": { "type": "Polygon", "coordinates": [ [ [ -8.65786, 41.17719 ], [ -8.65581, 41.17671 ], [ -8.65527, 41.1751 ], [ -8.65678, 41.17398 ], [ -8.65883, 41.17445 ], [ -8.65937, 41.17606 ], [ -8.65786, 41.17719 ] ] ] } },
{ "type": "Feature", "properties": { "id": 42, "population": 188, "o_score_pt": 757.118, "o_score_car": 1234.376, "CDI": 0.24 }, "geometry": { "type": "Polygon", "coordinates": [ [ [ -8.57939, 41.17931 ], [ -8.57771, 41.17892 ], [ -8.57727, 41.17758 ], [ -8.5785, 41.17667 ], [ -8.58018, 41.17706 ], [ -8.58062, 41.17839 ], [ -8.57939, 41.17931 ] ] ] } },
{ "type": "Feature", "properties": { "id": 43, "population": 805, "o_score_pt": 1158.448, "o_score_car": 1329.742, "CDI": 0.069 }, "geometry": { "type": "Polygon", "coordinates": [ [ [ -8.59283, 41.15366 ], [ -8.59057, 41.15313 ], [ -8.58998, 41.15136 ], [ -8.59165, 41.15012 ], [ -8.59392, 41.15064 ], [ -8.59451, 41.15242 ], [ -8.59283, 41.15366 ] ] ] } },
{ "type": "Feature", "properties": { "id": 44, "population": 2, "o_score_pt": 1064.901, "o_score_car": 1303.852, "CDI": 0.101 }, "geometry": { "type": "Polygon", "coordinates": [ [ [ -8.67921, 41.16867 ], [ -8.67921, 41.16867 ], [ -8.67919, 41.16861 ], [ -8.67921, 41.16867 ] ] ] } },
{ "type": "Feature", "properties": { "id": 45, "population": 730, "o_score_pt": 1231.13, "o_score_car": 1462.405, "CDI": 0.086 }, "geometry": { "type": "Polygon", "coordinates": [ [ [ -8.60297, 41.1577 ], [ -8.60075, 41.15719 ], [ -8.60017, 41.15544 ], [ -8.60181, 41.15422 ], [ -8.60404, 41.15474 ], [ -8.60462, 41.15648 ], [ -8.60297, 41.1577 ] ] ] } },
{ "type": "Feature", "properties": { "id": 46, "population": 636, "o_score_pt": 1062.646, "o_score_car": 1454.22, "CDI": 0.156 }, "geometry": { "type": "Polygon", "coordinates": [ [ [ -8.61984, 41.17532 ], [ -8.61767, 41.17482 ], [ -8.6171, 41.17311 ], [ -8.6187, 41.17192 ], [ -8.62087, 41.17243 ], [ -8.62144, 41.17413 ], [ -8.61984, 41.17532 ] ] ] } },
{ "type": "Feature", "properties": { "id": 47, "population": 30, "o_score_pt": 728.393, "o_score_car": 1261.825, "CDI": 0.268 }, "geometry": { "type": "Polygon", "coordinates": [ [ [ -8.59293, 41.14072 ], [ -8.59199, 41.1405 ], [ -8.59173, 41.13972 ], [ -8.59241, 41.13921 ], [ -8.59335, 41.13943 ], [ -8.59361, 41.14022 ], [ -8.59293, 41.14072 ] ] ] } },
{ "type": "Feature", "properties": { "id": 48, "population": 218, "o_score_pt": 1130.312, "o_score_car": 1327.261, "CDI": 0.08 }, "geometry": { "type": "Polygon", "coordinates": [ [ [ -8.64119, 41.17997 ], [ -8.63945, 41.17956 ], [ -8.63899, 41.17819 ], [ -8.64027, 41.17724 ], [ -8.64201, 41.17764 ], [ -8.64247, 41.17902 ], [ -8.64119, 41.17997 ] ] ] } },
{ "type": "Feature", "properties": { "id": 49, "population": 508, "o_score_pt": 1188.062, "o_score_car": 1479.004, "CDI": 0.109 }, "geometry": { "type": "Polygon", "coordinates": [ [ [ -8.6331, 41.14914 ], [ -8.63102, 41.14866 ], [ -8.63048, 41.14703 ], [ -8.63201, 41.14589 ], [ -8.63409, 41.14637 ], [ -8.63464, 41.148 ], [ -8.6331, 41.14914 ] ] ] } },
{ "type": "Feature", "properties": { "id": 50, "population": 129, "o_score_pt": 602.137, "o_score_car": 1112.664, "CDI": 0.298 }, "geometry": { "type": "Polygon", "coordinates": [ [ [ -8.55763, 41.15353 ], [ -8.5561, 41.15317 ], [ -8.5557, 41.15195 ], [ -8.55682, 41.15112 ], [ -8.55834, 41.15148 ], [ -8.55875, 41.1527 ], [ -8.55763, 41.15353 ] ] ] } },
{ "type": "Feature", "properties": { "id": 51, "population": 263, "o_score_pt": 917.063, "o_score_car": 1360.13, "CDI": 0.195 }, "geometry": { "type": "Polygon", "coordinates": [ [ [ -8.61746, 41.18138 ], [ -8.61565, 41.18096 ], [ -8.61517, 41.17953 ], [ -8.61651, 41.17854 ], [ -8.61832, 41.17896 ], [ -8.6188, 41.18039 ], [ -8.61746, 41.18138 ] ] ] } },
{ "type": "Feature", "properties": { "id": 52, "population": 1412, "o_score_pt": 1445.522, "o_score_car": 1498.477, "CDI": 0.018 }, "geometry": { "type": "Polygon", "coordinates": [ [ [ -8.65006, 41.16703 ], [ -8.64768, 41.16648 ], [ -8.64706, 41.16462 ], [ -8.64882, 41.16331 ], [ -8.65121, 41.16386 ], [ -8.65183, 41.16572 ], [ -8.65006, 41.16703 ] ] ] } },
{ "type": "Feature", "properties": { "id": 53, "population": 1187, "o_score_pt": 1387.146, "o_score_car": 1386.913, "CDI": -0.0 }, "geometry": { "type": "Polygon", "coordinates": [ [ [ -8.6023, 41.14907 ], [ -8.59991, 41.14852 ], [ -8.59929, 41.14666 ], [ -8.60106, 41.14535 ], [ -8.60344, 41.1459 ], [ -8.60406, 41.14777 ], [ -8.6023, 41.14907 ] ] ] } },
{ "type": "Feature", "properties": { "id": 54, "population": 317, "o_score_pt": 1066.409, "o_score_car": 1338.049, "CDI": 0.113 }, "geometry": { "type": "Polygon", "coordinates": [ [ [ -8.58216, 41.16121 ], [ -8.58027, 41.16077 ], [ -8.57978, 41.15928 ], [ -8.58117, 41.15825 ], [ -8.58305, 41.15869 ], [ -8.58355, 41.16018 ], [ -8.58216, 41.16121 ] ] ] } },
{ "type": "Feature", "properties": { "id": 55, "population": 883, "o_score_pt": 1360.293, "o_score_car": 1484.953, "CDI": 0.044 }, "geometry": { "type": "Polygon", "coordinates": [ [ [ -8.6263, 41.16833 ], [ -8.624, 41.16779 ], [ -8.6234, 41.16599 ], [ -8.6251, 41.16473 ], [ -8.62741, 41.16526 ], [ -8.62801, 41.16707 ], [ -8.6263, 41.16833 ] ] ] } },
{ "type": "Feature", "properties": { "id": 56, "population": 227, "o_score_pt": 1311.325, "o_score_car": 1404.264, "CDI": 0.034 }, "geometry": { "type": "Polygon", "coordinates": [ [ [ -8.64762, 41.17289 ], [ -8.64587, 41.17248 ], [ -8.64541, 41.17109 ], [ -8.6467, 41.17013 ], [ -8.64845, 41.17054 ], [ -8.64891, 41.17193 ], [ -8.64762, 41.17289 ] ] ] } },
{ "type": "Feature", "properties": { "id": 57, "population": 130, "o_score_pt": 841.275, "o_score_car": 1241.82, "CDI": 0.192 }, "geometry": { "type": "Polygon", "coordinates": [ [ [ -8.57635, 41.17678 ], [ -8.57482, 41.17642 ], [ -8.57441, 41.1752 ], [ -8.57553, 41.17437 ], [ -8.57706, 41.17472 ], [ -8.57747, 41.17594 ], [ -8.57635, 41.17678 ] ] ] } },
{ "type": "Feature", "properties": { "id": 58, "population": 444, "o_score_pt": 1203.78, "o_score_car": 1472.339, "CDI": 0.1 }, "geometry": { "type": "Polygon", "coordinates": [ [ [ -8.67299, 41.15664 ], [ -8.67097, 41.15617 ], [ -8.67044, 41.15457 ], [ -8.67193, 41.15346 ], [ -8.67396, 41.15393 ], [ -8.67449, 41.15553 ], [ -8.67299, 41.15664 ] ] ] } },
{ "type": "Feature", "properties": { "id": 59, "population": 255, "o_score_pt": 1322.693, "o_score_car": 1518.506, "CDI": 0.069 }, "geometry": { "type": "Polygon", "coordinates": [ [ [ -8.63375, 41.15768 ], [ -8.63195, 41.15726 ], [ -8.63148, 41.15584 ], [ -8.6328, 41.15485 ], [ -8.6346, 41.15527 ], [ -8.63508, 41.1567 ], [ -8.63375, 41.15768 ] ] ] } },
{ "type": "Feature", "properties": { "id": 60, "population": 239, "o_score_pt": 1080.517, "o_score_car": 1384.064, "CDI": 0.123 }, "geometry": { "type": "Polygon", "coordinates": [ [ [ -8.58813, 41.16595 ], [ -8.58636, 41.16554 ], [ -8.58589, 41.16414 ], [ -8.5872, 41.16317 ], [ -8.58897, 41.16358 ], [ -8.58944, 41.16499 ], [ -8.58813, 41.16595 ] ] ] } },
{ "type": "Feature", "properties": { "id": 61, "population": 873, "o_score_pt": 1095.301, "o_score_car": 1419.806, "CDI": 0.129 }, "geometry": { "type": "Polygon", "coordinates": [ [ [ -8.61686, 41.173 ], [ -8.61457, 41.17247 ], [ -8.61397, 41.17067 ], [ -8.61567, 41.16941 ], [ -8.61797, 41.16995 ], [ -8.61856, 41.17174 ], [ -8.61686, 41.173 ] ] ] } },
{ "type": "Feature", "properties": { "id": 62, "population": 743, "o_score_pt": 1248.271, "o_score_car": 1413.441, "CDI": 0.062 }, "geometry": { "type": "Polygon", "coordinates": [ [ [ -8.60755, 41.14503 ], [ -8.60531, 41.14452 ], [ -8.60473, 41.14277 ], [ -8.60638, 41.14154 ], [ -8.60861, 41.14206 ], [ -8.6092, 41.14381 ], [ -8.60755, 41.14503 ] ] ] } },
{ "type": "Feature", "properties": { "id": 63, "population": 1415, "o_score_pt": 1183.609, "o_score_car": 1436.315, "CDI": 0.096 }, "geometry": { "type": "Polygon", "coordinates": [ [ [ -8.61088, 41.16824 ], [ -8.60849, 41.16769 ], [ -8.60787, 41.16582 ], [ -8.60964, 41.16452 ], [ -8.61202, 41.16507 ], [ -8.61264, 41.16693 ], [ -8.61088, 41.16824 ] ] ] } },
{ "type": "Feature", "properties": { "id": 64, "population": 177, "o_score_pt": 742.615, "o_score_car": 1242.266, "CDI": 0.252 }, "geometry": { "type": "Polygon", "coordinates": [ [ [ -8.57195, 41.15695 ], [ -8.5703, 41.15657 ], [ -8.56986, 41.15525 ], [ -8.57108, 41.15435 ], [ -8.57273, 41.15474 ], [ -8.57317, 41.15605 ], [ -8.57195, 41.15695 ] ] ] } },
{ "type": "Feature", "properties": { "id": 65, "population": 794, "o_score_pt": 1428.044, "o_score_car": 1532.887, "CDI": 0.035 }, "geometry": { "type": "Polygon", "coordinates": [ [ [ -8.64703, 41.16452 ], [ -8.64477, 41.164 ], [ -8.64418, 41.16223 ], [ -8.64585, 41.16099 ], [ -8.64811, 41.16151 ], [ -8.6487, 41.16328 ], [ -8.64703, 41.16452 ] ] ] } },
{ "type": "Feature", "properties": { "id": 66, "population": 236, "o_score_pt": 1014.536, "o_score_car": 1307.423, "CDI": 0.126 }, "geometry": { "type": "Polygon", "coordinates": [ [ [ -8.58742, 41.1572 ], [ -8.58565, 41.15679 ], [ -8.58518, 41.15539 ], [ -8.58649, 41.15442 ], [ -8.58825, 41.15483 ], [ -8.58872, 41.15623 ], [ -8.58742, 41.1572 ] ] ] } },
{ "type": "Feature", "properties": { "id": 67, "population": 181, "o_score_pt": 955.505, "o_score_car": 1393.864, "CDI": 0.187 }, "geometry": { "type": "Polygon", "coordinates": [ [ [ -8.68607, 41.16284 ], [ -8.68441, 41.16246 ], [ -8.68397, 41.16113 ], [ -8.68519, 41.16023 ], [ -8.68685, 41.16061 ], [ -8.68729, 41.16193 ], [ -8.68607, 41.16284 ] ] ] } },
{ "type": "Feature", "properties": { "id": 68, "population": 834, "o_score_pt": 1116.816, "o_score_car": 1399.701, "CDI": 0.112 }, "geometry": { "type": "Polygon", "coordinates": [ [ [ -8.66922, 41.17826 ], [ -8.66694, 41.17774 ], [ -8.66634, 41.17595 ], [ -8.66803, 41.1747 ], [ -8.67031, 41.17523 ], [ -8.6709, 41.17701 ], [ -8.66922, 41.17826 ] ] ] } },
{ "type": "Feature", "properties": { "id": 69, "population": 706, "o_score_pt": 934.018, "o_score_car": 1274.16, "CDI": 0.154 }, "geometry": { "type": "Polygon", "coordinates": [ [ [ -8.57924, 41.15905 ], [ -8.57703, 41.15853 ], [ -8.57645, 41.1568 ], [ -8.57808, 41.15559 ], [ -8.5803, 41.1561 ], [ -8.58087, 41.15783 ], [ -8.57924, 41.15905 ] ] ] } },
{ "type": "Feature", "properties": { "id": 70, "population": 119, "o_score_pt": 844.526, "o_score_car": 1274.229, "CDI": 0.203 }, "geometry": { "type": "Polygon", "coordinates": [ [ [ -8.59064, 41.18007 ], [ -8.58914, 41.17973 ], [ -8.58875, 41.17853 ], [ -8.58984, 41.17772 ], [ -8.59133, 41.17807 ], [ -8.59173, 41.17926 ], [ -8.59064, 41.18007 ] ] ] } },
{ "type": "Feature", "properties": { "id": 71, "population": 908, "o_score_pt": 948.734, "o_score_car": 1358.294, "CDI": 0.178 }, "geometry": { "type": "Polygon", "coordinates": [ [ [ -8.58598, 41.17271 ], [ -8.58367, 41.17217 ], [ -8.58306, 41.17036 ], [ -8.58478, 41.16909 ], [ -8.58709, 41.16963 ], [ -8.58769, 41.17144 ], [ -8.58598, 41.17271 ] ] ] } },
{ "type": "Feature", "properties": { "id": 72, "population": 608, "o_score_pt": 1135.953, "o_score_car": 1455.862, "CDI": 0.123 }, "geometry": { "type": "Polygon", "coordinates": [ [ [ -8.67002, 41.15432 ], [ -8.66787, 41.15382 ], [ -8.6673, 41.15213 ], [ -8.66889, 41.15095 ], [ -8.67104, 41.15145 ], [ -8.67161, 41.15314 ], [ -8.67002, 41.15432 ] ] ] } },
{ "type": "Feature", "properties": { "id": 73, "population": 300, "o_score_pt": 1052.869, "o_score_car": 1311.233, "CDI": 0.109 }, "geometry": { "type": "Polygon", "coordinates": [ [ [ -8.58516, 41.16361 ], [ -8.58329, 41.16318 ], [ -8.5828, 41.1617 ], [ -8.58417, 41.16068 ], [ -8.58604, 41.16112 ], [ -8.58653, 41.16259 ], [ -8.58516, 41.16361 ] ] ] } },
{ "type": "Feature", "properties": { "id": 74, "population": 191, "o_score_pt": 1451.69, "o_score_car": 1453.868, "CDI": 0.001 }, "geometry": { "type": "Polygon", "coordinates": [ [ [ -8.61756, 41.14869 ], [ -8.61588, 41.1483 ], [ -8.61543, 41.14696 ], [ -8.61667, 41.14604 ], [ -8.61835, 41.14643 ], [ -8.6188, 41.14777 ], [ -8.61756, 41.14869 ] ] ] } },
{ "type": "Feature", "properties": { "id": 75, "population": 192, "o_score_pt": 1453.621, "o_score_car": 1481.295, "CDI": 0.009 }, "geometry": { "type": "Polygon", "coordinates": [ [ [ -8.60927, 41.1502 ], [ -8.60759, 41.14981 ], [ -8.60714, 41.14847 ], [ -8.60838, 41.14755 ], [ -8.61006, 41.14794 ], [ -8.61051, 41.14928 ], [ -8.60927, 41.1502 ] ] ] } },
{ "type": "Feature", "properties": { "id": 76, "population": 460, "o_score_pt": 1083.166, "o_score_car": 1400.288, "CDI": 0.128 }, "geometry": { "type": "Polygon", "coordinates": [ [ [ -8.68503, 41.1663 ], [ -8.68298, 41.16583 ], [ -8.68245, 41.16422 ], [ -8.68395, 41.16311 ], [ -8.68599, 41.16358 ], [ -8.68653, 41.16518 ], [ -8.68503, 41.1663 ] ] ] } },
{ "type": "Feature", "properties": { "id": 77, "population": 633, "o_score_pt": 1340.662, "o_score_car": 1477.151, "CDI": 0.048 }, "geometry": { "type": "Polygon", "coordinates": [ [ [ -8.6154, 41.1554 ], [ -8.61323, 41.15489 ], [ -8.61266, 41.15319 ], [ -8.61426, 41.15201 ], [ -8.61643, 41.15251 ], [ -8.617, 41.15421 ], [ -8.6154, 41.1554 ] ] ] } },
{ "type": "Feature", "properties": { "id": 78, "population": 243, "o_score_pt": 1029.389, "o_score_car": 1403.123, "CDI": 0.154 }, "geometry": { "type": "Polygon", "coordinates": [ [ [ -8.66806, 41.14845 ], [ -8.66628, 41.14804 ], [ -8.66581, 41.14663 ], [ -8.66712, 41.14565 ], [ -8.6689, 41.14607 ], [ -8.66937, 41.14748 ], [ -8.66806, 41.14845 ] ] ] } },
{ "type": "Feature", "properties": { "id": 79, "population": 25, "o_score_pt": 814.501, "o_score_car": 1240.419, "CDI": 0.207 }, "geometry": { "type": "Polygon", "coordinates": [ [ [ -8.57819, 41.14926 ], [ -8.57732, 41.14906 ], [ -8.57708, 41.14833 ], [ -8.5777, 41.14786 ], [ -8.57858, 41.14807 ], [ -8.57882, 41.1488 ], [ -8.57819, 41.14926 ] ] ] } },
{ "type": "Feature", "properties": { "id": 80, "population": 1225, "o_score_pt": 1187.832, "o_score_car": 1418.63, "CDI": 0.089 }, "geometry": { "type": "Polygon", "coordinates": [ [ [ -8.60373, 41.16658 ], [ -8.60134, 41.16602 ], [ -8.60073, 41.16416 ], [ -8.60249, 41.16286 ], [ -8.60487, 41.16341 ], [ -8.60549, 41.16527 ], [ -8.60373, 41.16658 ] ] ] } },
{ "type": "Feature", "properties": { "id": 81, "population": 1134, "o_score_pt": 1221.098, "o_score_car": 1412.38, "CDI": 0.073 }, "geometry": { "type": "Polygon", "coordinates": [ [ [ -8.60787, 41.16582 ], [ -8.60549, 41.16527 ], [ -8.60487, 41.16341 ], [ -8.60663, 41.1621 ], [ -8.60902, 41.16266 ], [ -8.60964, 41.16452 ], [ -8.60787, 41.16582 ] ] ] } },
{ "type": "Feature", "properties": { "id": 82, "population": 1028, "o_score_pt": 696.669, "o_score_car": 1190.263, "CDI": 0.262 }, "geometry": { "type": "Polygon", "coordinates": [ [ [ -8.56913, 41.15508 ], [ -8.56676, 41.15453 ], [ -8.56615, 41.15269 ], [ -8.5679, 41.15139 ], [ -8.57026, 41.15194 ], [ -8.57088, 41.15379 ], [ -8.56913, 41.15508 ] ] ] } },
{ "type": "Feature", "properties": { "id": 83, "population": 420, "o_score_pt": 996.81, "o_score_car": 1380.567, "CDI": 0.161 }, "geometry": { "type": "Polygon", "coordinates": [ [ [ -8.67828, 41.15269 ], [ -8.67627, 41.15223 ], [ -8.67575, 41.15065 ], [ -8.67722, 41.14955 ], [ -8.67923, 41.15002 ], [ -8.67975, 41.15159 ], [ -8.67828, 41.15269 ] ] ] } },
{ "type": "Feature", "properties": { "id": 84, "population": 239, "o_score_pt": 1025.619, "o_score_car": 1362.662, "CDI": 0.141 }, "geometry": { "type": "Polygon", "coordinates": [ [ [ -8.67521, 41.1501 ], [ -8.67344, 41.14969 ], [ -8.67297, 41.14829 ], [ -8.67427, 41.14732 ], [ -8.67605, 41.14773 ], [ -8.67652, 41.14913 ], [ -8.67521, 41.1501 ] ] ] } },
{ "type": "Feature", "properties": { "id": 85, "population": 168, "o_score_pt": 1032.333, "o_score_car": 1319.288, "CDI": 0.122 }, "geometry": { "type": "Polygon", "coordinates": [ [ [ -8.58438, 41.15468 ], [ -8.58275, 41.1543 ], [ -8.58232, 41.153 ], [ -8.58352, 41.15211 ], [ -8.58515, 41.15249 ], [ -8.58558, 41.15379 ], [ -8.58438, 41.15468 ] ] ] } },
{ "type": "Feature", "properties": { "id": 86, "population": 190, "o_score_pt": 1092.537, "o_score_car": 1415.55, "CDI": 0.129 }, "geometry": { "type": "Polygon", "coordinates": [ [ [ -8.63216, 41.17268 ], [ -8.63048, 41.17229 ], [ -8.63003, 41.17095 ], [ -8.63127, 41.17004 ], [ -8.63295, 41.17043 ], [ -8.63339, 41.17176 ], [ -8.63216, 41.17268 ] ] ] } },
{ "type": "Feature", "properties": { "id": 87, "population": 443, "o_score_pt": 1316.937, "o_score_car": 1494.333, "CDI": 0.063 }, "geometry": { "type": "Polygon", "coordinates": [ [ [ -8.6421, 41.15634 ], [ -8.64008, 41.15587 ], [ -8.63955, 41.15428 ], [ -8.64104, 41.15317 ], [ -8.64306, 41.15364 ], [ -8.64359, 41.15523 ], [ -8.6421, 41.15634 ] ] ] } },
{ "type": "Feature", "properties": { "id": 88, "population": 349, "o_score_pt": 1294.42, "o_score_car": 1519.721, "CDI": 0.08 }, "geometry": { "type": "Polygon", "coordinates": [ [ [ -8.63793, 41.15702 ], [ -8.636, 41.15658 ], [ -8.6355, 41.15506 ], [ -8.63692, 41.154 ], [ -8.63884, 41.15445 ], [ -8.63935, 41.15597 ], [ -8.63793, 41.15702 ] ] ] } },
{ "type": "Feature", "properties": { "id": 89, "population": 1301, "o_score_pt": 881.254, "o_score_car": 1307.011, "CDI": 0.195 }, "geometry": { "type": "Polygon", "coordinates": [ [ [ -8.58786, 41.17834 ], [ -8.58547, 41.17779 ], [ -8.58485, 41.17593 ], [ -8.58662, 41.17462 ], [ -8.589, 41.17517 ], [ -8.58962, 41.17704 ], [ -8.58786, 41.17834 ] ] ] } },
{ "type": "Feature", "properties": { "id": 90, "population": 1107, "o_score_pt": 1344.327, "o_score_car": 1413.601, "CDI": 0.025 }, "geometry": { "type": "Polygon", "coordinates": [ [ [ -8.59958, 41.16733 ], [ -8.5972, 41.16678 ], [ -8.59658, 41.16492 ], [ -8.59834, 41.16361 ], [ -8.60073, 41.16416 ], [ -8.60134, 41.16602 ], [ -8.59958, 41.16733 ] ] ] } },
{ "type": "Feature", "properties": { "id": 91, "population": 1517, "o_score_pt": 1043.92, "o_score_car": 1431.461, "CDI": 0.157 }, "geometry": { "type": "Polygon", "coordinates": [ [ [ -8.62704, 41.17714 ], [ -8.62466, 41.17659 ], [ -8.62404, 41.17473 ], [ -8.6258, 41.17342 ], [ -8.62818, 41.17397 ], [ -8.62881, 41.17584 ], [ -8.62704, 41.17714 ] ] ] } },
{ "type": "Feature", "properties": { "id": 92, "population": 111, "o_score_pt": 899.864, "o_score_car": 1251.924, "CDI": 0.164 }, "geometry": { "type": "Polygon", "coordinates": [ [ [ -8.58363, 41.1458 ], [ -8.58216, 41.14546 ], [ -8.58177, 41.14428 ], [ -8.58285, 41.14349 ], [ -8.58431, 41.14383 ], [ -8.5847, 41.145 ], [ -8.58363, 41.1458 ] ] ] } },
{ "type": "Feature", "properties": { "id": 93, "population": 869, "o_score_pt": 1360.36, "o_score_car": 1424.338, "CDI": 0.023 }, "geometry": { "type": "Polygon", "coordinates": [ [ [ -8.61471, 41.14674 ], [ -8.61242, 41.14621 ], [ -8.61182, 41.14441 ], [ -8.61351, 41.14315 ], [ -8.61581, 41.14369 ], [ -8.61641, 41.14548 ], [ -8.61471, 41.14674 ] ] ] } },
{ "type": "Feature", "properties": { "id": 94, "population": 890, "o_score_pt": 856.167, "o_score_car": 1306.253, "CDI": 0.208 }, "geometry": { "type": "Polygon", "coordinates": [ [ [ -8.58183, 41.17345 ], [ -8.57953, 41.17292 ], [ -8.57893, 41.17111 ], [ -8.58063, 41.16985 ], [ -8.58294, 41.17039 ], [ -8.58354, 41.17219 ], [ -8.58183, 41.17345 ] ] ] } },
{ "type": "Feature", "properties": { "id": 95, "population": 465, "o_score_pt": 988.821, "o_score_car": 1318.013, "CDI": 0.143 }, "geometry": { "type": "Polygon", "coordinates": [ [ [ -8.68202, 41.16389 ], [ -8.67997, 41.16342 ], [ -8.67944, 41.16181 ], [ -8.68094, 41.16069 ], [ -8.68299, 41.16116 ], [ -8.68353, 41.16277 ], [ -8.68202, 41.16389 ] ] ] } },
{ "type": "Feature", "properties": { "id": 96, "population": 0, "o_score_pt": 29.428, "o_score_car": 1394.207, "CDI": 0.959 }, "geometry": { "type": "Polygon", "coordinates": [ [ [ -8.6646, 41.14468 ], [ -8.6646, 41.14468 ], [ -8.66458, 41.14461 ], [ -8.6646, 41.14468 ] ] ] } },
{ "type": "Feature", "properties": { "id": 97, "population": 1324, "o_score_pt": 1229.251, "o_score_car": 1469.995, "CDI": 0.089 }, "geometry": { "type": "Polygon", "coordinates": [ [ [ -8.62218, 41.16915 ], [ -8.61979, 41.16859 ], [ -8.61917, 41.16673 ], [ -8.62094, 41.16542 ], [ -8.62332, 41.16598 ], [ -8.62394, 41.16784 ], [ -8.62218, 41.16915 ] ] ] } },
{ "type": "Feature", "properties": { "id": 98, "population": 1685, "o_score_pt": 1100.148, "o_score_car": 1383.122, "CDI": 0.114 }, "geometry": { "type": "Polygon", "coordinates": [ [ [ -8.59887, 41.15858 ], [ -8.59648, 41.15803 ], [ -8.59586, 41.15616 ], [ -8.59763, 41.15486 ], [ -8.60001, 41.15541 ], [ -8.60063, 41.15727 ], [ -8.59887, 41.15858 ] ] ] } },
{ "type": "Feature", "properties": { "id": 99, "population": 1114, "o_score_pt": 1176.94, "o_score_car": 1426.228, "CDI": 0.096 }, "geometry": { "type": "Polygon", "coordinates": [ [ [ -8.62933, 41.17081 ], [ -8.62694, 41.17025 ], [ -8.62632, 41.16839 ], [ -8.62809, 41.16708 ], [ -8.63047, 41.16764 ], [ -8.63109, 41.1695 ], [ -8.62933, 41.17081 ] ] ] } },
{ "type": "Feature", "properties": { "id": 100, "population": 1121, "o_score_pt": 1153.593, "o_score_car": 1314.93, "CDI": 0.065 }, "geometry": { "type": "Polygon", "coordinates": [ [ [ -8.59658, 41.16492 ], [ -8.5942, 41.16436 ], [ -8.59358, 41.1625 ], [ -8.59534, 41.16119 ], [ -8.59772, 41.16175 ], [ -8.59834, 41.16361 ], [ -8.59658, 41.16492 ] ] ] } },
{ "type": "Feature", "properties": { "id": 101, "population": 703, "o_score_pt": 1316.261, "o_score_car": 1413.241, "CDI": 0.036 }, "geometry": { "type": "Polygon", "coordinates": [ [ [ -8.62899, 41.15 ], [ -8.62678, 41.14948 ], [ -8.6262, 41.14775 ], [ -8.62783, 41.14654 ], [ -8.63004, 41.14705 ], [ -8.63062, 41.14879 ], [ -8.62899, 41.15 ] ] ] } },
{ "type": "Feature", "properties": { "id": 102, "population": 1608, "o_score_pt": 1479.349, "o_score_car": 1517.975, "CDI": 0.013 }, "geometry": { "type": "Polygon", "coordinates": [ [ [ -8.66022, 41.1711 ], [ -8.65784, 41.17055 ], [ -8.65722, 41.16869 ], [ -8.65898, 41.16738 ], [ -8.66137, 41.16793 ], [ -8.66199, 41.16979 ], [ -8.66022, 41.1711 ] ] ] } },
{ "type": "Feature", "properties": { "id": 103, "population": 397, "o_score_pt": 909.101, "o_score_car": 1279.574, "CDI": 0.169 }, "geometry": { "type": "Polygon", "coordinates": [ [ [ -8.57875, 41.17079 ], [ -8.57677, 41.17033 ], [ -8.57625, 41.16877 ], [ -8.57771, 41.16768 ], [ -8.57969, 41.16815 ], [ -8.58021, 41.1697 ], [ -8.57875, 41.17079 ] ] ] } },
{ "type": "Feature", "properties": { "id": 104, "population": 1267, "o_score_pt": 1321.243, "o_score_car": 1481.492, "CDI": 0.057 }, "geometry": { "type": "Polygon", "coordinates": [ [ [ -8.66738, 41.17276 ], [ -8.66499, 41.17221 ], [ -8.66437, 41.17035 ], [ -8.66613, 41.16904 ], [ -8.66852, 41.16959 ], [ -8.66914, 41.17145 ], [ -8.66738, 41.17276 ] ] ] } },
{ "type": "Feature", "properties": { "id": 105, "population": 493, "o_score_pt": 1456.378, "o_score_car": 1522.053, "CDI": 0.022 }, "geometry": { "type": "Polygon", "coordinates": [ [ [ -8.62667, 41.15623 ], [ -8.6246, 41.15575 ], [ -8.62406, 41.15412 ], [ -8.62558, 41.15299 ], [ -8.62765, 41.15347 ], [ -8.62819, 41.15509 ], [ -8.62667, 41.15623 ] ] ] } },
{ "type": "Feature", "properties": { "id": 106, "population": 1356, "o_score_pt": 1243.838, "o_score_car": 1476.632, "CDI": 0.086 }, "geometry": { "type": "Polygon", "coordinates": [ [ [ -8.65048, 41.15511 ], [ -8.6481, 41.15455 ], [ -8.64748, 41.15269 ], [ -8.64924, 41.15138 ], [ -8.65163, 41.15194 ], [ -8.65225, 41.1538 ], [ -8.65048, 41.15511 ] ] ] } },
{ "type": "Feature", "properties": { "id": 107, "population": 136, "o_score_pt": 799.628, "o_score_car": 1249.535, "CDI": 0.22 }, "geometry": { "type": "Polygon", "coordinates": [ [ [ -8.57307, 41.1537 ], [ -8.57152, 41.15334 ], [ -8.57111, 41.15211 ], [ -8.57225, 41.15127 ], [ -8.57379, 41.15163 ], [ -8.5742, 41.15286 ], [ -8.57307, 41.1537 ] ] ] } },
{ "type": "Feature", "properties": { "id": 108, "population": 1233, "o_score_pt": 1281.051, "o_score_car": 1505.665, "CDI": 0.081 }, "geometry": { "type": "Polygon", "coordinates": [ [ [ -8.61202, 41.16507 ], [ -8.60964, 41.16452 ], [ -8.60902, 41.16266 ], [ -8.61078, 41.16135 ], [ -8.61316, 41.1619 ], [ -8.61378, 41.16376 ], [ -8.61202, 41.16507 ] ] ] } },
{ "type": "Feature", "properties": { "id": 109, "population": 1315, "o_score_pt": 1217.996, "o_score_car": 1455.443, "CDI": 0.089 }, "geometry": { "type": "Polygon", "coordinates": [ [ [ -8.61917, 41.16673 ], [ -8.61679, 41.16618 ], [ -8.61617, 41.16432 ], [ -8.61793, 41.16301 ], [ -8.62031, 41.16356 ], [ -8.62094, 41.16542 ], [ -8.61917, 41.16673 ] ] ] } },
{ "type": "Feature", "properties": { "id": 110, "population": 49, "o_score_pt": 1031.224, "o_score_car": 1387.356, "CDI": 0.147 }, "geometry": { "type": "Polygon", "coordinates": [ [ [ -8.60299, 41.17754 ], [ -8.60185, 41.17728 ], [ -8.60154, 41.17635 ], [ -8.60237, 41.17573 ], [ -8.60351, 41.176 ], [ -8.60382, 41.17693 ], [ -8.60299, 41.17754 ] ] ] } },
{ "type": "Feature", "properties": { "id": 111, "population": 600, "o_score_pt": 1342.738, "o_score_car": 1406.053, "CDI": 0.023 }, "geometry": { "type": "Polygon", "coordinates": [ [ [ -8.61954, 41.15463 ], [ -8.61739, 41.15413 ], [ -8.61683, 41.15244 ], [ -8.61842, 41.15127 ], [ -8.62056, 41.15177 ], [ -8.62112, 41.15345 ], [ -8.61954, 41.15463 ] ] ] } },
{ "type": "Feature", "properties": { "id": 112, "population": 1181, "o_score_pt": 1171.613, "o_score_car": 1355.23, "CDI": 0.073 }, "geometry": { "type": "Polygon", "coordinates": [ [ [ -8.59586, 41.15616 ], [ -8.59348, 41.15561 ], [ -8.59286, 41.15375 ], [ -8.59462, 41.15244 ], [ -8.59701, 41.153 ], [ -8.59763, 41.15486 ], [ -8.59586, 41.15616 ] ] ] } },
{ "type": "Feature", "properties": { "id": 113, "population": 186, "o_score_pt": 990.892, "o_score_car": 1370.69, "CDI": 0.161 }, "geometry": { "type": "Polygon", "coordinates": [ [ [ -8.68981, 41.17402 ], [ -8.68813, 41.17363 ], [ -8.68769, 41.1723 ], [ -8.68892, 41.17139 ], [ -8.69059, 41.17177 ], [ -8.69104, 41.1731 ], [ -8.68981, 41.17402 ] ] ] } },
{ "type": "Feature", "properties": { "id": 114, "population": 853, "o_score_pt": 1076.484, "o_score_car": 1453.182, "CDI": 0.149 }, "geometry": { "type": "Polygon", "coordinates": [ [ [ -8.61458, 41.17933 ], [ -8.61229, 41.1788 ], [ -8.61169, 41.17701 ], [ -8.61338, 41.17576 ], [ -8.61567, 41.17629 ], [ -8.61627, 41.17808 ], [ -8.61458, 41.17933 ] ] ] } },
{ "type": "Feature", "properties": { "id": 115, "population": 816, "o_score_pt": 915.636, "o_score_car": 1283.453, "CDI": 0.167 }, "geometry": { "type": "Polygon", "coordinates": [ [ [ -8.57582, 41.16859 ], [ -8.57355, 41.16807 ], [ -8.57296, 41.16629 ], [ -8.57464, 41.16505 ], [ -8.57691, 41.16557 ], [ -8.5775, 41.16735 ], [ -8.57582, 41.16859 ] ] ] } },
{ "type": "Feature", "properties": { "id": 116, "population": 942, "o_score_pt": 1254.876, "o_score_car": 1463.897, "CDI": 0.077 }, "geometry": { "type": "Polygon", "coordinates": [ [ [ -8.64933, 41.15824 ], [ -8.647, 41.1577 ], [ -8.64639, 41.15587 ], [ -8.64811, 41.1546 ], [ -8.65044, 41.15514 ], [ -8.65105, 41.15696 ], [ -8.64933, 41.15824 ] ] ] } },
{ "type": "Feature", "properties": { "id": 117, "population": 875, "o_score_pt": 1321.467, "o_score_car": 1495.579, "CDI": 0.062 }, "geometry": { "type": "Polygon", "coordinates": [ [ [ -8.66663, 41.16394 ], [ -8.66433, 41.16341 ], [ -8.66373, 41.16161 ], [ -8.66543, 41.16035 ], [ -8.66773, 41.16088 ], [ -8.66833, 41.16268 ], [ -8.66663, 41.16394 ] ] ] } },
{ "type": "Feature", "properties": { "id": 118, "population": 1048, "o_score_pt": 1185.396, "o_score_car": 1326.279, "CDI": 0.056 }, "geometry": { "type": "Polygon", "coordinates": [ [ [ -8.58986, 41.15133 ], [ -8.58749, 41.15077 ], [ -8.58687, 41.14892 ], [ -8.58862, 41.14762 ], [ -8.59099, 41.14817 ], [ -8.59161, 41.15002 ], [ -8.58986, 41.15133 ] ] ] } },
{ "type": "Feature", "properties": { "id": 119, "population": 47, "o_score_pt": 1324.887, "o_score_car": 1421.115, "CDI": 0.035 }, "geometry": { "type": "Polygon", "coordinates": [ [ [ -8.62571, 41.14675 ], [ -8.62459, 41.14649 ], [ -8.62429, 41.14557 ], [ -8.6251, 41.14496 ], [ -8.62622, 41.14522 ], [ -8.62653, 41.14614 ], [ -8.62571, 41.14675 ] ] ] } },
{ "type": "Feature", "properties": { "id": 120, "population": 688, "o_score_pt": 1448.412, "o_score_car": 1536.414, "CDI": 0.029 }, "geometry": { "type": "Polygon", "coordinates": [ [ [ -8.65717, 41.16855 ], [ -8.65497, 41.16804 ], [ -8.65439, 41.16631 ], [ -8.65602, 41.16511 ], [ -8.65822, 41.16562 ], [ -8.6588, 41.16734 ], [ -8.65717, 41.16855 ] ] ] } },
{ "type": "Feature", "properties": { "id": 121, "population": 345, "o_score_pt": 926.706, "o_score_car": 1266.249, "CDI": 0.155 }, "geometry": { "type": "Polygon", "coordinates": [ [ [ -8.59303, 41.17407 ], [ -8.59111, 41.17362 ], [ -8.59061, 41.1721 ], [ -8.59202, 41.17105 ], [ -8.59395, 41.1715 ], [ -8.59445, 41.17302 ], [ -8.59303, 41.17407 ] ] ] } },
{ "type": "Feature", "properties": { "id": 122, "population": 414, "o_score_pt": 1379.361, "o_score_car": 1482.799, "CDI": 0.036 }, "geometry": { "type": "Polygon", "coordinates": [ [ [ -8.66428, 41.17005 ], [ -8.66228, 41.16959 ], [ -8.66175, 41.16801 ], [ -8.66323, 41.16692 ], [ -8.66522, 41.16738 ], [ -8.66575, 41.16896 ], [ -8.66428, 41.17005 ] ] ] } },
{ "type": "Feature", "properties": { "id": 123, "population": 1094, "o_score_pt": 1121.963, "o_score_car": 1457.105, "CDI": 0.13 }, "geometry": { "type": "Polygon", "coordinates": [ [ [ -8.64748, 41.15269 ], [ -8.6451, 41.15214 ], [ -8.64447, 41.15028 ], [ -8.64624, 41.14897 ], [ -8.64862, 41.14952 ], [ -8.64924, 41.15138 ], [ -8.64748, 41.15269 ] ] ] } },
{ "type": "Feature", "properties": { "id": 124, "population": 156, "o_score_pt": 1166.254, "o_score_car": 1433.515, "CDI": 0.103 }, "geometry": { "type": "Polygon", "coordinates": [ [ [ -8.60425, 41.17473 ], [ -8.60265, 41.17436 ], [ -8.60222, 41.17308 ], [ -8.6034, 41.17221 ], [ -8.605, 41.17258 ], [ -8.60543, 41.17386 ], [ -8.60425, 41.17473 ] ] ] } },
{ "type": "Feature", "properties": { "id": 125, "population": 561, "o_score_pt": 1050.354, "o_score_car": 1399.983, "CDI": 0.143 }, "geometry": { "type": "Polygon", "coordinates": [ [ [ -8.60023, 41.17588 ], [ -8.59811, 41.17539 ], [ -8.59756, 41.17372 ], [ -8.59912, 41.17256 ], [ -8.60124, 41.17306 ], [ -8.6018, 41.17472 ], [ -8.60023, 41.17588 ] ] ] } },
{ "type": "Feature", "properties": { "id": 126, "population": 1, "o_score_pt": 1008.531, "o_score_car": 1402.659, "CDI": 0.163 }, "geometry": { "type": "Polygon", "coordinates": [ [ [ -8.68637, 41.17033 ], [ -8.68637, 41.17033 ], [ -8.68635, 41.17026 ], [ -8.68637, 41.17033 ] ] ] } },
{ "type": "Feature", "properties": { "id": 127, "population": 588, "o_score_pt": 1432.224, "o_score_car": 1454.315, "CDI": 0.008 }, "geometry": { "type": "Polygon", "coordinates": [ [ [ -8.61239, 41.15296 ], [ -8.61025, 41.15246 ], [ -8.60969, 41.15079 ], [ -8.61127, 41.14961 ], [ -8.61341, 41.15011 ], [ -8.61397, 41.15179 ], [ -8.61239, 41.15296 ] ] ] } },
{ "type": "Feature", "properties": { "id": 128, "population": 1014, "o_score_pt": 1045.914, "o_score_car": 1414.494, "CDI": 0.15 }, "geometry": { "type": "Polygon", "coordinates": [ [ [ -8.61159, 41.17697 ], [ -8.60923, 41.17642 ], [ -8.60862, 41.17458 ], [ -8.61036, 41.17329 ], [ -8.61272, 41.17384 ], [ -8.61333, 41.17568 ], [ -8.61159, 41.17697 ] ] ] } },
{ "type": "Feature", "properties": { "id": 129, "population": 855, "o_score_pt": 902.737, "o_score_car": 1268.614, "CDI": 0.169 }, "geometry": { "type": "Polygon", "coordinates": [ [ [ -8.57282, 41.16619 ], [ -8.57053, 41.16566 ], [ -8.56994, 41.16387 ], [ -8.57163, 41.16262 ], [ -8.57392, 41.16315 ], [ -8.57452, 41.16494 ], [ -8.57282, 41.16619 ] ] ] } },
{ "type": "Feature", "properties": { "id": 130, "population": 410, "o_score_pt": 1343.1, "o_score_car": 1472.731, "CDI": 0.046 }, "geometry": { "type": "Polygon", "coordinates": [ [ [ -8.66355, 41.16129 ], [ -8.66156, 41.16083 ], [ -8.66103, 41.15926 ], [ -8.6625, 41.15817 ], [ -8.6645, 41.15863 ], [ -8.66502, 41.1602 ], [ -8.66355, 41.16129 ] ] ] } },
{ "type": "Feature", "properties": { "id": 131, "population": 457, "o_score_pt": 1060.65, "o_score_car": 1347.975, "CDI": 0.119 }, "geometry": { "type": "Polygon", "coordinates": [ [ [ -8.58934, 41.16299 ], [ -8.58731, 41.16251 ], [ -8.58677, 41.16091 ], [ -8.58828, 41.1598 ], [ -8.59031, 41.16027 ], [ -8.59085, 41.16187 ], [ -8.58934, 41.16299 ] ] ] } },
{ "type": "Feature", "properties": { "id": 132, "population": 860, "o_score_pt": 1120.062, "o_score_car": 1302.286, "CDI": 0.075 }, "geometry": { "type": "Polygon", "coordinates": [ [ [ -8.58684, 41.14885 ], [ -8.58454, 41.14832 ], [ -8.58395, 41.14652 ], [ -8.58564, 41.14527 ], [ -8.58793, 41.1458 ], [ -8.58853, 41.14759 ], [ -8.58684, 41.14885 ] ] ] } },
{ "type": "Feature", "properties": { "id": 133, "population": 1822, "o_score_pt": 1158.82, "o_score_car": 1409.518, "CDI": 0.098 }, "geometry": { "type": "Polygon", "coordinates": [ [ [ -8.66624, 41.17593 ], [ -8.66385, 41.17538 ], [ -8.66323, 41.17352 ], [ -8.66499, 41.17221 ], [ -8.66738, 41.17276 ], [ -8.668, 41.17462 ], [ -8.66624, 41.17593 ] ] ] } },
{ "type": "Feature", "properties": { "id": 134, "population": 553, "o_score_pt": 1038.837, "o_score_car": 1336.102, "CDI": 0.125 }, "geometry": { "type": "Polygon", "coordinates": [ [ [ -8.59008, 41.1718 ], [ -8.58796, 41.17131 ], [ -8.58741, 41.16965 ], [ -8.58897, 41.16849 ], [ -8.59109, 41.16898 ], [ -8.59164, 41.17064 ], [ -8.59008, 41.1718 ] ] ] } },
{ "type": "Feature", "properties": { "id": 135, "population": 655, "o_score_pt": 1313.378, "o_score_car": 1346.846, "CDI": 0.013 }, "geometry": { "type": "Polygon", "coordinates": [ [ [ -8.64244, 41.17714 ], [ -8.64026, 41.17663 ], [ -8.63969, 41.17492 ], [ -8.6413, 41.17373 ], [ -8.64348, 41.17423 ], [ -8.64405, 41.17594 ], [ -8.64244, 41.17714 ] ] ] } },
{ "type": "Feature", "properties": { "id": 136, "population": 693, "o_score_pt": 1400.292, "o_score_car": 1514.044, "CDI": 0.039 }, "geometry": { "type": "Polygon", "coordinates": [ [ [ -8.61126, 41.15618 ], [ -8.60906, 41.15567 ], [ -8.60848, 41.15394 ], [ -8.61011, 41.15273 ], [ -8.61231, 41.15324 ], [ -8.61289, 41.15497 ], [ -8.61126, 41.15618 ] ] ] } },
{ "type": "Feature", "properties": { "id": 137, "population": 1226, "o_score_pt": 1248.026, "o_score_car": 1438.602, "CDI": 0.071 }, "geometry": { "type": "Polygon", "coordinates": [ [ [ -8.66178, 41.15601 ], [ -8.6594, 41.15546 ], [ -8.65878, 41.1536 ], [ -8.66054, 41.15229 ], [ -8.66292, 41.15284 ], [ -8.66355, 41.1547 ], [ -8.66178, 41.15601 ] ] ] } },
{ "type": "Feature", "properties": { "id": 138, "population": 296, "o_score_pt": 1029.264, "o_score_car": 1320.341, "CDI": 0.124 }, "geometry": { "type": "Polygon", "coordinates": [ [ [ -8.60131, 41.17251 ], [ -8.59945, 41.17208 ], [ -8.59896, 41.17061 ], [ -8.60033, 41.16959 ], [ -8.60219, 41.17003 ], [ -8.60268, 41.1715 ], [ -8.60131, 41.17251 ] ] ] } },
{ "type": "Feature", "properties": { "id": 139, "population": 888, "o_score_pt": 932.643, "o_score_car": 1319.687, "CDI": 0.172 }, "geometry": { "type": "Polygon", "coordinates": [ [ [ -8.58483, 41.17587 ], [ -8.58253, 41.17533 ], [ -8.58193, 41.17353 ], [ -8.58363, 41.17227 ], [ -8.58594, 41.1728 ], [ -8.58654, 41.1746 ], [ -8.58483, 41.17587 ] ] ] } },
{ "type": "Feature", "properties": { "id": 140, "population": 1420, "o_score_pt": 1285.835, "o_score_car": 1520.272, "CDI": 0.084 }, "geometry": { "type": "Polygon", "coordinates": [ [ [ -8.6452, 41.15903 ], [ -8.64281, 41.15848 ], [ -8.64219, 41.15662 ], [ -8.64395, 41.15531 ], [ -8.64634, 41.15586 ], [ -8.64696, 41.15772 ], [ -8.6452, 41.15903 ] ] ] } },
{ "type": "Feature", "properties": { "id": 141, "population": 324, "o_score_pt": 688.81, "o_score_car": 1126.436, "CDI": 0.241 }, "geometry": { "type": "Polygon", "coordinates": [ [ [ -8.56601, 41.15231 ], [ -8.56411, 41.15187 ], [ -8.56362, 41.15037 ], [ -8.56502, 41.14933 ], [ -8.56691, 41.14978 ], [ -8.56741, 41.15127 ], [ -8.56601, 41.15231 ] ] ] } },
{ "type": "Feature", "properties": { "id": 142, "population": 1658, "o_score_pt": 905.675, "o_score_car": 1360.009, "CDI": 0.201 }, "geometry": { "type": "Polygon", "coordinates": [ [ [ -8.6259, 41.18031 ], [ -8.62352, 41.17976 ], [ -8.62289, 41.1779 ], [ -8.62466, 41.17659 ], [ -8.62704, 41.17714 ], [ -8.62766, 41.179 ], [ -8.6259, 41.18031 ] ] ] } },
{ "type": "Feature", "properties": { "id": 143, "population": 315, "o_score_pt": 859.981, "o_score_car": 1277.38, "CDI": 0.195 }, "geometry": { "type": "Polygon", "coordinates": [ [ [ -8.57387, 41.16272 ], [ -8.57198, 41.16228 ], [ -8.57149, 41.16079 ], [ -8.57288, 41.15976 ], [ -8.57476, 41.1602 ], [ -8.57526, 41.16169 ], [ -8.57387, 41.16272 ] ] ] } },
{ "type": "Feature", "properties": { "id": 144, "population": 1118, "o_score_pt": 1486.393, "o_score_car": 1495.436, "CDI": 0.003 }, "geometry": { "type": "Polygon", "coordinates": [ [ [ -8.63161, 41.16447 ], [ -8.62923, 41.16391 ], [ -8.62861, 41.16205 ], [ -8.63037, 41.16074 ], [ -8.63276, 41.1613 ], [ -8.63338, 41.16316 ], [ -8.63161, 41.16447 ] ] ] } },
{ "type": "Feature", "properties": { "id": 145, "population": 369, "o_score_pt": 1216.708, "o_score_car": 1427.328, "CDI": 0.08 }, "geometry": { "type": "Polygon", "coordinates": [ [ [ -8.67785, 41.16458 ], [ -8.6759, 41.16412 ], [ -8.67538, 41.16259 ], [ -8.67682, 41.16152 ], [ -8.67877, 41.16197 ], [ -8.67929, 41.16351 ], [ -8.67785, 41.16458 ] ] ] } },
{ "type": "Feature", "properties": { "id": 146, "population": 240, "o_score_pt": 993.475, "o_score_car": 1344.772, "CDI": 0.15 }, "geometry": { "type": "Polygon", "coordinates": [ [ [ -8.60801, 41.18603 ], [ -8.60624, 41.18562 ], [ -8.60577, 41.18421 ], [ -8.60708, 41.18324 ], [ -8.60885, 41.18365 ], [ -8.60932, 41.18506 ], [ -8.60801, 41.18603 ] ] ] } },
{ "type": "Feature", "properties": { "id": 147, "population": 306, "o_score_pt": 1033.668, "o_score_car": 1284.412, "CDI": 0.108 }, "geometry": { "type": "Polygon", "coordinates": [ [ [ -8.58144, 41.15245 ], [ -8.57957, 41.15201 ], [ -8.57908, 41.15053 ], [ -8.58046, 41.14951 ], [ -8.58233, 41.14995 ], [ -8.58282, 41.15143 ], [ -8.58144, 41.15245 ] ] ] } },
{ "type": "Feature", "properties": { "id": 148, "population": 850, "o_score_pt": 1340.008, "o_score_car": 1357.155, "CDI": 0.006 }, "geometry": { "type": "Polygon", "coordinates": [ [ [ -8.60113, 41.15217 ], [ -8.59884, 41.15164 ], [ -8.59825, 41.14985 ], [ -8.59994, 41.14859 ], [ -8.60222, 41.14912 ], [ -8.60282, 41.15091 ], [ -8.60113, 41.15217 ] ] ] } },
{ "type": "Feature", "properties": { "id": 149, "population": 1755, "o_score_pt": 1421.933, "o_score_car": 1481.073, "CDI": 0.02 }, "geometry": { "type": "Polygon", "coordinates": [ [ [ -8.66323, 41.17352 ], [ -8.66085, 41.17296 ], [ -8.66022, 41.1711 ], [ -8.66199, 41.16979 ], [ -8.66437, 41.17035 ], [ -8.66499, 41.17221 ], [ -8.66323, 41.17352 ] ] ] } },
{ "type": "Feature", "properties": { "id": 150, "population": 1428, "o_score_pt": 1362.177, "o_score_car": 1428.612, "CDI": 0.024 }, "geometry": { "type": "Polygon", "coordinates": [ [ [ -8.63949, 41.17488 ], [ -8.6371, 41.17433 ], [ -8.63648, 41.17247 ], [ -8.63824, 41.17116 ], [ -8.64063, 41.17171 ], [ -8.64125, 41.17357 ], [ -8.63949, 41.17488 ] ] ] } },
{ "type": "Feature", "properties": { "id": 151, "population": 387, "o_score_pt": 713.05, "o_score_car": 1216.876, "CDI": 0.261 }, "geometry": { "type": "Polygon", "coordinates": [ [ [ -8.57531, 41.18028 ], [ -8.57334, 41.17982 ], [ -8.57283, 41.17827 ], [ -8.57428, 41.1772 ], [ -8.57625, 41.17765 ], [ -8.57677, 41.17921 ], [ -8.57531, 41.18028 ] ] ] } },
{ "type": "Feature", "properties": { "id": 152, "population": 5, "o_score_pt": 1102.472, "o_score_car": 1376.296, "CDI": 0.11 }, "geometry": { "type": "Polygon", "coordinates": [ [ [ -8.67515, 41.16963 ], [ -8.67487, 41.16957 ], [ -8.67477, 41.16928 ], [ -8.67496, 41.16914 ], [ -8.67523, 41.16921 ], [ -8.67533, 41.1695 ], [ -8.67515, 41.16963 ] ] ] } },
{ "type": "Feature", "properties": { "id": 153, "population": 565, "o_score_pt": 1471.571, "o_score_car": 1445.965, "CDI": -0.009 }, "geometry": { "type": "Polygon", "coordinates": [ [ [ -8.60824, 41.1537 ], [ -8.60611, 41.15321 ], [ -8.60556, 41.15154 ], [ -8.60713, 41.15038 ], [ -8.60925, 41.15087 ], [ -8.6098, 41.15254 ], [ -8.60824, 41.1537 ] ] ] } },
{ "type": "Feature", "properties": { "id": 154, "population": 857, "o_score_pt": 1163.886, "o_score_car": 1437.256, "CDI": 0.105 }, "geometry": { "type": "Polygon", "coordinates": [ [ [ -8.65875, 41.15352 ], [ -8.65646, 41.15299 ], [ -8.65586, 41.1512 ], [ -8.65756, 41.14994 ], [ -8.65985, 41.15048 ], [ -8.66045, 41.15227 ], [ -8.65875, 41.15352 ] ] ] } },
{ "type": "Feature", "properties": { "id": 155, "population": 685, "o_score_pt": 1407.159, "o_score_car": 1506.607, "CDI": 0.034 }, "geometry": { "type": "Polygon", "coordinates": [ [ [ -8.64172, 41.1684 ], [ -8.63952, 41.16789 ], [ -8.63895, 41.16617 ], [ -8.64057, 41.16496 ], [ -8.64277, 41.16547 ], [ -8.64335, 41.16719 ], [ -8.64172, 41.1684 ] ] ] } },
{ "type": "Feature", "properties": { "id": 156, "population": 764, "o_score_pt": 1054.721, "o_score_car": 1443.738, "CDI": 0.156 }, "geometry": { "type": "Polygon", "coordinates": [ [ [ -8.61571, 41.17613 ], [ -8.61346, 41.17561 ], [ -8.61288, 41.17385 ], [ -8.61454, 41.17262 ], [ -8.61678, 41.17314 ], [ -8.61737, 41.1749 ], [ -8.61571, 41.17613 ] ] ] } },
{ "type": "Feature", "properties": { "id": 157, "population": 688, "o_score_pt": 858.244, "o_score_car": 1254.413, "CDI": 0.188 }, "geometry": { "type": "Polygon", "coordinates": [ [ [ -8.58252, 41.18212 ], [ -8.58032, 41.18161 ], [ -8.57974, 41.17989 ], [ -8.58137, 41.17868 ], [ -8.58357, 41.17919 ], [ -8.58415, 41.18092 ], [ -8.58252, 41.18212 ] ] ] } },
{ "type": "Feature", "properties": { "id": 158, "population": 169, "o_score_pt": 1252.524, "o_score_car": 1489.544, "CDI": 0.086 }, "geometry": { "type": "Polygon", "coordinates": [ [ [ -8.639, 41.15363 ], [ -8.63736, 41.15325 ], [ -8.63693, 41.15195 ], [ -8.63813, 41.15106 ], [ -8.63977, 41.15144 ], [ -8.6402, 41.15274 ], [ -8.639, 41.15363 ] ] ] } },
{ "type": "Feature", "properties": { "id": 159, "population": 748, "o_score_pt": 807.962, "o_score_car": 1206.53, "CDI": 0.198 }, "geometry": { "type": "Polygon", "coordinates": [ [ [ -8.57624, 41.15665 ], [ -8.57401, 41.15613 ], [ -8.57343, 41.15438 ], [ -8.57508, 41.15315 ], [ -8.57731, 41.15367 ], [ -8.57789, 41.15542 ], [ -8.57624, 41.15665 ] ] ] } },
{ "type": "Feature", "properties": { "id": 160, "population": 1123, "o_score_pt": 1195.318, "o_score_car": 1437.993, "CDI": 0.092 }, "geometry": { "type": "Polygon", "coordinates": [ [ [ -8.61503, 41.16748 ], [ -8.61264, 41.16693 ], [ -8.61202, 41.16507 ], [ -8.61378, 41.16376 ], [ -8.61617, 41.16432 ], [ -8.61679, 41.16618 ], [ -8.61503, 41.16748 ] ] ] } },
{ "type": "Feature", "properties": { "id": 161, "population": 85, "o_score_pt": 605.921, "o_score_car": 1097.503, "CDI": 0.289 }, "geometry": { "type": "Polygon", "coordinates": [ [ [ -8.56288, 41.14948 ], [ -8.56152, 41.14916 ], [ -8.56116, 41.14807 ], [ -8.56215, 41.14733 ], [ -8.56351, 41.14765 ], [ -8.56387, 41.14874 ], [ -8.56288, 41.14948 ] ] ] } },
{ "type": "Feature", "properties": { "id": 162, "population": 1648, "o_score_pt": 943.662, "o_score_car": 1381.027, "CDI": 0.188 }, "geometry": { "type": "Polygon", "coordinates": [ [ [ -8.62289, 41.1779 ], [ -8.62051, 41.17734 ], [ -8.61989, 41.17548 ], [ -8.62165, 41.17418 ], [ -8.62404, 41.17473 ], [ -8.62466, 41.17659 ], [ -8.62289, 41.1779 ] ] ] } },
{ "type": "Feature", "properties": { "id": 163, "population": 577, "o_score_pt": 1422.107, "o_score_car": 1516.838, "CDI": 0.032 }, "geometry": { "type": "Polygon", "coordinates": [ [ [ -8.62254, 41.15703 ], [ -8.62041, 41.15653 ], [ -8.61985, 41.15486 ], [ -8.62142, 41.1537 ], [ -8.62355, 41.15419 ], [ -8.62411, 41.15586 ], [ -8.62254, 41.15703 ] ] ] } },
{ "type": "Feature", "properties": { "id": 164, "population": 536, "o_score_pt": 1178.336, "o_score_car": 1439.348, "CDI": 0.1 }, "geometry": { "type": "Polygon", "coordinates": [ [ [ -8.67488, 41.16228 ], [ -8.67278, 41.16179 ], [ -8.67223, 41.16014 ], [ -8.67378, 41.15899 ], [ -8.67588, 41.15948 ], [ -8.67643, 41.16113 ], [ -8.67488, 41.16228 ] ] ] } },
{ "type": "Feature", "properties": { "id": 165, "population": 31, "o_score_pt": 1005.314, "o_score_car": 1341.345, "CDI": 0.143 }, "geometry": { "type": "Polygon", "coordinates": [ [ [ -8.60481, 41.18299 ], [ -8.60385, 41.18276 ], [ -8.60358, 41.18197 ], [ -8.60428, 41.18146 ], [ -8.60523, 41.18168 ], [ -8.6055, 41.18247 ], [ -8.60481, 41.18299 ] ] ] } },
{ "type": "Feature", "properties": { "id": 166, "population": 1056, "o_score_pt": 1435.476, "o_score_car": 1387.405, "CDI": -0.017 }, "geometry": { "type": "Polygon", "coordinates": [ [ [ -8.59815, 41.14982 ], [ -8.59577, 41.14927 ], [ -8.59516, 41.14741 ], [ -8.59691, 41.14611 ], [ -8.59929, 41.14666 ], [ -8.59991, 41.14852 ], [ -8.59815, 41.14982 ] ] ] } },
{ "type": "Feature", "properties": { "id": 167, "population": 331, "o_score_pt": 827.135, "o_score_car": 1171.579, "CDI": 0.172 }, "geometry": { "type": "Polygon", "coordinates": [ [ [ -8.57229, 41.17782 ], [ -8.57039, 41.17737 ], [ -8.56989, 41.17587 ], [ -8.57129, 41.17483 ], [ -8.5732, 41.17527 ], [ -8.5737, 41.17678 ], [ -8.57229, 41.17782 ] ] ] } },
{ "type": "Feature", "properties": { "id": 168, "population": 121, "o_score_pt": 1382.564, "o_score_car": 1455.315, "CDI": 0.026 }, "geometry": { "type": "Polygon", "coordinates": [ [ [ -8.65357, 41.17752 ], [ -8.65207, 41.17717 ], [ -8.65167, 41.17597 ], [ -8.65277, 41.17515 ], [ -8.65427, 41.1755 ], [ -8.65467, 41.1767 ], [ -8.65357, 41.17752 ] ] ] } },
{ "type": "Feature", "properties": { "id": 169, "population": 950, "o_score_pt": 1221.687, "o_score_car": 1467.901, "CDI": 0.092 }, "geometry": { "type": "Polygon", "coordinates": [ [ [ -8.66892, 41.15763 ], [ -8.66659, 41.15709 ], [ -8.66598, 41.15526 ], [ -8.66771, 41.15398 ], [ -8.67004, 41.15452 ], [ -8.67065, 41.15635 ], [ -8.66892, 41.15763 ] ] ] } },
{ "type": "Feature", "properties": { "id": 170, "population": 1292, "o_score_pt": 1141.84, "o_score_car": 1421.599, "CDI": 0.109 }, "geometry": { "type": "Polygon", "coordinates": [ [ [ -8.59358, 41.1625 ], [ -8.59119, 41.16195 ], [ -8.59057, 41.16009 ], [ -8.59234, 41.15878 ], [ -8.59472, 41.15933 ], [ -8.59534, 41.16119 ], [ -8.59358, 41.1625 ] ] ] } },
{ "type": "Feature", "properties": { "id": 171, "population": 1075, "o_score_pt": 1266.942, "o_score_car": 1392.209, "CDI": 0.047 }, "geometry": { "type": "Polygon", "coordinates": [ [ [ -8.61173, 41.1444 ], [ -8.60935, 41.14384 ], [ -8.60873, 41.14198 ], [ -8.61049, 41.14067 ], [ -8.61287, 41.14123 ], [ -8.61349, 41.14309 ], [ -8.61173, 41.1444 ] ] ] } },
{ "type": "Feature", "properties": { "id": 172, "population": 670, "o_score_pt": 1092.174, "o_score_car": 1473.292, "CDI": 0.149 }, "geometry": { "type": "Polygon", "coordinates": [ [ [ -8.61269, 41.17367 ], [ -8.6105, 41.17317 ], [ -8.60993, 41.17145 ], [ -8.61155, 41.17025 ], [ -8.61374, 41.17076 ], [ -8.61431, 41.17247 ], [ -8.61269, 41.17367 ] ] ] } },
{ "type": "Feature", "properties": { "id": 173, "population": 408, "o_score_pt": 1250.624, "o_score_car": 1393.596, "CDI": 0.054 }, "geometry": { "type": "Polygon", "coordinates": [ [ [ -8.61278, 41.14093 ], [ -8.61079, 41.14046 ], [ -8.61026, 41.1389 ], [ -8.61173, 41.13781 ], [ -8.61372, 41.13827 ], [ -8.61424, 41.13984 ], [ -8.61278, 41.14093 ] ] ] } },
{ "type": "Feature", "properties": { "id": 174, "population": 428, "o_score_pt": 1194.407, "o_score_car": 1374.317, "CDI": 0.07 }, "geometry": { "type": "Polygon", "coordinates": [ [ [ -8.64426, 41.18259 ], [ -8.64225, 41.18212 ], [ -8.64172, 41.18054 ], [ -8.6432, 41.17944 ], [ -8.64522, 41.17991 ], [ -8.64574, 41.18149 ], [ -8.64426, 41.18259 ] ] ] } },
{ "type": "Feature", "properties": { "id": 175, "population": 204, "o_score_pt": 1160.512, "o_score_car": 1463.241, "CDI": 0.115 }, "geometry": { "type": "Polygon", "coordinates": [ [ [ -8.63601, 41.15127 ], [ -8.6343, 41.15088 ], [ -8.63385, 41.14952 ], [ -8.63511, 41.14858 ], [ -8.63682, 41.14898 ], [ -8.63727, 41.15034 ], [ -8.63601, 41.15127 ] ] ] } },
{ "type": "Feature", "properties": { "id": 176, "population": 1167, "o_score_pt": 1264.938, "o_score_car": 1472.607, "CDI": 0.076 }, "geometry": { "type": "Polygon", "coordinates": [ [ [ -8.61617, 41.16432 ], [ -8.61378, 41.16376 ], [ -8.61316, 41.1619 ], [ -8.61493, 41.16059 ], [ -8.61731, 41.16115 ], [ -8.61793, 41.16301 ], [ -8.61617, 41.16432 ] ] ] } },
{ "type": "Feature", "properties": { "id": 177, "population": 112, "o_score_pt": 932.004, "o_score_car": 1289.52, "CDI": 0.161 }, "geometry": { "type": "Polygon", "coordinates": [ [ [ -8.5772, 41.15289 ], [ -8.57573, 41.15255 ], [ -8.57534, 41.15137 ], [ -8.57641, 41.15057 ], [ -8.57788, 41.15092 ], [ -8.57827, 41.15209 ], [ -8.5772, 41.15289 ] ] ] } },
{ "type": "Feature", "properties": { "id": 178, "population": 450, "o_score_pt": 1466.426, "o_score_car": 1518.142, "CDI": 0.017 }, "geometry": { "type": "Polygon", "coordinates": [ [ [ -8.64282, 41.1651 ], [ -8.64079, 41.16463 ], [ -8.64026, 41.16303 ], [ -8.64176, 41.16192 ], [ -8.64379, 41.16239 ], [ -8.64432, 41.16399 ], [ -8.64282, 41.1651 ] ] ] } },
{ "type": "Feature", "properties": { "id": 179, "population": 183, "o_score_pt": 1010.598, "o_score_car": 1303.642, "CDI": 0.127 }, "geometry": { "type": "Polygon", "coordinates": [ [ [ -8.58325, 41.15787 ], [ -8.58158, 41.15749 ], [ -8.58114, 41.15616 ], [ -8.58237, 41.15525 ], [ -8.58403, 41.15564 ], [ -8.58447, 41.15697 ], [ -8.58325, 41.15787 ] ] ] } },
{ "type": "Feature", "properties": { "id": 180, "population": 449, "o_score_pt": 1233.041, "o_score_car": 1470.11, "CDI": 0.088 }, "geometry": { "type": "Polygon", "coordinates": [ [ [ -8.67445, 41.17415 ], [ -8.67241, 41.17368 ], [ -8.67188, 41.17208 ], [ -8.67338, 41.17097 ], [ -8.67541, 41.17144 ], [ -8.67594, 41.17303 ], [ -8.67445, 41.17415 ] ] ] } },
{ "type": "Feature", "properties": { "id": 181, "population": 1767, "o_score_pt": 856.855, "o_score_car": 1201.565, "CDI": 0.167 }, "geometry": { "type": "Polygon", "coordinates": [ [ [ -8.57513, 41.15993 ], [ -8.57275, 41.15938 ], [ -8.57213, 41.15751 ], [ -8.5739, 41.15621 ], [ -8.57628, 41.15676 ], [ -8.5769, 41.15862 ], [ -8.57513, 41.15993 ] ] ] } },
{ "type": "Feature", "properties": { "id": 182, "population": 1, "o_score_pt": 1312.759, "o_score_car": 1428.685, "CDI": 0.042 }, "geometry": { "type": "Polygon", "coordinates": [ [ [ -8.65018, 41.17396 ], [ -8.65018, 41.17396 ], [ -8.65016, 41.1739 ], [ -8.65018, 41.17396 ] ] ] } },
{ "type": "Feature", "properties": { "id": 183, "population": 171, "o_score_pt": 662.107, "o_score_car": 1130.998, "CDI": 0.261 }, "geometry": { "type": "Polygon", "coordinates": [ [ [ -8.56709, 41.14894 ], [ -8.56545, 41.14856 ], [ -8.56502, 41.14726 ], [ -8.56622, 41.14636 ], [ -8.56786, 41.14675 ], [ -8.5683, 41.14805 ], [ -8.56709, 41.14894 ] ] ] } },
{ "type": "Feature", "properties": { "id": 184, "population": 459, "o_score_pt": 1102.685, "o_score_car": 1375.31, "CDI": 0.11 }, "geometry": { "type": "Polygon", "coordinates": [ [ [ -8.59235, 41.1654 ], [ -8.59031, 41.16493 ], [ -8.58978, 41.16333 ], [ -8.59128, 41.16221 ], [ -8.59332, 41.16269 ], [ -8.59385, 41.16429 ], [ -8.59235, 41.1654 ] ] ] } },
{ "type": "Feature", "properties": { "id": 185, "population": 815, "o_score_pt": 859.318, "o_score_car": 1297.27, "CDI": 0.203 }, "geometry": { "type": "Polygon", "coordinates": [ [ [ -8.58668, 41.18142 ], [ -8.58441, 41.1809 ], [ -8.58382, 41.17912 ], [ -8.5855, 41.17788 ], [ -8.58777, 41.1784 ], [ -8.58836, 41.18018 ], [ -8.58668, 41.18142 ] ] ] } },
{ "type": "Feature", "properties": { "id": 186, "population": 1008, "o_score_pt": 1136.721, "o_score_car": 1390.773, "CDI": 0.101 }, "geometry": { "type": "Polygon", "coordinates": [ [ [ -8.66592, 41.15523 ], [ -8.66357, 41.15469 ], [ -8.66295, 41.15285 ], [ -8.66469, 41.15155 ], [ -8.66705, 41.1521 ], [ -8.66767, 41.15394 ], [ -8.66592, 41.15523 ] ] ] } },
{ "type": "Feature", "properties": { "id": 187, "population": 1113, "o_score_pt": 1103.837, "o_score_car": 1386.582, "CDI": 0.114 }, "geometry": { "type": "Polygon", "coordinates": [ [ [ -8.66707, 41.15208 ], [ -8.66469, 41.15153 ], [ -8.66407, 41.14967 ], [ -8.66583, 41.14836 ], [ -8.66821, 41.14891 ], [ -8.66883, 41.15077 ], [ -8.66707, 41.15208 ] ] ] } },
{ "type": "Feature", "properties": { "id": 188, "population": 1003, "o_score_pt": 1084.734, "o_score_car": 1296.951, "CDI": 0.089 }, "geometry": { "type": "Polygon", "coordinates": [ [ [ -8.59057, 41.16006 ], [ -8.58821, 41.15952 ], [ -8.5876, 41.15768 ], [ -8.58934, 41.15639 ], [ -8.5917, 41.15693 ], [ -8.59231, 41.15877 ], [ -8.59057, 41.16006 ] ] ] } },
{ "type": "Feature", "properties": { "id": 189, "population": 900, "o_score_pt": 1556.064, "o_score_car": 1487.519, "CDI": -0.023 }, "geometry": { "type": "Polygon", "coordinates": [ [ [ -8.62144, 41.16034 ], [ -8.61913, 41.1598 ], [ -8.61853, 41.15799 ], [ -8.62023, 41.15673 ], [ -8.62255, 41.15726 ], [ -8.62315, 41.15907 ], [ -8.62144, 41.16034 ] ] ] } },
{ "type": "Feature", "properties": { "id": 190, "population": 492, "o_score_pt": 1092.568, "o_score_car": 1411.432, "CDI": 0.127 }, "geometry": { "type": "Polygon", "coordinates": [ [ [ -8.66399, 41.14943 ], [ -8.66192, 41.14895 ], [ -8.66138, 41.14732 ], [ -8.6629, 41.14619 ], [ -8.66497, 41.14667 ], [ -8.66551, 41.14829 ], [ -8.66399, 41.14943 ] ] ] } },
{ "type": "Feature", "properties": { "id": 191, "population": 1513, "o_score_pt": 1355.366, "o_score_car": 1469.235, "CDI": 0.04 }, "geometry": { "type": "Polygon", "coordinates": [ [ [ -8.65193, 41.17261 ], [ -8.64954, 41.17206 ], [ -8.64892, 41.1702 ], [ -8.65069, 41.16889 ], [ -8.65307, 41.16944 ], [ -8.65369, 41.17131 ], [ -8.65193, 41.17261 ] ] ] } },
{ "type": "Feature", "properties": { "id": 192, "population": 1301, "o_score_pt": 1277.163, "o_score_car": 1458.846, "CDI": 0.066 }, "geometry": { "type": "Polygon", "coordinates": [ [ [ -8.61316, 41.1619 ], [ -8.61078, 41.16135 ], [ -8.61016, 41.15949 ], [ -8.61192, 41.15818 ], [ -8.61431, 41.15873 ], [ -8.61493, 41.16059 ], [ -8.61316, 41.1619 ] ] ] } },
{ "type": "Feature", "properties": { "id": 193, "population": 351, "o_score_pt": 676.718, "o_score_car": 1127.694, "CDI": 0.25 }, "geometry": { "type": "Polygon", "coordinates": [ [ [ -8.57431, 41.15083 ], [ -8.57238, 41.15038 ], [ -8.57187, 41.14886 ], [ -8.5733, 41.1478 ], [ -8.57523, 41.14825 ], [ -8.57573, 41.14978 ], [ -8.57431, 41.15083 ] ] ] } },
{ "type": "Feature", "properties": { "id": 194, "population": 272, "o_score_pt": 914.795, "o_score_car": 1381.107, "CDI": 0.203 }, "geometry": { "type": "Polygon", "coordinates": [ [ [ -8.61632, 41.18456 ], [ -8.6145, 41.18414 ], [ -8.61401, 41.18269 ], [ -8.61536, 41.18169 ], [ -8.61719, 41.18212 ], [ -8.61767, 41.18356 ], [ -8.61632, 41.18456 ] ] ] } },
{ "type": "Feature", "properties": { "id": 195, "population": 448, "o_score_pt": 935.864, "o_score_car": 1283.34, "CDI": 0.157 }, "geometry": { "type": "Polygon", "coordinates": [ [ [ -8.5769, 41.16524 ], [ -8.57488, 41.16477 ], [ -8.57435, 41.16317 ], [ -8.57584, 41.16206 ], [ -8.57787, 41.16254 ], [ -8.5784, 41.16413 ], [ -8.5769, 41.16524 ] ] ] } },
{ "type": "Feature", "properties": { "id": 196, "population": 642, "o_score_pt": 941.313, "o_score_car": 1278.728, "CDI": 0.152 }, "geometry": { "type": "Polygon", "coordinates": [ [ [ -8.58037, 41.15585 ], [ -8.5782, 41.15534 ], [ -8.57763, 41.15364 ], [ -8.57924, 41.15245 ], [ -8.58141, 41.15295 ], [ -8.58198, 41.15466 ], [ -8.58037, 41.15585 ] ] ] } },
{ "type": "Feature", "properties": { "id": 197, "population": 961, "o_score_pt": 1495.507, "o_score_car": 1552.777, "CDI": 0.019 }, "geometry": { "type": "Polygon", "coordinates": [ [ [ -8.64404, 41.16217 ], [ -8.6417, 41.16162 ], [ -8.64109, 41.1598 ], [ -8.64282, 41.15852 ], [ -8.64516, 41.15906 ], [ -8.64577, 41.16088 ], [ -8.64404, 41.16217 ] ] ] } },
{ "type": "Feature", "properties": { "id": 198, "population": 841, "o_score_pt": 904.507, "o_score_car": 1342.232, "CDI": 0.195 }, "geometry": { "type": "Polygon", "coordinates": [ [ [ -8.58368, 41.17902 ], [ -8.5814, 41.17849 ], [ -8.58081, 41.1767 ], [ -8.5825, 41.17545 ], [ -8.58478, 41.17598 ], [ -8.58537, 41.17777 ], [ -8.58368, 41.17902 ] ] ] } },
{ "type": "Feature", "properties": { "id": 199, "population": 1154, "o_score_pt": 1088.154, "o_score_car": 1400.588, "CDI": 0.126 }, "geometry": { "type": "Polygon", "coordinates": [ [ [ -8.68024, 41.15857 ], [ -8.67785, 41.15802 ], [ -8.67723, 41.15615 ], [ -8.67899, 41.15485 ], [ -8.68138, 41.1554 ], [ -8.682, 41.15726 ], [ -8.68024, 41.15857 ] ] ] } },
{ "type": "Feature", "properties": { "id": 200, "population": 722, "o_score_pt": 1368.07, "o_score_car": 1476.58, "CDI": 0.038 }, "geometry": { "type": "Polygon", "coordinates": [ [ [ -8.60483, 41.16328 ], [ -8.60261, 41.16277 ], [ -8.60203, 41.16103 ], [ -8.60367, 41.15981 ], [ -8.60589, 41.16033 ], [ -8.60647, 41.16207 ], [ -8.60483, 41.16328 ] ] ] } },
{ "type": "Feature", "properties": { "id": 201, "population": 404, "o_score_pt": 1443.294, "o_score_car": 1471.22, "CDI": 0.01 }, "geometry": { "type": "Polygon", "coordinates": [ [ [ -8.61049, 41.14726 ], [ -8.6085, 41.1468 ], [ -8.60798, 41.14523 ], [ -8.60945, 41.14415 ], [ -8.61143, 41.14461 ], [ -8.61195, 41.14617 ], [ -8.61049, 41.14726 ] ] ] } },
{ "type": "Feature", "properties": { "id": 202, "population": 943, "o_score_pt": 980.732, "o_score_car": 1323.363, "CDI": 0.149 }, "geometry": { "type": "Polygon", "coordinates": [ [ [ -8.58713, 41.16955 ], [ -8.5848, 41.16901 ], [ -8.58419, 41.16719 ], [ -8.58592, 41.16591 ], [ -8.58825, 41.16645 ], [ -8.58885, 41.16827 ], [ -8.58713, 41.16955 ] ] ] } },
{ "type": "Feature", "properties": { "id": 203, "population": 527, "o_score_pt": 971.589, "o_score_car": 1352.713, "CDI": 0.164 }, "geometry": { "type": "Polygon", "coordinates": [ [ [ -8.60395, 41.18703 ], [ -8.60185, 41.18654 ], [ -8.6013, 41.1849 ], [ -8.60285, 41.18375 ], [ -8.60494, 41.18424 ], [ -8.60549, 41.18588 ], [ -8.60395, 41.18703 ] ] ] } },
{ "type": "Feature", "properties": { "id": 204, "population": 1074, "o_score_pt": 1499.743, "o_score_car": 1446.633, "CDI": -0.018 }, "geometry": { "type": "Polygon", "coordinates": [ [ [ -8.61845, 41.15798 ], [ -8.61607, 41.15742 ], [ -8.61545, 41.15556 ], [ -8.61721, 41.15426 ], [ -8.6196, 41.15481 ], [ -8.62022, 41.15667 ], [ -8.61845, 41.15798 ] ] ] } },
{ "type": "Feature", "properties": { "id": 205, "population": 3, "o_score_pt": 984.638, "o_score_car": 1426.58, "CDI": 0.183 }, "geometry": { "type": "Polygon", "coordinates": [ [ [ -8.66049, 41.14551 ], [ -8.66038, 41.14549 ], [ -8.66033, 41.14532 ], [ -8.66038, 41.14528 ], [ -8.6605, 41.1453 ], [ -8.66055, 41.14547 ], [ -8.66049, 41.14551 ] ] ] } },
{ "type": "Feature", "properties": { "id": 206, "population": 579, "o_score_pt": 1507.639, "o_score_car": 1517.62, "CDI": 0.003 }, "geometry": { "type": "Polygon", "coordinates": [ [ [ -8.6274, 41.16503 ], [ -8.62527, 41.16453 ], [ -8.62471, 41.16286 ], [ -8.62629, 41.16169 ], [ -8.62842, 41.16219 ], [ -8.62898, 41.16386 ], [ -8.6274, 41.16503 ] ] ] } },
{ "type": "Feature", "properties": { "id": 207, "population": 83, "o_score_pt": 1477.85, "o_score_car": 1380.684, "CDI": -0.034 }, "geometry": { "type": "Polygon", "coordinates": [ [ [ -8.64452, 41.17016 ], [ -8.64317, 41.16985 ], [ -8.64281, 41.16876 ], [ -8.64379, 41.16803 ], [ -8.64514, 41.16834 ], [ -8.6455, 41.16943 ], [ -8.64452, 41.17016 ] ] ] } },
{ "type": "Feature", "properties": { "id": 208, "population": 1494, "o_score_pt": 1157.806, "o_score_car": 1376.916, "CDI": 0.086 }, "geometry": { "type": "Polygon", "coordinates": [ [ [ -8.59472, 41.15933 ], [ -8.59234, 41.15878 ], [ -8.59172, 41.15692 ], [ -8.59348, 41.15561 ], [ -8.59586, 41.15616 ], [ -8.59648, 41.15803 ], [ -8.59472, 41.15933 ] ] ] } },
{ "type": "Feature", "properties": { "id": 209, "population": 922, "o_score_pt": 1169.887, "o_score_car": 1443.665, "CDI": 0.105 }, "geometry": { "type": "Polygon", "coordinates": [ [ [ -8.62516, 41.17151 ], [ -8.62284, 41.17097 ], [ -8.62224, 41.16916 ], [ -8.62395, 41.16789 ], [ -8.62628, 41.16842 ], [ -8.62688, 41.17024 ], [ -8.62516, 41.17151 ] ] ] } },
{ "type": "Feature", "properties": { "id": 210, "population": 562, "o_score_pt": 1345.597, "o_score_car": 1493.931, "CDI": 0.052 }, "geometry": { "type": "Polygon", "coordinates": [ [ [ -8.64098, 41.15959 ], [ -8.63886, 41.15909 ], [ -8.63831, 41.15743 ], [ -8.63987, 41.15627 ], [ -8.64199, 41.15676 ], [ -8.64255, 41.15842 ], [ -8.64098, 41.15959 ] ] ] } },
{ "type": "Feature", "properties": { "id": 211, "population": 279, "o_score_pt": 860.308, "o_score_car": 1342.293, "CDI": 0.219 }, "geometry": { "type": "Polygon", "coordinates": [ [ [ -8.62162, 41.18065 ], [ -8.61978, 41.18022 ], [ -8.61929, 41.17877 ], [ -8.62065, 41.17776 ], [ -8.62248, 41.17819 ], [ -8.62297, 41.17964 ], [ -8.62162, 41.18065 ] ] ] } },
{ "type": "Feature", "properties": { "id": 212, "population": 217, "o_score_pt": 639.562, "o_score_car": 1122.563, "CDI": 0.274 }, "geometry": { "type": "Polygon", "coordinates": [ [ [ -8.56183, 41.15294 ], [ -8.56009, 41.15253 ], [ -8.55963, 41.15116 ], [ -8.56091, 41.15021 ], [ -8.56264, 41.15061 ], [ -8.5631, 41.15199 ], [ -8.56183, 41.15294 ] ] ] } },
{ "type": "Feature", "properties": { "id": 213, "population": 810, "o_score_pt": 1212.772, "o_score_car": 1426.066, "CDI": 0.081 }, "geometry": { "type": "Polygon", "coordinates": [ [ [ -8.6772, 41.15607 ], [ -8.67493, 41.15554 ], [ -8.67434, 41.15377 ], [ -8.67602, 41.15252 ], [ -8.67828, 41.15305 ], [ -8.67888, 41.15482 ], [ -8.6772, 41.15607 ] ] ] } },
{ "type": "Feature", "properties": { "id": 214, "population": 1495, "o_score_pt": 1199.083, "o_score_car": 1449.665, "CDI": 0.095 }, "geometry": { "type": "Polygon", "coordinates": [ [ [ -8.60187, 41.16099 ], [ -8.59949, 41.16044 ], [ -8.59887, 41.15858 ], [ -8.60063, 41.15727 ], [ -8.60301, 41.15783 ], [ -8.60363, 41.15969 ], [ -8.60187, 41.16099 ] ] ] } },
{ "type": "Feature", "properties": { "id": 215, "population": 7, "o_score_pt": 713.219, "o_score_car": 1245.115, "CDI": 0.272 }, "geometry": { "type": "Polygon", "coordinates": [ [ [ -8.57622, 41.14331 ], [ -8.57582, 41.14322 ], [ -8.5757, 41.14285 ], [ -8.57597, 41.14265 ], [ -8.57636, 41.14274 ], [ -8.57649, 41.14311 ], [ -8.57622, 41.14331 ] ] ] } },
{ "type": "Feature", "properties": { "id": 216, "population": 68, "o_score_pt": 963.1, "o_score_car": 1294.87, "CDI": 0.147 }, "geometry": { "type": "Polygon", "coordinates": [ [ [ -8.58386, 41.16632 ], [ -8.58259, 41.16602 ], [ -8.58225, 41.165 ], [ -8.58318, 41.16431 ], [ -8.58445, 41.1646 ], [ -8.58479, 41.16563 ], [ -8.58386, 41.16632 ] ] ] } },
{ "type": "Feature", "properties": { "id": 217, "population": 987, "o_score_pt": 1466.947, "o_score_car": 1514.649, "CDI": 0.016 }, "geometry": { "type": "Polygon", "coordinates": [ [ [ -8.65607, 41.17183 ], [ -8.65372, 41.17129 ], [ -8.65311, 41.16945 ], [ -8.65484, 41.16816 ], [ -8.65719, 41.16871 ], [ -8.6578, 41.17054 ], [ -8.65607, 41.17183 ] ] ] } },
{ "type": "Feature", "properties": { "id": 218, "population": 225, "o_score_pt": 1219.285, "o_score_car": 1469.787, "CDI": 0.093 }, "geometry": { "type": "Polygon", "coordinates": [ [ [ -8.67251, 41.16835 ], [ -8.67076, 41.16794 ], [ -8.67029, 41.16655 ], [ -8.67158, 41.1656 ], [ -8.67333, 41.166 ], [ -8.6738, 41.16739 ], [ -8.67251, 41.16835 ] ] ] } },
{ "type": "Feature", "properties": { "id": 219, "population": 1565, "o_score_pt": 1429.59, "o_score_car": 1431.857, "CDI": 0.001 }, "geometry": { "type": "Polygon", "coordinates": [ [ [ -8.6455, 41.17971 ], [ -8.64311, 41.17915 ], [ -8.64249, 41.17729 ], [ -8.64425, 41.17599 ], [ -8.64664, 41.17654 ], [ -8.64726, 41.1784 ], [ -8.6455, 41.17971 ] ] ] } },
{ "type": "Feature", "properties": { "id": 220, "population": 774, "o_score_pt": 1427.345, "o_score_car": 1462.812, "CDI": 0.012 }, "geometry": { "type": "Polygon", "coordinates": [ [ [ -8.63272, 41.1612 ], [ -8.63047, 41.16067 ], [ -8.62988, 41.15891 ], [ -8.63155, 41.15768 ], [ -8.6338, 41.1582 ], [ -8.63438, 41.15996 ], [ -8.63272, 41.1612 ] ] ] } },
{ "type": "Feature", "properties": { "id": 221, "population": 1066, "o_score_pt": 1243.417, "o_score_car": 1501.485, "CDI": 0.094 }, "geometry": { "type": "Polygon", "coordinates": [ [ [ -8.64634, 41.15586 ], [ -8.64396, 41.15531 ], [ -8.64334, 41.15345 ], [ -8.6451, 41.15214 ], [ -8.64748, 41.1527 ], [ -8.6481, 41.15455 ], [ -8.64634, 41.15586 ] ] ] } },
{ "type": "Feature", "properties": { "id": 222, "population": 1084, "o_score_pt": 1408.14, "o_score_car": 1503.297, "CDI": 0.033 }, "geometry": { "type": "Polygon", "coordinates": [ [ [ -8.62446, 41.16281 ], [ -8.62208, 41.16225 ], [ -8.62146, 41.16039 ], [ -8.62322, 41.15908 ], [ -8.6256, 41.15964 ], [ -8.62622, 41.1615 ], [ -8.62446, 41.16281 ] ] ] } },
{ "type": "Feature", "properties": { "id": 223, "population": 74, "o_score_pt": 322.066, "o_score_car": 1131.883, "CDI": 0.557 }, "geometry": { "type": "Polygon", "coordinates": [ [ [ -8.55643, 41.15653 ], [ -8.55513, 41.15622 ], [ -8.55478, 41.15517 ], [ -8.55573, 41.15446 ], [ -8.55703, 41.15477 ], [ -8.55738, 41.15582 ], [ -8.55643, 41.15653 ] ] ] } },
{ "type": "Feature", "properties": { "id": 224, "population": 598, "o_score_pt": 1087.073, "o_score_car": 1335.694, "CDI": 0.103 }, "geometry": { "type": "Polygon", "coordinates": [ [ [ -8.59166, 41.15673 ], [ -8.58951, 41.15624 ], [ -8.58895, 41.15455 ], [ -8.59054, 41.15338 ], [ -8.59268, 41.15388 ], [ -8.59324, 41.15556 ], [ -8.59166, 41.15673 ] ] ] } },
{ "type": "Feature", "properties": { "id": 225, "population": 182, "o_score_pt": 601.459, "o_score_car": 1244.067, "CDI": 0.348 }, "geometry": { "type": "Polygon", "coordinates": [ [ [ -8.56809, 41.17838 ], [ -8.56642, 41.178 ], [ -8.56598, 41.17667 ], [ -8.56721, 41.17577 ], [ -8.56887, 41.17615 ], [ -8.56931, 41.17748 ], [ -8.56809, 41.17838 ] ] ] } },
{ "type": "Feature", "properties": { "id": 226, "population": 376, "o_score_pt": 1420.851, "o_score_car": 1528.033, "CDI": 0.036 }, "geometry": { "type": "Polygon", "coordinates": [ [ [ -8.65525, 41.16278 ], [ -8.65329, 41.16232 ], [ -8.65277, 41.16078 ], [ -8.65422, 41.15971 ], [ -8.65618, 41.16016 ], [ -8.65669, 41.16171 ], [ -8.65525, 41.16278 ] ] ] } },
{ "type": "Feature", "properties": { "id": 227, "population": 1281, "o_score_pt": 1191.176, "o_score_car": 1386.052, "CDI": 0.076 }, "geometry": { "type": "Polygon", "coordinates": [ [ [ -8.61388, 41.17065 ], [ -8.6115, 41.1701 ], [ -8.61088, 41.16824 ], [ -8.61264, 41.16693 ], [ -8.61503, 41.16748 ], [ -8.61565, 41.16935 ], [ -8.61388, 41.17065 ] ] ] } },
{ "type": "Feature", "properties": { "id": 228, "population": 558, "o_score_pt": 1489.646, "o_score_car": 1503.183, "CDI": 0.005 }, "geometry": { "type": "Polygon", "coordinates": [ [ [ -8.66244, 41.16456 ], [ -8.66032, 41.16407 ], [ -8.65977, 41.16241 ], [ -8.66133, 41.16125 ], [ -8.66345, 41.16174 ], [ -8.664, 41.1634 ], [ -8.66244, 41.16456 ] ] ] } },
{ "type": "Feature", "properties": { "id": 229, "population": 461, "o_score_pt": 1252.365, "o_score_car": 1380.096, "CDI": 0.049 }, "geometry": { "type": "Polygon", "coordinates": [ [ [ -8.59506, 41.14715 ], [ -8.59302, 41.14667 ], [ -8.59249, 41.14507 ], [ -8.59399, 41.14395 ], [ -8.59603, 41.14443 ], [ -8.59657, 41.14603 ], [ -8.59506, 41.14715 ] ] ] } },
{ "type": "Feature", "properties": { "id": 230, "population": 162, "o_score_pt": 1222.93, "o_score_car": 1415.95, "CDI": 0.073 }, "geometry": { "type": "Polygon", "coordinates": [ [ [ -8.62169, 41.14788 ], [ -8.62007, 41.14751 ], [ -8.61964, 41.14622 ], [ -8.62083, 41.14534 ], [ -8.62245, 41.14571 ], [ -8.62288, 41.147 ], [ -8.62169, 41.14788 ] ] ] } },
{ "type": "Feature", "properties": { "id": 231, "population": 97, "o_score_pt": 1141.736, "o_score_car": 1459.757, "CDI": 0.122 }, "geometry": { "type": "Polygon", "coordinates": [ [ [ -8.62993, 41.14621 ], [ -8.62852, 41.14589 ], [ -8.62814, 41.14475 ], [ -8.62918, 41.14399 ], [ -8.63059, 41.14431 ], [ -8.63096, 41.14545 ], [ -8.62993, 41.14621 ] ] ] } },
{ "type": "Feature", "properties": { "id": 232, "population": 1375, "o_score_pt": 981.329, "o_score_car": 1298.077, "CDI": 0.139 }, "geometry": { "type": "Polygon", "coordinates": [ [ [ -8.59844, 41.1705 ], [ -8.59605, 41.16995 ], [ -8.59544, 41.16808 ], [ -8.5972, 41.16678 ], [ -8.59958, 41.16733 ], [ -8.6002, 41.16919 ], [ -8.59844, 41.1705 ] ] ] } },
{ "type": "Feature", "properties": { "id": 233, "population": 1756, "o_score_pt": 1440.833, "o_score_car": 1521.745, "CDI": 0.027 }, "geometry": { "type": "Polygon", "coordinates": [ [ [ -8.65307, 41.16944 ], [ -8.65069, 41.16889 ], [ -8.65006, 41.16703 ], [ -8.65183, 41.16572 ], [ -8.65421, 41.16627 ], [ -8.65483, 41.16814 ], [ -8.65307, 41.16944 ] ] ] } },
{ "type": "Feature", "properties": { "id": 234, "population": 590, "o_score_pt": 1410.053, "o_score_car": 1538.02, "CDI": 0.043 }, "geometry": { "type": "Polygon", "coordinates": [ [ [ -8.6696, 41.16623 ], [ -8.66746, 41.16574 ], [ -8.6669, 41.16406 ], [ -8.66848, 41.16289 ], [ -8.67062, 41.16338 ], [ -8.67118, 41.16506 ], [ -8.6696, 41.16623 ] ] ] } },
{ "type": "Feature", "properties": { "id": 235, "population": 1120, "o_score_pt": 1320.977, "o_score_car": 1459.754, "CDI": 0.05 }, "geometry": { "type": "Polygon", "coordinates": [ [ [ -8.60716, 41.15707 ], [ -8.60478, 41.15652 ], [ -8.60416, 41.15466 ], [ -8.60592, 41.15335 ], [ -8.6083, 41.1539 ], [ -8.60892, 41.15576 ], [ -8.60716, 41.15707 ] ] ] } },
{ "type": "Feature", "properties": { "id": 236, "population": 227, "o_score_pt": 1533.924, "o_score_car": 1556.631, "CDI": 0.007 }, "geometry": { "type": "Polygon", "coordinates": [ [ [ -8.62959, 41.1584 ], [ -8.62784, 41.15799 ], [ -8.62738, 41.1566 ], [ -8.62867, 41.15565 ], [ -8.63042, 41.15605 ], [ -8.63088, 41.15744 ], [ -8.62959, 41.1584 ] ] ] } },
{ "type": "Feature", "properties": { "id": 237, "population": 103, "o_score_pt": 1154.372, "o_score_car": 1334.503, "CDI": 0.072 }, "geometry": { "type": "Polygon", "coordinates": [ [ [ -8.6431, 41.15272 ], [ -8.64166, 41.15239 ], [ -8.64128, 41.15123 ], [ -8.64233, 41.15046 ], [ -8.64376, 41.15079 ], [ -8.64415, 41.15194 ], [ -8.6431, 41.15272 ] ] ] } },
{ "type": "Feature", "properties": { "id": 238, "population": 702, "o_score_pt": 1111.787, "o_score_car": 1429.544, "CDI": 0.125 }, "geometry": { "type": "Polygon", "coordinates": [ [ [ -8.60969, 41.17127 ], [ -8.60748, 41.17076 ], [ -8.6069, 41.16903 ], [ -8.60854, 41.16782 ], [ -8.61075, 41.16833 ], [ -8.61133, 41.17006 ], [ -8.60969, 41.17127 ] ] ] } },
{ "type": "Feature", "properties": { "id": 239, "population": 69, "o_score_pt": 945.198, "o_score_car": 1303.211, "CDI": 0.159 }, "geometry": { "type": "Polygon", "coordinates": [ [ [ -8.59587, 41.17598 ], [ -8.5946, 41.17569 ], [ -8.59426, 41.17466 ], [ -8.59519, 41.17397 ], [ -8.59646, 41.17426 ], [ -8.5968, 41.17529 ], [ -8.59587, 41.17598 ] ] ] } },
{ "type": "Feature", "properties": { "id": 240, "population": 1744, "o_score_pt": 785.546, "o_score_car": 1237.008, "CDI": 0.223 }, "geometry": { "type": "Polygon", "coordinates": [ [ [ -8.57099, 41.16068 ], [ -8.56861, 41.16013 ], [ -8.56799, 41.15827 ], [ -8.56975, 41.15696 ], [ -8.57213, 41.15751 ], [ -8.57275, 41.15938 ], [ -8.57099, 41.16068 ] ] ] } },
{ "type": "Feature", "properties": { "id": 241, "population": 658, "o_score_pt": 1032.883, "o_score_car": 1425.093, "CDI": 0.16 }, "geometry": { "type": "Polygon", "coordinates": [ [ [ -8.6074, 41.17759 ], [ -8.60521, 41.17708 ], [ -8.60464, 41.17537 ], [ -8.60626, 41.17418 ], [ -8.60844, 41.17468 ], [ -8.60901, 41.1764 ], [ -8.6074, 41.17759 ] ] ] } },
{ "type": "Feature", "properties": { "id": 242, "population": 355, "o_score_pt": 814.618, "o_score_car": 1191.405, "CDI": 0.188 }, "geometry": { "type": "Polygon", "coordinates": [ [ [ -8.56859, 41.16667 ], [ -8.56665, 41.16622 ], [ -8.56615, 41.1647 ], [ -8.56757, 41.16364 ], [ -8.56951, 41.16409 ], [ -8.57001, 41.16562 ], [ -8.56859, 41.16667 ] ] ] } },
{ "type": "Feature", "properties": { "id": 243, "population": 50, "o_score_pt": 741.332, "o_score_car": 1117.865, "CDI": 0.203 }, "geometry": { "type": "Polygon", "coordinates": [ [ [ -8.57325, 41.17407 ], [ -8.57211, 41.1738 ], [ -8.57179, 41.17286 ], [ -8.57263, 41.17225 ], [ -8.57377, 41.17251 ], [ -8.57408, 41.17345 ], [ -8.57325, 41.17407 ] ] ] } },
{ "type": "Feature", "properties": { "id": 244, "population": 746, "o_score_pt": 1411.494, "o_score_car": 1495.337, "CDI": 0.029 }, "geometry": { "type": "Polygon", "coordinates": [ [ [ -8.6549, 41.17491 ], [ -8.65266, 41.1744 ], [ -8.65208, 41.17265 ], [ -8.65373, 41.17142 ], [ -8.65596, 41.17194 ], [ -8.65655, 41.17369 ], [ -8.6549, 41.17491 ] ] ] } },
{ "type": "Feature", "properties": { "id": 245, "population": 694, "o_score_pt": 1363.296, "o_score_car": 1492.634, "CDI": 0.045 }, "geometry": { "type": "Polygon", "coordinates": [ [ [ -8.6523, 41.16055 ], [ -8.6501, 41.16004 ], [ -8.64952, 41.15831 ], [ -8.65115, 41.15711 ], [ -8.65336, 41.15762 ], [ -8.65393, 41.15935 ], [ -8.6523, 41.16055 ] ] ] } },
{ "type": "Feature", "properties": { "id": 246, "population": 400, "o_score_pt": 1407.733, "o_score_car": 1541.054, "CDI": 0.045 }, "geometry": { "type": "Polygon", "coordinates": [ [ [ -8.6594, 41.16204 ], [ -8.65742, 41.16158 ], [ -8.6569, 41.16002 ], [ -8.65836, 41.15894 ], [ -8.66034, 41.15939 ], [ -8.66086, 41.16096 ], [ -8.6594, 41.16204 ] ] ] } },
{ "type": "Feature", "properties": { "id": 247, "population": 51, "o_score_pt": 924.492, "o_score_car": 1163.207, "CDI": 0.114 }, "geometry": { "type": "Polygon", "coordinates": [ [ [ -8.59184, 41.14405 ], [ -8.59069, 41.14378 ], [ -8.59037, 41.14284 ], [ -8.59121, 41.14222 ], [ -8.59237, 41.14249 ], [ -8.59268, 41.14343 ], [ -8.59184, 41.14405 ] ] ] } },
{ "type": "Feature", "properties": { "id": 248, "population": 970, "o_score_pt": 1148.666, "o_score_car": 1355.657, "CDI": 0.083 }, "geometry": { "type": "Polygon", "coordinates": [ [ [ -8.59542, 41.16805 ], [ -8.59308, 41.16751 ], [ -8.59247, 41.16568 ], [ -8.59421, 41.16439 ], [ -8.59655, 41.16494 ], [ -8.59716, 41.16677 ], [ -8.59542, 41.16805 ] ] ] } },
{ "type": "Feature", "properties": { "id": 249, "population": 417, "o_score_pt": 1179.943, "o_score_car": 1388.708, "CDI": 0.081 }, "geometry": { "type": "Polygon", "coordinates": [ [ [ -8.63825, 41.17775 ], [ -8.63625, 41.17729 ], [ -8.63572, 41.17572 ], [ -8.6372, 41.17462 ], [ -8.6392, 41.17509 ], [ -8.63972, 41.17666 ], [ -8.63825, 41.17775 ] ] ] } },
{ "type": "Feature", "properties": { "id": 250, "population": 57, "o_score_pt": 1040.503, "o_score_car": 1421.5, "CDI": 0.155 }, "geometry": { "type": "Polygon", "coordinates": [ [ [ -8.68367, 41.16882 ], [ -8.68248, 41.16855 ], [ -8.68215, 41.16757 ], [ -8.68302, 41.16692 ], [ -8.68422, 41.1672 ], [ -8.68455, 41.16818 ], [ -8.68367, 41.16882 ] ] ] } },
{ "type": "Feature", "properties": { "id": 251, "population": 731, "o_score_pt": 1363.513, "o_score_car": 1499.951, "CDI": 0.048 }, "geometry": { "type": "Polygon", "coordinates": [ [ [ -8.66205, 41.17657 ], [ -8.65982, 41.17605 ], [ -8.65924, 41.17431 ], [ -8.66088, 41.17308 ], [ -8.66311, 41.1736 ], [ -8.6637, 41.17534 ], [ -8.66205, 41.17657 ] ] ] } },
{ "type": "Feature", "properties": { "id": 252, "population": 1460, "o_score_pt": 1271.416, "o_score_car": 1369.723, "CDI": 0.037 }, "geometry": { "type": "Polygon", "coordinates": [ [ [ -8.59929, 41.14666 ], [ -8.59691, 41.1461 ], [ -8.59629, 41.14424 ], [ -8.59805, 41.14294 ], [ -8.60044, 41.14349 ], [ -8.60106, 41.14535 ], [ -8.59929, 41.14666 ] ] ] } },
{ "type": "Feature", "properties": { "id": 253, "population": 1143, "o_score_pt": 1164.901, "o_score_car": 1481.18, "CDI": 0.12 }, "geometry": { "type": "Polygon", "coordinates": [ [ [ -8.65764, 41.15677 ], [ -8.65525, 41.15621 ], [ -8.65463, 41.15435 ], [ -8.65639, 41.15304 ], [ -8.65878, 41.1536 ], [ -8.6594, 41.15546 ], [ -8.65764, 41.15677 ] ] ] } },
{ "type": "Feature", "properties": { "id": 254, "population": 310, "o_score_pt": 1243.84, "o_score_car": 1434.634, "CDI": 0.071 }, "geometry": { "type": "Polygon", "coordinates": [ [ [ -8.6229, 41.14491 ], [ -8.62102, 41.14448 ], [ -8.62053, 41.14299 ], [ -8.62191, 41.14197 ], [ -8.62379, 41.1424 ], [ -8.62428, 41.14389 ], [ -8.6229, 41.14491 ] ] ] } },
{ "type": "Feature", "properties": { "id": 255, "population": 376, "o_score_pt": 1013.63, "o_score_car": 1388.475, "CDI": 0.156 }, "geometry": { "type": "Polygon", "coordinates": [ [ [ -8.67598, 41.159 ], [ -8.67403, 41.15854 ], [ -8.67351, 41.157 ], [ -8.67495, 41.15593 ], [ -8.67691, 41.15638 ], [ -8.67743, 41.15793 ], [ -8.67598, 41.159 ] ] ] } },
{ "type": "Feature", "properties": { "id": 256, "population": 564, "o_score_pt": 1046.035, "o_score_car": 1401.51, "CDI": 0.145 }, "geometry": { "type": "Polygon", "coordinates": [ [ [ -8.60667, 41.16879 ], [ -8.60454, 41.1683 ], [ -8.60399, 41.16663 ], [ -8.60556, 41.16547 ], [ -8.60768, 41.16596 ], [ -8.60823, 41.16763 ], [ -8.60667, 41.16879 ] ] ] } },
{ "type": "Feature", "properties": { "id": 257, "population": 89, "o_score_pt": 702.846, "o_score_car": 1189.485, "CDI": 0.257 }, "geometry": { "type": "Polygon", "coordinates": [ [ [ -8.56774, 41.15749 ], [ -8.56636, 41.15717 ], [ -8.56599, 41.15606 ], [ -8.567, 41.15532 ], [ -8.56838, 41.15564 ], [ -8.56874, 41.15675 ], [ -8.56774, 41.15749 ] ] ] } },
{ "type": "Feature", "properties": { "id": 258, "population": 1191, "o_score_pt": 1450.48, "o_score_car": 1493.113, "CDI": 0.014 }, "geometry": { "type": "Polygon", "coordinates": [ [ [ -8.63762, 41.1693 ], [ -8.63524, 41.16874 ], [ -8.63462, 41.16688 ], [ -8.63638, 41.16557 ], [ -8.63876, 41.16613 ], [ -8.63939, 41.16799 ], [ -8.63762, 41.1693 ] ] ] } },
{ "type": "Feature", "properties": { "id": 259, "population": 852, "o_score_pt": 1454.36, "o_score_car": 1515.801, "CDI": 0.021 }, "geometry": { "type": "Polygon", "coordinates": [ [ [ -8.63045, 41.16756 ], [ -8.62816, 41.16703 ], [ -8.62756, 41.16524 ], [ -8.62925, 41.16399 ], [ -8.63154, 41.16452 ], [ -8.63214, 41.16631 ], [ -8.63045, 41.16756 ] ] ] } },
{ "type": "Feature", "properties": { "id": 260, "population": 411, "o_score_pt": 1280.604, "o_score_car": 1493.709, "CDI": 0.077 }, "geometry": { "type": "Polygon", "coordinates": [ [ [ -8.67371, 41.16537 ], [ -8.67172, 41.1649 ], [ -8.67119, 41.16333 ], [ -8.67266, 41.16224 ], [ -8.67466, 41.1627 ], [ -8.67518, 41.16427 ], [ -8.67371, 41.16537 ] ] ] } },
{ "type": "Feature", "properties": { "id": 261, "population": 469, "o_score_pt": 1398.875, "o_score_car": 1467.397, "CDI": 0.024 }, "geometry": { "type": "Polygon", "coordinates": [ [ [ -8.60636, 41.14806 ], [ -8.60431, 41.14759 ], [ -8.60378, 41.14598 ], [ -8.60529, 41.14486 ], [ -8.60733, 41.14533 ], [ -8.60787, 41.14694 ], [ -8.60636, 41.14806 ] ] ] } },
{ "type": "Feature", "properties": { "id": 262, "population": 681, "o_score_pt": 1417.892, "o_score_car": 1465.647, "CDI": 0.017 }, "geometry": { "type": "Polygon", "coordinates": [ [ [ -8.65904, 41.17413 ], [ -8.65684, 41.17362 ], [ -8.65626, 41.1719 ], [ -8.65789, 41.17069 ], [ -8.66008, 41.1712 ], [ -8.66066, 41.17292 ], [ -8.65904, 41.17413 ] ] ] } },
{ "type": "Feature", "properties": { "id": 263, "population": 379, "o_score_pt": 687.389, "o_score_car": 1118.965, "CDI": 0.239 }, "geometry": { "type": "Polygon", "coordinates": [ [ [ -8.56488, 41.15553 ], [ -8.56292, 41.15507 ], [ -8.56241, 41.15353 ], [ -8.56385, 41.15245 ], [ -8.56581, 41.15291 ], [ -8.56633, 41.15446 ], [ -8.56488, 41.15553 ] ] ] } },
{ "type": "Feature", "properties": { "id": 264, "population": 29, "o_score_pt": 1066.791, "o_score_car": 1441.991, "CDI": 0.15 }, "geometry": { "type": "Polygon", "coordinates": [ [ [ -8.65655, 41.1469 ], [ -8.65562, 41.14668 ], [ -8.65536, 41.1459 ], [ -8.65603, 41.14541 ], [ -8.65696, 41.14562 ], [ -8.65722, 41.1464 ], [ -8.65655, 41.1469 ] ] ] } },
{ "type": "Feature", "properties": { "id": 265, "population": 373, "o_score_pt": 841.918, "o_score_car": 1282.083, "CDI": 0.207 }, "geometry": { "type": "Polygon", "coordinates": [ [ [ -8.5806, 41.17635 ], [ -8.57865, 41.1759 ], [ -8.57813, 41.17436 ], [ -8.57958, 41.17329 ], [ -8.58153, 41.17374 ], [ -8.58204, 41.17528 ], [ -8.5806, 41.17635 ] ] ] } },
{ "type": "Feature", "properties": { "id": 266, "population": 1304, "o_score_pt": 1232.394, "o_score_car": 1423.47, "CDI": 0.072 }, "geometry": { "type": "Polygon", "coordinates": [ [ [ -8.63534, 41.17563 ], [ -8.63295, 41.17508 ], [ -8.63233, 41.17322 ], [ -8.6341, 41.17191 ], [ -8.63648, 41.17247 ], [ -8.6371, 41.17433 ], [ -8.63534, 41.17563 ] ] ] } },
{ "type": "Feature", "properties": { "id": 267, "population": 63, "o_score_pt": 1093.444, "o_score_car": 1431.118, "CDI": 0.134 }, "geometry": { "type": "Polygon", "coordinates": [ [ [ -8.64004, 41.15015 ], [ -8.6388, 41.14987 ], [ -8.63847, 41.14886 ], [ -8.63937, 41.14819 ], [ -8.64061, 41.14848 ], [ -8.64095, 41.14948 ], [ -8.64004, 41.15015 ] ] ] } },
{ "type": "Feature", "properties": { "id": 268, "population": 119, "o_score_pt": 1100.172, "o_score_car": 1429.949, "CDI": 0.13 }, "geometry": { "type": "Polygon", "coordinates": [ [ [ -8.68074, 41.16664 ], [ -8.67925, 41.16629 ], [ -8.67885, 41.1651 ], [ -8.67994, 41.16428 ], [ -8.68144, 41.16463 ], [ -8.68184, 41.16583 ], [ -8.68074, 41.16664 ] ] ] } },
{ "type": "Feature", "properties": { "id": 269, "population": 1087, "o_score_pt": 1338.097, "o_score_car": 1445.074, "CDI": 0.038 }, "geometry": { "type": "Polygon", "coordinates": [ [ [ -8.60416, 41.15466 ], [ -8.60177, 41.1541 ], [ -8.60115, 41.15224 ], [ -8.60292, 41.15093 ], [ -8.6053, 41.15149 ], [ -8.60592, 41.15335 ], [ -8.60416, 41.15466 ] ] ] } },
{ "type": "Feature", "properties": { "id": 270, "population": 3, "o_score_pt": 727.321, "o_score_car": 1250.271, "CDI": 0.264 }, "geometry": { "type": "Polygon", "coordinates": [ [ [ -8.58858, 41.14084 ], [ -8.58847, 41.14081 ], [ -8.58841, 41.14065 ], [ -8.58847, 41.1406 ], [ -8.58858, 41.14063 ], [ -8.58864, 41.14079 ], [ -8.58858, 41.14084 ] ] ] } },
{ "type": "Feature", "properties": { "id": 271, "population": 1135, "o_score_pt": 1279.981, "o_score_car": 1403.581, "CDI": 0.046 }, "geometry": { "type": "Polygon", "coordinates": [ [ [ -8.6485, 41.18212 ], [ -8.64612, 41.18157 ], [ -8.6455, 41.17971 ], [ -8.64726, 41.1784 ], [ -8.64964, 41.17895 ], [ -8.65027, 41.18081 ], [ -8.6485, 41.18212 ] ] ] } },
{ "type": "Feature", "properties": { "id": 272, "population": 927, "o_score_pt": 1213.135, "o_score_car": 1422.146, "CDI": 0.079 }, "geometry": { "type": "Polygon", "coordinates": [ [ [ -8.65462, 41.15431 ], [ -8.65229, 41.15377 ], [ -8.65169, 41.15195 ], [ -8.6534, 41.15068 ], [ -8.65573, 41.15121 ], [ -8.65633, 41.15303 ], [ -8.65462, 41.15431 ] ] ] } },
{ "type": "Feature", "properties": { "id": 273, "population": 417, "o_score_pt": 1171.678, "o_score_car": 1376.508, "CDI": 0.08 }, "geometry": { "type": "Polygon", "coordinates": [ [ [ -8.61993, 41.14259 ], [ -8.61793, 41.14213 ], [ -8.6174, 41.14055 ], [ -8.61888, 41.13946 ], [ -8.62088, 41.13992 ], [ -8.6214, 41.1415 ], [ -8.61993, 41.14259 ] ] ] } },
{ "type": "Feature", "properties": { "id": 274, "population": 1108, "o_score_pt": 1101.173, "o_score_car": 1439.907, "CDI": 0.133 }, "geometry": { "type": "Polygon", "coordinates": [ [ [ -8.62103, 41.17231 ], [ -8.61865, 41.17176 ], [ -8.61803, 41.1699 ], [ -8.61979, 41.16859 ], [ -8.62218, 41.16915 ], [ -8.6228, 41.17101 ], [ -8.62103, 41.17231 ] ] ] } },
{ "type": "Feature", "properties": { "id": 275, "population": 447, "o_score_pt": 1119.756, "o_score_car": 1304.595, "CDI": 0.076 }, "geometry": { "type": "Polygon", "coordinates": [ [ [ -8.60035, 41.14322 ], [ -8.59832, 41.14274 ], [ -8.59779, 41.14115 ], [ -8.59929, 41.14004 ], [ -8.60131, 41.14051 ], [ -8.60184, 41.14211 ], [ -8.60035, 41.14322 ] ] ] } },
{ "type": "Feature", "properties": { "id": 276, "population": 227, "o_score_pt": 1102.667, "o_score_car": 1428.778, "CDI": 0.129 }, "geometry": { "type": "Polygon", "coordinates": [ [ [ -8.64305, 41.18556 ], [ -8.6413, 41.18516 ], [ -8.64084, 41.18376 ], [ -8.64213, 41.18281 ], [ -8.64388, 41.18321 ], [ -8.64435, 41.18461 ], [ -8.64305, 41.18556 ] ] ] } },
{ "type": "Feature", "properties": { "id": 277, "population": 335, "o_score_pt": 1351.759, "o_score_car": 1484.421, "CDI": 0.047 }, "geometry": { "type": "Polygon", "coordinates": [ [ [ -8.63492, 41.1546 ], [ -8.63301, 41.15415 ], [ -8.63251, 41.15264 ], [ -8.63392, 41.1516 ], [ -8.63583, 41.15204 ], [ -8.63633, 41.15355 ], [ -8.63492, 41.1546 ] ] ] } },
{ "type": "Feature", "properties": { "id": 278, "population": 560, "o_score_pt": 998.344, "o_score_car": 1367.316, "CDI": 0.156 }, "geometry": { "type": "Polygon", "coordinates": [ [ [ -8.61868, 41.17845 ], [ -8.61656, 41.17796 ], [ -8.61601, 41.17629 ], [ -8.61757, 41.17513 ], [ -8.61969, 41.17562 ], [ -8.62025, 41.17729 ], [ -8.61868, 41.17845 ] ] ] } },
{ "type": "Feature", "properties": { "id": 279, "population": 778, "o_score_pt": 1418.273, "o_score_car": 1457.475, "CDI": 0.014 }, "geometry": { "type": "Polygon", "coordinates": [ [ [ -8.63458, 41.16678 ], [ -8.63233, 41.16626 ], [ -8.63174, 41.16449 ], [ -8.63341, 41.16326 ], [ -8.63566, 41.16378 ], [ -8.63625, 41.16555 ], [ -8.63458, 41.16678 ] ] ] } },
{ "type": "Feature", "properties": { "id": 280, "population": 213, "o_score_pt": 1258.999, "o_score_car": 1489.318, "CDI": 0.084 }, "geometry": { "type": "Polygon", "coordinates": [ [ [ -8.67064, 41.16275 ], [ -8.66891, 41.16235 ], [ -8.66845, 41.16098 ], [ -8.66972, 41.16003 ], [ -8.67145, 41.16043 ], [ -8.67191, 41.1618 ], [ -8.67064, 41.16275 ] ] ] } },
{ "type": "Feature", "properties": { "id": 281, "population": 87, "o_score_pt": 1022.088, "o_score_car": 1273.638, "CDI": 0.11 }, "geometry": { "type": "Polygon", "coordinates": [ [ [ -8.60076, 41.18405 ], [ -8.59939, 41.18374 ], [ -8.59903, 41.18263 ], [ -8.60003, 41.18189 ], [ -8.60139, 41.18221 ], [ -8.60176, 41.18331 ], [ -8.60076, 41.18405 ] ] ] } },
{ "type": "Feature", "properties": { "id": 282, "population": 1068, "o_score_pt": 1260.057, "o_score_car": 1420.172, "CDI": 0.06 }, "geometry": { "type": "Polygon", "coordinates": [ [ [ -8.60344, 41.1459 ], [ -8.60106, 41.14535 ], [ -8.60044, 41.14349 ], [ -8.6022, 41.14218 ], [ -8.60458, 41.14274 ], [ -8.6052, 41.1446 ], [ -8.60344, 41.1459 ] ] ] } },
{ "type": "Feature", "properties": { "id": 283, "population": 1292, "o_score_pt": 1285.67, "o_score_car": 1414.319, "CDI": 0.048 }, "geometry": { "type": "Polygon", "coordinates": [ [ [ -8.61588, 41.14364 ], [ -8.61349, 41.14309 ], [ -8.61287, 41.14123 ], [ -8.61464, 41.13992 ], [ -8.61702, 41.14047 ], [ -8.61764, 41.14233 ], [ -8.61588, 41.14364 ] ] ] } },
{ "type": "Feature", "properties": { "id": 284, "population": 1279, "o_score_pt": 1176.805, "o_score_car": 1409.205, "CDI": 0.09 }, "geometry": { "type": "Polygon", "coordinates": [ [ [ -8.65992, 41.15043 ], [ -8.65753, 41.14987 ], [ -8.65691, 41.14801 ], [ -8.65868, 41.1467 ], [ -8.66106, 41.14726 ], [ -8.66168, 41.14912 ], [ -8.65992, 41.15043 ] ] ] } },
{ "type": "Feature", "properties": { "id": 285, "population": 141, "o_score_pt": 728.301, "o_score_car": 1269.603, "CDI": 0.271 }, "geometry": { "type": "Polygon", "coordinates": [ [ [ -8.5775, 41.17363 ], [ -8.57594, 41.17327 ], [ -8.57552, 41.17202 ], [ -8.57667, 41.17117 ], [ -8.57823, 41.17154 ], [ -8.57865, 41.17278 ], [ -8.5775, 41.17363 ] ] ] } },
{ "type": "Feature", "properties": { "id": 286, "population": 84, "o_score_pt": 1386.666, "o_score_car": 1438.074, "CDI": 0.018 }, "geometry": { "type": "Polygon", "coordinates": [ [ [ -8.64939, 41.17816 ], [ -8.64803, 41.17785 ], [ -8.64767, 41.17676 ], [ -8.64866, 41.17602 ], [ -8.65001, 41.17634 ], [ -8.65038, 41.17743 ], [ -8.64939, 41.17816 ] ] ] } },
{ "type": "Feature", "properties": { "id": 287, "population": 1471, "o_score_pt": 1355.671, "o_score_car": 1483.369, "CDI": 0.045 }, "geometry": { "type": "Polygon", "coordinates": [ [ [ -8.61016, 41.15949 ], [ -8.60778, 41.15893 ], [ -8.60716, 41.15707 ], [ -8.60892, 41.15576 ], [ -8.6113, 41.15632 ], [ -8.61192, 41.15818 ], [ -8.61016, 41.15949 ] ] ] } },
{ "type": "Feature", "properties": { "id": 288, "population": 757, "o_score_pt": 1156.204, "o_score_car": 1294.275, "CDI": 0.056 }, "geometry": { "type": "Polygon", "coordinates": [ [ [ -8.67419, 41.15363 ], [ -8.67195, 41.15311 ], [ -8.67136, 41.15136 ], [ -8.67302, 41.15013 ], [ -8.67526, 41.15065 ], [ -8.67584, 41.1524 ], [ -8.67419, 41.15363 ] ] ] } },
{ "type": "Feature", "properties": { "id": 289, "population": 1402, "o_score_pt": 1198.342, "o_score_car": 1468.238, "CDI": 0.101 }, "geometry": { "type": "Polygon", "coordinates": [ [ [ -8.61803, 41.1699 ], [ -8.61565, 41.16935 ], [ -8.61503, 41.16748 ], [ -8.61679, 41.16618 ], [ -8.61917, 41.16673 ], [ -8.61979, 41.16859 ], [ -8.61803, 41.1699 ] ] ] } },
{ "type": "Feature", "properties": { "id": 290, "population": 227, "o_score_pt": 930.984, "o_score_car": 1415.43, "CDI": 0.206 }, "geometry": { "type": "Polygon", "coordinates": [ [ [ -8.64005, 41.18315 ], [ -8.63829, 41.18274 ], [ -8.63783, 41.18135 ], [ -8.63912, 41.18039 ], [ -8.64088, 41.1808 ], [ -8.64134, 41.18219 ], [ -8.64005, 41.18315 ] ] ] } },
{ "type": "Feature", "properties": { "id": 291, "population": 80, "o_score_pt": 1117.145, "o_score_car": 1462.589, "CDI": 0.134 }, "geometry": { "type": "Polygon", "coordinates": [ [ [ -8.67655, 41.16727 ], [ -8.67522, 41.16696 ], [ -8.67486, 41.16589 ], [ -8.67583, 41.16516 ], [ -8.67717, 41.16547 ], [ -8.67753, 41.16655 ], [ -8.67655, 41.16727 ] ] ] } },
{ "type": "Feature", "properties": { "id": 292, "population": 257, "o_score_pt": 1289.405, "o_score_car": 1434.264, "CDI": 0.053 }, "geometry": { "type": "Polygon", "coordinates": [ [ [ -8.63189, 41.1521 ], [ -8.63009, 41.15168 ], [ -8.62961, 41.15025 ], [ -8.63094, 41.14927 ], [ -8.63274, 41.14969 ], [ -8.63322, 41.15111 ], [ -8.63189, 41.1521 ] ] ] } },
{ "type": "Feature", "properties": { "id": 293, "population": 1253, "o_score_pt": 1468.624, "o_score_car": 1509.754, "CDI": 0.014 }, "geometry": { "type": "Polygon", "coordinates": [ [ [ -8.64892, 41.1702 ], [ -8.64654, 41.16965 ], [ -8.64592, 41.16779 ], [ -8.64768, 41.16648 ], [ -8.65006, 41.16703 ], [ -8.65069, 41.16889 ], [ -8.64892, 41.1702 ] ] ] } },
{ "type": "Feature", "properties": { "id": 294, "population": 598, "o_score_pt": 1166.829, "o_score_car": 1243.118, "CDI": 0.032 }, "geometry": { "type": "Polygon", "coordinates": [ [ [ -8.58866, 41.15432 ], [ -8.58651, 41.15382 ], [ -8.58595, 41.15214 ], [ -8.58754, 41.15096 ], [ -8.58968, 41.15146 ], [ -8.59024, 41.15314 ], [ -8.58866, 41.15432 ] ] ] } },
{ "type": "Feature", "properties": { "id": 295, "population": 553, "o_score_pt": 1336.46, "o_score_car": 1415.856, "CDI": 0.029 }, "geometry": { "type": "Polygon", "coordinates": [ [ [ -8.64056, 41.1715 ], [ -8.63845, 41.17101 ], [ -8.63789, 41.16935 ], [ -8.63945, 41.1682 ], [ -8.64157, 41.16869 ], [ -8.64212, 41.17035 ], [ -8.64056, 41.1715 ] ] ] } },
{ "type": "Feature", "properties": { "id": 296, "population": 230, "o_score_pt": 1104.526, "o_score_car": 1386.63, "CDI": 0.113 }, "geometry": { "type": "Polygon", "coordinates": [ [ [ -8.67023, 41.17469 ], [ -8.66847, 41.17429 ], [ -8.668, 41.17289 ], [ -8.6693, 41.17193 ], [ -8.67106, 41.17234 ], [ -8.67152, 41.17373 ], [ -8.67023, 41.17469 ] ] ] } },
{ "type": "Feature", "properties": { "id": 297, "population": 141, "o_score_pt": 1037.244, "o_score_car": 1253.043, "CDI": 0.094 }, "geometry": { "type": "Polygon", "coordinates": [ [ [ -8.58093, 41.16413 ], [ -8.57937, 41.16377 ], [ -8.57896, 41.16252 ], [ -8.5801, 41.16167 ], [ -8.58166, 41.16203 ], [ -8.58208, 41.16328 ], [ -8.58093, 41.16413 ] ] ] } },
{ "type": "Feature", "properties": { "id": 298, "population": 66, "o_score_pt": 1258.688, "o_score_car": 1379.445, "CDI": 0.046 }, "geometry": { "type": "Polygon", "coordinates": [ [ [ -8.64636, 41.17567 ], [ -8.6451, 41.17538 ], [ -8.64476, 41.17436 ], [ -8.64568, 41.17368 ], [ -8.64693, 41.17397 ], [ -8.64727, 41.17499 ], [ -8.64636, 41.17567 ] ] ] } },
{ "type": "Feature", "properties": { "id": 299, "population": 15, "o_score_pt": 1159.36, "o_score_car": 1404.613, "CDI": 0.096 }, "geometry": { "type": "Polygon", "coordinates": [ [ [ -8.65234, 41.14746 ], [ -8.65167, 41.1473 ], [ -8.65147, 41.14671 ], [ -8.65195, 41.14636 ], [ -8.65263, 41.14651 ], [ -8.65282, 41.1471 ], [ -8.65234, 41.14746 ] ] ] } },
{ "type": "Feature", "properties": { "id": 300, "population": 601, "o_score_pt": 817.661, "o_score_car": 1300.37, "CDI": 0.228 }, "geometry": { "type": "Polygon", "coordinates": [ [ [ -8.59194, 41.17741 ], [ -8.5898, 41.17691 ], [ -8.58924, 41.17522 ], [ -8.59082, 41.17405 ], [ -8.59297, 41.17455 ], [ -8.59353, 41.17623 ], [ -8.59194, 41.17741 ] ] ] } },
{ "type": "Feature", "properties": { "id": 301, "population": 533, "o_score_pt": 1087.954, "o_score_car": 1380.41, "CDI": 0.118 }, "geometry": { "type": "Polygon", "coordinates": [ [ [ -8.67115, 41.15111 ], [ -8.66905, 41.15062 ], [ -8.6685, 41.14897 ], [ -8.67005, 41.14782 ], [ -8.67215, 41.14831 ], [ -8.6727, 41.14996 ], [ -8.67115, 41.15111 ] ] ] } },
{ "type": "Feature", "properties": { "id": 302, "population": 253, "o_score_pt": 1054.447, "o_score_car": 1266.517, "CDI": 0.091 }, "geometry": { "type": "Polygon", "coordinates": [ [ [ -8.58628, 41.16039 ], [ -8.58449, 41.15997 ], [ -8.58401, 41.15855 ], [ -8.58534, 41.15757 ], [ -8.58713, 41.15799 ], [ -8.58761, 41.15941 ], [ -8.58628, 41.16039 ] ] ] } },
{ "type": "Feature", "properties": { "id": 303, "population": 383, "o_score_pt": 1197.9, "o_score_car": 1421.253, "CDI": 0.085 }, "geometry": { "type": "Polygon", "coordinates": [ [ [ -8.66499, 41.17878 ], [ -8.66302, 41.17832 ], [ -8.66251, 41.17677 ], [ -8.66396, 41.1757 ], [ -8.66592, 41.17616 ], [ -8.66644, 41.1777 ], [ -8.66499, 41.17878 ] ] ] } },
{ "type": "Feature", "properties": { "id": 304, "population": 182, "o_score_pt": 681.797, "o_score_car": 1146.486, "CDI": 0.254 }, "geometry": { "type": "Polygon", "coordinates": [ [ [ -8.57124, 41.14821 ], [ -8.56958, 41.14782 ], [ -8.56914, 41.1465 ], [ -8.57036, 41.14559 ], [ -8.57203, 41.14598 ], [ -8.57247, 41.1473 ], [ -8.57124, 41.14821 ] ] ] } },
{ "type": "Feature", "properties": { "id": 305, "population": 758, "o_score_pt": 1350.305, "o_score_car": 1486.797, "CDI": 0.048 }, "geometry": { "type": "Polygon", "coordinates": [ [ [ -8.61728, 41.16104 ], [ -8.61503, 41.16052 ], [ -8.61445, 41.15876 ], [ -8.61611, 41.15753 ], [ -8.61835, 41.15805 ], [ -8.61893, 41.15981 ], [ -8.61728, 41.16104 ] ] ] } },
{ "type": "Feature", "properties": { "id": 306, "population": 459, "o_score_pt": 1108.491, "o_score_car": 1307.96, "CDI": 0.083 }, "geometry": { "type": "Polygon", "coordinates": [ [ [ -8.68575, 41.17505 ], [ -8.68371, 41.17458 ], [ -8.68318, 41.17298 ], [ -8.68468, 41.17186 ], [ -8.68672, 41.17233 ], [ -8.68726, 41.17394 ], [ -8.68575, 41.17505 ] ] ] } },
{ "type": "Feature", "properties": { "id": 307, "population": 365, "o_score_pt": 1059.738, "o_score_car": 1406.297, "CDI": 0.141 }, "geometry": { "type": "Polygon", "coordinates": [ [ [ -8.67899, 41.1614 ], [ -8.67704, 41.16095 ], [ -8.67653, 41.15942 ], [ -8.67796, 41.15835 ], [ -8.67991, 41.1588 ], [ -8.68042, 41.16034 ], [ -8.67899, 41.1614 ] ] ] } },
{ "type": "Feature", "properties": { "id": 308, "population": 1527, "o_score_pt": 1268.394, "o_score_car": 1451.398, "CDI": 0.067 }, "geometry": { "type": "Polygon", "coordinates": [ [ [ -8.60902, 41.16266 ], [ -8.60663, 41.1621 ], [ -8.60601, 41.16024 ], [ -8.60778, 41.15893 ], [ -8.61016, 41.15949 ], [ -8.61078, 41.16135 ], [ -8.60902, 41.16266 ] ] ] } },
{ "type": "Feature", "properties": { "id": 309, "population": 346, "o_score_pt": 711.183, "o_score_car": 1128.28, "CDI": 0.227 }, "geometry": { "type": "Polygon", "coordinates": [ [ [ -8.57016, 41.15158 ], [ -8.56824, 41.15113 ], [ -8.56774, 41.14961 ], [ -8.56915, 41.14856 ], [ -8.57108, 41.14901 ], [ -8.57158, 41.15053 ], [ -8.57016, 41.15158 ] ] ] } },
{ "type": "Feature", "properties": { "id": 310, "population": 1321, "o_score_pt": 1345.316, "o_score_car": 1503.25, "CDI": 0.055 }, "geometry": { "type": "Polygon", "coordinates": [ [ [ -8.64592, 41.16779 ], [ -8.64353, 41.16723 ], [ -8.64291, 41.16537 ], [ -8.64467, 41.16406 ], [ -8.64706, 41.16462 ], [ -8.64768, 41.16648 ], [ -8.64592, 41.16779 ] ] ] } },
{ "type": "Feature", "properties": { "id": 311, "population": 929, "o_score_pt": 1277.744, "o_score_car": 1447.72, "CDI": 0.062 }, "geometry": { "type": "Polygon", "coordinates": [ [ [ -8.63346, 41.17 ], [ -8.63114, 41.16947 ], [ -8.63053, 41.16765 ], [ -8.63225, 41.16637 ], [ -8.63457, 41.16691 ], [ -8.63518, 41.16873 ], [ -8.63346, 41.17 ] ] ] } },
{ "type": "Feature", "properties": { "id": 312, "population": 487, "o_score_pt": 970.95, "o_score_car": 1407.577, "CDI": 0.184 }, "geometry": { "type": "Polygon", "coordinates": [ [ [ -8.61223, 41.1855 ], [ -8.61017, 41.18502 ], [ -8.60963, 41.1834 ], [ -8.61115, 41.18227 ], [ -8.61321, 41.18275 ], [ -8.61376, 41.18437 ], [ -8.61223, 41.1855 ] ] ] } },
{ "type": "Feature", "properties": { "id": 313, "population": 259, "o_score_pt": 1151.963, "o_score_car": 1262.45, "CDI": 0.046 }, "geometry": { "type": "Polygon", "coordinates": [ [ [ -8.58557, 41.15164 ], [ -8.58376, 41.15122 ], [ -8.58329, 41.14979 ], [ -8.58462, 41.14881 ], [ -8.58642, 41.14923 ], [ -8.5869, 41.15066 ], [ -8.58557, 41.15164 ] ] ] } },
{ "type": "Feature", "properties": { "id": 314, "population": 1036, "o_score_pt": 1017.823, "o_score_car": 1301.347, "CDI": 0.122 }, "geometry": { "type": "Polygon", "coordinates": [ [ [ -8.57813, 41.16233 ], [ -8.57577, 41.16178 ], [ -8.57515, 41.15993 ], [ -8.5769, 41.15863 ], [ -8.57927, 41.15919 ], [ -8.57988, 41.16103 ], [ -8.57813, 41.16233 ] ] ] } },
{ "type": "Feature", "properties": { "id": 315, "population": 586, "o_score_pt": 814.088, "o_score_car": 1213.077, "CDI": 0.197 }, "geometry": { "type": "Polygon", "coordinates": [ [ [ -8.57164, 41.16924 ], [ -8.5695, 41.16875 ], [ -8.56895, 41.16707 ], [ -8.57052, 41.1659 ], [ -8.57266, 41.1664 ], [ -8.57322, 41.16807 ], [ -8.57164, 41.16924 ] ] ] } },
{ "type": "Feature", "properties": { "id": 316, "population": 1021, "o_score_pt": 974.189, "o_score_car": 1395.894, "CDI": 0.178 }, "geometry": { "type": "Polygon", "coordinates": [ [ [ -8.61045, 41.18014 ], [ -8.60808, 41.17959 ], [ -8.60747, 41.17775 ], [ -8.60922, 41.17645 ], [ -8.61158, 41.177 ], [ -8.61219, 41.17885 ], [ -8.61045, 41.18014 ] ] ] } },
{ "type": "Feature", "properties": { "id": 317, "population": 761, "o_score_pt": 1413.637, "o_score_car": 1544.341, "CDI": 0.044 }, "geometry": { "type": "Polygon", "coordinates": [ [ [ -8.63987, 41.16285 ], [ -8.63763, 41.16233 ], [ -8.63704, 41.16057 ], [ -8.6387, 41.15934 ], [ -8.64094, 41.15986 ], [ -8.64153, 41.16162 ], [ -8.63987, 41.16285 ] ] ] } },
{ "type": "Feature", "properties": { "id": 318, "population": 1197, "o_score_pt": 920.333, "o_score_car": 1310.982, "CDI": 0.175 }, "geometry": { "type": "Polygon", "coordinates": [ [ [ -8.589, 41.17517 ], [ -8.58662, 41.17462 ], [ -8.586, 41.17276 ], [ -8.58776, 41.17145 ], [ -8.59014, 41.17201 ], [ -8.59076, 41.17387 ], [ -8.589, 41.17517 ] ] ] } },
{ "type": "Feature", "properties": { "id": 319, "population": 539, "o_score_pt": 1363.933, "o_score_car": 1447.429, "CDI": 0.03 }, "geometry": { "type": "Polygon", "coordinates": [ [ [ -8.61652, 41.15218 ], [ -8.61442, 41.15169 ], [ -8.61387, 41.15004 ], [ -8.61542, 41.14889 ], [ -8.61753, 41.14938 ], [ -8.61808, 41.15103 ], [ -8.61652, 41.15218 ] ] ] } },
{ "type": "Feature", "properties": { "id": 320, "population": 873, "o_score_pt": 1092.82, "o_score_car": 1353.496, "CDI": 0.107 }, "geometry": { "type": "Polygon", "coordinates": [ [ [ -8.68322, 41.16092 ], [ -8.68092, 41.16038 ], [ -8.68032, 41.15859 ], [ -8.68202, 41.15732 ], [ -8.68432, 41.15786 ], [ -8.68492, 41.15965 ], [ -8.68322, 41.16092 ] ] ] } },
{ "type": "Feature", "properties": { "id": 321, "population": 696, "o_score_pt": 1428.49, "o_score_car": 1506.774, "CDI": 0.027 }, "geometry": { "type": "Polygon", "coordinates": [ [ [ -8.61426, 41.1586 ], [ -8.61206, 41.15808 ], [ -8.61148, 41.15636 ], [ -8.61311, 41.15515 ], [ -8.61532, 41.15566 ], [ -8.61589, 41.15739 ], [ -8.61426, 41.1586 ] ] ] } },
{ "type": "Feature", "properties": { "id": 322, "population": 1304, "o_score_pt": 1221.601, "o_score_car": 1413.423, "CDI": 0.073 }, "geometry": { "type": "Polygon", "coordinates": [ [ [ -8.60001, 41.15541 ], [ -8.59763, 41.15486 ], [ -8.59701, 41.153 ], [ -8.59877, 41.15169 ], [ -8.60115, 41.15224 ], [ -8.60177, 41.1541 ], [ -8.60001, 41.15541 ] ] ] } },
{ "type": "Feature", "properties": { "id": 323, "population": 720, "o_score_pt": 1035.108, "o_score_car": 1413.605, "CDI": 0.155 }, "geometry": { "type": "Polygon", "coordinates": [ [ [ -8.63415, 41.17868 ], [ -8.63193, 41.17816 ], [ -8.63135, 41.17642 ], [ -8.63299, 41.17521 ], [ -8.63522, 41.17572 ], [ -8.6358, 41.17746 ], [ -8.63415, 41.17868 ] ] ] } },
{ "type": "Feature", "properties": { "id": 324, "population": 288, "o_score_pt": 1038.444, "o_score_car": 1381.555, "CDI": 0.142 }, "geometry": { "type": "Polygon", "coordinates": [ [ [ -8.63106, 41.17598 ], [ -8.62921, 41.17555 ], [ -8.62872, 41.17409 ], [ -8.63008, 41.17308 ], [ -8.63193, 41.17351 ], [ -8.63242, 41.17497 ], [ -8.63106, 41.17598 ] ] ] } },
{ "type": "Feature", "properties": { "id": 325, "population": 659, "o_score_pt": 1426.392, "o_score_car": 1556.032, "CDI": 0.043 }, "geometry": { "type": "Polygon", "coordinates": [ [ [ -8.63685, 41.16039 ], [ -8.63467, 41.15988 ], [ -8.6341, 41.15817 ], [ -8.63571, 41.15697 ], [ -8.63789, 41.15748 ], [ -8.63847, 41.15919 ], [ -8.63685, 41.16039 ] ] ] } },
{ "type": "Feature", "properties": { "id": 326, "population": 1249, "o_score_pt": 1141.056, "o_score_car": 1381.993, "CDI": 0.095 }, "geometry": { "type": "Polygon", "coordinates": [ [ [ -8.59772, 41.16175 ], [ -8.59534, 41.16119 ], [ -8.59472, 41.15933 ], [ -8.59648, 41.15803 ], [ -8.59887, 41.15858 ], [ -8.59949, 41.16044 ], [ -8.59772, 41.16175 ] ] ] } },
{ "type": "Feature", "properties": { "id": 327, "population": 173, "o_score_pt": 951.865, "o_score_car": 1293.899, "CDI": 0.152 }, "geometry": { "type": "Polygon", "coordinates": [ [ [ -8.58253, 41.1491 ], [ -8.58089, 41.14872 ], [ -8.58045, 41.14741 ], [ -8.58166, 41.14652 ], [ -8.5833, 41.1469 ], [ -8.58374, 41.14821 ], [ -8.58253, 41.1491 ] ] ] } },
{ "type": "Feature", "properties": { "id": 328, "population": 465, "o_score_pt": 1485.323, "o_score_car": 1491.966, "CDI": 0.002 }, "geometry": { "type": "Polygon", "coordinates": [ [ [ -8.61351, 41.14972 ], [ -8.61146, 41.14924 ], [ -8.61093, 41.14764 ], [ -8.61243, 41.14652 ], [ -8.61448, 41.14699 ], [ -8.61501, 41.1486 ], [ -8.61351, 41.14972 ] ] ] } },
{ "type": "Feature", "properties": { "id": 329, "population": 599, "o_score_pt": 1532.023, "o_score_car": 1566.405, "CDI": 0.011 }, "geometry": { "type": "Polygon", "coordinates": [ [ [ -8.66131, 41.16775 ], [ -8.65916, 41.16725 ], [ -8.6586, 41.16557 ], [ -8.66018, 41.16439 ], [ -8.66233, 41.16489 ], [ -8.66289, 41.16657 ], [ -8.66131, 41.16775 ] ] ] } },
{ "type": "Feature", "properties": { "id": 330, "population": 1209, "o_score_pt": 936.633, "o_score_car": 1318.739, "CDI": 0.169 }, "geometry": { "type": "Polygon", "coordinates": [ [ [ -8.57999, 41.16793 ], [ -8.57761, 41.16737 ], [ -8.57699, 41.16551 ], [ -8.57876, 41.16421 ], [ -8.58114, 41.16476 ], [ -8.58176, 41.16662 ], [ -8.57999, 41.16793 ] ] ] } },
{ "type": "Feature", "properties": { "id": 331, "population": 18, "o_score_pt": 962.938, "o_score_car": 1309.777, "CDI": 0.153 }, "geometry": { "type": "Polygon", "coordinates": [ [ [ -8.59875, 41.17799 ], [ -8.598, 41.17782 ], [ -8.59779, 41.17718 ], [ -8.59832, 41.17679 ], [ -8.59907, 41.17696 ], [ -8.59928, 41.1776 ], [ -8.59875, 41.17799 ] ] ] } },
{ "type": "Feature", "properties": { "id": 332, "population": 42, "o_score_pt": 668.945, "o_score_car": 1173.582, "CDI": 0.274 }, "geometry": { "type": "Polygon", "coordinates": [ [ [ -8.56352, 41.15802 ], [ -8.56244, 41.15777 ], [ -8.56215, 41.15688 ], [ -8.56293, 41.1563 ], [ -8.56401, 41.15655 ], [ -8.5643, 41.15744 ], [ -8.56352, 41.15802 ] ] ] } },
{ "type": "Feature", "properties": { "id": 333, "population": 1093, "o_score_pt": 1153.317, "o_score_car": 1339.968, "CDI": 0.075 }, "geometry": { "type": "Polygon", "coordinates": [ [ [ -8.60258, 41.16975 ], [ -8.6002, 41.16919 ], [ -8.59958, 41.16733 ], [ -8.60134, 41.16602 ], [ -8.60373, 41.16658 ], [ -8.60435, 41.16844 ], [ -8.60258, 41.16975 ] ] ] } },
{ "type": "Feature", "properties": { "id": 334, "population": 700, "o_score_pt": 1593.126, "o_score_car": 1527.436, "CDI": -0.021 }, "geometry": { "type": "Polygon", "coordinates": [ [ [ -8.62856, 41.16192 ], [ -8.62636, 41.16141 ], [ -8.62578, 41.15968 ], [ -8.62741, 41.15846 ], [ -8.62962, 41.15898 ], [ -8.6302, 41.16071 ], [ -8.62856, 41.16192 ] ] ] } },
{ "type": "Feature", "properties": { "id": 335, "population": 935, "o_score_pt": 1328.255, "o_score_car": 1379.323, "CDI": 0.019 }, "geometry": { "type": "Polygon", "coordinates": [ [ [ -8.61886, 41.14601 ], [ -8.61654, 41.14547 ], [ -8.61593, 41.14365 ], [ -8.61765, 41.14238 ], [ -8.61998, 41.14292 ], [ -8.62058, 41.14474 ], [ -8.61886, 41.14601 ] ] ] } },
{ "type": "Feature", "properties": { "id": 336, "population": 788, "o_score_pt": 1157.585, "o_score_car": 1434.883, "CDI": 0.107 }, "geometry": { "type": "Polygon", "coordinates": [ [ [ -8.66289, 41.15274 ], [ -8.66064, 41.15222 ], [ -8.66005, 41.15045 ], [ -8.66171, 41.14921 ], [ -8.66397, 41.14974 ], [ -8.66456, 41.1515 ], [ -8.66289, 41.15274 ] ] ] } },
{ "type": "Feature", "properties": { "id": 337, "population": 1087, "o_score_pt": 1198.904, "o_score_car": 1456.934, "CDI": 0.097 }, "geometry": { "type": "Polygon", "coordinates": [ [ [ -8.65163, 41.15194 ], [ -8.64924, 41.15138 ], [ -8.64862, 41.14952 ], [ -8.65038, 41.14822 ], [ -8.65277, 41.14877 ], [ -8.65339, 41.15063 ], [ -8.65163, 41.15194 ] ] ] } },
{ "type": "Feature", "properties": { "id": 338, "population": 1153, "o_score_pt": 1333.048, "o_score_car": 1476.397, "CDI": 0.051 }, "geometry": { "type": "Polygon", "coordinates": [ [ [ -8.62031, 41.16356 ], [ -8.61793, 41.16301 ], [ -8.61731, 41.16115 ], [ -8.61907, 41.15984 ], [ -8.62146, 41.16039 ], [ -8.62208, 41.16225 ], [ -8.62031, 41.16356 ] ] ] } },
{ "type": "Feature", "properties": { "id": 339, "population": 870, "o_score_pt": 1310.234, "o_score_car": 1316.269, "CDI": 0.002 }, "geometry": { "type": "Polygon", "coordinates": [ [ [ -8.59699, 41.15293 ], [ -8.59469, 41.1524 ], [ -8.59409, 41.1506 ], [ -8.59579, 41.14934 ], [ -8.59809, 41.14987 ], [ -8.59868, 41.15167 ], [ -8.59699, 41.15293 ] ] ] } },
{ "type": "Feature", "properties": { "id": 340, "population": 483, "o_score_pt": 1065.591, "o_score_car": 1444.833, "CDI": 0.151 }, "geometry": { "type": "Polygon", "coordinates": [ [ [ -8.6281, 41.17372 ], [ -8.62604, 41.17325 ], [ -8.62551, 41.17163 ], [ -8.62702, 41.1705 ], [ -8.62908, 41.17098 ], [ -8.62962, 41.1726 ], [ -8.6281, 41.17372 ] ] ] } },
{ "type": "Feature", "properties": { "id": 341, "population": 569, "o_score_pt": 1440.348, "o_score_car": 1553.968, "CDI": 0.038 }, "geometry": { "type": "Polygon", "coordinates": [ [ [ -8.65114, 41.16366 ], [ -8.64902, 41.16317 ], [ -8.64846, 41.1615 ], [ -8.65003, 41.16034 ], [ -8.65215, 41.16083 ], [ -8.65271, 41.1625 ], [ -8.65114, 41.16366 ] ] ] } },
{ "type": "Feature", "properties": { "id": 342, "population": 367, "o_score_pt": 1288.01, "o_score_car": 1470.598, "CDI": 0.066 }, "geometry": { "type": "Polygon", "coordinates": [ [ [ -8.66769, 41.1605 ], [ -8.66574, 41.16005 ], [ -8.66523, 41.15852 ], [ -8.66666, 41.15745 ], [ -8.66861, 41.1579 ], [ -8.66912, 41.15944 ], [ -8.66769, 41.1605 ] ] ] } },
{ "type": "Feature", "properties": { "id": 343, "population": 100, "o_score_pt": 1016.409, "o_score_car": 1287.701, "CDI": 0.118 }, "geometry": { "type": "Polygon", "coordinates": [ [ [ -8.57947, 41.14652 ], [ -8.57805, 41.14619 ], [ -8.57767, 41.14504 ], [ -8.57871, 41.14427 ], [ -8.58013, 41.1446 ], [ -8.58051, 41.14575 ], [ -8.57947, 41.14652 ] ] ] } },
{ "type": "Feature", "properties": { "id": 344, "population": 1034, "o_score_pt": 1383.552, "o_score_car": 1513.874, "CDI": 0.045 }, "geometry": { "type": "Polygon", "coordinates": [ [ [ -8.62788, 41.15329 ], [ -8.62552, 41.15274 ], [ -8.6249, 41.15089 ], [ -8.62665, 41.14959 ], [ -8.62902, 41.15014 ], [ -8.62964, 41.15199 ], [ -8.62788, 41.15329 ] ] ] } },
{ "type": "Feature", "properties": { "id": 345, "population": 662, "o_score_pt": 1409.253, "o_score_car": 1520.388, "CDI": 0.038 }, "geometry": { "type": "Polygon", "coordinates": [ [ [ -8.65831, 41.16537 ], [ -8.65612, 41.16486 ], [ -8.65555, 41.16315 ], [ -8.65717, 41.16195 ], [ -8.65935, 41.16246 ], [ -8.65993, 41.16417 ], [ -8.65831, 41.16537 ] ] ] } },
{ "type": "Feature", "properties": { "id": 346, "population": 272, "o_score_pt": 1417.815, "o_score_car": 1392.587, "CDI": -0.009 }, "geometry": { "type": "Polygon", "coordinates": [ [ [ -8.66537, 41.16675 ], [ -8.66355, 41.16633 ], [ -8.66306, 41.16488 ], [ -8.66441, 41.16388 ], [ -8.66624, 41.16431 ], [ -8.66672, 41.16575 ], [ -8.66537, 41.16675 ] ] ] } },
{ "type": "Feature", "properties": { "id": 347, "population": 290, "o_score_pt": 1502.675, "o_score_car": 1375.431, "CDI": -0.044 }, "geometry": { "type": "Polygon", "coordinates": [ [ [ -8.6435, 41.17372 ], [ -8.64165, 41.17329 ], [ -8.64116, 41.17182 ], [ -8.64252, 41.17081 ], [ -8.64438, 41.17124 ], [ -8.64486, 41.1727 ], [ -8.6435, 41.17372 ] ] ] } },
{ "type": "Feature", "properties": { "id": 348, "population": 953, "o_score_pt": 1006.877, "o_score_car": 1349.187, "CDI": 0.145 }, "geometry": { "type": "Polygon", "coordinates": [ [ [ -8.59128, 41.1688 ], [ -8.58894, 41.16826 ], [ -8.58834, 41.16643 ], [ -8.59006, 41.16515 ], [ -8.5924, 41.1657 ], [ -8.593, 41.16752 ], [ -8.59128, 41.1688 ] ] ] } },
{ "type": "Feature", "properties": { "id": 349, "population": 560, "o_score_pt": 1460.898, "o_score_car": 1501.804, "CDI": 0.014 }, "geometry": { "type": "Polygon", "coordinates": [ [ [ -8.62554, 41.15943 ], [ -8.62342, 41.15894 ], [ -8.62287, 41.15728 ], [ -8.62443, 41.15612 ], [ -8.62655, 41.15661 ], [ -8.6271, 41.15827 ], [ -8.62554, 41.15943 ] ] ] } },
{ "type": "Feature", "properties": { "id": 350, "population": 277, "o_score_pt": 1147.586, "o_score_car": 1424.6, "CDI": 0.108 }, "geometry": { "type": "Polygon", "coordinates": [ [ [ -8.64848, 41.1491 ], [ -8.64665, 41.14868 ], [ -8.64617, 41.14723 ], [ -8.64752, 41.14622 ], [ -8.64935, 41.14665 ], [ -8.64983, 41.1481 ], [ -8.64848, 41.1491 ] ] ] } },
{ "type": "Feature", "properties": { "id": 351, "population": 708, "o_score_pt": 1420.3, "o_score_car": 1469.373, "CDI": 0.017 }, "geometry": { "type": "Polygon", "coordinates": [ [ [ -8.62484, 41.15075 ], [ -8.62263, 41.15024 ], [ -8.62205, 41.14851 ], [ -8.62369, 41.14729 ], [ -8.6259, 41.14781 ], [ -8.62648, 41.14954 ], [ -8.62484, 41.15075 ] ] ] } },
{ "type": "Feature", "properties": { "id": 352, "population": 4, "o_score_pt": 866.045, "o_score_car": 1319.334, "CDI": 0.207 }, "geometry": { "type": "Polygon", "coordinates": [ [ [ -8.60161, 41.17999 ], [ -8.60141, 41.17994 ], [ -8.60133, 41.17971 ], [ -8.60146, 41.17962 ], [ -8.60166, 41.17967 ], [ -8.60174, 41.1799 ], [ -8.60161, 41.17999 ] ] ] } },
{ "type": "Feature", "properties": { "id": 353, "population": 309, "o_score_pt": 1091.617, "o_score_car": 1380.694, "CDI": 0.117 }, "geometry": { "type": "Polygon", "coordinates": [ [ [ -8.63707, 41.18083 ], [ -8.6352, 41.18039 ], [ -8.6347, 41.17891 ], [ -8.63608, 41.17788 ], [ -8.63796, 41.17832 ], [ -8.63846, 41.1798 ], [ -8.63707, 41.18083 ] ] ] } },
{ "type": "Feature", "properties": { "id": 354, "population": 129, "o_score_pt": 1121.68, "o_score_car": 1426.969, "CDI": 0.12 }, "geometry": { "type": "Polygon", "coordinates": [ [ [ -8.6879, 41.16832 ], [ -8.68638, 41.16797 ], [ -8.68597, 41.16675 ], [ -8.68709, 41.16592 ], [ -8.68862, 41.16627 ], [ -8.68902, 41.16749 ], [ -8.6879, 41.16832 ] ] ] } },
{ "type": "Feature", "properties": { "id": 355, "population": 398, "o_score_pt": 1056.255, "o_score_car": 1214.092, "CDI": 0.07 }, "geometry": { "type": "Polygon", "coordinates": [ [ [ -8.5879, 41.14544 ], [ -8.58592, 41.14498 ], [ -8.5854, 41.14342 ], [ -8.58686, 41.14234 ], [ -8.58884, 41.1428 ], [ -8.58936, 41.14436 ], [ -8.5879, 41.14544 ] ] ] } },
{ "type": "Feature", "properties": { "id": 356, "population": 20, "o_score_pt": 887.386, "o_score_car": 1037.904, "CDI": 0.078 }, "geometry": { "type": "Polygon", "coordinates": [ [ [ -8.57431, 41.17062 ], [ -8.57352, 41.17044 ], [ -8.5733, 41.16977 ], [ -8.57386, 41.16935 ], [ -8.57465, 41.16954 ], [ -8.57487, 41.1702 ], [ -8.57431, 41.17062 ] ] ] } },
{ "type": "Feature", "properties": { "id": 357, "population": 1045, "o_score_pt": 948.41, "o_score_car": 1396.947, "CDI": 0.191 }, "geometry": { "type": "Polygon", "coordinates": [ [ [ -8.61345, 41.18256 ], [ -8.61108, 41.18201 ], [ -8.61046, 41.18016 ], [ -8.61222, 41.17886 ], [ -8.61459, 41.17941 ], [ -8.61521, 41.18126 ], [ -8.61345, 41.18256 ] ] ] } },
{ "type": "Feature", "properties": { "id": 358, "population": 793, "o_score_pt": 1339.323, "o_score_car": 1456.502, "CDI": 0.042 }, "geometry": { "type": "Polygon", "coordinates": [ [ [ -8.64817, 41.16135 ], [ -8.64591, 41.16083 ], [ -8.64532, 41.15906 ], [ -8.64699, 41.15782 ], [ -8.64925, 41.15834 ], [ -8.64984, 41.16011 ], [ -8.64817, 41.16135 ] ] ] } },
{ "type": "Feature", "properties": { "id": 359, "population": 690, "o_score_pt": 1292.124, "o_score_car": 1452.168, "CDI": 0.058 }, "geometry": { "type": "Polygon", "coordinates": [ [ [ -8.66474, 41.15828 ], [ -8.66254, 41.15777 ], [ -8.66196, 41.15605 ], [ -8.66359, 41.15484 ], [ -8.66579, 41.15535 ], [ -8.66637, 41.15708 ], [ -8.66474, 41.15828 ] ] ] } }
]
}
