{
"type": "FeatureCollection",
"name": "hexes",
"crs": { "type": "name", "properties": { "name": "urn:ogc:def:crs:OGC:1.3:CRS84" } },
"features": [
{ "type": "Feature", "properties": { "id": 0, "population": 193 }, "geometry": { "type": "Polygon", "coordinates": [ [ [ -8.57056, 41.1726 ], [ -8.57232, 41.17129 ], [ -8.5717, 41.16943 ], [ -8.56932, 41.16888 ], [ -8.56755, 41.17019 ], [ -8.56817, 41.17205 ], [ -8.57056, 41.1726 ], [ -8.57056, 41.1726 ] ] ] } },
{ "type": "Feature", "properties": { "id": 1, "population": 312 }, "geometry": { "type": "Polygon", "coordinates": [ [ [ -8.60931, 41.18333 ], [ -8.61107, 41.18202 ], [ -8.61045, 41.18016 ], [ -8.60807, 41.17961 ], [ -8.6063, 41.18091 ], [ -8.60692, 41.18277 ], [ -8.60931, 41.18333 ], [ -8.60931, 41.18333 ] ] ] } },
{ "type": "Feature", "properties": { "id": 2, "population": 1632 }, "geometry": { "type": "Polygon", "coordinates": [ [ [ -8.65349, 41.15752 ], [ -8.65525, 41.15621 ], [ -8.65463, 41.15435 ], [ -8.65225, 41.1538 ], [ -8.65048, 41.15511 ], [ -8.65111, 41.15697 ], [ -8.65349, 41.15752 ], [ -8.65349, 41.15752 ] ] ] } },
{ "type": "Feature", "properties": { "id": 3, "population": 26 }, "geometry": { "type": "Polygon", "coordinates": [ [ [ -8.59801, 41.18242 ], [ -8.59977, 41.18111 ], [ -8.59915, 41.17925 ], [ -8.59677, 41.1787 ], [ -8.59501, 41.18 ], [ -8.59563, 41.18187 ], [ -8.59801, 41.18242 ], [ -8.59801, 41.18242 ] ] ] } },
{ "type": "Feature", "properties": { "id": 4, "population": 451 }, "geometry": { "type": "Polygon", "coordinates": [ [ [ -8.55555, 41.16052 ], [ -8.55731, 41.15922 ], [ -8.5567, 41.15736 ], [ -8.55431, 41.1568 ], [ -8.55255, 41.15811 ], [ -8.55317, 41.15997 ], [ -8.55555, 41.16052 ], [ -8.55555, 41.16052 ] ] ] } },
{ "type": "Feature", "properties": { "id": 5, "population": 1650 }, "geometry": { "type": "Polygon", "coordinates": [ [ [ -8.62332, 41.16598 ], [ -8.62508, 41.16467 ], [ -8.62446, 41.16281 ], [ -8.62208, 41.16225 ], [ -8.62031, 41.16356 ], [ -8.62094, 41.16542 ], [ -8.62332, 41.16598 ], [ -8.62332, 41.16598 ] ] ] } },
{ "type": "Feature", "properties": { "id": 6, "population": 329 }, "geometry": { "type": "Polygon", "coordinates": [ [ [ -8.66064, 41.15918 ], [ -8.6624, 41.15787 ], [ -8.66178, 41.15601 ], [ -8.6594, 41.15546 ], [ -8.65764, 41.15677 ], [ -8.65826, 41.15863 ], [ -8.66064, 41.15918 ], [ -8.66064, 41.15918 ] ] ] } },
{ "type": "Feature", "properties": { "id": 7, "population": 158 }, "geometry": { "type": "Polygon", "coordinates": [ [ [ -8.64447, 41.15028 ], [ -8.64624, 41.14897 ], [ -8.64562, 41.14711 ], [ -8.64323, 41.14656 ], [ -8.64147, 41.14787 ], [ -8.64209, 41.14973 ], [ -8.64447, 41.15028 ], [ -8.64447, 41.15028 ] ] ] } },
{ "type": "Feature", "properties": { "id": 8, "population": 600 }, "geometry": { "type": "Polygon", "coordinates": [ [ [ -8.63089, 41.15571 ], [ -8.63266, 41.15441 ], [ -8.63204, 41.15254 ], [ -8.62965, 41.15199 ], [ -8.62789, 41.1533 ], [ -8.62851, 41.15516 ], [ -8.63089, 41.15571 ], [ -8.63089, 41.15571 ] ] ] } },
{ "type": "Feature", "properties": { "id": 9, "population": 618 }, "geometry": { "type": "Polygon", "coordinates": [ [ [ -8.594, 41.15058 ], [ -8.59577, 41.14927 ], [ -8.59515, 41.14741 ], [ -8.59277, 41.14686 ], [ -8.591, 41.14817 ], [ -8.59162, 41.15003 ], [ -8.594, 41.15058 ], [ -8.594, 41.15058 ] ] ] } },
{ "type": "Feature", "properties": { "id": 10, "population": 925 }, "geometry": { "type": "Polygon", "coordinates": [ [ [ -8.62074, 41.15164 ], [ -8.6225, 41.15033 ], [ -8.62188, 41.14847 ], [ -8.6195, 41.14792 ], [ -8.61774, 41.14923 ], [ -8.61836, 41.15109 ], [ -8.62074, 41.15164 ], [ -8.62074, 41.15164 ] ] ] } },
{ "type": "Feature", "properties": { "id": 11, "population": 867 }, "geometry": { "type": "Polygon", "coordinates": [ [ [ -8.59729, 41.17367 ], [ -8.59906, 41.17236 ], [ -8.59844, 41.1705 ], [ -8.59605, 41.16995 ], [ -8.59429, 41.17125 ], [ -8.59491, 41.17311 ], [ -8.59729, 41.17367 ], [ -8.59729, 41.17367 ] ] ] } },
{ "type": "Feature", "properties": { "id": 12, "population": 571 }, "geometry": { "type": "Polygon", "coordinates": [ [ [ -8.66852, 41.16959 ], [ -8.67028, 41.16828 ], [ -8.66966, 41.16642 ], [ -8.66728, 41.16587 ], [ -8.66551, 41.16718 ], [ -8.66613, 41.16904 ], [ -8.66852, 41.16959 ], [ -8.66852, 41.16959 ] ] ] } },
{ "type": "Feature", "properties": { "id": 13, "population": 488 }, "geometry": { "type": "Polygon", "coordinates": [ [ [ -8.60859, 41.17458 ], [ -8.61036, 41.17327 ], [ -8.60973, 41.17141 ], [ -8.60735, 41.17085 ], [ -8.60559, 41.17216 ], [ -8.60621, 41.17402 ], [ -8.60859, 41.17458 ], [ -8.60859, 41.17458 ] ] ] } },
{ "type": "Feature", "properties": { "id": 14, "population": 1638 }, "geometry": { "type": "Polygon", "coordinates": [ [ [ -8.56984, 41.16385 ], [ -8.57161, 41.16254 ], [ -8.57099, 41.16068 ], [ -8.56861, 41.16013 ], [ -8.56684, 41.16143 ], [ -8.56746, 41.1633 ], [ -8.56984, 41.16385 ], [ -8.56984, 41.16385 ] ] ] } },
{ "type": "Feature", "properties": { "id": 15, "population": 262 }, "geometry": { "type": "Polygon", "coordinates": [ [ [ -8.67153, 41.172 ], [ -8.67329, 41.1707 ], [ -8.67267, 41.16883 ], [ -8.67028, 41.16828 ], [ -8.66852, 41.16959 ], [ -8.66914, 41.17145 ], [ -8.67153, 41.172 ], [ -8.67153, 41.172 ] ] ] } },
{ "type": "Feature", "properties": { "id": 16, "population": 33 }, "geometry": { "type": "Polygon", "coordinates": [ [ [ -8.59501, 41.18 ], [ -8.59677, 41.1787 ], [ -8.59615, 41.17684 ], [ -8.59377, 41.17628 ], [ -8.592, 41.17759 ], [ -8.59262, 41.17945 ], [ -8.59501, 41.18 ], [ -8.59501, 41.18 ] ] ] } },
{ "type": "Feature", "properties": { "id": 17, "population": 1169 }, "geometry": { "type": "Polygon", "coordinates": [ [ [ -8.63005, 41.17956 ], [ -8.63181, 41.17825 ], [ -8.63119, 41.17639 ], [ -8.62881, 41.17584 ], [ -8.62704, 41.17714 ], [ -8.62766, 41.179 ], [ -8.63005, 41.17956 ], [ -8.63005, 41.17956 ] ] ] } },
{ "type": "Feature", "properties": { "id": 18, "population": 40 }, "geometry": { "type": "Polygon", "coordinates": [ [ [ -8.6063, 41.18091 ], [ -8.60807, 41.17961 ], [ -8.60745, 41.17774 ], [ -8.60506, 41.17719 ], [ -8.6033, 41.1785 ], [ -8.60392, 41.18036 ], [ -8.6063, 41.18091 ], [ -8.6063, 41.18091 ] ] ] } },
{ "type": "Feature", "properties": { "id": 19, "population": 1401 }, "geometry": { "type": "Polygon", "coordinates": [ [ [ -8.583, 41.17034 ], [ -8.58476, 41.16904 ], [ -8.58414, 41.16718 ], [ -8.58176, 41.16662 ], [ -8.57999, 41.16793 ], [ -8.58061, 41.16979 ], [ -8.583, 41.17034 ], [ -8.583, 41.17034 ] ] ] } },
{ "type": "Feature", "properties": { "id": 20, "population": 438 }, "geometry": { "type": "Polygon", "coordinates": [ [ [ -8.65421, 41.16627 ], [ -8.65597, 41.16497 ], [ -8.65535, 41.16311 ], [ -8.65297, 41.16255 ], [ -8.65121, 41.16386 ], [ -8.65183, 41.16572 ], [ -8.65421, 41.16627 ], [ -8.65421, 41.16627 ] ] ] } },
{ "type": "Feature", "properties": { "id": 21, "population": 368 }, "geometry": { "type": "Polygon", "coordinates": [ [ [ -8.63876, 41.16613 ], [ -8.64053, 41.16482 ], [ -8.63991, 41.16296 ], [ -8.63752, 41.1624 ], [ -8.63576, 41.16371 ], [ -8.63638, 41.16557 ], [ -8.63876, 41.16613 ], [ -8.63876, 41.16613 ] ] ] } },
{ "type": "Feature", "properties": { "id": 22, "population": 579 }, "geometry": { "type": "Polygon", "coordinates": [ [ [ -8.591, 41.14817 ], [ -8.59277, 41.14686 ], [ -8.59215, 41.145 ], [ -8.58976, 41.14444 ], [ -8.588, 41.14575 ], [ -8.58862, 41.14761 ], [ -8.591, 41.14817 ], [ -8.591, 41.14817 ] ] ] } },
{ "type": "Feature", "properties": { "id": 23, "population": 612 }, "geometry": { "type": "Polygon", "coordinates": [ [ [ -8.62374, 41.15405 ], [ -8.62551, 41.15275 ], [ -8.62489, 41.15089 ], [ -8.6225, 41.15033 ], [ -8.62074, 41.15164 ], [ -8.62136, 41.1535 ], [ -8.62374, 41.15405 ], [ -8.62374, 41.15405 ] ] ] } },
{ "type": "Feature", "properties": { "id": 24, "population": 614 }, "geometry": { "type": "Polygon", "coordinates": [ [ [ -8.59429, 41.17125 ], [ -8.59605, 41.16995 ], [ -8.59544, 41.16808 ], [ -8.59305, 41.16753 ], [ -8.59129, 41.16884 ], [ -8.59191, 41.1707 ], [ -8.59429, 41.17125 ], [ -8.59429, 41.17125 ] ] ] } },
{ "type": "Feature", "properties": { "id": 25, "population": 897 }, "geometry": { "type": "Polygon", "coordinates": [ [ [ -8.63648, 41.17247 ], [ -8.63824, 41.17116 ], [ -8.63762, 41.1693 ], [ -8.63524, 41.16874 ], [ -8.63347, 41.17005 ], [ -8.6341, 41.17191 ], [ -8.63648, 41.17247 ], [ -8.63648, 41.17247 ] ] ] } },
{ "type": "Feature", "properties": { "id": 26, "population": 1 }, "geometry": { "type": "Polygon", "coordinates": [ [ [ -8.68283, 41.17291 ], [ -8.68459, 41.1716 ], [ -8.68397, 41.16974 ], [ -8.68159, 41.16918 ], [ -8.67982, 41.17049 ], [ -8.68044, 41.17235 ], [ -8.68283, 41.17291 ], [ -8.68283, 41.17291 ] ] ] } },
{ "type": "Feature", "properties": { "id": 27, "population": 359 }, "geometry": { "type": "Polygon", "coordinates": [ [ [ -8.57557, 41.14801 ], [ -8.57733, 41.1467 ], [ -8.57671, 41.14484 ], [ -8.57433, 41.14429 ], [ -8.57257, 41.14559 ], [ -8.57318, 41.14746 ], [ -8.57557, 41.14801 ], [ -8.57557, 41.14801 ] ] ] } },
{ "type": "Feature", "properties": { "id": 28, "population": 1103 }, "geometry": { "type": "Polygon", "coordinates": [ [ [ -8.60073, 41.16416 ], [ -8.60249, 41.16286 ], [ -8.60187, 41.16099 ], [ -8.59949, 41.16044 ], [ -8.59772, 41.16175 ], [ -8.59834, 41.16361 ], [ -8.60073, 41.16416 ], [ -8.60073, 41.16416 ] ] ] } },
{ "type": "Feature", "properties": { "id": 29, "population": 776 }, "geometry": { "type": "Polygon", "coordinates": [ [ [ -8.60601, 41.16024 ], [ -8.60778, 41.15893 ], [ -8.60716, 41.15707 ], [ -8.60478, 41.15652 ], [ -8.60301, 41.15783 ], [ -8.60363, 41.15969 ], [ -8.60601, 41.16024 ], [ -8.60601, 41.16024 ] ] ] } },
{ "type": "Feature", "properties": { "id": 30, "population": 336 }, "geometry": { "type": "Polygon", "coordinates": [ [ [ -8.65577, 41.15118 ], [ -8.65753, 41.14987 ], [ -8.65691, 41.14801 ], [ -8.65453, 41.14746 ], [ -8.65277, 41.14877 ], [ -8.65339, 41.15063 ], [ -8.65577, 41.15118 ], [ -8.65577, 41.15118 ] ] ] } },
{ "type": "Feature", "properties": { "id": 31, "population": 786 }, "geometry": { "type": "Polygon", "coordinates": [ [ [ -8.60559, 41.17216 ], [ -8.60735, 41.17085 ], [ -8.60673, 41.16899 ], [ -8.60435, 41.16844 ], [ -8.60258, 41.16975 ], [ -8.6032, 41.17161 ], [ -8.60559, 41.17216 ], [ -8.60559, 41.17216 ] ] ] } },
{ "type": "Feature", "properties": { "id": 32, "population": 559 }, "geometry": { "type": "Polygon", "coordinates": [ [ [ -8.56684, 41.16143 ], [ -8.56861, 41.16013 ], [ -8.56799, 41.15827 ], [ -8.56561, 41.15771 ], [ -8.56384, 41.15902 ], [ -8.56446, 41.16088 ], [ -8.56684, 41.16143 ], [ -8.56684, 41.16143 ] ] ] } },
{ "type": "Feature", "properties": { "id": 33, "population": 440 }, "geometry": { "type": "Polygon", "coordinates": [ [ [ -8.59629, 41.14424 ], [ -8.59805, 41.14294 ], [ -8.59744, 41.14107 ], [ -8.59505, 41.14052 ], [ -8.59329, 41.14183 ], [ -8.59391, 41.14369 ], [ -8.59629, 41.14424 ], [ -8.59629, 41.14424 ] ] ] } },
{ "type": "Feature", "properties": { "id": 34, "population": 139 }, "geometry": { "type": "Polygon", "coordinates": [ [ [ -8.56084, 41.1566 ], [ -8.5626, 41.1553 ], [ -8.56199, 41.15344 ], [ -8.5596, 41.15288 ], [ -8.55784, 41.15419 ], [ -8.55846, 41.15605 ], [ -8.56084, 41.1566 ], [ -8.56084, 41.1566 ] ] ] } },
{ "type": "Feature", "properties": { "id": 35, "population": 121 }, "geometry": { "type": "Polygon", "coordinates": [ [ [ -8.65649, 41.15994 ], [ -8.65826, 41.15863 ], [ -8.65764, 41.15677 ], [ -8.65525, 41.15621 ], [ -8.65349, 41.15752 ], [ -8.65411, 41.15938 ], [ -8.65649, 41.15994 ], [ -8.65649, 41.15994 ] ] ] } },
{ "type": "Feature", "properties": { "id": 36, "population": 1201 }, "geometry": { "type": "Polygon", "coordinates": [ [ [ -8.63576, 41.16371 ], [ -8.63752, 41.1624 ], [ -8.6369, 41.16054 ], [ -8.63452, 41.15999 ], [ -8.63276, 41.1613 ], [ -8.63338, 41.16316 ], [ -8.63576, 41.16371 ], [ -8.63576, 41.16371 ] ] ] } },
{ "type": "Feature", "properties": { "id": 37, "population": 869 }, "geometry": { "type": "Polygon", "coordinates": [ [ [ -8.67194, 41.16008 ], [ -8.67371, 41.15877 ], [ -8.67308, 41.15691 ], [ -8.6707, 41.15636 ], [ -8.66894, 41.15767 ], [ -8.66956, 41.15953 ], [ -8.67194, 41.16008 ], [ -8.67194, 41.16008 ] ] ] } },
{ "type": "Feature", "properties": { "id": 38, "population": 634 }, "geometry": { "type": "Polygon", "coordinates": [ [ [ -8.6053, 41.15149 ], [ -8.60706, 41.15018 ], [ -8.60644, 41.14832 ], [ -8.60406, 41.14777 ], [ -8.6023, 41.14907 ], [ -8.60292, 41.15093 ], [ -8.6053, 41.15149 ], [ -8.6053, 41.15149 ] ] ] } },
{ "type": "Feature", "properties": { "id": 39, "population": 158 }, "geometry": { "type": "Polygon", "coordinates": [ [ [ -8.56941, 41.17577 ], [ -8.57118, 41.17446 ], [ -8.57056, 41.1726 ], [ -8.56817, 41.17205 ], [ -8.56641, 41.17335 ], [ -8.56703, 41.17521 ], [ -8.56941, 41.17577 ], [ -8.56941, 41.17577 ] ] ] } },
{ "type": "Feature", "properties": { "id": 40, "population": 169 }, "geometry": { "type": "Polygon", "coordinates": [ [ [ -8.62404, 41.17473 ], [ -8.6258, 41.17342 ], [ -8.62518, 41.17156 ], [ -8.6228, 41.17101 ], [ -8.62103, 41.17231 ], [ -8.62165, 41.17418 ], [ -8.62404, 41.17473 ], [ -8.62404, 41.17473 ] ] ] } },
{ "type": "Feature", "properties": { "id": 41, "population": 473 }, "geometry": { "type": "Polygon", "coordinates": [ [ [ -8.65794, 41.17744 ], [ -8.6597, 41.17613 ], [ -8.65908, 41.17427 ], [ -8.6567, 41.17372 ], [ -8.65493, 41.17503 ], [ -8.65556, 41.17689 ], [ -8.65794, 41.17744 ], [ -8.65794, 41.17744 ] ] ] } },
{ "type": "Feature", "properties": { "id": 42, "population": 188 }, "geometry": { "type": "Polygon", "coordinates": [ [ [ -8.57956, 41.17985 ], [ -8.58133, 41.17854 ], [ -8.58071, 41.17668 ], [ -8.57832, 41.17613 ], [ -8.57656, 41.17743 ], [ -8.57718, 41.17929 ], [ -8.57956, 41.17985 ], [ -8.57956, 41.17985 ] ] ] } },
{ "type": "Feature", "properties": { "id": 43, "population": 805 }, "geometry": { "type": "Polygon", "coordinates": [ [ [ -8.59286, 41.15375 ], [ -8.59462, 41.15244 ], [ -8.594, 41.15058 ], [ -8.59162, 41.15003 ], [ -8.58986, 41.15133 ], [ -8.59048, 41.1532 ], [ -8.59286, 41.15375 ], [ -8.59286, 41.15375 ] ] ] } },
{ "type": "Feature", "properties": { "id": 44, "population": 2 }, "geometry": { "type": "Polygon", "coordinates": [ [ [ -8.67982, 41.17049 ], [ -8.68159, 41.16918 ], [ -8.68096, 41.16732 ], [ -8.67858, 41.16677 ], [ -8.67682, 41.16808 ], [ -8.67744, 41.16994 ], [ -8.67982, 41.17049 ], [ -8.67982, 41.17049 ] ] ] } },
{ "type": "Feature", "properties": { "id": 45, "population": 730 }, "geometry": { "type": "Polygon", "coordinates": [ [ [ -8.60301, 41.15783 ], [ -8.60478, 41.15652 ], [ -8.60416, 41.15466 ], [ -8.60177, 41.1541 ], [ -8.60001, 41.15541 ], [ -8.60063, 41.15727 ], [ -8.60301, 41.15783 ], [ -8.60301, 41.15783 ] ] ] } },
{ "type": "Feature", "properties": { "id": 46, "population": 636 }, "geometry": { "type": "Polygon", "coordinates": [ [ [ -8.61989, 41.17548 ], [ -8.62165, 41.17418 ], [ -8.62103, 41.17231 ], [ -8.61865, 41.17176 ], [ -8.61689, 41.17307 ], [ -8.61751, 41.17493 ], [ -8.61989, 41.17548 ], [ -8.61989, 41.17548 ] ] ] } },
{ "type": "Feature", "properties": { "id": 47, "population": 30 }, "geometry": { "type": "Polygon", "coordinates": [ [ [ -8.59329, 41.14183 ], [ -8.59505, 41.14052 ], [ -8.59443, 41.13866 ], [ -8.59205, 41.13811 ], [ -8.59029, 41.13941 ], [ -8.59091, 41.14127 ], [ -8.59329, 41.14183 ], [ -8.59329, 41.14183 ] ] ] } },
{ "type": "Feature", "properties": { "id": 48, "population": 218 }, "geometry": { "type": "Polygon", "coordinates": [ [ [ -8.64135, 41.18046 ], [ -8.64311, 41.17915 ], [ -8.64249, 41.17729 ], [ -8.64011, 41.17674 ], [ -8.63834, 41.17805 ], [ -8.63896, 41.17991 ], [ -8.64135, 41.18046 ], [ -8.64135, 41.18046 ] ] ] } },
{ "type": "Feature", "properties": { "id": 49, "population": 508 }, "geometry": { "type": "Polygon", "coordinates": [ [ [ -8.63318, 41.14938 ], [ -8.63494, 41.14807 ], [ -8.63432, 41.14621 ], [ -8.63194, 41.14565 ], [ -8.63017, 41.14696 ], [ -8.63079, 41.14882 ], [ -8.63318, 41.14938 ], [ -8.63318, 41.14938 ] ] ] } },
{ "type": "Feature", "properties": { "id": 50, "population": 129 }, "geometry": { "type": "Polygon", "coordinates": [ [ [ -8.55784, 41.15419 ], [ -8.5596, 41.15288 ], [ -8.55899, 41.15102 ], [ -8.5566, 41.15047 ], [ -8.55484, 41.15177 ], [ -8.55546, 41.15363 ], [ -8.55784, 41.15419 ], [ -8.55784, 41.15419 ] ] ] } },
{ "type": "Feature", "properties": { "id": 51, "population": 263 }, "geometry": { "type": "Polygon", "coordinates": [ [ [ -8.6176, 41.18182 ], [ -8.61937, 41.18051 ], [ -8.61875, 41.17865 ], [ -8.61636, 41.1781 ], [ -8.6146, 41.17941 ], [ -8.61522, 41.18127 ], [ -8.6176, 41.18182 ], [ -8.6176, 41.18182 ] ] ] } },
{ "type": "Feature", "properties": { "id": 52, "population": 1412 }, "geometry": { "type": "Polygon", "coordinates": [ [ [ -8.65006, 41.16703 ], [ -8.65183, 41.16572 ], [ -8.65121, 41.16386 ], [ -8.64882, 41.16331 ], [ -8.64706, 41.16462 ], [ -8.64768, 41.16648 ], [ -8.65006, 41.16703 ], [ -8.65006, 41.16703 ] ] ] } },
{ "type": "Feature", "properties": { "id": 53, "population": 1187 }, "geometry": { "type": "Polygon", "coordinates": [ [ [ -8.6023, 41.14907 ], [ -8.60406, 41.14777 ], [ -8.60344, 41.1459 ], [ -8.60106, 41.14535 ], [ -8.59929, 41.14666 ], [ -8.59991, 41.14852 ], [ -8.6023, 41.14907 ], [ -8.6023, 41.14907 ] ] ] } },
{ "type": "Feature", "properties": { "id": 54, "population": 317 }, "geometry": { "type": "Polygon", "coordinates": [ [ [ -8.58228, 41.16159 ], [ -8.58405, 41.16029 ], [ -8.58343, 41.15842 ], [ -8.58104, 41.15787 ], [ -8.57928, 41.15918 ], [ -8.5799, 41.16104 ], [ -8.58228, 41.16159 ], [ -8.58228, 41.16159 ] ] ] } },
{ "type": "Feature", "properties": { "id": 55, "population": 883 }, "geometry": { "type": "Polygon", "coordinates": [ [ [ -8.62632, 41.16839 ], [ -8.62809, 41.16708 ], [ -8.62747, 41.16522 ], [ -8.62508, 41.16467 ], [ -8.62332, 41.16598 ], [ -8.62394, 41.16784 ], [ -8.62632, 41.16839 ], [ -8.62632, 41.16839 ] ] ] } },
{ "type": "Feature", "properties": { "id": 56, "population": 227 }, "geometry": { "type": "Polygon", "coordinates": [ [ [ -8.64778, 41.17337 ], [ -8.64954, 41.17206 ], [ -8.64892, 41.1702 ], [ -8.64654, 41.16965 ], [ -8.64477, 41.17096 ], [ -8.6454, 41.17282 ], [ -8.64778, 41.17337 ], [ -8.64778, 41.17337 ] ] ] } },
{ "type": "Feature", "properties": { "id": 57, "population": 130 }, "geometry": { "type": "Polygon", "coordinates": [ [ [ -8.57656, 41.17743 ], [ -8.57832, 41.17613 ], [ -8.5777, 41.17426 ], [ -8.57532, 41.17371 ], [ -8.57356, 41.17502 ], [ -8.57418, 41.17688 ], [ -8.57656, 41.17743 ], [ -8.57656, 41.17743 ] ] ] } },
{ "type": "Feature", "properties": { "id": 58, "population": 444 }, "geometry": { "type": "Polygon", "coordinates": [ [ [ -8.67308, 41.15691 ], [ -8.67485, 41.1556 ], [ -8.67422, 41.15374 ], [ -8.67184, 41.15319 ], [ -8.67008, 41.1545 ], [ -8.6707, 41.15636 ], [ -8.67308, 41.15691 ], [ -8.67308, 41.15691 ] ] ] } },
{ "type": "Feature", "properties": { "id": 59, "population": 255 }, "geometry": { "type": "Polygon", "coordinates": [ [ [ -8.6339, 41.15813 ], [ -8.63566, 41.15682 ], [ -8.63504, 41.15496 ], [ -8.63266, 41.15441 ], [ -8.63089, 41.15571 ], [ -8.63151, 41.15758 ], [ -8.6339, 41.15813 ], [ -8.6339, 41.15813 ] ] ] } },
{ "type": "Feature", "properties": { "id": 60, "population": 239 }, "geometry": { "type": "Polygon", "coordinates": [ [ [ -8.58829, 41.16642 ], [ -8.59005, 41.16512 ], [ -8.58943, 41.16325 ], [ -8.58705, 41.1627 ], [ -8.58528, 41.16401 ], [ -8.5859, 41.16587 ], [ -8.58829, 41.16642 ], [ -8.58829, 41.16642 ] ] ] } },
{ "type": "Feature", "properties": { "id": 61, "population": 873 }, "geometry": { "type": "Polygon", "coordinates": [ [ [ -8.61689, 41.17307 ], [ -8.61865, 41.17176 ], [ -8.61803, 41.1699 ], [ -8.61565, 41.16935 ], [ -8.61388, 41.17065 ], [ -8.6145, 41.17251 ], [ -8.61689, 41.17307 ], [ -8.61689, 41.17307 ] ] ] } },
{ "type": "Feature", "properties": { "id": 62, "population": 743 }, "geometry": { "type": "Polygon", "coordinates": [ [ [ -8.60758, 41.14515 ], [ -8.60935, 41.14384 ], [ -8.60873, 41.14198 ], [ -8.60635, 41.14143 ], [ -8.60458, 41.14274 ], [ -8.6052, 41.1446 ], [ -8.60758, 41.14515 ], [ -8.60758, 41.14515 ] ] ] } },
{ "type": "Feature", "properties": { "id": 63, "population": 1415 }, "geometry": { "type": "Polygon", "coordinates": [ [ [ -8.61088, 41.16824 ], [ -8.61264, 41.16693 ], [ -8.61202, 41.16507 ], [ -8.60964, 41.16452 ], [ -8.60787, 41.16582 ], [ -8.60849, 41.16769 ], [ -8.61088, 41.16824 ], [ -8.61088, 41.16824 ] ] ] } },
{ "type": "Feature", "properties": { "id": 64, "population": 177 }, "geometry": { "type": "Polygon", "coordinates": [ [ [ -8.57213, 41.15751 ], [ -8.5739, 41.15621 ], [ -8.57328, 41.15435 ], [ -8.5709, 41.15379 ], [ -8.56913, 41.1551 ], [ -8.56975, 41.15696 ], [ -8.57213, 41.15751 ], [ -8.57213, 41.15751 ] ] ] } },
{ "type": "Feature", "properties": { "id": 65, "population": 794 }, "geometry": { "type": "Polygon", "coordinates": [ [ [ -8.64706, 41.16462 ], [ -8.64882, 41.16331 ], [ -8.6482, 41.16145 ], [ -8.64582, 41.16089 ], [ -8.64405, 41.1622 ], [ -8.64467, 41.16406 ], [ -8.64706, 41.16462 ], [ -8.64706, 41.16462 ] ] ] } },
{ "type": "Feature", "properties": { "id": 66, "population": 236 }, "geometry": { "type": "Polygon", "coordinates": [ [ [ -8.58757, 41.15767 ], [ -8.58934, 41.15636 ], [ -8.58872, 41.1545 ], [ -8.58633, 41.15395 ], [ -8.58457, 41.15526 ], [ -8.58519, 41.15712 ], [ -8.58757, 41.15767 ], [ -8.58757, 41.15767 ] ] ] } },
{ "type": "Feature", "properties": { "id": 67, "population": 181 }, "geometry": { "type": "Polygon", "coordinates": [ [ [ -8.68625, 41.16339 ], [ -8.68801, 41.16209 ], [ -8.68739, 41.16022 ], [ -8.68501, 41.15967 ], [ -8.68324, 41.16098 ], [ -8.68387, 41.16284 ], [ -8.68625, 41.16339 ], [ -8.68625, 41.16339 ] ] ] } },
{ "type": "Feature", "properties": { "id": 68, "population": 834 }, "geometry": { "type": "Polygon", "coordinates": [ [ [ -8.66924, 41.17834 ], [ -8.67101, 41.17704 ], [ -8.67039, 41.17517 ], [ -8.668, 41.17462 ], [ -8.66624, 41.17593 ], [ -8.66686, 41.17779 ], [ -8.66924, 41.17834 ], [ -8.66924, 41.17834 ] ] ] } },
{ "type": "Feature", "properties": { "id": 69, "population": 706 }, "geometry": { "type": "Polygon", "coordinates": [ [ [ -8.57928, 41.15918 ], [ -8.58104, 41.15787 ], [ -8.58042, 41.15601 ], [ -8.57804, 41.15545 ], [ -8.57628, 41.15676 ], [ -8.5769, 41.15862 ], [ -8.57928, 41.15918 ], [ -8.57928, 41.15918 ] ] ] } },
{ "type": "Feature", "properties": { "id": 70, "population": 119 }, "geometry": { "type": "Polygon", "coordinates": [ [ [ -8.59086, 41.18076 ], [ -8.59262, 41.17945 ], [ -8.592, 41.17759 ], [ -8.58962, 41.17704 ], [ -8.58786, 41.17834 ], [ -8.58848, 41.1802 ], [ -8.59086, 41.18076 ], [ -8.59086, 41.18076 ] ] ] } },
{ "type": "Feature", "properties": { "id": 71, "population": 908 }, "geometry": { "type": "Polygon", "coordinates": [ [ [ -8.586, 41.17276 ], [ -8.58776, 41.17145 ], [ -8.58714, 41.16959 ], [ -8.58476, 41.16904 ], [ -8.583, 41.17034 ], [ -8.58361, 41.17221 ], [ -8.586, 41.17276 ], [ -8.586, 41.17276 ] ] ] } },
{ "type": "Feature", "properties": { "id": 72, "population": 608 }, "geometry": { "type": "Polygon", "coordinates": [ [ [ -8.67008, 41.1545 ], [ -8.67184, 41.15319 ], [ -8.67122, 41.15133 ], [ -8.66883, 41.15077 ], [ -8.66707, 41.15208 ], [ -8.66769, 41.15394 ], [ -8.67008, 41.1545 ], [ -8.67008, 41.1545 ] ] ] } },
{ "type": "Feature", "properties": { "id": 73, "population": 300 }, "geometry": { "type": "Polygon", "coordinates": [ [ [ -8.58528, 41.16401 ], [ -8.58705, 41.1627 ], [ -8.58643, 41.16084 ], [ -8.58405, 41.16029 ], [ -8.58228, 41.16159 ], [ -8.5829, 41.16345 ], [ -8.58528, 41.16401 ], [ -8.58528, 41.16401 ] ] ] } },
{ "type": "Feature", "properties": { "id": 74, "population": 191 }, "geometry": { "type": "Polygon", "coordinates": [ [ [ -8.61774, 41.14923 ], [ -8.6195, 41.14792 ], [ -8.61888, 41.14606 ], [ -8.6165, 41.1455 ], [ -8.61473, 41.14681 ], [ -8.61535, 41.14867 ], [ -8.61774, 41.14923 ], [ -8.61774, 41.14923 ] ] ] } },
{ "type": "Feature", "properties": { "id": 75, "population": 192 }, "geometry": { "type": "Polygon", "coordinates": [ [ [ -8.60944, 41.15073 ], [ -8.61121, 41.14943 ], [ -8.61059, 41.14757 ], [ -8.6082, 41.14701 ], [ -8.60644, 41.14832 ], [ -8.60706, 41.15018 ], [ -8.60944, 41.15073 ], [ -8.60944, 41.15073 ] ] ] } },
{ "type": "Feature", "properties": { "id": 76, "population": 460 }, "geometry": { "type": "Polygon", "coordinates": [ [ [ -8.68511, 41.16657 ], [ -8.68687, 41.16526 ], [ -8.68625, 41.16339 ], [ -8.68387, 41.16284 ], [ -8.6821, 41.16415 ], [ -8.68273, 41.16601 ], [ -8.68511, 41.16657 ], [ -8.68511, 41.16657 ] ] ] } },
{ "type": "Feature", "properties": { "id": 77, "population": 633 }, "geometry": { "type": "Polygon", "coordinates": [ [ [ -8.61545, 41.15556 ], [ -8.61721, 41.15426 ], [ -8.61659, 41.15239 ], [ -8.61421, 41.15184 ], [ -8.61245, 41.15315 ], [ -8.61307, 41.15501 ], [ -8.61545, 41.15556 ], [ -8.61545, 41.15556 ] ] ] } },
{ "type": "Feature", "properties": { "id": 78, "population": 243 }, "geometry": { "type": "Polygon", "coordinates": [ [ [ -8.66821, 41.14891 ], [ -8.66997, 41.1476 ], [ -8.66935, 41.14574 ], [ -8.66697, 41.14519 ], [ -8.66521, 41.1465 ], [ -8.66583, 41.14836 ], [ -8.66821, 41.14891 ], [ -8.66821, 41.14891 ] ] ] } },
{ "type": "Feature", "properties": { "id": 79, "population": 25 }, "geometry": { "type": "Polygon", "coordinates": [ [ [ -8.57857, 41.15043 ], [ -8.58033, 41.14912 ], [ -8.57971, 41.14726 ], [ -8.57733, 41.1467 ], [ -8.57557, 41.14801 ], [ -8.57619, 41.14987 ], [ -8.57857, 41.15043 ], [ -8.57857, 41.15043 ] ] ] } },
{ "type": "Feature", "properties": { "id": 80, "population": 1225 }, "geometry": { "type": "Polygon", "coordinates": [ [ [ -8.60373, 41.16658 ], [ -8.60549, 41.16527 ], [ -8.60487, 41.16341 ], [ -8.60249, 41.16286 ], [ -8.60073, 41.16416 ], [ -8.60134, 41.16602 ], [ -8.60373, 41.16658 ], [ -8.60373, 41.16658 ] ] ] } },
{ "type": "Feature", "properties": { "id": 81, "population": 1134 }, "geometry": { "type": "Polygon", "coordinates": [ [ [ -8.60787, 41.16582 ], [ -8.60964, 41.16452 ], [ -8.60902, 41.16266 ], [ -8.60663, 41.1621 ], [ -8.60487, 41.16341 ], [ -8.60549, 41.16527 ], [ -8.60787, 41.16582 ], [ -8.60787, 41.16582 ] ] ] } },
{ "type": "Feature", "properties": { "id": 82, "population": 1028 }, "geometry": { "type": "Polygon", "coordinates": [ [ [ -8.56913, 41.1551 ], [ -8.5709, 41.15379 ], [ -8.57028, 41.15193 ], [ -8.56789, 41.15138 ], [ -8.56613, 41.15268 ], [ -8.56675, 41.15454 ], [ -8.56913, 41.1551 ], [ -8.56913, 41.1551 ] ] ] } },
{ "type": "Feature", "properties": { "id": 83, "population": 420 }, "geometry": { "type": "Polygon", "coordinates": [ [ [ -8.67837, 41.15298 ], [ -8.68013, 41.15168 ], [ -8.67951, 41.14981 ], [ -8.67713, 41.14926 ], [ -8.67537, 41.15057 ], [ -8.67599, 41.15243 ], [ -8.67837, 41.15298 ], [ -8.67837, 41.15298 ] ] ] } },
{ "type": "Feature", "properties": { "id": 84, "population": 239 }, "geometry": { "type": "Polygon", "coordinates": [ [ [ -8.67537, 41.15057 ], [ -8.67713, 41.14926 ], [ -8.67651, 41.1474 ], [ -8.67412, 41.14685 ], [ -8.67236, 41.14816 ], [ -8.67298, 41.15002 ], [ -8.67537, 41.15057 ], [ -8.67537, 41.15057 ] ] ] } },
{ "type": "Feature", "properties": { "id": 85, "population": 168 }, "geometry": { "type": "Polygon", "coordinates": [ [ [ -8.58457, 41.15526 ], [ -8.58633, 41.15395 ], [ -8.58571, 41.15209 ], [ -8.58333, 41.15153 ], [ -8.58157, 41.15284 ], [ -8.58219, 41.1547 ], [ -8.58457, 41.15526 ], [ -8.58457, 41.15526 ] ] ] } },
{ "type": "Feature", "properties": { "id": 86, "population": 190 }, "geometry": { "type": "Polygon", "coordinates": [ [ [ -8.63233, 41.17322 ], [ -8.6341, 41.17191 ], [ -8.63347, 41.17005 ], [ -8.63109, 41.1695 ], [ -8.62933, 41.17081 ], [ -8.62995, 41.17267 ], [ -8.63233, 41.17322 ], [ -8.63233, 41.17322 ] ] ] } },
{ "type": "Feature", "properties": { "id": 87, "population": 443 }, "geometry": { "type": "Polygon", "coordinates": [ [ [ -8.64219, 41.15662 ], [ -8.64395, 41.15531 ], [ -8.64333, 41.15345 ], [ -8.64095, 41.1529 ], [ -8.63919, 41.1542 ], [ -8.63981, 41.15607 ], [ -8.64219, 41.15662 ], [ -8.64219, 41.15662 ] ] ] } },
{ "type": "Feature", "properties": { "id": 88, "population": 349 }, "geometry": { "type": "Polygon", "coordinates": [ [ [ -8.63804, 41.15737 ], [ -8.63981, 41.15607 ], [ -8.63919, 41.1542 ], [ -8.6368, 41.15365 ], [ -8.63504, 41.15496 ], [ -8.63566, 41.15682 ], [ -8.63804, 41.15737 ], [ -8.63804, 41.15737 ] ] ] } },
{ "type": "Feature", "properties": { "id": 89, "population": 1301 }, "geometry": { "type": "Polygon", "coordinates": [ [ [ -8.58786, 41.17834 ], [ -8.58962, 41.17704 ], [ -8.589, 41.17517 ], [ -8.58662, 41.17462 ], [ -8.58485, 41.17593 ], [ -8.58547, 41.17779 ], [ -8.58786, 41.17834 ], [ -8.58786, 41.17834 ] ] ] } },
{ "type": "Feature", "properties": { "id": 90, "population": 1107 }, "geometry": { "type": "Polygon", "coordinates": [ [ [ -8.59958, 41.16733 ], [ -8.60134, 41.16602 ], [ -8.60073, 41.16416 ], [ -8.59834, 41.16361 ], [ -8.59658, 41.16492 ], [ -8.5972, 41.16678 ], [ -8.59958, 41.16733 ], [ -8.59958, 41.16733 ] ] ] } },
{ "type": "Feature", "properties": { "id": 91, "population": 1517 }, "geometry": { "type": "Polygon", "coordinates": [ [ [ -8.62704, 41.17714 ], [ -8.62881, 41.17584 ], [ -8.62818, 41.17397 ], [ -8.6258, 41.17342 ], [ -8.62404, 41.17473 ], [ -8.62466, 41.17659 ], [ -8.62704, 41.17714 ], [ -8.62704, 41.17714 ] ] ] } },
{ "type": "Feature", "properties": { "id": 92, "population": 111 }, "geometry": { "type": "Polygon", "coordinates": [ [ [ -8.58386, 41.1465 ], [ -8.58562, 41.1452 ], [ -8.585, 41.14334 ], [ -8.58262, 41.14278 ], [ -8.58086, 41.14409 ], [ -8.58147, 41.14595 ], [ -8.58386, 41.1465 ], [ -8.58386, 41.1465 ] ] ] } },
{ "type": "Feature", "properties": { "id": 93, "population": 869 }, "geometry": { "type": "Polygon", "coordinates": [ [ [ -8.61473, 41.14681 ], [ -8.6165, 41.1455 ], [ -8.61588, 41.14364 ], [ -8.61349, 41.14309 ], [ -8.61173, 41.1444 ], [ -8.61235, 41.14626 ], [ -8.61473, 41.14681 ], [ -8.61473, 41.14681 ] ] ] } },
{ "type": "Feature", "properties": { "id": 94, "population": 890 }, "geometry": { "type": "Polygon", "coordinates": [ [ [ -8.58185, 41.17351 ], [ -8.58361, 41.17221 ], [ -8.583, 41.17034 ], [ -8.58061, 41.16979 ], [ -8.57885, 41.1711 ], [ -8.57947, 41.17296 ], [ -8.58185, 41.17351 ], [ -8.58185, 41.17351 ] ] ] } },
{ "type": "Feature", "properties": { "id": 95, "population": 465 }, "geometry": { "type": "Polygon", "coordinates": [ [ [ -8.6821, 41.16415 ], [ -8.68387, 41.16284 ], [ -8.68324, 41.16098 ], [ -8.68086, 41.16043 ], [ -8.6791, 41.16174 ], [ -8.67972, 41.1636 ], [ -8.6821, 41.16415 ], [ -8.6821, 41.16415 ] ] ] } },
{ "type": "Feature", "properties": { "id": 96, "population": 0 }, "geometry": { "type": "Polygon", "coordinates": [ [ [ -8.66521, 41.1465 ], [ -8.66697, 41.14519 ], [ -8.66635, 41.14333 ], [ -8.66396, 41.14278 ], [ -8.6622, 41.14409 ], [ -8.66282, 41.14595 ], [ -8.66521, 41.1465 ], [ -8.66521, 41.1465 ] ] ] } },
{ "type": "Feature", "properties": { "id": 97, "population": 1324 }, "geometry": { "type": "Polygon", "coordinates": [ [ [ -8.62218, 41.16915 ], [ -8.62394, 41.16784 ], [ -8.62332, 41.16598 ], [ -8.62094, 41.16542 ], [ -8.61917, 41.16673 ], [ -8.61979, 41.16859 ], [ -8.62218, 41.16915 ], [ -8.62218, 41.16915 ] ] ] } },
{ "type": "Feature", "properties": { "id": 98, "population": 1685 }, "geometry": { "type": "Polygon", "coordinates": [ [ [ -8.59887, 41.15858 ], [ -8.60063, 41.15727 ], [ -8.60001, 41.15541 ], [ -8.59763, 41.15486 ], [ -8.59586, 41.15616 ], [ -8.59648, 41.15803 ], [ -8.59887, 41.15858 ], [ -8.59887, 41.15858 ] ] ] } },
{ "type": "Feature", "properties": { "id": 99, "population": 1114 }, "geometry": { "type": "Polygon", "coordinates": [ [ [ -8.62933, 41.17081 ], [ -8.63109, 41.1695 ], [ -8.63047, 41.16764 ], [ -8.62809, 41.16708 ], [ -8.62632, 41.16839 ], [ -8.62694, 41.17025 ], [ -8.62933, 41.17081 ], [ -8.62933, 41.17081 ] ] ] } },
{ "type": "Feature", "properties": { "id": 100, "population": 1121 }, "geometry": { "type": "Polygon", "coordinates": [ [ [ -8.59658, 41.16492 ], [ -8.59834, 41.16361 ], [ -8.59772, 41.16175 ], [ -8.59534, 41.16119 ], [ -8.59358, 41.1625 ], [ -8.5942, 41.16436 ], [ -8.59658, 41.16492 ], [ -8.59658, 41.16492 ] ] ] } },
{ "type": "Feature", "properties": { "id": 101, "population": 703 }, "geometry": { "type": "Polygon", "coordinates": [ [ [ -8.62903, 41.15013 ], [ -8.63079, 41.14882 ], [ -8.63017, 41.14696 ], [ -8.62779, 41.14641 ], [ -8.62603, 41.14772 ], [ -8.62665, 41.14958 ], [ -8.62903, 41.15013 ], [ -8.62903, 41.15013 ] ] ] } },
{ "type": "Feature", "properties": { "id": 102, "population": 1608 }, "geometry": { "type": "Polygon", "coordinates": [ [ [ -8.66022, 41.1711 ], [ -8.66199, 41.16979 ], [ -8.66137, 41.16793 ], [ -8.65898, 41.16738 ], [ -8.65722, 41.16869 ], [ -8.65784, 41.17055 ], [ -8.66022, 41.1711 ], [ -8.66022, 41.1711 ] ] ] } },
{ "type": "Feature", "properties": { "id": 103, "population": 397 }, "geometry": { "type": "Polygon", "coordinates": [ [ [ -8.57885, 41.1711 ], [ -8.58061, 41.16979 ], [ -8.57999, 41.16793 ], [ -8.57761, 41.16737 ], [ -8.57585, 41.16868 ], [ -8.57647, 41.17054 ], [ -8.57885, 41.1711 ], [ -8.57885, 41.1711 ] ] ] } },
{ "type": "Feature", "properties": { "id": 104, "population": 1267 }, "geometry": { "type": "Polygon", "coordinates": [ [ [ -8.66738, 41.17276 ], [ -8.66914, 41.17145 ], [ -8.66852, 41.16959 ], [ -8.66613, 41.16904 ], [ -8.66437, 41.17035 ], [ -8.66499, 41.17221 ], [ -8.66738, 41.17276 ], [ -8.66738, 41.17276 ] ] ] } },
{ "type": "Feature", "properties": { "id": 105, "population": 493 }, "geometry": { "type": "Polygon", "coordinates": [ [ [ -8.62675, 41.15647 ], [ -8.62851, 41.15516 ], [ -8.62789, 41.1533 ], [ -8.62551, 41.15275 ], [ -8.62374, 41.15405 ], [ -8.62436, 41.15592 ], [ -8.62675, 41.15647 ], [ -8.62675, 41.15647 ] ] ] } },
{ "type": "Feature", "properties": { "id": 106, "population": 1356 }, "geometry": { "type": "Polygon", "coordinates": [ [ [ -8.65048, 41.15511 ], [ -8.65225, 41.1538 ], [ -8.65163, 41.15194 ], [ -8.64924, 41.15138 ], [ -8.64748, 41.15269 ], [ -8.6481, 41.15455 ], [ -8.65048, 41.15511 ], [ -8.65048, 41.15511 ] ] ] } },
{ "type": "Feature", "properties": { "id": 107, "population": 136 }, "geometry": { "type": "Polygon", "coordinates": [ [ [ -8.57328, 41.15435 ], [ -8.57504, 41.15304 ], [ -8.57442, 41.15118 ], [ -8.57204, 41.15062 ], [ -8.57028, 41.15193 ], [ -8.5709, 41.15379 ], [ -8.57328, 41.15435 ], [ -8.57328, 41.15435 ] ] ] } },
{ "type": "Feature", "properties": { "id": 108, "population": 1233 }, "geometry": { "type": "Polygon", "coordinates": [ [ [ -8.61202, 41.16507 ], [ -8.61378, 41.16376 ], [ -8.61316, 41.1619 ], [ -8.61078, 41.16135 ], [ -8.60902, 41.16266 ], [ -8.60964, 41.16452 ], [ -8.61202, 41.16507 ], [ -8.61202, 41.16507 ] ] ] } },
{ "type": "Feature", "properties": { "id": 109, "population": 1315 }, "geometry": { "type": "Polygon", "coordinates": [ [ [ -8.61917, 41.16673 ], [ -8.62094, 41.16542 ], [ -8.62031, 41.16356 ], [ -8.61793, 41.16301 ], [ -8.61617, 41.16432 ], [ -8.61679, 41.16618 ], [ -8.61917, 41.16673 ], [ -8.61917, 41.16673 ] ] ] } },
{ "type": "Feature", "properties": { "id": 110, "population": 49 }, "geometry": { "type": "Polygon", "coordinates": [ [ [ -8.6033, 41.1785 ], [ -8.60506, 41.17719 ], [ -8.60444, 41.17533 ], [ -8.60206, 41.17478 ], [ -8.6003, 41.17608 ], [ -8.60092, 41.17794 ], [ -8.6033, 41.1785 ], [ -8.6033, 41.1785 ] ] ] } },
{ "type": "Feature", "properties": { "id": 111, "population": 600 }, "geometry": { "type": "Polygon", "coordinates": [ [ [ -8.6196, 41.15481 ], [ -8.62136, 41.1535 ], [ -8.62074, 41.15164 ], [ -8.61836, 41.15109 ], [ -8.61659, 41.15239 ], [ -8.61721, 41.15426 ], [ -8.6196, 41.15481 ], [ -8.6196, 41.15481 ] ] ] } },
{ "type": "Feature", "properties": { "id": 112, "population": 1181 }, "geometry": { "type": "Polygon", "coordinates": [ [ [ -8.59586, 41.15616 ], [ -8.59763, 41.15486 ], [ -8.59701, 41.153 ], [ -8.59462, 41.15244 ], [ -8.59286, 41.15375 ], [ -8.59348, 41.15561 ], [ -8.59586, 41.15616 ], [ -8.59586, 41.15616 ] ] ] } },
{ "type": "Feature", "properties": { "id": 113, "population": 186 }, "geometry": { "type": "Polygon", "coordinates": [ [ [ -8.68999, 41.17456 ], [ -8.69175, 41.17325 ], [ -8.69113, 41.17139 ], [ -8.68874, 41.17084 ], [ -8.68698, 41.17215 ], [ -8.6876, 41.17401 ], [ -8.68999, 41.17456 ], [ -8.68999, 41.17456 ] ] ] } },
{ "type": "Feature", "properties": { "id": 114, "population": 853 }, "geometry": { "type": "Polygon", "coordinates": [ [ [ -8.6146, 41.17941 ], [ -8.61636, 41.1781 ], [ -8.61574, 41.17624 ], [ -8.61336, 41.17568 ], [ -8.6116, 41.17699 ], [ -8.61222, 41.17885 ], [ -8.6146, 41.17941 ], [ -8.6146, 41.17941 ] ] ] } },
{ "type": "Feature", "properties": { "id": 115, "population": 816 }, "geometry": { "type": "Polygon", "coordinates": [ [ [ -8.57585, 41.16868 ], [ -8.57761, 41.16737 ], [ -8.57699, 41.16551 ], [ -8.57461, 41.16496 ], [ -8.57285, 41.16627 ], [ -8.57346, 41.16813 ], [ -8.57585, 41.16868 ], [ -8.57585, 41.16868 ] ] ] } },
{ "type": "Feature", "properties": { "id": 116, "population": 942 }, "geometry": { "type": "Polygon", "coordinates": [ [ [ -8.64934, 41.15828 ], [ -8.65111, 41.15697 ], [ -8.65048, 41.15511 ], [ -8.6481, 41.15455 ], [ -8.64634, 41.15586 ], [ -8.64696, 41.15772 ], [ -8.64934, 41.15828 ], [ -8.64934, 41.15828 ] ] ] } },
{ "type": "Feature", "properties": { "id": 117, "population": 875 }, "geometry": { "type": "Polygon", "coordinates": [ [ [ -8.66665, 41.16401 ], [ -8.66842, 41.1627 ], [ -8.6678, 41.16084 ], [ -8.66541, 41.16028 ], [ -8.66365, 41.16159 ], [ -8.66427, 41.16345 ], [ -8.66665, 41.16401 ], [ -8.66665, 41.16401 ] ] ] } },
{ "type": "Feature", "properties": { "id": 118, "population": 1048 }, "geometry": { "type": "Polygon", "coordinates": [ [ [ -8.58986, 41.15133 ], [ -8.59162, 41.15003 ], [ -8.591, 41.14817 ], [ -8.58862, 41.14761 ], [ -8.58686, 41.14892 ], [ -8.58748, 41.15078 ], [ -8.58986, 41.15133 ], [ -8.58986, 41.15133 ] ] ] } },
{ "type": "Feature", "properties": { "id": 119, "population": 47 }, "geometry": { "type": "Polygon", "coordinates": [ [ [ -8.62603, 41.14772 ], [ -8.62779, 41.14641 ], [ -8.62717, 41.14455 ], [ -8.62479, 41.14399 ], [ -8.62302, 41.1453 ], [ -8.62364, 41.14716 ], [ -8.62603, 41.14772 ], [ -8.62603, 41.14772 ] ] ] } },
{ "type": "Feature", "properties": { "id": 120, "population": 688 }, "geometry": { "type": "Polygon", "coordinates": [ [ [ -8.65722, 41.16869 ], [ -8.65898, 41.16738 ], [ -8.65836, 41.16552 ], [ -8.65597, 41.16497 ], [ -8.65421, 41.16627 ], [ -8.65483, 41.16814 ], [ -8.65722, 41.16869 ], [ -8.65722, 41.16869 ] ] ] } },
{ "type": "Feature", "properties": { "id": 121, "population": 345 }, "geometry": { "type": "Polygon", "coordinates": [ [ [ -8.59315, 41.17442 ], [ -8.59491, 41.17311 ], [ -8.59429, 41.17125 ], [ -8.59191, 41.1707 ], [ -8.59014, 41.17201 ], [ -8.59076, 41.17387 ], [ -8.59315, 41.17442 ], [ -8.59315, 41.17442 ] ] ] } },
{ "type": "Feature", "properties": { "id": 122, "population": 414 }, "geometry": { "type": "Polygon", "coordinates": [ [ [ -8.66437, 41.17035 ], [ -8.66613, 41.16904 ], [ -8.66551, 41.16718 ], [ -8.66313, 41.16662 ], [ -8.66137, 41.16793 ], [ -8.66199, 41.16979 ], [ -8.66437, 41.17035 ], [ -8.66437, 41.17035 ] ] ] } },
{ "type": "Feature", "properties": { "id": 123, "population": 1094 }, "geometry": { "type": "Polygon", "coordinates": [ [ [ -8.64748, 41.15269 ], [ -8.64924, 41.15138 ], [ -8.64862, 41.14952 ], [ -8.64624, 41.14897 ], [ -8.64447, 41.15028 ], [ -8.6451, 41.15214 ], [ -8.64748, 41.15269 ], [ -8.64748, 41.15269 ] ] ] } },
{ "type": "Feature", "properties": { "id": 124, "population": 156 }, "geometry": { "type": "Polygon", "coordinates": [ [ [ -8.60444, 41.17533 ], [ -8.60621, 41.17402 ], [ -8.60559, 41.17216 ], [ -8.6032, 41.17161 ], [ -8.60144, 41.17291 ], [ -8.60206, 41.17478 ], [ -8.60444, 41.17533 ], [ -8.60444, 41.17533 ] ] ] } },
{ "type": "Feature", "properties": { "id": 125, "population": 561 }, "geometry": { "type": "Polygon", "coordinates": [ [ [ -8.6003, 41.17608 ], [ -8.60206, 41.17478 ], [ -8.60144, 41.17291 ], [ -8.59906, 41.17236 ], [ -8.59729, 41.17367 ], [ -8.59791, 41.17553 ], [ -8.6003, 41.17608 ], [ -8.6003, 41.17608 ] ] ] } },
{ "type": "Feature", "properties": { "id": 126, "population": 1 }, "geometry": { "type": "Polygon", "coordinates": [ [ [ -8.68698, 41.17215 ], [ -8.68874, 41.17084 ], [ -8.68812, 41.16898 ], [ -8.68573, 41.16843 ], [ -8.68397, 41.16974 ], [ -8.68459, 41.1716 ], [ -8.68698, 41.17215 ], [ -8.68698, 41.17215 ] ] ] } },
{ "type": "Feature", "properties": { "id": 127, "population": 588 }, "geometry": { "type": "Polygon", "coordinates": [ [ [ -8.61245, 41.15315 ], [ -8.61421, 41.15184 ], [ -8.61359, 41.14998 ], [ -8.61121, 41.14943 ], [ -8.60944, 41.15073 ], [ -8.61006, 41.1526 ], [ -8.61245, 41.15315 ], [ -8.61245, 41.15315 ] ] ] } },
{ "type": "Feature", "properties": { "id": 128, "population": 1014 }, "geometry": { "type": "Polygon", "coordinates": [ [ [ -8.6116, 41.17699 ], [ -8.61336, 41.17568 ], [ -8.61274, 41.17382 ], [ -8.61036, 41.17327 ], [ -8.60859, 41.17458 ], [ -8.60921, 41.17644 ], [ -8.6116, 41.17699 ], [ -8.6116, 41.17699 ] ] ] } },
{ "type": "Feature", "properties": { "id": 129, "population": 855 }, "geometry": { "type": "Polygon", "coordinates": [ [ [ -8.57285, 41.16627 ], [ -8.57461, 41.16496 ], [ -8.57399, 41.1631 ], [ -8.57161, 41.16254 ], [ -8.56984, 41.16385 ], [ -8.57046, 41.16571 ], [ -8.57285, 41.16627 ], [ -8.57285, 41.16627 ] ] ] } },
{ "type": "Feature", "properties": { "id": 130, "population": 410 }, "geometry": { "type": "Polygon", "coordinates": [ [ [ -8.66365, 41.16159 ], [ -8.66541, 41.16028 ], [ -8.66479, 41.15842 ], [ -8.6624, 41.15787 ], [ -8.66064, 41.15918 ], [ -8.66126, 41.16104 ], [ -8.66365, 41.16159 ], [ -8.66365, 41.16159 ] ] ] } },
{ "type": "Feature", "properties": { "id": 131, "population": 457 }, "geometry": { "type": "Polygon", "coordinates": [ [ [ -8.58943, 41.16325 ], [ -8.59119, 41.16195 ], [ -8.59057, 41.16009 ], [ -8.58819, 41.15953 ], [ -8.58643, 41.16084 ], [ -8.58705, 41.1627 ], [ -8.58943, 41.16325 ], [ -8.58943, 41.16325 ] ] ] } },
{ "type": "Feature", "properties": { "id": 132, "population": 860 }, "geometry": { "type": "Polygon", "coordinates": [ [ [ -8.58686, 41.14892 ], [ -8.58862, 41.14761 ], [ -8.588, 41.14575 ], [ -8.58562, 41.1452 ], [ -8.58386, 41.1465 ], [ -8.58448, 41.14836 ], [ -8.58686, 41.14892 ], [ -8.58686, 41.14892 ] ] ] } },
{ "type": "Feature", "properties": { "id": 133, "population": 1822 }, "geometry": { "type": "Polygon", "coordinates": [ [ [ -8.66624, 41.17593 ], [ -8.668, 41.17462 ], [ -8.66738, 41.17276 ], [ -8.66499, 41.17221 ], [ -8.66323, 41.17352 ], [ -8.66385, 41.17538 ], [ -8.66624, 41.17593 ], [ -8.66624, 41.17593 ] ] ] } },
{ "type": "Feature", "properties": { "id": 134, "population": 553 }, "geometry": { "type": "Polygon", "coordinates": [ [ [ -8.59014, 41.17201 ], [ -8.59191, 41.1707 ], [ -8.59129, 41.16884 ], [ -8.58891, 41.16828 ], [ -8.58714, 41.16959 ], [ -8.58776, 41.17145 ], [ -8.59014, 41.17201 ], [ -8.59014, 41.17201 ] ] ] } },
{ "type": "Feature", "properties": { "id": 135, "population": 655 }, "geometry": { "type": "Polygon", "coordinates": [ [ [ -8.64249, 41.17729 ], [ -8.64425, 41.17599 ], [ -8.64363, 41.17412 ], [ -8.64125, 41.17357 ], [ -8.63949, 41.17488 ], [ -8.64011, 41.17674 ], [ -8.64249, 41.17729 ], [ -8.64249, 41.17729 ] ] ] } },
{ "type": "Feature", "properties": { "id": 136, "population": 693 }, "geometry": { "type": "Polygon", "coordinates": [ [ [ -8.6113, 41.15632 ], [ -8.61307, 41.15501 ], [ -8.61245, 41.15315 ], [ -8.61006, 41.1526 ], [ -8.6083, 41.1539 ], [ -8.60892, 41.15576 ], [ -8.6113, 41.15632 ], [ -8.6113, 41.15632 ] ] ] } },
{ "type": "Feature", "properties": { "id": 137, "population": 1226 }, "geometry": { "type": "Polygon", "coordinates": [ [ [ -8.66178, 41.15601 ], [ -8.66355, 41.1547 ], [ -8.66292, 41.15284 ], [ -8.66054, 41.15229 ], [ -8.65878, 41.1536 ], [ -8.6594, 41.15546 ], [ -8.66178, 41.15601 ], [ -8.66178, 41.15601 ] ] ] } },
{ "type": "Feature", "properties": { "id": 138, "population": 296 }, "geometry": { "type": "Polygon", "coordinates": [ [ [ -8.60144, 41.17291 ], [ -8.6032, 41.17161 ], [ -8.60258, 41.16975 ], [ -8.6002, 41.16919 ], [ -8.59844, 41.1705 ], [ -8.59906, 41.17236 ], [ -8.60144, 41.17291 ], [ -8.60144, 41.17291 ] ] ] } },
{ "type": "Feature", "properties": { "id": 139, "population": 888 }, "geometry": { "type": "Polygon", "coordinates": [ [ [ -8.58485, 41.17593 ], [ -8.58662, 41.17462 ], [ -8.586, 41.17276 ], [ -8.58361, 41.17221 ], [ -8.58185, 41.17351 ], [ -8.58247, 41.17537 ], [ -8.58485, 41.17593 ], [ -8.58485, 41.17593 ] ] ] } },
{ "type": "Feature", "properties": { "id": 140, "population": 1420 }, "geometry": { "type": "Polygon", "coordinates": [ [ [ -8.6452, 41.15903 ], [ -8.64696, 41.15772 ], [ -8.64634, 41.15586 ], [ -8.64395, 41.15531 ], [ -8.64219, 41.15662 ], [ -8.64281, 41.15848 ], [ -8.6452, 41.15903 ], [ -8.6452, 41.15903 ] ] ] } },
{ "type": "Feature", "properties": { "id": 141, "population": 324 }, "geometry": { "type": "Polygon", "coordinates": [ [ [ -8.56613, 41.15268 ], [ -8.56789, 41.15138 ], [ -8.56728, 41.14952 ], [ -8.56489, 41.14896 ], [ -8.56313, 41.15027 ], [ -8.56375, 41.15213 ], [ -8.56613, 41.15268 ], [ -8.56613, 41.15268 ] ] ] } },
{ "type": "Feature", "properties": { "id": 142, "population": 1658 }, "geometry": { "type": "Polygon", "coordinates": [ [ [ -8.6259, 41.18031 ], [ -8.62766, 41.179 ], [ -8.62704, 41.17714 ], [ -8.62466, 41.17659 ], [ -8.62289, 41.1779 ], [ -8.62352, 41.17976 ], [ -8.6259, 41.18031 ], [ -8.6259, 41.18031 ] ] ] } },
{ "type": "Feature", "properties": { "id": 143, "population": 315 }, "geometry": { "type": "Polygon", "coordinates": [ [ [ -8.57399, 41.1631 ], [ -8.57575, 41.16179 ], [ -8.57513, 41.15993 ], [ -8.57275, 41.15938 ], [ -8.57099, 41.16068 ], [ -8.57161, 41.16254 ], [ -8.57399, 41.1631 ], [ -8.57399, 41.1631 ] ] ] } },
{ "type": "Feature", "properties": { "id": 144, "population": 1118 }, "geometry": { "type": "Polygon", "coordinates": [ [ [ -8.63161, 41.16447 ], [ -8.63338, 41.16316 ], [ -8.63276, 41.1613 ], [ -8.63037, 41.16074 ], [ -8.62861, 41.16205 ], [ -8.62923, 41.16391 ], [ -8.63161, 41.16447 ], [ -8.63161, 41.16447 ] ] ] } },
{ "type": "Feature", "properties": { "id": 145, "population": 369 }, "geometry": { "type": "Polygon", "coordinates": [ [ [ -8.67796, 41.16491 ], [ -8.67972, 41.1636 ], [ -8.6791, 41.16174 ], [ -8.67671, 41.16119 ], [ -8.67495, 41.16249 ], [ -8.67557, 41.16436 ], [ -8.67796, 41.16491 ], [ -8.67796, 41.16491 ] ] ] } },
{ "type": "Feature", "properties": { "id": 146, "population": 240 }, "geometry": { "type": "Polygon", "coordinates": [ [ [ -8.60817, 41.1865 ], [ -8.60993, 41.18519 ], [ -8.60931, 41.18333 ], [ -8.60692, 41.18277 ], [ -8.60516, 41.18408 ], [ -8.60578, 41.18594 ], [ -8.60817, 41.1865 ], [ -8.60817, 41.1865 ] ] ] } },
{ "type": "Feature", "properties": { "id": 147, "population": 306 }, "geometry": { "type": "Polygon", "coordinates": [ [ [ -8.58157, 41.15284 ], [ -8.58333, 41.15153 ], [ -8.58271, 41.14967 ], [ -8.58033, 41.14912 ], [ -8.57857, 41.15043 ], [ -8.57919, 41.15229 ], [ -8.58157, 41.15284 ], [ -8.58157, 41.15284 ] ] ] } },
{ "type": "Feature", "properties": { "id": 148, "population": 850 }, "geometry": { "type": "Polygon", "coordinates": [ [ [ -8.60115, 41.15224 ], [ -8.60292, 41.15093 ], [ -8.6023, 41.14907 ], [ -8.59991, 41.14852 ], [ -8.59815, 41.14983 ], [ -8.59877, 41.15169 ], [ -8.60115, 41.15224 ], [ -8.60115, 41.15224 ] ] ] } },
{ "type": "Feature", "properties": { "id": 149, "population": 1755 }, "geometry": { "type": "Polygon", "coordinates": [ [ [ -8.66323, 41.17352 ], [ -8.66499, 41.17221 ], [ -8.66437, 41.17035 ], [ -8.66199, 41.16979 ], [ -8.66022, 41.1711 ], [ -8.66085, 41.17296 ], [ -8.66323, 41.17352 ], [ -8.66323, 41.17352 ] ] ] } },
{ "type": "Feature", "properties": { "id": 150, "population": 1428 }, "geometry": { "type": "Polygon", "coordinates": [ [ [ -8.63949, 41.17488 ], [ -8.64125, 41.17357 ], [ -8.64063, 41.17171 ], [ -8.63824, 41.17116 ], [ -8.63648, 41.17247 ], [ -8.6371, 41.17433 ], [ -8.63949, 41.17488 ], [ -8.63949, 41.17488 ] ] ] } },
{ "type": "Feature", "properties": { "id": 151, "population": 387 }, "geometry": { "type": "Polygon", "coordinates": [ [ [ -8.57542, 41.1806 ], [ -8.57718, 41.17929 ], [ -8.57656, 41.17743 ], [ -8.57418, 41.17688 ], [ -8.57241, 41.17818 ], [ -8.57303, 41.18005 ], [ -8.57542, 41.1806 ], [ -8.57542, 41.1806 ] ] ] } },
{ "type": "Feature", "properties": { "id": 152, "population": 5 }, "geometry": { "type": "Polygon", "coordinates": [ [ [ -8.67567, 41.17125 ], [ -8.67744, 41.16994 ], [ -8.67682, 41.16808 ], [ -8.67443, 41.16753 ], [ -8.67267, 41.16883 ], [ -8.67329, 41.1707 ], [ -8.67567, 41.17125 ], [ -8.67567, 41.17125 ] ] ] } },
{ "type": "Feature", "properties": { "id": 153, "population": 565 }, "geometry": { "type": "Polygon", "coordinates": [ [ [ -8.6083, 41.1539 ], [ -8.61006, 41.1526 ], [ -8.60944, 41.15073 ], [ -8.60706, 41.15018 ], [ -8.6053, 41.15149 ], [ -8.60592, 41.15335 ], [ -8.6083, 41.1539 ], [ -8.6083, 41.1539 ] ] ] } },
{ "type": "Feature", "properties": { "id": 154, "population": 857 }, "geometry": { "type": "Polygon", "coordinates": [ [ [ -8.65878, 41.1536 ], [ -8.66054, 41.15229 ], [ -8.65992, 41.15043 ], [ -8.65753, 41.14987 ], [ -8.65577, 41.15118 ], [ -8.65639, 41.15304 ], [ -8.65878, 41.1536 ], [ -8.65878, 41.1536 ] ] ] } },
{ "type": "Feature", "properties": { "id": 155, "population": 685 }, "geometry": { "type": "Polygon", "coordinates": [ [ [ -8.64177, 41.16854 ], [ -8.64353, 41.16723 ], [ -8.64291, 41.16537 ], [ -8.64053, 41.16482 ], [ -8.63876, 41.16613 ], [ -8.63939, 41.16799 ], [ -8.64177, 41.16854 ], [ -8.64177, 41.16854 ] ] ] } },
{ "type": "Feature", "properties": { "id": 156, "population": 764 }, "geometry": { "type": "Polygon", "coordinates": [ [ [ -8.61574, 41.17624 ], [ -8.61751, 41.17493 ], [ -8.61689, 41.17307 ], [ -8.6145, 41.17251 ], [ -8.61274, 41.17382 ], [ -8.61336, 41.17568 ], [ -8.61574, 41.17624 ], [ -8.61574, 41.17624 ] ] ] } },
{ "type": "Feature", "properties": { "id": 157, "population": 688 }, "geometry": { "type": "Polygon", "coordinates": [ [ [ -8.58256, 41.18226 ], [ -8.58433, 41.18096 ], [ -8.58371, 41.1791 ], [ -8.58133, 41.17854 ], [ -8.57956, 41.17985 ], [ -8.58018, 41.18171 ], [ -8.58256, 41.18226 ], [ -8.58256, 41.18226 ] ] ] } },
{ "type": "Feature", "properties": { "id": 158, "population": 169 }, "geometry": { "type": "Polygon", "coordinates": [ [ [ -8.63919, 41.1542 ], [ -8.64095, 41.1529 ], [ -8.64033, 41.15103 ], [ -8.63794, 41.15048 ], [ -8.63618, 41.15179 ], [ -8.6368, 41.15365 ], [ -8.63919, 41.1542 ], [ -8.63919, 41.1542 ] ] ] } },
{ "type": "Feature", "properties": { "id": 159, "population": 748 }, "geometry": { "type": "Polygon", "coordinates": [ [ [ -8.57628, 41.15676 ], [ -8.57804, 41.15545 ], [ -8.57742, 41.15359 ], [ -8.57504, 41.15304 ], [ -8.57328, 41.15435 ], [ -8.5739, 41.15621 ], [ -8.57628, 41.15676 ], [ -8.57628, 41.15676 ] ] ] } },
{ "type": "Feature", "properties": { "id": 160, "population": 1123 }, "geometry": { "type": "Polygon", "coordinates": [ [ [ -8.61503, 41.16748 ], [ -8.61679, 41.16618 ], [ -8.61617, 41.16432 ], [ -8.61378, 41.16376 ], [ -8.61202, 41.16507 ], [ -8.61264, 41.16693 ], [ -8.61503, 41.16748 ], [ -8.61503, 41.16748 ] ] ] } },
{ "type": "Feature", "properties": { "id": 161, "population": 85 }, "geometry": { "type": "Polygon", "coordinates": [ [ [ -8.56313, 41.15027 ], [ -8.56489, 41.14896 ], [ -8.56428, 41.1471 ], [ -8.56189, 41.14655 ], [ -8.56013, 41.14785 ], [ -8.56075, 41.14971 ], [ -8.56313, 41.15027 ], [ -8.56313, 41.15027 ] ] ] } },
{ "type": "Feature", "properties": { "id": 162, "population": 1648 }, "geometry": { "type": "Polygon", "coordinates": [ [ [ -8.62289, 41.1779 ], [ -8.62466, 41.17659 ], [ -8.62404, 41.17473 ], [ -8.62165, 41.17418 ], [ -8.61989, 41.17548 ], [ -8.62051, 41.17734 ], [ -8.62289, 41.1779 ], [ -8.62289, 41.1779 ] ] ] } },
{ "type": "Feature", "properties": { "id": 163, "population": 577 }, "geometry": { "type": "Polygon", "coordinates": [ [ [ -8.6226, 41.15722 ], [ -8.62436, 41.15592 ], [ -8.62374, 41.15405 ], [ -8.62136, 41.1535 ], [ -8.6196, 41.15481 ], [ -8.62022, 41.15667 ], [ -8.6226, 41.15722 ], [ -8.6226, 41.15722 ] ] ] } },
{ "type": "Feature", "properties": { "id": 164, "population": 536 }, "geometry": { "type": "Polygon", "coordinates": [ [ [ -8.67495, 41.16249 ], [ -8.67671, 41.16119 ], [ -8.67609, 41.15932 ], [ -8.67371, 41.15877 ], [ -8.67194, 41.16008 ], [ -8.67256, 41.16194 ], [ -8.67495, 41.16249 ], [ -8.67495, 41.16249 ] ] ] } },
{ "type": "Feature", "properties": { "id": 165, "population": 31 }, "geometry": { "type": "Polygon", "coordinates": [ [ [ -8.60516, 41.18408 ], [ -8.60692, 41.18277 ], [ -8.6063, 41.18091 ], [ -8.60392, 41.18036 ], [ -8.60216, 41.18167 ], [ -8.60278, 41.18353 ], [ -8.60516, 41.18408 ], [ -8.60516, 41.18408 ] ] ] } },
{ "type": "Feature", "properties": { "id": 166, "population": 1056 }, "geometry": { "type": "Polygon", "coordinates": [ [ [ -8.59815, 41.14983 ], [ -8.59991, 41.14852 ], [ -8.59929, 41.14666 ], [ -8.59691, 41.1461 ], [ -8.59515, 41.14741 ], [ -8.59577, 41.14927 ], [ -8.59815, 41.14983 ], [ -8.59815, 41.14983 ] ] ] } },
{ "type": "Feature", "properties": { "id": 167, "population": 331 }, "geometry": { "type": "Polygon", "coordinates": [ [ [ -8.57241, 41.17818 ], [ -8.57418, 41.17688 ], [ -8.57356, 41.17502 ], [ -8.57118, 41.17446 ], [ -8.56941, 41.17577 ], [ -8.57003, 41.17763 ], [ -8.57241, 41.17818 ], [ -8.57241, 41.17818 ] ] ] } },
{ "type": "Feature", "properties": { "id": 168, "population": 121 }, "geometry": { "type": "Polygon", "coordinates": [ [ [ -8.65379, 41.1782 ], [ -8.65556, 41.17689 ], [ -8.65493, 41.17503 ], [ -8.65255, 41.17448 ], [ -8.65079, 41.17578 ], [ -8.65141, 41.17764 ], [ -8.65379, 41.1782 ], [ -8.65379, 41.1782 ] ] ] } },
{ "type": "Feature", "properties": { "id": 169, "population": 950 }, "geometry": { "type": "Polygon", "coordinates": [ [ [ -8.66894, 41.15767 ], [ -8.6707, 41.15636 ], [ -8.67008, 41.1545 ], [ -8.66769, 41.15394 ], [ -8.66593, 41.15525 ], [ -8.66655, 41.15711 ], [ -8.66894, 41.15767 ], [ -8.66894, 41.15767 ] ] ] } },
{ "type": "Feature", "properties": { "id": 170, "population": 1292 }, "geometry": { "type": "Polygon", "coordinates": [ [ [ -8.59358, 41.1625 ], [ -8.59534, 41.16119 ], [ -8.59472, 41.15933 ], [ -8.59234, 41.15878 ], [ -8.59057, 41.16009 ], [ -8.59119, 41.16195 ], [ -8.59358, 41.1625 ], [ -8.59358, 41.1625 ] ] ] } },
{ "type": "Feature", "properties": { "id": 171, "population": 1075 }, "geometry": { "type": "Polygon", "coordinates": [ [ [ -8.61173, 41.1444 ], [ -8.61349, 41.14309 ], [ -8.61287, 41.14123 ], [ -8.61049, 41.14067 ], [ -8.60873, 41.14198 ], [ -8.60935, 41.14384 ], [ -8.61173, 41.1444 ], [ -8.61173, 41.1444 ] ] ] } },
{ "type": "Feature", "properties": { "id": 172, "population": 670 }, "geometry": { "type": "Polygon", "coordinates": [ [ [ -8.61274, 41.17382 ], [ -8.6145, 41.17251 ], [ -8.61388, 41.17065 ], [ -8.6115, 41.1701 ], [ -8.60973, 41.17141 ], [ -8.61036, 41.17327 ], [ -8.61274, 41.17382 ], [ -8.61274, 41.17382 ] ] ] } },
{ "type": "Feature", "properties": { "id": 173, "population": 408 }, "geometry": { "type": "Polygon", "coordinates": [ [ [ -8.61287, 41.14123 ], [ -8.61464, 41.13992 ], [ -8.61402, 41.13806 ], [ -8.61163, 41.1375 ], [ -8.60987, 41.13881 ], [ -8.61049, 41.14067 ], [ -8.61287, 41.14123 ], [ -8.61287, 41.14123 ] ] ] } },
{ "type": "Feature", "properties": { "id": 174, "population": 428 }, "geometry": { "type": "Polygon", "coordinates": [ [ [ -8.64435, 41.18288 ], [ -8.64612, 41.18157 ], [ -8.6455, 41.17971 ], [ -8.64311, 41.17915 ], [ -8.64135, 41.18046 ], [ -8.64197, 41.18232 ], [ -8.64435, 41.18288 ], [ -8.64435, 41.18288 ] ] ] } },
{ "type": "Feature", "properties": { "id": 175, "population": 204 }, "geometry": { "type": "Polygon", "coordinates": [ [ [ -8.63618, 41.15179 ], [ -8.63794, 41.15048 ], [ -8.63732, 41.14862 ], [ -8.63494, 41.14807 ], [ -8.63318, 41.14938 ], [ -8.6338, 41.15124 ], [ -8.63618, 41.15179 ], [ -8.63618, 41.15179 ] ] ] } },
{ "type": "Feature", "properties": { "id": 176, "population": 1167 }, "geometry": { "type": "Polygon", "coordinates": [ [ [ -8.61617, 41.16432 ], [ -8.61793, 41.16301 ], [ -8.61731, 41.16115 ], [ -8.61493, 41.16059 ], [ -8.61316, 41.1619 ], [ -8.61378, 41.16376 ], [ -8.61617, 41.16432 ], [ -8.61617, 41.16432 ] ] ] } },
{ "type": "Feature", "properties": { "id": 177, "population": 112 }, "geometry": { "type": "Polygon", "coordinates": [ [ [ -8.57742, 41.15359 ], [ -8.57919, 41.15229 ], [ -8.57857, 41.15043 ], [ -8.57619, 41.14987 ], [ -8.57442, 41.15118 ], [ -8.57504, 41.15304 ], [ -8.57742, 41.15359 ], [ -8.57742, 41.15359 ] ] ] } },
{ "type": "Feature", "properties": { "id": 178, "population": 450 }, "geometry": { "type": "Polygon", "coordinates": [ [ [ -8.64291, 41.16537 ], [ -8.64467, 41.16406 ], [ -8.64405, 41.1622 ], [ -8.64167, 41.16165 ], [ -8.63991, 41.16296 ], [ -8.64053, 41.16482 ], [ -8.64291, 41.16537 ], [ -8.64291, 41.16537 ] ] ] } },
{ "type": "Feature", "properties": { "id": 179, "population": 183 }, "geometry": { "type": "Polygon", "coordinates": [ [ [ -8.58343, 41.15842 ], [ -8.58519, 41.15712 ], [ -8.58457, 41.15526 ], [ -8.58219, 41.1547 ], [ -8.58042, 41.15601 ], [ -8.58104, 41.15787 ], [ -8.58343, 41.15842 ], [ -8.58343, 41.15842 ] ] ] } },
{ "type": "Feature", "properties": { "id": 180, "population": 449 }, "geometry": { "type": "Polygon", "coordinates": [ [ [ -8.67453, 41.17442 ], [ -8.6763, 41.17311 ], [ -8.67567, 41.17125 ], [ -8.67329, 41.1707 ], [ -8.67153, 41.172 ], [ -8.67215, 41.17387 ], [ -8.67453, 41.17442 ], [ -8.67453, 41.17442 ] ] ] } },
{ "type": "Feature", "properties": { "id": 181, "population": 1767 }, "geometry": { "type": "Polygon", "coordinates": [ [ [ -8.57513, 41.15993 ], [ -8.5769, 41.15862 ], [ -8.57628, 41.15676 ], [ -8.5739, 41.15621 ], [ -8.57213, 41.15751 ], [ -8.57275, 41.15938 ], [ -8.57513, 41.15993 ], [ -8.57513, 41.15993 ] ] ] } },
{ "type": "Feature", "properties": { "id": 182, "population": 1 }, "geometry": { "type": "Polygon", "coordinates": [ [ [ -8.65079, 41.17578 ], [ -8.65255, 41.17448 ], [ -8.65193, 41.17261 ], [ -8.64954, 41.17206 ], [ -8.64778, 41.17337 ], [ -8.6484, 41.17523 ], [ -8.65079, 41.17578 ], [ -8.65079, 41.17578 ] ] ] } },
{ "type": "Feature", "properties": { "id": 183, "population": 171 }, "geometry": { "type": "Polygon", "coordinates": [ [ [ -8.56728, 41.14952 ], [ -8.56904, 41.14821 ], [ -8.56842, 41.14635 ], [ -8.56604, 41.14579 ], [ -8.56428, 41.1471 ], [ -8.56489, 41.14896 ], [ -8.56728, 41.14952 ], [ -8.56728, 41.14952 ] ] ] } },
{ "type": "Feature", "properties": { "id": 184, "population": 459 }, "geometry": { "type": "Polygon", "coordinates": [ [ [ -8.59243, 41.16567 ], [ -8.5942, 41.16436 ], [ -8.59358, 41.1625 ], [ -8.59119, 41.16195 ], [ -8.58943, 41.16325 ], [ -8.59005, 41.16512 ], [ -8.59243, 41.16567 ], [ -8.59243, 41.16567 ] ] ] } },
{ "type": "Feature", "properties": { "id": 185, "population": 815 }, "geometry": { "type": "Polygon", "coordinates": [ [ [ -8.58671, 41.18151 ], [ -8.58848, 41.1802 ], [ -8.58786, 41.17834 ], [ -8.58547, 41.17779 ], [ -8.58371, 41.1791 ], [ -8.58433, 41.18096 ], [ -8.58671, 41.18151 ], [ -8.58671, 41.18151 ] ] ] } },
{ "type": "Feature", "properties": { "id": 186, "population": 1008 }, "geometry": { "type": "Polygon", "coordinates": [ [ [ -8.66593, 41.15525 ], [ -8.66769, 41.15394 ], [ -8.66707, 41.15208 ], [ -8.66469, 41.15153 ], [ -8.66292, 41.15284 ], [ -8.66355, 41.1547 ], [ -8.66593, 41.15525 ], [ -8.66593, 41.15525 ] ] ] } },
{ "type": "Feature", "properties": { "id": 187, "population": 1113 }, "geometry": { "type": "Polygon", "coordinates": [ [ [ -8.66707, 41.15208 ], [ -8.66883, 41.15077 ], [ -8.66821, 41.14891 ], [ -8.66583, 41.14836 ], [ -8.66407, 41.14967 ], [ -8.66469, 41.15153 ], [ -8.66707, 41.15208 ], [ -8.66707, 41.15208 ] ] ] } },
{ "type": "Feature", "properties": { "id": 188, "population": 1003 }, "geometry": { "type": "Polygon", "coordinates": [ [ [ -8.59057, 41.16009 ], [ -8.59234, 41.15878 ], [ -8.59172, 41.15692 ], [ -8.58934, 41.15636 ], [ -8.58757, 41.15767 ], [ -8.58819, 41.15953 ], [ -8.59057, 41.16009 ], [ -8.59057, 41.16009 ] ] ] } },
{ "type": "Feature", "properties": { "id": 189, "population": 900 }, "geometry": { "type": "Polygon", "coordinates": [ [ [ -8.62146, 41.16039 ], [ -8.62322, 41.15908 ], [ -8.6226, 41.15722 ], [ -8.62022, 41.15667 ], [ -8.61845, 41.15798 ], [ -8.61907, 41.15984 ], [ -8.62146, 41.16039 ], [ -8.62146, 41.16039 ] ] ] } },
{ "type": "Feature", "properties": { "id": 190, "population": 492 }, "geometry": { "type": "Polygon", "coordinates": [ [ [ -8.66407, 41.14967 ], [ -8.66583, 41.14836 ], [ -8.66521, 41.1465 ], [ -8.66282, 41.14595 ], [ -8.66106, 41.14726 ], [ -8.66168, 41.14912 ], [ -8.66407, 41.14967 ], [ -8.66407, 41.14967 ] ] ] } },
{ "type": "Feature", "properties": { "id": 191, "population": 1513 }, "geometry": { "type": "Polygon", "coordinates": [ [ [ -8.65193, 41.17261 ], [ -8.65369, 41.17131 ], [ -8.65307, 41.16944 ], [ -8.65069, 41.16889 ], [ -8.64892, 41.1702 ], [ -8.64954, 41.17206 ], [ -8.65193, 41.17261 ], [ -8.65193, 41.17261 ] ] ] } },
{ "type": "Feature", "properties": { "id": 192, "population": 1301 }, "geometry": { "type": "Polygon", "coordinates": [ [ [ -8.61316, 41.1619 ], [ -8.61493, 41.16059 ], [ -8.61431, 41.15873 ], [ -8.61192, 41.15818 ], [ -8.61016, 41.15949 ], [ -8.61078, 41.16135 ], [ -8.61316, 41.1619 ], [ -8.61316, 41.1619 ] ] ] } },
{ "type": "Feature", "properties": { "id": 193, "population": 351 }, "geometry": { "type": "Polygon", "coordinates": [ [ [ -8.57442, 41.15118 ], [ -8.57619, 41.14987 ], [ -8.57557, 41.14801 ], [ -8.57318, 41.14746 ], [ -8.57142, 41.14876 ], [ -8.57204, 41.15062 ], [ -8.57442, 41.15118 ], [ -8.57442, 41.15118 ] ] ] } },
{ "type": "Feature", "properties": { "id": 194, "population": 272 }, "geometry": { "type": "Polygon", "coordinates": [ [ [ -8.61646, 41.18499 ], [ -8.61822, 41.18368 ], [ -8.6176, 41.18182 ], [ -8.61522, 41.18127 ], [ -8.61346, 41.18257 ], [ -8.61408, 41.18444 ], [ -8.61646, 41.18499 ], [ -8.61646, 41.18499 ] ] ] } },
{ "type": "Feature", "properties": { "id": 195, "population": 448 }, "geometry": { "type": "Polygon", "coordinates": [ [ [ -8.57699, 41.16551 ], [ -8.57876, 41.16421 ], [ -8.57814, 41.16235 ], [ -8.57575, 41.16179 ], [ -8.57399, 41.1631 ], [ -8.57461, 41.16496 ], [ -8.57699, 41.16551 ], [ -8.57699, 41.16551 ] ] ] } },
{ "type": "Feature", "properties": { "id": 196, "population": 642 }, "geometry": { "type": "Polygon", "coordinates": [ [ [ -8.58042, 41.15601 ], [ -8.58219, 41.1547 ], [ -8.58157, 41.15284 ], [ -8.57919, 41.15229 ], [ -8.57742, 41.15359 ], [ -8.57804, 41.15545 ], [ -8.58042, 41.15601 ], [ -8.58042, 41.15601 ] ] ] } },
{ "type": "Feature", "properties": { "id": 197, "population": 961 }, "geometry": { "type": "Polygon", "coordinates": [ [ [ -8.64405, 41.1622 ], [ -8.64582, 41.16089 ], [ -8.6452, 41.15903 ], [ -8.64281, 41.15848 ], [ -8.64105, 41.15979 ], [ -8.64167, 41.16165 ], [ -8.64405, 41.1622 ], [ -8.64405, 41.1622 ] ] ] } },
{ "type": "Feature", "properties": { "id": 198, "population": 841 }, "geometry": { "type": "Polygon", "coordinates": [ [ [ -8.58371, 41.1791 ], [ -8.58547, 41.17779 ], [ -8.58485, 41.17593 ], [ -8.58247, 41.17537 ], [ -8.58071, 41.17668 ], [ -8.58133, 41.17854 ], [ -8.58371, 41.1791 ], [ -8.58371, 41.1791 ] ] ] } },
{ "type": "Feature", "properties": { "id": 199, "population": 1154 }, "geometry": { "type": "Polygon", "coordinates": [ [ [ -8.68024, 41.15857 ], [ -8.682, 41.15726 ], [ -8.68138, 41.1554 ], [ -8.67899, 41.15485 ], [ -8.67723, 41.15615 ], [ -8.67785, 41.15802 ], [ -8.68024, 41.15857 ], [ -8.68024, 41.15857 ] ] ] } },
{ "type": "Feature", "properties": { "id": 200, "population": 722 }, "geometry": { "type": "Polygon", "coordinates": [ [ [ -8.60487, 41.16341 ], [ -8.60663, 41.1621 ], [ -8.60601, 41.16024 ], [ -8.60363, 41.15969 ], [ -8.60187, 41.16099 ], [ -8.60249, 41.16286 ], [ -8.60487, 41.16341 ], [ -8.60487, 41.16341 ] ] ] } },
{ "type": "Feature", "properties": { "id": 201, "population": 404 }, "geometry": { "type": "Polygon", "coordinates": [ [ [ -8.61059, 41.14757 ], [ -8.61235, 41.14626 ], [ -8.61173, 41.1444 ], [ -8.60935, 41.14384 ], [ -8.60758, 41.14515 ], [ -8.6082, 41.14701 ], [ -8.61059, 41.14757 ], [ -8.61059, 41.14757 ] ] ] } },
{ "type": "Feature", "properties": { "id": 202, "population": 943 }, "geometry": { "type": "Polygon", "coordinates": [ [ [ -8.58714, 41.16959 ], [ -8.58891, 41.16828 ], [ -8.58829, 41.16642 ], [ -8.5859, 41.16587 ], [ -8.58414, 41.16718 ], [ -8.58476, 41.16904 ], [ -8.58714, 41.16959 ], [ -8.58714, 41.16959 ] ] ] } },
{ "type": "Feature", "properties": { "id": 203, "population": 527 }, "geometry": { "type": "Polygon", "coordinates": [ [ [ -8.60402, 41.18725 ], [ -8.60578, 41.18594 ], [ -8.60516, 41.18408 ], [ -8.60278, 41.18353 ], [ -8.60101, 41.18483 ], [ -8.60163, 41.1867 ], [ -8.60402, 41.18725 ], [ -8.60402, 41.18725 ] ] ] } },
{ "type": "Feature", "properties": { "id": 204, "population": 1074 }, "geometry": { "type": "Polygon", "coordinates": [ [ [ -8.61845, 41.15798 ], [ -8.62022, 41.15667 ], [ -8.6196, 41.15481 ], [ -8.61721, 41.15426 ], [ -8.61545, 41.15556 ], [ -8.61607, 41.15742 ], [ -8.61845, 41.15798 ], [ -8.61845, 41.15798 ] ] ] } },
{ "type": "Feature", "properties": { "id": 205, "population": 3 }, "geometry": { "type": "Polygon", "coordinates": [ [ [ -8.66106, 41.14726 ], [ -8.66282, 41.14595 ], [ -8.6622, 41.14409 ], [ -8.65982, 41.14353 ], [ -8.65805, 41.14484 ], [ -8.65868, 41.1467 ], [ -8.66106, 41.14726 ], [ -8.66106, 41.14726 ] ] ] } },
{ "type": "Feature", "properties": { "id": 206, "population": 579 }, "geometry": { "type": "Polygon", "coordinates": [ [ [ -8.62747, 41.16522 ], [ -8.62923, 41.16391 ], [ -8.62861, 41.16205 ], [ -8.62622, 41.1615 ], [ -8.62446, 41.16281 ], [ -8.62508, 41.16467 ], [ -8.62747, 41.16522 ], [ -8.62747, 41.16522 ] ] ] } },
{ "type": "Feature", "properties": { "id": 207, "population": 83 }, "geometry": { "type": "Polygon", "coordinates": [ [ [ -8.64477, 41.17096 ], [ -8.64654, 41.16965 ], [ -8.64592, 41.16779 ], [ -8.64353, 41.16723 ], [ -8.64177, 41.16854 ], [ -8.64239, 41.1704 ], [ -8.64477, 41.17096 ], [ -8.64477, 41.17096 ] ] ] } },
{ "type": "Feature", "properties": { "id": 208, "population": 1494 }, "geometry": { "type": "Polygon", "coordinates": [ [ [ -8.59472, 41.15933 ], [ -8.59648, 41.15803 ], [ -8.59586, 41.15616 ], [ -8.59348, 41.15561 ], [ -8.59172, 41.15692 ], [ -8.59234, 41.15878 ], [ -8.59472, 41.15933 ], [ -8.59472, 41.15933 ] ] ] } },
{ "type": "Feature", "properties": { "id": 209, "population": 922 }, "geometry": { "type": "Polygon", "coordinates": [ [ [ -8.62518, 41.17156 ], [ -8.62694, 41.17025 ], [ -8.62632, 41.16839 ], [ -8.62394, 41.16784 ], [ -8.62218, 41.16915 ], [ -8.6228, 41.17101 ], [ -8.62518, 41.17156 ], [ -8.62518, 41.17156 ] ] ] } },
{ "type": "Feature", "properties": { "id": 210, "population": 562 }, "geometry": { "type": "Polygon", "coordinates": [ [ [ -8.64105, 41.15979 ], [ -8.64281, 41.15848 ], [ -8.64219, 41.15662 ], [ -8.63981, 41.15607 ], [ -8.63804, 41.15737 ], [ -8.63866, 41.15923 ], [ -8.64105, 41.15979 ], [ -8.64105, 41.15979 ] ] ] } },
{ "type": "Feature", "properties": { "id": 211, "population": 279 }, "geometry": { "type": "Polygon", "coordinates": [ [ [ -8.62175, 41.18107 ], [ -8.62352, 41.17976 ], [ -8.62289, 41.1779 ], [ -8.62051, 41.17734 ], [ -8.61875, 41.17865 ], [ -8.61937, 41.18051 ], [ -8.62175, 41.18107 ], [ -8.62175, 41.18107 ] ] ] } },
{ "type": "Feature", "properties": { "id": 212, "population": 217 }, "geometry": { "type": "Polygon", "coordinates": [ [ [ -8.56199, 41.15344 ], [ -8.56375, 41.15213 ], [ -8.56313, 41.15027 ], [ -8.56075, 41.14971 ], [ -8.55899, 41.15102 ], [ -8.5596, 41.15288 ], [ -8.56199, 41.15344 ], [ -8.56199, 41.15344 ] ] ] } },
{ "type": "Feature", "properties": { "id": 213, "population": 810 }, "geometry": { "type": "Polygon", "coordinates": [ [ [ -8.67723, 41.15615 ], [ -8.67899, 41.15485 ], [ -8.67837, 41.15298 ], [ -8.67599, 41.15243 ], [ -8.67422, 41.15374 ], [ -8.67485, 41.1556 ], [ -8.67723, 41.15615 ], [ -8.67723, 41.15615 ] ] ] } },
{ "type": "Feature", "properties": { "id": 214, "population": 1495 }, "geometry": { "type": "Polygon", "coordinates": [ [ [ -8.60187, 41.16099 ], [ -8.60363, 41.15969 ], [ -8.60301, 41.15783 ], [ -8.60063, 41.15727 ], [ -8.59887, 41.15858 ], [ -8.59949, 41.16044 ], [ -8.60187, 41.16099 ], [ -8.60187, 41.16099 ] ] ] } },
{ "type": "Feature", "properties": { "id": 215, "population": 7 }, "geometry": { "type": "Polygon", "coordinates": [ [ [ -8.57671, 41.14484 ], [ -8.57847, 41.14353 ], [ -8.57785, 41.14167 ], [ -8.57547, 41.14112 ], [ -8.57371, 41.14243 ], [ -8.57433, 41.14429 ], [ -8.57671, 41.14484 ], [ -8.57671, 41.14484 ] ] ] } },
{ "type": "Feature", "properties": { "id": 216, "population": 68 }, "geometry": { "type": "Polygon", "coordinates": [ [ [ -8.58414, 41.16718 ], [ -8.5859, 41.16587 ], [ -8.58528, 41.16401 ], [ -8.5829, 41.16345 ], [ -8.58114, 41.16476 ], [ -8.58176, 41.16662 ], [ -8.58414, 41.16718 ], [ -8.58414, 41.16718 ] ] ] } },
{ "type": "Feature", "properties": { "id": 217, "population": 987 }, "geometry": { "type": "Polygon", "coordinates": [ [ [ -8.65608, 41.17186 ], [ -8.65784, 41.17055 ], [ -8.65722, 41.16869 ], [ -8.65483, 41.16814 ], [ -8.65307, 41.16944 ], [ -8.65369, 41.17131 ], [ -8.65608, 41.17186 ], [ -8.65608, 41.17186 ] ] ] } },
{ "type": "Feature", "properties": { "id": 218, "population": 225 }, "geometry": { "type": "Polygon", "coordinates": [ [ [ -8.67267, 41.16883 ], [ -8.67443, 41.16753 ], [ -8.67381, 41.16566 ], [ -8.67142, 41.16511 ], [ -8.66966, 41.16642 ], [ -8.67028, 41.16828 ], [ -8.67267, 41.16883 ], [ -8.67267, 41.16883 ] ] ] } },
{ "type": "Feature", "properties": { "id": 219, "population": 1565 }, "geometry": { "type": "Polygon", "coordinates": [ [ [ -8.6455, 41.17971 ], [ -8.64726, 41.1784 ], [ -8.64664, 41.17654 ], [ -8.64425, 41.17599 ], [ -8.64249, 41.17729 ], [ -8.64311, 41.17915 ], [ -8.6455, 41.17971 ], [ -8.6455, 41.17971 ] ] ] } },
{ "type": "Feature", "properties": { "id": 220, "population": 774 }, "geometry": { "type": "Polygon", "coordinates": [ [ [ -8.63276, 41.1613 ], [ -8.63452, 41.15999 ], [ -8.6339, 41.15813 ], [ -8.63151, 41.15758 ], [ -8.62975, 41.15888 ], [ -8.63037, 41.16074 ], [ -8.63276, 41.1613 ], [ -8.63276, 41.1613 ] ] ] } },
{ "type": "Feature", "properties": { "id": 221, "population": 1066 }, "geometry": { "type": "Polygon", "coordinates": [ [ [ -8.64634, 41.15586 ], [ -8.6481, 41.15455 ], [ -8.64748, 41.15269 ], [ -8.6451, 41.15214 ], [ -8.64333, 41.15345 ], [ -8.64395, 41.15531 ], [ -8.64634, 41.15586 ], [ -8.64634, 41.15586 ] ] ] } },
{ "type": "Feature", "properties": { "id": 222, "population": 1084 }, "geometry": { "type": "Polygon", "coordinates": [ [ [ -8.62446, 41.16281 ], [ -8.62622, 41.1615 ], [ -8.6256, 41.15964 ], [ -8.62322, 41.15908 ], [ -8.62146, 41.16039 ], [ -8.62208, 41.16225 ], [ -8.62446, 41.16281 ], [ -8.62446, 41.16281 ] ] ] } },
{ "type": "Feature", "properties": { "id": 223, "population": 74 }, "geometry": { "type": "Polygon", "coordinates": [ [ [ -8.5567, 41.15736 ], [ -8.55846, 41.15605 ], [ -8.55784, 41.15419 ], [ -8.55546, 41.15363 ], [ -8.5537, 41.15494 ], [ -8.55431, 41.1568 ], [ -8.5567, 41.15736 ], [ -8.5567, 41.15736 ] ] ] } },
{ "type": "Feature", "properties": { "id": 224, "population": 598 }, "geometry": { "type": "Polygon", "coordinates": [ [ [ -8.59172, 41.15692 ], [ -8.59348, 41.15561 ], [ -8.59286, 41.15375 ], [ -8.59048, 41.1532 ], [ -8.58872, 41.1545 ], [ -8.58934, 41.15636 ], [ -8.59172, 41.15692 ], [ -8.59172, 41.15692 ] ] ] } },
{ "type": "Feature", "properties": { "id": 225, "population": 182 }, "geometry": { "type": "Polygon", "coordinates": [ [ [ -8.56827, 41.17894 ], [ -8.57003, 41.17763 ], [ -8.56941, 41.17577 ], [ -8.56703, 41.17521 ], [ -8.56527, 41.17652 ], [ -8.56588, 41.17838 ], [ -8.56827, 41.17894 ], [ -8.56827, 41.17894 ] ] ] } },
{ "type": "Feature", "properties": { "id": 226, "population": 376 }, "geometry": { "type": "Polygon", "coordinates": [ [ [ -8.65535, 41.16311 ], [ -8.65712, 41.1618 ], [ -8.65649, 41.15994 ], [ -8.65411, 41.15938 ], [ -8.65235, 41.16069 ], [ -8.65297, 41.16255 ], [ -8.65535, 41.16311 ], [ -8.65535, 41.16311 ] ] ] } },
{ "type": "Feature", "properties": { "id": 227, "population": 1281 }, "geometry": { "type": "Polygon", "coordinates": [ [ [ -8.61388, 41.17065 ], [ -8.61565, 41.16935 ], [ -8.61503, 41.16748 ], [ -8.61264, 41.16693 ], [ -8.61088, 41.16824 ], [ -8.6115, 41.1701 ], [ -8.61388, 41.17065 ], [ -8.61388, 41.17065 ] ] ] } },
{ "type": "Feature", "properties": { "id": 228, "population": 558 }, "geometry": { "type": "Polygon", "coordinates": [ [ [ -8.66251, 41.16476 ], [ -8.66427, 41.16345 ], [ -8.66365, 41.16159 ], [ -8.66126, 41.16104 ], [ -8.6595, 41.16235 ], [ -8.66012, 41.16421 ], [ -8.66251, 41.16476 ], [ -8.66251, 41.16476 ] ] ] } },
{ "type": "Feature", "properties": { "id": 229, "population": 461 }, "geometry": { "type": "Polygon", "coordinates": [ [ [ -8.59515, 41.14741 ], [ -8.59691, 41.1461 ], [ -8.59629, 41.14424 ], [ -8.59391, 41.14369 ], [ -8.59215, 41.145 ], [ -8.59277, 41.14686 ], [ -8.59515, 41.14741 ], [ -8.59515, 41.14741 ] ] ] } },
{ "type": "Feature", "properties": { "id": 230, "population": 162 }, "geometry": { "type": "Polygon", "coordinates": [ [ [ -8.62188, 41.14847 ], [ -8.62364, 41.14716 ], [ -8.62302, 41.1453 ], [ -8.62064, 41.14475 ], [ -8.61888, 41.14606 ], [ -8.6195, 41.14792 ], [ -8.62188, 41.14847 ], [ -8.62188, 41.14847 ] ] ] } },
{ "type": "Feature", "properties": { "id": 231, "population": 97 }, "geometry": { "type": "Polygon", "coordinates": [ [ [ -8.63017, 41.14696 ], [ -8.63194, 41.14565 ], [ -8.63132, 41.14379 ], [ -8.62893, 41.14324 ], [ -8.62717, 41.14455 ], [ -8.62779, 41.14641 ], [ -8.63017, 41.14696 ], [ -8.63017, 41.14696 ] ] ] } },
{ "type": "Feature", "properties": { "id": 232, "population": 1375 }, "geometry": { "type": "Polygon", "coordinates": [ [ [ -8.59844, 41.1705 ], [ -8.6002, 41.16919 ], [ -8.59958, 41.16733 ], [ -8.5972, 41.16678 ], [ -8.59544, 41.16808 ], [ -8.59605, 41.16995 ], [ -8.59844, 41.1705 ], [ -8.59844, 41.1705 ] ] ] } },
{ "type": "Feature", "properties": { "id": 233, "population": 1756 }, "geometry": { "type": "Polygon", "coordinates": [ [ [ -8.65307, 41.16944 ], [ -8.65483, 41.16814 ], [ -8.65421, 41.16627 ], [ -8.65183, 41.16572 ], [ -8.65006, 41.16703 ], [ -8.65069, 41.16889 ], [ -8.65307, 41.16944 ], [ -8.65307, 41.16944 ] ] ] } },
{ "type": "Feature", "properties": { "id": 234, "population": 590 }, "geometry": { "type": "Polygon", "coordinates": [ [ [ -8.66966, 41.16642 ], [ -8.67142, 41.16511 ], [ -8.6708, 41.16325 ], [ -8.66842, 41.1627 ], [ -8.66665, 41.16401 ], [ -8.66728, 41.16587 ], [ -8.66966, 41.16642 ], [ -8.66966, 41.16642 ] ] ] } },
{ "type": "Feature", "properties": { "id": 235, "population": 1120 }, "geometry": { "type": "Polygon", "coordinates": [ [ [ -8.60716, 41.15707 ], [ -8.60892, 41.15576 ], [ -8.6083, 41.1539 ], [ -8.60592, 41.15335 ], [ -8.60416, 41.15466 ], [ -8.60478, 41.15652 ], [ -8.60716, 41.15707 ], [ -8.60716, 41.15707 ] ] ] } },
{ "type": "Feature", "properties": { "id": 236, "population": 227 }, "geometry": { "type": "Polygon", "coordinates": [ [ [ -8.62975, 41.15888 ], [ -8.63151, 41.15758 ], [ -8.63089, 41.15571 ], [ -8.62851, 41.15516 ], [ -8.62675, 41.15647 ], [ -8.62737, 41.15833 ], [ -8.62975, 41.15888 ], [ -8.62975, 41.15888 ] ] ] } },
{ "type": "Feature", "properties": { "id": 237, "population": 103 }, "geometry": { "type": "Polygon", "coordinates": [ [ [ -8.64333, 41.15345 ], [ -8.6451, 41.15214 ], [ -8.64447, 41.15028 ], [ -8.64209, 41.14973 ], [ -8.64033, 41.15103 ], [ -8.64095, 41.1529 ], [ -8.64333, 41.15345 ], [ -8.64333, 41.15345 ] ] ] } },
{ "type": "Feature", "properties": { "id": 238, "population": 702 }, "geometry": { "type": "Polygon", "coordinates": [ [ [ -8.60973, 41.17141 ], [ -8.6115, 41.1701 ], [ -8.61088, 41.16824 ], [ -8.60849, 41.16769 ], [ -8.60673, 41.16899 ], [ -8.60735, 41.17085 ], [ -8.60973, 41.17141 ], [ -8.60973, 41.17141 ] ] ] } },
{ "type": "Feature", "properties": { "id": 239, "population": 69 }, "geometry": { "type": "Polygon", "coordinates": [ [ [ -8.59615, 41.17684 ], [ -8.59791, 41.17553 ], [ -8.59729, 41.17367 ], [ -8.59491, 41.17311 ], [ -8.59315, 41.17442 ], [ -8.59377, 41.17628 ], [ -8.59615, 41.17684 ], [ -8.59615, 41.17684 ] ] ] } },
{ "type": "Feature", "properties": { "id": 240, "population": 1744 }, "geometry": { "type": "Polygon", "coordinates": [ [ [ -8.57099, 41.16068 ], [ -8.57275, 41.15938 ], [ -8.57213, 41.15751 ], [ -8.56975, 41.15696 ], [ -8.56799, 41.15827 ], [ -8.56861, 41.16013 ], [ -8.57099, 41.16068 ], [ -8.57099, 41.16068 ] ] ] } },
{ "type": "Feature", "properties": { "id": 241, "population": 658 }, "geometry": { "type": "Polygon", "coordinates": [ [ [ -8.60745, 41.17774 ], [ -8.60921, 41.17644 ], [ -8.60859, 41.17458 ], [ -8.60621, 41.17402 ], [ -8.60444, 41.17533 ], [ -8.60506, 41.17719 ], [ -8.60745, 41.17774 ], [ -8.60745, 41.17774 ] ] ] } },
{ "type": "Feature", "properties": { "id": 242, "population": 355 }, "geometry": { "type": "Polygon", "coordinates": [ [ [ -8.5687, 41.16702 ], [ -8.57046, 41.16571 ], [ -8.56984, 41.16385 ], [ -8.56746, 41.1633 ], [ -8.5657, 41.1646 ], [ -8.56632, 41.16646 ], [ -8.5687, 41.16702 ], [ -8.5687, 41.16702 ] ] ] } },
{ "type": "Feature", "properties": { "id": 243, "population": 50 }, "geometry": { "type": "Polygon", "coordinates": [ [ [ -8.57356, 41.17502 ], [ -8.57532, 41.17371 ], [ -8.5747, 41.17185 ], [ -8.57232, 41.17129 ], [ -8.57056, 41.1726 ], [ -8.57118, 41.17446 ], [ -8.57356, 41.17502 ], [ -8.57356, 41.17502 ] ] ] } },
{ "type": "Feature", "properties": { "id": 244, "population": 746 }, "geometry": { "type": "Polygon", "coordinates": [ [ [ -8.65493, 41.17503 ], [ -8.6567, 41.17372 ], [ -8.65608, 41.17186 ], [ -8.65369, 41.17131 ], [ -8.65193, 41.17261 ], [ -8.65255, 41.17448 ], [ -8.65493, 41.17503 ], [ -8.65493, 41.17503 ] ] ] } },
{ "type": "Feature", "properties": { "id": 245, "population": 694 }, "geometry": { "type": "Polygon", "coordinates": [ [ [ -8.65235, 41.16069 ], [ -8.65411, 41.15938 ], [ -8.65349, 41.15752 ], [ -8.65111, 41.15697 ], [ -8.64934, 41.15828 ], [ -8.64996, 41.16014 ], [ -8.65235, 41.16069 ], [ -8.65235, 41.16069 ] ] ] } },
{ "type": "Feature", "properties": { "id": 246, "population": 400 }, "geometry": { "type": "Polygon", "coordinates": [ [ [ -8.6595, 41.16235 ], [ -8.66126, 41.16104 ], [ -8.66064, 41.15918 ], [ -8.65826, 41.15863 ], [ -8.65649, 41.15994 ], [ -8.65712, 41.1618 ], [ -8.6595, 41.16235 ], [ -8.6595, 41.16235 ] ] ] } },
{ "type": "Feature", "properties": { "id": 247, "population": 51 }, "geometry": { "type": "Polygon", "coordinates": [ [ [ -8.59215, 41.145 ], [ -8.59391, 41.14369 ], [ -8.59329, 41.14183 ], [ -8.59091, 41.14127 ], [ -8.58915, 41.14258 ], [ -8.58976, 41.14444 ], [ -8.59215, 41.145 ], [ -8.59215, 41.145 ] ] ] } },
{ "type": "Feature", "properties": { "id": 248, "population": 970 }, "geometry": { "type": "Polygon", "coordinates": [ [ [ -8.59544, 41.16808 ], [ -8.5972, 41.16678 ], [ -8.59658, 41.16492 ], [ -8.5942, 41.16436 ], [ -8.59243, 41.16567 ], [ -8.59305, 41.16753 ], [ -8.59544, 41.16808 ], [ -8.59544, 41.16808 ] ] ] } },
{ "type": "Feature", "properties": { "id": 249, "population": 417 }, "geometry": { "type": "Polygon", "coordinates": [ [ [ -8.63834, 41.17805 ], [ -8.64011, 41.17674 ], [ -8.63949, 41.17488 ], [ -8.6371, 41.17433 ], [ -8.63534, 41.17563 ], [ -8.63596, 41.1775 ], [ -8.63834, 41.17805 ], [ -8.63834, 41.17805 ] ] ] } },
{ "type": "Feature", "properties": { "id": 250, "population": 57 }, "geometry": { "type": "Polygon", "coordinates": [ [ [ -8.68397, 41.16974 ], [ -8.68573, 41.16843 ], [ -8.68511, 41.16657 ], [ -8.68273, 41.16601 ], [ -8.68096, 41.16732 ], [ -8.68159, 41.16918 ], [ -8.68397, 41.16974 ], [ -8.68397, 41.16974 ] ] ] } },
{ "type": "Feature", "properties": { "id": 251, "population": 731 }, "geometry": { "type": "Polygon", "coordinates": [ [ [ -8.66209, 41.17669 ], [ -8.66385, 41.17538 ], [ -8.66323, 41.17352 ], [ -8.66085, 41.17296 ], [ -8.65908, 41.17427 ], [ -8.6597, 41.17613 ], [ -8.66209, 41.17669 ], [ -8.66209, 41.17669 ] ] ] } },
{ "type": "Feature", "properties": { "id": 252, "population": 1460 }, "geometry": { "type": "Polygon", "coordinates": [ [ [ -8.59929, 41.14666 ], [ -8.60106, 41.14535 ], [ -8.60044, 41.14349 ], [ -8.59805, 41.14294 ], [ -8.59629, 41.14424 ], [ -8.59691, 41.1461 ], [ -8.59929, 41.14666 ], [ -8.59929, 41.14666 ] ] ] } },
{ "type": "Feature", "properties": { "id": 253, "population": 1143 }, "geometry": { "type": "Polygon", "coordinates": [ [ [ -8.65764, 41.15677 ], [ -8.6594, 41.15546 ], [ -8.65878, 41.1536 ], [ -8.65639, 41.15304 ], [ -8.65463, 41.15435 ], [ -8.65525, 41.15621 ], [ -8.65764, 41.15677 ], [ -8.65764, 41.15677 ] ] ] } },
{ "type": "Feature", "properties": { "id": 254, "population": 310 }, "geometry": { "type": "Polygon", "coordinates": [ [ [ -8.62302, 41.1453 ], [ -8.62479, 41.14399 ], [ -8.62417, 41.14213 ], [ -8.62178, 41.14158 ], [ -8.62002, 41.14289 ], [ -8.62064, 41.14475 ], [ -8.62302, 41.1453 ], [ -8.62302, 41.1453 ] ] ] } },
{ "type": "Feature", "properties": { "id": 255, "population": 376 }, "geometry": { "type": "Polygon", "coordinates": [ [ [ -8.67609, 41.15932 ], [ -8.67785, 41.15802 ], [ -8.67723, 41.15615 ], [ -8.67485, 41.1556 ], [ -8.67308, 41.15691 ], [ -8.67371, 41.15877 ], [ -8.67609, 41.15932 ], [ -8.67609, 41.15932 ] ] ] } },
{ "type": "Feature", "properties": { "id": 256, "population": 564 }, "geometry": { "type": "Polygon", "coordinates": [ [ [ -8.60673, 41.16899 ], [ -8.60849, 41.16769 ], [ -8.60787, 41.16582 ], [ -8.60549, 41.16527 ], [ -8.60373, 41.16658 ], [ -8.60435, 41.16844 ], [ -8.60673, 41.16899 ], [ -8.60673, 41.16899 ] ] ] } },
{ "type": "Feature", "properties": { "id": 257, "population": 89 }, "geometry": { "type": "Polygon", "coordinates": [ [ [ -8.56799, 41.15827 ], [ -8.56975, 41.15696 ], [ -8.56913, 41.1551 ], [ -8.56675, 41.15454 ], [ -8.56499, 41.15585 ], [ -8.56561, 41.15771 ], [ -8.56799, 41.15827 ], [ -8.56799, 41.15827 ] ] ] } },
{ "type": "Feature", "properties": { "id": 258, "population": 1191 }, "geometry": { "type": "Polygon", "coordinates": [ [ [ -8.63762, 41.1693 ], [ -8.63939, 41.16799 ], [ -8.63876, 41.16613 ], [ -8.63638, 41.16557 ], [ -8.63462, 41.16688 ], [ -8.63524, 41.16874 ], [ -8.63762, 41.1693 ], [ -8.63762, 41.1693 ] ] ] } },
{ "type": "Feature", "properties": { "id": 259, "population": 852 }, "geometry": { "type": "Polygon", "coordinates": [ [ [ -8.63047, 41.16764 ], [ -8.63223, 41.16633 ], [ -8.63161, 41.16447 ], [ -8.62923, 41.16391 ], [ -8.62747, 41.16522 ], [ -8.62809, 41.16708 ], [ -8.63047, 41.16764 ], [ -8.63047, 41.16764 ] ] ] } },
{ "type": "Feature", "properties": { "id": 260, "population": 411 }, "geometry": { "type": "Polygon", "coordinates": [ [ [ -8.67381, 41.16566 ], [ -8.67557, 41.16436 ], [ -8.67495, 41.16249 ], [ -8.67256, 41.16194 ], [ -8.6708, 41.16325 ], [ -8.67142, 41.16511 ], [ -8.67381, 41.16566 ], [ -8.67381, 41.16566 ] ] ] } },
{ "type": "Feature", "properties": { "id": 261, "population": 469 }, "geometry": { "type": "Polygon", "coordinates": [ [ [ -8.60644, 41.14832 ], [ -8.6082, 41.14701 ], [ -8.60758, 41.14515 ], [ -8.6052, 41.1446 ], [ -8.60344, 41.1459 ], [ -8.60406, 41.14777 ], [ -8.60644, 41.14832 ], [ -8.60644, 41.14832 ] ] ] } },
{ "type": "Feature", "properties": { "id": 262, "population": 681 }, "geometry": { "type": "Polygon", "coordinates": [ [ [ -8.65908, 41.17427 ], [ -8.66085, 41.17296 ], [ -8.66022, 41.1711 ], [ -8.65784, 41.17055 ], [ -8.65608, 41.17186 ], [ -8.6567, 41.17372 ], [ -8.65908, 41.17427 ], [ -8.65908, 41.17427 ] ] ] } },
{ "type": "Feature", "properties": { "id": 263, "population": 379 }, "geometry": { "type": "Polygon", "coordinates": [ [ [ -8.56499, 41.15585 ], [ -8.56675, 41.15454 ], [ -8.56613, 41.15268 ], [ -8.56375, 41.15213 ], [ -8.56199, 41.15344 ], [ -8.5626, 41.1553 ], [ -8.56499, 41.15585 ], [ -8.56499, 41.15585 ] ] ] } },
{ "type": "Feature", "properties": { "id": 264, "population": 29 }, "geometry": { "type": "Polygon", "coordinates": [ [ [ -8.65691, 41.14801 ], [ -8.65868, 41.1467 ], [ -8.65805, 41.14484 ], [ -8.65567, 41.14429 ], [ -8.65391, 41.1456 ], [ -8.65453, 41.14746 ], [ -8.65691, 41.14801 ], [ -8.65691, 41.14801 ] ] ] } },
{ "type": "Feature", "properties": { "id": 265, "population": 373 }, "geometry": { "type": "Polygon", "coordinates": [ [ [ -8.58071, 41.17668 ], [ -8.58247, 41.17537 ], [ -8.58185, 41.17351 ], [ -8.57947, 41.17296 ], [ -8.5777, 41.17426 ], [ -8.57832, 41.17613 ], [ -8.58071, 41.17668 ], [ -8.58071, 41.17668 ] ] ] } },
{ "type": "Feature", "properties": { "id": 266, "population": 1304 }, "geometry": { "type": "Polygon", "coordinates": [ [ [ -8.63534, 41.17563 ], [ -8.6371, 41.17433 ], [ -8.63648, 41.17247 ], [ -8.6341, 41.17191 ], [ -8.63233, 41.17322 ], [ -8.63295, 41.17508 ], [ -8.63534, 41.17563 ], [ -8.63534, 41.17563 ] ] ] } },
{ "type": "Feature", "properties": { "id": 267, "population": 63 }, "geometry": { "type": "Polygon", "coordinates": [ [ [ -8.64033, 41.15103 ], [ -8.64209, 41.14973 ], [ -8.64147, 41.14787 ], [ -8.63909, 41.14731 ], [ -8.63732, 41.14862 ], [ -8.63794, 41.15048 ], [ -8.64033, 41.15103 ], [ -8.64033, 41.15103 ] ] ] } },
{ "type": "Feature", "properties": { "id": 268, "population": 119 }, "geometry": { "type": "Polygon", "coordinates": [ [ [ -8.68096, 41.16732 ], [ -8.68273, 41.16601 ], [ -8.6821, 41.16415 ], [ -8.67972, 41.1636 ], [ -8.67796, 41.16491 ], [ -8.67858, 41.16677 ], [ -8.68096, 41.16732 ], [ -8.68096, 41.16732 ] ] ] } },
{ "type": "Feature", "properties": { "id": 269, "population": 1087 }, "geometry": { "type": "Polygon", "coordinates": [ [ [ -8.60416, 41.15466 ], [ -8.60592, 41.15335 ], [ -8.6053, 41.15149 ], [ -8.60292, 41.15093 ], [ -8.60115, 41.15224 ], [ -8.60177, 41.1541 ], [ -8.60416, 41.15466 ], [ -8.60416, 41.15466 ] ] ] } },
{ "type": "Feature", "properties": { "id": 270, "population": 3 }, "geometry": { "type": "Polygon", "coordinates": [ [ [ -8.58915, 41.14258 ], [ -8.59091, 41.14127 ], [ -8.59029, 41.13941 ], [ -8.58791, 41.13886 ], [ -8.58614, 41.14017 ], [ -8.58676, 41.14203 ], [ -8.58915, 41.14258 ], [ -8.58915, 41.14258 ] ] ] } },
{ "type": "Feature", "properties": { "id": 271, "population": 1135 }, "geometry": { "type": "Polygon", "coordinates": [ [ [ -8.6485, 41.18212 ], [ -8.65027, 41.18081 ], [ -8.64964, 41.17895 ], [ -8.64726, 41.1784 ], [ -8.6455, 41.17971 ], [ -8.64612, 41.18157 ], [ -8.6485, 41.18212 ], [ -8.6485, 41.18212 ] ] ] } },
{ "type": "Feature", "properties": { "id": 272, "population": 927 }, "geometry": { "type": "Polygon", "coordinates": [ [ [ -8.65463, 41.15435 ], [ -8.65639, 41.15304 ], [ -8.65577, 41.15118 ], [ -8.65339, 41.15063 ], [ -8.65163, 41.15194 ], [ -8.65225, 41.1538 ], [ -8.65463, 41.15435 ], [ -8.65463, 41.15435 ] ] ] } },
{ "type": "Feature", "properties": { "id": 273, "population": 417 }, "geometry": { "type": "Polygon", "coordinates": [ [ [ -8.62002, 41.14289 ], [ -8.62178, 41.14158 ], [ -8.62116, 41.13972 ], [ -8.61878, 41.13916 ], [ -8.61702, 41.14047 ], [ -8.61764, 41.14233 ], [ -8.62002, 41.14289 ], [ -8.62002, 41.14289 ] ] ] } },
{ "type": "Feature", "properties": { "id": 274, "population": 1108 }, "geometry": { "type": "Polygon", "coordinates": [ [ [ -8.62103, 41.17231 ], [ -8.6228, 41.17101 ], [ -8.62218, 41.16915 ], [ -8.61979, 41.16859 ], [ -8.61803, 41.1699 ], [ -8.61865, 41.17176 ], [ -8.62103, 41.17231 ], [ -8.62103, 41.17231 ] ] ] } },
{ "type": "Feature", "properties": { "id": 275, "population": 447 }, "geometry": { "type": "Polygon", "coordinates": [ [ [ -8.60044, 41.14349 ], [ -8.6022, 41.14218 ], [ -8.60158, 41.14032 ], [ -8.5992, 41.13977 ], [ -8.59744, 41.14107 ], [ -8.59805, 41.14294 ], [ -8.60044, 41.14349 ], [ -8.60044, 41.14349 ] ] ] } },
{ "type": "Feature", "properties": { "id": 276, "population": 227 }, "geometry": { "type": "Polygon", "coordinates": [ [ [ -8.64321, 41.18605 ], [ -8.64498, 41.18474 ], [ -8.64435, 41.18288 ], [ -8.64197, 41.18232 ], [ -8.64021, 41.18363 ], [ -8.64083, 41.18549 ], [ -8.64321, 41.18605 ], [ -8.64321, 41.18605 ] ] ] } },
{ "type": "Feature", "properties": { "id": 277, "population": 335 }, "geometry": { "type": "Polygon", "coordinates": [ [ [ -8.63504, 41.15496 ], [ -8.6368, 41.15365 ], [ -8.63618, 41.15179 ], [ -8.6338, 41.15124 ], [ -8.63204, 41.15254 ], [ -8.63266, 41.15441 ], [ -8.63504, 41.15496 ], [ -8.63504, 41.15496 ] ] ] } },
{ "type": "Feature", "properties": { "id": 278, "population": 560 }, "geometry": { "type": "Polygon", "coordinates": [ [ [ -8.61875, 41.17865 ], [ -8.62051, 41.17734 ], [ -8.61989, 41.17548 ], [ -8.61751, 41.17493 ], [ -8.61574, 41.17624 ], [ -8.61636, 41.1781 ], [ -8.61875, 41.17865 ], [ -8.61875, 41.17865 ] ] ] } },
{ "type": "Feature", "properties": { "id": 279, "population": 778 }, "geometry": { "type": "Polygon", "coordinates": [ [ [ -8.63462, 41.16688 ], [ -8.63638, 41.16557 ], [ -8.63576, 41.16371 ], [ -8.63338, 41.16316 ], [ -8.63161, 41.16447 ], [ -8.63223, 41.16633 ], [ -8.63462, 41.16688 ], [ -8.63462, 41.16688 ] ] ] } },
{ "type": "Feature", "properties": { "id": 280, "population": 213 }, "geometry": { "type": "Polygon", "coordinates": [ [ [ -8.6708, 41.16325 ], [ -8.67256, 41.16194 ], [ -8.67194, 41.16008 ], [ -8.66956, 41.15953 ], [ -8.6678, 41.16084 ], [ -8.66842, 41.1627 ], [ -8.6708, 41.16325 ], [ -8.6708, 41.16325 ] ] ] } },
{ "type": "Feature", "properties": { "id": 281, "population": 87 }, "geometry": { "type": "Polygon", "coordinates": [ [ [ -8.60101, 41.18483 ], [ -8.60278, 41.18353 ], [ -8.60216, 41.18167 ], [ -8.59977, 41.18111 ], [ -8.59801, 41.18242 ], [ -8.59863, 41.18428 ], [ -8.60101, 41.18483 ], [ -8.60101, 41.18483 ] ] ] } },
{ "type": "Feature", "properties": { "id": 282, "population": 1068 }, "geometry": { "type": "Polygon", "coordinates": [ [ [ -8.60344, 41.1459 ], [ -8.6052, 41.1446 ], [ -8.60458, 41.14274 ], [ -8.6022, 41.14218 ], [ -8.60044, 41.14349 ], [ -8.60106, 41.14535 ], [ -8.60344, 41.1459 ], [ -8.60344, 41.1459 ] ] ] } },
{ "type": "Feature", "properties": { "id": 283, "population": 1292 }, "geometry": { "type": "Polygon", "coordinates": [ [ [ -8.61588, 41.14364 ], [ -8.61764, 41.14233 ], [ -8.61702, 41.14047 ], [ -8.61464, 41.13992 ], [ -8.61287, 41.14123 ], [ -8.61349, 41.14309 ], [ -8.61588, 41.14364 ], [ -8.61588, 41.14364 ] ] ] } },
{ "type": "Feature", "properties": { "id": 284, "population": 1279 }, "geometry": { "type": "Polygon", "coordinates": [ [ [ -8.65992, 41.15043 ], [ -8.66168, 41.14912 ], [ -8.66106, 41.14726 ], [ -8.65868, 41.1467 ], [ -8.65691, 41.14801 ], [ -8.65753, 41.14987 ], [ -8.65992, 41.15043 ], [ -8.65992, 41.15043 ] ] ] } },
{ "type": "Feature", "properties": { "id": 285, "population": 141 }, "geometry": { "type": "Polygon", "coordinates": [ [ [ -8.5777, 41.17426 ], [ -8.57947, 41.17296 ], [ -8.57885, 41.1711 ], [ -8.57647, 41.17054 ], [ -8.5747, 41.17185 ], [ -8.57532, 41.17371 ], [ -8.5777, 41.17426 ], [ -8.5777, 41.17426 ] ] ] } },
{ "type": "Feature", "properties": { "id": 286, "population": 84 }, "geometry": { "type": "Polygon", "coordinates": [ [ [ -8.64964, 41.17895 ], [ -8.65141, 41.17764 ], [ -8.65079, 41.17578 ], [ -8.6484, 41.17523 ], [ -8.64664, 41.17654 ], [ -8.64726, 41.1784 ], [ -8.64964, 41.17895 ], [ -8.64964, 41.17895 ] ] ] } },
{ "type": "Feature", "properties": { "id": 287, "population": 1471 }, "geometry": { "type": "Polygon", "coordinates": [ [ [ -8.61016, 41.15949 ], [ -8.61192, 41.15818 ], [ -8.6113, 41.15632 ], [ -8.60892, 41.15576 ], [ -8.60716, 41.15707 ], [ -8.60778, 41.15893 ], [ -8.61016, 41.15949 ], [ -8.61016, 41.15949 ] ] ] } },
{ "type": "Feature", "properties": { "id": 288, "population": 757 }, "geometry": { "type": "Polygon", "coordinates": [ [ [ -8.67422, 41.15374 ], [ -8.67599, 41.15243 ], [ -8.67537, 41.15057 ], [ -8.67298, 41.15002 ], [ -8.67122, 41.15133 ], [ -8.67184, 41.15319 ], [ -8.67422, 41.15374 ], [ -8.67422, 41.15374 ] ] ] } },
{ "type": "Feature", "properties": { "id": 289, "population": 1402 }, "geometry": { "type": "Polygon", "coordinates": [ [ [ -8.61803, 41.1699 ], [ -8.61979, 41.16859 ], [ -8.61917, 41.16673 ], [ -8.61679, 41.16618 ], [ -8.61503, 41.16748 ], [ -8.61565, 41.16935 ], [ -8.61803, 41.1699 ], [ -8.61803, 41.1699 ] ] ] } },
{ "type": "Feature", "properties": { "id": 290, "population": 227 }, "geometry": { "type": "Polygon", "coordinates": [ [ [ -8.64021, 41.18363 ], [ -8.64197, 41.18232 ], [ -8.64135, 41.18046 ], [ -8.63896, 41.17991 ], [ -8.6372, 41.18122 ], [ -8.63782, 41.18308 ], [ -8.64021, 41.18363 ], [ -8.64021, 41.18363 ] ] ] } },
{ "type": "Feature", "properties": { "id": 291, "population": 80 }, "geometry": { "type": "Polygon", "coordinates": [ [ [ -8.67682, 41.16808 ], [ -8.67858, 41.16677 ], [ -8.67796, 41.16491 ], [ -8.67557, 41.16436 ], [ -8.67381, 41.16566 ], [ -8.67443, 41.16753 ], [ -8.67682, 41.16808 ], [ -8.67682, 41.16808 ] ] ] } },
{ "type": "Feature", "properties": { "id": 292, "population": 257 }, "geometry": { "type": "Polygon", "coordinates": [ [ [ -8.63204, 41.15254 ], [ -8.6338, 41.15124 ], [ -8.63318, 41.14938 ], [ -8.63079, 41.14882 ], [ -8.62903, 41.15013 ], [ -8.62965, 41.15199 ], [ -8.63204, 41.15254 ], [ -8.63204, 41.15254 ] ] ] } },
{ "type": "Feature", "properties": { "id": 293, "population": 1253 }, "geometry": { "type": "Polygon", "coordinates": [ [ [ -8.64892, 41.1702 ], [ -8.65069, 41.16889 ], [ -8.65006, 41.16703 ], [ -8.64768, 41.16648 ], [ -8.64592, 41.16779 ], [ -8.64654, 41.16965 ], [ -8.64892, 41.1702 ], [ -8.64892, 41.1702 ] ] ] } },
{ "type": "Feature", "properties": { "id": 294, "population": 598 }, "geometry": { "type": "Polygon", "coordinates": [ [ [ -8.58872, 41.1545 ], [ -8.59048, 41.1532 ], [ -8.58986, 41.15133 ], [ -8.58748, 41.15078 ], [ -8.58571, 41.15209 ], [ -8.58633, 41.15395 ], [ -8.58872, 41.1545 ], [ -8.58872, 41.1545 ] ] ] } },
{ "type": "Feature", "properties": { "id": 295, "population": 553 }, "geometry": { "type": "Polygon", "coordinates": [ [ [ -8.64063, 41.17171 ], [ -8.64239, 41.1704 ], [ -8.64177, 41.16854 ], [ -8.63939, 41.16799 ], [ -8.63762, 41.1693 ], [ -8.63824, 41.17116 ], [ -8.64063, 41.17171 ], [ -8.64063, 41.17171 ] ] ] } },
{ "type": "Feature", "properties": { "id": 296, "population": 230 }, "geometry": { "type": "Polygon", "coordinates": [ [ [ -8.67039, 41.17517 ], [ -8.67215, 41.17387 ], [ -8.67153, 41.172 ], [ -8.66914, 41.17145 ], [ -8.66738, 41.17276 ], [ -8.668, 41.17462 ], [ -8.67039, 41.17517 ], [ -8.67039, 41.17517 ] ] ] } },
{ "type": "Feature", "properties": { "id": 297, "population": 141 }, "geometry": { "type": "Polygon", "coordinates": [ [ [ -8.58114, 41.16476 ], [ -8.5829, 41.16345 ], [ -8.58228, 41.16159 ], [ -8.5799, 41.16104 ], [ -8.57814, 41.16235 ], [ -8.57876, 41.16421 ], [ -8.58114, 41.16476 ], [ -8.58114, 41.16476 ] ] ] } },
{ "type": "Feature", "properties": { "id": 298, "population": 66 }, "geometry": { "type": "Polygon", "coordinates": [ [ [ -8.64664, 41.17654 ], [ -8.6484, 41.17523 ], [ -8.64778, 41.17337 ], [ -8.6454, 41.17282 ], [ -8.64363, 41.17412 ], [ -8.64425, 41.17599 ], [ -8.64664, 41.17654 ], [ -8.64664, 41.17654 ] ] ] } },
{ "type": "Feature", "properties": { "id": 299, "population": 15 }, "geometry": { "type": "Polygon", "coordinates": [ [ [ -8.65277, 41.14877 ], [ -8.65453, 41.14746 ], [ -8.65391, 41.1456 ], [ -8.65152, 41.14505 ], [ -8.64976, 41.14635 ], [ -8.65038, 41.14822 ], [ -8.65277, 41.14877 ], [ -8.65277, 41.14877 ] ] ] } },
{ "type": "Feature", "properties": { "id": 300, "population": 601 }, "geometry": { "type": "Polygon", "coordinates": [ [ [ -8.592, 41.17759 ], [ -8.59377, 41.17628 ], [ -8.59315, 41.17442 ], [ -8.59076, 41.17387 ], [ -8.589, 41.17517 ], [ -8.58962, 41.17704 ], [ -8.592, 41.17759 ], [ -8.592, 41.17759 ] ] ] } },
{ "type": "Feature", "properties": { "id": 301, "population": 533 }, "geometry": { "type": "Polygon", "coordinates": [ [ [ -8.67122, 41.15133 ], [ -8.67298, 41.15002 ], [ -8.67236, 41.14816 ], [ -8.66997, 41.1476 ], [ -8.66821, 41.14891 ], [ -8.66883, 41.15077 ], [ -8.67122, 41.15133 ], [ -8.67122, 41.15133 ] ] ] } },
{ "type": "Feature", "properties": { "id": 302, "population": 253 }, "geometry": { "type": "Polygon", "coordinates": [ [ [ -8.58643, 41.16084 ], [ -8.58819, 41.15953 ], [ -8.58757, 41.15767 ], [ -8.58519, 41.15712 ], [ -8.58343, 41.15842 ], [ -8.58405, 41.16029 ], [ -8.58643, 41.16084 ], [ -8.58643, 41.16084 ] ] ] } },
{ "type": "Feature", "properties": { "id": 303, "population": 383 }, "geometry": { "type": "Polygon", "coordinates": [ [ [ -8.6651, 41.1791 ], [ -8.66686, 41.17779 ], [ -8.66624, 41.17593 ], [ -8.66385, 41.17538 ], [ -8.66209, 41.17669 ], [ -8.66271, 41.17855 ], [ -8.6651, 41.1791 ], [ -8.6651, 41.1791 ] ] ] } },
{ "type": "Feature", "properties": { "id": 304, "population": 182 }, "geometry": { "type": "Polygon", "coordinates": [ [ [ -8.57142, 41.14876 ], [ -8.57318, 41.14746 ], [ -8.57257, 41.14559 ], [ -8.57018, 41.14504 ], [ -8.56842, 41.14635 ], [ -8.56904, 41.14821 ], [ -8.57142, 41.14876 ], [ -8.57142, 41.14876 ] ] ] } },
{ "type": "Feature", "properties": { "id": 305, "population": 758 }, "geometry": { "type": "Polygon", "coordinates": [ [ [ -8.61731, 41.16115 ], [ -8.61907, 41.15984 ], [ -8.61845, 41.15798 ], [ -8.61607, 41.15742 ], [ -8.61431, 41.15873 ], [ -8.61493, 41.16059 ], [ -8.61731, 41.16115 ], [ -8.61731, 41.16115 ] ] ] } },
{ "type": "Feature", "properties": { "id": 306, "population": 459 }, "geometry": { "type": "Polygon", "coordinates": [ [ [ -8.68584, 41.17532 ], [ -8.6876, 41.17401 ], [ -8.68698, 41.17215 ], [ -8.68459, 41.1716 ], [ -8.68283, 41.17291 ], [ -8.68345, 41.17477 ], [ -8.68584, 41.17532 ], [ -8.68584, 41.17532 ] ] ] } },
{ "type": "Feature", "properties": { "id": 307, "population": 365 }, "geometry": { "type": "Polygon", "coordinates": [ [ [ -8.6791, 41.16174 ], [ -8.68086, 41.16043 ], [ -8.68024, 41.15857 ], [ -8.67785, 41.15802 ], [ -8.67609, 41.15932 ], [ -8.67671, 41.16119 ], [ -8.6791, 41.16174 ], [ -8.6791, 41.16174 ] ] ] } },
{ "type": "Feature", "properties": { "id": 308, "population": 1527 }, "geometry": { "type": "Polygon", "coordinates": [ [ [ -8.60902, 41.16266 ], [ -8.61078, 41.16135 ], [ -8.61016, 41.15949 ], [ -8.60778, 41.15893 ], [ -8.60601, 41.16024 ], [ -8.60663, 41.1621 ], [ -8.60902, 41.16266 ], [ -8.60902, 41.16266 ] ] ] } },
{ "type": "Feature", "properties": { "id": 309, "population": 346 }, "geometry": { "type": "Polygon", "coordinates": [ [ [ -8.57028, 41.15193 ], [ -8.57204, 41.15062 ], [ -8.57142, 41.14876 ], [ -8.56904, 41.14821 ], [ -8.56728, 41.14952 ], [ -8.56789, 41.15138 ], [ -8.57028, 41.15193 ], [ -8.57028, 41.15193 ] ] ] } },
{ "type": "Feature", "properties": { "id": 310, "population": 1321 }, "geometry": { "type": "Polygon", "coordinates": [ [ [ -8.64592, 41.16779 ], [ -8.64768, 41.16648 ], [ -8.64706, 41.16462 ], [ -8.64467, 41.16406 ], [ -8.64291, 41.16537 ], [ -8.64353, 41.16723 ], [ -8.64592, 41.16779 ], [ -8.64592, 41.16779 ] ] ] } },
{ "type": "Feature", "properties": { "id": 311, "population": 929 }, "geometry": { "type": "Polygon", "coordinates": [ [ [ -8.63347, 41.17005 ], [ -8.63524, 41.16874 ], [ -8.63462, 41.16688 ], [ -8.63223, 41.16633 ], [ -8.63047, 41.16764 ], [ -8.63109, 41.1695 ], [ -8.63347, 41.17005 ], [ -8.63347, 41.17005 ] ] ] } },
{ "type": "Feature", "properties": { "id": 312, "population": 487 }, "geometry": { "type": "Polygon", "coordinates": [ [ [ -8.61231, 41.18574 ], [ -8.61408, 41.18444 ], [ -8.61346, 41.18257 ], [ -8.61107, 41.18202 ], [ -8.60931, 41.18333 ], [ -8.60993, 41.18519 ], [ -8.61231, 41.18574 ], [ -8.61231, 41.18574 ] ] ] } },
{ "type": "Feature", "properties": { "id": 313, "population": 259 }, "geometry": { "type": "Polygon", "coordinates": [ [ [ -8.58571, 41.15209 ], [ -8.58748, 41.15078 ], [ -8.58686, 41.14892 ], [ -8.58448, 41.14836 ], [ -8.58271, 41.14967 ], [ -8.58333, 41.15153 ], [ -8.58571, 41.15209 ], [ -8.58571, 41.15209 ] ] ] } },
{ "type": "Feature", "properties": { "id": 314, "population": 1036 }, "geometry": { "type": "Polygon", "coordinates": [ [ [ -8.57814, 41.16235 ], [ -8.5799, 41.16104 ], [ -8.57928, 41.15918 ], [ -8.5769, 41.15862 ], [ -8.57513, 41.15993 ], [ -8.57575, 41.16179 ], [ -8.57814, 41.16235 ], [ -8.57814, 41.16235 ] ] ] } },
{ "type": "Feature", "properties": { "id": 315, "population": 586 }, "geometry": { "type": "Polygon", "coordinates": [ [ [ -8.5717, 41.16943 ], [ -8.57346, 41.16813 ], [ -8.57285, 41.16627 ], [ -8.57046, 41.16571 ], [ -8.5687, 41.16702 ], [ -8.56932, 41.16888 ], [ -8.5717, 41.16943 ], [ -8.5717, 41.16943 ] ] ] } },
{ "type": "Feature", "properties": { "id": 316, "population": 1021 }, "geometry": { "type": "Polygon", "coordinates": [ [ [ -8.61045, 41.18016 ], [ -8.61222, 41.17885 ], [ -8.6116, 41.17699 ], [ -8.60921, 41.17644 ], [ -8.60745, 41.17774 ], [ -8.60807, 41.17961 ], [ -8.61045, 41.18016 ], [ -8.61045, 41.18016 ] ] ] } },
{ "type": "Feature", "properties": { "id": 317, "population": 761 }, "geometry": { "type": "Polygon", "coordinates": [ [ [ -8.63991, 41.16296 ], [ -8.64167, 41.16165 ], [ -8.64105, 41.15979 ], [ -8.63866, 41.15923 ], [ -8.6369, 41.16054 ], [ -8.63752, 41.1624 ], [ -8.63991, 41.16296 ], [ -8.63991, 41.16296 ] ] ] } },
{ "type": "Feature", "properties": { "id": 318, "population": 1197 }, "geometry": { "type": "Polygon", "coordinates": [ [ [ -8.589, 41.17517 ], [ -8.59076, 41.17387 ], [ -8.59014, 41.17201 ], [ -8.58776, 41.17145 ], [ -8.586, 41.17276 ], [ -8.58662, 41.17462 ], [ -8.589, 41.17517 ], [ -8.589, 41.17517 ] ] ] } },
{ "type": "Feature", "properties": { "id": 319, "population": 539 }, "geometry": { "type": "Polygon", "coordinates": [ [ [ -8.61659, 41.15239 ], [ -8.61836, 41.15109 ], [ -8.61774, 41.14923 ], [ -8.61535, 41.14867 ], [ -8.61359, 41.14998 ], [ -8.61421, 41.15184 ], [ -8.61659, 41.15239 ], [ -8.61659, 41.15239 ] ] ] } },
{ "type": "Feature", "properties": { "id": 320, "population": 873 }, "geometry": { "type": "Polygon", "coordinates": [ [ [ -8.68324, 41.16098 ], [ -8.68501, 41.15967 ], [ -8.68439, 41.15781 ], [ -8.682, 41.15726 ], [ -8.68024, 41.15857 ], [ -8.68086, 41.16043 ], [ -8.68324, 41.16098 ], [ -8.68324, 41.16098 ] ] ] } },
{ "type": "Feature", "properties": { "id": 321, "population": 696 }, "geometry": { "type": "Polygon", "coordinates": [ [ [ -8.61431, 41.15873 ], [ -8.61607, 41.15742 ], [ -8.61545, 41.15556 ], [ -8.61307, 41.15501 ], [ -8.6113, 41.15632 ], [ -8.61192, 41.15818 ], [ -8.61431, 41.15873 ], [ -8.61431, 41.15873 ] ] ] } },
{ "type": "Feature", "properties": { "id": 322, "population": 1304 }, "geometry": { "type": "Polygon", "coordinates": [ [ [ -8.60001, 41.15541 ], [ -8.60177, 41.1541 ], [ -8.60115, 41.15224 ], [ -8.59877, 41.15169 ], [ -8.59701, 41.153 ], [ -8.59763, 41.15486 ], [ -8.60001, 41.15541 ], [ -8.60001, 41.15541 ] ] ] } },
{ "type": "Feature", "properties": { "id": 323, "population": 720 }, "geometry": { "type": "Polygon", "coordinates": [ [ [ -8.63419, 41.1788 ], [ -8.63596, 41.1775 ], [ -8.63534, 41.17563 ], [ -8.63295, 41.17508 ], [ -8.63119, 41.17639 ], [ -8.63181, 41.17825 ], [ -8.63419, 41.1788 ], [ -8.63419, 41.1788 ] ] ] } },
{ "type": "Feature", "properties": { "id": 324, "population": 288 }, "geometry": { "type": "Polygon", "coordinates": [ [ [ -8.63119, 41.17639 ], [ -8.63295, 41.17508 ], [ -8.63233, 41.17322 ], [ -8.62995, 41.17267 ], [ -8.62818, 41.17397 ], [ -8.62881, 41.17584 ], [ -8.63119, 41.17639 ], [ -8.63119, 41.17639 ] ] ] } },
{ "type": "Feature", "properties": { "id": 325, "population": 659 }, "geometry": { "type": "Polygon", "coordinates": [ [ [ -8.6369, 41.16054 ], [ -8.63866, 41.15923 ], [ -8.63804, 41.15737 ], [ -8.63566, 41.15682 ], [ -8.6339, 41.15813 ], [ -8.63452, 41.15999 ], [ -8.6369, 41.16054 ], [ -8.6369, 41.16054 ] ] ] } },
{ "type": "Feature", "properties": { "id": 326, "population": 1249 }, "geometry": { "type": "Polygon", "coordinates": [ [ [ -8.59772, 41.16175 ], [ -8.59949, 41.16044 ], [ -8.59887, 41.15858 ], [ -8.59648, 41.15803 ], [ -8.59472, 41.15933 ], [ -8.59534, 41.16119 ], [ -8.59772, 41.16175 ], [ -8.59772, 41.16175 ] ] ] } },
{ "type": "Feature", "properties": { "id": 327, "population": 173 }, "geometry": { "type": "Polygon", "coordinates": [ [ [ -8.58271, 41.14967 ], [ -8.58448, 41.14836 ], [ -8.58386, 41.1465 ], [ -8.58147, 41.14595 ], [ -8.57971, 41.14726 ], [ -8.58033, 41.14912 ], [ -8.58271, 41.14967 ], [ -8.58271, 41.14967 ] ] ] } },
{ "type": "Feature", "properties": { "id": 328, "population": 465 }, "geometry": { "type": "Polygon", "coordinates": [ [ [ -8.61359, 41.14998 ], [ -8.61535, 41.14867 ], [ -8.61473, 41.14681 ], [ -8.61235, 41.14626 ], [ -8.61059, 41.14757 ], [ -8.61121, 41.14943 ], [ -8.61359, 41.14998 ], [ -8.61359, 41.14998 ] ] ] } },
{ "type": "Feature", "properties": { "id": 329, "population": 599 }, "geometry": { "type": "Polygon", "coordinates": [ [ [ -8.66137, 41.16793 ], [ -8.66313, 41.16662 ], [ -8.66251, 41.16476 ], [ -8.66012, 41.16421 ], [ -8.65836, 41.16552 ], [ -8.65898, 41.16738 ], [ -8.66137, 41.16793 ], [ -8.66137, 41.16793 ] ] ] } },
{ "type": "Feature", "properties": { "id": 330, "population": 1209 }, "geometry": { "type": "Polygon", "coordinates": [ [ [ -8.57999, 41.16793 ], [ -8.58176, 41.16662 ], [ -8.58114, 41.16476 ], [ -8.57876, 41.16421 ], [ -8.57699, 41.16551 ], [ -8.57761, 41.16737 ], [ -8.57999, 41.16793 ], [ -8.57999, 41.16793 ] ] ] } },
{ "type": "Feature", "properties": { "id": 331, "population": 18 }, "geometry": { "type": "Polygon", "coordinates": [ [ [ -8.59915, 41.17925 ], [ -8.60092, 41.17794 ], [ -8.6003, 41.17608 ], [ -8.59791, 41.17553 ], [ -8.59615, 41.17684 ], [ -8.59677, 41.1787 ], [ -8.59915, 41.17925 ], [ -8.59915, 41.17925 ] ] ] } },
{ "type": "Feature", "properties": { "id": 332, "population": 42 }, "geometry": { "type": "Polygon", "coordinates": [ [ [ -8.56384, 41.15902 ], [ -8.56561, 41.15771 ], [ -8.56499, 41.15585 ], [ -8.5626, 41.1553 ], [ -8.56084, 41.1566 ], [ -8.56146, 41.15846 ], [ -8.56384, 41.15902 ], [ -8.56384, 41.15902 ] ] ] } },
{ "type": "Feature", "properties": { "id": 333, "population": 1093 }, "geometry": { "type": "Polygon", "coordinates": [ [ [ -8.60258, 41.16975 ], [ -8.60435, 41.16844 ], [ -8.60373, 41.16658 ], [ -8.60134, 41.16602 ], [ -8.59958, 41.16733 ], [ -8.6002, 41.16919 ], [ -8.60258, 41.16975 ], [ -8.60258, 41.16975 ] ] ] } },
{ "type": "Feature", "properties": { "id": 334, "population": 700 }, "geometry": { "type": "Polygon", "coordinates": [ [ [ -8.62861, 41.16205 ], [ -8.63037, 41.16074 ], [ -8.62975, 41.15888 ], [ -8.62737, 41.15833 ], [ -8.6256, 41.15964 ], [ -8.62622, 41.1615 ], [ -8.62861, 41.16205 ], [ -8.62861, 41.16205 ] ] ] } },
{ "type": "Feature", "properties": { "id": 335, "population": 935 }, "geometry": { "type": "Polygon", "coordinates": [ [ [ -8.61888, 41.14606 ], [ -8.62064, 41.14475 ], [ -8.62002, 41.14289 ], [ -8.61764, 41.14233 ], [ -8.61588, 41.14364 ], [ -8.6165, 41.1455 ], [ -8.61888, 41.14606 ], [ -8.61888, 41.14606 ] ] ] } },
{ "type": "Feature", "properties": { "id": 336, "population": 788 }, "geometry": { "type": "Polygon", "coordinates": [ [ [ -8.66292, 41.15284 ], [ -8.66469, 41.15153 ], [ -8.66407, 41.14967 ], [ -8.66168, 41.14912 ], [ -8.65992, 41.15043 ], [ -8.66054, 41.15229 ], [ -8.66292, 41.15284 ], [ -8.66292, 41.15284 ] ] ] } },
{ "type": "Feature", "properties": { "id": 337, "population": 1087 }, "geometry": { "type": "Polygon", "coordinates": [ [ [ -8.65163, 41.15194 ], [ -8.65339, 41.15063 ], [ -8.65277, 41.14877 ], [ -8.65038, 41.14822 ], [ -8.64862, 41.14952 ], [ -8.64924, 41.15138 ], [ -8.65163, 41.15194 ], [ -8.65163, 41.15194 ] ] ] } },
{ "type": "Feature", "properties": { "id": 338, "population": 1153 }, "geometry": { "type": "Polygon", "coordinates": [ [ [ -8.62031, 41.16356 ], [ -8.62208, 41.16225 ], [ -8.62146, 41.16039 ], [ -8.61907, 41.15984 ], [ -8.61731, 41.16115 ], [ -8.61793, 41.16301 ], [ -8.62031, 41.16356 ], [ -8.62031, 41.16356 ] ] ] } },
{ "type": "Feature", "properties": { "id": 339, "population": 870 }, "geometry": { "type": "Polygon", "coordinates": [ [ [ -8.59701, 41.153 ], [ -8.59877, 41.15169 ], [ -8.59815, 41.14983 ], [ -8.59577, 41.14927 ], [ -8.594, 41.15058 ], [ -8.59462, 41.15244 ], [ -8.59701, 41.153 ], [ -8.59701, 41.153 ] ] ] } },
{ "type": "Feature", "properties": { "id": 340, "population": 483 }, "geometry": { "type": "Polygon", "coordinates": [ [ [ -8.62818, 41.17397 ], [ -8.62995, 41.17267 ], [ -8.62933, 41.17081 ], [ -8.62694, 41.17025 ], [ -8.62518, 41.17156 ], [ -8.6258, 41.17342 ], [ -8.62818, 41.17397 ], [ -8.62818, 41.17397 ] ] ] } },
{ "type": "Feature", "properties": { "id": 341, "population": 569 }, "geometry": { "type": "Polygon", "coordinates": [ [ [ -8.65121, 41.16386 ], [ -8.65297, 41.16255 ], [ -8.65235, 41.16069 ], [ -8.64996, 41.16014 ], [ -8.6482, 41.16145 ], [ -8.64882, 41.16331 ], [ -8.65121, 41.16386 ], [ -8.65121, 41.16386 ] ] ] } },
{ "type": "Feature", "properties": { "id": 342, "population": 367 }, "geometry": { "type": "Polygon", "coordinates": [ [ [ -8.6678, 41.16084 ], [ -8.66956, 41.15953 ], [ -8.66894, 41.15767 ], [ -8.66655, 41.15711 ], [ -8.66479, 41.15842 ], [ -8.66541, 41.16028 ], [ -8.6678, 41.16084 ], [ -8.6678, 41.16084 ] ] ] } },
{ "type": "Feature", "properties": { "id": 343, "population": 100 }, "geometry": { "type": "Polygon", "coordinates": [ [ [ -8.57971, 41.14726 ], [ -8.58147, 41.14595 ], [ -8.58086, 41.14409 ], [ -8.57847, 41.14353 ], [ -8.57671, 41.14484 ], [ -8.57733, 41.1467 ], [ -8.57971, 41.14726 ], [ -8.57971, 41.14726 ] ] ] } },
{ "type": "Feature", "properties": { "id": 344, "population": 1034 }, "geometry": { "type": "Polygon", "coordinates": [ [ [ -8.62789, 41.1533 ], [ -8.62965, 41.15199 ], [ -8.62903, 41.15013 ], [ -8.62665, 41.14958 ], [ -8.62489, 41.15089 ], [ -8.62551, 41.15275 ], [ -8.62789, 41.1533 ], [ -8.62789, 41.1533 ] ] ] } },
{ "type": "Feature", "properties": { "id": 345, "population": 662 }, "geometry": { "type": "Polygon", "coordinates": [ [ [ -8.65836, 41.16552 ], [ -8.66012, 41.16421 ], [ -8.6595, 41.16235 ], [ -8.65712, 41.1618 ], [ -8.65535, 41.16311 ], [ -8.65597, 41.16497 ], [ -8.65836, 41.16552 ], [ -8.65836, 41.16552 ] ] ] } },
{ "type": "Feature", "properties": { "id": 346, "population": 272 }, "geometry": { "type": "Polygon", "coordinates": [ [ [ -8.66551, 41.16718 ], [ -8.66728, 41.16587 ], [ -8.66665, 41.16401 ], [ -8.66427, 41.16345 ], [ -8.66251, 41.16476 ], [ -8.66313, 41.16662 ], [ -8.66551, 41.16718 ], [ -8.66551, 41.16718 ] ] ] } },
{ "type": "Feature", "properties": { "id": 347, "population": 290 }, "geometry": { "type": "Polygon", "coordinates": [ [ [ -8.64363, 41.17412 ], [ -8.6454, 41.17282 ], [ -8.64477, 41.17096 ], [ -8.64239, 41.1704 ], [ -8.64063, 41.17171 ], [ -8.64125, 41.17357 ], [ -8.64363, 41.17412 ], [ -8.64363, 41.17412 ] ] ] } },
{ "type": "Feature", "properties": { "id": 348, "population": 953 }, "geometry": { "type": "Polygon", "coordinates": [ [ [ -8.59129, 41.16884 ], [ -8.59305, 41.16753 ], [ -8.59243, 41.16567 ], [ -8.59005, 41.16512 ], [ -8.58829, 41.16642 ], [ -8.58891, 41.16828 ], [ -8.59129, 41.16884 ], [ -8.59129, 41.16884 ] ] ] } },
{ "type": "Feature", "properties": { "id": 349, "population": 560 }, "geometry": { "type": "Polygon", "coordinates": [ [ [ -8.6256, 41.15964 ], [ -8.62737, 41.15833 ], [ -8.62675, 41.15647 ], [ -8.62436, 41.15592 ], [ -8.6226, 41.15722 ], [ -8.62322, 41.15908 ], [ -8.6256, 41.15964 ], [ -8.6256, 41.15964 ] ] ] } },
{ "type": "Feature", "properties": { "id": 350, "population": 277 }, "geometry": { "type": "Polygon", "coordinates": [ [ [ -8.64862, 41.14952 ], [ -8.65038, 41.14822 ], [ -8.64976, 41.14635 ], [ -8.64738, 41.1458 ], [ -8.64562, 41.14711 ], [ -8.64624, 41.14897 ], [ -8.64862, 41.14952 ], [ -8.64862, 41.14952 ] ] ] } },
{ "type": "Feature", "properties": { "id": 351, "population": 708 }, "geometry": { "type": "Polygon", "coordinates": [ [ [ -8.62489, 41.15089 ], [ -8.62665, 41.14958 ], [ -8.62603, 41.14772 ], [ -8.62364, 41.14716 ], [ -8.62188, 41.14847 ], [ -8.6225, 41.15033 ], [ -8.62489, 41.15089 ], [ -8.62489, 41.15089 ] ] ] } },
{ "type": "Feature", "properties": { "id": 352, "population": 4 }, "geometry": { "type": "Polygon", "coordinates": [ [ [ -8.60216, 41.18167 ], [ -8.60392, 41.18036 ], [ -8.6033, 41.1785 ], [ -8.60092, 41.17794 ], [ -8.59915, 41.17925 ], [ -8.59977, 41.18111 ], [ -8.60216, 41.18167 ], [ -8.60216, 41.18167 ] ] ] } },
{ "type": "Feature", "properties": { "id": 353, "population": 309 }, "geometry": { "type": "Polygon", "coordinates": [ [ [ -8.6372, 41.18122 ], [ -8.63896, 41.17991 ], [ -8.63834, 41.17805 ], [ -8.63596, 41.1775 ], [ -8.63419, 41.1788 ], [ -8.63482, 41.18066 ], [ -8.6372, 41.18122 ], [ -8.6372, 41.18122 ] ] ] } },
{ "type": "Feature", "properties": { "id": 354, "population": 129 }, "geometry": { "type": "Polygon", "coordinates": [ [ [ -8.68812, 41.16898 ], [ -8.68988, 41.16767 ], [ -8.68926, 41.16581 ], [ -8.68687, 41.16526 ], [ -8.68511, 41.16657 ], [ -8.68573, 41.16843 ], [ -8.68812, 41.16898 ], [ -8.68812, 41.16898 ] ] ] } },
{ "type": "Feature", "properties": { "id": 355, "population": 398 }, "geometry": { "type": "Polygon", "coordinates": [ [ [ -8.588, 41.14575 ], [ -8.58976, 41.14444 ], [ -8.58915, 41.14258 ], [ -8.58676, 41.14203 ], [ -8.585, 41.14334 ], [ -8.58562, 41.1452 ], [ -8.588, 41.14575 ], [ -8.588, 41.14575 ] ] ] } },
{ "type": "Feature", "properties": { "id": 356, "population": 20 }, "geometry": { "type": "Polygon", "coordinates": [ [ [ -8.5747, 41.17185 ], [ -8.57647, 41.17054 ], [ -8.57585, 41.16868 ], [ -8.57346, 41.16813 ], [ -8.5717, 41.16943 ], [ -8.57232, 41.17129 ], [ -8.5747, 41.17185 ], [ -8.5747, 41.17185 ] ] ] } },
{ "type": "Feature", "properties": { "id": 357, "population": 1045 }, "geometry": { "type": "Polygon", "coordinates": [ [ [ -8.61346, 41.18257 ], [ -8.61522, 41.18127 ], [ -8.6146, 41.17941 ], [ -8.61222, 41.17885 ], [ -8.61045, 41.18016 ], [ -8.61107, 41.18202 ], [ -8.61346, 41.18257 ], [ -8.61346, 41.18257 ] ] ] } },
{ "type": "Feature", "properties": { "id": 358, "population": 793 }, "geometry": { "type": "Polygon", "coordinates": [ [ [ -8.6482, 41.16145 ], [ -8.64996, 41.16014 ], [ -8.64934, 41.15828 ], [ -8.64696, 41.15772 ], [ -8.6452, 41.15903 ], [ -8.64582, 41.16089 ], [ -8.6482, 41.16145 ], [ -8.6482, 41.16145 ] ] ] } },
{ "type": "Feature", "properties": { "id": 359, "population": 690 }, "geometry": { "type": "Polygon", "coordinates": [ [ [ -8.66479, 41.15842 ], [ -8.66655, 41.15711 ], [ -8.66593, 41.15525 ], [ -8.66355, 41.1547 ], [ -8.66178, 41.15601 ], [ -8.6624, 41.15787 ], [ -8.66479, 41.15842 ], [ -8.66479, 41.15842 ] ] ] } }
]
}
