{
"type": "FeatureCollection",
"name": "porto_cartogram",
"crs": { "type": "name", "properties": { "name": "urn:ogc:def:crs:EPSG::3857" } },
"features": [
{ "type": "Feature", "properties": { "id": 0, "snapped_id": 0, "centroid_lon": -8.56994, "centroid_lat": 41.17074, "radius": 213.117, "internal_id": 617998243314794495, "population": 193, "component": 0, "o_score_pt": 841.0458493663424, "o_score_car": 1228.1958533915008, "CDI": 0.18709752635913571, "log_population": 2.287801729930226 }, "geometry": { "type": "Polygon", "coordinates": [ [ [ -954050.733096613315865, 5037754.78274377156049 ], [ -953862.908760233898647, 5037696.719524640589952 ], [ -953813.249055063468404, 5037498.330300195142627 ], [ -953951.407601811224595, 5037362.347449560649693 ], [ -954139.225867951638065, 5037420.403569439426064 ], [ -954188.894848285824992, 5037618.791263164021075 ], [ -954050.733096613315865, 5037754.78274377156049 ] ] ] } },
{ "type": "Feature", "properties": { "id": 1, "snapped_id": 1, "centroid_lon": -8.60869, "centroid_lat": 41.18147, "radius": 213.139, "internal_id": 617998244138975231, "population": 312, "component": 0, "o_score_pt": 844.2769279167502, "o_score_car": 1282.0639358111798, "CDI": 0.2058875015583792, "log_population": 2.4955443375464483 }, "geometry": { "type": "Polygon", "coordinates": [ [ [ -958369.957102682092227, 5039363.23392934165895 ], [ -958160.426341579295695, 5039298.561283726245165 ], [ -958105.294775121146813, 5039078.714047746732831 ], [ -958259.67887385818176, 5038926.662873144261539 ], [ -958469.202896293718368, 5038991.327623788267374 ], [ -958524.344737303094007, 5039211.173135301098228 ], [ -958369.957102682092227, 5039363.23392934165895 ] ] ] } },
{ "type": "Feature", "properties": { "id": 2, "snapped_id": 2, "centroid_lon": -8.65287, "centroid_lat": 41.15566, "radius": 213.181, "internal_id": 617998244115120127, "population": 1632, "component": 0, "o_score_pt": 1242.7372671030828, "o_score_car": 1452.6094519932151, "CDI": 0.077864633667797195, "log_population": 3.2129861847366681 }, "geometry": { "type": "Polygon", "coordinates": [ [ [ -963302.035262132412754, 5035603.886228865943849 ], [ -963036.640814709360711, 5035522.155709471553564 ], [ -962967.489779722760431, 5035246.969691197387874 ], [ -963163.720346606103703, 5035053.516401200555265 ], [ -963429.106346573564224, 5035135.236971423961222 ], [ -963498.270226903725415, 5035410.420780323445797 ], [ -963302.035262132412754, 5035603.886228865943849 ] ] ] } },
{ "type": "Feature", "properties": { "id": 3, "snapped_id": 3, "centroid_lon": -8.59739, "centroid_lat": 41.18056, "radius": 213.131, "internal_id": 617998243822305279, "population": 26, "component": 0, "o_score_pt": 971.2061761625846, "o_score_car": 1293.6814695455671, "CDI": 0.14238026066946721, "log_population": 1.4313637641589874 }, "geometry": { "type": "Polygon", "coordinates": [ [ [ -957084.658086991752498, 5039115.982765678316355 ], [ -956985.805144908954389, 5039085.456624648533762 ], [ -956958.230919731780887, 5038975.440947012044489 ], [ -957029.493756749783643, 5038905.269172224216163 ], [ -957128.343326699105091, 5038935.791526914574206 ], [ -957155.922708599013276, 5039045.806403210386634 ], [ -957084.658086991752498, 5039115.982765678316355 ] ] ] } },
{ "type": "Feature", "properties": { "id": 4, "snapped_id": 4, "centroid_lon": -8.55493, "centroid_lat": 41.15866, "radius": 213.112, "internal_id": 617998243307192319, "population": 451, "component": 0, "o_score_pt": 294.26622461255249, "o_score_car": 1153.0059008432656, "CDI": 0.5933505255345487, "log_population": 2.655138434811382 }, "geometry": { "type": "Polygon", "coordinates": [ [ [ -952389.879224299802445, 5036007.707821150310338 ], [ -952163.945827857009135, 5035937.828630852513015 ], [ -952104.850017232471146, 5035701.574096320196986 ], [ -952271.682256475905888, 5035537.402134852483869 ], [ -952497.608430839260109, 5035607.272804580628872 ], [ -952556.715280287549831, 5035843.525500332005322 ], [ -952389.879224299802445, 5036007.707821150310338 ] ] ] } },
{ "type": "Feature", "properties": { "id": 5, "snapped_id": 5, "centroid_lon": -8.6227, "centroid_lat": 41.16412, "radius": 213.156, "internal_id": 617998244131373055, "population": 1650, "component": 0, "o_score_pt": 1294.6157403140091, "o_score_car": 1516.6955578353443, "CDI": 0.078995100139755803, "log_population": 3.2177470732627937 }, "geometry": { "type": "Polygon", "coordinates": [ [ [ -959943.45921420538798, 5036854.049564033746719 ], [ -959678.11266221862752, 5036772.217163614928722 ], [ -959609.052327157231048, 5036497.004554755054414 ], [ -959805.32569353049621, 5036303.626540833152831 ], [ -960070.66380744241178, 5036385.448980846442282 ], [ -960139.736992846243083, 5036660.659394698217511 ], [ -959943.45921420538798, 5036854.049564033746719 ] ] ] } },
{ "type": "Feature", "properties": { "id": 6, "snapped_id": 6, "centroid_lon": -8.66002, "centroid_lat": 41.15732, "radius": 213.185, "internal_id": 617998242854993919, "population": 329, "component": 0, "o_score_pt": 1311.0461244945434, "o_score_car": 1501.7817059649362, "CDI": 0.067809191662909496, "log_population": 2.5185139398778875 }, "geometry": { "type": "Polygon", "coordinates": [ [ [ -964084.929600583156571, 5035794.504745634272695 ], [ -963872.977448637480848, 5035729.251309001818299 ], [ -963817.138069833163172, 5035507.113559279590845 ], [ -963973.240871237241663, 5035353.201416071504354 ], [ -964185.186201489414088, 5035418.446886527352035 ], [ -964241.035954967373982, 5035640.582872723229229 ], [ -964084.929600583156571, 5035794.504745634272695 ] ] ] } },
{ "type": "Feature", "properties": { "id": 7, "snapped_id": 7, "centroid_lon": -8.64385, "centroid_lat": 41.14842, "radius": 213.178, "internal_id": 617998244155228159, "population": 158, "component": 0, "o_score_pt": 1108.4207729452455, "o_score_car": 1447.7341266135522, "CDI": 0.13274365873792429, "log_population": 2.2013971243204513 }, "geometry": { "type": "Polygon", "coordinates": [ [ [ -962276.934969336492941, 5034444.980873331427574 ], [ -962098.021747207734734, 5034389.866293393075466 ], [ -962050.450562866870314, 5034200.476361094042659 ], [ -962181.791614068788476, 5034071.009896672330797 ], [ -962360.699024589848705, 5034126.117730841040611 ], [ -962408.279058200540021, 5034315.506182584911585 ], [ -962276.934969336492941, 5034444.980873331427574 ] ] ] } },
{ "type": "Feature", "properties": { "id": 8, "snapped_id": 8, "centroid_lon": -8.63027, "centroid_lat": 41.15385, "radius": 213.166, "internal_id": 617998244052205567, "population": 600, "component": 0, "o_score_pt": 1392.1317623959392, "o_score_car": 1480.0597407284615, "CDI": 0.030613550049456501, "log_population": 2.7788744720027396 }, "geometry": { "type": "Polygon", "coordinates": [ [ [ -960780.050156355951913, 5035309.77692649140954 ], [ -960541.097598998108879, 5035236.118321856483817 ], [ -960478.592919301940128, 5034987.117641561664641 ], [ -960655.031089824158698, 5034813.24698852468282 ], [ -960893.976011076476425, 5034886.896616014651954 ], [ -960956.492317842319608, 5035135.895318550057709 ], [ -960780.050156355951913, 5035309.77692649140954 ] ] ] } },
{ "type": "Feature", "properties": { "id": 9, "snapped_id": 9, "centroid_lon": -8.59339, "centroid_lat": 41.14872, "radius": 213.143, "internal_id": 617998244067409919, "population": 618, "component": 0, "o_score_pt": 1315.9455976676495, "o_score_car": 1353.8677158115202, "CDI": 0.0142040336499978, "log_population": 2.7916906490201181 }, "geometry": { "type": "Polygon", "coordinates": [ [ [ -956674.020044209901243, 5034552.165546343661845 ], [ -956433.839222044800408, 5034478.013668136671185 ], [ -956371.115416399901733, 5034227.70642722863704 ], [ -956548.564737942419015, 5034052.952412514947355 ], [ -956788.737896882346831, 5034127.095255057327449 ], [ -956851.473392031737603, 5034377.400523886084557 ], [ -956674.020044209901243, 5034552.165546343661845 ] ] ] } },
{ "type": "Feature", "properties": { "id": 10, "snapped_id": 10, "centroid_lon": -8.62012, "centroid_lat": 41.14978, "radius": 213.161, "internal_id": 617998244043554815, "population": 925, "component": 0, "o_score_pt": 1413.5359530028852, "o_score_car": 1492.552762628475, "CDI": 0.027190088589027401, "log_population": 2.9666109866819346 }, "geometry": { "type": "Polygon", "coordinates": [ [ [ -959654.596646212041378, 5034727.334297423250973 ], [ -959396.162595327594317, 5034647.639124042354524 ], [ -959328.830822103889659, 5034379.280303308740258 ], [ -959519.92135829909239, 5034191.000945345498621 ], [ -959778.347183777485043, 5034270.686415352858603 ], [ -959845.691485693561845, 5034539.04310043156147 ], [ -959654.596646212041378, 5034727.334297423250973 ] ] ] } },
{ "type": "Feature", "properties": { "id": 11, "snapped_id": 11, "centroid_lon": -8.59667, "centroid_lat": 41.17181, "radius": 213.135, "internal_id": 617998243813654527, "population": 867, "component": 0, "o_score_pt": 1143.6916353237798, "o_score_car": 1407.6564221562439, "CDI": 0.10346090807115629, "log_population": 2.9385197251764921 }, "geometry": { "type": "Polygon", "coordinates": [ [ [ -957043.981369681074284, 5037981.554525719024241 ], [ -956788.449527165619656, 5037902.651623155921698 ], [ -956721.898703201208264, 5037637.116775404661894 ], [ -956910.867286121821962, 5037451.033755769021809 ], [ -957166.39099561329931, 5037529.927051299251616 ], [ -957232.954222272499464, 5037795.459797522984445 ], [ -957043.981369681074284, 5037981.554525719024241 ] ] ] } },
{ "type": "Feature", "properties": { "id": 12, "snapped_id": 12, "centroid_lon": -8.6679, "centroid_lat": 41.16773, "radius": 213.186, "internal_id": 617998242862596095, "population": 571, "component": 0, "o_score_pt": 1351.5192992251805, "o_score_car": 1500.5554480140866, "CDI": 0.052255344616465298, "log_population": 2.7573960287930244 }, "geometry": { "type": "Polygon", "coordinates": [ [ [ -964968.049149346537888, 5037359.35711810272187 ], [ -964731.196331002749503, 5037286.453123577870429 ], [ -964669.127404205035418, 5037039.625812640413642 ], [ -964843.89763457805384, 5036867.294274399988353 ], [ -965080.742869531735778, 5036940.189381896518171 ], [ -965142.823321986477822, 5037187.014716353267431 ], [ -964968.049149346537888, 5037359.35711810272187 ] ] ] } },
{ "type": "Feature", "properties": { "id": 13, "snapped_id": 13, "centroid_lon": -8.60797, "centroid_lat": 41.17271, "radius": 213.142, "internal_id": 617998244130324479, "population": 488, "component": 0, "o_score_pt": 959.961973809862, "o_score_car": 1371.1645408390862, "CDI": 0.1763965037698301, "log_population": 2.6893088591236203 }, "geometry": { "type": "Polygon", "coordinates": [ [ [ -958295.153724603587762, 5038089.384128005243838 ], [ -958065.503517156583257, 5038018.507121226750314 ], [ -958005.365864226128906, 5037778.687891432084143 ], [ -958174.866311550373212, 5037611.741966013796628 ], [ -958404.509169563418254, 5037682.610331172123551 ], [ -958464.658026364282705, 5037922.42766956333071 ], [ -958295.153724603587762, 5038089.384128005243838 ] ] ] } },
{ "type": "Feature", "properties": { "id": 14, "snapped_id": 14, "centroid_lon": -8.56923, "centroid_lat": 41.16199, "radius": 213.12, "internal_id": 617998243306143743, "population": 1638, "component": 0, "o_score_pt": 858.29765299594794, "o_score_car": 1239.8622658085292, "CDI": 0.1818567828852603, "log_population": 3.2145789535704989 }, "geometry": { "type": "Polygon", "coordinates": [ [ [ -953990.696636057808064, 5036539.677549338899553 ], [ -953725.496836162754335, 5036457.701315138489008 ], [ -953656.613329925574362, 5036182.50289015751332 ], [ -953852.916770191863179, 5035989.282867288216949 ], [ -954118.108152584754862, 5036071.249125346541405 ], [ -954187.004512006416917, 5036346.44538192357868 ], [ -953990.696636057808064, 5036539.677549338899553 ] ] ] } },
{ "type": "Feature", "properties": { "id": 15, "snapped_id": 15, "centroid_lon": -8.6709, "centroid_lat": 41.17014, "radius": 213.187, "internal_id": 617998242863644671, "population": 262, "component": 0, "o_score_pt": 1335.2655991065008, "o_score_car": 1502.1494720316043, "CDI": 0.0588154601075567, "log_population": 2.419955748489758 }, "geometry": { "type": "Polygon", "coordinates": [ [ [ -965294.004374678363092, 5037680.495560686104 ], [ -965092.243812192115001, 5037618.399353168904781 ], [ -965038.925659629167058, 5037406.401075155474246 ], [ -965187.352093098219484, 5037260.039815704338253 ], [ -965389.106140971882269, 5037322.128437036648393 ], [ -965442.434197243535891, 5037534.125033086165786 ], [ -965294.004374678363092, 5037680.495560686104 ] ] ] } },
{ "type": "Feature", "properties": { "id": 16, "snapped_id": 16, "centroid_lon": -8.59439, "centroid_lat": 41.17814, "radius": 213.13, "internal_id": 617998243821256703, "population": 33, "component": 0, "o_score_pt": 842.07127610535872, "o_score_car": 1239.8875656096736, "CDI": 0.1910778837378985, "log_population": 1.5314789170422551 }, "geometry": { "type": "Polygon", "coordinates": [ [ [ -956752.920545350527391, 5038769.407168344594538 ], [ -956643.66630847484339, 5038735.665670520626009 ], [ -956613.507064599776641, 5038615.319139515049756 ], [ -956692.589606334571727, 5038537.45052289776504 ], [ -956801.840155294747092, 5038571.187847492285073 ], [ -956832.005037207272835, 5038691.533491348847747 ], [ -956752.920545350527391, 5038769.407168344594538 ] ] ] } },
{ "type": "Feature", "properties": { "id": 17, "snapped_id": 17, "centroid_lon": -8.62943, "centroid_lat": 41.1777, "radius": 213.155, "internal_id": 617998240476823551, "population": 1169, "component": 0, "o_score_pt": 1013.1643985658036, "o_score_car": 1431.6892687535076, "CDI": 0.17118606147360979, "log_population": 3.0681858617461617 }, "geometry": { "type": "Polygon", "coordinates": [ [ [ -960692.458316692267545, 5038862.584704303182662 ], [ -960427.045386009383947, 5038780.741901152767241 ], [ -960357.950325841549784, 5038505.479971728287637 ], [ -960554.255341526004486, 5038312.063044208101928 ], [ -960819.659828500938602, 5038393.895885716192424 ], [ -960888.767743290169165, 5038669.155615895055234 ], [ -960692.458316692267545, 5038862.584704303182662 ] ] ] } },
{ "type": "Feature", "properties": { "id": 18, "snapped_id": 18, "centroid_lon": -8.60568, "centroid_lat": 41.17905, "radius": 213.138, "internal_id": 617998244137926655, "population": 40, "component": 0, "o_score_pt": 1034.8047166188344, "o_score_car": 1390.752805452692, "CDI": 0.14674897857291919, "log_population": 1.6127838567197355 }, "geometry": { "type": "Polygon", "coordinates": [ [ [ -958012.7120143113425, 5038912.3784243715927 ], [ -957894.988630938110873, 5038876.038888957351446 ], [ -957862.711122712236829, 5038747.308071338571608 ], [ -957948.141285450779833, 5038663.172253207303584 ], [ -958065.860722361016087, 5038699.507302802056074 ], [ -958098.144259066670202, 5038828.237160664051771 ], [ -958012.7120143113425, 5038912.3784243715927 ] ] ] } },
{ "type": "Feature", "properties": { "id": 19, "snapped_id": 19, "centroid_lon": -8.58238, "centroid_lat": 41.16848, "radius": 213.126, "internal_id": 617998243814703103, "population": 1401, "component": 0, "o_score_pt": 945.18507261620721, "o_score_car": 1299.2428290279511, "CDI": 0.1577496680345038, "log_population": 3.1467480136306398 }, "geometry": { "type": "Polygon", "coordinates": [ [ [ -955454.696627819328569, 5037499.921809650026262 ], [ -955189.439217471284792, 5037417.968119133263826 ], [ -955120.506636576144956, 5037142.744847795926034 ], [ -955316.818611244205385, 5036949.477441825903952 ], [ -955582.06759766372852, 5037031.42115862108767 ], [ -955651.013033134047873, 5037306.642254616133869 ], [ -955454.696627819328569, 5037499.921809650026262 ] ] ] } },
{ "type": "Feature", "properties": { "id": 20, "snapped_id": 20, "centroid_lon": -8.65359, "centroid_lat": 41.16441, "radius": 213.177, "internal_id": 617998244123770879, "population": 438, "component": 0, "o_score_pt": 1369.9669505071363, "o_score_car": 1465.4876219562061, "CDI": 0.033687956907059301, "log_population": 2.6424645202421213 }, "geometry": { "type": "Polygon", "coordinates": [ [ [ -963372.334221024764702, 5036856.794916493818164 ], [ -963147.480567404767498, 5036787.543835283257067 ], [ -963088.437073734472506, 5036552.589856100268662 ], [ -963254.234962223330513, 5036389.145169095136225 ], [ -963479.08140198176261, 5036458.387803215533495 ], [ -963538.135868693352677, 5036693.339912815019488 ], [ -963372.334221024764702, 5036856.794916493818164 ] ] ] } },
{ "type": "Feature", "properties": { "id": 21, "snapped_id": 21, "centroid_lon": -8.63814, "centroid_lat": 41.16427, "radius": 213.167, "internal_id": 617998244114071551, "population": 368, "component": 0, "o_score_pt": 1418.7082986051739, "o_score_car": 1469.5202301845118, "CDI": 0.017592767010244301, "log_population": 2.5670263661590602 }, "geometry": { "type": "Polygon", "coordinates": [ [ [ -961650.798341512796469, 5036826.875367041677237 ], [ -961433.825079220696352, 5036760.006258614361286 ], [ -961376.779188007349148, 5036532.837042888626456 ], [ -961536.695490036276169, 5036375.235127932392061 ], [ -961753.66178209905047, 5036442.096076258458197 ], [ -961810.718284677132033, 5036669.263494550250471 ], [ -961650.798341512796469, 5036826.875367041677237 ] ] ] } },
{ "type": "Feature", "properties": { "id": 22, "snapped_id": 22, "centroid_lon": -8.59038, "centroid_lat": 41.1463, "radius": 213.142, "internal_id": 617998244066361343, "population": 579, "component": 0, "o_score_pt": 1306.0955198785823, "o_score_car": 1364.4988911736432, "CDI": 0.0218690532165269, "log_population": 2.7634279935629373 }, "geometry": { "type": "Polygon", "coordinates": [ [ [ -956339.125084615312517, 5034192.134127018973231 ], [ -956101.897024535457604, 5034118.886495620943606 ], [ -956039.914616331225261, 5033871.502674880437553 ], [ -956215.153758781729266, 5033698.93222145549953 ], [ -956452.374246343504637, 5033772.170926022343338 ], [ -956514.368207666790113, 5034019.552800484932959 ], [ -956339.125084615312517, 5034192.134127018973231 ] ] ] } },
{ "type": "Feature", "properties": { "id": 23, "snapped_id": 23, "centroid_lon": -8.62312, "centroid_lat": 41.15219, "radius": 213.162, "internal_id": 617998244044603391, "population": 612, "component": 0, "o_score_pt": 1329.2664043750872, "o_score_car": 1485.0547695492992, "CDI": 0.055355574416183398, "log_population": 2.7874604745184151 }, "geometry": { "type": "Polygon", "coordinates": [ [ [ -959984.31154128909111, 5035065.304503909312189 ], [ -959744.488601477234624, 5034991.356030765920877 ], [ -959681.783913830528036, 5034741.474567035213113 ], [ -959858.892896710778587, 5034566.964033548720181 ], [ -960098.708175990497693, 5034640.903494813479483 ], [ -960161.424531926517375, 5034890.782976618036628 ], [ -959984.31154128909111, 5035065.304503909312189 ] ] ] } },
{ "type": "Feature", "properties": { "id": 24, "snapped_id": 24, "centroid_lon": -8.59367, "centroid_lat": 41.16939, "radius": 213.134, "internal_id": 617998243812605951, "population": 614, "component": 0, "o_score_pt": 1139.2893482828431, "o_score_car": 1331.6282689992679, "CDI": 0.077841090035202301, "log_population": 2.7888751157754168 }, "geometry": { "type": "Polygon", "coordinates": [ [ [ -956705.822533254045993, 5037608.519610876217484 ], [ -956465.864277321845293, 5037534.41804310772568 ], [ -956403.194736418896355, 5037284.333725965581834 ], [ -956580.472209622967057, 5037109.770329863764346 ], [ -956820.422806832008064, 5037183.862868322990835 ], [ -956883.104030281072482, 5037433.945214527659118 ], [ -956705.822533254045993, 5037608.519610876217484 ] ] ] } },
{ "type": "Feature", "properties": { "id": 25, "snapped_id": 25, "centroid_lon": -8.63586, "centroid_lat": 41.1706, "radius": 213.162, "internal_id": 617998244121673727, "population": 897, "component": 0, "o_score_pt": 1162.2414663653749, "o_score_car": 1469.9004764932045, "CDI": 0.1168854175826488, "log_population": 2.9532763366673045 }, "geometry": { "type": "Polygon", "coordinates": [ [ [ -961406.492318117409013, 5037805.191885089501739 ], [ -961149.331686226185411, 5037725.92315624281764 ], [ -961082.276408453588374, 5037458.866773561574519 ], [ -961272.368882403941825, 5037271.540611758828163 ], [ -961529.521320723579265, 5037350.799688433296978 ], [ -961596.589069098350592, 5037617.853938138112426 ], [ -961406.492318117409013, 5037805.191885089501739 ] ] ] } },
{ "type": "Feature", "properties": { "id": 26, "snapped_id": 26, "centroid_lon": -8.68221, "centroid_lat": 41.17104, "radius": 213.194, "internal_id": 617998242861547519, "population": 1, "component": 0, "o_score_pt": 899.56380874094486, "o_score_car": 1300.6924864597556, "CDI": 0.18230997843013599, "log_population": 0.3010299956639812 }, "geometry": { "type": "Polygon", "coordinates": [ [ [ -966500.427021783776581, 5037609.326774490065873 ], [ -966500.4265161966905, 5037609.326618960127234 ], [ -966498.017145499121398, 5037599.751791708171368 ], [ -966500.427021783776581, 5037609.326774490065873 ] ] ] } },
{ "type": "Feature", "properties": { "id": 27, "snapped_id": 27, "centroid_lon": -8.57495, "centroid_lat": 41.14615, "radius": 213.131, "internal_id": 617998243347300351, "population": 359, "component": 0, "o_score_pt": 720.43511849542824, "o_score_car": 1208.0227587204197, "CDI": 0.25283810758103309, "log_population": 2.5563025007672873 }, "geometry": { "type": "Polygon", "coordinates": [ [ [ -954615.349112328956835, 5034147.149643767625093 ], [ -954399.682602046290413, 5034080.514686002396047 ], [ -954343.094314837828279, 5033854.495959489606321 ], [ -954502.172027477412485, 5033697.885127616114914 ], [ -954717.831623562611639, 5033764.511954481713474 ], [ -954774.430469533195719, 5033990.528919151984155 ], [ -954615.349112328956835, 5034147.149643767625093 ] ] ] } },
{ "type": "Feature", "properties": { "id": 28, "snapped_id": 28, "centroid_lon": -8.60011, "centroid_lat": 41.1623, "radius": 213.141, "internal_id": 617998244068458495, "population": 1103, "component": 0, "o_score_pt": 1204.4780476659444, "o_score_car": 1452.4483104747519, "CDI": 0.093329746249473003, "log_population": 3.0429690733931802 }, "geometry": { "type": "Polygon", "coordinates": [ [ [ -957428.344487286754884, 5036585.885762215591967 ], [ -957163.063192935311235, 5036503.994530696421862 ], [ -957094.078423035913147, 5036228.791151567362249 ], [ -957290.362096047843806, 5036035.481187163852155 ], [ -957555.634961224510334, 5036117.362451842054725 ], [ -957624.632582354708575, 5036392.563647270202637 ], [ -957428.344487286754884, 5036585.885762215591967 ] ] ] } },
{ "type": "Feature", "properties": { "id": 29, "snapped_id": 29, "centroid_lon": -8.60539, "centroid_lat": 41.15838, "radius": 213.147, "internal_id": 617998244073963519, "population": 776, "component": 0, "o_score_pt": 1262.4291096623235, "o_score_car": 1446.1353321574161, "CDI": 0.067824202244813406, "log_population": 2.8904210188009141 }, "geometry": { "type": "Polygon", "coordinates": [ [ [ -958013.5171683850931, 5035990.832987049594522 ], [ -957763.011073964880779, 5035913.52449594810605 ], [ -957697.689387336140499, 5035652.998488083481789 ], [ -957882.862759825075045, 5035470.608337012119591 ], [ -958133.360873026889749, 5035547.907412474043667 ], [ -958198.694726027897559, 5035808.4313570484519 ], [ -958013.5171683850931, 5035990.832987049594522 ] ] ] } },
{ "type": "Feature", "properties": { "id": 30, "snapped_id": 30, "centroid_lon": -8.65515, "centroid_lat": 41.14932, "radius": 213.185, "internal_id": 617998244153131007, "population": 336, "component": 0, "o_score_pt": 1194.7176404927684, "o_score_car": 1454.5626140993322, "CDI": 0.098081346115105897, "log_population": 2.5276299008713385 }, "geometry": { "type": "Polygon", "coordinates": [ [ [ -963543.069037023349665, 5034613.03354215528816 ], [ -963330.203688979381695, 5034547.491600714623928 ], [ -963274.146522192982957, 5034324.435555588454008 ], [ -963430.947909782989882, 5034169.840869415551424 ], [ -963643.806410142336972, 5034235.37480994220823 ], [ -963699.873993457178585, 5034458.42908585909754 ], [ -963543.069037023349665, 5034613.03354215528816 ] ] ] } },
{ "type": "Feature", "properties": { "id": 31, "snapped_id": 31, "centroid_lon": -8.60497, "centroid_lat": 41.1703, "radius": 213.141, "internal_id": 617998244129275903, "population": 786, "component": 0, "o_score_pt": 1093.660160072086, "o_score_car": 1386.0723001587151, "CDI": 0.1179208421780359, "log_population": 2.8959747323590648 }, "geometry": { "type": "Polygon", "coordinates": [ [ [ -957966.143443267443217, 5037754.180679379962385 ], [ -957715.019717444782145, 5037676.668480881489813 ], [ -957649.545042212819681, 5037415.528888142667711 ], [ -957835.181830766494386, 5037232.697186404839158 ], [ -958086.297555384458974, 5037310.199944948777556 ], [ -958151.784427673672326, 5037571.337469072081149 ], [ -957966.143443267443217, 5037754.180679379962385 ] ] ] } },
{ "type": "Feature", "properties": { "id": 32, "snapped_id": 32, "centroid_lon": -8.56622, "centroid_lat": 41.15957, "radius": 213.119, "internal_id": 617998243305095167, "population": 559, "component": 0, "o_score_pt": 749.52474118286193, "o_score_car": 1222.8068848897967, "CDI": 0.23996073350471109, "log_population": 2.7481880270062002 }, "geometry": { "type": "Polygon", "coordinates": [ [ [ -953649.269427331979387, 5036152.340242121368647 ], [ -953413.637507384293713, 5036079.496450921520591 ], [ -953352.107461377279833, 5035833.641007382422686 ], [ -953526.201487455051392, 5035662.28844303265214 ], [ -953761.82588820590172, 5035735.123356779105961 ], [ -953823.367419865680858, 5035980.976877051405609 ], [ -953649.269427331979387, 5036152.340242121368647 ] ] ] } },
{ "type": "Feature", "properties": { "id": 33, "snapped_id": 33, "centroid_lon": -8.59567, "centroid_lat": 41.14238, "radius": 213.147, "internal_id": 617998244105420799, "population": 440, "component": 0, "o_score_pt": 1111.6451407985658, "o_score_car": 1325.2074391616554, "CDI": 0.087638579419759499, "log_population": 2.6444385894678386 }, "geometry": { "type": "Polygon", "coordinates": [ [ [ -956924.787511923001148, 5033599.691835956647992 ], [ -956699.927774147479795, 5033530.282579086720943 ], [ -956641.009557705139741, 5033295.186407683417201 ], [ -956806.94815824739635, 5033131.755008161999285 ], [ -957031.800698180100881, 5033201.15579984895885 ], [ -957090.729894408839755, 5033436.250125340186059 ], [ -956924.787511923001148, 5033599.691835956647992 ] ] ] } },
{ "type": "Feature", "properties": { "id": 34, "snapped_id": 34, "centroid_lon": -8.56022, "centroid_lat": 41.15474, "radius": 213.117, "internal_id": 617998243312697343, "population": 139, "component": 0, "o_score_pt": 655.60215351923966, "o_score_car": 1185.8172995446182, "CDI": 0.28793827780149522, "log_population": 2.1461280356782382 }, "geometry": { "type": "Polygon", "coordinates": [ [ [ -952965.645778690814041, 5035374.151947029866278 ], [ -952792.607632305938751, 5035320.647789752110839 ], [ -952746.637257555965334, 5035136.911721792072058 ], [ -952873.711607183795422, 5035011.848478209227324 ], [ -953046.744134928681888, 5035065.346084608696401 ], [ -953092.723100398317911, 5035249.080746930092573 ], [ -952965.645778690814041, 5035374.151947029866278 ] ] ] } },
{ "type": "Feature", "properties": { "id": 35, "snapped_id": 35, "centroid_lon": -8.65587, "centroid_lat": 41.15807, "radius": 213.182, "internal_id": 617998244116168703, "population": 121, "component": 0, "o_score_pt": 1222.2569300915109, "o_score_car": 1436.1497298270499, "CDI": 0.080459021924844096, "log_population": 2.0863598306747484 }, "geometry": { "type": "Polygon", "coordinates": [ [ [ -963612.062645342084579, 5035860.414657983928919 ], [ -963445.066609941073693, 5035808.991980972699821 ], [ -963400.447444804012775, 5035631.45559489261359 ], [ -963522.816820343839936, 5035510.813250882551074 ], [ -963689.807404240826145, 5035562.229626441374421 ], [ -963734.43486726435367, 5035739.764628157950938 ], [ -963612.062645342084579, 5035860.414657983928919 ] ] ] } },
{ "type": "Feature", "properties": { "id": 36, "snapped_id": 36, "centroid_lon": -8.63514, "centroid_lat": 41.16185, "radius": 213.166, "internal_id": 617998244113022975, "population": 1201, "component": 0, "o_score_pt": 1418.4493478274771, "o_score_car": 1452.034254576691, "CDI": 0.0117000866059937, "log_population": 3.0799044676667209 }, "geometry": { "type": "Polygon", "coordinates": [ [ [ -961328.366151518654078, 5036519.264668673276901 ], [ -961062.995436408440582, 5036437.471662589348853 ], [ -960993.896551954327151, 5036162.265644758939743 ], [ -961190.155533691053279, 5035968.854833532124758 ], [ -961455.5178065772634, 5036050.637883543036878 ], [ -961524.629539740621112, 5036325.841700362972915 ], [ -961328.366151518654078, 5036519.264668673276901 ] ] ] } },
{ "type": "Feature", "properties": { "id": 37, "snapped_id": 37, "centroid_lon": -8.67132, "centroid_lat": 41.15822, "radius": 213.192, "internal_id": 617998242852896767, "population": 869, "component": 0, "o_score_pt": 1191.9911022645963, "o_score_car": 1401.54984839958, "CDI": 0.080800245734048703, "log_population": 2.9395192526186187 }, "geometry": { "type": "Polygon", "coordinates": [ [ [ -965353.84424812416546, 5035972.458174322731793 ], [ -965098.069108410389163, 5035893.7510617217049 ], [ -965031.270186939043924, 5035628.155217399820685 ], [ -965220.233867855858989, 5035441.805628322064877 ], [ -965476.000847541843541, 5035520.503155168145895 ], [ -965542.812166871968657, 5035786.096862363629043 ], [ -965353.84424812416546, 5035972.458174322731793 ] ] ] } },
{ "type": "Feature", "properties": { "id": 38, "snapped_id": 38, "centroid_lon": -8.60468, "centroid_lat": 41.14963, "radius": 213.15, "internal_id": 617998244065312767, "population": 634, "component": 0, "o_score_pt": 1472.859950828368, "o_score_car": 1456.2993138772911, "CDI": -0.0056537168021626996, "log_population": 2.8027737252919755 }, "geometry": { "type": "Polygon", "coordinates": [ [ [ -957931.500956005416811, 5034687.494731530547142 ], [ -957690.138244843459688, 5034613.013867945410311 ], [ -957627.093761987169273, 5034361.56042005866766 ], [ -957805.40353287558537, 5034185.923531894572079 ], [ -958046.758541829534806, 5034260.395319958217442 ], [ -958109.814766988973133, 5034511.846781089901924 ], [ -957931.500956005416811, 5034687.494731530547142 ] ] ] } },
{ "type": "Feature", "properties": { "id": 39, "snapped_id": 39, "centroid_lon": -8.56879, "centroid_lat": 41.17391, "radius": 213.114, "internal_id": 617998243830956031, "population": 158, "component": 0, "o_score_pt": 687.84968310449631, "o_score_car": 1242.0110953482083, "CDI": 0.28715097919551458, "log_population": 2.2013971243204513 }, "geometry": { "type": "Polygon", "coordinates": [ [ [ -953921.068598943878897, 5038214.099048345349729 ], [ -953742.218536055996083, 5038158.80512435734272 ], [ -953694.790759409428574, 5037969.322549576871097 ], [ -953826.2060033865273, 5037839.982069716788828 ], [ -954005.05026840348728, 5037895.269227655604482 ], [ -954052.486905599362217, 5038084.750346094369888 ], [ -953921.068598943878897, 5038214.099048345349729 ] ] ] } },
{ "type": "Feature", "properties": { "id": 40, "snapped_id": 40, "centroid_lon": -8.62342, "centroid_lat": 41.17287, "radius": 213.153, "internal_id": 617998244140023807, "population": 169, "component": 0, "o_score_pt": 1042.6846357689851, "o_score_car": 1427.5138744723697, "CDI": 0.15578879070159579, "log_population": 2.2304489213782741 }, "geometry": { "type": "Polygon", "coordinates": [ [ [ -960002.696304294513538, 5038063.267663752660155 ], [ -959820.730321319657378, 5038007.145252075046301 ], [ -959772.434091509087011, 5037814.687236066907644 ], [ -959906.090856889262795, 5037683.007499620318413 ], [ -960088.050937322899699, 5037739.123044821433723 ], [ -960136.356163507327437, 5037931.579561098478734 ], [ -960002.696304294513538, 5038063.267663752660155 ] ] ] } },
{ "type": "Feature", "properties": { "id": 41, "snapped_id": 41, "centroid_lon": -8.65732, "centroid_lat": 41.17558, "radius": 213.175, "internal_id": 617998240459522047, "population": 473, "component": 0, "o_score_pt": 1340.8068006470576, "o_score_car": 1461.9671187235483, "CDI": 0.043228716108396799, "log_population": 2.6757783416740852 }, "geometry": { "type": "Polygon", "coordinates": [ [ [ -963788.295615355367772, 5038511.782646281644702 ], [ -963559.932103761704639, 5038441.452172111719847 ], [ -963500.004941040300764, 5038203.024985623545945 ], [ -963668.425938183558173, 5038036.994453808292747 ], [ -963896.782126975129358, 5038107.316351054236293 ], [ -963956.720426051178947, 5038345.741636688821018 ], [ -963788.295615355367772, 5038511.782646281644702 ] ] ] } },
{ "type": "Feature", "properties": { "id": 42, "snapped_id": 42, "centroid_lon": -8.57894, "centroid_lat": 41.17799, "radius": 213.12, "internal_id": 617998243811557375, "population": 188, "component": 0, "o_score_pt": 757.11760308307555, "o_score_car": 1234.3755645269889, "CDI": 0.2396483047022738, "log_population": 2.2764618041732443 }, "geometry": { "type": "Polygon", "coordinates": [ [ [ -955052.984534459072165, 5038825.273240700364113 ], [ -954866.301453345804475, 5038767.580238447524607 ], [ -954816.909488313132897, 5038570.344976603984833 ], [ -954954.18972375721205, 5038435.210279862396419 ], [ -955140.86676698049996, 5038492.896227357909083 ], [ -955190.267953913891688, 5038690.129964828491211 ], [ -955052.984534459072165, 5038825.273240700364113 ] ] ] } },
{ "type": "Feature", "properties": { "id": 43, "snapped_id": 43, "centroid_lon": -8.59224, "centroid_lat": 41.15189, "radius": 213.14, "internal_id": 617998244060856319, "population": 805, "component": 0, "o_score_pt": 1158.4480439698191, "o_score_car": 1329.7424573767271, "CDI": 0.068842965727185096, "log_population": 2.9063350418050908 }, "geometry": { "type": "Polygon", "coordinates": [ [ [ -956549.681781627004966, 5035032.772898783907294 ], [ -956297.576326233916916, 5034954.932484546676278 ], [ -956231.889462362159975, 5034692.787189864553511 ], [ -956418.29764142667409, 5034509.217848681844771 ], [ -956670.395071390317753, 5034587.048783536069095 ], [ -956736.094176851445809, 5034849.192007757723331 ], [ -956549.681781627004966, 5035032.772898783907294 ] ] ] } },
{ "type": "Feature", "properties": { "id": 44, "snapped_id": 44, "centroid_lon": -8.6792, "centroid_lat": 41.16863, "radius": 213.193, "internal_id": 617998242860498943, "population": 2, "component": 0, "o_score_pt": 1064.9009818526015, "o_score_car": 1303.8518790050086, "CDI": 0.10087624635771179, "log_population": 0.47712125471966244 }, "geometry": { "type": "Polygon", "coordinates": [ [ [ -966165.652408846188337, 5037252.412625217810273 ], [ -966165.651903134072199, 5037252.412469632923603 ], [ -966163.242146285134368, 5037242.83474681340158 ], [ -966165.652408846188337, 5037252.412625217810273 ] ] ] } },
{ "type": "Feature", "properties": { "id": 45, "snapped_id": 45, "centroid_lon": -8.60239, "centroid_lat": 41.15596, "radius": 213.146, "internal_id": 617998244072914943, "population": 730, "component": 0, "o_score_pt": 1231.1299650044043, "o_score_car": 1462.4049633465149, "CDI": 0.085863003263041096, "log_population": 2.8639173769578603 }, "geometry": { "type": "Polygon", "coordinates": [ [ [ -957678.552627257537097, 5035630.963852190412581 ], [ -957430.817560362396762, 5035554.50282331276685 ], [ -957366.192812184453942, 5035296.719757035374641 ], [ -957549.292798170004971, 5035116.37910102121532 ], [ -957797.019969151355326, 5035192.830816267989576 ], [ -957861.656755711068399, 5035450.611843682825565 ], [ -957678.552627257537097, 5035630.963852190412581 ] ] ] } },
{ "type": "Feature", "properties": { "id": 46, "snapped_id": 46, "centroid_lon": -8.61927, "centroid_lat": 41.17362, "radius": 213.149, "internal_id": 617998244128227327, "population": 636, "component": 0, "o_score_pt": 1062.6455965741222, "o_score_car": 1454.2195151810306, "CDI": 0.15558001768868801, "log_population": 2.8041394323353503 }, "geometry": { "type": "Polygon", "coordinates": [ [ [ -959555.871198411448859, 5038235.689539606682956 ], [ -959314.250911830342375, 5038161.154172631911933 ], [ -959251.107282590586692, 5037909.481184815056622 ], [ -959429.571061962400563, 5037733.671449706889689 ], [ -959671.18363208451774, 5037808.197734598070383 ], [ -959734.339016908430494, 5038059.868726539425552 ], [ -959555.871198411448859, 5038235.689539606682956 ] ] ] } },
{ "type": "Feature", "properties": { "id": 47, "snapped_id": 47, "centroid_lon": -8.59267, "centroid_lat": 41.13997, "radius": 213.146, "internal_id": 617998244104372223, "population": 30, "component": 0, "o_score_pt": 728.39297025713893, "o_score_car": 1261.8249350395249, "CDI": 0.2680269147226228, "log_population": 1.4913616938342726 }, "geometry": { "type": "Polygon", "coordinates": [ [ [ -956560.818499451503158, 5033120.408242614939809 ], [ -956455.816487244330347, 5033087.993168963119388 ], [ -956426.713162661995739, 5032971.848203089088202 ], [ -956502.641738044912927, 5032897.069861286319792 ], [ -956607.640192936873063, 5032929.480920911766589 ], [ -956636.748956603347324, 5033045.625034620985389 ], [ -956560.818499451503158, 5033120.408242614939809 ] ] ] } },
{ "type": "Feature", "properties": { "id": 48, "snapped_id": 48, "centroid_lon": -8.64073, "centroid_lat": 41.1786, "radius": 213.162, "internal_id": 617998240474726399, "population": 218, "component": 0, "o_score_pt": 1130.3124693598925, "o_score_car": 1327.2606411624693, "CDI": 0.080139293093386299, "log_population": 2.3404441148401185 }, "geometry": { "type": "Polygon", "coordinates": [ [ [ -961932.559751183842309, 5038922.990686304867268 ], [ -961739.104750511352904, 5038863.365651451051235 ], [ -961687.915244226926006, 5038659.544245512224734 ], [ -961830.163207532488741, 5038519.360697059892118 ], [ -962023.611952175153419, 5038578.978443753905594 ], [ -962074.810984122450463, 5038782.798248029313982 ], [ -961932.559751183842309, 5038922.990686304867268 ] ] ] } },
{ "type": "Feature", "properties": { "id": 49, "snapped_id": 49, "centroid_lon": -8.63256, "centroid_lat": 41.14751, "radius": 213.17, "internal_id": 617998244056662015, "population": 508, "component": 0, "o_score_pt": 1188.0618205544845, "o_score_car": 1479.0041299459249, "CDI": 0.1090870322636199, "log_population": 2.7067177823367587 }, "geometry": { "type": "Polygon", "coordinates": [ [ [ -961032.483672105357982, 5034364.992686745710671 ], [ -960801.049825419206172, 5034293.664600864052773 ], [ -960740.413087349734269, 5034052.130241321399808 ], [ -960911.202744706184603, 5033883.812254120595753 ], [ -961142.629184093675576, 5033955.131643169559538 ], [ -961203.277200312470086, 5034196.664086971431971 ], [ -961032.483672105357982, 5034364.992686745710671 ] ] ] } },
{ "type": "Feature", "properties": { "id": 50, "snapped_id": 50, "centroid_lon": -8.55722, "centroid_lat": 41.15233, "radius": 213.116, "internal_id": 617998243311648767, "population": 129, "component": 0, "o_score_pt": 602.13661353103919, "o_score_car": 1112.6644981264435, "CDI": 0.29771842409289151, "log_population": 2.1139433523068369 }, "geometry": { "type": "Polygon", "coordinates": [ [ [ -952630.820701743359677, 5035013.58525172714144 ], [ -952461.138673333101906, 5034961.113552442751825 ], [ -952416.006518492009491, 5034780.7020019935444 ], [ -952540.565659539191984, 5034658.119091267697513 ], [ -952710.242171776830219, 5034710.584363882429898 ], [ -952755.38276226783637, 5034890.994537219405174 ], [ -952630.820701743359677, 5035013.58525172714144 ] ] ] } },
{ "type": "Feature", "properties": { "id": 51, "snapped_id": 51, "centroid_lon": -8.61698, "centroid_lat": 41.17996, "radius": 213.145, "internal_id": 617998244135829503, "population": 263, "component": 0, "o_score_pt": 917.06319139221125, "o_score_car": 1360.1298115670393, "CDI": 0.19456700402603361, "log_population": 2.4216039268698313 }, "geometry": { "type": "Polygon", "coordinates": [ [ [ -959291.468270633136854, 5039132.404689708724618 ], [ -959089.61451402422972, 5039070.125358960591257 ], [ -959036.377681572106667, 5038857.916149142198265 ], [ -959184.979127154569142, 5038711.53653669077903 ], [ -959386.826376914628781, 5038773.808260276913643 ], [ -959440.073127315961756, 5038986.015806569717824 ], [ -959291.468270633136854, 5039132.404689708724618 ] ] ] } },
{ "type": "Feature", "properties": { "id": 52, "snapped_id": 52, "centroid_lon": -8.64944, "centroid_lat": 41.16517, "radius": 213.174, "internal_id": 617998244111974399, "population": 1412, "component": 0, "o_score_pt": 1445.5215792566316, "o_score_car": 1498.4769874160763, "CDI": 0.017987579463836001, "log_population": 3.1501421618485588 }, "geometry": { "type": "Polygon", "coordinates": [ [ [ -962920.762219281750731, 5037009.908506431616843 ], [ -962655.34242770425044, 5036928.148132841102779 ], [ -962586.19367077818606, 5036652.928563839755952 ], [ -962782.451856328989379, 5036459.471576254814863 ], [ -963047.863199557759799, 5036541.221997331827879 ], [ -963117.024805375142023, 5036816.439358016476035 ], [ -962920.762219281750731, 5037009.908506431616843 ] ] ] } },
{ "type": "Feature", "properties": { "id": 53, "snapped_id": 53, "centroid_lon": -8.60168, "centroid_lat": 41.14721, "radius": 213.149, "internal_id": 617998244064264191, "population": 1187, "component": 0, "o_score_pt": 1387.1457280964121, "o_score_car": 1386.9128451671245, "CDI": -8.39502566861271e-05, "log_population": 3.0748164406451748 }, "geometry": { "type": "Polygon", "coordinates": [ [ [ -957603.211097215069458, 5034354.856841905042529 ], [ -957337.980011844541878, 5034273.002318189479411 ], [ -957269.004223903175443, 5033997.852648568339646 ], [ -957465.246675255242735, 5033804.559685646556318 ], [ -957730.46933431038633, 5033886.404246648773551 ], [ -957799.457968118251301, 5034161.551732793450356 ], [ -957603.211097215069458, 5034354.856841905042529 ] ] ] } },
{ "type": "Feature", "properties": { "id": 54, "snapped_id": 54, "centroid_lon": -8.58166, "centroid_lat": 41.15973, "radius": 213.13, "internal_id": 617998243319250943, "population": 317, "component": 0, "o_score_pt": 1066.4088739117346, "o_score_car": 1338.0485600452871, "CDI": 0.112973381145082, "log_population": 2.5024271199844326 }, "geometry": { "type": "Polygon", "coordinates": [ [ [ -955361.552102332003415, 5036149.563186283223331 ], [ -955151.428701736382209, 5036084.648796954192221 ], [ -955096.204361011856236, 5035864.149132703430951 ], [ -955251.098652442684397, 5035711.650818387046456 ], [ -955461.215304333716631, 5035776.557283877395093 ], [ -955516.449948337511159, 5035997.055229254066944 ], [ -955361.552102332003415, 5036149.563186283223331 ] ] ] } },
{ "type": "Feature", "properties": { "id": 55, "snapped_id": 55, "centroid_lon": -8.6257, "centroid_lat": 41.16653, "radius": 213.157, "internal_id": 617998244132421631, "population": 883, "component": 0, "o_score_pt": 1360.2930932989086, "o_score_car": 1484.9526629522477, "CDI": 0.043813287263307701, "log_population": 2.9464522650130731 }, "geometry": { "type": "Polygon", "coordinates": [ [ [ -960275.66478929168079, 5037201.966352822259068 ], [ -960019.253746739937924, 5037122.897627079859376 ], [ -959952.411044117878191, 5036856.560418556444347 ], [ -960141.966878612642176, 5036669.793301130644977 ], [ -960398.369753764593042, 5036748.85239898879081 ], [ -960465.224893487873487, 5037015.187485592439771 ], [ -960275.66478929168079, 5037201.966352822259068 ] ] ] } },
{ "type": "Feature", "properties": { "id": 56, "snapped_id": 56, "centroid_lon": -8.64716, "centroid_lat": 41.17151, "radius": 213.17, "internal_id": 617998244119576575, "population": 227, "component": 0, "o_score_pt": 1311.3254467808554, "o_score_car": 1404.263795482638, "CDI": 0.034224008276125199, "log_population": 2.357934847000454 }, "geometry": { "type": "Polygon", "coordinates": [ [ [ -962649.0369904988911, 5037875.729434307664633 ], [ -962453.77099105832167, 5037815.568540419451892 ], [ -962402.117981024435721, 5037609.962716191075742 ], [ -962545.716340270475484, 5037468.425421195104718 ], [ -962740.976027807570063, 5037528.57896223757416 ], [ -962792.63864530029241, 5037734.183167486451566 ], [ -962649.0369904988911, 5037875.729434307664633 ] ] ] } },
{ "type": "Feature", "properties": { "id": 57, "snapped_id": 57, "centroid_lon": -8.57594, "centroid_lat": 41.17557, "radius": 213.119, "internal_id": 617998243810508799, "population": 130, "component": 0, "o_score_pt": 841.27458591415075, "o_score_car": 1241.8202416070612, "CDI": 0.192283927933104, "log_population": 2.1172712956557644 }, "geometry": { "type": "Polygon", "coordinates": [ [ [ -954714.661120369564742, 5038451.14565053768456 ], [ -954544.538724648882635, 5038398.56531276088208 ], [ -954499.268122967449017, 5038217.761986264027655 ], [ -954624.111429497716017, 5038094.874793173745275 ], [ -954794.22829092014581, 5038147.448691284283996 ], [ -954839.507348526385613, 5038328.250631260685623 ], [ -954714.661120369564742, 5038451.14565053768456 ] ] ] } },
{ "type": "Feature", "properties": { "id": 58, "snapped_id": 58, "centroid_lon": -8.67246, "centroid_lat": 41.15505, "radius": 213.194, "internal_id": 617998242859450367, "population": 444, "component": 0, "o_score_pt": 1203.7801535442759, "o_score_car": 1472.3386521748475, "CDI": 0.1003537279647809, "log_population": 2.6483600109809315 }, "geometry": { "type": "Polygon", "coordinates": [ [ [ -965473.287004188750871, 5035472.847116371616721 ], [ -965247.808424149523489, 5035403.469096474349499 ], [ -965188.567813502857462, 5035167.937610607594252 ], [ -965354.79501184320543, 5035004.003331067040563 ], [ -965580.266355314292014, 5035073.372888052836061 ], [ -965639.51796324015595, 5035308.902491733431816 ], [ -965473.287004188750871, 5035472.847116371616721 ] ] ] } },
{ "type": "Feature", "properties": { "id": 59, "snapped_id": 59, "centroid_lon": -8.63328, "centroid_lat": 41.15627, "radius": 213.167, "internal_id": 617998244053254143, "population": 255, "component": 0, "o_score_pt": 1322.6929745615446, "o_score_car": 1518.5064418346803, "CDI": 0.068919297302089899, "log_population": 2.4082399653118496 }, "geometry": { "type": "Polygon", "coordinates": [ [ [ -961104.877953073824756, 5035627.425519376993179 ], [ -960904.452318359981291, 5035565.649312477558851 ], [ -960851.539470209507272, 5035354.889715335331857 ], [ -960999.045791281736456, 5035209.524026809260249 ], [ -961199.464961156714708, 5035271.292686490342021 ], [ -961252.387655437109061, 5035482.050626561976969 ], [ -961104.877953073824756, 5035627.425519376993179 ] ] ] } },
{ "type": "Feature", "properties": { "id": 60, "snapped_id": 60, "centroid_lon": -8.58767, "centroid_lat": 41.16456, "radius": 213.132, "internal_id": 617998244071866367, "population": 239, "component": 0, "o_score_pt": 1080.517114406987, "o_score_car": 1384.06387011227, "CDI": 0.12316363617667569, "log_population": 2.3802112417116059 }, "geometry": { "type": "Polygon", "coordinates": [ [ [ -956026.766182775376365, 5036850.867640010081232 ], [ -955829.320118561387062, 5036789.881993141956627 ], [ -955777.236000537173823, 5036581.979843813925982 ], [ -955922.5922255263431, 5036438.860525790601969 ], [ -956120.031924301991239, 5036499.838721448555589 ], [ -956172.125759001239203, 5036707.73925453145057 ], [ -956026.766182775376365, 5036850.867640010081232 ] ] ] } },
{ "type": "Feature", "properties": { "id": 61, "snapped_id": 61, "centroid_lon": -8.61627, "centroid_lat": 41.17121, "radius": 213.148, "internal_id": 617998244127178751, "population": 873, "component": 0, "o_score_pt": 1095.3005579751668, "o_score_car": 1419.8063506544015, "CDI": 0.12902266363542031, "log_population": 2.9415114326344032 }, "geometry": { "type": "Polygon", "coordinates": [ [ [ -959224.998940434190445, 5037893.158676872961223 ], [ -958969.108966467552818, 5037814.213411759585142 ], [ -958902.419681224040687, 5037548.370582144707441 ], [ -959091.607703214627691, 5037362.003614602610469 ], [ -959347.48952777904924, 5037440.939267023466527 ], [ -959414.191228582174517, 5037706.779983219690621 ], [ -959224.998940434190445, 5037893.158676872961223 ] ] ] } },
{ "type": "Feature", "properties": { "id": 62, "snapped_id": 62, "centroid_lon": -8.60696, "centroid_lat": 41.14329, "radius": 213.154, "internal_id": 617998244103323647, "population": 743, "component": 0, "o_score_pt": 1248.2709371253166, "o_score_car": 1413.4413707037822, "CDI": 0.062054202136210199, "log_population": 2.8715729355458786 }, "geometry": { "type": "Polygon", "coordinates": [ [ [ -958187.771971020498313, 5033757.858894784934819 ], [ -957939.273460024618544, 5033681.1898253262043 ], [ -957874.447933781892061, 5033422.659463603049517 ], [ -958058.111821602564305, 5033241.734034449793398 ], [ -958306.602413627435453, 5033318.393764931708574 ], [ -958371.440010575344786, 5033576.922079819254577 ], [ -958187.771971020498313, 5033757.858894784934819 ] ] ] } },
{ "type": "Feature", "properties": { "id": 63, "snapped_id": 63, "centroid_lon": -8.61026, "centroid_lat": 41.16638, "radius": 213.146, "internal_id": 617998244134780927, "population": 1415, "component": 0, "o_score_pt": 1183.6093838691372, "o_score_car": 1436.3151038622441, "CDI": 0.096455344868327506, "log_population": 3.1510632533537501 }, "geometry": { "type": "Polygon", "coordinates": [ [ [ -958558.581657379865646, 5037188.617863959632814 ], [ -958293.259292570292018, 5037106.746076049283147 ], [ -958224.237511790241115, 5036831.526894181966782 ], [ -958420.525243640993722, 5036638.181688732467592 ], [ -958685.839174528489821, 5036720.043511904776096 ], [ -958754.873807279509492, 5036995.260504771023989 ], [ -958558.581657379865646, 5037188.617863959632814 ] ] ] } },
{ "type": "Feature", "properties": { "id": 64, "snapped_id": 64, "centroid_lon": -8.57151, "centroid_lat": 41.15565, "radius": 213.124, "internal_id": 617998243310600191, "population": 177, "component": 0, "o_score_pt": 742.6152620705692, "o_score_car": 1242.2655655995563, "CDI": 0.25172811211818791, "log_population": 2.2504200023088941 }, "geometry": { "type": "Polygon", "coordinates": [ [ [ -954225.304406428476796, 5035519.871817807666957 ], [ -954041.40532774629537, 5035463.036775889806449 ], [ -953992.717834892333485, 5035268.544223947450519 ], [ -954127.931922382558696, 5035135.443179054185748 ], [ -954311.825050802435726, 5035192.271269250661135 ], [ -954360.521635145880282, 5035386.762322488240898 ], [ -954225.304406428476796, 5035519.871817807666957 ] ] ] } },
{ "type": "Feature", "properties": { "id": 65, "snapped_id": 65, "centroid_lon": -8.64644, "centroid_lat": 41.16276, "radius": 213.173, "internal_id": 617998244110925823, "population": 794, "component": 0, "o_score_pt": 1428.044214807461, "o_score_car": 1532.886922932197, "CDI": 0.035408695186599802, "log_population": 2.9003671286564705 }, "geometry": { "type": "Polygon", "coordinates": [ [ [ -962582.766442604828626, 5036638.904367516748607 ], [ -962331.109831143519841, 5036561.375791864469647 ], [ -962265.400141149526462, 5036299.806886390782893 ], [ -962451.334702729363926, 5036116.533582958392799 ], [ -962702.983286096830852, 5036194.052715446799994 ], [ -962768.705188958556391, 5036455.61952951643616 ], [ -962582.766442604828626, 5036638.904367516748607 ] ] ] } },
{ "type": "Feature", "properties": { "id": 66, "snapped_id": 66, "centroid_lon": -8.58695, "centroid_lat": 41.15581, "radius": 213.135, "internal_id": 617998244063215615, "population": 236, "component": 0, "o_score_pt": 1014.535555583468, "o_score_car": 1307.4228835748431, "CDI": 0.12613805787908239, "log_population": 2.374748346010104 }, "geometry": { "type": "Polygon", "coordinates": [ [ [ -955947.114152327878401, 5035556.216503364033997 ], [ -955750.263175387866795, 5035495.419481781311333 ], [ -955698.328256025910378, 5035288.104870684444904 ], [ -955843.24282739253249, 5035145.41456491779536 ], [ -956040.087457834859379, 5035206.204157882370055 ], [ -956092.032065307837911, 5035413.5171580305323 ], [ -955947.114152327878401, 5035556.216503364033997 ] ] ] } },
{ "type": "Feature", "properties": { "id": 67, "snapped_id": 67, "centroid_lon": -8.68563, "centroid_lat": 41.16153, "radius": 213.201, "internal_id": 617998242864693247, "population": 181, "component": 0, "o_score_pt": 955.50545138399445, "o_score_car": 1393.8640705229675, "CDI": 0.18658564140355469, "log_population": 2.2600713879850747 }, "geometry": { "type": "Polygon", "coordinates": [ [ [ -966929.070177277899347, 5036390.348373445682228 ], [ -966743.941362508456223, 5036333.413854160346091 ], [ -966694.74782948254142, 5036137.949185918085277 ], [ -966830.669399969978258, 5036003.875358710996807 ], [ -967015.792205013916828, 5036060.802912788465619 ], [ -967064.994869801332243, 5036256.266034525819123 ], [ -966929.070177277899347, 5036390.348373445682228 ] ] ] } },
{ "type": "Feature", "properties": { "id": 68, "snapped_id": 68, "centroid_lon": -8.66862, "centroid_lat": 41.17648, "radius": 213.182, "internal_id": 617998240457424895, "population": 834, "component": 0, "o_score_pt": 1116.8162499269552, "o_score_car": 1399.7009202047161, "CDI": 0.11241118226225311, "log_population": 2.9216864754836021 }, "geometry": { "type": "Polygon", "coordinates": [ [ [ -965052.951032349606976, 5038671.331249224022031 ], [ -964798.973951607709751, 5038593.150217671878636 ], [ -964732.629929140210152, 5038329.332593651488423 ], [ -964920.249106586445123, 5038144.338908572681248 ], [ -965174.218080791411921, 5038222.510418049991131 ], [ -965240.574421703116968, 5038486.32592070940882 ], [ -965052.951032349606976, 5038671.331249224022031 ] ] ] } },
{ "type": "Feature", "properties": { "id": 69, "snapped_id": 69, "centroid_lon": -8.57866, "centroid_lat": 41.15732, "radius": 213.129, "internal_id": 617998243318202367, "population": 706, "component": 0, "o_score_pt": 934.01809617330764, "o_score_car": 1274.1604933192671, "CDI": 0.1540375397010447, "log_population": 2.8494194137968996 }, "geometry": { "type": "Polygon", "coordinates": [ [ [ -955036.375430563814007, 5035829.24487232323736 ], [ -954790.200415373081341, 5035753.185242072679102 ], [ -954726.021156784263439, 5035496.893888307735324 ], [ -954908.007249631453305, 5035317.730056766420603 ], [ -955154.174422602867708, 5035393.780422334559262 ], [ -955218.36565191205591, 5035650.069760567508638 ], [ -955036.375430563814007, 5035829.24487232323736 ] ] ] } },
{ "type": "Feature", "properties": { "id": 70, "snapped_id": 70, "centroid_lon": -8.59024, "centroid_lat": 41.1789, "radius": 213.127, "internal_id": 617998243809460223, "population": 119, "component": 0, "o_score_pt": 844.52555300665324, "o_score_car": 1274.2292064812241, "CDI": 0.2028095283563795, "log_population": 2.0791812460476247 }, "geometry": { "type": "Polygon", "coordinates": [ [ [ -956305.428587674279697, 5038938.901726584881544 ], [ -956139.233067426481284, 5038887.564997814595699 ], [ -956094.916363115189597, 5038710.690597594715655 ], [ -956216.782638354459777, 5038590.704697265289724 ], [ -956382.972740951227024, 5038642.035135871730745 ], [ -956427.297717840410769, 5038818.908177770674229 ], [ -956305.428587674279697, 5038938.901726584881544 ] ] ] } },
{ "type": "Feature", "properties": { "id": 71, "snapped_id": 71, "centroid_lon": -8.58538, "centroid_lat": 41.1709, "radius": 213.127, "internal_id": 617998243815751679, "population": 908, "component": 0, "o_score_pt": 948.73399519939915, "o_score_car": 1358.2941331551062, "CDI": 0.17752715405677641, "log_population": 2.9585638832219674 }, "geometry": { "type": "Polygon", "coordinates": [ [ [ -955787.002911230083555, 5037849.256266888231039 ], [ -955529.418878722353838, 5037769.681345672346652 ], [ -955462.38626142393332, 5037502.08208092302084 ], [ -955652.925320117268711, 5037314.490501799620688 ], [ -955910.501160579151474, 5037394.055735432542861 ], [ -955977.54627740313299, 5037661.652886847965419 ], [ -955787.002911230083555, 5037849.256266888231039 ] ] ] } },
{ "type": "Feature", "properties": { "id": 72, "snapped_id": 72, "centroid_lon": -8.66946, "centroid_lat": 41.15264, "radius": 213.193, "internal_id": 617998242858401791, "population": 608, "component": 0, "o_score_pt": 1135.9533236789141, "o_score_car": 1455.8624706028663, "CDI": 0.12343051062106911, "log_population": 2.7846172926328752 }, "geometry": { "type": "Polygon", "coordinates": [ [ [ -965142.168245839304291, 5035130.445037554018199 ], [ -964902.530450052348897, 5035056.702873692847788 ], [ -964839.763231487129815, 5034807.114676856435835 ], [ -965016.622836351743899, 5034632.701711758971214 ], [ -965256.252965048071928, 5034706.434887442737818 ], [ -965319.031835238914937, 5034956.021084104664624 ], [ -965142.168245839304291, 5035130.445037554018199 ] ] ] } },
{ "type": "Feature", "properties": { "id": 73, "snapped_id": 73, "centroid_lon": -8.58466, "centroid_lat": 41.16215, "radius": 213.131, "internal_id": 617998244070817791, "population": 300, "component": 0, "o_score_pt": 1052.8688804284559, "o_score_car": 1311.2326773832649, "CDI": 0.109286251303839, "log_population": 2.4785664955938431 }, "geometry": { "type": "Polygon", "coordinates": [ [ [ -955695.107963714632206, 5036504.164197291247547 ], [ -955487.451139090000652, 5036440.018272667191923 ], [ -955432.833978688111529, 5036221.974019506014884 ], [ -955585.868042327230796, 5036071.301088905893266 ], [ -955793.518192264134996, 5036135.43918211851269 ], [ -955848.145541724516079, 5036353.481735646724701 ], [ -955695.107963714632206, 5036504.164197291247547 ] ] ] } },
{ "type": "Feature", "properties": { "id": 74, "snapped_id": 74, "centroid_lon": -8.61712, "centroid_lat": 41.14736, "radius": 213.16, "internal_id": 617998244046962687, "population": 191, "component": 0, "o_score_pt": 1451.6897592930773, "o_score_car": 1453.8682351923674, "CDI": 0.00074976163044229997, "log_population": 2.2833012287035497 }, "geometry": { "type": "Polygon", "coordinates": [ [ [ -959302.57705163245555, 5034297.881463865749538 ], [ -959115.199278343119659, 5034240.092602014541626 ], [ -959065.565886912751012, 5034042.244646711274981 ], [ -959203.311587858246639, 5033906.530831642448902 ], [ -959390.683297141687945, 5033964.312626242637634 ], [ -959440.325932958978228, 5034162.159039026126266 ], [ -959302.57705163245555, 5034297.881463865749538 ] ] ] } },
{ "type": "Feature", "properties": { "id": 75, "snapped_id": 75, "centroid_lon": -8.60882, "centroid_lat": 41.14887, "radius": 213.153, "internal_id": 617998244045651967, "population": 192, "component": 0, "o_score_pt": 1453.6211051240275, "o_score_car": 1481.2949144511631, "CDI": 0.0094291656533127006, "log_population": 2.2855573090077739 }, "geometry": { "type": "Polygon", "coordinates": [ [ [ -958379.619798118947074, 5034521.151435724459589 ], [ -958192.018634906387888, 5034463.271605956368148 ], [ -958142.34446129295975, 5034265.184208493679762 ], [ -958280.272825314779766, 5034129.312413107603788 ], [ -958467.867919218027964, 5034187.185164819471538 ], [ -958517.551348997978494, 5034385.271020653657615 ], [ -958379.619798118947074, 5034521.151435724459589 ] ] ] } },
{ "type": "Feature", "properties": { "id": 76, "snapped_id": 76, "centroid_lon": -8.68449, "centroid_lat": 41.1647, "radius": 213.198, "internal_id": 617998242866003967, "population": 460, "component": 0, "o_score_pt": 1083.1657436981018, "o_score_car": 1400.2884068219223, "CDI": 0.127694188780339, "log_population": 2.663700925389648 }, "geometry": { "type": "Polygon", "coordinates": [ [ [ -966812.595680871396326, 5036901.969674346968532 ], [ -966585.463173607247882, 5036832.111060012131929 ], [ -966525.783139327540994, 5036594.96731645707041 ], [ -966693.221582766622305, 5036429.811751507222652 ], [ -966920.346799150342122, 5036499.661844958551228 ], [ -966980.037906552432105, 5036736.80368728749454 ], [ -966812.595680871396326, 5036901.969674346968532 ] ] ] } },
{ "type": "Feature", "properties": { "id": 77, "snapped_id": 77, "centroid_lon": -8.61483, "centroid_lat": 41.1537, "radius": 213.155, "internal_id": 617998244054564863, "population": 633, "component": 0, "o_score_pt": 1340.6618116414195, "o_score_car": 1477.1510754221381, "CDI": 0.048438015315826498, "log_population": 2.8020892578817325 }, "geometry": { "type": "Polygon", "coordinates": [ [ [ -959061.585595710785128, 5035289.947962855920196 ], [ -958820.256208817125298, 5035215.506586348637938 ], [ -958757.195931712165475, 5034964.11053207423538 ], [ -958935.45558786240872, 5034788.494633557274938 ], [ -959176.777270439313725, 5034862.926939103752375 ], [ -959239.849287182791159, 5035114.321002412587404 ], [ -959061.585595710785128, 5035289.947962855920196 ] ] ] } },
{ "type": "Feature", "properties": { "id": 78, "snapped_id": 78, "centroid_lon": -8.66759, "centroid_lat": 41.14705, "radius": 213.195, "internal_id": 617998244157587455, "population": 243, "component": 0, "o_score_pt": 1029.38876838386, "o_score_car": 1403.122708645828, "CDI": 0.15364118269991889, "log_population": 2.3873898263387296 }, "geometry": { "type": "Polygon", "coordinates": [ [ [ -964924.236564151244238, 5034262.785916837863624 ], [ -964725.939046834013425, 5034201.764437489211559 ], [ -964673.491125264321454, 5033993.19111050106585 ], [ -964819.335481189889833, 5033849.364330182783306 ], [ -965017.626592075801454, 5033910.378352452069521 ], [ -965070.084254765301012, 5034118.950028183870018 ], [ -964924.236564151244238, 5034262.785916837863624 ] ] ] } },
{ "type": "Feature", "properties": { "id": 79, "snapped_id": 79, "centroid_lon": -8.57795, "centroid_lat": 41.14856, "radius": 213.132, "internal_id": 617998243348348927, "population": 25, "component": 0, "o_score_pt": 814.50124627353421, "o_score_car": 1240.4185653716629, "CDI": 0.20726712384807519, "log_population": 1.414973347970818 }, "geometry": { "type": "Polygon", "coordinates": [ [ [ -954919.926035803975537, 5034383.167226936668158 ], [ -954822.861077758832835, 5034353.179866835474968 ], [ -954795.74441524152644, 5034244.888894920237362 ], [ -954865.718276426196098, 5034175.997372773475945 ], [ -954962.779919014777988, 5034205.981010991148651 ], [ -954989.901655855821446, 5034314.271199155598879 ], [ -954919.926035803975537, 5034383.167226936668158 ] ] ] } },
{ "type": "Feature", "properties": { "id": 80, "snapped_id": 80, "centroid_lon": -8.60311, "centroid_lat": 41.16472, "radius": 213.142, "internal_id": 617998244069507071, "population": 1225, "component": 0, "o_score_pt": 1187.8317680357395, "o_score_car": 1418.630425972465, "CDI": 0.088548630579523002, "log_population": 3.0884904701823963 }, "geometry": { "type": "Polygon", "coordinates": [ [ [ -957762.639131167554297, 5036942.986211624927819 ], [ -957497.341335653094575, 5036861.098136824555695 ], [ -957428.344487286754884, 5036585.885762215591967 ], [ -957624.632582354708575, 5036392.563647270202637 ], [ -957889.921947014168836, 5036474.441755560226738 ], [ -957958.931647252873518, 5036749.651944815181196 ], [ -957762.639131167554297, 5036942.986211624927819 ] ] ] } },
{ "type": "Feature", "properties": { "id": 81, "snapped_id": 81, "centroid_lon": -8.60725, "centroid_lat": 41.16396, "radius": 213.145, "internal_id": 617998244133732351, "population": 1134, "component": 0, "o_score_pt": 1221.0979407203745, "o_score_car": 1412.380306361739, "CDI": 0.072634875892103906, "log_population": 3.0549958615291417 }, "geometry": { "type": "Polygon", "coordinates": [ [ [ -958224.237511790241115, 5036831.526894181966782 ], [ -957958.931647252873518, 5036749.651944815181196 ], [ -957889.921947014168836, 5036474.441755560226738 ], [ -958086.205259775626473, 5036281.108702532015741 ], [ -958351.502692071720958, 5036362.973686832003295 ], [ -958420.525243640993722, 5036638.181688732467592 ], [ -958224.237511790241115, 5036831.526894181966782 ] ] ] } },
{ "type": "Feature", "properties": { "id": 82, "snapped_id": 82, "centroid_lon": -8.56851, "centroid_lat": 41.15324, "radius": 213.123, "internal_id": 617998243309551615, "population": 1028, "component": 0, "o_score_pt": 696.66905441193944, "o_score_car": 1190.2633371412919, "CDI": 0.26158556869281879, "log_population": 3.0124153747624329 }, "geometry": { "type": "Polygon", "coordinates": [ [ [ -953910.921936914790422, 5035243.566583706997335 ], [ -953647.84644474030938, 5035162.253455995582044 ], [ -953579.492939456948079, 5034889.161924785934389 ], [ -953774.202514344360679, 5034697.502865214832127 ], [ -954037.269654722884297, 5034778.806096439249814 ], [ -954105.635913482750766, 5035051.895477408543229 ], [ -953910.921936914790422, 5035243.566583706997335 ] ] ] } },
{ "type": "Feature", "properties": { "id": 83, "snapped_id": 83, "centroid_lon": -8.67775, "centroid_lat": 41.15112, "radius": 213.2, "internal_id": 617998242857091071, "population": 420, "component": 0, "o_score_pt": 996.81036289552958, "o_score_car": 1380.5665599384697, "CDI": 0.16142000595575551, "log_population": 2.6242820958356683 }, "geometry": { "type": "Polygon", "coordinates": [ [ [ -966061.305282599641941, 5034889.720279426313937 ], [ -965838.332400418585166, 5034821.132520453073084 ], [ -965779.705715930555016, 5034588.099038227461278 ], [ -965944.042098805075511, 5034426.009804140776396 ], [ -966167.007819899707101, 5034494.589195159263909 ], [ -966225.64538440736942, 5034727.620814310386777 ], [ -966061.305282599641941, 5034889.720279426313937 ] ] ] } },
{ "type": "Feature", "properties": { "id": 84, "snapped_id": 84, "centroid_lon": -8.67474, "centroid_lat": 41.14871, "radius": 213.199, "internal_id": 617998242897461247, "population": 239, "component": 0, "o_score_pt": 1025.618694455424, "o_score_car": 1362.6623158714831, "CDI": 0.1411239380787627, "log_population": 2.3802112417116059 }, "geometry": { "type": "Polygon", "coordinates": [ [ [ -965720.298170915804803, 5034507.002236718311906 ], [ -965522.728454557363875, 5034446.22248758841306 ], [ -965470.448627061326988, 5034238.38741504214704 ], [ -965615.731914463802241, 5034095.096543313935399 ], [ -965813.295244951965287, 5034155.86886436957866 ], [ -965865.584779034485109, 5034363.702289249747992 ], [ -965720.298170915804803, 5034507.002236718311906 ] ] ] } },
{ "type": "Feature", "properties": { "id": 85, "snapped_id": 85, "centroid_lon": -8.58395, "centroid_lat": 41.15339, "radius": 213.134, "internal_id": 617998244062167039, "population": 168, "component": 0, "o_score_pt": 1032.3334458726954, "o_score_car": 1319.2875104972586, "CDI": 0.1220239443126564, "log_population": 2.2278867046136734 }, "geometry": { "type": "Polygon", "coordinates": [ [ [ -955609.160837281262502, 5035183.548877752386034 ], [ -955427.587386616971344, 5035127.464646980166435 ], [ -955379.456302931997925, 5034935.306880075484514 ], [ -955512.901457349420525, 5034803.915242140181363 ], [ -955694.469026180915534, 5034859.992611317895353 ], [ -955742.609091661521234, 5035052.148894700221717 ], [ -955609.160837281262502, 5035183.548877752386034 ] ] ] } },
{ "type": "Feature", "properties": { "id": 86, "snapped_id": 86, "centroid_lon": -8.63171, "centroid_lat": 41.17136, "radius": 213.159, "internal_id": 617998244141334527, "population": 190, "component": 0, "o_score_pt": 1092.5367289810304, "o_score_car": 1415.549664803611, "CDI": 0.1287886001945738, "log_population": 2.2810333672477277 }, "geometry": { "type": "Polygon", "coordinates": [ [ [ -960927.378834965522401, 5037845.473353272303939 ], [ -960740.141139362356625, 5037787.747068144381046 ], [ -960690.517159965820611, 5037590.07476225681603 ], [ -960828.11780329560861, 5037454.487526874057949 ], [ -961015.349434486124665, 5037512.20675238315016 ], [ -961064.982652559061535, 5037709.877511787228286 ], [ -960927.378834965522401, 5037845.473353272303939 ] ] ] } },
{ "type": "Feature", "properties": { "id": 87, "snapped_id": 87, "centroid_lon": -8.64157, "centroid_lat": 41.15476, "radius": 213.173, "internal_id": 617998244117217279, "population": 443, "component": 0, "o_score_pt": 1316.9373064752187, "o_score_car": 1494.3327265879086, "CDI": 0.063101522808679394, "log_population": 2.6473829701146196 }, "geometry": { "type": "Polygon", "coordinates": [ [ [ -962034.28140037599951, 5035429.500034081749618 ], [ -961808.973885725135915, 5035360.081115653738379 ], [ -961749.843616737169214, 5035124.647947047837079 ], [ -961916.011903211241588, 5034960.864604176022112 ], [ -962141.312194042140618, 5035030.275055434554815 ], [ -962200.453457618365064, 5035265.706355696544051 ], [ -962034.28140037599951, 5035429.500034081749618 ] ] ] } },
{ "type": "Feature", "properties": { "id": 88, "snapped_id": 88, "centroid_lon": -8.63742, "centroid_lat": 41.15551, "radius": 213.17, "internal_id": 617998244117479423, "population": 349, "component": 0, "o_score_pt": 1294.419519885919, "o_score_car": 1519.7214297295859, "CDI": 0.080060634444927101, "log_population": 2.5440680443502757 }, "geometry": { "type": "Polygon", "coordinates": [ [ [ -961569.99876896571368, 5035530.19950823392719 ], [ -961355.442023983108811, 5035464.080360680818558 ], [ -961298.99983651493676, 5035239.306483884342015 ], [ -961457.106508793658577, 5035083.481664747931063 ], [ -961671.656358072534204, 5035149.592742346227169 ], [ -961728.109044051379897, 5035374.364842385053635 ], [ -961569.99876896571368, 5035530.19950823392719 ] ] ] } },
{ "type": "Feature", "properties": { "id": 89, "snapped_id": 89, "centroid_lon": -8.58724, "centroid_lat": 41.17648, "radius": 213.126, "internal_id": 617998243808411647, "population": 1301, "component": 0, "o_score_pt": 881.25447272905342, "o_score_car": 1307.0109270998769, "CDI": 0.19456344481985929, "log_population": 3.114610984232173 }, "geometry": { "type": "Polygon", "coordinates": [ [ [ -955995.796713205403648, 5038682.848630003631115 ], [ -955730.49785891128704, 5038600.89126427192241 ], [ -955661.54190066375304, 5038325.638810822740197 ], [ -955857.871939463308081, 5038132.345900890417397 ], [ -956123.162366171600297, 5038214.293292437680066 ], [ -956192.131181459059007, 5038489.543567607179284 ], [ -955995.796713205403648, 5038682.848630003631115 ] ] ] } },
{ "type": "Feature", "properties": { "id": 90, "snapped_id": 90, "centroid_lon": -8.59896, "centroid_lat": 41.16547, "radius": 213.139, "internal_id": 617998244069769215, "population": 1107, "component": 0, "o_score_pt": 1344.3268388151168, "o_score_car": 1413.6010604552689, "CDI": 0.025118213445129801, "log_population": 3.0445397603924111 }, "geometry": { "type": "Polygon", "coordinates": [ [ [ -957301.044037463143468, 5037054.42146375682205 ], [ -957035.754313641111366, 5036972.520264283753932 ], [ -956966.77031768753659, 5036697.305706324055791 ], [ -957163.063192935311235, 5036503.994530696421862 ], [ -957428.344487286754884, 5036585.885762215591967 ], [ -957497.341335653094575, 5036861.098136824555695 ], [ -957301.044037463143468, 5037054.42146375682205 ] ] ] } },
{ "type": "Feature", "properties": { "id": 91, "snapped_id": 91, "centroid_lon": -8.62642, "centroid_lat": 41.17528, "radius": 213.154, "internal_id": 617998244141072383, "population": 1517, "component": 0, "o_score_pt": 1043.9200330655185, "o_score_car": 1431.4611212169282, "CDI": 0.15655814761333139, "log_population": 3.1812717715594614 }, "geometry": { "type": "Polygon", "coordinates": [ [ [ -960357.950325841549784, 5038505.479971728287637 ], [ -960092.553896103403531, 5038423.633992232382298 ], [ -960023.470924287452362, 5038148.381047680974007 ], [ -960219.771528016543016, 5037954.97627973370254 ], [ -960485.159515726496466, 5038036.812297253869474 ], [ -960554.255341526004486, 5038312.063044208101928 ], [ -960357.950325841549784, 5038505.479971728287637 ] ] ] } },
{ "type": "Feature", "properties": { "id": 92, "snapped_id": 92, "centroid_lon": -8.58324, "centroid_lat": 41.14464, "radius": 213.137, "internal_id": 617998243348611071, "population": 111, "component": 0, "o_score_pt": 899.86358423194918, "o_score_car": 1251.9244618417397, "CDI": 0.16361317661011571, "log_population": 2.0492180226701815 }, "geometry": { "type": "Polygon", "coordinates": [ [ [ -955525.094751817523502, 5033870.717472726479173 ], [ -955362.115952338441275, 5033820.380734181031585 ], [ -955318.608488405356184, 5033646.675528547726572 ], [ -955438.092319548944943, 5033529.0255525438115 ], [ -955601.065802430268377, 5033579.3561208890751 ], [ -955644.581387462560087, 5033753.059996996074915 ], [ -955525.094751817523502, 5033870.717472726479173 ] ] ] } },
{ "type": "Feature", "properties": { "id": 93, "snapped_id": 93, "centroid_lon": -8.61411, "centroid_lat": 41.14495, "radius": 213.159, "internal_id": 617998244045914111, "population": 869, "component": 0, "o_score_pt": 1360.3602916022526, "o_score_car": 1424.3377743380238, "CDI": 0.0229746569361618, "log_population": 2.9395192526186187 }, "geometry": { "type": "Polygon", "coordinates": [ [ [ -958985.270860542193986, 5034010.527138670906425 ], [ -958729.685529078938998, 5033931.694554661400616 ], [ -958663.078367537818849, 5033666.148205050267279 ], [ -958852.045651890221052, 5033479.975886405445635 ], [ -959107.622846821672283, 5033558.798870935104787 ], [ -959174.242405635304749, 5033824.343111525289714 ], [ -958985.270860542193986, 5034010.527138670906425 ] ] ] } },
{ "type": "Feature", "properties": { "id": 94, "snapped_id": 94, "centroid_lon": -8.58123, "centroid_lat": 41.17165, "radius": 213.124, "internal_id": 617998243816013823, "population": 890, "component": 0, "o_score_pt": 856.1666241184862, "o_score_car": 1306.2534050482102, "CDI": 0.208140312639986, "log_population": 2.9498777040368749 }, "geometry": { "type": "Polygon", "coordinates": [ [ [ -955325.179277444723994, 5037959.664914893917739 ], [ -955068.506041571148671, 5037880.356249888427556 ], [ -955001.710354973678477, 5037613.650992020964622 ], [ -955191.575611002393998, 5037426.737921675667167 ], [ -955448.240683590061963, 5037506.036931259557605 ], [ -955515.048828476690687, 5037772.740085207857192 ], [ -955325.179277444723994, 5037959.664914893917739 ] ] ] } },
{ "type": "Feature", "properties": { "id": 95, "snapped_id": 95, "centroid_lon": -8.68148, "centroid_lat": 41.16229, "radius": 213.197, "internal_id": 617998242864955391, "population": 465, "component": 0, "o_score_pt": 988.82062910523121, "o_score_car": 1318.0132618282112, "CDI": 0.14270322367674881, "log_population": 2.6683859166900001 }, "geometry": { "type": "Polygon", "coordinates": [ [ [ -966477.946923856041394, 5036545.584503849968314 ], [ -966250.341494802501984, 5036475.573340683244169 ], [ -966190.550049094716087, 5036237.953134424984455 ], [ -966358.350801726570353, 5036072.446904106996953 ], [ -966585.948926450451836, 5036142.449528061784804 ], [ -966645.751467275782488, 5036380.067830375395715 ], [ -966477.946923856041394, 5036545.584503849968314 ] ] ] } },
{ "type": "Feature", "properties": { "id": 96, "snapped_id": 78, "centroid_lon": -8.66459, "centroid_lat": 41.14464, "radius": 213.194, "internal_id": 617998244156538879, "population": 0, "component": 0, "o_score_pt": 29.427675489689879, "o_score_car": 1394.2067019656663, "CDI": 0.95865838033176798, "log_population": 0.0 }, "geometry": { "type": "Polygon", "coordinates": [ [ [ -964538.680514392675832, 5033705.120528128929436 ], [ -964538.68000849429518, 5033705.120372435078025 ], [ -964536.269945992506109, 5033695.534745910204947 ], [ -964538.680514392675832, 5033705.120528128929436 ] ] ] } },
{ "type": "Feature", "properties": { "id": 97, "snapped_id": 97, "centroid_lon": -8.62156, "centroid_lat": 41.16728, "radius": 213.154, "internal_id": 617998244132683775, "population": 1324, "component": 0, "o_score_pt": 1229.2511556911029, "o_score_car": 1469.9949459913655, "CDI": 0.089189270348563193, "log_population": 3.1222158782728267 }, "geometry": { "type": "Polygon", "coordinates": [ [ [ -959816.244648816180415, 5037322.662549377419055 ], [ -959550.889658460975625, 5037240.820187439210713 ], [ -959481.830091028357856, 5036965.596397477202117 ], [ -959678.11266221862752, 5036772.217163614928722 ], [ -959943.45921420538798, 5036854.049564033746719 ], [ -960012.531633160426281, 5037129.271159343421459 ], [ -959816.244648816180415, 5037322.662549377419055 ] ] ] } },
{ "type": "Feature", "properties": { "id": 98, "snapped_id": 98, "centroid_lon": -8.59825, "centroid_lat": 41.15672, "radius": 213.142, "internal_id": 617998244061118463, "population": 1685, "component": 0, "o_score_pt": 1100.1478859821648, "o_score_car": 1383.1223338853886, "CDI": 0.11395233818666591, "log_population": 3.2268575702887237 }, "geometry": { "type": "Polygon", "coordinates": [ [ [ -957221.376552592497319, 5035760.288986780680716 ], [ -956956.120186505955644, 5035678.404568246565759 ], [ -956887.146719288779423, 5035403.221364124678075 ], [ -957083.416768541093916, 5035209.924760455265641 ], [ -957348.664707427378744, 5035291.799212934449315 ], [ -957417.651024053804576, 5035566.980234640650451 ], [ -957221.376552592497319, 5035760.288986780680716 ] ] ] } },
{ "type": "Feature", "properties": { "id": 99, "snapped_id": 99, "centroid_lon": -8.62871, "centroid_lat": 41.16894, "radius": 213.158, "internal_id": 617998244140285951, "population": 1114, "component": 0, "o_score_pt": 1176.9404205788489, "o_score_car": 1426.2282056818538, "CDI": 0.095763210492088593, "log_population": 3.0472748673841794 }, "geometry": { "type": "Polygon", "coordinates": [ [ [ -960612.358732208958827, 5037568.15702635794878 ], [ -960346.979186230571941, 5037486.330969695933163 ], [ -960277.894681947655044, 5037211.100389152765274 ], [ -960474.176871816045605, 5037017.698063085786998 ], [ -960739.547976359957829, 5037099.51416000444442 ], [ -960808.645332261919975, 5037374.742542240768671 ], [ -960612.358732208958827, 5037568.15702635794878 ] ] ] } },
{ "type": "Feature", "properties": { "id": 100, "snapped_id": 100, "centroid_lon": -8.59596, "centroid_lat": 41.16306, "radius": 213.138, "internal_id": 617998244068720639, "population": 1121, "component": 0, "o_score_pt": 1153.5925063207835, "o_score_car": 1314.9298422554132, "CDI": 0.0653578591369392, "log_population": 3.0499928569201424 }, "geometry": { "type": "Polygon", "coordinates": [ [ [ -956966.77031768753659, 5036697.305706324055791 ], [ -956701.497096316656098, 5036615.401352342218161 ], [ -956632.525178189389408, 5036340.195791506208479 ], [ -956828.813629453885369, 5036146.89676586445421 ], [ -957094.078423035913147, 5036228.791151567362249 ], [ -957163.063192935311235, 5036503.994530696421862 ], [ -956966.77031768753659, 5036697.305706324055791 ] ] ] } },
{ "type": "Feature", "properties": { "id": 101, "snapped_id": 101, "centroid_lon": -8.62841, "centroid_lat": 41.14827, "radius": 213.167, "internal_id": 617998244044865535, "population": 703, "component": 0, "o_score_pt": 1316.2606898493054, "o_score_car": 1413.2411103242423, "CDI": 0.035530447522976703, "log_population": 2.847572659142112 }, "geometry": { "type": "Polygon", "coordinates": [ [ [ -960574.590490210335702, 5034491.549485635943711 ], [ -960328.517984220059589, 5034415.695280578918755 ], [ -960264.244262660853565, 5034159.624063413590193 ], [ -960446.033276164438576, 5033980.4804005054757 ], [ -960692.097930550109595, 5034056.325364156626165 ], [ -960756.383607672294602, 5034312.394545082002878 ], [ -960574.590490210335702, 5034491.549485635943711 ] ] ] } },
{ "type": "Feature", "properties": { "id": 102, "snapped_id": 102, "centroid_lon": -8.6596, "centroid_lat": 41.16924, "radius": 213.179, "internal_id": 617998244124033023, "population": 1608, "component": 0, "o_score_pt": 1479.3486568485234, "o_score_car": 1517.9753578430405, "CDI": 0.0128870621945395, "log_population": 3.2065560440990297 }, "geometry": { "type": "Polygon", "coordinates": [ [ [ -964051.717258104472421, 5037612.133135347627103 ], [ -963786.256445376202464, 5037530.392281010746956 ], [ -963717.070656957919709, 5037255.156973310746253 ], [ -963913.33283144060988, 5037061.664733070880175 ], [ -964178.785191073897295, 5037143.395637008361518 ], [ -964247.983829110278748, 5037418.628731089644134 ], [ -964051.717258104472421, 5037612.133135347627103 ] ] ] } },
{ "type": "Feature", "properties": { "id": 103, "snapped_id": 103, "centroid_lon": -8.57823, "centroid_lat": 41.16924, "radius": 213.123, "internal_id": 617998243814965247, "population": 397, "component": 0, "o_score_pt": 909.10114398634676, "o_score_car": 1279.5744402261655, "CDI": 0.1692682546980189, "log_population": 2.5998830720736876 }, "geometry": { "type": "Polygon", "coordinates": [ [ [ -954981.937246321816929, 5037565.334688778966665 ], [ -954761.661395436502062, 5037497.265489743091166 ], [ -954703.920508435112424, 5037266.681848841719329 ], [ -954866.446496288874187, 5037106.68939749058336 ], [ -955086.715290134539828, 5037174.750293338671327 ], [ -955144.466951936017722, 5037405.332132576033473 ], [ -954981.937246321816929, 5037565.334688778966665 ] ] ] } },
{ "type": "Feature", "properties": { "id": 104, "snapped_id": 104, "centroid_lon": -8.66676, "centroid_lat": 41.1709, "radius": 213.183, "internal_id": 617998242863906815, "population": 1267, "component": 0, "o_score_pt": 1321.2433072200365, "o_score_car": 1481.4919698054789, "CDI": 0.057175811036820699, "log_population": 3.1031192535457137 }, "geometry": { "type": "Polygon", "coordinates": [ [ [ -964848.148747663828544, 5037857.323019562289119 ], [ -964582.663409790140577, 5037775.598505478352308 ], [ -964513.452677669702098, 5037500.356441371142864 ], [ -964709.714433507411741, 5037306.841108125634491 ], [ -964975.191315222531557, 5037388.555673594586551 ], [ -965044.414897048147395, 5037663.79552043043077 ], [ -964848.148747663828544, 5037857.323019562289119 ] ] ] } },
{ "type": "Feature", "properties": { "id": 105, "snapped_id": 105, "centroid_lon": -8.62613, "centroid_lat": 41.15461, "radius": 213.163, "internal_id": 617998244052467711, "population": 493, "component": 0, "o_score_pt": 1456.3779292834422, "o_score_car": 1522.0526390891573, "CDI": 0.022050106019963201, "log_population": 2.6937269489236471 }, "geometry": { "type": "Polygon", "coordinates": [ [ [ -960316.266341879498214, 5035412.340820556506515 ], [ -960086.174699874827638, 5035341.400111747905612 ], [ -960025.886682948097587, 5035101.183386189863086 ], [ -960195.681676302105188, 5034933.872781475074589 ], [ -960425.765952734043822, 5035004.804840318858624 ], [ -960486.065187993226573, 5035245.019663812592626 ], [ -960316.266341879498214, 5035412.340820556506515 ] ] ] } },
{ "type": "Feature", "properties": { "id": 106, "snapped_id": 106, "centroid_lon": -8.64986, "centroid_lat": 41.15325, "radius": 213.18, "internal_id": 617998244155490303, "population": 1356, "component": 0, "o_score_pt": 1243.8378732909894, "o_score_car": 1476.6321085494201, "CDI": 0.085571330252629405, "log_population": 3.1325798476597368 }, "geometry": { "type": "Polygon", "coordinates": [ [ [ -962967.489779722760431, 5035246.969691197387874 ], [ -962702.111817996832542, 5035165.235988629050553 ], [ -962632.972869138116948, 5034890.058946057222784 ], [ -962829.199037089128979, 5034696.617813282646239 ], [ -963094.568553039804101, 5034778.341566346585751 ], [ -963163.720346606103703, 5035053.516401200555265 ], [ -962967.489779722760431, 5035246.969691197387874 ] ] ] } },
{ "type": "Feature", "properties": { "id": 107, "snapped_id": 107, "centroid_lon": -8.57266, "centroid_lat": 41.15249, "radius": 213.127, "internal_id": 617998243309289471, "population": 136, "component": 0, "o_score_pt": 799.62843713049722, "o_score_car": 1249.5351567232351, "CDI": 0.21955627210154899, "log_population": 2.1367205671564067 }, "geometry": { "type": "Polygon", "coordinates": [ [ [ -954349.757232556585222, 5035039.411400196142495 ], [ -954177.681354068918154, 5034986.235168831422925 ], [ -954131.929752840893343, 5034803.480156572535634 ], [ -954258.260639425716363, 5034679.118437903001904 ], [ -954430.330926458351314, 5034732.288157661445439 ], [ -954476.091071831644513, 5034915.041768401861191 ], [ -954349.757232556585222, 5035039.411400196142495 ] ] ] } },
{ "type": "Feature", "properties": { "id": 108, "snapped_id": 108, "centroid_lon": -8.6114, "centroid_lat": 41.16321, "radius": 213.149, "internal_id": 617998244133470207, "population": 1233, "component": 0, "o_score_pt": 1281.0505549756756, "o_score_car": 1505.6648069944792, "CDI": 0.080601792017971102, "log_population": 3.0913151596972228 }, "geometry": { "type": "Polygon", "coordinates": [ [ [ -958685.839174528489821, 5036720.043511904776096 ], [ -958420.525243640993722, 5036638.181688732467592 ], [ -958351.502692071720958, 5036362.973686832003295 ], [ -958547.781220397446305, 5036169.629696963354945 ], [ -958813.086717659956776, 5036251.481556511484087 ], [ -958882.122120016720146, 5036526.687369056977332 ], [ -958685.839174528489821, 5036720.043511904776096 ] ] ] } },
{ "type": "Feature", "properties": { "id": 109, "snapped_id": 109, "centroid_lon": -8.61855, "centroid_lat": 41.16487, "radius": 213.153, "internal_id": 617998244131635199, "population": 1315, "component": 0, "o_score_pt": 1217.9957389357071, "o_score_car": 1455.4432041943508, "CDI": 0.088817238885822505, "log_population": 3.1192558892779365 }, "geometry": { "type": "Polygon", "coordinates": [ [ [ -959481.830091028357856, 5036965.596397477202117 ], [ -959216.491598762455396, 5036883.750867133960128 ], [ -959147.444114585639909, 5036608.536065268330276 ], [ -959343.722271578735672, 5036415.168986263684928 ], [ -959609.052327157231048, 5036497.004554755054414 ], [ -959678.11266221862752, 5036772.217163614928722 ], [ -959481.830091028357856, 5036965.596397477202117 ] ] ] } },
{ "type": "Feature", "properties": { "id": 110, "snapped_id": 110, "centroid_lon": -8.60268, "centroid_lat": 41.17664, "radius": 213.137, "internal_id": 617998243822567423, "population": 49, "component": 0, "o_score_pt": 1031.2242692185375, "o_score_car": 1387.3555821460782, "CDI": 0.14724811038453139, "log_population": 1.6989700043360187 }, "geometry": { "type": "Polygon", "coordinates": [ [ [ -957680.572598678059876, 5038564.354669232852757 ], [ -957553.896552084479481, 5038525.247631333768368 ], [ -957519.394224626477808, 5038387.624076549895108 ], [ -957611.555282045621425, 5038296.863004485145211 ], [ -957738.227110426640138, 5038335.965223551727831 ], [ -957772.735880620311946, 5038473.587744773365557 ], [ -957680.572598678059876, 5038564.354669232852757 ] ] ] } },
{ "type": "Feature", "properties": { "id": 111, "snapped_id": 111, "centroid_lon": -8.61898, "centroid_lat": 41.15295, "radius": 213.158, "internal_id": 617998244054302719, "population": 600, "component": 0, "o_score_pt": 1342.7375941768589, "o_score_car": 1406.0525631927146, "CDI": 0.023033758632359298, "log_population": 2.7788744720027396 }, "geometry": { "type": "Polygon", "coordinates": [ [ [ -959522.535225151339546, 5035175.951466970145702 ], [ -959283.612233798834495, 5035102.266433347947896 ], [ -959221.141343188239262, 5034853.268354009836912 ], [ -959397.58431608369574, 5034679.428128125146031 ], [ -959636.499675275757909, 5034753.104181683622301 ], [ -959698.982193428906612, 5035002.10028834734112 ], [ -959522.535225151339546, 5035175.951466970145702 ] ] ] } },
{ "type": "Feature", "properties": { "id": 112, "snapped_id": 112, "centroid_lon": -8.59524, "centroid_lat": 41.1543, "radius": 213.141, "internal_id": 617998244060069887, "population": 1181, "component": 0, "o_score_pt": 1171.6129562532226, "o_score_car": 1355.2300750338004, "CDI": 0.072666610670728604, "log_population": 3.0726174765452368 }, "geometry": { "type": "Polygon", "coordinates": [ [ [ -956887.146719288779423, 5035403.221364124678075 ], [ -956621.906851898296736, 5035321.333794270642102 ], [ -956552.945459486218169, 5035046.159587619826198 ], [ -956749.211085489485413, 5034852.875131100416183 ], [ -957014.442527360399254, 5034934.752734574489295 ], [ -957083.416768541093916, 5035209.924760455265641 ], [ -956887.146719288779423, 5035403.221364124678075 ] ] ] } },
{ "type": "Feature", "properties": { "id": 113, "snapped_id": 113, "centroid_lon": -8.68936, "centroid_lat": 41.1727, "radius": 213.198, "internal_id": 617998242926821375, "population": 186, "component": 0, "o_score_pt": 990.89159901722201, "o_score_car": 1370.6902782498851, "CDI": 0.16082384561325369, "log_population": 2.271841606536499 }, "geometry": { "type": "Polygon", "coordinates": [ [ [ -967345.083617148222402, 5038043.003782258369029 ], [ -967158.69145689625293, 5037985.682051205076277 ], [ -967109.176098649972118, 5037788.974301256239414 ], [ -967246.032751929131337, 5037653.978098814375699 ], [ -967432.418862354126759, 5037711.292818138375878 ], [ -967481.943411544431001, 5037907.999009542167187 ], [ -967345.083617148222402, 5038043.003782258369029 ] ] ] } },
{ "type": "Feature", "properties": { "id": 114, "snapped_id": 114, "centroid_lon": -8.61398, "centroid_lat": 41.17754, "radius": 213.144, "internal_id": 617998244139237375, "population": 853, "component": 0, "o_score_pt": 1076.4837790323249, "o_score_car": 1453.1817604374703, "CDI": 0.1489121686355814, "log_population": 2.9314578706890049 }, "geometry": { "type": "Polygon", "coordinates": [ [ [ -958970.224660587846301, 5038829.361537967808545 ], [ -958715.363662530202419, 5038750.719582865945995 ], [ -958648.936103786691092, 5038485.89265208132565 ], [ -958837.356471414444968, 5038300.296967476606369 ], [ -959092.209351289784536, 5038378.929346547462046 ], [ -959158.649279540055431, 5038643.754173313267529 ], [ -958970.224660587846301, 5038829.361537967808545 ] ] ] } },
{ "type": "Feature", "properties": { "id": 115, "snapped_id": 115, "centroid_lon": -8.57523, "centroid_lat": 41.16682, "radius": 213.122, "internal_id": 617998243315056639, "population": 816, "component": 0, "o_score_pt": 915.63646701645541, "o_score_car": 1283.4532148289327, "CDI": 0.1672586392674173, "log_population": 2.9122220565324155 }, "geometry": { "type": "Polygon", "coordinates": [ [ [ -954655.840250147157349, 5037241.280393613502383 ], [ -954403.113186897826381, 5037163.175330141559243 ], [ -954337.313601548667066, 5036900.372473237104714 ], [ -954524.229563248925842, 5036716.377661345526576 ], [ -954776.948585274047218, 5036794.473214291967452 ], [ -954842.760446627507918, 5037057.274002778343856 ], [ -954655.840250147157349, 5037241.280393613502383 ] ] ] } },
{ "type": "Feature", "properties": { "id": 116, "snapped_id": 116, "centroid_lon": -8.64872, "centroid_lat": 41.15642, "radius": 213.177, "internal_id": 617998244115382271, "population": 942, "component": 0, "o_score_pt": 1254.8758194381201, "o_score_car": 1463.8969696993224, "CDI": 0.076880698194539604, "log_population": 2.9745116927373285 }, "geometry": { "type": "Polygon", "coordinates": [ [ [ -962838.896255526109599, 5035709.453871439211071 ], [ -962579.544622522080317, 5035629.569034392945468 ], [ -962511.91098935820628, 5035360.369338135235012 ], [ -962703.616599946049973, 5035171.392262723296881 ], [ -962962.959970627678558, 5035251.267372866161168 ], [ -963030.606170783285052, 5035520.464912365190685 ], [ -962838.896255526109599, 5035709.453871439211071 ] ] ] } },
{ "type": "Feature", "properties": { "id": 117, "snapped_id": 117, "centroid_lon": -8.66603, "centroid_lat": 41.16215, "radius": 213.187, "internal_id": 617998242855256063, "population": 875, "component": 0, "o_score_pt": 1321.4667023922266, "o_score_car": 1495.5788312683042, "CDI": 0.061806643448120702, "log_population": 2.9425041061680806 }, "geometry": { "type": "Polygon", "coordinates": [ [ [ -964765.2063840739429, 5036553.322813249193132 ], [ -964509.120193489827216, 5036474.497837599366903 ], [ -964442.256848996272311, 5036208.580644659698009 ], [ -964631.466964057763107, 5036022.010701162740588 ], [ -964887.544986183638684, 5036100.82607707567513 ], [ -964954.420744571718387, 5036366.741132545284927 ], [ -964765.2063840739429, 5036553.322813249193132 ] ] ] } },
{ "type": "Feature", "properties": { "id": 118, "snapped_id": 118, "centroid_lon": -8.58924, "centroid_lat": 41.14947, "radius": 213.139, "internal_id": 617998244067672063, "population": 1048, "component": 0, "o_score_pt": 1185.3957150439348, "o_score_car": 1326.278582240539, "CDI": 0.056091216663291601, "log_population": 3.020775488193558 }, "geometry": { "type": "Polygon", "coordinates": [ [ [ -956218.468683559563942, 5034687.856246904470026 ], [ -955954.484169709030539, 5034606.339836657047272 ], [ -955885.850883785868064, 5034332.396859593689442 ], [ -956081.189516372745857, 5034140.040818249806762 ], [ -956345.165645178058185, 5034221.547306875698268 ], [ -956413.81172207032796, 5034495.488116579130292 ], [ -956218.468683559563942, 5034687.856246904470026 ] ] ] } },
{ "type": "Feature", "properties": { "id": 119, "snapped_id": 119, "centroid_lon": -8.62541, "centroid_lat": 41.14585, "radius": 213.166, "internal_id": 617998244043816959, "population": 47, "component": 0, "o_score_pt": 1324.8871442766883, "o_score_car": 1421.1153503874264, "CDI": 0.035043014817984802, "log_population": 1.6812412373755872 }, "geometry": { "type": "Polygon", "coordinates": [ [ [ -960210.010013445862569, 5034010.889736043289304 ], [ -960085.218119412311353, 5033972.417560015805066 ], [ -960051.157228420255706, 5033836.697169656865299 ], [ -960141.900753770605661, 5033747.277732252143323 ], [ -960266.688485686434433, 5033785.745165451429784 ], [ -960300.755727004609071, 5033921.464532578364015 ], [ -960210.010013445862569, 5034010.889736043289304 ] ] ] } },
{ "type": "Feature", "properties": { "id": 120, "snapped_id": 120, "centroid_lon": -8.6566, "centroid_lat": 41.16683, "radius": 213.178, "internal_id": 617998244122984447, "population": 688, "component": 0, "o_score_pt": 1448.4123365829059, "o_score_car": 1536.4139756988657, "CDI": 0.029483001658708301, "log_population": 2.8382192219076257 }, "geometry": { "type": "Polygon", "coordinates": [ [ [ -963712.029358676634729, 5037234.536576570011675 ], [ -963466.798364903545007, 5037159.017260902561247 ], [ -963402.666024027857929, 5036903.84932800475508 ], [ -963583.751696888357401, 5036725.326618853025138 ], [ -963828.97485504404176, 5036800.836732975207269 ], [ -963893.119110650382936, 5037056.002623778767884 ], [ -963712.029358676634729, 5037234.536576570011675 ] ] ] } },
{ "type": "Feature", "properties": { "id": 121, "snapped_id": 121, "centroid_lon": -8.59253, "centroid_lat": 41.17256, "radius": 213.131, "internal_id": 617998243813916671, "population": 345, "component": 0, "o_score_pt": 926.70623306312405, "o_score_car": 1266.2485924878297, "CDI": 0.15483326672696029, "log_population": 2.5390760987927767 }, "geometry": { "type": "Polygon", "coordinates": [ [ [ -956572.024871901026927, 5038050.565651596523821 ], [ -956358.029166178894229, 5037984.475641505792737 ], [ -956301.819704109453596, 5037760.158791149966419 ], [ -956459.595324406633154, 5037604.804992134682834 ], [ -956673.584160194033757, 5037670.886936909519136 ], [ -956729.804104698705487, 5037895.20203198119998 ], [ -956572.024871901026927, 5038050.565651596523821 ] ] ] } },
{ "type": "Feature", "properties": { "id": 122, "snapped_id": 122, "centroid_lon": -8.66375, "centroid_lat": 41.16849, "radius": 213.182, "internal_id": 617998242862858239, "population": 414, "component": 0, "o_score_pt": 1379.3610078614963, "o_score_car": 1482.7988955509429, "CDI": 0.036139800423491901, "log_population": 2.6180480967120925 }, "geometry": { "type": "Polygon", "coordinates": [ [ [ -964502.695502661168575, 5037456.37004910223186 ], [ -964280.346357185044326, 5037387.917247045785189 ], [ -964221.905475321458653, 5037155.472430318593979 ], [ -964385.799692030530423, 5036993.878235531970859 ], [ -964608.141697111888789, 5037062.32268641795963 ], [ -964666.593435155809857, 5037294.765650479122996 ], [ -964502.695502661168575, 5037456.37004910223186 ] ] ] } },
{ "type": "Feature", "properties": { "id": 123, "snapped_id": 123, "centroid_lon": -8.64686, "centroid_lat": 41.15083, "radius": 213.179, "internal_id": 617998244154441727, "population": 1094, "component": 0, "o_score_pt": 1121.9628218098319, "o_score_car": 1457.1048258487465, "CDI": 0.1299469613924919, "log_population": 3.0394141191761372 }, "geometry": { "type": "Polygon", "coordinates": [ [ [ -962632.972869138116948, 5034890.058946057222784 ], [ -962367.611392720136791, 5034808.322062851861119 ], [ -962298.484528558561578, 5034533.153997199609876 ], [ -962494.70629653299693, 5034339.725020335055888 ], [ -962760.059328855713829, 5034421.451953702606261 ], [ -962829.199037089128979, 5034696.617813282646239 ], [ -962632.972869138116948, 5034890.058946057222784 ] ] ] } },
{ "type": "Feature", "properties": { "id": 124, "snapped_id": 124, "centroid_lon": -8.60382, "centroid_lat": 41.17347, "radius": 213.139, "internal_id": 617998244130586623, "population": 156, "component": 0, "o_score_pt": 1166.2538856454396, "o_score_car": 1433.5147761532644, "CDI": 0.1028017971117918, "log_population": 2.1958996524092336 }, "geometry": { "type": "Polygon", "coordinates": [ [ [ -957820.733841271721758, 5038148.486144476570189 ], [ -957642.394032574957237, 5038093.434580468572676 ], [ -957595.033955325838178, 5037904.533572518266737 ], [ -957726.002706028404646, 5037775.549080454744399 ], [ -957904.336726016597822, 5037830.593907108530402 ], [ -957951.705634954036213, 5038019.493451802991331 ], [ -957820.733841271721758, 5038148.486144476570189 ] ] ] } },
{ "type": "Feature", "properties": { "id": 125, "snapped_id": 125, "centroid_lon": -8.59968, "centroid_lat": 41.17422, "radius": 213.136, "internal_id": 617998243821518847, "population": 561, "component": 0, "o_score_pt": 1050.3542762265847, "o_score_car": 1399.9834630796699, "CDI": 0.1426861208741261, "log_population": 2.7497363155690611 }, "geometry": { "type": "Polygon", "coordinates": [ [ [ -957373.414802217623219, 5038318.686420640908182 ], [ -957137.495559362345375, 5038245.846819423139095 ], [ -957075.816716368310153, 5037999.786008758470416 ], [ -957250.044911927077919, 5037828.21137117408216 ], [ -957485.956616727169603, 5037901.0420948471874 ], [ -957547.646955195115879, 5038147.100965403951705 ], [ -957373.414802217623219, 5038318.686420640908182 ] ] ] } },
{ "type": "Feature", "properties": { "id": 126, "snapped_id": 126, "centroid_lon": -8.68636, "centroid_lat": 41.17029, "radius": 213.197, "internal_id": 617998242925772799, "population": 1, "component": 0, "o_score_pt": 1008.5312360248784, "o_score_car": 1402.659466093208, "CDI": 0.16345792546483839, "log_population": 0.3010299956639812 }, "geometry": { "type": "Polygon", "coordinates": [ [ [ -966962.203756731119938, 5037497.422459456138313 ], [ -966962.203251458355226, 5037497.422304051928222 ], [ -966959.794945114990696, 5037487.853559002280235 ], [ -966962.203756731119938, 5037497.422459456138313 ] ] ] } },
{ "type": "Feature", "properties": { "id": 127, "snapped_id": 127, "centroid_lon": -8.61183, "centroid_lat": 41.15129, "radius": 213.154, "internal_id": 617998244046700543, "population": 588, "component": 0, "o_score_pt": 1432.2243785189628, "o_score_car": 1454.3146885601248, "CDI": 0.0076528706273548, "log_population": 2.7701152947871015 }, "geometry": { "type": "Polygon", "coordinates": [ [ [ -958726.445293845958076, 5034929.550778576172888 ], [ -958488.455295796040446, 5034856.1320830443874 ], [ -958426.233385999104939, 5034608.042959565296769 ], [ -958601.99305768951308, 5034434.896953521296382 ], [ -958839.975453981547616, 5034508.306701188907027 ], [ -958902.208949177642353, 5034756.393862848170102 ], [ -958726.445293845958076, 5034929.550778576172888 ] ] ] } },
{ "type": "Feature", "properties": { "id": 128, "snapped_id": 128, "centroid_lon": -8.61098, "centroid_lat": 41.17513, "radius": 213.143, "internal_id": 617998244138188799, "population": 1014, "component": 0, "o_score_pt": 1045.9144412730475, "o_score_car": 1414.4943167459428, "CDI": 0.1498043259160152, "log_population": 3.0064660422492318 }, "geometry": { "type": "Polygon", "coordinates": [ [ [ -958637.749952272628434, 5038480.176484153605998 ], [ -958375.105105724534951, 5038399.124506748281419 ], [ -958306.747586461366154, 5038126.564591874368489 ], [ -958501.022059104405344, 5037935.21028651855886 ], [ -958763.658551894593984, 5038016.252397949807346 ], [ -958832.028800765518099, 5038288.810145449824631 ], [ -958637.749952272628434, 5038480.176484153605998 ] ] ] } },
{ "type": "Feature", "properties": { "id": 129, "snapped_id": 129, "centroid_lon": -8.57223, "centroid_lat": 41.1644, "radius": 213.121, "internal_id": 617998243314008063, "population": 855, "component": 0, "o_score_pt": 902.73687779509839, "o_score_car": 1268.6136230047136, "CDI": 0.16850192775180481, "log_population": 2.932473764677153 }, "geometry": { "type": "Polygon", "coordinates": [ [ [ -954322.223439782625064, 5036886.24294801056385 ], [ -954067.40733039623592, 5036807.48434713948518 ], [ -954001.096166401403025, 5036542.600507853552699 ], [ -954189.589586943155155, 5036357.060360679402947 ], [ -954444.397592812194489, 5036435.809372450225055 ], [ -954510.721129567711614, 5036700.691127510741353 ], [ -954322.223439782625064, 5036886.24294801056385 ] ] ] } },
{ "type": "Feature", "properties": { "id": 130, "snapped_id": 130, "centroid_lon": -8.66303, "centroid_lat": 41.15973, "radius": 213.186, "internal_id": 617998242854207487, "population": 410, "component": 0, "o_score_pt": 1343.0995073236884, "o_score_car": 1472.7313204453606, "CDI": 0.046036790223075198, "log_population": 2.6138418218760693 }, "geometry": { "type": "Polygon", "coordinates": [ [ [ -964422.02511976333335, 5036161.530433726496994 ], [ -964200.143029331462458, 5036093.226789157837629 ], [ -964141.820275146514177, 5035861.242764171212912 ], [ -964305.368205020669848, 5035699.983449800871313 ], [ -964527.243170302826911, 5035768.278761043213308 ], [ -964585.576757890055887, 5036000.260937778279185 ], [ -964422.02511976333335, 5036161.530433726496994 ] ] ] } },
{ "type": "Feature", "properties": { "id": 131, "snapped_id": 131, "centroid_lon": -8.58881, "centroid_lat": 41.16139, "radius": 213.134, "internal_id": 617998244070555647, "population": 457, "component": 0, "o_score_pt": 1060.6500460468926, "o_score_car": 1347.9746351135911, "CDI": 0.1192898965596684, "log_population": 2.6608654780038692 }, "geometry": { "type": "Polygon", "coordinates": [ [ [ -956161.365208387258463, 5036412.147022757679224 ], [ -955934.752011458040215, 5036342.158748125657439 ], [ -955875.412609826424159, 5036105.308255023322999 ], [ -956042.678394687944092, 5035940.609854943118989 ], [ -956269.284340335405432, 5036010.589595156721771 ], [ -956328.634806905523874, 5036247.438230129890144 ], [ -956161.365208387258463, 5036412.147022757679224 ] ] ] } },
{ "type": "Feature", "properties": { "id": 132, "snapped_id": 132, "centroid_lon": -8.58624, "centroid_lat": 41.14706, "radius": 213.138, "internal_id": 617998244066623487, "population": 860, "component": 0, "o_score_pt": 1120.062296591356, "o_score_car": 1302.2859656715132, "CDI": 0.075226040746895095, "log_population": 2.935003151453655 }, "geometry": { "type": "Polygon", "coordinates": [ [ [ -955882.107104508439079, 5034321.70872435066849 ], [ -955627.053702585748397, 5034242.942250416614115 ], [ -955560.648919295985252, 5033977.856376836076379 ], [ -955749.286994116031565, 5033792.106066016480327 ], [ -956004.33228332339786, 5033870.862949238158762 ], [ -956070.749444760498591, 5034135.946730831637979 ], [ -955882.107104508439079, 5034321.70872435066849 ] ] ] } },
{ "type": "Feature", "properties": { "id": 133, "snapped_id": 133, "centroid_lon": -8.66562, "centroid_lat": 41.17407, "radius": 213.181, "internal_id": 617998240460832767, "population": 1822, "component": 0, "o_score_pt": 1158.8204176047882, "o_score_car": 1409.5179592812235, "CDI": 0.097610791448903306, "log_population": 3.2607866686549762 }, "geometry": { "type": "Polygon", "coordinates": [ [ [ -964721.096214388264343, 5038326.102788708172739 ], [ -964455.602420058101416, 5038244.36832489259541 ], [ -964386.392443308490328, 5037969.115075065754354 ], [ -964582.663409790140577, 5037775.598505478352308 ], [ -964848.148747663828544, 5037857.323019562289119 ], [ -964917.371575301280245, 5038132.57405246887356 ], [ -964721.096214388264343, 5038326.102788708172739 ] ] ] } },
{ "type": "Feature", "properties": { "id": 134, "snapped_id": 134, "centroid_lon": -8.58953, "centroid_lat": 41.17015, "radius": 213.13, "internal_id": 617998243812868095, "population": 553, "component": 0, "o_score_pt": 1038.8374773821956, "o_score_car": 1336.1015666006751, "CDI": 0.1251670395379729, "log_population": 2.7435097647284299 }, "geometry": { "type": "Polygon", "coordinates": [ [ [ -956243.044694996322505, 5037715.084807004779577 ], [ -956007.809898002073169, 5037642.42804158385843 ], [ -955946.324751872336492, 5037397.022399263456464 ], [ -956120.063478914205916, 5037225.95741905644536 ], [ -956355.290761685580947, 5037298.605329113081098 ], [ -956416.787372745922767, 5037544.009041379205883 ], [ -956243.044694996322505, 5037715.084807004779577 ] ] ] } },
{ "type": "Feature", "properties": { "id": 135, "snapped_id": 135, "centroid_lon": -8.64187, "centroid_lat": 41.17543, "radius": 213.164, "internal_id": 617998244121935871, "population": 655, "component": 0, "o_score_pt": 1313.3784944762272, "o_score_car": 1346.8455302102741, "CDI": 0.012580532851172501, "log_population": 2.8169038393756605 }, "geometry": { "type": "Polygon", "coordinates": [ [ [ -962072.069163584732451, 5038504.830291914753616 ], [ -961829.061410932336003, 5038429.93926758132875 ], [ -961765.51843025337439, 5038176.943066393956542 ], [ -961944.96934306784533, 5038000.08931025955826 ], [ -962187.969330833177082, 5038074.971209165640175 ], [ -962251.524127534474246, 5038327.965393067337573 ], [ -962072.069163584732451, 5038504.830291914753616 ] ] ] } },
{ "type": "Feature", "properties": { "id": 136, "snapped_id": 136, "centroid_lon": -8.61068, "centroid_lat": 41.15446, "radius": 213.152, "internal_id": 617998244074225663, "population": 693, "component": 0, "o_score_pt": 1400.2920835026748, "o_score_car": 1514.0444239299327, "CDI": 0.039031985543587097, "log_population": 2.8413594704548548 }, "geometry": { "type": "Polygon", "coordinates": [ [ [ -958601.054580098600127, 5035405.623620483092964 ], [ -958355.649744275258854, 5035329.910676265135407 ], [ -958291.584860843955539, 5035074.460080271586776 ], [ -958472.914793237112463, 5034895.833896219730377 ], [ -958718.311801877338439, 5034971.537616583518684 ], [ -958782.388614218332805, 5035226.986189481802285 ], [ -958601.054580098600127, 5035405.623620483092964 ] ] ] } },
{ "type": "Feature", "properties": { "id": 137, "snapped_id": 137, "centroid_lon": -8.66116, "centroid_lat": 41.15415, "radius": 213.187, "internal_id": 617998244153393151, "population": 1226, "component": 0, "o_score_pt": 1248.0260602880403, "o_score_car": 1438.601867194792, "CDI": 0.070934945980892297, "log_population": 3.0888445627270045 }, "geometry": { "type": "Polygon", "coordinates": [ [ [ -964225.313384916284122, 5035380.366042448207736 ], [ -963959.902866270276718, 5035298.66179290227592 ], [ -963890.726141142775305, 5035023.480195373296738 ], [ -964086.947090200497769, 5034830.005060264840722 ], [ -964352.349158627563156, 5034911.699363534338772 ], [ -964421.538728005136363, 5035186.878747694194317 ], [ -964225.313384916284122, 5035380.366042448207736 ] ] ] } },
{ "type": "Feature", "properties": { "id": 138, "snapped_id": 138, "centroid_lon": -8.60082, "centroid_lat": 41.17105, "radius": 213.138, "internal_id": 617998244129538047, "population": 296, "component": 0, "o_score_pt": 1029.2637672088088, "o_score_car": 1320.3413193735182, "CDI": 0.12388360658007549, "log_population": 2.4727564493172123 }, "geometry": { "type": "Polygon", "coordinates": [ [ [ -957493.56120460096281, 5037820.717089598067105 ], [ -957286.448029599152505, 5037756.777055634185672 ], [ -957231.933841534773819, 5037539.310102912597358 ], [ -957384.522435560706072, 5037389.039382758550346 ], [ -957591.628948054392822, 5037452.971609906293452 ], [ -957646.153298669029027, 5037670.436861370690167 ], [ -957493.56120460096281, 5037820.717089598067105 ] ] ] } },
{ "type": "Feature", "properties": { "id": 139, "snapped_id": 139, "centroid_lon": -8.58423, "centroid_lat": 41.17407, "radius": 213.125, "internal_id": 617998243809198079, "population": 888, "component": 0, "o_score_pt": 932.64325440577556, "o_score_car": 1319.6871262097995, "CDI": 0.1718415180717148, "log_population": 2.9489017609702137 }, "geometry": { "type": "Polygon", "coordinates": [ [ [ -955659.379957760684192, 5038316.764964825473726 ], [ -955402.792111166403629, 5038237.490663419477642 ], [ -955336.0099772043759, 5037970.877510135993361 ], [ -955525.803222072659992, 5037784.027803167700768 ], [ -955782.382906840997748, 5037863.292453240603209 ], [ -955849.177495018113405, 5038129.903501858003438 ], [ -955659.379957760684192, 5038316.764964825473726 ] ] ] } },
{ "type": "Feature", "properties": { "id": 140, "snapped_id": 140, "centroid_lon": -8.64457, "centroid_lat": 41.15717, "radius": 213.174, "internal_id": 617998244118265855, "population": 1420, "component": 0, "o_score_pt": 1285.8350554471956, "o_score_car": 1520.2719295176005, "CDI": 0.083545237343595397, "log_population": 3.1525940779274699 }, "geometry": { "type": "Polygon", "coordinates": [ [ [ -962378.770056546665728, 5035827.310177197679877 ], [ -962113.391691043856554, 5035745.553390978835523 ], [ -962044.266348383738659, 5035470.362959968857467 ], [ -962240.506524581694975, 5035276.9315200522542 ], [ -962505.876445392845199, 5035358.678354209288955 ], [ -962575.014634487684816, 5035633.866579852066934 ], [ -962378.770056546665728, 5035827.310177197679877 ] ] ] } },
{ "type": "Feature", "properties": { "id": 141, "snapped_id": 141, "centroid_lon": -8.56551, "centroid_lat": 41.15082, "radius": 213.122, "internal_id": 617998243312959487, "population": 324, "component": 0, "o_score_pt": 688.81023660937296, "o_score_car": 1126.4364923257599, "CDI": 0.24108362171411771, "log_population": 2.5118833609788744 }, "geometry": { "type": "Polygon", "coordinates": [ [ [ -953563.955551602761261, 5034833.351779343560338 ], [ -953352.910511066671461, 5034768.114016951061785 ], [ -953297.489963274332695, 5034546.6617471575737 ], [ -953453.114074097480625, 5034393.481963410042226 ], [ -953664.152342381072231, 5034458.711763245053589 ], [ -953719.583237436250784, 5034680.162312787957489 ], [ -953563.955551602761261, 5034833.351779343560338 ] ] ] } },
{ "type": "Feature", "properties": { "id": 142, "snapped_id": 142, "centroid_lon": -8.62528, "centroid_lat": 41.17845, "radius": 213.151, "internal_id": 617998244137140223, "population": 1658, "component": 0, "o_score_pt": 905.67505571737001, "o_score_car": 1360.0088908813937, "CDI": 0.2005283375230105, "log_population": 3.2198463860243605 }, "geometry": { "type": "Polygon", "coordinates": [ [ [ -960230.731161481235176, 5038974.160048821009696 ], [ -959965.326289417920634, 5038892.30410623550415 ], [ -959896.244084416772239, 5038617.039979566819966 ], [ -960092.553896103403531, 5038423.633992232382298 ], [ -960357.950325841549784, 5038505.479971728287637 ], [ -960427.045386009383947, 5038780.741901152767241 ], [ -960230.731161481235176, 5038974.160048821009696 ] ] ] } },
{ "type": "Feature", "properties": { "id": 143, "snapped_id": 143, "centroid_lon": -8.57337, "centroid_lat": 41.16124, "radius": 213.123, "internal_id": 617998243317940223, "population": 315, "component": 0, "o_score_pt": 859.98051362982744, "o_score_car": 1277.3797229676363, "CDI": 0.19528725302866151, "log_population": 2.4996870826184039 }, "geometry": { "type": "Polygon", "coordinates": [ [ [ -954438.445523606729694, 5036371.883156703785062 ], [ -954228.619550776085816, 5036307.035947732627392 ], [ -954173.485952068702318, 5036086.81299105938524 ], [ -954328.173667406081222, 5035934.542699165642262 ], [ -954537.992902279947884, 5035999.381992558948696 ], [ -954593.136792069650255, 5036219.603235893882811 ], [ -954438.445523606729694, 5036371.883156703785062 ] ] ] } },
{ "type": "Feature", "properties": { "id": 144, "snapped_id": 144, "centroid_lon": -8.63099, "centroid_lat": 41.16261, "radius": 213.162, "internal_id": 617998244113285119, "population": 1118, "component": 0, "o_score_pt": 1486.3925577652485, "o_score_car": 1495.4355082816658, "CDI": 0.0030326867666805998, "log_population": 3.04883008652835 }, "geometry": { "type": "Polygon", "coordinates": [ [ [ -960866.727249251911417, 5036630.883699149824679 ], [ -960601.364585843519308, 5036549.077560861594975 ], [ -960532.278550642426126, 5036273.869344021193683 ], [ -960728.542329387040809, 5036080.46946398448199 ], [ -960993.896551954327151, 5036162.265644758939743 ], [ -961062.995436408440582, 5036437.471662589348853 ], [ -960866.727249251911417, 5036630.883699149824679 ] ] ] } },
{ "type": "Feature", "properties": { "id": 145, "snapped_id": 145, "centroid_lon": -8.67733, "centroid_lat": 41.16305, "radius": 213.194, "internal_id": 617998242853158911, "population": 369, "component": 0, "o_score_pt": 1216.7081359183576, "o_score_car": 1427.3279645835985, "CDI": 0.079658454219008495, "log_population": 2.568201724066995 }, "geometry": { "type": "Polygon", "coordinates": [ [ [ -966013.61644317698665, 5036646.834843492135406 ], [ -965796.440920513588935, 5036580.01913473661989 ], [ -965739.262243395787664, 5036352.738468266092241 ], [ -965899.245781586272642, 5036194.95534064527601 ], [ -966116.414318874944001, 5036261.762894921936095 ], [ -966173.603609999758191, 5036489.041747139766812 ], [ -966013.61644317698665, 5036646.834843492135406 ] ] ] } },
{ "type": "Feature", "properties": { "id": 146, "snapped_id": 146, "centroid_lon": -8.60754, "centroid_lat": 41.18464, "radius": 213.136, "internal_id": 617998243883384831, "population": 240, "component": 0, "o_score_pt": 993.47452767684479, "o_score_car": 1344.7717772080073, "CDI": 0.15023962565332141, "log_population": 2.3820170425748683 }, "geometry": { "type": "Polygon", "coordinates": [ [ [ -958239.720131742302328, 5039819.84096822142601 ], [ -958041.987968073342927, 5039758.804526476189494 ], [ -957989.795320149394684, 5039550.665986301377416 ], [ -958135.317902339738794, 5039407.348244253546 ], [ -958333.043686104938388, 5039468.377228614874184 ], [ -958385.246063473518007, 5039676.514142880216241 ], [ -958239.720131742302328, 5039819.84096822142601 ] ] ] } },
{ "type": "Feature", "properties": { "id": 147, "snapped_id": 147, "centroid_lon": -8.58095, "centroid_lat": 41.15098, "radius": 213.133, "internal_id": 617998244062953471, "population": 306, "component": 0, "o_score_pt": 1033.6681850412338, "o_score_car": 1284.4124251977339, "CDI": 0.1081689045018376, "log_population": 2.4871383754771865 }, "geometry": { "type": "Polygon", "coordinates": [ [ [ -955281.73380047804676, 5034853.964632117189467 ], [ -955073.2277935288148, 5034789.555022051557899 ], [ -955018.406921076122671, 5034570.657875075936317 ], [ -955172.090982200112194, 5034419.34487010538578 ], [ -955380.590290483320132, 5034483.746616950258613 ], [ -955435.421390299103223, 5034702.642058845609426 ], [ -955281.73380047804676, 5034853.964632117189467 ] ] ] } },
{ "type": "Feature", "properties": { "id": 148, "snapped_id": 148, "centroid_lon": -8.60053, "centroid_lat": 41.15038, "radius": 213.147, "internal_id": 617998244065574911, "population": 850, "component": 0, "o_score_pt": 1340.008103177458, "o_score_car": 1357.1548662981236, "CDI": 0.0063573329882988996, "log_population": 2.929929560084588 }, "geometry": { "type": "Polygon", "coordinates": [ [ [ -957473.288285839371383, 5034812.437851120717824 ], [ -957218.71484114183113, 5034733.865377374924719 ], [ -957152.393441771389917, 5034469.290552171878517 ], [ -957340.634606778156012, 5034283.886143212206662 ], [ -957595.199948919937015, 5034362.449049239046872 ], [ -957661.533702216809615, 5034627.021779826842248 ], [ -957473.288285839371383, 5034812.437851120717824 ] ] ] } },
{ "type": "Feature", "properties": { "id": 149, "snapped_id": 149, "centroid_lon": -8.66261, "centroid_lat": 41.17166, "radius": 213.18, "internal_id": 617998240459784191, "population": 1755, "component": 0, "o_score_pt": 1421.9327992463914, "o_score_car": 1481.0725910261376, "CDI": 0.020371919383241, "log_population": 3.2445245115700838 }, "geometry": { "type": "Polygon", "coordinates": [ [ [ -964386.392443308490328, 5037969.115075065754354 ], [ -964120.915139972348697, 5037887.377414720132947 ], [ -964051.717258104472421, 5037612.133135347627103 ], [ -964247.983829110278748, 5037418.628731089644134 ], [ -964513.452677669702098, 5037500.356441371142864 ], [ -964582.663409790140577, 5037775.598505478352308 ], [ -964386.392443308490328, 5037969.115075065754354 ] ] ] } },
{ "type": "Feature", "properties": { "id": 150, "snapped_id": 150, "centroid_lon": -8.63886, "centroid_lat": 41.17302, "radius": 213.163, "internal_id": 617998244120887295, "population": 1428, "component": 0, "o_score_pt": 1362.17723687066, "o_score_car": 1428.6118407621109, "CDI": 0.0238049533817878, "log_population": 3.1550322287909704 }, "geometry": { "type": "Polygon", "coordinates": [ [ [ -961743.088598307571374, 5038170.655481095425785 ], [ -961477.668004884035327, 5038088.848917842842638 ], [ -961408.546472749789245, 5037813.602572092786431 ], [ -961604.832681482308544, 5037620.164992706850171 ], [ -961870.244828726397827, 5037701.961598323658109 ], [ -961939.379213208914734, 5037977.205740467645228 ], [ -961743.088598307571374, 5038170.655481095425785 ] ] ] } },
{ "type": "Feature", "properties": { "id": 151, "snapped_id": 151, "centroid_lon": -8.5748, "centroid_lat": 41.17874, "radius": 213.116, "internal_id": 617998243811819519, "population": 387, "component": 0, "o_score_pt": 713.0496240190472, "o_score_car": 1216.876492643976, "CDI": 0.261060184778514, "log_population": 2.5888317255942073 }, "geometry": { "type": "Polygon", "coordinates": [ [ [ -954599.428057460230775, 5038969.706650262698531 ], [ -954380.278372918604873, 5038901.967180137522519 ], [ -954322.824678874341771, 5038672.494670986197889 ], [ -954484.508998735575005, 5038513.350182230584323 ], [ -954703.651660344912671, 5038581.081389048136771 ], [ -954761.116079080384225, 5038810.552106977440417 ], [ -954599.428057460230775, 5038969.706650262698531 ] ] ] } },
{ "type": "Feature", "properties": { "id": 152, "snapped_id": 152, "centroid_lon": -8.67505, "centroid_lat": 41.16939, "radius": 213.19, "internal_id": 617998242860761087, "population": 5, "component": 0, "o_score_pt": 1102.4722049759375, "o_score_car": 1376.2960162504171, "CDI": 0.11046769477261049, "log_population": 0.77815125038364363 }, "geometry": { "type": "Polygon", "coordinates": [ [ [ -965713.130208563059568, 5037394.414715425111353 ], [ -965682.182370191672817, 5037384.89166471362114 ], [ -965671.49245406803675, 5037342.395725638605654 ], [ -965691.725876946002245, 5037322.442209851928055 ], [ -965722.672408069833182, 5037331.964002411812544 ], [ -965733.364333347184584, 5037374.459699338302016 ], [ -965713.130208563059568, 5037394.414715425111353 ] ] ] } },
{ "type": "Feature", "properties": { "id": 153, "snapped_id": 153, "centroid_lon": -8.60768, "centroid_lat": 41.15204, "radius": 213.151, "internal_id": 617998244073177087, "population": 565, "component": 0, "o_score_pt": 1471.5708714073801, "o_score_car": 1445.9647514062824, "CDI": -0.0087766263420642997, "log_population": 2.7528164311882715 }, "geometry": { "type": "Polygon", "coordinates": [ [ [ -958264.471149148186669, 5035039.210112310014665 ], [ -958028.286735478206538, 5034966.334534049965441 ], [ -957966.523817458422855, 5034720.027678720653057 ], [ -958140.937206462724134, 5034548.221837440505624 ], [ -958377.114074250566773, 5034621.088533299975097 ], [ -958438.888495044666342, 5034867.393443552777171 ], [ -958264.471149148186669, 5035039.210112310014665 ] ] ] } },
{ "type": "Feature", "properties": { "id": 154, "snapped_id": 154, "centroid_lon": -8.65816, "centroid_lat": 41.15173, "radius": 213.186, "internal_id": 617998244152344575, "population": 857, "component": 0, "o_score_pt": 1163.885794739585, "o_score_car": 1437.255978551156, "CDI": 0.1050962260568083, "log_population": 2.9334872878487053 }, "geometry": { "type": "Polygon", "coordinates": [ [ [ -963888.156215233029798, 5035012.971481781452894 ], [ -963633.064140450209379, 5034934.435731647536159 ], [ -963566.468937663710676, 5034669.485644813627005 ], [ -963754.953939440543763, 5034483.645720602013171 ], [ -964010.03787946945522, 5034562.171905867755413 ], [ -964076.645449839765206, 5034827.119867531582713 ], [ -963888.156215233029798, 5035012.971481781452894 ] ] ] } },
{ "type": "Feature", "properties": { "id": 155, "snapped_id": 155, "centroid_lon": -8.64115, "centroid_lat": 41.16668, "radius": 213.168, "internal_id": 617998244110663679, "population": 685, "component": 0, "o_score_pt": 1407.1588167921448, "o_score_car": 1506.6068013686704, "CDI": 0.034130399492906902, "log_population": 2.8363241157067516 }, "geometry": { "type": "Polygon", "coordinates": [ [ [ -961992.304539788281545, 5037212.459688285365701 ], [ -961747.308304220205173, 5037136.961791892535985 ], [ -961683.271623633801937, 5036881.989996530115604 ], [ -961864.218656278564595, 5036703.654511458240449 ], [ -962109.207067552139051, 5036779.143209276720881 ], [ -962173.255654757609591, 5037034.112971267662942 ], [ -961992.304539788281545, 5037212.459688285365701 ] ] ] } },
{ "type": "Feature", "properties": { "id": 156, "snapped_id": 156, "centroid_lon": -8.61512, "centroid_lat": 41.17438, "radius": 213.146, "internal_id": 617998244128489471, "population": 764, "component": 0, "o_score_pt": 1054.7212180336132, "o_score_car": 1443.7382938015712, "CDI": 0.15570277361917889, "log_population": 2.8836614351536176 }, "geometry": { "type": "Polygon", "coordinates": [ [ [ -959096.249190237256698, 5038355.648633263073862 ], [ -958846.366754655493423, 5038278.549836469814181 ], [ -958781.175924658658914, 5038018.66683070268482 ], [ -958965.854669386288151, 5037836.74928841739893 ], [ -959215.729138241615146, 5037913.838694786652923 ], [ -959280.932106752647087, 5038173.719637602567673 ], [ -959096.249190237256698, 5038355.648633263073862 ] ] ] } },
{ "type": "Feature", "properties": { "id": 157, "snapped_id": 157, "centroid_lon": -8.58195, "centroid_lat": 41.1804, "radius": 213.121, "internal_id": 617998243819421695, "population": 688, "component": 0, "o_score_pt": 858.24376900195864, "o_score_car": 1254.4130445319011, "CDI": 0.1875218317485586, "log_population": 2.8382192219076257 }, "geometry": { "type": "Polygon", "coordinates": [ [ [ -955401.742864878615364, 5039242.125097658485174 ], [ -955156.64537818392273, 5039166.387186701409519 ], [ -955092.725487405434251, 5038911.17442399635911 ], [ -955273.890313116367906, 5038732.833819454535842 ], [ -955518.979986915248446, 5038808.562504698522389 ], [ -955582.911801863112487, 5039063.773258646950126 ], [ -955401.742864878615364, 5039242.125097658485174 ] ] ] } },
{ "type": "Feature", "properties": { "id": 158, "snapped_id": 158, "centroid_lon": -8.63857, "centroid_lat": 41.15234, "radius": 213.172, "internal_id": 617998244056924159, "population": 169, "component": 0, "o_score_pt": 1252.5244663923841, "o_score_car": 1489.5440818631771, "CDI": 0.086438253201795198, "log_population": 2.2304489213782741 }, "geometry": { "type": "Polygon", "coordinates": [ [ [ -961689.000461955554783, 5035028.327408174052835 ], [ -961507.064647061750293, 5034972.26597155816853 ], [ -961458.749280662159435, 5034779.866075077094138 ], [ -961592.366705249063671, 5034648.171726055443287 ], [ -961774.296617226209491, 5034704.226303066127002 ], [ -961822.620973844430409, 5034896.624695354141295 ], [ -961689.000461955554783, 5035028.327408174052835 ] ] ] } },
{ "type": "Feature", "properties": { "id": 159, "snapped_id": 159, "centroid_lon": -8.57566, "centroid_lat": 41.1549, "radius": 213.128, "internal_id": 617998243310338047, "population": 748, "component": 0, "o_score_pt": 807.96232596016296, "o_score_car": 1206.529808337639, "CDI": 0.19785010603499131, "log_population": 2.8744818176994666 }, "geometry": { "type": "Polygon", "coordinates": [ [ [ -954702.906181484344415, 5035474.781195268966258 ], [ -954454.141919169342145, 5035397.913847912102938 ], [ -954389.32648234104272, 5035139.045125500299037 ], [ -954573.265549542964436, 5034957.965897704474628 ], [ -954822.021892128163017, 5035034.823883241042495 ], [ -954886.849419553065673, 5035293.690570140257478 ], [ -954702.906181484344415, 5035474.781195268966258 ] ] ] } },
{ "type": "Feature", "properties": { "id": 160, "snapped_id": 160, "centroid_lon": -8.6144, "centroid_lat": 41.16562, "radius": 213.15, "internal_id": 617998244134518783, "population": 1123, "component": 0, "o_score_pt": 1195.3182697925165, "o_score_car": 1437.9930726795585, "CDI": 0.092155758027163595, "log_population": 3.0507663112330423 }, "geometry": { "type": "Polygon", "coordinates": [ [ [ -959020.204237153055146, 5037077.119164279662073 ], [ -958754.873807279509492, 5036995.260504771023989 ], [ -958685.839174528489821, 5036720.043511904776096 ], [ -958882.122120016720146, 5036526.687369056977332 ], [ -959147.444114585639909, 5036608.536065268330276 ], [ -959216.491598762455396, 5036883.750867133960128 ], [ -959020.204237153055146, 5037077.119164279662073 ] ] ] } },
{ "type": "Feature", "properties": { "id": 161, "snapped_id": 161, "centroid_lon": -8.56251, "centroid_lat": 41.14841, "radius": 213.121, "internal_id": 617998243311910911, "population": 85, "component": 0, "o_score_pt": 605.92148790514864, "o_score_car": 1097.5033865288101, "CDI": 0.28858443128406941, "log_population": 1.9344984512435677 }, "geometry": { "type": "Polygon", "coordinates": [ [ [ -953215.036996902315877, 5034414.996326082386076 ], [ -953064.003023808938451, 5034368.304359007626772 ], [ -953023.494086599443108, 5034206.413602289743721 ], [ -953134.034937753924169, 5034097.613350148312747 ], [ -953285.0639596383553, 5034144.299585740081966 ], [ -953325.580468857311644, 5034306.189117230474949 ], [ -953215.036996902315877, 5034414.996326082386076 ] ] ] } },
{ "type": "Feature", "properties": { "id": 162, "snapped_id": 162, "centroid_lon": -8.62227, "centroid_lat": 41.17604, "radius": 213.15, "internal_id": 617998244136091647, "population": 1648, "component": 0, "o_score_pt": 943.66233167642042, "o_score_car": 1381.027301263493, "CDI": 0.18813908032701979, "log_population": 3.2172206556445189 }, "geometry": { "type": "Polygon", "coordinates": [ [ [ -959896.244084416772239, 5038617.039979566819966 ], [ -959630.855714589939453, 5038535.180862843059003 ], [ -959561.785597301786765, 5038259.925722697749734 ], [ -959758.090995104401372, 5038066.531894377432764 ], [ -960023.470924287452362, 5038148.381047680974007 ], [ -960092.553896103403531, 5038423.633992232382298 ], [ -959896.244084416772239, 5038617.039979566819966 ] ] ] } },
{ "type": "Feature", "properties": { "id": 163, "snapped_id": 163, "centroid_lon": -8.62198, "centroid_lat": 41.15536, "radius": 213.159, "internal_id": 617998244055351295, "population": 577, "component": 0, "o_score_pt": 1422.1073321485112, "o_score_car": 1516.8378196312526, "CDI": 0.032232819120620398, "log_population": 2.761927838420529 }, "geometry": { "type": "Polygon", "coordinates": [ [ [ -959856.458322514081374, 5035531.14938675519079 ], [ -959619.282258245162666, 5035458.010490322485566 ], [ -959557.239328792900778, 5035210.753374430350959 ], [ -959732.363000501762144, 5035038.206024773418903 ], [ -959969.531484698643908, 5035111.336006824858487 ], [ -960031.585960804950446, 5035358.591163261793554 ], [ -959856.458322514081374, 5035531.14938675519079 ] ] ] } },
{ "type": "Feature", "properties": { "id": 164, "snapped_id": 164, "centroid_lon": -8.67433, "centroid_lat": 41.16063, "radius": 213.193, "internal_id": 617998242852110335, "population": 536, "component": 0, "o_score_pt": 1178.3356597479112, "o_score_car": 1439.3480241935993, "CDI": 0.099711193543704002, "log_population": 2.7299742856995555 }, "geometry": { "type": "Polygon", "coordinates": [ [ [ -965683.096518738428131, 5036307.109771179035306 ], [ -965449.105173153686337, 5036235.113255579024553 ], [ -965387.735698416596279, 5035991.139836105518043 ], [ -965560.345073962118477, 5035820.911419047042727 ], [ -965794.32892246695701, 5035892.899156592786312 ], [ -965855.709788368782029, 5036136.870621206238866 ], [ -965683.096518738428131, 5036307.109771179035306 ] ] ] } },
{ "type": "Feature", "properties": { "id": 165, "snapped_id": 165, "centroid_lon": -8.60454, "centroid_lat": 41.18222, "radius": 213.135, "internal_id": 617998243882336255, "population": 31, "component": 0, "o_score_pt": 1005.3139893755748, "o_score_car": 1341.3452184047303, "CDI": 0.1431955811542853, "log_population": 1.505149978319906 }, "geometry": { "type": "Polygon", "coordinates": [ [ [ -957882.621691350708716, 5039369.586610018275678 ], [ -957776.085236956598237, 5039336.697363181039691 ], [ -957746.593125463696197, 5039219.069313616491854 ], [ -957823.618337842053734, 5039143.214185672812164 ], [ -957930.151185895665549, 5039176.099361869506538 ], [ -957959.648808798287064, 5039293.726544982753694 ], [ -957882.621691350708716, 5039369.586610018275678 ] ] ] } },
{ "type": "Feature", "properties": { "id": 166, "snapped_id": 166, "centroid_lon": -8.59753, "centroid_lat": 41.14797, "radius": 213.146, "internal_id": 617998244064526335, "population": 1056, "component": 0, "o_score_pt": 1435.4761505547497, "o_score_car": 1387.4050353695825, "CDI": -0.017029096167725001, "log_population": 3.0240749873074262 }, "geometry": { "type": "Polygon", "coordinates": [ [ [ -957141.509498944156803, 5034465.399054178968072 ], [ -956877.165947566274554, 5034383.802884662523866 ], [ -956808.421778425341472, 5034109.523902783170342 ], [ -957004.008494477369823, 5033916.892403303645551 ], [ -957268.343647639965639, 5033998.478641331195831 ], [ -957337.100622527766973, 5034272.755449022166431 ], [ -957141.509498944156803, 5034465.399054178968072 ] ] ] } },
{ "type": "Feature", "properties": { "id": 167, "snapped_id": 167, "centroid_lon": -8.57179, "centroid_lat": 41.17632, "radius": 213.115, "internal_id": 617998243810770943, "population": 331, "component": 0, "o_score_pt": 827.13452172748418, "o_score_car": 1171.5788898727119, "CDI": 0.17233304492086279, "log_population": 2.5211380837040362 }, "geometry": { "type": "Polygon", "coordinates": [ [ [ -954263.488978456938639, 5038605.270454996265471 ], [ -954051.390119075658731, 5038539.703808871097863 ], [ -953995.694957280647941, 5038317.223244123160839 ], [ -954152.088270451175049, 5038163.292847253382206 ], [ -954364.180321881896816, 5038228.851491495035589 ], [ -954419.885882307658903, 5038451.330324452370405 ], [ -954263.488978456938639, 5038605.270454996265471 ] ] ] } },
{ "type": "Feature", "properties": { "id": 168, "snapped_id": 168, "centroid_lon": -8.65317, "centroid_lat": 41.17634, "radius": 213.172, "internal_id": 617998244119838719, "population": 121, "component": 0, "o_score_pt": 1382.5637824477487, "o_score_car": 1455.3152883188709, "CDI": 0.025635872444511501, "log_population": 2.0863598306747484 }, "geometry": { "type": "Polygon", "coordinates": [ [ [ -963311.241040577413514, 5038560.963017225265503 ], [ -963144.200853961519897, 5038509.508823391981423 ], [ -963099.575604196288623, 5038331.927661463618279 ], [ -963221.971118162502535, 5038211.279129802249372 ], [ -963389.005851169116795, 5038262.72701863758266 ], [ -963433.639403257053345, 5038440.306796555407345 ], [ -963311.241040577413514, 5038560.963017225265503 ] ] ] } },
{ "type": "Feature", "properties": { "id": 169, "snapped_id": 169, "centroid_lon": -8.66831, "centroid_lat": 41.15581, "radius": 213.191, "internal_id": 617998242859712511, "population": 950, "component": 0, "o_score_pt": 1221.6874749850731, "o_score_car": 1467.9010233133122, "CDI": 0.091543203907962098, "log_population": 2.9781805169374138 }, "geometry": { "type": "Polygon", "coordinates": [ [ [ -965020.182952915434726, 5035619.678725443780422 ], [ -964760.402129830326885, 5035539.730893386527896 ], [ -964692.611336871166714, 5035270.153010119684041 ], [ -964884.588819283875637, 5035080.838973834179342 ], [ -965144.361361397779547, 5035160.77707084454596 ], [ -965212.16473743354436, 5035430.352784703485668 ], [ -965020.182952915434726, 5035619.678725443780422 ] ] ] } },
{ "type": "Feature", "properties": { "id": 170, "snapped_id": 170, "centroid_lon": -8.59296, "centroid_lat": 41.16064, "radius": 213.137, "internal_id": 617998244072128511, "population": 1292, "component": 0, "o_score_pt": 1141.8404996220841, "o_score_car": 1421.598770248683, "CDI": 0.1091339568347576, "log_population": 3.1115985248803941 }, "geometry": { "type": "Polygon", "coordinates": [ [ [ -956632.525178189389408, 5036340.195791506208479 ], [ -956367.268458870472386, 5036258.28828554507345 ], [ -956298.308617135626264, 5035983.09172304533422 ], [ -956494.592643380747177, 5035789.804846072569489 ], [ -956759.840936588821933, 5035871.702383422292769 ], [ -956828.813629453885369, 5036146.89676586445421 ], [ -956632.525178189389408, 5036340.195791506208479 ] ] ] } },
{ "type": "Feature", "properties": { "id": 171, "snapped_id": 171, "centroid_lon": -8.61111, "centroid_lat": 41.14253, "radius": 213.158, "internal_id": 617998244103061503, "population": 1075, "component": 0, "o_score_pt": 1266.9424189573299, "o_score_car": 1392.2094803737093, "CDI": 0.047107899871343298, "log_population": 3.0318122713303706 }, "geometry": { "type": "Polygon", "coordinates": [ [ [ -958653.390678461291827, 5033663.35857324115932 ], [ -958388.227102836128324, 5033581.563440716825426 ], [ -958319.24357291997876, 5033306.50396005064249 ], [ -958515.410791611066088, 5033113.245994201861322 ], [ -958780.565940735279582, 5033195.031170804053545 ], [ -958849.562310778652318, 5033470.088464258238673 ], [ -958653.390678461291827, 5033663.35857324115932 ] ] ] } },
{ "type": "Feature", "properties": { "id": 172, "snapped_id": 172, "centroid_lon": -8.61212, "centroid_lat": 41.17196, "radius": 213.145, "internal_id": 617998244127440895, "population": 670, "component": 0, "o_score_pt": 1092.1744732605362, "o_score_car": 1473.2919004203616, "CDI": 0.1485567813594075, "log_population": 2.8267225201689921 }, "geometry": { "type": "Polygon", "coordinates": [ [ [ -958760.366849216050468, 5037992.483750655315816 ], [ -958516.420868413406424, 5037917.208996757864952 ], [ -958452.71526005724445, 5037663.210662472993135 ], [ -958632.943213684135117, 5037485.684530788101256 ], [ -958876.881409378373064, 5037560.950113789178431 ], [ -958940.598881859565154, 5037814.946435963734984 ], [ -958760.366849216050468, 5037992.483750655315816 ] ] ] } },
{ "type": "Feature", "properties": { "id": 173, "snapped_id": 173, "centroid_lon": -8.61225, "centroid_lat": 41.13937, "radius": 213.16, "internal_id": 617998244103585791, "population": 408, "component": 0, "o_score_pt": 1250.6244038944069, "o_score_car": 1393.595856003674, "CDI": 0.054069418602358803, "log_population": 2.6117233080073419 }, "geometry": { "type": "Polygon", "coordinates": [ [ [ -958769.728768972214311, 5033150.344739705324173 ], [ -958548.242748576332815, 5033082.02898814342916 ], [ -958490.128040542011149, 5032850.318990367464721 ], [ -958653.497157496283762, 5032689.36618643719703 ], [ -958874.976078846957535, 5032757.673603996634483 ], [ -958933.10160747054033, 5032989.38177733682096 ], [ -958769.728768972214311, 5033150.344739705324173 ] ] ] } },
{ "type": "Feature", "properties": { "id": 174, "snapped_id": 174, "centroid_lon": -8.64373, "centroid_lat": 41.18102, "radius": 213.163, "internal_id": 617998240473939967, "population": 428, "component": 0, "o_score_pt": 1194.4070161702552, "o_score_car": 1374.3168115584544, "CDI": 0.070038590153647301, "log_population": 2.632457292184724 }, "geometry": { "type": "Polygon", "coordinates": [ [ [ -962274.735049718758091, 5039311.065591872669756 ], [ -962050.890825696988031, 5039242.081226583570242 ], [ -961992.120374894235283, 5039008.108044416643679 ], [ -962157.177727658883668, 5038845.439558095298707 ], [ -962381.014769333763979, 5038914.415508843958378 ], [ -962439.79615070996806, 5039148.386833446100354 ], [ -962274.735049718758091, 5039311.065591872669756 ] ] ] } },
{ "type": "Feature", "properties": { "id": 175, "snapped_id": 175, "centroid_lon": -8.63556, "centroid_lat": 41.14993, "radius": 213.171, "internal_id": 617998244055875583, "population": 204, "component": 0, "o_score_pt": 1160.5122004087384, "o_score_car": 1463.2407902634673, "CDI": 0.1153799884863284, "log_population": 2.3117538610557542 }, "geometry": { "type": "Polygon", "coordinates": [ [ [ -961356.664140472770669, 5034680.02071132697165 ], [ -961166.286013766541146, 5034621.35195058118552 ], [ -961115.872212336747907, 5034420.567180028185248 ], [ -961255.834070870419964, 5034282.625280729494989 ], [ -961446.206038513802923, 5034341.28686809912324 ], [ -961496.629220498492941, 5034542.070064870640635 ], [ -961356.664140472770669, 5034680.02071132697165 ] ] ] } },
{ "type": "Feature", "properties": { "id": 176, "snapped_id": 176, "centroid_lon": -8.61555, "centroid_lat": 41.16245, "radius": 213.152, "internal_id": 617998244135043071, "population": 1167, "component": 0, "o_score_pt": 1264.9381032674785, "o_score_car": 1472.6067194546465, "CDI": 0.0758594396203051, "log_population": 3.0674428427763805 }, "geometry": { "type": "Polygon", "coordinates": [ [ [ -959147.444114585639909, 5036608.536065268330276 ], [ -958882.122120016720146, 5036526.687369056977332 ], [ -958813.086717659956776, 5036251.481556511484087 ], [ -959009.360459417803213, 5036058.126631043851376 ], [ -959274.674018977792002, 5036139.96536507550627 ], [ -959343.722271578735672, 5036415.168986263684928 ], [ -959147.444114585639909, 5036608.536065268330276 ] ] ] } },
{ "type": "Feature", "properties": { "id": 177, "snapped_id": 177, "centroid_lon": -8.5768, "centroid_lat": 41.15173, "radius": 213.13, "internal_id": 617998243310862335, "population": 112, "component": 0, "o_score_pt": 932.00418559179502, "o_score_car": 1289.519628893891, "CDI": 0.16093252792109539, "log_population": 2.0530784434834199 }, "geometry": { "type": "Polygon", "coordinates": [ [ [ -954809.053928185254335, 5034919.243883097544312 ], [ -954645.665832815342583, 5034868.762035115621984 ], [ -954602.066719485679641, 5034694.639000298455358 ], [ -954721.864063783898018, 5034576.69944394659251 ], [ -954885.246830717660487, 5034627.175104421563447 ], [ -954928.85408574482426, 5034801.296808178536594 ], [ -954809.053928185254335, 5034919.243883097544312 ] ] ] } },
{ "type": "Feature", "properties": { "id": 178, "snapped_id": 178, "centroid_lon": -8.64229, "centroid_lat": 41.16351, "radius": 213.17, "internal_id": 617998244111187967, "population": 450, "component": 0, "o_score_pt": 1466.426136334188, "o_score_car": 1518.1422076697361, "CDI": 0.017327822778609399, "log_population": 2.6541765418779604 }, "geometry": { "type": "Polygon", "coordinates": [ [ [ -962114.718285996699706, 5036724.464113887399435 ], [ -961888.674430911778472, 5036654.81283454131335 ], [ -961829.358977555762976, 5036418.651524350978434 ], [ -961996.075953201856464, 5036254.334053890779614 ], [ -962222.112561019952409, 5036323.976838215254247 ], [ -962281.43904421501793, 5036560.136273396201432 ], [ -962114.718285996699706, 5036724.464113887399435 ] ] ] } },
{ "type": "Feature", "properties": { "id": 179, "snapped_id": 179, "centroid_lon": -8.58281, "centroid_lat": 41.15656, "radius": 213.132, "internal_id": 617998244063477759, "population": 183, "component": 0, "o_score_pt": 1010.5983458768026, "o_score_car": 1303.6416928605356, "CDI": 0.12662616758787859, "log_population": 2.2648178230095364 }, "geometry": { "type": "Polygon", "coordinates": [ [ [ -955482.768039222690277, 5035655.90550659969449 ], [ -955297.349153419607319, 5035598.628349343314767 ], [ -955248.264130168943666, 5035402.651916714385152 ], [ -955384.598455227329396, 5035268.421020964160562 ], [ -955570.011342422338203, 5035325.69117315672338 ], [ -955619.105525854625739, 5035521.666090810671449 ], [ -955482.768039222690277, 5035655.90550659969449 ] ] ] } },
{ "type": "Feature", "properties": { "id": 180, "snapped_id": 180, "centroid_lon": -8.67391, "centroid_lat": 41.17256, "radius": 213.188, "internal_id": 617998240457687039, "population": 449, "component": 0, "o_score_pt": 1233.0414040484427, "o_score_car": 1470.1095240741272, "CDI": 0.087700659833424899, "log_population": 2.6532125137753435 }, "geometry": { "type": "Polygon", "coordinates": [ [ [ -965634.804306109901518, 5038062.205716944299638 ], [ -965408.761250433512032, 5037992.643088744021952 ], [ -965349.376429126481526, 5037756.556693532504141 ], [ -965516.019060878548771, 5037592.226038757711649 ], [ -965742.054860710049979, 5037661.780182046815753 ], [ -965801.450707811280154, 5037897.864689309149981 ], [ -965634.804306109901518, 5038062.205716944299638 ] ] ] } },
{ "type": "Feature", "properties": { "id": 181, "snapped_id": 181, "centroid_lon": -8.57452, "centroid_lat": 41.15807, "radius": 213.125, "internal_id": 617998243318464511, "population": 1767, "component": 0, "o_score_pt": 856.855174513728, "o_score_car": 1201.5653524125194, "CDI": 0.16746343781051021, "log_population": 3.2474822606770544 }, "geometry": { "type": "Polygon", "coordinates": [ [ [ -954579.606298988685012, 5035959.971303924918175 ], [ -954314.406829093000852, 5035878.018158653751016 ], [ -954245.509688621736132, 5035602.833078184165061 ], [ -954441.799166372395121, 5035409.603313251398504 ], [ -954706.990217672428116, 5035491.546484936960042 ], [ -954775.900209609186277, 5035766.729394645430148 ], [ -954579.606298988685012, 5035959.971303924918175 ] ] ] } },
{ "type": "Feature", "properties": { "id": 182, "snapped_id": 182, "centroid_lon": -8.65017, "centroid_lat": 41.17392, "radius": 213.171, "internal_id": 617998244118790143, "population": 1, "component": 0, "o_score_pt": 1312.7591580991025, "o_score_car": 1428.684657693587, "CDI": 0.042286294151523497, "log_population": 0.3010299956639812 }, "geometry": { "type": "Polygon", "coordinates": [ [ [ -962933.451247840188444, 5038034.961151759140193 ], [ -962933.450739928986877, 5038034.960995288565755 ], [ -962931.033565046382137, 5038025.34075150359422 ], [ -962933.451247840188444, 5038034.961151759140193 ] ] ] } },
{ "type": "Feature", "properties": { "id": 183, "snapped_id": 183, "centroid_lon": -8.56666, "centroid_lat": 41.14765, "radius": 213.125, "internal_id": 617998243350446079, "population": 171, "component": 0, "o_score_pt": 662.1067113260608, "o_score_car": 1130.9980227519122, "CDI": 0.2614968900112567, "log_population": 2.2355284469075487 }, "geometry": { "type": "Polygon", "coordinates": [ [ [ -953684.223841552855447, 5034335.682381259277463 ], [ -953501.903741129208356, 5034279.32907740958035 ], [ -953453.616792890126817, 5034086.391640838235617 ], [ -953587.657849509152584, 5033954.450553209520876 ], [ -953769.972049087635241, 5034010.796963257715106 ], [ -953818.2680155467242, 5034203.732915797270834 ], [ -953684.223841552855447, 5034335.682381259277463 ] ] ] } },
{ "type": "Feature", "properties": { "id": 184, "snapped_id": 184, "centroid_lon": -8.59181, "centroid_lat": 41.16381, "radius": 213.135, "internal_id": 617998244071604223, "population": 459, "component": 0, "o_score_pt": 1102.6848853731949, "o_score_car": 1375.3096177765703, "CDI": 0.1100182958666145, "log_population": 2.6627578316815743 }, "geometry": { "type": "Polygon", "coordinates": [ [ [ -956495.636939821531996, 5036769.471348241902888 ], [ -956268.812499868450686, 5036699.424884000793099 ], [ -956209.413913773023523, 5036462.371923992410302 ], [ -956376.830934163299389, 5036297.517966440878808 ], [ -956603.648115443531424, 5036367.555889233015478 ], [ -956663.057776108966209, 5036604.606988091953099 ], [ -956495.636939821531996, 5036769.471348241902888 ] ] ] } },
{ "type": "Feature", "properties": { "id": 185, "snapped_id": 185, "centroid_lon": -8.58609, "centroid_lat": 41.17965, "radius": 213.124, "internal_id": 617998243809722367, "population": 815, "component": 0, "o_score_pt": 859.31764312309724, "o_score_car": 1297.2696633833798, "CDI": 0.2030764156586522, "log_population": 2.9116901587538613 }, "geometry": { "type": "Polygon", "coordinates": [ [ [ -955865.296942221466452, 5039138.59319571685046 ], [ -955612.553521500434726, 5039060.507490759715438 ], [ -955546.722448620363139, 5038797.715049209073186 ], [ -955733.621985740493983, 5038613.714236604981124 ], [ -955986.357360254274681, 5038691.79043326806277 ], [ -956052.200710144359618, 5038954.580800947733223 ], [ -955865.296942221466452, 5039138.59319571685046 ] ] ] } },
{ "type": "Feature", "properties": { "id": 186, "snapped_id": 186, "centroid_lon": -8.66531, "centroid_lat": 41.15339, "radius": 213.19, "internal_id": 617998242858663935, "population": 1008, "component": 0, "o_score_pt": 1136.7208869787887, "o_score_car": 1390.7727560770377, "CDI": 0.10051533454742589, "log_population": 3.0038911662369108 }, "geometry": { "type": "Polygon", "coordinates": [ [ [ -964686.213797988486476, 5035265.530628323554993 ], [ -964423.77479923539795, 5035184.756567843258381 ], [ -964355.328599874163046, 5034912.533700181171298 ], [ -964549.30877340619918, 5034721.252497415989637 ], [ -964811.739411342306994, 5034802.016723445616663 ], [ -964880.198316733818501, 5035074.237400809302926 ], [ -964686.213797988486476, 5035265.530628323554993 ] ] ] } },
{ "type": "Feature", "properties": { "id": 187, "snapped_id": 187, "centroid_lon": -8.66645, "centroid_lat": 41.15022, "radius": 213.192, "internal_id": 617998242859188223, "population": 1113, "component": 0, "o_score_pt": 1103.8371665284883, "o_score_car": 1386.5816938375194, "CDI": 0.1135329208306257, "log_population": 3.0468851908377101 }, "geometry": { "type": "Polygon", "coordinates": [ [ [ -964813.97539422637783, 5034799.894476397894323 ], [ -964548.565295581589453, 5034718.213307742960751 ], [ -964479.374971170327626, 5034443.045108057558537 ], [ -964675.581902672769502, 5034249.560292265377939 ], [ -964940.983550015836954, 5034331.231517208740115 ], [ -965010.186716947937384, 5034606.397501168772578 ], [ -964813.97539422637783, 5034799.894476397894323 ] ] ] } },
{ "type": "Feature", "properties": { "id": 188, "snapped_id": 188, "centroid_lon": -8.58995, "centroid_lat": 41.15822, "radius": 213.136, "internal_id": 617998244071079935, "population": 1003, "component": 0, "o_score_pt": 1084.7336637483645, "o_score_car": 1296.9511490356422, "CDI": 0.089103933546610503, "log_population": 3.0017337128090005 }, "geometry": { "type": "Polygon", "coordinates": [ [ [ -956297.512141436920501, 5035979.824155337177217 ], [ -956035.473761709872633, 5035898.902281522750854 ], [ -955967.322236633161083, 5035626.892715819180012 ], [ -956161.19670627056621, 5035435.986296279355884 ], [ -956423.226758812670596, 5035516.898320120759308 ], [ -956491.390986316488124, 5035788.905733931809664 ], [ -956297.512141436920501, 5035979.824155337177217 ] ] ] } },
{ "type": "Feature", "properties": { "id": 189, "snapped_id": 189, "centroid_lon": -8.62084, "centroid_lat": 41.15853, "radius": 213.157, "internal_id": 617998244054827007, "population": 900, "component": 0, "o_score_pt": 1556.0635753351589, "o_score_car": 1487.5185163817846, "CDI": -0.022521179612640801, "log_population": 2.9547247909790628 }, "geometry": { "type": "Polygon", "coordinates": [ [ [ -959734.249461197527125, 5036020.169858271256089 ], [ -959477.018584285862744, 5035940.839448254555464 ], [ -959409.984285311657004, 5035673.676609918475151 ], [ -959600.168825078988448, 5035486.297562371939421 ], [ -959857.391511958790943, 5035565.618313029408455 ], [ -959924.438285423442721, 5035832.779025105759501 ], [ -959734.249461197527125, 5036020.169858271256089 ] ] ] } },
{ "type": "Feature", "properties": { "id": 190, "snapped_id": 190, "centroid_lon": -8.66344, "centroid_lat": 41.14781, "radius": 213.191, "internal_id": 617998244157849599, "population": 492, "component": 0, "o_score_pt": 1092.5680588839491, "o_score_car": 1411.4321655981321, "CDI": 0.12734188423650619, "log_population": 2.6928469192772302 }, "geometry": { "type": "Polygon", "coordinates": [ [ [ -964470.559002255788073, 5034407.006539339199662 ], [ -964240.496613888884895, 5034336.196628295816481 ], [ -964180.132318710908294, 5034096.095208823680878 ], [ -964349.821594854467548, 5033928.766919592395425 ], [ -964579.876609915285371, 5033999.568195468746126 ], [ -964640.252114585833624, 5034239.667698000557721 ], [ -964470.559002255788073, 5034407.006539339199662 ] ] ] } },
{ "type": "Feature", "properties": { "id": 191, "snapped_id": 191, "centroid_lon": -8.65131, "centroid_lat": 41.17075, "radius": 213.173, "internal_id": 617998244119314431, "population": 1513, "component": 0, "o_score_pt": 1355.3660772545984, "o_score_car": 1469.2353131219061, "CDI": 0.040313382360875102, "log_population": 3.180125875164054 }, "geometry": { "type": "Polygon", "coordinates": [ [ [ -963128.256092164199799, 5037835.614299934357405 ], [ -962862.811359129846096, 5037753.847159759141505 ], [ -962793.651271586422808, 5037478.607430832460523 ], [ -962989.923066156334244, 5037285.137051198631525 ], [ -963255.359348860918544, 5037366.894238080829382 ], [ -963324.53228711488191, 5037642.131757396273315 ], [ -963128.256092164199799, 5037835.614299934357405 ] ] ] } },
{ "type": "Feature", "properties": { "id": 192, "snapped_id": 192, "centroid_lon": -8.61254, "centroid_lat": 41.16004, "radius": 213.151, "internal_id": 617998244133994495, "population": 1301, "component": 0, "o_score_pt": 1277.1632086959328, "o_score_car": 1458.8464044859429, "CDI": 0.066404443505854199, "log_population": 3.114610984232173 }, "geometry": { "type": "Polygon", "coordinates": [ [ [ -958813.086717659956776, 5036251.481556511484087 ], [ -958547.781220397446305, 5036169.629696963354945 ], [ -958478.757898427196778, 5035894.432874952442944 ], [ -958675.027223907760344, 5035701.090101705864072 ], [ -958940.324287842726335, 5035782.931998741813004 ], [ -959009.360459417803213, 5036058.126631043851376 ], [ -958813.086717659956776, 5036251.481556511484087 ] ] ] } },
{ "type": "Feature", "properties": { "id": 193, "snapped_id": 193, "centroid_lon": -8.5738, "centroid_lat": 41.14932, "radius": 213.129, "internal_id": 617998243309813759, "population": 351, "component": 0, "o_score_pt": 676.71810943363801, "o_score_car": 1127.6941640183938, "CDI": 0.24992960933589239, "log_population": 2.5465426634781312 }, "geometry": { "type": "Polygon", "coordinates": [ [ [ -954487.726089939242229, 5034614.49142639990896 ], [ -954273.066400932846591, 5034548.161581167951226 ], [ -954216.730697213090025, 5034323.140006604604423 ], [ -954375.053407385013998, 5034167.278800723142922 ], [ -954589.706212718272582, 5034233.60055183339864 ], [ -954646.052429292583838, 5034458.620373233221471 ], [ -954487.726089939242229, 5034614.49142639990896 ] ] ] } },
{ "type": "Feature", "properties": { "id": 194, "snapped_id": 194, "centroid_lon": -8.61584, "centroid_lat": 41.18313, "radius": 213.143, "internal_id": 617998243880239103, "population": 272, "component": 0, "o_score_pt": 914.79510742393518, "o_score_car": 1381.1065534781058, "CDI": 0.2031060188662264, "log_population": 2.436162647040756 }, "geometry": { "type": "Polygon", "coordinates": [ [ [ -959164.581718017929234, 5039602.622232365421951 ], [ -958961.20666009222623, 5039539.86788166873157 ], [ -958907.593301599496044, 5039326.146725479513407 ], [ -959057.338334502303042, 5039178.646616031415761 ], [ -959260.706839275197126, 5039241.393302470445633 ], [ -959314.330186689272523, 5039455.112782812677324 ], [ -959164.581718017929234, 5039602.622232365421951 ] ] ] } },
{ "type": "Feature", "properties": { "id": 195, "snapped_id": 195, "centroid_lon": -8.57637, "centroid_lat": 41.16365, "radius": 213.124, "internal_id": 617998243318988799, "population": 448, "component": 0, "o_score_pt": 935.86393688882822, "o_score_car": 1283.3402939497462, "CDI": 0.15657700730392729, "log_population": 2.6522463410033232 }, "geometry": { "type": "Polygon", "coordinates": [ [ [ -954776.51848031510599, 5036745.230409315787256 ], [ -954550.821700040483847, 5036675.485303812660277 ], [ -954491.737488536513411, 5036439.515836484730244 ], [ -954658.342231007409282, 5036275.508150451816618 ], [ -954884.031790650915354, 5036345.244751107878983 ], [ -954943.127027166890912, 5036581.212372846901417 ], [ -954776.51848031510599, 5036745.230409315787256 ] ] ] } },
{ "type": "Feature", "properties": { "id": 196, "snapped_id": 196, "centroid_lon": -8.57981, "centroid_lat": 41.15415, "radius": 213.131, "internal_id": 617998244062429183, "population": 642, "component": 0, "o_score_pt": 941.31253205182838, "o_score_car": 1278.7275201635478, "CDI": 0.15198599132254989, "log_population": 2.8082109729242219 }, "geometry": { "type": "Polygon", "coordinates": [ [ [ -955162.676416100934148, 5035356.440910629928112 ], [ -954920.792447332059965, 5035281.713789105415344 ], [ -954857.677128602284938, 5035029.684225413948298 ], [ -955036.43730274157133, 5034853.689134244807065 ], [ -955278.313559585949406, 5034928.407151320017874 ], [ -955341.440649859374389, 5035180.434734524227679 ], [ -955162.676416100934148, 5035356.440910629928112 ] ] ] } },
{ "type": "Feature", "properties": { "id": 197, "snapped_id": 197, "centroid_lon": -8.64343, "centroid_lat": 41.16034, "radius": 213.172, "internal_id": 617998244117741567, "population": 961, "component": 0, "o_score_pt": 1495.5073508861581, "o_score_car": 1552.7765527892009, "CDI": 0.0187873583014995, "log_population": 2.9831750720378132 }, "geometry": { "type": "Polygon", "coordinates": [ [ [ -962250.373931663227268, 5036290.717051374725997 ], [ -961990.120800014236011, 5036210.532018994912505 ], [ -961922.275842140428722, 5035940.424894483759999 ], [ -962114.671456845127977, 5035750.790679216384888 ], [ -962374.916299794102088, 5035830.965948776341975 ], [ -962442.773868003161624, 5036101.070911282673478 ], [ -962250.373931663227268, 5036290.717051374725997 ] ] ] } },
{ "type": "Feature", "properties": { "id": 198, "snapped_id": 198, "centroid_lon": -8.58309, "centroid_lat": 41.17723, "radius": 213.123, "internal_id": 617998243808673791, "population": 841, "component": 0, "o_score_pt": 904.50657256496822, "o_score_car": 1342.2317478807386, "CDI": 0.19482695039844899, "log_population": 2.9253120914996495 }, "geometry": { "type": "Polygon", "coordinates": [ [ [ -955531.387046662857756, 5038782.80814890936017 ], [ -955277.243344620219432, 5038704.281917589716613 ], [ -955211.071671955753118, 5038440.092186037451029 ], [ -955399.031117330538109, 5038255.055360830388963 ], [ -955653.166731746401638, 5038333.572030900977552 ], [ -955719.350746326264925, 5038597.759678426198661 ], [ -955531.387046662857756, 5038782.80814890936017 ] ] ] } },
{ "type": "Feature", "properties": { "id": 199, "snapped_id": 199, "centroid_lon": -8.67962, "centroid_lat": 41.15671, "radius": 213.199, "internal_id": 617998242857615359, "population": 1154, "component": 0, "o_score_pt": 1088.1538643008687, "o_score_car": 1400.5875630947901, "CDI": 0.1255388347518557, "log_population": 3.0625819842281632 }, "geometry": { "type": "Polygon", "coordinates": [ [ [ -966279.640140950796194, 5035758.602210765704513 ], [ -966014.172575923614204, 5035676.943767650052905 ], [ -965944.933136787032709, 5035401.750884999521077 ], [ -966141.148418591357768, 5035208.218667645938694 ], [ -966406.607525897212327, 5035289.867169498465955 ], [ -966475.859808909124695, 5035565.05782947409898 ], [ -966279.640140950796194, 5035758.602210765704513 ] ] ] } },
{ "type": "Feature", "properties": { "id": 200, "snapped_id": 200, "centroid_lon": -8.60425, "centroid_lat": 41.16155, "radius": 213.144, "internal_id": 617998244070031359, "population": 722, "component": 0, "o_score_pt": 1368.0698315568402, "o_score_car": 1476.5795850669831, "CDI": 0.038145211454186097, "log_population": 2.859138297294531 }, "geometry": { "type": "Polygon", "coordinates": [ [ [ -957885.43506991583854, 5036456.045608120970428 ], [ -957638.173175128293224, 5036379.731443686410785 ], [ -957573.661498836358078, 5036122.42271124292165 ], [ -957756.400717588141561, 5035942.437435638159513 ], [ -958003.654729718691669, 5036018.742304151877761 ], [ -958068.1784231265774, 5036276.049000667408109 ], [ -957885.43506991583854, 5036456.045608120970428 ] ] ] } },
{ "type": "Feature", "properties": { "id": 201, "snapped_id": 201, "centroid_lon": -8.60997, "centroid_lat": 41.1457, "radius": 213.155, "internal_id": 617998244046176255, "population": 404, "component": 0, "o_score_pt": 1443.2936649385729, "o_score_car": 1471.2201748575569, "CDI": 0.0095818758990477999, "log_population": 2.6074550232146687 }, "geometry": { "type": "Polygon", "coordinates": [ [ [ -958515.18360568350181, 5034086.816302843391895 ], [ -958294.12613392516505, 5034018.620467274449766 ], [ -958236.122966520488262, 5033787.331237895414233 ], [ -958399.173406225512736, 5033626.705429994501173 ], [ -958620.223791902069934, 5033694.892946127802134 ], [ -958678.237761419382878, 5033926.180355398915708 ], [ -958515.18360568350181, 5034086.816302843391895 ] ] ] } },
{ "type": "Feature", "properties": { "id": 202, "snapped_id": 202, "centroid_lon": -8.58652, "centroid_lat": 41.16773, "radius": 213.129, "internal_id": 617998243816275967, "population": 943, "component": 0, "o_score_pt": 980.73181944286682, "o_score_car": 1323.3634089785994, "CDI": 0.1487054811404081, "log_population": 2.9749719942980688 }, "geometry": { "type": "Polygon", "coordinates": [ [ [ -955914.790319312596694, 5037382.475588806904852 ], [ -955655.508860943606123, 5037302.383489428088069 ], [ -955588.051375456270762, 5037033.102093752473593 ], [ -955779.863002907834016, 5036844.249956168234348 ], [ -956039.136217711144127, 5036924.332305661402643 ], [ -956106.606280462234281, 5037193.611573535017669 ], [ -955914.790319312596694, 5037382.475588806904852 ] ] ] } },
{ "type": "Feature", "properties": { "id": 203, "snapped_id": 203, "centroid_lon": -8.6034, "centroid_lat": 41.18539, "radius": 213.133, "internal_id": 617998243881811967, "population": 527, "component": 0, "o_score_pt": 971.5894020979448, "o_score_car": 1352.7133057427079, "CDI": 0.1639734370050443, "log_population": 2.7226339225338121 }, "geometry": { "type": "Polygon", "coordinates": [ [ [ -957786.808485167683102, 5039967.435637156479061 ], [ -957553.661859392304905, 5039895.453642532229424 ], [ -957492.664215509896167, 5039652.15449206251651 ], [ -957664.798415898927487, 5039482.642059349454939 ], [ -957897.937585806590505, 5039554.615279691293836 ], [ -957958.946598056820221, 5039797.912511243484914 ], [ -957786.808485167683102, 5039967.435637156479061 ] ] ] } },
{ "type": "Feature", "properties": { "id": 204, "snapped_id": 204, "centroid_lon": -8.61783, "centroid_lat": 41.15612, "radius": 213.156, "internal_id": 617998244053778431, "population": 1074, "component": 0, "o_score_pt": 1499.7428258715174, "o_score_car": 1446.63306770075, "CDI": -0.018025452314699601, "log_population": 3.0314084642516241 }, "geometry": { "type": "Polygon", "coordinates": [ [ [ -959401.864761145436205, 5035671.2874701814726 ], [ -959136.676846369053237, 5035589.494848632253706 ], [ -959067.669089089147747, 5035314.427721375599504 ], [ -959263.836412666947581, 5035121.16194473952055 ], [ -959529.015896590426564, 5035202.944610686041415 ], [ -959598.036496332962997, 5035478.009546854533255 ], [ -959401.864761145436205, 5035671.2874701814726 ] ] ] } },
{ "type": "Feature", "properties": { "id": 205, "snapped_id": 205, "centroid_lon": -8.66044, "centroid_lat": 41.14539, "radius": 213.19, "internal_id": 617998244156801023, "population": 3, "component": 0, "o_score_pt": 984.63834629027383, "o_score_car": 1426.5797737702601, "CDI": 0.1832855450957257, "log_population": 0.6020599913279624 }, "geometry": { "type": "Polygon", "coordinates": [ [ [ -964081.734088745084591, 5033828.356120208278298 ], [ -964069.139168925932609, 5033824.479192133061588 ], [ -964063.024927875259891, 5033800.156095239333808 ], [ -964069.526793143595569, 5033793.744953556917608 ], [ -964082.120964327361435, 5033797.621302651241422 ], [ -964088.236367555800825, 5033821.944311434403062 ], [ -964081.734088745084591, 5033828.356120208278298 ] ] ] } },
{ "type": "Feature", "properties": { "id": 206, "snapped_id": 206, "centroid_lon": -8.62685, "centroid_lat": 41.16336, "radius": 213.159, "internal_id": 617998244132945919, "population": 579, "component": 0, "o_score_pt": 1507.639054360943, "o_score_car": 1517.6199553136644, "CDI": 0.0032991889027693001, "log_population": 2.7634279935629373 }, "geometry": { "type": "Polygon", "coordinates": [ [ [ -960398.120259020361118, 5036713.925632128491998 ], [ -960160.75019769417122, 5036640.735099862329662 ], [ -960098.647522590006702, 5036393.2975042629987 ], [ -960273.903702360694297, 5036220.612659508362412 ], [ -960511.266175620839931, 5036293.794271183200181 ], [ -960573.380406785872765, 5036541.229903428815305 ], [ -960398.120259020361118, 5036713.925632128491998 ] ] ] } },
{ "type": "Feature", "properties": { "id": 207, "snapped_id": 207, "centroid_lon": -8.64415, "centroid_lat": 41.16909, "radius": 213.169, "internal_id": 617998244111712255, "population": 83, "component": 0, "o_score_pt": 1477.8501347650006, "o_score_car": 1380.684042661105, "CDI": -0.033991579625396097, "log_population": 1.9242792860618816 }, "geometry": { "type": "Polygon", "coordinates": [ [ [ -962303.211991844000295, 5037472.692167365923524 ], [ -962153.064594128285535, 5037426.427508747205138 ], [ -962112.664107899065129, 5037265.589700884185731 ], [ -962222.397633363609202, 5037157.435550982132554 ], [ -962372.540093824500218, 5037203.694529161788523 ], [ -962412.948101978749037, 5037364.531097328290343 ], [ -962303.211991844000295, 5037472.692167365923524 ] ] ] } },
{ "type": "Feature", "properties": { "id": 208, "snapped_id": 208, "centroid_lon": -8.5941, "centroid_lat": 41.15747, "radius": 213.139, "internal_id": 617998244061380607, "population": 1494, "component": 0, "o_score_pt": 1157.8063286160468, "o_score_car": 1376.9160534400885, "CDI": 0.086443283246784006, "log_population": 3.1746411926604483 }, "geometry": { "type": "Polygon", "coordinates": [ [ [ -956759.840936588821933, 5035871.702383422292769 ], [ -956494.592643380747177, 5035789.804846072569489 ], [ -956425.632026114850305, 5035514.619461535476148 ], [ -956621.906851898296736, 5035321.333794270642102 ], [ -956887.146719288779423, 5035403.221364124678075 ], [ -956956.120186505955644, 5035678.404568246565759 ], [ -956759.840936588821933, 5035871.702383422292769 ] ] ] } },
{ "type": "Feature", "properties": { "id": 209, "snapped_id": 209, "centroid_lon": -8.62456, "centroid_lat": 41.1697, "radius": 213.155, "internal_id": 617998244140548095, "population": 922, "component": 0, "o_score_pt": 1169.8872701565774, "o_score_car": 1443.6646485132171, "CDI": 0.1047529901361144, "log_population": 2.965201701025912 }, "geometry": { "type": "Polygon", "coordinates": [ [ [ -960148.943684487137944, 5037672.589644976891577 ], [ -959890.574543708004057, 5037592.909941806457937 ], [ -959823.246929376618937, 5037324.626707197166979 ], [ -960014.275733065325767, 5037136.415929974988103 ], [ -960272.636646833503619, 5037216.085931819863617 ], [ -960339.976789565989748, 5037484.36702858004719 ], [ -960148.943684487137944, 5037672.589644976891577 ] ] ] } },
{ "type": "Feature", "properties": { "id": 210, "snapped_id": 210, "centroid_lon": -8.64043, "centroid_lat": 41.15793, "radius": 213.171, "internal_id": 617998244116692991, "population": 562, "component": 0, "o_score_pt": 1345.5967987791689, "o_score_car": 1493.9310857177395, "CDI": 0.052239066835172702, "log_population": 2.7505083948513462 }, "geometry": { "type": "Polygon", "coordinates": [ [ [ -961909.831290626083501, 5035909.063105131499469 ], [ -961673.791266215732321, 5035836.330881274305284 ], [ -961611.988649490522221, 5035590.244775696657598 ], [ -961786.215467159636319, 5035418.525525327771902 ], [ -962022.247941033332609, 5035491.248883337713778 ], [ -962084.062049085972831, 5035737.333031103014946 ], [ -961909.831290626083501, 5035909.063105131499469 ] ] ] } },
{ "type": "Feature", "properties": { "id": 211, "snapped_id": 211, "centroid_lon": -8.62113, "centroid_lat": 41.17921, "radius": 213.148, "internal_id": 617998244135567359, "population": 279, "component": 0, "o_score_pt": 860.30810119625164, "o_score_car": 1342.2928316767106, "CDI": 0.2188252639354793, "log_population": 2.4471580313422194 }, "geometry": { "type": "Polygon", "coordinates": [ [ [ -959753.847397789242677, 5039023.589186177588999 ], [ -959549.329975759610534, 5038960.50005788821727 ], [ -959495.421748812310398, 5038745.65628847014159 ], [ -959646.015539265237749, 5038597.30210496392101 ], [ -959850.526372588821687, 5038660.383528566919267 ], [ -959904.444639904308133, 5038875.225610747933388 ], [ -959753.847397789242677, 5039023.589186177588999 ] ] ] } },
{ "type": "Feature", "properties": { "id": 212, "snapped_id": 212, "centroid_lon": -8.56137, "centroid_lat": 41.15157, "radius": 213.119, "internal_id": 617998243311386623, "population": 217, "component": 0, "o_score_pt": 639.56202516686403, "o_score_car": 1122.5632039158968, "CDI": 0.27410150582796511, "log_population": 2.3384564936046046 }, "geometry": { "type": "Polygon", "coordinates": [ [ [ -953098.044943624990992, 5034926.189667600207031 ], [ -952905.027776086935773, 5034866.513278472237289 ], [ -952854.093254950363189, 5034662.946916421875358 ], [ -952996.179717685678042, 5034523.10346017871052 ], [ -953189.190660628839396, 5034582.772555868141353 ], [ -953240.134696004563011, 5034786.33734755218029 ], [ -953098.044943624990992, 5034926.189667600207031 ] ] ] } },
{ "type": "Feature", "properties": { "id": 213, "snapped_id": 213, "centroid_lon": -8.67661, "centroid_lat": 41.15429, "radius": 213.198, "internal_id": 617998242856566783, "population": 810, "component": 0, "o_score_pt": 1212.7721068084886, "o_score_car": 1426.0659800630417, "CDI": 0.080828708027108703, "log_population": 2.909020854211156 }, "geometry": { "type": "Polygon", "coordinates": [ [ [ -965941.725465339724906, 5035388.645149226300418 ], [ -965689.123619314399548, 5035310.936363019049168 ], [ -965623.103609238401987, 5035048.501851069740951 ], [ -965809.673260141164064, 5034864.490819848142564 ], [ -966062.267041825456545, 5034942.190140262246132 ], [ -966128.29930149007123, 5035204.622539578936994 ], [ -965941.725465339724906, 5035388.645149226300418 ] ] ] } },
{ "type": "Feature", "properties": { "id": 214, "snapped_id": 214, "centroid_lon": -8.60125, "centroid_lat": 41.15913, "radius": 213.143, "internal_id": 617998244068982783, "population": 1495, "component": 0, "o_score_pt": 1199.0830206618318, "o_score_car": 1449.6653088397759, "CDI": 0.094604038211925506, "log_population": 3.1749315935284423 }, "geometry": { "type": "Polygon", "coordinates": [ [ [ -957555.634961224510334, 5036117.362451842054725 ], [ -957290.362096047843806, 5036035.481187163852155 ], [ -957221.376552592497319, 5035760.288986780680716 ], [ -957417.651024053804576, 5035566.980234640650451 ], [ -957682.915460348245688, 5035648.851533596403897 ], [ -957751.913853855920024, 5035924.041549919173121 ], [ -957555.634961224510334, 5036117.362451842054725 ] ] ] } },
{ "type": "Feature", "properties": { "id": 215, "snapped_id": 215, "centroid_lon": -8.57609, "centroid_lat": 41.14298, "radius": 213.133, "internal_id": 617998243347824639, "population": 7, "component": 0, "o_score_pt": 713.21906644352816, "o_score_car": 1245.1145620732964, "CDI": 0.27160616959460981, "log_population": 0.90308998699194354 }, "geometry": { "type": "Polygon", "coordinates": [ [ [ -954699.99031827179715, 5033503.451218351721764 ], [ -954656.133425697684288, 5033489.901876511983573 ], [ -954642.241077178390697, 5033434.417464843951166 ], [ -954672.252390997600742, 5033404.870348228141665 ], [ -954716.10758302884642, 5033418.417945762164891 ], [ -954730.002545512281358, 5033473.902012955397367 ], [ -954699.99031827179715, 5033503.451218351721764 ] ] ] } },
{ "type": "Feature", "properties": { "id": 216, "snapped_id": 216, "centroid_lon": -8.58352, "centroid_lat": 41.16531, "radius": 213.128, "internal_id": 617998243815227391, "population": 68, "component": 0, "o_score_pt": 963.09971077898479, "o_score_car": 1294.8702839503571, "CDI": 0.14693311866225259, "log_population": 1.8388490907372552 }, "geometry": { "type": "Polygon", "coordinates": [ [ [ -955551.211550046689808, 5036904.782146918587387 ], [ -955410.045741209760308, 5036861.171608696691692 ], [ -955371.961821346310899, 5036709.123958667740226 ], [ -955475.043983760522678, 5036607.636355170980096 ], [ -955616.205137032316998, 5036651.241532674990594 ], [ -955654.296171294758096, 5036803.288033483549953 ], [ -955551.211550046689808, 5036904.782146918587387 ] ] ] } },
{ "type": "Feature", "properties": { "id": 217, "snapped_id": 217, "centroid_lon": -8.65545, "centroid_lat": 41.17, "radius": 213.176, "internal_id": 617998244124295167, "population": 987, "component": 0, "o_score_pt": 1466.9468540938192, "o_score_car": 1514.6487988413662, "CDI": 0.015998797389105202, "log_population": 2.9947569445876283 }, "geometry": { "type": "Polygon", "coordinates": [ [ [ -963589.00499616144225, 5037719.876603564247489 ], [ -963327.482152555719949, 5037639.332943773828447 ], [ -963259.289330073865131, 5037367.995282417163253 ], [ -963452.606396446935833, 5037177.422022005543113 ], [ -963714.120908066281117, 5037257.955875621177256 ], [ -963782.326399061596021, 5037529.291358386166394 ], [ -963589.00499616144225, 5037719.876603564247489 ] ] ] } },
{ "type": "Feature", "properties": { "id": 218, "snapped_id": 218, "centroid_lon": -8.67205, "centroid_lat": 41.16697, "radius": 213.189, "internal_id": 617998242864168959, "population": 225, "component": 0, "o_score_pt": 1219.2854663624937, "o_score_car": 1469.7865405845005, "CDI": 0.093155212495187198, "log_population": 2.3541084391474008 }, "geometry": { "type": "Polygon", "coordinates": [ [ [ -965419.318682043929584, 5037204.734114448539913 ], [ -965224.415957777877338, 5037144.753947651013732 ], [ -965172.807099994388409, 5036939.562569693662226 ], [ -965316.086071928031743, 5036798.271425095386803 ], [ -965510.982490674010478, 5036858.244260344654322 ], [ -965562.600934635382146, 5037063.434013802558184 ], [ -965419.318682043929584, 5037204.734114448539913 ] ] ] } },
{ "type": "Feature", "properties": { "id": 219, "snapped_id": 219, "centroid_lon": -8.64488, "centroid_lat": 41.17785, "radius": 213.165, "internal_id": 617998240474464255, "population": 1565, "component": 0, "o_score_pt": 1429.5899663119519, "o_score_car": 1431.8569443530801, "CDI": 0.00079224885587729998, "log_population": 3.1947917577219247 }, "geometry": { "type": "Polygon", "coordinates": [ [ [ -962412.258613260695711, 5038884.778686229139566 ], [ -962146.805025301291607, 5038802.97849144320935 ], [ -962077.659311202238314, 5038527.714187058620155 ], [ -962273.954331229557283, 5038334.252283874899149 ], [ -962539.399469646741636, 5038416.042521690018475 ], [ -962608.55803736904636, 5038691.304619167931378 ], [ -962412.258613260695711, 5038884.778686229139566 ] ] ] } },
{ "type": "Feature", "properties": { "id": 220, "snapped_id": 220, "centroid_lon": -8.63213, "centroid_lat": 41.15944, "radius": 213.165, "internal_id": 617998244052729855, "population": 774, "component": 0, "o_score_pt": 1427.3450941343378, "o_score_car": 1462.8123926074179, "CDI": 0.0122717528839802, "log_population": 2.8893017025063101 }, "geometry": { "type": "Polygon", "coordinates": [ [ [ -960990.185023564030416, 5036147.068680551834404 ], [ -960739.725914127775468, 5036069.863960032351315 ], [ -960674.35005419398658, 5035809.448905338533223 ], [ -960859.421620336011983, 5035627.070521544665098 ], [ -961109.872742466046475, 5035704.265838205814362 ], [ -961175.260761942714453, 5035964.678818026557565 ], [ -960990.185023564030416, 5036147.068680551834404 ] ] ] } },
{ "type": "Feature", "properties": { "id": 221, "snapped_id": 221, "centroid_lon": -8.64572, "centroid_lat": 41.154, "radius": 213.176, "internal_id": 617998244155752447, "population": 1066, "component": 0, "o_score_pt": 1243.4166496063731, "o_score_car": 1501.484943103693, "CDI": 0.094017320760314299, "log_population": 3.0281644194244697 }, "geometry": { "type": "Polygon", "coordinates": [ [ [ -962505.763096336042508, 5035358.214573306962848 ], [ -962240.847792575019412, 5035276.607783298939466 ], [ -962171.83501593163237, 5035001.879670348018408 ], [ -962367.724741415819153, 5034808.785837162286043 ], [ -962632.631614624406211, 5034890.382693073712289 ], [ -962701.657215510844253, 5035165.108604115433991 ], [ -962505.763096336042508, 5035358.214573306962848 ] ] ] } },
{ "type": "Feature", "properties": { "id": 222, "snapped_id": 222, "centroid_lon": -8.62384, "centroid_lat": 41.16095, "radius": 213.158, "internal_id": 617998244131897343, "population": 1084, "component": 0, "o_score_pt": 1408.1404645547564, "o_score_car": 1503.2967380056032, "CDI": 0.032683608414141599, "log_population": 3.0354297381845483 }, "geometry": { "type": "Polygon", "coordinates": [ [ [ -960070.66380744241178, 5036385.448980846442282 ], [ -959805.32569353049621, 5036303.626540833152831 ], [ -959736.264591226004995, 5036028.425113001838326 ], [ -959932.528753465274349, 5035835.048320057801902 ], [ -960197.858429600601085, 5035916.86080078035593 ], [ -960266.932381065795198, 5036192.060033245943487 ], [ -960070.66380744241178, 5036385.448980846442282 ] ] ] } },
{ "type": "Feature", "properties": { "id": 223, "snapped_id": 223, "centroid_lon": -8.55608, "centroid_lat": 41.15549, "radius": 213.114, "internal_id": 617998243307716607, "population": 74, "component": 0, "o_score_pt": 322.06550449211267, "o_score_car": 1131.8828764700645, "CDI": 0.55697807610063854, "log_population": 1.8750612633917001 }, "geometry": { "type": "Polygon", "coordinates": [ [ [ -952497.20356971968431, 5035456.60007552895695 ], [ -952352.337893409887329, 5035411.798441309481859 ], [ -952313.369959753588773, 5035256.019682154990733 ], [ -952419.280297256074846, 5035151.793934344314039 ], [ -952564.141209945082664, 5035196.590064612217247 ], [ -952603.11643186211586, 5035352.367650979198515 ], [ -952497.20356971968431, 5035456.60007552895695 ] ] ] } },
{ "type": "Feature", "properties": { "id": 224, "snapped_id": 224, "centroid_lon": -8.5911, "centroid_lat": 41.15506, "radius": 213.138, "internal_id": 617998244060332031, "population": 598, "component": 0, "o_score_pt": 1087.0733729199617, "o_score_car": 1335.6939865622719, "CDI": 0.1026184427775363, "log_population": 2.7774268223893115 }, "geometry": { "type": "Polygon", "coordinates": [ [ [ -956419.035050959093496, 5035487.557839825749397 ], [ -956180.321027444442734, 5035413.845551580190659 ], [ -956117.967254629009403, 5035164.98915739916265 ], [ -956294.31904636323452, 5034991.330105600878596 ], [ -956533.02545113209635, 5035065.033411224372685 ], [ -956595.390847068745643, 5035313.887846279889345 ], [ -956419.035050959093496, 5035487.557839825749397 ] ] ] } },
{ "type": "Feature", "properties": { "id": 225, "snapped_id": 225, "centroid_lon": -8.56765, "centroid_lat": 41.17708, "radius": 213.112, "internal_id": 617998243830431743, "population": 182, "component": 0, "o_score_pt": 601.45946896372755, "o_score_car": 1244.0668835443817, "CDI": 0.34819736586656541, "log_population": 2.2624510897304293 }, "geometry": { "type": "Polygon", "coordinates": [ [ [ -953795.203025835682638, 5038689.072659027762711 ], [ -953609.999918781104498, 5038631.809454440139234 ], [ -953560.995709670009091, 5038436.018570748157799 ], [ -953697.185522138956003, 5038301.984354691579938 ], [ -953882.382638471317478, 5038359.240556382574141 ], [ -953931.396002613706514, 5038555.029931674711406 ], [ -953795.203025835682638, 5038689.072659027762711 ] ] ] } },
{ "type": "Feature", "properties": { "id": 226, "snapped_id": 226, "centroid_lon": -8.65473, "centroid_lat": 41.16124, "radius": 213.179, "internal_id": 617998244115644415, "population": 376, "component": 0, "o_score_pt": 1420.8508728296536, "o_score_car": 1528.0331376918546, "CDI": 0.0363467211595229, "log_population": 2.576341350205793 }, "geometry": { "type": "Polygon", "coordinates": [ [ [ -963497.701604091795161, 5036381.085028807632625 ], [ -963279.733436647919007, 5036313.960594529286027 ], [ -963222.404596007778309, 5036085.841570710763335 ], [ -963383.032703146804124, 5035927.486869655549526 ], [ -963600.993866488570347, 5035994.603112724609673 ], [ -963658.333361271419562, 5036222.720324405469 ], [ -963497.701604091795161, 5036381.085028807632625 ] ] ] } },
{ "type": "Feature", "properties": { "id": 227, "snapped_id": 227, "centroid_lon": -8.61326, "centroid_lat": 41.16879, "radius": 213.147, "internal_id": 617998244127965183, "population": 1281, "component": 0, "o_score_pt": 1191.1759163467134, "o_score_car": 1386.051879685901, "CDI": 0.075614566798937799, "log_population": 3.1078880251827985 }, "geometry": { "type": "Polygon", "coordinates": [ [ [ -958892.954385609366, 5037545.714661140926182 ], [ -958627.615520135615952, 5037463.846037223003805 ], [ -958558.581657379865646, 5037188.617863959632814 ], [ -958754.873807279509492, 5036995.260504771023989 ], [ -959020.204237153055146, 5037077.119164279662073 ], [ -959089.250952518777922, 5037352.345146892592311 ], [ -958892.954385609366, 5037545.714661140926182 ] ] ] } },
{ "type": "Feature", "properties": { "id": 228, "snapped_id": 228, "centroid_lon": -8.66189, "centroid_lat": 41.1629, "radius": 213.184, "internal_id": 617998242855518207, "population": 558, "component": 0, "o_score_pt": 1489.6464479205854, "o_score_car": 1503.1827972235476, "CDI": 0.0045229273687847999, "log_population": 2.7474118078864231 }, "geometry": { "type": "Polygon", "coordinates": [ [ [ -964298.443999187787995, 5036644.414982001297176 ], [ -964062.659820660715923, 5036571.825227009132504 ], [ -964000.871473271748982, 5036326.043817119672894 ], [ -964174.854842249886133, 5036154.502044703811407 ], [ -964410.631472002365626, 5036227.082950556650758 ], [ -964472.43129593890626, 5036472.862395630218089 ], [ -964298.443999187787995, 5036644.414982001297176 ] ] ] } },
{ "type": "Feature", "properties": { "id": 229, "snapped_id": 229, "centroid_lon": -8.59453, "centroid_lat": 41.14555, "radius": 213.145, "internal_id": 617998244067934207, "population": 461, "component": 0, "o_score_pt": 1252.3648643312265, "o_score_car": 1380.0960822063462, "CDI": 0.048521600308305497, "log_population": 2.6646419755561257 }, "geometry": { "type": "Polygon", "coordinates": [ [ [ -956798.027148817665875, 5034070.255847775377333 ], [ -956571.059810401988216, 5034000.189718367531896 ], [ -956511.619862230378203, 5033762.999426236376166 ], [ -956679.143045324715786, 5033598.014082674868405 ], [ -956906.103121856926009, 5033668.071667935699224 ], [ -956965.55414792872034, 5033905.260097074322402 ], [ -956798.027148817665875, 5034070.255847775377333 ] ] ] } },
{ "type": "Feature", "properties": { "id": 230, "snapped_id": 230, "centroid_lon": -8.62126, "centroid_lat": 41.14661, "radius": 213.163, "internal_id": 617998244044079103, "population": 162, "component": 0, "o_score_pt": 1222.9302171663303, "o_score_car": 1415.9498126759074, "CDI": 0.073144513326403898, "log_population": 2.2121876044039577 }, "geometry": { "type": "Polygon", "coordinates": [ [ [ -959762.24803626886569, 5034178.786548842675984 ], [ -959582.258239009534009, 5034123.286787684075534 ], [ -959534.457126270863228, 5033932.779605164192617 ], [ -959666.648420300218277, 5033802.527725507505238 ], [ -959846.632377458270639, 5033858.020694809034467 ], [ -959894.442392377182841, 5034048.526395007967949 ], [ -959762.24803626886569, 5034178.786548842675984 ] ] ] } },
{ "type": "Feature", "properties": { "id": 231, "snapped_id": 231, "centroid_lon": -8.62955, "centroid_lat": 41.1451, "radius": 213.169, "internal_id": 617998244048797695, "population": 97, "component": 0, "o_score_pt": 1141.7358987479315, "o_score_car": 1459.7573567465574, "CDI": 0.1222457361082709, "log_population": 1.9912260756924949 }, "geometry": { "type": "Polygon", "coordinates": [ [ [ -960679.557546012336388, 5033932.172492815181613 ], [ -960522.531495701288804, 5033883.772062823176384 ], [ -960480.436465143808164, 5033716.071049020625651 ], [ -960595.374119364540093, 5033602.801347492262721 ], [ -960752.395026658778079, 5033651.195839849300683 ], [ -960794.49789669085294, 5033818.895560394972563 ], [ -960679.557546012336388, 5033932.172492815181613 ] ] ] } },
{ "type": "Feature", "properties": { "id": 232, "snapped_id": 232, "centroid_lon": -8.59782, "centroid_lat": 41.16864, "radius": 213.137, "internal_id": 617998243814178815, "population": 1375, "component": 0, "o_score_pt": 981.32949731207157, "o_score_car": 1298.0772184969426, "CDI": 0.13896059838204439, "log_population": 3.1386184338994925 }, "geometry": { "type": "Polygon", "coordinates": [ [ [ -957173.733610683353618, 5037522.969555499963462 ], [ -956908.435457095853053, 5037441.05838695820421 ], [ -956839.452235477161594, 5037165.832650097087026 ], [ -957035.754313641111366, 5036972.520264283753932 ], [ -957301.044037463143468, 5037054.42146375682205 ], [ -957370.040112677961588, 5037329.645017621107399 ], [ -957173.733610683353618, 5037522.969555499963462 ] ] ] } },
{ "type": "Feature", "properties": { "id": 233, "snapped_id": 233, "centroid_lon": -8.65245, "centroid_lat": 41.16758, "radius": 213.175, "internal_id": 617998244123246591, "population": 1756, "component": 0, "o_score_pt": 1440.8333964993026, "o_score_car": 1521.7449190266336, "CDI": 0.0273111843502328, "log_population": 3.2447717614952949 }, "geometry": { "type": "Polygon", "coordinates": [ [ [ -963255.359348860918544, 5037366.894238080829382 ], [ -962989.923066156334244, 5037285.137051198631525 ], [ -962920.762219281750731, 5037009.908506431616843 ], [ -963117.024805375142023, 5036816.439358016476035 ], [ -963382.452638049493544, 5036898.186592717655003 ], [ -963451.626334451138973, 5037173.412927523255348 ], [ -963255.359348860918544, 5037366.894238080829382 ] ] ] } },
{ "type": "Feature", "properties": { "id": 234, "snapped_id": 234, "centroid_lon": -8.66904, "centroid_lat": 41.16456, "radius": 213.188, "internal_id": 617998242863120383, "population": 590, "component": 0, "o_score_pt": 1410.0533108095108, "o_score_car": 1538.0202898880732, "CDI": 0.043406982460777899, "log_population": 2.7715874808812555 }, "geometry": { "type": "Polygon", "coordinates": [ [ [ -965095.449732947163284, 5036892.109304148703814 ], [ -964857.128440469852649, 5036818.7599026421085 ], [ -964794.690485575119965, 5036570.477888533845544 ], [ -964970.560749985394068, 5036397.054637607187033 ], [ -965208.874414349440485, 5036470.395098399370909 ], [ -965271.323962049791589, 5036718.675123264081776 ], [ -965095.449732947163284, 5036892.109304148703814 ] ] ] } },
{ "type": "Feature", "properties": { "id": 235, "snapped_id": 235, "centroid_lon": -8.60654, "centroid_lat": 41.15521, "radius": 213.149, "internal_id": 617998244072652799, "population": 1120, "component": 0, "o_score_pt": 1320.9768252847309, "o_score_car": 1459.7544454741867, "CDI": 0.049906879405711299, "log_population": 3.0496056125949731 }, "geometry": { "type": "Polygon", "coordinates": [ [ [ -958144.45765505975578, 5035537.390024346299469 ], [ -957879.185151224141009, 5035455.531845736317337 ], [ -957810.185985729563981, 5035180.353008441627026 ], [ -958006.446475533652119, 5034987.034535680897534 ], [ -958271.710549399489537, 5035068.88275112491101 ], [ -958340.722563221002929, 5035344.05940200202167 ], [ -958144.45765505975578, 5035537.390024346299469 ] ] ] } },
{ "type": "Feature", "properties": { "id": 236, "snapped_id": 236, "centroid_lon": -8.62913, "centroid_lat": 41.15702, "radius": 213.164, "internal_id": 617998244051681279, "population": 227, "component": 0, "o_score_pt": 1533.9242561314377, "o_score_car": 1556.6307530392255, "CDI": 0.0073470612367068002, "log_population": 2.357934847000454 }, "geometry": { "type": "Polygon", "coordinates": [ [ [ -960641.977622188278474, 5035733.701067202724516 ], [ -960446.789001005003229, 5035673.527555934153497 ], [ -960395.188694022363052, 5035467.956132603809237 ], [ -960538.771100320504047, 5035326.46886776201427 ], [ -960733.953416800010018, 5035386.635024761781096 ], [ -960785.56332859408576, 5035592.204836225137115 ], [ -960641.977622188278474, 5035733.701067202724516 ] ] ] } },
{ "type": "Feature", "properties": { "id": 237, "snapped_id": 237, "centroid_lon": -8.64271, "centroid_lat": 41.15159, "radius": 213.175, "internal_id": 617998244154703871, "population": 103, "component": 0, "o_score_pt": 1154.3724189246414, "o_score_car": 1334.5026559750845, "CDI": 0.072374157653413096, "log_population": 2.0170333392987803 }, "geometry": { "type": "Polygon", "coordinates": [ [ [ -962145.052303604898043, 5034894.016346615739167 ], [ -961985.305045191315003, 5034844.801455445587635 ], [ -961942.51291736762505, 5034674.429055852815509 ], [ -962059.467571114539169, 5034559.148329596035182 ], [ -962219.209601278183982, 5034608.357185075059533 ], [ -962262.009693168452941, 5034778.728264944627881 ], [ -962145.052303604898043, 5034894.016346615739167 ] ] ] } },
{ "type": "Feature", "properties": { "id": 238, "snapped_id": 238, "centroid_lon": -8.60911, "centroid_lat": 41.16955, "radius": 213.144, "internal_id": 617998244130848767, "population": 702, "component": 0, "o_score_pt": 1111.7865402635771, "o_score_car": 1429.5435531188257, "CDI": 0.12503571011207251, "log_population": 2.8469553250198238 }, "geometry": { "type": "Polygon", "coordinates": [ [ [ -958426.510912726982497, 5037637.513531520962715 ], [ -958180.476552897598594, 5037561.586707561276853 ], [ -958116.258392195682973, 5037305.50833790935576 ], [ -958298.062530530733056, 5037126.436876110732555 ], [ -958544.089042822597548, 5037202.354450752958655 ], [ -958608.319164353655651, 5037458.430792300961912 ], [ -958426.510912726982497, 5037637.513531520962715 ] ] ] } },
{ "type": "Feature", "properties": { "id": 239, "snapped_id": 239, "centroid_lon": -8.59553, "centroid_lat": 41.17498, "radius": 213.132, "internal_id": 617998243821780991, "population": 69, "component": 0, "o_score_pt": 945.19778949704278, "o_score_car": 1303.21147360911, "CDI": 0.15922976745678191, "log_population": 1.8450980400142569 }, "geometry": { "type": "Polygon", "coordinates": [ [ [ -956888.370197982643731, 5038334.105719830840826 ], [ -956746.51412340963725, 5038290.299583577550948 ], [ -956708.243625752162188, 5038137.594070682302117 ], [ -956811.819155786419287, 5038035.604290630668402 ], [ -956953.670551728806458, 5038079.405042671598494 ], [ -956991.948195006465539, 5038232.109397649765015 ], [ -956888.370197982643731, 5038334.105719830840826 ] ] ] } },
{ "type": "Feature", "properties": { "id": 240, "snapped_id": 240, "centroid_lon": -8.57037, "centroid_lat": 41.15882, "radius": 213.122, "internal_id": 617998243306668031, "population": 1744, "component": 0, "o_score_pt": 785.54609372250752, "o_score_car": 1237.0075969888369, "CDI": 0.22321360631348561, "log_population": 3.2417954312951989 }, "geometry": { "type": "Polygon", "coordinates": [ [ [ -954118.108152584754862, 5036071.249125346541405 ], [ -953852.916770191863179, 5035989.282867288216949 ], [ -953784.03248172509484, 5035714.095618056133389 ], [ -953980.326723438454792, 5035520.876795150339603 ], [ -954245.509688621736132, 5035602.833078184165061 ], [ -954314.406829093000852, 5035878.018158653751016 ], [ -954118.108152584754862, 5036071.249125346541405 ] ] ] } },
{ "type": "Feature", "properties": { "id": 241, "snapped_id": 241, "centroid_lon": -8.60683, "centroid_lat": 41.17588, "radius": 213.14, "internal_id": 617998244138450943, "population": 658, "component": 0, "o_score_pt": 1032.8833599935813, "o_score_car": 1425.0927899531669, "CDI": 0.15956600309896529, "log_population": 2.8188854145940097 }, "geometry": { "type": "Polygon", "coordinates": [ [ [ -958171.220152434776537, 5038571.744086438789964 ], [ -957928.088458963437006, 5038496.6995366839692 ], [ -957864.598074329085648, 5038243.4970389502123 ], [ -958044.226545264245942, 5038066.582914960570633 ], [ -958287.350479382206686, 5038141.618321713060141 ], [ -958350.852692074957304, 5038394.818816295824945 ], [ -958171.220152434776537, 5038571.744086438789964 ] ] ] } },
{ "type": "Feature", "properties": { "id": 242, "snapped_id": 242, "centroid_lon": -8.56808, "centroid_lat": 41.16516, "radius": 213.118, "internal_id": 617998243314270207, "population": 355, "component": 0, "o_score_pt": 814.61829736468155, "o_score_car": 1191.4047580054723, "CDI": 0.1878275823561088, "log_population": 2.5514499979728753 }, "geometry": { "type": "Polygon", "coordinates": [ [ [ -953850.848968091071583, 5036957.082279182970524 ], [ -953635.642021139385179, 5036890.553412115201354 ], [ -953579.182239303714596, 5036664.977633392438293 ], [ -953737.922971255495213, 5036508.736658516339958 ], [ -953953.123017785954289, 5036575.257407858036458 ], [ -954009.593341032159515, 5036800.831430782563984 ], [ -953850.848968091071583, 5036957.082279182970524 ] ] ] } },
{ "type": "Feature", "properties": { "id": 243, "snapped_id": 243, "centroid_lon": -8.57294, "centroid_lat": 41.17316, "radius": 213.118, "internal_id": 617998243811295231, "population": 50, "component": 0, "o_score_pt": 741.33192269127039, "o_score_car": 1117.8653863063846, "CDI": 0.2025247464552935, "log_population": 1.7075701760979363 }, "geometry": { "type": "Polygon", "coordinates": [ [ [ -954369.895448019960895, 5038050.446614233776927 ], [ -954242.371836810954846, 5038011.028470068238676 ], [ -954207.692224233876914, 5037872.504068538546562 ], [ -954300.532552985707298, 5037781.122093323618174 ], [ -954428.051923765335232, 5037820.535381279885769 ], [ -954462.738021739874966, 5037959.058748910203576 ], [ -954369.895448019960895, 5038050.446614233776927 ] ] ] } },
{ "type": "Feature", "properties": { "id": 244, "snapped_id": 244, "centroid_lon": -8.65431, "centroid_lat": 41.17317, "radius": 213.174, "internal_id": 617998244120363007, "population": 746, "component": 0, "o_score_pt": 1411.4937901792166, "o_score_car": 1495.3365442647334, "CDI": 0.028843360099844, "log_population": 2.8733206018153989 }, "geometry": { "type": "Polygon", "coordinates": [ [ [ -963458.759356625494547, 5038175.730120663531125 ], [ -963209.86076211114414, 5038099.067578740417957 ], [ -963144.81910353153944, 5037840.254970891401172 ], [ -963328.662415230995975, 5037659.028350999578834 ], [ -963577.553062320337631, 5037735.6815539393574 ], [ -963642.606806636904366, 5037994.492089682258666 ], [ -963458.759356625494547, 5038175.730120663531125 ] ] ] } },
{ "type": "Feature", "properties": { "id": 245, "snapped_id": 245, "centroid_lon": -8.65173, "centroid_lat": 41.15883, "radius": 213.178, "internal_id": 617998244114595839, "population": 694, "component": 0, "o_score_pt": 1363.2959975135302, "o_score_car": 1492.6343126906579, "CDI": 0.045287629993982698, "log_population": 2.8419848045901137 }, "geometry": { "type": "Polygon", "coordinates": [ [ [ -963170.011768260970712, 5036052.329577100463212 ], [ -962924.428079587640241, 5035976.693152544088662 ], [ -962860.219695807551034, 5035721.163188476115465 ], [ -963041.58324404398445, 5035542.373749498277903 ], [ -963287.159088538726792, 5035618.000958417542279 ], [ -963351.379402882652357, 5035873.528879805468023 ], [ -963170.011768260970712, 5036052.329577100463212 ] ] ] } },
{ "type": "Feature", "properties": { "id": 246, "snapped_id": 246, "centroid_lon": -8.65888, "centroid_lat": 41.16049, "radius": 213.183, "internal_id": 617998242854469631, "population": 400, "component": 0, "o_score_pt": 1407.7334046576395, "o_score_car": 1541.0540377739123, "CDI": 0.0452120187429777, "log_population": 2.6031443726201822 }, "geometry": { "type": "Polygon", "coordinates": [ [ [ -963960.070594124728814, 5036272.17423328012228 ], [ -963739.307886185357347, 5036204.202191609889269 ], [ -963681.273259909707122, 5035973.31949588470161 ], [ -963843.989999154000543, 5035812.892732894979417 ], [ -964064.745616960222833, 5035880.856481247581542 ], [ -964122.791025721933693, 5036111.737339751794934 ], [ -963960.070594124728814, 5036272.17423328012228 ] ] ] } },
{ "type": "Feature", "properties": { "id": 247, "snapped_id": 247, "centroid_lon": -8.59153, "centroid_lat": 41.14314, "radius": 213.144, "internal_id": 617998244066885631, "population": 51, "component": 0, "o_score_pt": 924.49218679898524, "o_score_car": 1163.207466178628, "CDI": 0.1143436887768657, "log_population": 1.7160033436347992 }, "geometry": { "type": "Polygon", "coordinates": [ [ [ -956439.339054243406281, 5033612.629405185580254 ], [ -956310.983473271247931, 5033573.001308258622885 ], [ -956276.073705819551833, 5033433.676879149861634 ], [ -956369.540427298285067, 5033341.629810861311853 ], [ -956497.891741799539886, 5033381.253025935962796 ], [ -956532.808028338477015, 5033520.576409782283008 ], [ -956439.339054243406281, 5033612.629405185580254 ] ] ] } },
{ "type": "Feature", "properties": { "id": 248, "snapped_id": 248, "centroid_lon": -8.59482, "centroid_lat": 41.16622, "radius": 213.136, "internal_id": 617998243813130239, "population": 970, "component": 0, "o_score_pt": 1148.6664904788995, "o_score_car": 1355.657208419439, "CDI": 0.082653339914322999, "log_population": 2.9872192299080047 }, "geometry": { "type": "Polygon", "coordinates": [ [ [ -956838.280171511461958, 5037161.024756314232945 ], [ -956577.70969813503325, 5037080.565161528997123 ], [ -956509.910419991589151, 5036810.024534738622606 ], [ -956702.66915684286505, 5036620.209177708253264 ], [ -956963.231345269829035, 5036700.658978125080466 ], [ -957031.043258489342406, 5036971.197462640702724 ], [ -956838.280171511461958, 5037161.024756314232945 ] ] ] } },
{ "type": "Feature", "properties": { "id": 249, "snapped_id": 249, "centroid_lon": -8.63772, "centroid_lat": 41.17619, "radius": 213.161, "internal_id": 617998244122198015, "population": 417, "component": 0, "o_score_pt": 1179.9427636063142, "o_score_car": 1388.7077346443259, "CDI": 0.081274183147995296, "log_population": 2.621176281775035 }, "geometry": { "type": "Polygon", "coordinates": [ [ [ -961605.260324846371077, 5038595.706465166062117 ], [ -961382.618207730934955, 5038527.078693009912968 ], [ -961324.160440240637399, 5038294.284109124913812 ], [ -961488.330042739864439, 5038132.503604894503951 ], [ -961710.965016025002114, 5038201.123005481436849 ], [ -961769.433658796246164, 5038433.915744374506176 ], [ -961605.260324846371077, 5038595.706465166062117 ] ] ] } },
{ "type": "Feature", "properties": { "id": 250, "snapped_id": 250, "centroid_lon": -8.68335, "centroid_lat": 41.16787, "radius": 213.196, "internal_id": 617998242862071807, "population": 57, "component": 0, "o_score_pt": 1040.5027140729301, "o_score_car": 1421.49979673185, "CDI": 0.15475089118994409, "log_population": 1.7634279935629373 }, "geometry": { "type": "Polygon", "coordinates": [ [ [ -966662.236823720159009, 5037275.226119256578386 ], [ -966528.769906357279979, 5037234.17232174705714 ], [ -966492.480323623400182, 5037089.965123591013253 ], [ -966589.638091159285977, 5036994.135900060646236 ], [ -966723.100574473268352, 5037035.18464408442378 ], [ -966759.396902889595367, 5037179.390733077190816 ], [ -966662.236823720159009, 5037275.226119256578386 ] ] ] } },
{ "type": "Feature", "properties": { "id": 251, "snapped_id": 251, "centroid_lon": -8.66147, "centroid_lat": 41.17483, "radius": 213.178, "internal_id": 617998240459259903, "population": 731, "component": 0, "o_score_pt": 1363.5134691169501, "o_score_car": 1499.951364284123, "CDI": 0.047647833343606699, "log_population": 2.8645110810583918 }, "geometry": { "type": "Polygon", "coordinates": [ [ [ -964254.962029892369173, 5038420.053578388877213 ], [ -964006.956781485583633, 5038343.688515252433717 ], [ -963942.120455247582868, 5038085.779634934850037 ], [ -964125.275338050560094, 5037905.209712686017156 ], [ -964373.272664112737402, 5037981.565472479909658 ], [ -964438.121033780276775, 5038239.472284983843565 ], [ -964254.962029892369173, 5038420.053578388877213 ] ] ] } },
{ "type": "Feature", "properties": { "id": 252, "snapped_id": 252, "centroid_lon": -8.59867, "centroid_lat": 41.1448, "radius": 213.148, "internal_id": 617998244065050623, "population": 1460, "component": 0, "o_score_pt": 1271.4162771988072, "o_score_car": 1369.7228213475353, "CDI": 0.037221267218691699, "log_population": 3.1646502159342966 }, "geometry": { "type": "Polygon", "coordinates": [ [ [ -957269.004223903175443, 5033997.852648568339646 ], [ -957003.789632188971154, 5033915.99497451633215 ], [ -956934.825916675035842, 5033640.854301073588431 ], [ -957131.063947436865419, 5033447.57348302565515 ], [ -957396.270114513579756, 5033529.421194037422538 ], [ -957465.246675255242735, 5033804.559685646556318 ], [ -957269.004223903175443, 5033997.852648568339646 ] ] ] } },
{ "type": "Feature", "properties": { "id": 253, "snapped_id": 253, "centroid_lon": -8.65701, "centroid_lat": 41.1549, "radius": 213.184, "internal_id": 617998244153655295, "population": 1143, "component": 0, "o_score_pt": 1164.9011612820927, "o_score_car": 1481.1799186847561, "CDI": 0.11952723587994731, "log_population": 3.0584260244570052 }, "geometry": { "type": "Polygon", "coordinates": [ [ [ -963763.672711276100017, 5035492.138165174052119 ], [ -963498.270226903725415, 5035410.420780323445797 ], [ -963429.106346573564224, 5035135.236971423961222 ], [ -963625.332105608540587, 5034941.772758247330785 ], [ -963890.726141142775305, 5035023.480195373296738 ], [ -963959.902866270276718, 5035298.66179290227592 ], [ -963763.672711276100017, 5035492.138165174052119 ] ] ] } },
{ "type": "Feature", "properties": { "id": 254, "snapped_id": 254, "centroid_lon": -8.6224, "centroid_lat": 41.14344, "radius": 213.165, "internal_id": 617998244050632703, "population": 310, "component": 0, "o_score_pt": 1243.8402513900085, "o_score_car": 1434.6341823313089, "CDI": 0.071232313640650399, "log_population": 2.4927603890268375 }, "geometry": { "type": "Polygon", "coordinates": [ [ [ -959896.693699704483151, 5033740.042377077043056 ], [ -959687.540635208715685, 5033675.555937448516488 ], [ -959632.475237487466075, 5033456.108934030868113 ], [ -959786.561356141697615, 5033304.277297261171043 ], [ -959995.70769379241392, 5033368.755863540805876 ], [ -960050.783341005444527, 5033588.201141222380102 ], [ -959896.693699704483151, 5033740.042377077043056 ] ] ] } },
{ "type": "Feature", "properties": { "id": 255, "snapped_id": 255, "centroid_lon": -8.67547, "centroid_lat": 41.15746, "radius": 213.195, "internal_id": 617998242852634623, "population": 376, "component": 0, "o_score_pt": 1013.6299724531748, "o_score_car": 1388.4745143584489, "CDI": 0.15604839171788701, "log_population": 2.576341350205793 }, "geometry": { "type": "Polygon", "coordinates": [ [ [ -965806.10146489716135, 5035822.070156397297978 ], [ -965588.100687793106772, 5035754.999788817949593 ], [ -965530.719954113475978, 5035526.895300950855017 ], [ -965691.328633203287609, 5035368.495627644471824 ], [ -965909.322400731383823, 5035435.557810055091977 ], [ -965966.713786040083505, 5035663.660477543249726 ], [ -965806.10146489716135, 5035822.070156397297978 ] ] ] } },
{ "type": "Feature", "properties": { "id": 256, "snapped_id": 256, "centroid_lon": -8.60611, "centroid_lat": 41.16713, "radius": 213.143, "internal_id": 617998244129800191, "population": 564, "component": 0, "o_score_pt": 1046.0349189263295, "o_score_car": 1401.5095429114317, "CDI": 0.1452372488131187, "log_population": 2.7520484478194387 }, "geometry": { "type": "Polygon", "coordinates": [ [ [ -958089.703763911966234, 5037270.332533985376358 ], [ -957853.552717246231623, 5037197.448378373868763 ], [ -957791.80146934685763, 5036951.172086269594729 ], [ -957966.190218131639995, 5036779.411483478732407 ], [ -958202.333718772977591, 5036852.286755919456482 ], [ -958264.096470603835769, 5037098.561103476211429 ], [ -958089.703763911966234, 5037270.332533985376358 ] ] ] } },
{ "type": "Feature", "properties": { "id": 257, "snapped_id": 257, "centroid_lon": -8.56737, "centroid_lat": 41.15641, "radius": 213.121, "internal_id": 617998243305619455, "population": 89, "component": 0, "o_score_pt": 702.84559639947065, "o_score_car": 1189.4850337805142, "CDI": 0.2571640651056617, "log_population": 1.9542425094393248 }, "geometry": { "type": "Polygon", "coordinates": [ [ [ -953756.181507247150876, 5035599.718335404060781 ], [ -953603.068121655029245, 5035552.388771073892713 ], [ -953562.036219826317392, 5035388.446230390109122 ], [ -953674.126089033205062, 5035278.116957596503198 ], [ -953827.2344591608271, 5035325.440713796764612 ], [ -953868.274029301479459, 5035489.382010818459094 ], [ -953756.181507247150876, 5035599.718335404060781 ] ] ] } },
{ "type": "Feature", "properties": { "id": 258, "snapped_id": 258, "centroid_lon": -8.637, "centroid_lat": 41.16743, "radius": 213.164, "internal_id": 617998244113547263, "population": 1191, "component": 0, "o_score_pt": 1450.4803510555462, "o_score_car": 1493.1126424727192, "CDI": 0.0144830795259071, "log_population": 3.0762762554042178 }, "geometry": { "type": "Polygon", "coordinates": [ [ [ -961535.710386470076628, 5037344.929830058477819 ], [ -961270.314734228188172, 5037263.130044345743954 ], [ -961201.204527253750712, 5036987.903862414881587 ], [ -961397.477121780626476, 5036794.479668010026217 ], [ -961662.864329821779393, 5036876.269496868364513 ], [ -961731.987387326429598, 5037151.493476491421461 ], [ -961535.710386470076628, 5037344.929830058477819 ] ] ] } },
{ "type": "Feature", "properties": { "id": 259, "snapped_id": 259, "centroid_lon": -8.62985, "centroid_lat": 41.16578, "radius": 213.16, "internal_id": 617998244112760831, "population": 852, "component": 0, "o_score_pt": 1454.3599775277771, "o_score_car": 1515.8006150462302, "CDI": 0.0206859648168745, "log_population": 2.9309490311675228 }, "geometry": { "type": "Polygon", "coordinates": [ [ [ -960736.915944184176624, 5037088.735092910006642 ], [ -960482.109397275839001, 5037010.176136111840606 ], [ -960415.655954650486819, 5036745.441315871663392 ], [ -960603.996609833673574, 5036559.8564746780321 ], [ -960858.795037074014544, 5036638.405864809639752 ], [ -960925.260841726092622, 5036903.138574665412307 ], [ -960736.915944184176624, 5037088.735092910006642 ] ] ] } },
{ "type": "Feature", "properties": { "id": 260, "snapped_id": 260, "centroid_lon": -8.67319, "centroid_lat": 41.1638, "radius": 213.191, "internal_id": 617998242853421055, "population": 411, "component": 0, "o_score_pt": 1280.6043656580323, "o_score_car": 1493.7090292330056, "CDI": 0.076813478955697706, "log_population": 2.6148972160331345 }, "geometry": { "type": "Polygon", "coordinates": [ [ [ -965553.104010398383252, 5036763.647881723940372 ], [ -965331.076969365822151, 5036695.32650753762573 ], [ -965272.696147277601995, 5036463.222473266534507 ], [ -965436.329131411155686, 5036301.8531658584252 ], [ -965658.349040063330904, 5036370.166204431094229 ], [ -965716.7407011493342, 5036602.268385119736195 ], [ -965553.104010398383252, 5036763.647881723940372 ] ] ] } },
{ "type": "Feature", "properties": { "id": 261, "snapped_id": 261, "centroid_lon": -8.60582, "centroid_lat": 41.14646, "radius": 213.152, "internal_id": 617998244065837055, "population": 469, "component": 0, "o_score_pt": 1398.8749435755287, "o_score_car": 1467.3965082207408, "CDI": 0.023906167227207301, "log_population": 2.6720978579357175 }, "geometry": { "type": "Polygon", "coordinates": [ [ [ -958055.369457464432344, 5034205.1609548619017 ], [ -957827.598834426375106, 5034134.880724757909775 ], [ -957767.934029470430687, 5033896.919481161981821 ], [ -957936.034640712314285, 5033731.331996493972838 ], [ -958163.79797459312249, 5033801.603656454011798 ], [ -958223.473892802954651, 5034039.56302579306066 ], [ -958055.369457464432344, 5034205.1609548619017 ] ] ] } },
{ "type": "Feature", "properties": { "id": 262, "snapped_id": 262, "centroid_lon": -8.65846, "centroid_lat": 41.17241, "radius": 213.177, "internal_id": 617998240460046335, "population": 681, "component": 0, "o_score_pt": 1417.8919676802873, "o_score_car": 1465.6466597866888, "CDI": 0.016561141803864501, "log_population": 2.8337843746564788 }, "geometry": { "type": "Polygon", "coordinates": [ [ [ -963919.482553238864057, 5038059.790342061780393 ], [ -963674.689401561394334, 5037984.406710245646536 ], [ -963610.661655891803093, 5037729.678018866106868 ], [ -963791.413233861792833, 5037551.484692689962685 ], [ -964036.19856215454638, 5037626.859139328822494 ], [ -964100.238202914712019, 5037881.585791308432817 ], [ -963919.482553238864057, 5038059.790342061780393 ] ] ] } },
{ "type": "Feature", "properties": { "id": 263, "snapped_id": 263, "centroid_lon": -8.56437, "centroid_lat": 41.15399, "radius": 213.12, "internal_id": 617998243312435199, "population": 379, "component": 0, "o_score_pt": 687.38939509887393, "o_score_car": 1118.9649343782496, "CDI": 0.23892075449244871, "log_population": 2.5797835966168101 }, "geometry": { "type": "Polygon", "coordinates": [ [ [ -953438.293084133416414, 5035308.925435572862625 ], [ -953220.184510892955586, 5035241.498143816366792 ], [ -953163.011698897113092, 5035013.032209477387369 ], [ -953323.944503545411862, 5034854.633551410399377 ], [ -953542.046090227435343, 5034922.052617279812694 ], [ -953599.229576823301613, 5035150.516773574985564 ], [ -953438.293084133416414, 5035308.925435572862625 ] ] ] } },
{ "type": "Feature", "properties": { "id": 264, "snapped_id": 264, "centroid_lon": -8.65629, "centroid_lat": 41.14615, "radius": 213.187, "internal_id": 617998244145004543, "population": 29, "component": 0, "o_score_pt": 1066.7914512775651, "o_score_car": 1441.9913108892115, "CDI": 0.14955454305162519, "log_population": 1.4771212547196624 }, "geometry": { "type": "Polygon", "coordinates": [ [ [ -963642.865143579430878, 5034032.964709720574319 ], [ -963539.262152310926467, 5034001.067875641398132 ], [ -963510.451321092899889, 5033886.43314057122916 ], [ -963585.252519231522456, 5033812.681648704223335 ], [ -963688.851990236435086, 5033844.574531285092235 ], [ -963717.668188923271373, 5033959.208414207212627 ], [ -963642.865143579430878, 5034032.964709720574319 ] ] ] } },
{ "type": "Feature", "properties": { "id": 265, "snapped_id": 265, "centroid_lon": -8.58009, "centroid_lat": 41.17482, "radius": 213.122, "internal_id": 617998243812081663, "population": 373, "component": 0, "o_score_pt": 841.91795550821291, "o_score_car": 1282.0829344806648, "CDI": 0.20723389573285761, "log_population": 2.5728716022004803 }, "geometry": { "type": "Polygon", "coordinates": [ [ [ -955188.044877109117806, 5038388.188516608439386 ], [ -954970.555260387831368, 5038320.981031455099583 ], [ -954913.503005328588188, 5038093.168021643534303 ], [ -955073.929675827617757, 5037935.242221547290683 ], [ -955291.412319150287658, 5038002.441507226787508 ], [ -955348.475220642285421, 5038230.252737562172115 ], [ -955188.044877109117806, 5038388.188516608439386 ] ] ] } },
{ "type": "Feature", "properties": { "id": 266, "snapped_id": 266, "centroid_lon": -8.63472, "centroid_lat": 41.17377, "radius": 213.16, "internal_id": 617998244121149439, "population": 1304, "component": 0, "o_score_pt": 1232.3938409792515, "o_score_car": 1423.4700565599601, "CDI": 0.071945032935516698, "log_population": 3.1156105116742996 }, "geometry": { "type": "Polygon", "coordinates": [ [ [ -961281.372587590594776, 5038282.28772200923413 ], [ -961015.960046054446138, 5038200.468019248917699 ], [ -960946.851366815390065, 5037925.219471897929907 ], [ -961143.142376010073349, 5037731.792828413657844 ], [ -961408.546472749789245, 5037813.602572092786431 ], [ -961477.668004884035327, 5038088.848917842842638 ], [ -961281.372587590594776, 5038282.28772200923413 ] ] ] } },
{ "type": "Feature", "properties": { "id": 267, "snapped_id": 267, "centroid_lon": -8.63971, "centroid_lat": 41.14917, "radius": 213.174, "internal_id": 617998244057448447, "population": 63, "component": 0, "o_score_pt": 1093.4436045236459, "o_score_car": 1431.1182910865948, "CDI": 0.13375575665231429, "log_population": 1.8061799739838871 }, "geometry": { "type": "Polygon", "coordinates": [ [ [ -961805.122905355179682, 5034514.7318100836128 ], [ -961667.313085774076171, 5034472.271111562848091 ], [ -961629.99237250443548, 5034323.661447890102863 ], [ -961730.486210990231484, 5034224.609941447153687 ], [ -961868.291470561292954, 5034267.065417129546404 ], [ -961905.619134245673195, 5034415.673945507034659 ], [ -961805.122905355179682, 5034514.7318100836128 ] ] ] } },
{ "type": "Feature", "properties": { "id": 268, "snapped_id": 268, "centroid_lon": -8.68034, "centroid_lat": 41.16546, "radius": 213.195, "internal_id": 617998242861023231, "population": 119, "component": 0, "o_score_pt": 1100.1724419173092, "o_score_car": 1429.9488569391508, "CDI": 0.1303401600432717, "log_population": 2.0791812460476247 }, "geometry": { "type": "Polygon", "coordinates": [ [ [ -966335.663621731218882, 5036951.835515116341412 ], [ -966169.354013598989695, 5036900.674276296980679 ], [ -966124.868305467884056, 5036723.872271695174277 ], [ -966246.676361383986659, 5036603.734696379862726 ], [ -966412.980534395901486, 5036654.889665048569441 ], [ -966457.474505981663242, 5036831.690283794887364 ], [ -966335.663621731218882, 5036951.835515116341412 ] ] ] } },
{ "type": "Feature", "properties": { "id": 269, "snapped_id": 269, "centroid_lon": -8.60354, "centroid_lat": 41.1528, "radius": 213.148, "internal_id": 617998244073439231, "population": 1087, "component": 0, "o_score_pt": 1338.0971560636583, "o_score_car": 1445.0737596992271, "CDI": 0.0384369508281691, "log_population": 3.0366288953621612 }, "geometry": { "type": "Polygon", "coordinates": [ [ [ -957810.185985729563981, 5035180.353008441627026 ], [ -957544.929978018742986, 5035098.491674100980163 ], [ -957475.942888611112721, 5034823.321830987930298 ], [ -957672.198959017405286, 5034630.015506495721638 ], [ -957937.446538438322023, 5034711.866877338849008 ], [ -958006.446475533652119, 5034987.034535680897534 ], [ -957810.185985729563981, 5035180.353008441627026 ] ] ] } },
{ "type": "Feature", "properties": { "id": 270, "snapped_id": 270, "centroid_lon": -8.58853, "centroid_lat": 41.14072, "radius": 213.143, "internal_id": 617998243352281087, "population": 3, "component": 0, "o_score_pt": 727.32147862683223, "o_score_car": 1250.2710542902057, "CDI": 0.26443747483815538, "log_population": 0.6020599913279624 }, "geometry": { "type": "Polygon", "coordinates": [ [ [ -956076.41254579112865, 5033137.485449506901205 ], [ -956063.838756098179147, 5033133.603066863492131 ], [ -956057.721798162907362, 5033109.18689120747149 ], [ -956064.233338589197956, 5033102.77451197616756 ], [ -956076.806377471890301, 5033106.656313559040427 ], [ -956082.924501980189234, 5033131.072402525693178 ], [ -956076.41254579112865, 5033137.485449506901205 ] ] ] } },
{ "type": "Feature", "properties": { "id": 271, "snapped_id": 271, "centroid_lon": -8.64788, "centroid_lat": 41.18026, "radius": 213.166, "internal_id": 617998240475512831, "population": 1135, "component": 0, "o_score_pt": 1279.9812792321541, "o_score_car": 1403.5809512141543, "CDI": 0.046058060655237397, "log_population": 3.055378331375 }, "geometry": { "type": "Polygon", "coordinates": [ [ [ -962746.886506302049384, 5039241.848974842578173 ], [ -962481.416420491063036, 5039160.051968097686768 ], [ -962412.258613260695711, 5038884.778686229139566 ], [ -962608.55803736904636, 5038691.304619167931378 ], [ -962874.019671956310049, 5038773.091669273562729 ], [ -962943.190333447884768, 5039048.362742586992681 ], [ -962746.886506302049384, 5039241.848974842578173 ] ] ] } },
{ "type": "Feature", "properties": { "id": 272, "snapped_id": 272, "centroid_lon": -8.65401, "centroid_lat": 41.15249, "radius": 213.183, "internal_id": 617998244152606719, "population": 927, "component": 0, "o_score_pt": 1213.1352030535636, "o_score_car": 1422.1459127093185, "CDI": 0.079312490954213999, "log_population": 2.9675479762188619 }, "geometry": { "type": "Polygon", "coordinates": [ [ [ -963427.420513463090174, 5035128.342004582285881 ], [ -963168.793631448526867, 5035048.702776153571904 ], [ -963101.327346742968075, 5034780.235064838081598 ], [ -963292.475742749054916, 5034591.784379803575575 ], [ -963551.094383446499705, 5034671.413910677656531 ], [ -963618.573199973674491, 5034939.879469010047615 ], [ -963427.420513463090174, 5035128.342004582285881 ] ] ] } },
{ "type": "Feature", "properties": { "id": 273, "snapped_id": 273, "centroid_lon": -8.6194, "centroid_lat": 41.14103, "radius": 213.164, "internal_id": 617998244049584127, "population": 417, "component": 0, "o_score_pt": 1171.677774508539, "o_score_car": 1376.507804007291, "CDI": 0.080382697094633707, "log_population": 2.621176281775035 }, "geometry": { "type": "Polygon", "coordinates": [ [ [ -959565.709863170399331, 5033396.737969408743083 ], [ -959343.220198145485483, 5033328.132650231011212 ], [ -959284.840217499178834, 5033095.443249070085585 ], [ -959448.946553277201019, 5032933.744528753682971 ], [ -959671.429086882853881, 5033002.341478955000639 ], [ -959729.819933552644216, 5033235.029044463299215 ], [ -959565.709863170399331, 5033396.737969408743083 ] ] ] } },
{ "type": "Feature", "properties": { "id": 274, "snapped_id": 274, "centroid_lon": -8.62041, "centroid_lat": 41.17045, "radius": 213.152, "internal_id": 617998244128751615, "population": 1108, "component": 0, "o_score_pt": 1101.1725319850791, "o_score_car": 1439.9066125002612, "CDI": 0.13330323899997529, "log_population": 3.0449315461491602 }, "geometry": { "type": "Polygon", "coordinates": [ [ [ -959689.020110205980018, 5037791.287935921922326 ], [ -959423.656681183958426, 5037709.435611347667873 ], [ -959354.597881769528612, 5037434.200640200637281 ], [ -959550.889658460975625, 5037240.820187439210713 ], [ -959816.244648816180415, 5037322.662549377419055 ], [ -959885.316300937091, 5037597.895326223224401 ], [ -959689.020110205980018, 5037791.287935921922326 ] ] ] } },
{ "type": "Feature", "properties": { "id": 275, "snapped_id": 275, "centroid_lon": -8.59982, "centroid_lat": 41.14163, "radius": 213.15, "internal_id": 617998244105158655, "population": 447, "component": 0, "o_score_pt": 1119.755823151082, "o_score_car": 1304.5948426544128, "CDI": 0.076242691336039697, "log_population": 2.651278013998144 }, "geometry": { "type": "Polygon", "coordinates": [ [ [ -957386.406567892874591, 5033488.984004481695592 ], [ -957160.829146144213155, 5033419.366484536789358 ], [ -957101.723327394924127, 5033183.567534598521888 ], [ -957268.191809634678066, 5033019.600998312234879 ], [ -957493.762010807869956, 5033089.210027914494276 ], [ -957552.878841703291982, 5033325.007124341093004 ], [ -957386.406567892874591, 5033488.984004481695592 ] ] ] } },
{ "type": "Feature", "properties": { "id": 276, "snapped_id": 276, "centroid_lon": -8.64259, "centroid_lat": 41.18419, "radius": 213.161, "internal_id": 617998240475250687, "population": 227, "component": 0, "o_score_pt": 1102.6673897791625, "o_score_car": 1428.7780081005662, "CDI": 0.12882388006257031, "log_population": 2.357934847000454 }, "geometry": { "type": "Polygon", "coordinates": [ [ [ -962140.457825303426944, 5039750.687815812416375 ], [ -961945.163469097111374, 5039690.496544699184597 ], [ -961893.512121831416152, 5039484.854863944463432 ], [ -962037.134850625297986, 5039343.31652423646301 ], [ -962232.422893960960209, 5039403.500439085997641 ], [ -962284.083852368756197, 5039609.140502038411796 ], [ -962140.457825303426944, 5039750.687815812416375 ] ] ] } },
{ "type": "Feature", "properties": { "id": 277, "snapped_id": 277, "centroid_lon": -8.63442, "centroid_lat": 41.1531, "radius": 213.169, "internal_id": 617998244057186303, "population": 335, "component": 0, "o_score_pt": 1351.7594669536761, "o_score_car": 1484.420831462902, "CDI": 0.046774658361208497, "log_population": 2.5263392773898441 }, "geometry": { "type": "Polygon", "coordinates": [ [ [ -961235.086942228605039, 5035171.364072810858488 ], [ -961022.387650974211283, 5035105.810712101869285 ], [ -960966.414494890719652, 5034882.872986529022455 ], [ -961123.134015681105666, 5034728.421537934802473 ], [ -961335.82646866037976, 5034793.966896806843579 ], [ -961391.81003754818812, 5035016.902862345799804 ], [ -961235.086942228605039, 5035171.364072810858488 ] ] ] } },
{ "type": "Feature", "properties": { "id": 278, "snapped_id": 278, "centroid_lon": -8.61813, "centroid_lat": 41.17679, "radius": 213.147, "internal_id": 617998244136353791, "population": 560, "component": 0, "o_score_pt": 998.34356362337917, "o_score_car": 1367.3163199289329, "CDI": 0.15597033152183229, "log_population": 2.7489628612561612 }, "geometry": { "type": "Polygon", "coordinates": [ [ [ -959427.198337534675375, 5038698.483520935289562 ], [ -959191.308150126365945, 5038625.709239569492638 ], [ -959129.593959809979424, 5038379.720867969095707 ], [ -959303.756478355498984, 5038208.15539413690567 ], [ -959539.639123576693237, 5038280.920805408619344 ], [ -959601.364805216784589, 5038526.907229313626885 ], [ -959427.198337534675375, 5038698.483520935289562 ] ] ] } },
{ "type": "Feature", "properties": { "id": 279, "snapped_id": 279, "centroid_lon": -8.634, "centroid_lat": 41.16502, "radius": 213.163, "internal_id": 617998244112498687, "population": 778, "component": 0, "o_score_pt": 1418.2734150054662, "o_score_car": 1457.4754125566712, "CDI": 0.0136319268134546, "log_population": 2.8915374576725643 }, "geometry": { "type": "Polygon", "coordinates": [ [ [ -961197.55061401554849, 5036972.942903429269791 ], [ -960946.835105962003581, 5036895.660001187585294 ], [ -960881.390618950244971, 5036634.995190425775945 ], [ -961066.64933820895385, 5036452.432408848777413 ], [ -961317.356850014999509, 5036529.70589786209166 ], [ -961382.813509040512145, 5036790.368630594573915 ], [ -961197.55061401554849, 5036972.942903429269791 ] ] ] } },
{ "type": "Feature", "properties": { "id": 280, "snapped_id": 280, "centroid_lon": -8.67018, "centroid_lat": 41.16139, "radius": 213.19, "internal_id": 617998242852372479, "population": 213, "component": 0, "o_score_pt": 1258.9985491766545, "o_score_car": 1489.318340941307, "CDI": 0.083803942912408003, "log_population": 2.330413773349191 }, "geometry": { "type": "Polygon", "coordinates": [ [ [ -965211.01846633607056, 5036376.552991535514593 ], [ -965018.600666478741914, 5036317.336873383261263 ], [ -964967.615302251535468, 5036114.60607401188463 ], [ -965109.035750122973695, 5035975.147662968374789 ], [ -965301.447321032057516, 5036034.356541494838893 ], [ -965352.442156174103729, 5036237.085738028399646 ], [ -965211.01846633607056, 5036376.552991535514593 ] ] ] } },
{ "type": "Feature", "properties": { "id": 281, "snapped_id": 281, "centroid_lon": -8.60039, "centroid_lat": 41.18297, "radius": 213.132, "internal_id": 617998243882598399, "population": 87, "component": 0, "o_score_pt": 1022.0881437711564, "o_score_car": 1273.6381966640351, "CDI": 0.1095731875625878, "log_population": 1.9444826721501687 }, "geometry": { "type": "Polygon", "coordinates": [ [ [ -957432.288241195259616, 5039527.64060371555388 ], [ -957280.071404980262741, 5039480.640239634551108 ], [ -957239.217177561833523, 5039317.663210273720324 ], [ -957350.562526497524232, 5039208.018180386163294 ], [ -957502.774368057725951, 5039255.012775992974639 ], [ -957543.636220438638702, 5039417.988560155965388 ], [ -957432.288241195259616, 5039527.64060371555388 ] ] ] } },
{ "type": "Feature", "properties": { "id": 282, "snapped_id": 282, "centroid_lon": -8.60282, "centroid_lat": 41.14404, "radius": 213.151, "internal_id": 617998244064788479, "population": 1068, "component": 0, "o_score_pt": 1260.0570823195901, "o_score_car": 1420.1716272614174, "CDI": 0.059739135085549198, "log_population": 3.0289777052087778 }, "geometry": { "type": "Polygon", "coordinates": [ [ [ -957730.377269940101542, 5033886.02685378305614 ], [ -957465.524462155299261, 5033804.296424487605691 ], [ -957396.63992411037907, 5033529.524999396875501 ], [ -957592.595432030269876, 5033336.506834272295237 ], [ -957857.439825032022782, 5033418.227315701544285 ], [ -957926.337190664489754, 5033692.996560027822852 ], [ -957730.377269940101542, 5033886.02685378305614 ] ] ] } },
{ "type": "Feature", "properties": { "id": 283, "snapped_id": 283, "centroid_lon": -8.61526, "centroid_lat": 41.14178, "radius": 213.161, "internal_id": 617998244049846271, "population": 1292, "component": 0, "o_score_pt": 1285.6703319955973, "o_score_car": 1414.3185068819644, "CDI": 0.047647669143642997, "log_population": 3.1115985248803941 }, "geometry": { "type": "Polygon", "coordinates": [ [ [ -959114.884358772309497, 5033551.914781297557056 ], [ -958849.63751370634418, 5033470.10956400912255 ], [ -958780.622420531813987, 5033194.977629906497896 ], [ -958976.841329155140556, 5033001.653102432377636 ], [ -959242.079744051792659, 5033083.44836244918406 ], [ -959311.107680286280811, 5033358.578106720000505 ], [ -959114.884358772309497, 5033551.914781297557056 ] ] ] } },
{ "type": "Feature", "properties": { "id": 284, "snapped_id": 284, "centroid_lon": -8.6593, "centroid_lat": 41.14856, "radius": 213.188, "internal_id": 617998244152868863, "population": 1279, "component": 0, "o_score_pt": 1176.8049921441859, "o_score_car": 1409.2052543208024, "CDI": 0.089868268114676603, "log_population": 3.1072099696478683 }, "geometry": { "type": "Polygon", "coordinates": [ [ [ -964017.769608857808635, 5034554.834646858274937 ], [ -963752.384021861827932, 5034473.137156342156231 ], [ -963683.21862712118309, 5034197.975714912638068 ], [ -963879.425976734841242, 5034004.513975574634969 ], [ -964144.803115490358323, 5034086.201520594768226 ], [ -964213.981352663482539, 5034361.360749951563776 ], [ -964017.769608857808635, 5034554.834646858274937 ] ] ] } },
{ "type": "Feature", "properties": { "id": 285, "snapped_id": 285, "centroid_lon": -8.57709, "centroid_lat": 41.1724, "radius": 213.121, "internal_id": 617998243811033087, "population": 141, "component": 0, "o_score_pt": 728.30125684698476, "o_score_car": 1269.6032906620228, "CDI": 0.27093488249472919, "log_population": 2.1522883443830563 }, "geometry": { "type": "Polygon", "coordinates": [ [ [ -954842.973116029985249, 5037986.348028145730495 ], [ -954669.217279084259644, 5037932.649520006962121 ], [ -954623.041624046862125, 5037748.241137055680156 ], [ -954750.614997521275654, 5037622.661546899937093 ], [ -954924.365189867792651, 5037676.353480799123645 ], [ -954970.549468388431706, 5037860.760446873493493 ], [ -954842.973116029985249, 5037986.348028145730495 ] ] ] } },
{ "type": "Feature", "properties": { "id": 286, "snapped_id": 286, "centroid_lon": -8.64902, "centroid_lat": 41.17709, "radius": 213.168, "internal_id": 617998244120100863, "population": 84, "component": 0, "o_score_pt": 1386.6658518161823, "o_score_car": 1438.0744275589473, "CDI": 0.018199399115778898, "log_population": 1.9294189257142929 }, "geometry": { "type": "Polygon", "coordinates": [ [ [ -962845.411780030699447, 5038656.018354254774749 ], [ -962694.702345112571493, 5038609.585730858147144 ], [ -962654.155418961541727, 5038448.20251680072397 ], [ -962764.297483213595115, 5038339.64133348595351 ], [ -962915.001962604001164, 5038386.068256286904216 ], [ -962955.556436778162606, 5038547.450224637985229 ], [ -962845.411780030699447, 5038656.018354254774749 ] ] ] } },
{ "type": "Feature", "properties": { "id": 287, "snapped_id": 287, "centroid_lon": -8.60954, "centroid_lat": 41.15763, "radius": 213.15, "internal_id": 617998244073701375, "population": 1471, "component": 0, "o_score_pt": 1355.6713183593299, "o_score_car": 1483.3690255790025, "CDI": 0.044979180198097997, "log_population": 3.1679078100014801 }, "geometry": { "type": "Polygon", "coordinates": [ [ [ -958478.757898427196778, 5035894.432874952442944 ], [ -958213.468898073886521, 5035812.577854608185589 ], [ -958144.45765505975578, 5035537.390024346299469 ], [ -958340.722563221002929, 5035344.05940200202167 ], [ -958606.003131925244816, 5035425.904459508135915 ], [ -958675.027223907760344, 5035701.090101705864072 ], [ -958478.757898427196778, 5035894.432874952442944 ] ] ] } },
{ "type": "Feature", "properties": { "id": 288, "snapped_id": 288, "centroid_lon": -8.6736, "centroid_lat": 41.15188, "radius": 213.197, "internal_id": 617998242859974655, "population": 757, "component": 0, "o_score_pt": 1156.2037896826785, "o_score_car": 1294.2750593166004, "CDI": 0.056344607785660798, "log_population": 2.8796692056320534 }, "geometry": { "type": "Polygon", "coordinates": [ [ [ -965606.28535801183898, 5035028.685866071842611 ], [ -965356.752624982153066, 5034951.913470621220767 ], [ -965291.506137115880847, 5034692.516914063133299 ], [ -965475.780683098128065, 5034510.776869525201619 ], [ -965725.305446440470405, 5034587.539911944419146 ], [ -965790.564042232581414, 5034846.934383172541857 ], [ -965606.28535801183898, 5035028.685866071842611 ] ] ] } },
{ "type": "Feature", "properties": { "id": 289, "snapped_id": 289, "centroid_lon": -8.61741, "centroid_lat": 41.16804, "radius": 213.151, "internal_id": 617998244127703039, "population": 1402, "component": 0, "o_score_pt": 1198.341616780715, "o_score_car": 1468.2383904920621, "CDI": 0.101214579339542, "log_population": 3.1470576710283598 }, "geometry": { "type": "Polygon", "coordinates": [ [ [ -959354.597881769528612, 5037434.200640200637281 ], [ -959089.250952518777922, 5037352.345146892592311 ], [ -959020.204237153055146, 5037077.119164279662073 ], [ -959216.491598762455396, 5036883.750867133960128 ], [ -959481.830091028357856, 5036965.596397477202117 ], [ -959550.889658460975625, 5037240.820187439210713 ], [ -959354.597881769528612, 5037434.200640200637281 ] ] ] } },
{ "type": "Feature", "properties": { "id": 290, "snapped_id": 290, "centroid_lon": -8.63958, "centroid_lat": 41.18177, "radius": 213.16, "internal_id": 617998240474202111, "population": 227, "component": 0, "o_score_pt": 930.98391812034799, "o_score_car": 1415.4295833307674, "CDI": 0.20646218789263659, "log_population": 2.357934847000454 }, "geometry": { "type": "Polygon", "coordinates": [ [ [ -961805.845725330756977, 5039393.58402762748301 ], [ -961610.564271279610693, 5039333.390647863969207 ], [ -961558.921712328214198, 5039127.754697422496974 ], [ -961702.541781517793424, 5038986.224700682796538 ], [ -961897.816923899576068, 5039046.410723945125937 ], [ -961949.46909355209209, 5039252.045057771727443 ], [ -961805.845725330756977, 5039393.58402762748301 ] ] ] } },
{ "type": "Feature", "properties": { "id": 291, "snapped_id": 291, "centroid_lon": -8.67619, "centroid_lat": 41.16622, "radius": 213.192, "internal_id": 617998242861285375, "population": 80, "component": 0, "o_score_pt": 1117.1450729300689, "o_score_car": 1462.5890906764023, "CDI": 0.13390682754047889, "log_population": 1.9084850188786497 }, "geometry": { "type": "Polygon", "coordinates": [ [ [ -965869.487662596977316, 5037045.593962078914046 ], [ -965720.942376538761891, 5036999.888761906884611 ], [ -965680.897437642328441, 5036840.705134722404182 ], [ -965789.381475160364062, 5036733.717519146390259 ], [ -965937.921868374221958, 5036779.417105958797038 ], [ -965977.974250509403646, 5036938.599498418159783 ], [ -965869.487662596977316, 5037045.593962078914046 ] ] ] } },
{ "type": "Feature", "properties": { "id": 292, "snapped_id": 292, "centroid_lon": -8.63141, "centroid_lat": 41.15068, "radius": 213.168, "internal_id": 617998244056137727, "population": 257, "component": 0, "o_score_pt": 1289.4054692838597, "o_score_car": 1434.2640392433766, "CDI": 0.053185076054930697, "log_population": 2.4116197059632301 }, "geometry": { "type": "Polygon", "coordinates": [ [ [ -960897.690632389625534, 5034802.245221321471035 ], [ -960696.933909082086757, 5034740.366283656097949 ], [ -960643.942094470490701, 5034529.27303912024945 ], [ -960791.703138942248188, 5034383.656299014575779 ], [ -960992.45338820014149, 5034445.527677056379616 ], [ -961045.455063790199347, 5034656.61926250346005 ], [ -960897.690632389625534, 5034802.245221321471035 ] ] ] } },
{ "type": "Feature", "properties": { "id": 293, "snapped_id": 293, "centroid_lon": -8.6483, "centroid_lat": 41.16834, "radius": 213.172, "internal_id": 617998244111450111, "population": 1253, "component": 0, "o_score_pt": 1468.6237857700746, "o_score_car": 1509.7542094662303, "CDI": 0.013809672164493801, "log_population": 3.0982975364946976 }, "geometry": { "type": "Polygon", "coordinates": [ [ [ -962793.651271586422808, 5037478.607430832460523 ], [ -962528.223031358909793, 5037396.837103614583611 ], [ -962459.075034560170025, 5037121.606350882910192 ], [ -962655.34242770425044, 5036928.148132841102779 ], [ -962920.762219281750731, 5037009.908506431616843 ], [ -962989.923066156334244, 5037285.137051198631525 ], [ -962793.651271586422808, 5037478.607430832460523 ] ] ] } },
{ "type": "Feature", "properties": { "id": 294, "snapped_id": 294, "centroid_lon": -8.5881, "centroid_lat": 41.15264, "radius": 213.137, "internal_id": 617998244063739903, "population": 598, "component": 0, "o_score_pt": 1166.8287128088309, "o_score_car": 1243.1183880139349, "CDI": 0.031656161738595097, "log_population": 2.7774268223893115 }, "geometry": { "type": "Polygon", "coordinates": [ [ [ -956084.855686630355194, 5035130.481902427971363 ], [ -955846.156802496407181, 5035056.766871568746865 ], [ -955783.813855339307338, 5034807.918248260393739 ], [ -955960.1618842453463, 5034634.269898258149624 ], [ -956198.853151133400388, 5034707.975946201942861 ], [ -956261.207720844191499, 5034956.822611853480339 ], [ -956084.855686630355194, 5035130.481902427971363 ] ] ] } },
{ "type": "Feature", "properties": { "id": 295, "snapped_id": 295, "centroid_lon": -8.64001, "centroid_lat": 41.16985, "radius": 213.165, "internal_id": 617998244121411583, "population": 553, "component": 0, "o_score_pt": 1336.4600357720003, "o_score_car": 1415.855909459721, "CDI": 0.028846933007553401, "log_population": 2.7435097647284299 }, "geometry": { "type": "Polygon", "coordinates": [ [ [ -961862.752630874165334, 5037671.291243595071137 ], [ -961627.401912524015643, 5037598.759183211252093 ], [ -961565.77186415286269, 5037353.357082709670067 ], [ -961739.479561477084644, 5037182.16339516453445 ], [ -961974.82274915126618, 5037254.686613976024091 ], [ -962036.464258970459923, 5037500.086762291379273 ], [ -961862.752630874165334, 5037671.291243595071137 ] ] ] } },
{ "type": "Feature", "properties": { "id": 296, "snapped_id": 296, "centroid_lon": -8.66976, "centroid_lat": 41.17331, "radius": 213.184, "internal_id": 617998240457949183, "population": 230, "component": 0, "o_score_pt": 1104.5259624700118, "o_score_car": 1386.6301559761234, "CDI": 0.1132422779195688, "log_population": 2.3636119798921444 }, "geometry": { "type": "Polygon", "coordinates": [ [ [ -965165.507745420210995, 5038143.301689262501895 ], [ -964969.602081294986419, 5038083.002034441567957 ], [ -964917.747288421029225, 5037876.811594281345606 ], [ -965061.780496941879392, 5037734.788190223276615 ], [ -965257.679824919090606, 5037795.080475160852075 ], [ -965309.544251509127207, 5038001.269283073022962 ], [ -965165.507745420210995, 5038143.301689262501895 ] ] ] } },
{ "type": "Feature", "properties": { "id": 297, "snapped_id": 297, "centroid_lon": -8.58052, "centroid_lat": 41.1629, "radius": 213.127, "internal_id": 617998243318726655, "population": 141, "component": 0, "o_score_pt": 1037.2437829096548, "o_score_car": 1253.0434615393681, "CDI": 0.094223848625427903, "log_population": 2.1522883443830563 }, "geometry": { "type": "Polygon", "coordinates": [ [ [ -955225.134765151888132, 5036580.883231030777097 ], [ -955051.398901765467599, 5036527.205382749438286 ], [ -955005.222280784859322, 5036342.82186767924577 ], [ -955132.78024996095337, 5036217.242127798497677 ], [ -955306.510469414293766, 5036270.913404162041843 ], [ -955352.695711358566768, 5036455.29550152271986 ], [ -955225.134765151888132, 5036580.883231030777097 ] ] ] } },
{ "type": "Feature", "properties": { "id": 298, "snapped_id": 298, "centroid_lon": -8.64602, "centroid_lat": 41.17468, "radius": 213.167, "internal_id": 617998244119052287, "population": 66, "component": 0, "o_score_pt": 1258.6876394048179, "o_score_car": 1379.4453167673639, "CDI": 0.045773916390385402, "log_population": 1.8260748027008264 }, "geometry": { "type": "Polygon", "coordinates": [ [ [ -962508.116094218683429, 5038288.006696270778775 ], [ -962368.167137704440393, 5038244.884948012419045 ], [ -962330.306839637923986, 5038094.173503577709198 ], [ -962432.376941642607562, 5037993.572492844425142 ], [ -962572.321270910324529, 5038036.688938961364329 ], [ -962610.188619716907851, 5038187.399228748865426 ], [ -962508.116094218683429, 5038288.006696270778775 ] ] ] } },
{ "type": "Feature", "properties": { "id": 299, "snapped_id": 299, "centroid_lon": -8.65215, "centroid_lat": 41.14691, "radius": 213.184, "internal_id": 617998244145266687, "population": 15, "component": 0, "o_score_pt": 1159.359713958881, "o_score_car": 1404.6132382850988, "CDI": 0.095653709650709295, "log_population": 1.2041199826559248 }, "geometry": { "type": "Polygon", "coordinates": [ [ [ -963174.210994043736719, 5034115.753256957046688 ], [ -963099.002646376611665, 5034092.594018790870905 ], [ -963077.275551400380209, 5034006.127843003720045 ], [ -963130.769803405855782, 5033953.38855987880379 ], [ -963205.975495689082891, 5033976.544898170046508 ], [ -963227.706646630889736, 5034063.010460795834661 ], [ -963174.210994043736719, 5034115.753256957046688 ] ] ] } },
{ "type": "Feature", "properties": { "id": 300, "snapped_id": 300, "centroid_lon": -8.59138, "centroid_lat": 41.17573, "radius": 213.129, "internal_id": 617998243809984511, "population": 601, "component": 0, "o_score_pt": 817.66095094311277, "o_score_car": 1300.3700987774555, "CDI": 0.22790466074518911, "log_population": 2.7795964912578244 }, "geometry": { "type": "Polygon", "coordinates": [ [ [ -956450.897299814387225, 5038544.648895724676549 ], [ -956211.887840249575675, 5038470.827048340812325 ], [ -956149.45952540228609, 5038221.679505811072886 ], [ -956326.028427664190531, 5038047.827963484451175 ], [ -956565.03025726613123, 5038121.640815367922187 ], [ -956627.47021221392788, 5038370.786395621486008 ], [ -956450.897299814387225, 5038544.648895724676549 ] ] ] } },
{ "type": "Feature", "properties": { "id": 301, "snapped_id": 301, "centroid_lon": -8.6706, "centroid_lat": 41.14947, "radius": 213.196, "internal_id": 617998242858926079, "population": 533, "component": 0, "o_score_pt": 1087.9542649003042, "o_score_car": 1380.4102433279843, "CDI": 0.11848168187995679, "log_population": 2.7275412570285562 }, "geometry": { "type": "Polygon", "coordinates": [ [ [ -965267.686494197929278, 5034655.706337139010429 ], [ -965033.993654095800593, 5034583.800040009431541 ], [ -964972.707354161539115, 5034340.11314282938838 ], [ -965145.103989877621643, 5034170.094521384686232 ], [ -965378.789344089920633, 5034241.992051242850721 ], [ -965440.087020271224901, 5034485.676997927948833 ], [ -965267.686494197929278, 5034655.706337139010429 ] ] ] } },
{ "type": "Feature", "properties": { "id": 302, "snapped_id": 302, "centroid_lon": -8.58581, "centroid_lat": 41.15898, "radius": 213.133, "internal_id": 617998244071342079, "population": 253, "component": 0, "o_score_pt": 1054.4474656310772, "o_score_car": 1266.5171156377819, "CDI": 0.0913713426383988, "log_population": 2.4048337166199381 }, "geometry": { "type": "Polygon", "coordinates": [ [ [ -955820.551930656889454, 5036027.868832951411605 ], [ -955620.566610621637665, 5035966.09821972809732 ], [ -955567.854574453202076, 5035755.670581758022308 ], [ -955715.124537867610343, 5035610.666926927864552 ], [ -955915.103416201658547, 5035672.42999445926398 ], [ -955967.825286026811227, 5035882.855995903722942 ], [ -955820.551930656889454, 5036027.868832951411605 ] ] ] } },
{ "type": "Feature", "properties": { "id": 303, "snapped_id": 303, "centroid_lon": -8.66447, "centroid_lat": 41.17724, "radius": 213.179, "internal_id": 617998240460308479, "population": 383, "component": 0, "o_score_pt": 1197.9000694933109, "o_score_car": 1421.253487995353, "CDI": 0.085276946769093295, "log_population": 2.5843312243675309 }, "geometry": { "type": "Polygon", "coordinates": [ [ [ -964582.40116757794749, 5038747.324798496440053 ], [ -964363.530431426712312, 5038679.937572439201176 ], [ -964305.955804604571313, 5038450.947173023596406 ], [ -964467.234928525518626, 5038291.937830437906086 ], [ -964686.098629289888777, 5038359.316833687014878 ], [ -964743.683952703722753, 5038588.305409242399037 ], [ -964582.40116757794749, 5038747.324798496440053 ] ] ] } },
{ "type": "Feature", "properties": { "id": 304, "snapped_id": 304, "centroid_lon": -8.5708, "centroid_lat": 41.1469, "radius": 213.128, "internal_id": 617998243350183935, "population": 182, "component": 0, "o_score_pt": 681.79688738223513, "o_score_car": 1146.4862715172619, "CDI": 0.2541670757470294, "log_population": 2.2624510897304293 }, "geometry": { "type": "Polygon", "coordinates": [ [ [ -954146.336107087787241, 5034227.272718442603946 ], [ -953961.21280184504576, 5034170.063867565244436 ], [ -953912.222159893834032, 5033974.352778970263898 ], [ -954048.361975889070891, 5033840.334975136443973 ], [ -954233.47929451672826, 5033897.536829218268394 ], [ -954282.479083604877815, 5034093.246409335173666 ], [ -954146.336107087787241, 5034227.272718442603946 ] ] ] } },
{ "type": "Feature", "properties": { "id": 305, "snapped_id": 305, "centroid_lon": -8.61669, "centroid_lat": 41.15929, "radius": 213.154, "internal_id": 617998244055089151, "population": 758, "component": 0, "o_score_pt": 1350.3047103264132, "o_score_car": 1486.7969953248944, "CDI": 0.048109761002433603, "log_population": 2.8802417758954801 }, "geometry": { "type": "Polygon", "coordinates": [ [ [ -959270.730764387059025, 5036123.807981982827187 ], [ -959021.252144518541172, 5036046.853700218722224 ], [ -958956.158423375454731, 5035787.374614886939526 ], [ -959140.532069158856757, 5035605.735444976016879 ], [ -959390.002735824324191, 5035682.68035343196243 ], [ -959455.108573950245045, 5035942.157378956675529 ], [ -959270.730764387059025, 5036123.807981982827187 ] ] ] } },
{ "type": "Feature", "properties": { "id": 306, "snapped_id": 306, "centroid_lon": -8.68522, "centroid_lat": 41.17346, "radius": 213.195, "internal_id": 617998242921840639, "population": 459, "component": 0, "o_score_pt": 1108.4907604026689, "o_score_car": 1307.9597514919271, "CDI": 0.082546276080310302, "log_population": 2.6627578316815743 }, "geometry": { "type": "Polygon", "coordinates": [ [ [ -966893.433054701075889, 5038196.413653563708067 ], [ -966666.368732480332255, 5038126.570535507053137 ], [ -966606.704039863776416, 5037889.497033906169236 ], [ -966774.087294657947496, 5037724.402592544443905 ], [ -967001.144327034126036, 5037794.237191693857312 ], [ -967060.820090846042149, 5038031.308792135678232 ], [ -966893.433054701075889, 5038196.413653563708067 ] ] ] } },
{ "type": "Feature", "properties": { "id": 307, "snapped_id": 307, "centroid_lon": -8.67847, "centroid_lat": 41.15988, "radius": 213.196, "internal_id": 617998242853683199, "population": 365, "component": 0, "o_score_pt": 1059.7381447941871, "o_score_car": 1406.2970840956611, "CDI": 0.1405328420460103, "log_population": 2.5634810853944106 }, "geometry": { "type": "Polygon", "coordinates": [ [ [ -966140.480421895743348, 5036177.575920133851469 ], [ -965923.803540420834906, 5036110.919613928534091 ], [ -965866.74695041636005, 5035884.135914729908109 ], [ -966026.354909777524881, 5035726.716823808848858 ], [ -966243.024821112863719, 5035793.364994660951197 ], [ -966300.092001430224627, 5036020.146883437409997 ], [ -966140.480421895743348, 5036177.575920133851469 ] ] ] } },
{ "type": "Feature", "properties": { "id": 308, "snapped_id": 308, "centroid_lon": -8.6084, "centroid_lat": 41.16079, "radius": 213.148, "internal_id": 617998244134256639, "population": 1527, "component": 0, "o_score_pt": 1268.394473224746, "o_score_car": 1451.3977394091914, "CDI": 0.067285752688886105, "log_population": 3.184123354239671 }, "geometry": { "type": "Polygon", "coordinates": [ [ [ -958351.502692071720958, 5036362.973686832003295 ], [ -958086.205259775626473, 5036281.108702532015741 ], [ -958017.194787954096682, 5036005.909692810848355 ], [ -958213.468898073886521, 5035812.577854608185589 ], [ -958478.757898427196778, 5035894.432874952442944 ], [ -958547.781220397446305, 5036169.629696963354945 ], [ -958351.502692071720958, 5036362.973686832003295 ] ] ] } },
{ "type": "Feature", "properties": { "id": 309, "snapped_id": 309, "centroid_lon": -8.56966, "centroid_lat": 41.15007, "radius": 213.126, "internal_id": 617998243310075903, "population": 346, "component": 0, "o_score_pt": 711.18302165263185, "o_score_car": 1128.2796019712152, "CDI": 0.2267491467137718, "log_population": 2.5403294747908736 }, "geometry": { "type": "Polygon", "coordinates": [ [ [ -954026.126224992098287, 5034725.11268026009202 ], [ -953812.118684394052252, 5034658.971753149293363 ], [ -953755.953625954687595, 5034434.588166268542409 ], [ -953913.79501300805714, 5034279.21336683537811 ], [ -954127.795690604601987, 5034345.346222643740475 ], [ -954183.971232529613189, 5034569.728063310496509 ], [ -954026.126224992098287, 5034725.11268026009202 ] ] ] } },
{ "type": "Feature", "properties": { "id": 310, "snapped_id": 310, "centroid_lon": -8.6453, "centroid_lat": 41.16592, "radius": 213.171, "internal_id": 617998244110401535, "population": 1321, "component": 0, "o_score_pt": 1345.3162216385672, "o_score_car": 1503.2499438791394, "CDI": 0.055443234618308003, "log_population": 3.1212314551496214 }, "geometry": { "type": "Polygon", "coordinates": [ [ [ -962459.075034560170025, 5037121.606350882910192 ], [ -962193.663286752067506, 5037039.832839161157608 ], [ -962124.527379264589399, 5036764.611063846386969 ], [ -962320.790369937778451, 5036571.165006076917052 ], [ -962586.19367077818606, 5036652.928563839755952 ], [ -962655.34242770425044, 5036928.148132841102779 ], [ -962459.075034560170025, 5037121.606350882910192 ] ] ] } },
{ "type": "Feature", "properties": { "id": 311, "snapped_id": 311, "centroid_lon": -8.63285, "centroid_lat": 41.16819, "radius": 213.161, "internal_id": 617998244113809407, "population": 929, "component": 0, "o_score_pt": 1277.744250186267, "o_score_car": 1447.7204333506706, "CDI": 0.062365945958183899, "log_population": 2.9684829485539352 }, "geometry": { "type": "Polygon", "coordinates": [ [ [ -961072.373130166670308, 5037449.758724888786674 ], [ -960813.647072438732721, 5037369.99940443597734 ], [ -960746.209458897239529, 5037101.382103026844561 ], [ -960937.485166975995526, 5036912.897541419602931 ], [ -961196.202984625822864, 5036992.647150707431138 ], [ -961263.653141268412583, 5037261.262307514436543 ], [ -961072.373130166670308, 5037449.758724888786674 ] ] ] } },
{ "type": "Feature", "properties": { "id": 312, "snapped_id": 312, "centroid_lon": -8.61169, "centroid_lat": 41.18388, "radius": 213.14, "internal_id": 617998243880501247, "population": 487, "component": 0, "o_score_pt": 970.95043887552561, "o_score_car": 1407.5769173924648, "CDI": 0.1835700890159298, "log_population": 2.6884198220027105 }, "geometry": { "type": "Polygon", "coordinates": [ [ [ -958709.379669508081861, 5039740.887970458716154 ], [ -958479.777075122226961, 5039670.027208801358938 ], [ -958419.642815949278884, 5039430.264964688569307 ], [ -958589.096116331871599, 5039263.365565833635628 ], [ -958818.691360686905682, 5039334.217687903903425 ], [ -958878.836822633049451, 5039573.978039204142988 ], [ -958709.379669508081861, 5039740.887970458716154 ] ] ] } },
{ "type": "Feature", "properties": { "id": 313, "snapped_id": 313, "centroid_lon": -8.58509, "centroid_lat": 41.15023, "radius": 213.136, "internal_id": 617998244062691327, "population": 259, "component": 0, "o_score_pt": 1151.9631547398517, "o_score_car": 1262.450226991999, "CDI": 0.045761456214633602, "log_population": 2.4149733479708178 }, "geometry": { "type": "Polygon", "coordinates": [ [ [ -955741.334811164997518, 5034734.966453867033124 ], [ -955540.323096248786896, 5034672.883736017160118 ], [ -955487.357142480323091, 5034461.434286808595061 ], [ -955635.403348086285405, 5034315.66036487929523 ], [ -955836.408591021434404, 5034377.735499376431108 ], [ -955889.384424844174646, 5034589.183303959667683 ], [ -955741.334811164997518, 5034734.966453867033124 ] ] ] } },
{ "type": "Feature", "properties": { "id": 314, "snapped_id": 314, "centroid_lon": -8.57752, "centroid_lat": 41.16048, "radius": 213.126, "internal_id": 617998243317678079, "population": 1036, "component": 0, "o_score_pt": 1017.8234545308784, "o_score_car": 1301.3472564406541, "CDI": 0.12225223463218179, "log_population": 3.0157787563890408 }, "geometry": { "type": "Polygon", "coordinates": [ [ [ -954913.298455654643476, 5036315.337782054208219 ], [ -954649.824185160337947, 5036233.925952398218215 ], [ -954581.347874582512304, 5035960.460690664127469 ], [ -954776.333238784689456, 5035768.506982365623116 ], [ -955039.799141876399517, 5035849.90890350472182 ], [ -955108.288224008865654, 5036123.372007218189538 ], [ -954913.298455654643476, 5036315.337782054208219 ] ] ] } },
{ "type": "Feature", "properties": { "id": 315, "snapped_id": 315, "centroid_lon": -8.57108, "centroid_lat": 41.16757, "radius": 213.119, "internal_id": 617998243313483775, "population": 586, "component": 0, "o_score_pt": 814.08849156886833, "o_score_car": 1213.076960954312, "CDI": 0.19682087068365781, "log_population": 2.7686381012476144 }, "geometry": { "type": "Polygon", "coordinates": [ [ [ -954190.577330903266557, 5037337.323225212283432 ], [ -953952.782007311354391, 5037263.818799382075667 ], [ -953890.703055887948722, 5037015.827897118404508 ], [ -954066.409525510272942, 5036842.881389225833118 ], [ -954304.197262163390405, 5036916.376858127303421 ], [ -954366.287799756508321, 5037164.36581701785326 ], [ -954190.577330903266557, 5037337.323225212283432 ] ] ] } },
{ "type": "Feature", "properties": { "id": 316, "snapped_id": 316, "centroid_lon": -8.60983, "centroid_lat": 41.1783, "radius": 213.141, "internal_id": 617998244137664511, "population": 1021, "component": 0, "o_score_pt": 974.18903419503999, "o_score_car": 1395.89356698186, "CDI": 0.17792820072069049, "log_population": 3.0094508957986941 }, "geometry": { "type": "Polygon", "coordinates": [ [ [ -958510.547469722107053, 5038949.125808444805443 ], [ -958247.583849560585804, 5038867.968160130083561 ], [ -958179.149828019784763, 5038595.089077945798635 ], [ -958373.666522411745973, 5038403.503974424675107 ], [ -958636.621779083972797, 5038484.651744131930172 ], [ -958705.068545756861567, 5038757.528656710870564 ], [ -958510.547469722107053, 5038949.125808444805443 ] ] ] } },
{ "type": "Feature", "properties": { "id": 317, "snapped_id": 317, "centroid_lon": -8.63929, "centroid_lat": 41.1611, "radius": 213.169, "internal_id": 617998244118003711, "population": 761, "component": 0, "o_score_pt": 1413.6367261906189, "o_score_car": 1544.3411682095541, "CDI": 0.044187092224852398, "log_population": 2.8819549713396007 }, "geometry": { "type": "Polygon", "coordinates": [ [ [ -961786.105019994196482, 5036391.644411435350776 ], [ -961536.386668072314933, 5036314.690495390444994 ], [ -961471.177767334971577, 5036055.02780785318464 ], [ -961655.67526074917987, 5035873.193077269010246 ], [ -961905.38564574974589, 5035950.137619478628039 ], [ -961970.606670777546242, 5036209.798235094174743 ], [ -961786.105019994196482, 5036391.644411435350776 ] ] ] } },
{ "type": "Feature", "properties": { "id": 318, "snapped_id": 318, "centroid_lon": -8.58838, "centroid_lat": 41.17331, "radius": 213.128, "internal_id": 617998243808935935, "population": 1197, "component": 0, "o_score_pt": 920.33344459021464, "o_score_car": 1310.9817752188412, "CDI": 0.17507536683322411, "log_population": 3.0784568180532927 }, "geometry": { "type": "Polygon", "coordinates": [ [ [ -956123.162366171600297, 5038214.293292437680066 ], [ -955857.871939463308081, 5038132.345900890417397 ], [ -955788.915203740471043, 5037857.104625780135393 ], [ -955985.236038663540967, 5037663.812920360825956 ], [ -956250.518038081820123, 5037745.750338839367032 ], [ -956319.48762966087088, 5038020.989435314200819 ], [ -956123.162366171600297, 5038214.293292437680066 ] ] ] } },
{ "type": "Feature", "properties": { "id": 319, "snapped_id": 319, "centroid_lon": -8.61597, "centroid_lat": 41.15053, "radius": 213.157, "internal_id": 617998244046438399, "population": 539, "component": 0, "o_score_pt": 1363.9328059902111, "o_score_car": 1447.4291373486342, "CDI": 0.02969960220037, "log_population": 2.7323937598229686 }, "geometry": { "type": "Polygon", "coordinates": [ [ [ -959186.998329041292891, 5034814.030801684595644 ], [ -958952.922927637933753, 5034741.833510450087488 ], [ -958891.665945981396362, 5034497.639115404337645 ], [ -959064.476566746016033, 5034327.384530010633171 ], [ -959298.544484405429102, 5034399.573020245879889 ], [ -959359.812869655899704, 5034643.765484320931137 ], [ -959186.998329041292891, 5034814.030801684595644 ] ] ] } },
{ "type": "Feature", "properties": { "id": 320, "snapped_id": 320, "centroid_lon": -8.68262, "centroid_lat": 41.15912, "radius": 213.2, "internal_id": 617998242865479679, "population": 873, "component": 0, "o_score_pt": 1092.8201594964962, "o_score_car": 1353.4964265303649, "CDI": 0.10655868031260871, "log_population": 2.9415114326344032 }, "geometry": { "type": "Polygon", "coordinates": [ [ [ -966612.011128927697428, 5036105.800217431969941 ], [ -966355.997302274336107, 5036027.057742482982576 ], [ -966289.110308871255256, 5035761.252447493374348 ], [ -966478.224391111521982, 5035574.716773360036314 ], [ -966734.230047155171633, 5035653.449658006429672 ], [ -966801.129447521991096, 5035919.2528086733073 ], [ -966612.011128927697428, 5036105.800217431969941 ] ] ] } },
{ "type": "Feature", "properties": { "id": 321, "snapped_id": 321, "centroid_lon": -8.61369, "centroid_lat": 41.15687, "radius": 213.153, "internal_id": 617998244054040575, "population": 696, "component": 0, "o_score_pt": 1428.4902334450569, "o_score_car": 1506.7741772791412, "CDI": 0.026670150582710099, "log_population": 2.8432327780980096 }, "geometry": { "type": "Polygon", "coordinates": [ [ [ -958935.42350415524561, 5035762.849047378636897 ], [ -958689.80842302471865, 5035687.078875322826207 ], [ -958625.683911191648804, 5035431.426907110027969 ], [ -958807.164024118683301, 5035252.645569627173245 ], [ -959052.771270601544529, 5035328.406510902568698 ], [ -959116.907720930874348, 5035584.056452878750861 ], [ -958935.42350415524561, 5035762.849047378636897 ] ] ] } },
{ "type": "Feature", "properties": { "id": 322, "snapped_id": 322, "centroid_lon": -8.59939, "centroid_lat": 41.15355, "radius": 213.145, "internal_id": 617998244061642751, "population": 1304, "component": 0, "o_score_pt": 1221.6011041484385, "o_score_car": 1413.4232833162714, "CDI": 0.072797117203303993, "log_population": 3.1156105116742996 }, "geometry": { "type": "Polygon", "coordinates": [ [ [ -957348.664707427378744, 5035291.799212934449315 ], [ -957083.416768541093916, 5035209.924760455265641 ], [ -957014.442527360399254, 5034934.752734574489295 ], [ -957210.703376630786806, 5034741.457343447953463 ], [ -957475.942888611112721, 5034823.321830987930298 ], [ -957544.929978018742986, 5035098.491674100980163 ], [ -957348.664707427378744, 5035291.799212934449315 ] ] ] } },
{ "type": "Feature", "properties": { "id": 323, "snapped_id": 323, "centroid_lon": -8.63357, "centroid_lat": 41.17694, "radius": 213.158, "internal_id": 617998240476561407, "population": 720, "component": 0, "o_score_pt": 1035.1080691528221, "o_score_car": 1413.6050103183732, "CDI": 0.15456973883085079, "log_population": 2.8579352647194289 }, "geometry": { "type": "Polygon", "coordinates": [ [ [ -961149.664179818471894, 5038732.455950709991157 ], [ -960902.403415730688721, 5038656.225109870545566 ], [ -960837.820440326933749, 5038398.988403511233628 ], [ -961020.48458196548745, 5038218.997083900496364 ], [ -961267.737453754758462, 5038295.218638313002884 ], [ -961332.332443555351347, 5038552.453295352868736 ], [ -961149.664179818471894, 5038732.455950709991157 ] ] ] } },
{ "type": "Feature", "properties": { "id": 324, "snapped_id": 324, "centroid_lon": -8.63057, "centroid_lat": 41.17453, "radius": 213.157, "internal_id": 617998244140810239, "population": 288, "component": 0, "o_score_pt": 1038.4440951974154, "o_score_car": 1381.5549219065613, "CDI": 0.1417813909361616, "log_population": 2.4608978427565478 }, "geometry": { "type": "Polygon", "coordinates": [ [ [ -960804.848741551511921, 5038333.23384159244597 ], [ -960598.897346224053763, 5038269.732323271222413 ], [ -960544.613266061176546, 5038053.485778134316206 ], [ -960696.266363997943699, 5037904.057772384956479 ], [ -960902.211125343339518, 5037967.551536158658564 ], [ -960956.505310017382726, 5038183.796378712169826 ], [ -960804.848741551511921, 5038333.23384159244597 ] ] ] } },
{ "type": "Feature", "properties": { "id": 325, "snapped_id": 325, "centroid_lon": -8.63628, "centroid_lat": 41.15868, "radius": 213.168, "internal_id": 617998244116955135, "population": 659, "component": 0, "o_score_pt": 1426.3923056253514, "o_score_car": 1556.0324325991121, "CDI": 0.043468029657955203, "log_population": 2.8195439355418688 }, "geometry": { "type": "Polygon", "coordinates": [ [ [ -961449.997546708909795, 5036028.039632568135858 ], [ -961206.785302326199599, 5035953.083087580278516 ], [ -961143.205046150600538, 5035699.869668654166162 ], [ -961322.825905088917352, 5035522.848342618905008 ], [ -961566.030381648801267, 5035597.795754187740386 ], [ -961629.622461516177282, 5035851.007157026790082 ], [ -961449.997546708909795, 5036028.039632568135858 ] ] ] } },
{ "type": "Feature", "properties": { "id": 326, "snapped_id": 326, "centroid_lon": -8.5971, "centroid_lat": 41.15989, "radius": 213.14, "internal_id": 617998244069244927, "population": 1249, "component": 0, "o_score_pt": 1141.0560849516271, "o_score_car": 1381.9927794182877, "CDI": 0.095494264050581396, "log_population": 3.0969100130080562 }, "geometry": { "type": "Polygon", "coordinates": [ [ [ -957094.078423035913147, 5036228.791151567362249 ], [ -956828.813629453885369, 5036146.89676586445421 ], [ -956759.840936588821933, 5035871.702383422292769 ], [ -956956.120186505955644, 5035678.404568246565759 ], [ -957221.376552592497319, 5035760.288986780680716 ], [ -957290.362096047843806, 5036035.481187163852155 ], [ -957094.078423035913147, 5036228.791151567362249 ] ] ] } },
{ "type": "Feature", "properties": { "id": 327, "snapped_id": 327, "centroid_lon": -8.58209, "centroid_lat": 41.14781, "radius": 213.135, "internal_id": 617998243348086783, "population": 173, "component": 0, "o_score_pt": 951.86499550062797, "o_score_car": 1293.8992739564303, "CDI": 0.1523019504351156, "log_population": 2.2405492482825995 }, "geometry": { "type": "Polygon", "coordinates": [ [ [ -955402.705452926456928, 5034359.403487490490079 ], [ -955219.834989385562949, 5034302.91803727298975 ], [ -955171.384532484342344, 5034109.467701653018594 ], [ -955305.810447012074292, 5033977.110350569710135 ], [ -955488.674990106374025, 5034033.588890872895718 ], [ -955537.134488378185779, 5034227.037732901982963 ], [ -955402.705452926456928, 5034359.403487490490079 ] ] ] } },
{ "type": "Feature", "properties": { "id": 328, "snapped_id": 328, "centroid_lon": -8.61297, "centroid_lat": 41.14812, "radius": 213.156, "internal_id": 617998244045389823, "population": 465, "component": 0, "o_score_pt": 1485.3234585842051, "o_score_car": 1491.9657667681131, "CDI": 0.0022309919128270001, "log_population": 2.6683859166900001 }, "geometry": { "type": "Polygon", "coordinates": [ [ [ -958851.036617239937186, 5034450.257163672707975 ], [ -958623.630455841426738, 5034380.109836868010461 ], [ -958564.040500578121282, 5034142.527058470062912 ], [ -958731.850769447861239, 5033977.205534409731627 ], [ -958959.249650841346011, 5034047.344306921586394 ], [ -959018.8507015472278, 5034284.925211153924465 ], [ -958851.036617239937186, 5034450.257163672707975 ] ] ] } },
{ "type": "Feature", "properties": { "id": 329, "snapped_id": 329, "centroid_lon": -8.66074, "centroid_lat": 41.16607, "radius": 213.181, "internal_id": 617998244124557311, "population": 599, "component": 0, "o_score_pt": 1532.0233654078536, "o_score_car": 1566.4050043643076, "CDI": 0.0110964769403341, "log_population": 2.7781512503836434 }, "geometry": { "type": "Polygon", "coordinates": [ [ [ -964172.184136693133041, 5037116.400891322642565 ], [ -963933.194380058092065, 5037042.817635673098266 ], [ -963870.608972023823299, 5036793.852841532789171 ], [ -964047.000284492853098, 5036619.943966870196164 ], [ -964285.982394646620378, 5036693.518253880552948 ], [ -964348.579428088502027, 5036942.481056629680097 ], [ -964172.184136693133041, 5037116.400891322642565 ] ] ] } },
{ "type": "Feature", "properties": { "id": 330, "snapped_id": 330, "centroid_lon": -8.57937, "centroid_lat": 41.16607, "radius": 213.125, "internal_id": 617998243815489535, "population": 1209, "component": 0, "o_score_pt": 936.63306373754358, "o_score_car": 1318.7388189408939, "CDI": 0.16942028857323921, "log_population": 3.0827853703164503 }, "geometry": { "type": "Polygon", "coordinates": [ [ [ -955120.506636576144956, 5037142.744847795926034 ], [ -954855.265733812819235, 5037060.788011593744159 ], [ -954786.345228177146055, 5036785.573743961751461 ], [ -954982.652771162684076, 5036592.318485735915601 ], [ -955247.885251676547341, 5036674.265347890555859 ], [ -955316.818611244205385, 5036949.477441825903952 ], [ -955120.506636576144956, 5037142.744847795926034 ] ] ] } },
{ "type": "Feature", "properties": { "id": 331, "snapped_id": 331, "centroid_lon": -8.59853, "centroid_lat": 41.17739, "radius": 213.133, "internal_id": 617998243820994559, "population": 18, "component": 0, "o_score_pt": 962.93804220063998, "o_score_car": 1309.7773749664302, "CDI": 0.15261010249938109, "log_population": 1.2787536009528289 }, "geometry": { "type": "Polygon", "coordinates": [ [ [ -957208.040500816190615, 5038631.189028119668365 ], [ -957125.060601947363466, 5038605.566843757405877 ], [ -957101.434195205452852, 5038511.307063804939389 ], [ -957160.775195759604685, 5038452.872222573496401 ], [ -957243.75220493983943, 5038478.491210605017841 ], [ -957267.383033904014155, 5038572.750320761464536 ], [ -957208.040500816190615, 5038631.189028119668365 ] ] ] } },
{ "type": "Feature", "properties": { "id": 332, "snapped_id": 332, "centroid_lon": -8.56322, "centroid_lat": 41.15716, "radius": 213.118, "internal_id": 617998243305881599, "population": 42, "component": 0, "o_score_pt": 668.94529401446823, "o_score_car": 1173.5816741715321, "CDI": 0.27388276474123308, "log_population": 1.6334684555795866 }, "geometry": { "type": "Polygon", "coordinates": [ [ [ -953286.429952982463874, 5035676.931994901970029 ], [ -953166.656401840387844, 5035639.901204755529761 ], [ -953133.911810584482737, 5035509.045080232433975 ], [ -953220.955564302508719, 5035423.375453327782452 ], [ -953340.725111947045662, 5035460.401674317196012 ], [ -953373.475830049952492, 5035591.256830810569227 ], [ -953286.429952982463874, 5035676.931994901970029 ] ] ] } },
{ "type": "Feature", "properties": { "id": 333, "snapped_id": 333, "centroid_lon": -8.60196, "centroid_lat": 41.16789, "radius": 213.14, "internal_id": 617998244130062335, "population": 1093, "component": 0, "o_score_pt": 1153.3171801246699, "o_score_car": 1339.9682007507411, "CDI": 0.074861474766493102, "log_population": 3.0390173219974121 }, "geometry": { "type": "Polygon", "coordinates": [ [ [ -957635.346339343930595, 5037411.54306004755199 ], [ -957370.040112677961588, 5037329.645017621107399 ], [ -957301.044037463143468, 5037054.42146375682205 ], [ -957497.341335653094575, 5036861.098136824555695 ], [ -957762.639131167554297, 5036942.986211624927819 ], [ -957831.648059436003678, 5037218.207580490969121 ], [ -957635.346339343930595, 5037411.54306004755199 ] ] ] } },
{ "type": "Feature", "properties": { "id": 334, "snapped_id": 334, "centroid_lon": -8.62799, "centroid_lat": 41.16019, "radius": 213.161, "internal_id": 617998244052991999, "population": 700, "component": 0, "o_score_pt": 1593.1255498727, "o_score_car": 1527.4361513630099, "CDI": -0.021050504620266801, "log_population": 2.8457180179666586 }, "geometry": { "type": "Polygon", "coordinates": [ [ [ -960527.4386718547903, 5036254.048264472745359 ], [ -960281.519324820954353, 5036178.22846907377243 ], [ -960217.284478916903026, 5035922.308836341835558 ], [ -960398.957662689732388, 5035743.293873647227883 ], [ -960644.869161594077013, 5035819.104431970976293 ], [ -960709.115958057926036, 5036075.022029566578567 ], [ -960527.4386718547903, 5036254.048264472745359 ] ] ] } },
{ "type": "Feature", "properties": { "id": 335, "snapped_id": 335, "centroid_lon": -8.61826, "centroid_lat": 41.14419, "radius": 213.162, "internal_id": 617998244050894847, "population": 935, "component": 0, "o_score_pt": 1328.2548201663769, "o_score_car": 1379.3234901922699, "CDI": 0.018861382450329998, "log_population": 2.971275848738105 }, "geometry": { "type": "Polygon", "coordinates": [ [ [ -959447.588546397746541, 5033902.359770786948502 ], [ -959188.693962337682024, 5033822.521711261942983 ], [ -959121.252462878008373, 5033553.701231553219259 ], [ -959312.693989582709037, 5033365.076006663031876 ], [ -959571.580335415317677, 5033444.904345586895943 ], [ -959639.034384210244752, 5033713.722686850465834 ], [ -959447.588546397746541, 5033902.359770786948502 ] ] ] } },
{ "type": "Feature", "properties": { "id": 336, "snapped_id": 336, "centroid_lon": -8.6623, "centroid_lat": 41.15098, "radius": 213.189, "internal_id": 617998244153917439, "population": 788, "component": 0, "o_score_pt": 1157.5846758597013, "o_score_car": 1434.883059247308, "CDI": 0.1069630991477549, "log_population": 2.8970770032094202 }, "geometry": { "type": "Polygon", "coordinates": [ [ [ -964348.833798184758052, 5034897.327596078626812 ], [ -964097.521146262297407, 5034819.97020348906517 ], [ -964031.858358330093324, 5034558.78034589253366 ], [ -964217.496701639378443, 5034375.732313198037446 ], [ -964468.80133285804186, 5034453.080282623879611 ], [ -964534.476312851998955, 5034714.268044974654913 ], [ -964348.833798184758052, 5034897.327596078626812 ] ] ] } },
{ "type": "Feature", "properties": { "id": 337, "snapped_id": 337, "centroid_lon": -8.651, "centroid_lat": 41.15008, "radius": 213.182, "internal_id": 617998244156014591, "population": 1087, "component": 0, "o_score_pt": 1198.904137552269, "o_score_car": 1456.9341972956488, "CDI": 0.097155785560326793, "log_population": 3.0366288953621612 }, "geometry": { "type": "Polygon", "coordinates": [ [ [ -963094.568553039804101, 5034778.341566346585751 ], [ -962829.199037089128979, 5034696.617813282646239 ], [ -962760.059328855713829, 5034421.451953702606261 ], [ -962956.276292835711502, 5034228.012054770253599 ], [ -963221.637363308342174, 5034309.725859442725778 ], [ -963290.789915069355629, 5034584.889510951004922 ], [ -963094.568553039804101, 5034778.341566346585751 ] ] ] } },
{ "type": "Feature", "properties": { "id": 338, "snapped_id": 338, "centroid_lon": -8.61969, "centroid_lat": 41.1617, "radius": 213.155, "internal_id": 617998244132159487, "population": 1153, "component": 0, "o_score_pt": 1333.0478253983404, "o_score_car": 1476.3970698363662, "CDI": 0.051024045597466698, "log_population": 3.0622058088197126 }, "geometry": { "type": "Polygon", "coordinates": [ [ [ -959609.052327157231048, 5036497.004554755054414 ], [ -959343.722271578735672, 5036415.168986263684928 ], [ -959274.674018977792002, 5036139.96536507550627 ], [ -959470.942972041200846, 5035946.599505248479545 ], [ -959736.264591226004995, 5036028.425113001838326 ], [ -959805.32569353049621, 5036303.626540833152831 ], [ -959609.052327157231048, 5036497.004554755054414 ] ] ] } },
{ "type": "Feature", "properties": { "id": 339, "snapped_id": 339, "centroid_lon": -8.59639, "centroid_lat": 41.15113, "radius": 213.144, "internal_id": 617998244060594175, "population": 870, "component": 0, "o_score_pt": 1310.2341996033435, "o_score_car": 1316.268512352985, "CDI": 0.0022974705954698, "log_population": 2.9400181550076634 }, "geometry": { "type": "Polygon", "coordinates": [ [ [ -957012.049431499908678, 5034924.938936406746507 ], [ -956756.435025085462257, 5034846.03013561386615 ], [ -956689.865060448064469, 5034580.412132995203137 ], [ -956878.898434074129909, 5034394.242516065016389 ], [ -957134.504707395331934, 5034473.141708795912564 ], [ -957201.08707497746218, 5034738.757610026746988 ], [ -957012.049431499908678, 5034924.938936406746507 ] ] ] } },
{ "type": "Feature", "properties": { "id": 340, "snapped_id": 340, "centroid_lon": -8.62756, "centroid_lat": 41.17211, "radius": 213.156, "internal_id": 617998244139761663, "population": 483, "component": 0, "o_score_pt": 1065.5910859832566, "o_score_car": 1444.8325320079346, "CDI": 0.1510667137238543, "log_population": 2.6848453616444123 }, "geometry": { "type": "Polygon", "coordinates": [ [ [ -960476.152216549264267, 5037999.917041093111038 ], [ -960246.923847656697035, 5037929.231336835771799 ], [ -960186.847434650058858, 5037689.876342128962278 ], [ -960355.986457459395751, 5037523.225701157934964 ], [ -960585.207484932267107, 5037593.902786361053586 ], [ -960645.295078847091645, 5037833.25588518101722 ], [ -960476.152216549264267, 5037999.917041093111038 ] ] ] } },
{ "type": "Feature", "properties": { "id": 341, "snapped_id": 341, "centroid_lon": -8.65058, "centroid_lat": 41.162, "radius": 213.176, "internal_id": 617998244115906559, "population": 569, "component": 0, "o_score_pt": 1440.3484217403304, "o_score_car": 1553.9676743397006, "CDI": 0.037944976065857998, "log_population": 2.7558748556724915 }, "geometry": { "type": "Polygon", "coordinates": [ [ [ -963040.687694720225409, 5036511.865873388014734 ], [ -962804.052412569173612, 5036438.978883245959878 ], [ -962742.077886753017083, 5036192.326267217285931 ], [ -962916.726800102624111, 5036020.163141495548189 ], [ -963153.354510556324385, 5036093.041246985085309 ], [ -963215.340554087655619, 5036339.691895818337798 ], [ -963040.687694720225409, 5036511.865873388014734 ] ] ] } },
{ "type": "Feature", "properties": { "id": 342, "snapped_id": 342, "centroid_lon": -8.66717, "centroid_lat": 41.15898, "radius": 213.189, "internal_id": 617998242855780351, "population": 367, "component": 0, "o_score_pt": 1288.0099185878321, "o_score_car": 1470.5981572375199, "CDI": 0.066188539158488199, "log_population": 2.5658478186735176 }, "geometry": { "type": "Polygon", "coordinates": [ [ [ -964882.45948887639679, 5036044.634828229434788 ], [ -964665.563341444125399, 5035977.878801093436778 ], [ -964608.475732277263887, 5035750.851656236685812 ], [ -964768.272999609354883, 5035593.277759066782892 ], [ -964985.162172917975113, 5035660.025639056228101 ], [ -965042.260384280350991, 5035887.050976023077965 ], [ -964882.45948887639679, 5036044.634828229434788 ] ] ] } },
{ "type": "Feature", "properties": { "id": 343, "snapped_id": 343, "centroid_lon": -8.57909, "centroid_lat": 41.1454, "radius": 213.134, "internal_id": 617998243347038207, "population": 100, "component": 0, "o_score_pt": 1016.409312018633, "o_score_car": 1287.7012282382489, "CDI": 0.11774257852636261, "log_population": 2.0043213737826426 }, "geometry": { "type": "Polygon", "coordinates": [ [ [ -955062.508721631602384, 5033977.2929702764377 ], [ -954904.200638902257197, 5033928.389488397166133 ], [ -954861.860442191595212, 5033759.311787606216967 ], [ -954977.842049047583714, 5033645.119518713094294 ], [ -955136.144957557786256, 5033694.01700287964195 ], [ -955178.493060069391504, 5033863.093413912691176 ], [ -955062.508721631602384, 5033977.2929702764377 ] ] ] } },
{ "type": "Feature", "properties": { "id": 344, "snapped_id": 344, "centroid_lon": -8.62727, "centroid_lat": 41.15144, "radius": 213.165, "internal_id": 617998244044341247, "population": 1034, "component": 0, "o_score_pt": 1383.5516183859108, "o_score_car": 1513.8739096208983, "CDI": 0.044978650866184203, "log_population": 3.0149403497929366 }, "geometry": { "type": "Polygon", "coordinates": [ [ [ -960451.761933626723476, 5034977.855029773898423 ], [ -960188.278681263444014, 5034896.626491036266088 ], [ -960119.670982359792106, 5034623.274253108538687 ], [ -960314.533945659874007, 5034431.254676898010075 ], [ -960578.008816789486445, 5034512.473327562212944 ], [ -960646.62927674187813, 5034785.823384338989854 ], [ -960451.761933626723476, 5034977.855029773898423 ] ] ] } },
{ "type": "Feature", "properties": { "id": 345, "snapped_id": 345, "centroid_lon": -8.65774, "centroid_lat": 41.16366, "radius": 213.18, "internal_id": 617998244123508735, "population": 662, "component": 0, "o_score_pt": 1409.2534960889068, "o_score_car": 1520.3884444686958, "CDI": 0.037934652300422901, "log_population": 2.8215135284047732 }, "geometry": { "type": "Polygon", "coordinates": [ [ [ -963838.67125123727601, 5036764.048313997685909 ], [ -963595.186053940444253, 5036689.073359864763916 ], [ -963531.486476359656081, 5036435.640368822030723 ], [ -963711.259546759887598, 5036258.404499319382012 ], [ -963954.736961661023088, 5036333.370317351073027 ], [ -964018.448372550774366, 5036586.801280570216477 ], [ -963838.67125123727601, 5036764.048313997685909 ] ] ] } },
{ "type": "Feature", "properties": { "id": 346, "snapped_id": 346, "centroid_lon": -8.66489, "centroid_lat": 41.16532, "radius": 213.185, "internal_id": 617998242863382527, "population": 272, "component": 0, "o_score_pt": 1417.8145668959664, "o_score_car": 1392.5873583539772, "CDI": -0.0089763703601739003, "log_population": 2.436162647040756 }, "geometry": { "type": "Polygon", "coordinates": [ [ [ -964625.024381250143051, 5036968.324184990487993 ], [ -964421.6042705232976, 5036905.704538411460817 ], [ -964367.883655220619403, 5036692.045292665250599 ], [ -964517.569824981037527, 5036544.45377279073 ], [ -964720.983372204238549, 5036607.065770220942795 ], [ -964774.713968219002709, 5036820.723322269506752 ], [ -964625.024381250143051, 5036968.324184990487993 ] ] ] } },
{ "type": "Feature", "properties": { "id": 347, "snapped_id": 347, "centroid_lon": -8.64301, "centroid_lat": 41.17226, "radius": 213.166, "internal_id": 617998244122460159, "population": 290, "component": 0, "o_score_pt": 1502.6745597561865, "o_score_car": 1375.4307759701246, "CDI": -0.044210954410377999, "log_population": 2.4638929889859074 }, "geometry": { "type": "Polygon", "coordinates": [ [ [ -962190.065195730538107, 5037998.654400431551039 ], [ -961983.783795208553784, 5037935.087553692050278 ], [ -961929.392779155750759, 5037718.541059992276132 ], [ -962081.268848094157875, 5037568.856989386491477 ], [ -962287.543602077174, 5037632.416073459200561 ], [ -962341.944735575816594, 5037848.960857288911939 ], [ -962190.065195730538107, 5037998.654400431551039 ] ] ] } },
{ "type": "Feature", "properties": { "id": 348, "snapped_id": 348, "centroid_lon": -8.59067, "centroid_lat": 41.16698, "radius": 213.133, "internal_id": 617998243813392383, "population": 953, "component": 0, "o_score_pt": 1006.8766068682104, "o_score_car": 1349.1870165743601, "CDI": 0.1452891196571261, "log_population": 2.9795483747040952 }, "geometry": { "type": "Polygon", "coordinates": [ [ [ -956376.493552488391288, 5037271.598048960790038 ], [ -956116.728453694027849, 5037191.371846835128963 ], [ -956049.140107218292542, 5036921.620497664436698 ], [ -956241.304470820119604, 5036732.405752939172089 ], [ -956501.061310247285292, 5036812.622188911773264 ], [ -956568.662255455972627, 5037082.371404378674924 ], [ -956376.493552488391288, 5037271.598048960790038 ] ] ] } },
{ "type": "Feature", "properties": { "id": 349, "snapped_id": 349, "centroid_lon": -8.62498, "centroid_lat": 41.15778, "radius": 213.16, "internal_id": 617998244051943423, "population": 560, "component": 0, "o_score_pt": 1460.8977991916649, "o_score_car": 1501.8043788465145, "CDI": 0.0138071858717627, "log_population": 2.7489628612561612 }, "geometry": { "type": "Polygon", "coordinates": [ [ [ -960190.513001662911847, 5035886.775405463762581 ], [ -959954.670021184021607, 5035814.054933426901698 ], [ -959892.95210084982682, 5035568.128057423047721 ], [ -960067.067248408333398, 5035396.567469731904566 ], [ -960302.902688339236192, 5035469.279077703133225 ], [ -960364.632093564840034, 5035715.204004038125277 ], [ -960190.513001662911847, 5035886.775405463762581 ] ] ] } },
{ "type": "Feature", "properties": { "id": 350, "snapped_id": 350, "centroid_lon": -8.648, "centroid_lat": 41.14766, "radius": 213.181, "internal_id": 617998244154966015, "population": 277, "component": 0, "o_score_pt": 1147.5856974416929, "o_score_car": 1424.5998525625339, "CDI": 0.1076960233760685, "log_population": 2.4440447959180762 }, "geometry": { "type": "Polygon", "coordinates": [ [ [ -962744.797916378127411, 5034359.020435355603695 ], [ -962540.645185800152831, 5034296.14277964271605 ], [ -962486.774771385476924, 5034081.715979016385972 ], [ -962637.05260090646334, 5033933.571024476550519 ], [ -962841.198750810697675, 5033996.441000042483211 ], [ -962895.079180087312125, 5034210.866107240319252 ], [ -962744.797916378127411, 5034359.020435355603695 ] ] ] } },
{ "type": "Feature", "properties": { "id": 351, "snapped_id": 351, "centroid_lon": -8.62426, "centroid_lat": 41.14902, "radius": 213.164, "internal_id": 617998244043292671, "population": 708, "component": 0, "o_score_pt": 1420.3002851939482, "o_score_car": 1469.3728944290526, "CDI": 0.016982062048105599, "log_population": 2.8506462351830666 }, "geometry": { "type": "Polygon", "coordinates": [ [ [ -960113.130178842227906, 5034603.466110546141863 ], [ -959866.745542079675943, 5034527.501195546239614 ], [ -959802.404078024672344, 5034271.110357484780252 ], [ -959984.437440225970931, 5034091.740417183376849 ], [ -960230.814216930652037, 5034167.696077573113143 ], [ -960295.167651844443753, 5034424.08487858530134 ], [ -960113.130178842227906, 5034603.466110546141863 ] ] ] } },
{ "type": "Feature", "properties": { "id": 352, "snapped_id": 352, "centroid_lon": -8.60154, "centroid_lat": 41.17981, "radius": 213.134, "internal_id": 617998243822043135, "population": 4, "component": 0, "o_score_pt": 866.04474224915577, "o_score_car": 1319.3344738639712, "CDI": 0.207419256242872, "log_population": 0.69897000433601886 }, "geometry": { "type": "Polygon", "coordinates": [ [ [ -957527.387371503165923, 5038926.847006449475884 ], [ -957504.687115957960486, 5038919.838423420675099 ], [ -957496.058056364418007, 5038885.416878834366798 ], [ -957510.111846189014614, 5038871.577137453481555 ], [ -957532.811044272617437, 5038878.58476378582418 ], [ -957541.441737723653205, 5038913.006139091216028 ], [ -957527.387371503165923, 5038926.847006449475884 ] ] ] } },
{ "type": "Feature", "properties": { "id": 353, "snapped_id": 353, "centroid_lon": -8.63658, "centroid_lat": 41.17936, "radius": 213.159, "internal_id": 617998240477609983, "population": 309, "component": 0, "o_score_pt": 1091.6173271789492, "o_score_car": 1380.6942818266712, "CDI": 0.1169257765059763, "log_population": 2.4913616938342726 }, "geometry": { "type": "Polygon", "coordinates": [ [ [ -961474.720315887476318, 5039050.646435274742544 ], [ -961265.573306994629093, 5038986.17263338342309 ], [ -961210.480997263919562, 5038766.768871704116464 ], [ -961364.519218152971007, 5038614.978471887297928 ], [ -961573.659494046238251, 5038679.44440218154341 ], [ -961628.762055744533427, 5038898.84643223322928 ], [ -961474.720315887476318, 5039050.646435274742544 ] ] ] } },
{ "type": "Feature", "properties": { "id": 354, "snapped_id": 354, "centroid_lon": -8.6875, "centroid_lat": 41.16712, "radius": 213.199, "internal_id": 617998242926297087, "population": 129, "component": 0, "o_score_pt": 1121.6803609999749, "o_score_car": 1426.9694038048324, "CDI": 0.1197846196918463, "log_population": 2.1139433523068369 }, "geometry": { "type": "Polygon", "coordinates": [ [ [ -967133.11000029114075, 5037200.512900928966701 ], [ -966963.167012200923637, 5037148.249230687506497 ], [ -966917.762851844541728, 5036967.857530625537038 ], [ -967042.283910582191311, 5036845.029232731088996 ], [ -967212.221351423999295, 5036897.286500064656138 ], [ -967257.633942269487306, 5037077.676781413145363 ], [ -967133.11000029114075, 5037200.512900928966701 ] ] ] } },
{ "type": "Feature", "properties": { "id": 355, "snapped_id": 355, "centroid_lon": -8.58738, "centroid_lat": 41.14389, "radius": 213.141, "internal_id": 617998244067147775, "population": 398, "component": 0, "o_score_pt": 1056.2547310999771, "o_score_car": 1214.0921506437533, "CDI": 0.069521279242821907, "log_population": 2.6009728956867484 }, "geometry": { "type": "Polygon", "coordinates": [ [ [ -956000.7893681533169, 5033817.876149773597717 ], [ -955780.460680182673968, 5033749.839602998457849 ], [ -955722.687201566179283, 5033519.22160339076072 ], [ -955885.240658383350819, 5033359.150095299817622 ], [ -956105.562287946580909, 5033427.178342258557677 ], [ -956163.346538496320136, 5033657.794536720961332 ], [ -956000.7893681533169, 5033817.876149773597717 ] ] ] } },
{ "type": "Feature", "properties": { "id": 356, "snapped_id": 356, "centroid_lon": -8.57408, "centroid_lat": 41.16999, "radius": 213.12, "internal_id": 617998243314532351, "population": 20, "component": 0, "o_score_pt": 887.38572922467745, "o_score_car": 1037.9039281842963, "CDI": 0.078179508408196596, "log_population": 1.3222192947339193 }, "geometry": { "type": "Polygon", "coordinates": [ [ [ -954487.353244392899796, 5037541.073122702538967 ], [ -954399.890651876339689, 5037514.040458385832608 ], [ -954375.165522193652578, 5037415.283418845385313 ], [ -954437.905572884366848, 5037353.526389635168016 ], [ -954525.365141131100245, 5037380.555687730200589 ], [ -954550.094902633223683, 5037479.312023870646954 ], [ -954487.353244392899796, 5037541.073122702538967 ] ] ] } },
{ "type": "Feature", "properties": { "id": 357, "snapped_id": 357, "centroid_lon": -8.61284, "centroid_lat": 41.18071, "radius": 213.142, "internal_id": 617998244138713087, "population": 1045, "component": 0, "o_score_pt": 948.40991341019276, "o_score_car": 1396.9465925247771, "CDI": 0.19124456259828879, "log_population": 3.0195316845312554 }, "geometry": { "type": "Polygon", "coordinates": [ [ [ -958845.232657628366724, 5039307.361566757783294 ], [ -958581.204317700583488, 5039225.883536918088794 ], [ -958512.497342818067409, 5038951.955068787559867 ], [ -958707.805795848602429, 5038759.582375437952578 ], [ -958971.82573873817455, 5038841.050488067790866 ], [ -959040.545507873292081, 5039114.976776229217649 ], [ -958845.232657628366724, 5039307.361566757783294 ] ] ] } },
{ "type": "Feature", "properties": { "id": 358, "snapped_id": 358, "centroid_lon": -8.64758, "centroid_lat": 41.15959, "radius": 213.175, "internal_id": 617998244114857983, "population": 793, "component": 0, "o_score_pt": 1339.3229863051699, "o_score_car": 1456.5015045089642, "CDI": 0.0419119721530418, "log_population": 2.8998205024270964 }, "geometry": { "type": "Polygon", "coordinates": [ [ [ -962709.860730426153168, 5036170.181538634002209 ], [ -962458.269151817890815, 5036092.67996618617326 ], [ -962392.572942710132338, 5035831.178227084688842 ], [ -962578.456232730532065, 5035647.948031961917877 ], [ -962830.039785263012163, 5035725.44016441795975 ], [ -962895.748203480849043, 5035986.939812247641385 ], [ -962709.860730426153168, 5036170.181538634002209 ] ] ] } },
{ "type": "Feature", "properties": { "id": 359, "snapped_id": 359, "centroid_lon": -8.66417, "centroid_lat": 41.15656, "radius": 213.188, "internal_id": 617998242854731775, "population": 690, "component": 0, "o_score_pt": 1292.1244867234084, "o_score_car": 1452.1682089842795, "CDI": 0.0583187509521828, "log_population": 2.8394780473741985 }, "geometry": { "type": "Polygon", "coordinates": [ [ [ -964554.918622549856082, 5035716.773176754824817 ], [ -964309.573472244781442, 5035641.253510168753564 ], [ -964245.394695127848536, 5035385.989788129925728 ], [ -964426.549290064023808, 5035207.362950460985303 ], [ -964671.886600347468629, 5035282.873415114358068 ], [ -964736.077294396585785, 5035538.135091099888086 ], [ -964554.918622549856082, 5035716.773176754824817 ] ] ] } }
]
}
